Year	Municipality	Crop	Variety	Farms	Acres	Yield/Acre	(Metric)	Yield/Acre	(Imperial)
2020	ALEXANDER	RED SPRING WHEAT	AAC BRANDON (BW 932)	5	1,411.0	1.368	Tonnes	50.3	Bushels
2020	ALEXANDER	RED SPRING WHEAT	AAC ELIE(BW931)	Below	Minimum	Tolerance	 	 	 
2020	ALEXANDER	RED SPRING WHEAT	AAC VIEWFIELD <FP GENETICS>|BW965| EXP	3	1,448.0	1.989	Tonnes	73.1	Bushels
2020	ALEXANDER	RED SPRING WHEAT	CARBERRY (BW874)	Below	Minimum	Tolerance	 	 	 
2020	ALEXANDER	RED SPRING WHEAT	CARDALE (BW429)	Below	Minimum	Tolerance	 	 	 
2020	ALEXANDER	RED SPRING WHEAT	CDC STANLEY (BW880)	Below	Minimum	Tolerance	 	 	 
2020	ALEXANDER	RED SPRING WHEAT	CDC TITANIUM <PROVEN>	Below	Minimum	Tolerance	 	 	 
2020	ALEXANDER	RED SPRING WHEAT	GLENN	Below	Minimum	Tolerance	 	 	 
2020	ALONSA	RED SPRING WHEAT	AAC BRANDON (BW 932)	11	5,732.0	1.771	Tonnes	65.1	Bushels
2020	ALONSA	RED SPRING WHEAT	AAC ELIE(BW931)	Below	Minimum	Tolerance	 	 	 
2020	ALONSA	RED SPRING WHEAT	AAC REDBERRY	Below	Minimum	Tolerance	 	 	 
2020	ALONSA	RED SPRING WHEAT	AAC TISDALE (PT250)	Below	Minimum	Tolerance	 	 	 
2020	ALONSA	RED SPRING WHEAT	AAC VIEWFIELD <FP GENETICS>|BW965| EXP	Below	Minimum	Tolerance	 	 	 
2020	ALONSA	RED SPRING WHEAT	BOLLES <SEED DEPOT>	Below	Minimum	Tolerance	 	 	 
2020	ALONSA	RED SPRING WHEAT	GLENN	Below	Minimum	Tolerance	 	 	 
2020	ARGYLE	RED SPRING WHEAT	5605HR CL (BW918)	Below	Minimum	Tolerance	 	 	 
2020	ARGYLE	RED SPRING WHEAT	AAC BRANDON (BW 932)	67	28,908.0	1.617	Tonnes	59.4	Bushels
2020	ARGYLE	RED SPRING WHEAT	AAC CAMERON VB <CANTERRA>	Below	Minimum	Tolerance	 	 	 
2020	ARGYLE	RED SPRING WHEAT	AAC ELIE(BW931)	Below	Minimum	Tolerance	 	 	 
2020	ARGYLE	RED SPRING WHEAT	AAC REDBERRY	7	1,590.0	1.302	Tonnes	47.8	Bushels
2020	ARGYLE	RED SPRING WHEAT	AAC VIEWFIELD <FP GENETICS>|BW965| EXP	Below	Minimum	Tolerance	 	 	 
2020	ARGYLE	RED SPRING WHEAT	AC BARRIE (BW 661)	Below	Minimum	Tolerance	 	 	 
2020	ARGYLE	RED SPRING WHEAT	CARDALE (BW429)	3	537.0	0.816	Tonnes	30.0	Bushels
2020	ARGYLE	RED SPRING WHEAT	CDC HUGHES <CPSC> |PT588|	Below	Minimum	Tolerance	 	 	 
2020	ARGYLE	RED SPRING WHEAT	CDC ORTONA <PROVEN>	Below	Minimum	Tolerance	 	 	 
2020	ARGYLE	RED SPRING WHEAT	GLENN	Below	Minimum	Tolerance	 	 	 
2020	ARMSTRONG	RED SPRING WHEAT	AAC BRANDON (BW 932)	9	1,790.0	1.595	Tonnes	58.6	Bushels
2020	ARMSTRONG	RED SPRING WHEAT	AAC ELIE(BW931)	Below	Minimum	Tolerance	 	 	 
2020	ARMSTRONG	RED SPRING WHEAT	CDC TITANIUM <PROVEN>	Below	Minimum	Tolerance	 	 	 
2020	BIFROST-RIVERTON	RED SPRING WHEAT	AAC BRANDON (BW 932)	71	26,811.0	1.865	Tonnes	68.5	Bushels
2020	BIFROST-RIVERTON	RED SPRING WHEAT	AAC CAMERON VB <CANTERRA>	Below	Minimum	Tolerance	 	 	 
2020	BIFROST-RIVERTON	RED SPRING WHEAT	AAC STARBUCK <SECAN>	Below	Minimum	Tolerance	 	 	 
2020	BIFROST-RIVERTON	RED SPRING WHEAT	AAC VIEWFIELD <FP GENETICS>|BW965| EXP	12	5,035.0	2.152	Tonnes	79.1	Bushels
2020	BIFROST-RIVERTON	RED SPRING WHEAT	AC BARRIE (BW 661)	Below	Minimum	Tolerance	 	 	 
2020	BIFROST-RIVERTON	RED SPRING WHEAT	CARDALE (BW429)	Below	Minimum	Tolerance	 	 	 
2020	BIFROST-RIVERTON	RED SPRING WHEAT	CDC STANLEY (BW880)	Below	Minimum	Tolerance	 	 	 
2020	BIFROST-RIVERTON	RED SPRING WHEAT	CS DAYBREAK <CANTERRA>	3	782.0	1.967	Tonnes	72.3	Bushels
2020	BIFROST-RIVERTON	RED SPRING WHEAT	PT599 <SECAN>	Below	Minimum	Tolerance	 	 	 
2020	BIFROST-RIVERTON	RED SPRING WHEAT	SY TORACH <SYNGENTA>	3	710.0	2.103	Tonnes	77.3	Bushels
2020	BOISSEVAIN-MORTON	RED SPRING WHEAT	AAC BRANDON (BW 932)	45	23,424.0	1.946	Tonnes	71.5	Bushels
2020	BOISSEVAIN-MORTON	RED SPRING WHEAT	AAC CAMERON VB <CANTERRA>	Below	Minimum	Tolerance	 	 	 
2020	BOISSEVAIN-MORTON	RED SPRING WHEAT	AAC ELIE(BW931)	6	3,739.0	2.020	Tonnes	74.2	Bushels
2020	BOISSEVAIN-MORTON	RED SPRING WHEAT	AAC LEROY VB <ALLIANCE>	Below	Minimum	Tolerance	 	 	 
2020	BOISSEVAIN-MORTON	RED SPRING WHEAT	AAC REDBERRY	8	1,634.0	1.858	Tonnes	68.3	Bushels
2020	BOISSEVAIN-MORTON	RED SPRING WHEAT	AAC STARBUCK <SECAN>	3	701.0	1.893	Tonnes	69.5	Bushels
2020	BOISSEVAIN-MORTON	RED SPRING WHEAT	AAC TISDALE (PT250)	Below	Minimum	Tolerance	 	 	 
2020	BOISSEVAIN-MORTON	RED SPRING WHEAT	AAC VIEWFIELD <FP GENETICS>|BW965| EXP	3	1,473.0	1.841	Tonnes	67.6	Bushels
2020	BOISSEVAIN-MORTON	RED SPRING WHEAT	AAC WHEATLAND <SECAN>	3	745.0	2.060	Tonnes	75.7	Bushels
2020	BOISSEVAIN-MORTON	RED SPRING WHEAT	BOLLES <SEED DEPOT>	Below	Minimum	Tolerance	 	 	 
2020	BOISSEVAIN-MORTON	RED SPRING WHEAT	CDC LANDMARK	Below	Minimum	Tolerance	 	 	 
2020	BOISSEVAIN-MORTON	RED SPRING WHEAT	CDC PLENTIFUL (PT580)	Below	Minimum	Tolerance	 	 	 
2020	BRENDA-WASKADA	RED SPRING WHEAT	AAC ALIDA (BW980)	Below	Minimum	Tolerance	 	 	 
2020	BRENDA-WASKADA	RED SPRING WHEAT	AAC BRANDON (BW 932)	48	32,563.0	1.761	Tonnes	64.7	Bushels
2020	BRENDA-WASKADA	RED SPRING WHEAT	AAC CAMERON VB <CANTERRA>	3	1,079.0	1.715	Tonnes	63.0	Bushels
2020	BRENDA-WASKADA	RED SPRING WHEAT	AAC ELIE(BW931)	22	10,997.0	1.687	Tonnes	62.0	Bushels
2020	BRENDA-WASKADA	RED SPRING WHEAT	AAC REDBERRY	4	892.0	1.760	Tonnes	64.7	Bushels
2020	BRENDA-WASKADA	RED SPRING WHEAT	AAC TISDALE (PT250)	Below	Minimum	Tolerance	 	 	 
2020	BRENDA-WASKADA	RED SPRING WHEAT	AAC VIEWFIELD <FP GENETICS>|BW965| EXP	Below	Minimum	Tolerance	 	 	 
2020	BRENDA-WASKADA	RED SPRING WHEAT	CARBERRY (BW874)	Below	Minimum	Tolerance	 	 	 
2020	BRENDA-WASKADA	RED SPRING WHEAT	SY TORACH <SYNGENTA>	Below	Minimum	Tolerance	 	 	 
2020	BROKENHEAD	RED SPRING WHEAT	AAC BRANDON (BW 932)	35	8,067.0	1.775	Tonnes	65.2	Bushels
2020	BROKENHEAD	RED SPRING WHEAT	AAC ELIE(BW931)	14	3,526.0	1.874	Tonnes	68.9	Bushels
2020	BROKENHEAD	RED SPRING WHEAT	AAC TISDALE (PT250)	Below	Minimum	Tolerance	 	 	 
2020	BROKENHEAD	RED SPRING WHEAT	AAC VIEWFIELD <FP GENETICS>|BW965| EXP	25	6,821.0	2.101	Tonnes	77.2	Bushels
2020	BROKENHEAD	RED SPRING WHEAT	BOLLES <SEED DEPOT>	Below	Minimum	Tolerance	 	 	 
2020	BROKENHEAD	RED SPRING WHEAT	CARBERRY (BW874)	Below	Minimum	Tolerance	 	 	 
2020	BROKENHEAD	RED SPRING WHEAT	CARDALE (BW429)	6	792.0	1.759	Tonnes	64.6	Bushels
2020	BROKENHEAD	RED SPRING WHEAT	CDC STANLEY (BW880)	4	1,287.0	1.268	Tonnes	46.6	Bushels
2020	BROKENHEAD	RED SPRING WHEAT	CDC TITANIUM <PROVEN>	Below	Minimum	Tolerance	 	 	 
2020	BROKENHEAD	RED SPRING WHEAT	CS DAYBREAK <CANTERRA>	Below	Minimum	Tolerance	 	 	 
2020	BROKENHEAD	RED SPRING WHEAT	GLENN	Below	Minimum	Tolerance	 	 	 
2020	BROKENHEAD	RED SPRING WHEAT	SY TORACH <SYNGENTA>	Below	Minimum	Tolerance	 	 	 
2020	CARTIER	RED SPRING WHEAT	AAC BRANDON (BW 932)	49	22,335.0	1.845	Tonnes	67.8	Bushels
2020	CARTIER	RED SPRING WHEAT	AAC ELIE(BW931)	Below	Minimum	Tolerance	 	 	 
2020	CARTIER	RED SPRING WHEAT	AAC VIEWFIELD <FP GENETICS>|BW965| EXP	3	875.0	1.742	Tonnes	64.0	Bushels
2020	CARTIER	RED SPRING WHEAT	CARBERRY (BW874)	Below	Minimum	Tolerance	 	 	 
2020	CARTIER	RED SPRING WHEAT	CARDALE (BW429)	Below	Minimum	Tolerance	 	 	 
2020	CARTIER	RED SPRING WHEAT	CDC LANDMARK	Below	Minimum	Tolerance	 	 	 
2020	CARTIER	RED SPRING WHEAT	CS DAYBREAK <CANTERRA>	Below	Minimum	Tolerance	 	 	 
2020	CARTIER	RED SPRING WHEAT	SY GABBRO <SYNGENTA>	Below	Minimum	Tolerance	 	 	 
2020	CARTIER	RED SPRING WHEAT	SY TORACH <SYNGENTA>	Below	Minimum	Tolerance	 	 	 
2020	CARTIER	RED SPRING WHEAT	WR859 CL (BW859)	Below	Minimum	Tolerance	 	 	 
2020	CARTWRIGHT-ROBLIN	RED SPRING WHEAT	AAC BRANDON (BW 932)	41	14,566.0	1.684	Tonnes	61.9	Bushels
2020	CARTWRIGHT-ROBLIN	RED SPRING WHEAT	AAC ELIE(BW931)	7	1,593.0	1.525	Tonnes	56.0	Bushels
2020	CARTWRIGHT-ROBLIN	RED SPRING WHEAT	AAC REDBERRY	9	2,716.0	1.622	Tonnes	59.6	Bushels
2020	CARTWRIGHT-ROBLIN	RED SPRING WHEAT	AAC VIEWFIELD <FP GENETICS>|BW965| EXP	Below	Minimum	Tolerance	 	 	 
2020	CARTWRIGHT-ROBLIN	RED SPRING WHEAT	AAC WHEATLAND <SECAN>	Below	Minimum	Tolerance	 	 	 
2020	CARTWRIGHT-ROBLIN	RED SPRING WHEAT	CARBERRY (BW874)	Below	Minimum	Tolerance	 	 	 
2020	CARTWRIGHT-ROBLIN	RED SPRING WHEAT	CDC HUGHES <CPSC> |PT588|	Below	Minimum	Tolerance	 	 	 
2020	CARTWRIGHT-ROBLIN	RED SPRING WHEAT	CDC PLENTIFUL (PT580)	6	1,542.0	1.464	Tonnes	53.8	Bushels
2020	CARTWRIGHT-ROBLIN	RED SPRING WHEAT	SY 433 <SYNGENTA> (BW433)	Below	Minimum	Tolerance	 	 	 
2020	CLANWILLIAM-ERICKSON	RED SPRING WHEAT	AAC BRANDON (BW 932)	Below	Minimum	Tolerance	 	 	 
2020	CLANWILLIAM-ERICKSON	RED SPRING WHEAT	AAC REDBERRY	8	2,360.0	1.247	Tonnes	45.8	Bushels
2020	CLANWILLIAM-ERICKSON	RED SPRING WHEAT	AAC VIEWFIELD <FP GENETICS>|BW965| EXP	4	1,656.0	1.292	Tonnes	47.5	Bushels
2020	CLANWILLIAM-ERICKSON	RED SPRING WHEAT	BOLLES <SEED DEPOT>	Below	Minimum	Tolerance	 	 	 
2020	CLANWILLIAM-ERICKSON	RED SPRING WHEAT	CDC HUGHES <CPSC> |PT588|	Below	Minimum	Tolerance	 	 	 
2020	CLANWILLIAM-ERICKSON	RED SPRING WHEAT	CDC PLENTIFUL (PT580)	Below	Minimum	Tolerance	 	 	 
2020	CLANWILLIAM-ERICKSON	RED SPRING WHEAT	CDC TITANIUM <PROVEN>	Below	Minimum	Tolerance	 	 	 
2020	COLDWELL	RED SPRING WHEAT	AAC BRANDON (BW 932)	Below	Minimum	Tolerance	 	 	 
2020	COLDWELL	RED SPRING WHEAT	AC BARRIE (BW 661)	Below	Minimum	Tolerance	 	 	 
2020	CORNWALLIS	RED SPRING WHEAT	AAC BRANDON (BW 932)	27	10,116.0	1.345	Tonnes	49.4	Bushels
2020	CORNWALLIS	RED SPRING WHEAT	AAC ELIE(BW931)	Below	Minimum	Tolerance	 	 	 
2020	CORNWALLIS	RED SPRING WHEAT	AAC TISDALE (PT250)	Below	Minimum	Tolerance	 	 	 
2020	CORNWALLIS	RED SPRING WHEAT	BOLLES <SEED DEPOT>	Below	Minimum	Tolerance	 	 	 
2020	DAUPHIN	RED SPRING WHEAT	AAC BRANDON (BW 932)	64	32,850.5	1.789	Tonnes	65.7	Bushels
2020	DAUPHIN	RED SPRING WHEAT	AAC CAMERON VB <CANTERRA>	5	1,562.0	1.708	Tonnes	62.8	Bushels
2020	DAUPHIN	RED SPRING WHEAT	AAC REDBERRY	5	1,094.0	1.982	Tonnes	72.8	Bushels
2020	DAUPHIN	RED SPRING WHEAT	AAC STARBUCK <SECAN>	Below	Minimum	Tolerance	 	 	 
2020	DAUPHIN	RED SPRING WHEAT	AAC TISDALE (PT250)	12	2,458.0	1.432	Tonnes	52.6	Bushels
2020	DAUPHIN	RED SPRING WHEAT	AAC VIEWFIELD <FP GENETICS>|BW965| EXP	16	5,681.0	1.886	Tonnes	69.3	Bushels
2020	DAUPHIN	RED SPRING WHEAT	AC BARRIE (BW 661)	Below	Minimum	Tolerance	 	 	 
2020	DAUPHIN	RED SPRING WHEAT	BOLLES <SEED DEPOT>	Below	Minimum	Tolerance	 	 	 
2020	DAUPHIN	RED SPRING WHEAT	CARDALE (BW429)	11	3,893.0	1.875	Tonnes	68.9	Bushels
2020	DAUPHIN	RED SPRING WHEAT	CDC PLENTIFUL (PT580)	Below	Minimum	Tolerance	 	 	 
2020	DAUPHIN	RED SPRING WHEAT	CDC STANLEY (BW880)	Below	Minimum	Tolerance	 	 	 
2020	DAUPHIN	RED SPRING WHEAT	CDC VR MORRIS (BW423)	Below	Minimum	Tolerance	 	 	 
2020	DAUPHIN	RED SPRING WHEAT	CS DAYBREAK <CANTERRA>	Below	Minimum	Tolerance	 	 	 
2020	DAUPHIN	RED SPRING WHEAT	GLENN	3	731.0	1.657	Tonnes	60.9	Bushels
2020	DAUPHIN	RED SPRING WHEAT	WASKADA (BW 357)	Below	Minimum	Tolerance	 	 	 
2020	DELORAINE-WINCHESTER	RED SPRING WHEAT	AAC BRANDON (BW 932)	40	18,106.0	1.681	Tonnes	61.8	Bushels
2020	DELORAINE-WINCHESTER	RED SPRING WHEAT	AAC ELIE(BW931)	5	2,930.0	2.004	Tonnes	73.6	Bushels
2020	DELORAINE-WINCHESTER	RED SPRING WHEAT	AAC REDBERRY	9	4,381.0	2.024	Tonnes	74.4	Bushels
2020	DELORAINE-WINCHESTER	RED SPRING WHEAT	AAC VIEWFIELD <FP GENETICS>|BW965| EXP	Below	Minimum	Tolerance	 	 	 
2020	DELORAINE-WINCHESTER	RED SPRING WHEAT	BOLLES <SEED DEPOT>	3	503.0	1.735	Tonnes	63.8	Bushels
2020	DELORAINE-WINCHESTER	RED SPRING WHEAT	CARBERRY (BW874)	3	1,206.0	1.295	Tonnes	47.6	Bushels
2020	DELORAINE-WINCHESTER	RED SPRING WHEAT	CDC HUGHES <CPSC> |PT588|	Below	Minimum	Tolerance	 	 	 
2020	DESALABERRY	RED SPRING WHEAT	AAC BRANDON (BW 932)	52	16,404.0	1.860	Tonnes	68.3	Bushels
2020	DESALABERRY	RED SPRING WHEAT	AAC ELIE(BW931)	3	1,020.0	1.749	Tonnes	64.2	Bushels
2020	DESALABERRY	RED SPRING WHEAT	AAC STARBUCK <SECAN>	Below	Minimum	Tolerance	 	 	 
2020	DESALABERRY	RED SPRING WHEAT	AAC TISDALE (PT250)	7	1,618.0	1.906	Tonnes	70.0	Bushels
2020	DESALABERRY	RED SPRING WHEAT	AAC VIEWFIELD <FP GENETICS>|BW965| EXP	Below	Minimum	Tolerance	 	 	 
2020	DESALABERRY	RED SPRING WHEAT	CARDALE (BW429)	5	3,379.0	1.876	Tonnes	68.9	Bushels
2020	DESALABERRY	RED SPRING WHEAT	CS DAYBREAK <CANTERRA>	Below	Minimum	Tolerance	 	 	 
2020	DUFFERIN	RED SPRING WHEAT	AAC BRANDON (BW 932)	73	19,379.0	1.899	Tonnes	69.8	Bushels
2020	DUFFERIN	RED SPRING WHEAT	AAC ELIE(BW931)	4	1,105.0	1.984	Tonnes	72.9	Bushels
2020	DUFFERIN	RED SPRING WHEAT	AAC STARBUCK <SECAN>	Below	Minimum	Tolerance	 	 	 
2020	DUFFERIN	RED SPRING WHEAT	AAC VIEWFIELD <FP GENETICS>|BW965| EXP	3	1,257.0	1.404	Tonnes	51.6	Bushels
2020	DUFFERIN	RED SPRING WHEAT	BOLLES <SEED DEPOT>	10	1,441.0	2.038	Tonnes	74.9	Bushels
2020	DUFFERIN	RED SPRING WHEAT	CARDALE (BW429)	4	772.0	2.049	Tonnes	75.3	Bushels
2020	DUFFERIN	RED SPRING WHEAT	SY GABBRO <SYNGENTA>	Below	Minimum	Tolerance	 	 	 
2020	DUFFERIN	RED SPRING WHEAT	SY TORACH <SYNGENTA>	Below	Minimum	Tolerance	 	 	 
2020	EAST ST PAUL	RED SPRING WHEAT	AAC BRANDON (BW 932)	Below	Minimum	Tolerance	 	 	 
2020	ELLICE-ARCHIE	RED SPRING WHEAT	AAC ALIDA (BW980)	3	822.0	1.505	Tonnes	55.3	Bushels
2020	ELLICE-ARCHIE	RED SPRING WHEAT	AAC BRANDON (BW 932)	21	7,868.0	1.610	Tonnes	59.2	Bushels
2020	ELLICE-ARCHIE	RED SPRING WHEAT	AAC ELIE(BW931)	6	2,854.0	1.479	Tonnes	54.3	Bushels
2020	ELLICE-ARCHIE	RED SPRING WHEAT	AAC LEROY VB <ALLIANCE>	Below	Minimum	Tolerance	 	 	 
2020	ELLICE-ARCHIE	RED SPRING WHEAT	AAC REDBERRY	5	883.0	1.789	Tonnes	65.7	Bushels
2020	ELLICE-ARCHIE	RED SPRING WHEAT	AAC STARBUCK <SECAN>	Below	Minimum	Tolerance	 	 	 
2020	ELLICE-ARCHIE	RED SPRING WHEAT	AAC TISDALE (PT250)	Below	Minimum	Tolerance	 	 	 
2020	ELLICE-ARCHIE	RED SPRING WHEAT	AAC VIEWFIELD <FP GENETICS>|BW965| EXP	4	4,606.0	1.719	Tonnes	63.2	Bushels
2020	ELLICE-ARCHIE	RED SPRING WHEAT	AAC WHEATLAND <SECAN>	3	1,219.0	2.036	Tonnes	74.8	Bushels
2020	ELLICE-ARCHIE	RED SPRING WHEAT	BOLLES <SEED DEPOT>	6	1,323.0	1.640	Tonnes	60.3	Bushels
2020	ELLICE-ARCHIE	RED SPRING WHEAT	CARBERRY (BW874)	Below	Minimum	Tolerance	 	 	 
2020	ELLICE-ARCHIE	RED SPRING WHEAT	CDC HUGHES <CPSC> |PT588|	Below	Minimum	Tolerance	 	 	 
2020	ELLICE-ARCHIE	RED SPRING WHEAT	CDC LANDMARK	6	1,691.0	1.775	Tonnes	65.2	Bushels
2020	ELLICE-ARCHIE	RED SPRING WHEAT	CDC PLENTIFUL (PT580)	4	713.0	1.769	Tonnes	65.0	Bushels
2020	ELLICE-ARCHIE	RED SPRING WHEAT	GLENN	Below	Minimum	Tolerance	 	 	 
2020	ELTON	RED SPRING WHEAT	AAC ALIDA (BW980)	Below	Minimum	Tolerance	 	 	 
2020	ELTON	RED SPRING WHEAT	AAC BRANDON (BW 932)	65	34,229.0	1.777	Tonnes	65.3	Bushels
2020	ELTON	RED SPRING WHEAT	AAC CAMERON VB <CANTERRA>	Below	Minimum	Tolerance	 	 	 
2020	ELTON	RED SPRING WHEAT	AAC ELIE(BW931)	Below	Minimum	Tolerance	 	 	 
2020	ELTON	RED SPRING WHEAT	AAC STARBUCK <SECAN>	Below	Minimum	Tolerance	 	 	 
2020	ELTON	RED SPRING WHEAT	AAC TISDALE (PT250)	Below	Minimum	Tolerance	 	 	 
2020	ELTON	RED SPRING WHEAT	AAC VIEWFIELD <FP GENETICS>|BW965| EXP	10	2,119.0	1.693	Tonnes	62.2	Bushels
2020	ELTON	RED SPRING WHEAT	CDC PLENTIFUL (PT580)	Below	Minimum	Tolerance	 	 	 
2020	ELTON	RED SPRING WHEAT	HARVEST (BW259)	Below	Minimum	Tolerance	 	 	 
2020	EMERSON-FRANKLIN	RED SPRING WHEAT	5604HR CL (BW 878)	Below	Minimum	Tolerance	 	 	 
2020	EMERSON-FRANKLIN	RED SPRING WHEAT	AAC BRANDON (BW 932)	49	26,321.0	1.572	Tonnes	57.8	Bushels
2020	EMERSON-FRANKLIN	RED SPRING WHEAT	AAC VIEWFIELD <FP GENETICS>|BW965| EXP	3	1,105.0	1.892	Tonnes	69.5	Bushels
2020	EMERSON-FRANKLIN	RED SPRING WHEAT	BOLLES <SEED DEPOT>	Below	Minimum	Tolerance	 	 	 
2020	EMERSON-FRANKLIN	RED SPRING WHEAT	CARBERRY (BW874)	Below	Minimum	Tolerance	 	 	 
2020	EMERSON-FRANKLIN	RED SPRING WHEAT	CARDALE (BW429)	Below	Minimum	Tolerance	 	 	 
2020	EMERSON-FRANKLIN	RED SPRING WHEAT	SY GABBRO <SYNGENTA>	Below	Minimum	Tolerance	 	 	 
2020	ETHELBERT	RED SPRING WHEAT	AAC BRANDON (BW 932)	7	3,494.0	1.444	Tonnes	53.0	Bushels
2020	ETHELBERT	RED SPRING WHEAT	AAC ELIE(BW931)	Below	Minimum	Tolerance	 	 	 
2020	ETHELBERT	RED SPRING WHEAT	AAC REDBERRY	Below	Minimum	Tolerance	 	 	 
2020	ETHELBERT	RED SPRING WHEAT	AAC TISDALE (PT250)	Below	Minimum	Tolerance	 	 	 
2020	ETHELBERT	RED SPRING WHEAT	AAC VIEWFIELD <FP GENETICS>|BW965| EXP	Below	Minimum	Tolerance	 	 	 
2020	ETHELBERT	RED SPRING WHEAT	AC DOMAIN (BW 148)	Below	Minimum	Tolerance	 	 	 
2020	ETHELBERT	RED SPRING WHEAT	CARDALE (BW429)	Below	Minimum	Tolerance	 	 	 
2020	ETHELBERT	RED SPRING WHEAT	CDC STANLEY (BW880)	Below	Minimum	Tolerance	 	 	 
2020	FISHER	RED SPRING WHEAT	AAC BRANDON (BW 932)	37	9,562.0	1.576	Tonnes	57.9	Bushels
2020	FISHER	RED SPRING WHEAT	AAC CAMERON VB <CANTERRA>	Below	Minimum	Tolerance	 	 	 
2020	FISHER	RED SPRING WHEAT	AAC ELIE(BW931)	Below	Minimum	Tolerance	 	 	 
2020	FISHER	RED SPRING WHEAT	AAC REDBERRY	Below	Minimum	Tolerance	 	 	 
2020	FISHER	RED SPRING WHEAT	AAC VIEWFIELD <FP GENETICS>|BW965| EXP	7	2,684.0	2.045	Tonnes	75.1	Bushels
2020	FISHER	RED SPRING WHEAT	CARDALE (BW429)	3	1,242.0	1.250	Tonnes	45.9	Bushels
2020	FISHER	RED SPRING WHEAT	CDC STANLEY (BW880)	5	1,925.0	1.230	Tonnes	45.2	Bushels
2020	FISHER	RED SPRING WHEAT	WASKADA (BW 357)	Below	Minimum	Tolerance	 	 	 
2020	GILBERT PLAINS	RED SPRING WHEAT	5604HR CL (BW 878)	Below	Minimum	Tolerance	 	 	 
2020	GILBERT PLAINS	RED SPRING WHEAT	AAC BRANDON (BW 932)	29	12,886.0	1.740	Tonnes	64.0	Bushels
2020	GILBERT PLAINS	RED SPRING WHEAT	AAC CAMERON VB <CANTERRA>	6	2,651.0	1.547	Tonnes	56.8	Bushels
2020	GILBERT PLAINS	RED SPRING WHEAT	AAC ELIE(BW931)	3	1,256.0	1.937	Tonnes	71.2	Bushels
2020	GILBERT PLAINS	RED SPRING WHEAT	AAC LEROY VB <ALLIANCE>	Below	Minimum	Tolerance	 	 	 
2020	GILBERT PLAINS	RED SPRING WHEAT	AAC REDBERRY	30	16,744.0	1.861	Tonnes	68.4	Bushels
2020	GILBERT PLAINS	RED SPRING WHEAT	AAC TISDALE (PT250)	6	592.0	1.905	Tonnes	70.0	Bushels
2020	GILBERT PLAINS	RED SPRING WHEAT	AAC VIEWFIELD <FP GENETICS>|BW965| EXP	13	4,386.0	2.011	Tonnes	73.9	Bushels
2020	GILBERT PLAINS	RED SPRING WHEAT	AAC WHEATLAND <SECAN>	Below	Minimum	Tolerance	 	 	 
2020	GILBERT PLAINS	RED SPRING WHEAT	AC DOMAIN (BW 148)	9	2,290.0	1.360	Tonnes	50.0	Bushels
2020	GILBERT PLAINS	RED SPRING WHEAT	BOLLES <SEED DEPOT>	Below	Minimum	Tolerance	 	 	 
2020	GILBERT PLAINS	RED SPRING WHEAT	CARDALE (BW429)	4	3,104.0	1.778	Tonnes	65.3	Bushels
2020	GILBERT PLAINS	RED SPRING WHEAT	CDC HUGHES <CPSC> |PT588|	Below	Minimum	Tolerance	 	 	 
2020	GILBERT PLAINS	RED SPRING WHEAT	CDC ORTONA <PROVEN>	Below	Minimum	Tolerance	 	 	 
2020	GILBERT PLAINS	RED SPRING WHEAT	CDC STANLEY (BW880)	5	2,730.0	1.737	Tonnes	63.8	Bushels
2020	GILBERT PLAINS	RED SPRING WHEAT	CDC VR MORRIS (BW423)	Below	Minimum	Tolerance	 	 	 
2020	GILBERT PLAINS	RED SPRING WHEAT	GLENN	Below	Minimum	Tolerance	 	 	 
2020	GILBERT PLAINS	RED SPRING WHEAT	KANE (BW342)	Below	Minimum	Tolerance	 	 	 
2020	GILBERT PLAINS	RED SPRING WHEAT	SY TORACH <SYNGENTA>	Below	Minimum	Tolerance	 	 	 
2020	GILBERT PLAINS	RED SPRING WHEAT	UNITY VB	Below	Minimum	Tolerance	 	 	 
2020	GIMLI	RED SPRING WHEAT	AAC BRANDON (BW 932)	11	3,119.0	1.906	Tonnes	70.0	Bushels
2020	GIMLI	RED SPRING WHEAT	AAC ELIE(BW931)	Below	Minimum	Tolerance	 	 	 
2020	GIMLI	RED SPRING WHEAT	AAC VIEWFIELD <FP GENETICS>|BW965| EXP	Below	Minimum	Tolerance	 	 	 
2020	GIMLI	RED SPRING WHEAT	CARDALE (BW429)	3	1,095.0	1.698	Tonnes	62.4	Bushels
2020	GIMLI	RED SPRING WHEAT	CDC HUGHES <CPSC> |PT588|	Below	Minimum	Tolerance	 	 	 
2020	GIMLI	RED SPRING WHEAT	CDC TITANIUM <PROVEN>	Below	Minimum	Tolerance	 	 	 
2020	GIMLI	RED SPRING WHEAT	CS DAYBREAK <CANTERRA>	Below	Minimum	Tolerance	 	 	 
2020	GLENBORO-SOUTH CYPRESS	RED SPRING WHEAT	5604HR CL (BW 878)	Below	Minimum	Tolerance	 	 	 
2020	GLENBORO-SOUTH CYPRESS	RED SPRING WHEAT	AAC BRANDON (BW 932)	34	9,422.0	1.614	Tonnes	59.3	Bushels
2020	GLENBORO-SOUTH CYPRESS	RED SPRING WHEAT	AAC TISDALE (PT250)	Below	Minimum	Tolerance	 	 	 
2020	GLENBORO-SOUTH CYPRESS	RED SPRING WHEAT	AAC VIEWFIELD <FP GENETICS>|BW965| EXP	Below	Minimum	Tolerance	 	 	 
2020	GLENBORO-SOUTH CYPRESS	RED SPRING WHEAT	CARBERRY (BW874)	Below	Minimum	Tolerance	 	 	 
2020	GLENBORO-SOUTH CYPRESS	RED SPRING WHEAT	CDC PLENTIFUL (PT580)	Below	Minimum	Tolerance	 	 	 
2020	GLENBORO-SOUTH CYPRESS	RED SPRING WHEAT	GLENN	Below	Minimum	Tolerance	 	 	 
2020	GLENELLA-LANSDOWNE	RED SPRING WHEAT	AAC BRANDON (BW 932)	43	28,011.0	1.726	Tonnes	63.4	Bushels
2020	GLENELLA-LANSDOWNE	RED SPRING WHEAT	AAC ELIE(BW931)	6	2,649.0	1.623	Tonnes	59.6	Bushels
2020	GLENELLA-LANSDOWNE	RED SPRING WHEAT	AAC REDBERRY	Below	Minimum	Tolerance	 	 	 
2020	GLENELLA-LANSDOWNE	RED SPRING WHEAT	AAC TISDALE (PT250)	Below	Minimum	Tolerance	 	 	 
2020	GLENELLA-LANSDOWNE	RED SPRING WHEAT	AAC VIEWFIELD <FP GENETICS>|BW965| EXP	8	2,109.0	1.782	Tonnes	65.5	Bushels
2020	GLENELLA-LANSDOWNE	RED SPRING WHEAT	BOLLES <SEED DEPOT>	Below	Minimum	Tolerance	 	 	 
2020	GLENELLA-LANSDOWNE	RED SPRING WHEAT	CARDALE (BW429)	Below	Minimum	Tolerance	 	 	 
2020	GRAHAMDALE	RED SPRING WHEAT	AAC BRANDON (BW 932)	7	3,955.0	1.296	Tonnes	47.6	Bushels
2020	GRAHAMDALE	RED SPRING WHEAT	AAC VIEWFIELD <FP GENETICS>|BW965| EXP	4	1,173.0	1.136	Tonnes	41.7	Bushels
2020	GRANDVIEW	RED SPRING WHEAT	5605HR CL (BW918)	Below	Minimum	Tolerance	 	 	 
2020	GRANDVIEW	RED SPRING WHEAT	AAC BRANDON (BW 932)	40	15,079.0	1.868	Tonnes	68.6	Bushels
2020	GRANDVIEW	RED SPRING WHEAT	AAC CAMERON VB <CANTERRA>	4	1,475.0	1.901	Tonnes	69.9	Bushels
2020	GRANDVIEW	RED SPRING WHEAT	AAC ELIE(BW931)	4	1,415.0	1.792	Tonnes	65.8	Bushels
2020	GRANDVIEW	RED SPRING WHEAT	AAC REDBERRY	12	7,574.0	1.930	Tonnes	70.9	Bushels
2020	GRANDVIEW	RED SPRING WHEAT	AAC REDWATER (PT457)	Below	Minimum	Tolerance	 	 	 
2020	GRANDVIEW	RED SPRING WHEAT	AAC TISDALE (PT250)	Below	Minimum	Tolerance	 	 	 
2020	GRANDVIEW	RED SPRING WHEAT	AAC VIEWFIELD <FP GENETICS>|BW965| EXP	23	9,185.0	1.990	Tonnes	73.1	Bushels
2020	GRANDVIEW	RED SPRING WHEAT	AAC W1876 |BW957|	Below	Minimum	Tolerance	 	 	 
2020	GRANDVIEW	RED SPRING WHEAT	AAC WHEATLAND <SECAN>	Below	Minimum	Tolerance	 	 	 
2020	GRANDVIEW	RED SPRING WHEAT	AC DOMAIN (BW 148)	Below	Minimum	Tolerance	 	 	 
2020	GRANDVIEW	RED SPRING WHEAT	AC SPLENDOR (BW 191)	Below	Minimum	Tolerance	 	 	 
2020	GRANDVIEW	RED SPRING WHEAT	BOLLES <SEED DEPOT>	7	1,265.0	1.929	Tonnes	70.9	Bushels
2020	GRANDVIEW	RED SPRING WHEAT	CARBERRY (BW874)	Below	Minimum	Tolerance	 	 	 
2020	GRANDVIEW	RED SPRING WHEAT	CARDALE (BW429)	5	1,030.0	1.860	Tonnes	68.4	Bushels
2020	GRANDVIEW	RED SPRING WHEAT	CDC HUGHES <CPSC> |PT588|	4	580.0	1.806	Tonnes	66.3	Bushels
2020	GRANDVIEW	RED SPRING WHEAT	CDC PLENTIFUL (PT580)	10	3,751.0	1.705	Tonnes	62.7	Bushels
2020	GRANDVIEW	RED SPRING WHEAT	CDC STANLEY (BW880)	Below	Minimum	Tolerance	 	 	 
2020	GRANDVIEW	RED SPRING WHEAT	KANE (BW342)	Below	Minimum	Tolerance	 	 	 
2020	GRANDVIEW	RED SPRING WHEAT	SY GABBRO <SYNGENTA>	Below	Minimum	Tolerance	 	 	 
2020	GRANDVIEW	RED SPRING WHEAT	SY TORACH <SYNGENTA>	Below	Minimum	Tolerance	 	 	 
2020	GRASSLAND	RED SPRING WHEAT	AAC ALIDA (BW980)	Below	Minimum	Tolerance	 	 	 
2020	GRASSLAND	RED SPRING WHEAT	AAC BRANDON (BW 932)	82	36,916.0	1.675	Tonnes	61.5	Bushels
2020	GRASSLAND	RED SPRING WHEAT	AAC CAMERON VB <CANTERRA>	Below	Minimum	Tolerance	 	 	 
2020	GRASSLAND	RED SPRING WHEAT	AAC ELIE(BW931)	10	4,698.0	1.664	Tonnes	61.2	Bushels
2020	GRASSLAND	RED SPRING WHEAT	AAC LEROY VB <ALLIANCE>	Below	Minimum	Tolerance	 	 	 
2020	GRASSLAND	RED SPRING WHEAT	AAC REDBERRY	5	1,657.0	1.486	Tonnes	54.6	Bushels
2020	GRASSLAND	RED SPRING WHEAT	AAC RUSSELL <FP GENETICS>	Below	Minimum	Tolerance	 	 	 
2020	GRASSLAND	RED SPRING WHEAT	AAC STARBUCK <SECAN>	3	1,504.0	1.495	Tonnes	54.9	Bushels
2020	GRASSLAND	RED SPRING WHEAT	AAC TISDALE (PT250)	3	1,230.0	1.434	Tonnes	52.7	Bushels
2020	GRASSLAND	RED SPRING WHEAT	AAC VIEWFIELD <FP GENETICS>|BW965| EXP	7	4,078.0	1.319	Tonnes	48.5	Bushels
2020	GRASSLAND	RED SPRING WHEAT	AAC WHEATLAND <SECAN>	Below	Minimum	Tolerance	 	 	 
2020	GRASSLAND	RED SPRING WHEAT	CARBERRY (BW874)	Below	Minimum	Tolerance	 	 	 
2020	GRASSLAND	RED SPRING WHEAT	CARDALE (BW429)	3	1,622.0	1.266	Tonnes	46.5	Bushels
2020	GRASSLAND	RED SPRING WHEAT	CDC LANDMARK	Below	Minimum	Tolerance	 	 	 
2020	GRASSLAND	RED SPRING WHEAT	CDC PLENTIFUL (PT580)	Below	Minimum	Tolerance	 	 	 
2020	GREY	RED SPRING WHEAT	AAC BRANDON (BW 932)	57	19,876.0	1.952	Tonnes	71.7	Bushels
2020	GREY	RED SPRING WHEAT	AAC ELIE(BW931)	Below	Minimum	Tolerance	 	 	 
2020	GREY	RED SPRING WHEAT	AAC STARBUCK <SECAN>	Below	Minimum	Tolerance	 	 	 
2020	GREY	RED SPRING WHEAT	AAC TISDALE (PT250)	4	583.0	1.741	Tonnes	64.0	Bushels
2020	GREY	RED SPRING WHEAT	AAC VIEWFIELD <FP GENETICS>|BW965| EXP	6	4,160.0	1.811	Tonnes	66.5	Bushels
2020	GREY	RED SPRING WHEAT	BOLLES <SEED DEPOT>	Below	Minimum	Tolerance	 	 	 
2020	GREY	RED SPRING WHEAT	CARDALE (BW429)	6	1,138.0	1.776	Tonnes	65.3	Bushels
2020	GREY	RED SPRING WHEAT	SY TORACH <SYNGENTA>	Below	Minimum	Tolerance	 	 	 
2020	HAMIOTA	RED SPRING WHEAT	AAC ALIDA (BW980)	Below	Minimum	Tolerance	 	 	 
2020	HAMIOTA	RED SPRING WHEAT	AAC BRANDON (BW 932)	28	11,397.0	1.722	Tonnes	63.3	Bushels
2020	HAMIOTA	RED SPRING WHEAT	AAC ELIE(BW931)	3	987.0	1.660	Tonnes	61.0	Bushels
2020	HAMIOTA	RED SPRING WHEAT	AAC REDBERRY	9	1,608.0	1.502	Tonnes	55.2	Bushels
2020	HAMIOTA	RED SPRING WHEAT	AAC VIEWFIELD <FP GENETICS>|BW965| EXP	35	12,699.0	1.445	Tonnes	53.1	Bushels
2020	HAMIOTA	RED SPRING WHEAT	AAC WHEATLAND <SECAN>	Below	Minimum	Tolerance	 	 	 
2020	HAMIOTA	RED SPRING WHEAT	BOLLES <SEED DEPOT>	Below	Minimum	Tolerance	 	 	 
2020	HAMIOTA	RED SPRING WHEAT	BW 5044	Below	Minimum	Tolerance	 	 	 
2020	HAMIOTA	RED SPRING WHEAT	CARBERRY (BW874)	Below	Minimum	Tolerance	 	 	 
2020	HAMIOTA	RED SPRING WHEAT	CDC HUGHES <CPSC> |PT588|	Below	Minimum	Tolerance	 	 	 
2020	HAMIOTA	RED SPRING WHEAT	CDC LANDMARK	4	2,530.0	2.074	Tonnes	76.2	Bushels
2020	HAMIOTA	RED SPRING WHEAT	CDC PLENTIFUL (PT580)	Below	Minimum	Tolerance	 	 	 
2020	HAMIOTA	RED SPRING WHEAT	MUCHMORE (BW875)	Below	Minimum	Tolerance	 	 	 
2020	HANOVER	RED SPRING WHEAT	AAC BRANDON (BW 932)	34	9,060.0	1.891	Tonnes	69.5	Bushels
2020	HANOVER	RED SPRING WHEAT	AAC ELIE(BW931)	3	522.0	1.774	Tonnes	65.2	Bushels
2020	HANOVER	RED SPRING WHEAT	AAC VIEWFIELD <FP GENETICS>|BW965| EXP	Below	Minimum	Tolerance	 	 	 
2020	HANOVER	RED SPRING WHEAT	CARDALE (BW429)	Below	Minimum	Tolerance	 	 	 
2020	HANOVER	RED SPRING WHEAT	CS DAYBREAK <CANTERRA>	Below	Minimum	Tolerance	 	 	 
2020	HARRISON PARK	RED SPRING WHEAT	AAC BRANDON (BW 932)	20	6,381.0	1.565	Tonnes	57.5	Bushels
2020	HARRISON PARK	RED SPRING WHEAT	AAC CAMERON VB <CANTERRA>	Below	Minimum	Tolerance	 	 	 
2020	HARRISON PARK	RED SPRING WHEAT	AAC ELIE(BW931)	3	550.0	1.240	Tonnes	45.6	Bushels
2020	HARRISON PARK	RED SPRING WHEAT	AAC REDBERRY	26	8,721.0	1.543	Tonnes	56.7	Bushels
2020	HARRISON PARK	RED SPRING WHEAT	AAC REDWATER (PT457)	Below	Minimum	Tolerance	 	 	 
2020	HARRISON PARK	RED SPRING WHEAT	AAC VIEWFIELD <FP GENETICS>|BW965| EXP	16	4,040.0	1.542	Tonnes	56.6	Bushels
2020	HARRISON PARK	RED SPRING WHEAT	AC BARRIE (BW 661)	Below	Minimum	Tolerance	 	 	 
2020	HARRISON PARK	RED SPRING WHEAT	AC DOMAIN (BW 148)	3	607.0	0.793	Tonnes	29.1	Bushels
2020	HARRISON PARK	RED SPRING WHEAT	AC INTREPID (BW 693)	Below	Minimum	Tolerance	 	 	 
2020	HARRISON PARK	RED SPRING WHEAT	AC SPLENDOR (BW 191)	Below	Minimum	Tolerance	 	 	 
2020	HARRISON PARK	RED SPRING WHEAT	BOLLES <SEED DEPOT>	Below	Minimum	Tolerance	 	 	 
2020	HARRISON PARK	RED SPRING WHEAT	CDC LANDMARK	Below	Minimum	Tolerance	 	 	 
2020	HARRISON PARK	RED SPRING WHEAT	CDC PLENTIFUL (PT580)	Below	Minimum	Tolerance	 	 	 
2020	HARRISON PARK	RED SPRING WHEAT	CDC TITANIUM <PROVEN>	Below	Minimum	Tolerance	 	 	 
2020	HARRISON PARK	RED SPRING WHEAT	GLENN	Below	Minimum	Tolerance	 	 	 
2020	HARRISON PARK	RED SPRING WHEAT	SY TORACH <SYNGENTA>	Below	Minimum	Tolerance	 	 	 
2020	HARRISON PARK	RED SPRING WHEAT	WR859 CL (BW859)	Below	Minimum	Tolerance	 	 	 
2020	HEADINGLEY	RED SPRING WHEAT	AAC BRANDON (BW 932)	8	2,971.0	1.959	Tonnes	72.0	Bushels
2020	HEADINGLEY	RED SPRING WHEAT	AAC ELIE(BW931)	Below	Minimum	Tolerance	 	 	 
2020	HEADINGLEY	RED SPRING WHEAT	SY TORACH <SYNGENTA>	Below	Minimum	Tolerance	 	 	 
2020	HILLSBURG-ROBLIN-SHELL RIVER	RED SPRING WHEAT	5604HR CL (BW 878)	Below	Minimum	Tolerance	 	 	 
2020	HILLSBURG-ROBLIN-SHELL RIVER	RED SPRING WHEAT	AAC ALIDA (BW980)	Below	Minimum	Tolerance	 	 	 
2020	HILLSBURG-ROBLIN-SHELL RIVER	RED SPRING WHEAT	AAC BRANDON (BW 932)	20	9,436.0	1.975	Tonnes	72.6	Bushels
2020	HILLSBURG-ROBLIN-SHELL RIVER	RED SPRING WHEAT	AAC REDBERRY	5	1,501.0	1.658	Tonnes	60.9	Bushels
2020	HILLSBURG-ROBLIN-SHELL RIVER	RED SPRING WHEAT	AAC VIEWFIELD <FP GENETICS>|BW965| EXP	22	9,653.0	1.987	Tonnes	73.0	Bushels
2020	HILLSBURG-ROBLIN-SHELL RIVER	RED SPRING WHEAT	AC INTREPID (BW 693)	Below	Minimum	Tolerance	 	 	 
2020	HILLSBURG-ROBLIN-SHELL RIVER	RED SPRING WHEAT	BOLLES <SEED DEPOT>	5	2,214.0	1.830	Tonnes	67.3	Bushels
2020	HILLSBURG-ROBLIN-SHELL RIVER	RED SPRING WHEAT	CARDALE (BW429)	Below	Minimum	Tolerance	 	 	 
2020	HILLSBURG-ROBLIN-SHELL RIVER	RED SPRING WHEAT	CDC HUGHES <CPSC> |PT588|	Below	Minimum	Tolerance	 	 	 
2020	HILLSBURG-ROBLIN-SHELL RIVER	RED SPRING WHEAT	CDC LANDMARK	Below	Minimum	Tolerance	 	 	 
2020	HILLSBURG-ROBLIN-SHELL RIVER	RED SPRING WHEAT	CDC PLENTIFUL (PT580)	3	3,134.0	1.861	Tonnes	68.4	Bushels
2020	HILLSBURG-ROBLIN-SHELL RIVER	RED SPRING WHEAT	CDC STANLEY (BW880)	Below	Minimum	Tolerance	 	 	 
2020	HILLSBURG-ROBLIN-SHELL RIVER	RED SPRING WHEAT	KANE (BW342)	Below	Minimum	Tolerance	 	 	 
2020	HILLSBURG-ROBLIN-SHELL RIVER	RED SPRING WHEAT	SY TORACH <SYNGENTA>	Below	Minimum	Tolerance	 	 	 
2020	KELSEY	RED SPRING WHEAT	AAC BRANDON (BW 932)	Below	Minimum	Tolerance	 	 	 
2020	KELSEY	RED SPRING WHEAT	AAC REDBERRY	6	3,205.0	1.243	Tonnes	45.7	Bushels
2020	KELSEY	RED SPRING WHEAT	AAC VIEWFIELD <FP GENETICS>|BW965| EXP	4	3,307.0	1.257	Tonnes	46.2	Bushels
2020	KELSEY	RED SPRING WHEAT	AC DOMAIN (BW 148)	Below	Minimum	Tolerance	 	 	 
2020	KELSEY	RED SPRING WHEAT	CARDALE (BW429)	3	1,697.0	0.768	Tonnes	28.2	Bushels
2020	KELSEY	RED SPRING WHEAT	CDC LANDMARK	7	5,222.0	0.904	Tonnes	33.2	Bushels
2020	KELSEY	RED SPRING WHEAT	CDC PLENTIFUL (PT580)	3	910.0	0.909	Tonnes	33.4	Bushels
2020	KELSEY	RED SPRING WHEAT	CDC TEAL (BW 616)	Below	Minimum	Tolerance	 	 	 
2020	KELSEY	RED SPRING WHEAT	HARVEST (BW259)	Below	Minimum	Tolerance	 	 	 
2020	KILLARNEY-TURTLE MTN	RED SPRING WHEAT	AAC BRANDON (BW 932)	55	31,668.0	1.807	Tonnes	66.4	Bushels
2020	KILLARNEY-TURTLE MTN	RED SPRING WHEAT	AAC CAMERON VB <CANTERRA>	8	3,125.0	1.842	Tonnes	67.7	Bushels
2020	KILLARNEY-TURTLE MTN	RED SPRING WHEAT	AAC ELIE(BW931)	3	995.0	1.798	Tonnes	66.1	Bushels
2020	KILLARNEY-TURTLE MTN	RED SPRING WHEAT	AAC JATHARIA VB <SECAN> |BW483|	Below	Minimum	Tolerance	 	 	 
2020	KILLARNEY-TURTLE MTN	RED SPRING WHEAT	AAC MAGNET |BW 1045, BJ14*A01135|	Below	Minimum	Tolerance	 	 	 
2020	KILLARNEY-TURTLE MTN	RED SPRING WHEAT	AAC REDBERRY	7	3,737.0	1.810	Tonnes	66.5	Bushels
2020	KILLARNEY-TURTLE MTN	RED SPRING WHEAT	AAC STARBUCK <SECAN>	Below	Minimum	Tolerance	 	 	 
2020	KILLARNEY-TURTLE MTN	RED SPRING WHEAT	AAC VIEWFIELD <FP GENETICS>|BW965| EXP	3	1,337.0	1.507	Tonnes	55.4	Bushels
2020	KILLARNEY-TURTLE MTN	RED SPRING WHEAT	CARDALE (BW429)	Below	Minimum	Tolerance	 	 	 
2020	KILLARNEY-TURTLE MTN	RED SPRING WHEAT	CDC PLENTIFUL (PT580)	9	3,138.0	1.640	Tonnes	60.3	Bushels
2020	KILLARNEY-TURTLE MTN	RED SPRING WHEAT	MUCHMORE (BW875)	Below	Minimum	Tolerance	 	 	 
2020	KILLARNEY-TURTLE MTN	RED SPRING WHEAT	SY TORACH <SYNGENTA>	Below	Minimum	Tolerance	 	 	 
2020	LA BROQUERIE	RED SPRING WHEAT	AAC BRANDON (BW 932)	6	1,211.0	1.242	Tonnes	45.6	Bushels
2020	LA BROQUERIE	RED SPRING WHEAT	CARDALE (BW429)	Below	Minimum	Tolerance	 	 	 
2020	LAC DU BONNET	RED SPRING WHEAT	AAC BRANDON (BW 932)	12	5,280.0	1.675	Tonnes	61.6	Bushels
2020	LAC DU BONNET	RED SPRING WHEAT	AAC ELIE(BW931)	4	1,710.0	2.281	Tonnes	83.8	Bushels
2020	LAC DU BONNET	RED SPRING WHEAT	AAC VIEWFIELD <FP GENETICS>|BW965| EXP	5	558.0	2.141	Tonnes	78.7	Bushels
2020	LAC DU BONNET	RED SPRING WHEAT	CARBERRY (BW874)	Below	Minimum	Tolerance	 	 	 
2020	LAC DU BONNET	RED SPRING WHEAT	CARDALE (BW429)	Below	Minimum	Tolerance	 	 	 
2020	LAC DU BONNET	RED SPRING WHEAT	GLENN	4	1,033.0	2.243	Tonnes	82.4	Bushels
2020	LAKESHORE	RED SPRING WHEAT	AAC BRANDON (BW 932)	28	11,365.0	1.733	Tonnes	63.7	Bushels
2020	LAKESHORE	RED SPRING WHEAT	AAC REDBERRY	Below	Minimum	Tolerance	 	 	 
2020	LAKESHORE	RED SPRING WHEAT	AAC TISDALE (PT250)	4	1,311.0	1.417	Tonnes	52.0	Bushels
2020	LAKESHORE	RED SPRING WHEAT	AAC VIEWFIELD <FP GENETICS>|BW965| EXP	3	1,618.0	1.790	Tonnes	65.8	Bushels
2020	LAKESHORE	RED SPRING WHEAT	BOLLES <SEED DEPOT>	Below	Minimum	Tolerance	 	 	 
2020	LAKESHORE	RED SPRING WHEAT	CARBERRY (BW874)	Below	Minimum	Tolerance	 	 	 
2020	LAKESHORE	RED SPRING WHEAT	CARDALE (BW429)	3	2,155.0	1.357	Tonnes	49.9	Bushels
2020	LAKESHORE	RED SPRING WHEAT	GLENN	Below	Minimum	Tolerance	 	 	 
2020	LORNE	RED SPRING WHEAT	AAC BAILEY (BW901)	Below	Minimum	Tolerance	 	 	 
2020	LORNE	RED SPRING WHEAT	AAC BRANDON (BW 932)	112	37,936.0	1.950	Tonnes	71.6	Bushels
2020	LORNE	RED SPRING WHEAT	AAC ELIE(BW931)	6	1,739.0	1.809	Tonnes	66.5	Bushels
2020	LORNE	RED SPRING WHEAT	AAC REDBERRY	3	1,013.0	1.746	Tonnes	64.2	Bushels
2020	LORNE	RED SPRING WHEAT	AAC STARBUCK <SECAN>	3	532.0	2.060	Tonnes	75.7	Bushels
2020	LORNE	RED SPRING WHEAT	AAC TISDALE (PT250)	10	1,831.0	1.682	Tonnes	61.8	Bushels
2020	LORNE	RED SPRING WHEAT	CARDALE (BW429)	8	2,524.0	1.643	Tonnes	60.4	Bushels
2020	LORNE	RED SPRING WHEAT	CDC HUGHES <CPSC> |PT588|	Below	Minimum	Tolerance	 	 	 
2020	LORNE	RED SPRING WHEAT	CDC LANDMARK	Below	Minimum	Tolerance	 	 	 
2020	LORNE	RED SPRING WHEAT	CDC TITANIUM <PROVEN>	Below	Minimum	Tolerance	 	 	 
2020	LORNE	RED SPRING WHEAT	CDC VR MORRIS (BW423)	Below	Minimum	Tolerance	 	 	 
2020	LORNE	RED SPRING WHEAT	HARVEST (BW259)	3	1,045.0	1.753	Tonnes	64.4	Bushels
2020	LORNE	RED SPRING WHEAT	PT599 <SECAN>	Below	Minimum	Tolerance	 	 	 
2020	LOUISE	RED SPRING WHEAT	5605HR CL (BW918)	Below	Minimum	Tolerance	 	 	 
2020	LOUISE	RED SPRING WHEAT	AAC BRANDON (BW 932)	101	43,376.0	1.986	Tonnes	73.0	Bushels
2020	LOUISE	RED SPRING WHEAT	AAC ELIE(BW931)	4	1,293.0	1.775	Tonnes	65.2	Bushels
2020	LOUISE	RED SPRING WHEAT	AAC LEROY VB <ALLIANCE>	Below	Minimum	Tolerance	 	 	 
2020	LOUISE	RED SPRING WHEAT	AAC REDBERRY	14	2,965.0	1.777	Tonnes	65.3	Bushels
2020	LOUISE	RED SPRING WHEAT	AAC STARBUCK <SECAN>	Below	Minimum	Tolerance	 	 	 
2020	LOUISE	RED SPRING WHEAT	BOLLES <SEED DEPOT>	Below	Minimum	Tolerance	 	 	 
2020	LOUISE	RED SPRING WHEAT	CARDALE (BW429)	Below	Minimum	Tolerance	 	 	 
2020	LOUISE	RED SPRING WHEAT	CDC HUGHES <CPSC> |PT588|	Below	Minimum	Tolerance	 	 	 
2020	LOUISE	RED SPRING WHEAT	SY CAST	Below	Minimum	Tolerance	 	 	 
2020	LOUISE	RED SPRING WHEAT	SY GABBRO <SYNGENTA>	Below	Minimum	Tolerance	 	 	 
2020	LOUISE	RED SPRING WHEAT	SY TORACH <SYNGENTA>	Below	Minimum	Tolerance	 	 	 
2020	MACDONALD	RED SPRING WHEAT	AAC BRANDON (BW 932)	115	55,103.6	1.949	Tonnes	71.6	Bushels
2020	MACDONALD	RED SPRING WHEAT	AAC ELIE(BW931)	5	847.0	2.035	Tonnes	74.8	Bushels
2020	MACDONALD	RED SPRING WHEAT	AAC STARBUCK <SECAN>	5	1,262.0	2.181	Tonnes	80.1	Bushels
2020	MACDONALD	RED SPRING WHEAT	AAC TISDALE (PT250)	Below	Minimum	Tolerance	 	 	 
2020	MACDONALD	RED SPRING WHEAT	AAC VIEWFIELD <FP GENETICS>|BW965| EXP	16	4,563.0	2.113	Tonnes	77.6	Bushels
2020	MACDONALD	RED SPRING WHEAT	AC BARRIE (BW 661)	Below	Minimum	Tolerance	 	 	 
2020	MACDONALD	RED SPRING WHEAT	CARBERRY (BW874)	Below	Minimum	Tolerance	 	 	 
2020	MACDONALD	RED SPRING WHEAT	CARDALE (BW429)	Below	Minimum	Tolerance	 	 	 
2020	MACDONALD	RED SPRING WHEAT	CS DAYBREAK <CANTERRA>	4	863.0	2.041	Tonnes	75.0	Bushels
2020	MACDONALD	RED SPRING WHEAT	GLENN	Below	Minimum	Tolerance	 	 	 
2020	MACDONALD	RED SPRING WHEAT	SY GABBRO <SYNGENTA>	Below	Minimum	Tolerance	 	 	 
2020	MACDONALD	RED SPRING WHEAT	SY TORACH <SYNGENTA>	Below	Minimum	Tolerance	 	 	 
2020	MACDONALD	RED SPRING WHEAT	WR859 CL (BW859)	Below	Minimum	Tolerance	 	 	 
2020	MCCREARY	RED SPRING WHEAT	AAC BRANDON (BW 932)	23	12,056.0	1.557	Tonnes	57.2	Bushels
2020	MCCREARY	RED SPRING WHEAT	AAC ELIE(BW931)	Below	Minimum	Tolerance	 	 	 
2020	MCCREARY	RED SPRING WHEAT	AAC TISDALE (PT250)	6	955.0	1.321	Tonnes	48.5	Bushels
2020	MCCREARY	RED SPRING WHEAT	AAC VIEWFIELD <FP GENETICS>|BW965| EXP	Below	Minimum	Tolerance	 	 	 
2020	MCCREARY	RED SPRING WHEAT	CARDALE (BW429)	Below	Minimum	Tolerance	 	 	 
2020	MCCREARY	RED SPRING WHEAT	CDC PLENTIFUL (PT580)	Below	Minimum	Tolerance	 	 	 
2020	MCCREARY	RED SPRING WHEAT	GLENN	Below	Minimum	Tolerance	 	 	 
2020	MCCREARY	RED SPRING WHEAT	SY GABBRO <SYNGENTA>	Below	Minimum	Tolerance	 	 	 
2020	MINITONAS-BOWSMAN	RED SPRING WHEAT	AAC BRANDON (BW 932)	19	9,606.0	1.976	Tonnes	72.6	Bushels
2020	MINITONAS-BOWSMAN	RED SPRING WHEAT	AAC CONNERY |PT245|	3	1,185.0	1.876	Tonnes	68.9	Bushels
2020	MINITONAS-BOWSMAN	RED SPRING WHEAT	AAC REDBERRY	10	1,597.0	1.620	Tonnes	59.5	Bushels
2020	MINITONAS-BOWSMAN	RED SPRING WHEAT	AAC REDWATER (PT457)	Below	Minimum	Tolerance	 	 	 
2020	MINITONAS-BOWSMAN	RED SPRING WHEAT	AAC TISDALE (PT250)	Below	Minimum	Tolerance	 	 	 
2020	MINITONAS-BOWSMAN	RED SPRING WHEAT	AAC VIEWFIELD <FP GENETICS>|BW965| EXP	64	28,807.0	2.083	Tonnes	76.6	Bushels
2020	MINITONAS-BOWSMAN	RED SPRING WHEAT	AC SPLENDOR (BW 191)	Below	Minimum	Tolerance	 	 	 
2020	MINITONAS-BOWSMAN	RED SPRING WHEAT	BOLLES <SEED DEPOT>	Below	Minimum	Tolerance	 	 	 
2020	MINITONAS-BOWSMAN	RED SPRING WHEAT	CARDALE (BW429)	12	4,776.0	1.850	Tonnes	68.0	Bushels
2020	MINITONAS-BOWSMAN	RED SPRING WHEAT	MUCHMORE (BW875)	Below	Minimum	Tolerance	 	 	 
2020	MINTO-ODANAH	RED SPRING WHEAT	5604HR CL (BW 878)	Below	Minimum	Tolerance	 	 	 
2020	MINTO-ODANAH	RED SPRING WHEAT	5605HR CL (BW918)	Below	Minimum	Tolerance	 	 	 
2020	MINTO-ODANAH	RED SPRING WHEAT	AAC BRANDON (BW 932)	41	20,136.0	1.647	Tonnes	60.5	Bushels
2020	MINTO-ODANAH	RED SPRING WHEAT	AAC ELIE(BW931)	4	1,013.0	1.643	Tonnes	60.4	Bushels
2020	MINTO-ODANAH	RED SPRING WHEAT	AAC REDBERRY	9	3,297.0	1.492	Tonnes	54.8	Bushels
2020	MINTO-ODANAH	RED SPRING WHEAT	AAC TISDALE (PT250)	Below	Minimum	Tolerance	 	 	 
2020	MINTO-ODANAH	RED SPRING WHEAT	AAC VIEWFIELD <FP GENETICS>|BW965| EXP	10	5,470.0	1.628	Tonnes	59.8	Bushels
2020	MINTO-ODANAH	RED SPRING WHEAT	BOLLES <SEED DEPOT>	3	1,388.0	1.490	Tonnes	54.8	Bushels
2020	MINTO-ODANAH	RED SPRING WHEAT	CARDALE (BW429)	Below	Minimum	Tolerance	 	 	 
2020	MINTO-ODANAH	RED SPRING WHEAT	CDC PLENTIFUL (PT580)	Below	Minimum	Tolerance	 	 	 
2020	MINTO-ODANAH	RED SPRING WHEAT	SY GABBRO <SYNGENTA>	Below	Minimum	Tolerance	 	 	 
2020	MONTCALM	RED SPRING WHEAT	AAC BRANDON (BW 932)	60	18,390.0	1.853	Tonnes	68.1	Bushels
2020	MONTCALM	RED SPRING WHEAT	AAC ELIE(BW931)	Below	Minimum	Tolerance	 	 	 
2020	MONTCALM	RED SPRING WHEAT	AAC STARBUCK <SECAN>	Below	Minimum	Tolerance	 	 	 
2020	MONTCALM	RED SPRING WHEAT	AAC VIEWFIELD <FP GENETICS>|BW965| EXP	4	1,250.0	1.937	Tonnes	71.2	Bushels
2020	MONTCALM	RED SPRING WHEAT	CARBERRY (BW874)	Below	Minimum	Tolerance	 	 	 
2020	MONTCALM	RED SPRING WHEAT	SHELLY	Below	Minimum	Tolerance	 	 	 
2020	MORRIS	RED SPRING WHEAT	AAC BRANDON (BW 932)	110	39,754.1	1.817	Tonnes	66.8	Bushels
2020	MORRIS	RED SPRING WHEAT	AAC ELIE(BW931)	4	1,029.0	1.868	Tonnes	68.6	Bushels
2020	MORRIS	RED SPRING WHEAT	AAC STARBUCK <SECAN>	Below	Minimum	Tolerance	 	 	 
2020	MORRIS	RED SPRING WHEAT	AAC TISDALE (PT250)	Below	Minimum	Tolerance	 	 	 
2020	MORRIS	RED SPRING WHEAT	AAC VIEWFIELD <FP GENETICS>|BW965| EXP	12	4,668.0	2.024	Tonnes	74.4	Bushels
2020	MORRIS	RED SPRING WHEAT	AC BARRIE (BW 661)	Below	Minimum	Tolerance	 	 	 
2020	MORRIS	RED SPRING WHEAT	BOLLES <SEED DEPOT>	Below	Minimum	Tolerance	 	 	 
2020	MORRIS	RED SPRING WHEAT	CARDALE (BW429)	10	2,301.0	1.497	Tonnes	55.0	Bushels
2020	MORRIS	RED SPRING WHEAT	CS DAYBREAK <CANTERRA>	3	726.0	2.030	Tonnes	74.6	Bushels
2020	MORRIS	RED SPRING WHEAT	SY GABBRO <SYNGENTA>	Below	Minimum	Tolerance	 	 	 
2020	MOSSEY RIVER	RED SPRING WHEAT	AAC BRANDON (BW 932)	9	3,948.0	1.586	Tonnes	58.3	Bushels
2020	MOSSEY RIVER	RED SPRING WHEAT	AAC TISDALE (PT250)	4	924.0	1.632	Tonnes	60.0	Bushels
2020	MOSSEY RIVER	RED SPRING WHEAT	AAC VIEWFIELD <FP GENETICS>|BW965| EXP	3	964.0	1.844	Tonnes	67.7	Bushels
2020	MOSSEY RIVER	RED SPRING WHEAT	CARDALE (BW429)	5	1,204.0	1.794	Tonnes	65.9	Bushels
2020	MOSSEY RIVER	RED SPRING WHEAT	CDC STANLEY (BW880)	Below	Minimum	Tolerance	 	 	 
2020	MOUNTAIN	RED SPRING WHEAT	AAC BRANDON (BW 932)	8	2,144.0	1.812	Tonnes	66.6	Bushels
2020	MOUNTAIN	RED SPRING WHEAT	AAC CONNERY |PT245|	Below	Minimum	Tolerance	 	 	 
2020	MOUNTAIN	RED SPRING WHEAT	AAC ELIE(BW931)	3	998.0	1.793	Tonnes	65.9	Bushels
2020	MOUNTAIN	RED SPRING WHEAT	AAC REDBERRY	Below	Minimum	Tolerance	 	 	 
2020	MOUNTAIN	RED SPRING WHEAT	AAC VIEWFIELD <FP GENETICS>|BW965| EXP	18	6,113.0	1.949	Tonnes	71.6	Bushels
2020	MOUNTAIN	RED SPRING WHEAT	AC DOMAIN (BW 148)	Below	Minimum	Tolerance	 	 	 
2020	MOUNTAIN	RED SPRING WHEAT	AC INTREPID (BW 693)	Below	Minimum	Tolerance	 	 	 
2020	MOUNTAIN	RED SPRING WHEAT	CARBERRY (BW874)	Below	Minimum	Tolerance	 	 	 
2020	MOUNTAIN	RED SPRING WHEAT	CARDALE (BW429)	5	2,927.0	1.678	Tonnes	61.7	Bushels
2020	MOUNTAIN	RED SPRING WHEAT	CDC GO (BW781)	3	2,074.0	2.109	Tonnes	77.5	Bushels
2020	MOUNTAIN	RED SPRING WHEAT	CDC IMAGINE (BW758)(IMI)	4	2,171.0	1.711	Tonnes	62.9	Bushels
2020	MOUNTAIN	RED SPRING WHEAT	CDC LANDMARK	Below	Minimum	Tolerance	 	 	 
2020	MOUNTAIN	RED SPRING WHEAT	CDC PLENTIFUL (PT580)	Below	Minimum	Tolerance	 	 	 
2020	MOUNTAIN	RED SPRING WHEAT	CDC STANLEY (BW880)	3	1,028.0	1.760	Tonnes	64.7	Bushels
2020	MOUNTAIN	RED SPRING WHEAT	CDC VR MORRIS (BW423)	Below	Minimum	Tolerance	 	 	 
2020	MOUNTAIN	RED SPRING WHEAT	SUPERB (BW252)	Below	Minimum	Tolerance	 	 	 
2020	NORFOLK-TREHERNE	RED SPRING WHEAT	AAC BRANDON (BW 932)	46	20,475.0	1.711	Tonnes	62.9	Bushels
2020	NORFOLK-TREHERNE	RED SPRING WHEAT	AAC CONNERY |PT245|	Below	Minimum	Tolerance	 	 	 
2020	NORFOLK-TREHERNE	RED SPRING WHEAT	AAC ELIE(BW931)	Below	Minimum	Tolerance	 	 	 
2020	NORFOLK-TREHERNE	RED SPRING WHEAT	AAC REDBERRY	Below	Minimum	Tolerance	 	 	 
2020	NORFOLK-TREHERNE	RED SPRING WHEAT	AAC TISDALE (PT250)	9	1,357.0	1.812	Tonnes	66.6	Bushels
2020	NORFOLK-TREHERNE	RED SPRING WHEAT	CARBERRY (BW874)	Below	Minimum	Tolerance	 	 	 
2020	NORFOLK-TREHERNE	RED SPRING WHEAT	CARDALE (BW429)	3	943.0	1.710	Tonnes	62.8	Bushels
2020	NORFOLK-TREHERNE	RED SPRING WHEAT	CDC LANDMARK	Below	Minimum	Tolerance	 	 	 
2020	NORFOLK-TREHERNE	RED SPRING WHEAT	CDC TITANIUM <PROVEN>	Below	Minimum	Tolerance	 	 	 
2020	NORFOLK-TREHERNE	RED SPRING WHEAT	HARVEST (BW259)	Below	Minimum	Tolerance	 	 	 
2020	NORTH CYPRESS-LANGFORD	RED SPRING WHEAT	5604HR CL (BW 878)	Below	Minimum	Tolerance	 	 	 
2020	NORTH CYPRESS-LANGFORD	RED SPRING WHEAT	5605HR CL (BW918)	Below	Minimum	Tolerance	 	 	 
2020	NORTH CYPRESS-LANGFORD	RED SPRING WHEAT	AAC BRANDON (BW 932)	74	47,996.3	1.666	Tonnes	61.2	Bushels
2020	NORTH CYPRESS-LANGFORD	RED SPRING WHEAT	AAC CAMERON VB <CANTERRA>	Below	Minimum	Tolerance	 	 	 
2020	NORTH CYPRESS-LANGFORD	RED SPRING WHEAT	AAC ELIE(BW931)	9	5,111.0	1.600	Tonnes	58.8	Bushels
2020	NORTH CYPRESS-LANGFORD	RED SPRING WHEAT	AAC JATHARIA VB <SECAN> |BW483|	Below	Minimum	Tolerance	 	 	 
2020	NORTH CYPRESS-LANGFORD	RED SPRING WHEAT	AAC REDBERRY	3	580.0	1.593	Tonnes	58.5	Bushels
2020	NORTH CYPRESS-LANGFORD	RED SPRING WHEAT	AAC VIEWFIELD <FP GENETICS>|BW965| EXP	5	1,657.0	1.739	Tonnes	63.9	Bushels
2020	NORTH CYPRESS-LANGFORD	RED SPRING WHEAT	CDC PLENTIFUL (PT580)	Below	Minimum	Tolerance	 	 	 
2020	NORTH CYPRESS-LANGFORD	RED SPRING WHEAT	CDC STANLEY (BW880)	Below	Minimum	Tolerance	 	 	 
2020	NORTH NORFOLK	RED SPRING WHEAT	AAC BRANDON (BW 932)	55	21,789.0	1.621	Tonnes	59.6	Bushels
2020	NORTH NORFOLK	RED SPRING WHEAT	AAC ELIE(BW931)	5	1,649.0	1.539	Tonnes	56.5	Bushels
2020	NORTH NORFOLK	RED SPRING WHEAT	AAC REDBERRY	Below	Minimum	Tolerance	 	 	 
2020	NORTH NORFOLK	RED SPRING WHEAT	AAC STARBUCK <SECAN>	Below	Minimum	Tolerance	 	 	 
2020	NORTH NORFOLK	RED SPRING WHEAT	BOLLES <SEED DEPOT>	6	1,644.0	1.830	Tonnes	67.2	Bushels
2020	NORTH NORFOLK	RED SPRING WHEAT	CARDALE (BW429)	15	4,803.0	1.566	Tonnes	57.5	Bushels
2020	NORTH NORFOLK	RED SPRING WHEAT	SY TORACH <SYNGENTA>	Below	Minimum	Tolerance	 	 	 
2020	OAKLAND-WAWANESA	RED SPRING WHEAT	5605HR CL (BW918)	Below	Minimum	Tolerance	 	 	 
2020	OAKLAND-WAWANESA	RED SPRING WHEAT	AAC BRANDON (BW 932)	40	16,525.0	1.737	Tonnes	63.8	Bushels
2020	OAKLAND-WAWANESA	RED SPRING WHEAT	AAC CAMERON VB <CANTERRA>	Below	Minimum	Tolerance	 	 	 
2020	OAKLAND-WAWANESA	RED SPRING WHEAT	AAC ELIE(BW931)	3	2,469.0	1.925	Tonnes	70.7	Bushels
2020	OAKLAND-WAWANESA	RED SPRING WHEAT	AAC STARBUCK <SECAN>	Below	Minimum	Tolerance	 	 	 
2020	OAKLAND-WAWANESA	RED SPRING WHEAT	AAC TISDALE (PT250)	Below	Minimum	Tolerance	 	 	 
2020	OAKLAND-WAWANESA	RED SPRING WHEAT	AAC VIEWFIELD <FP GENETICS>|BW965| EXP	Below	Minimum	Tolerance	 	 	 
2020	OAKLAND-WAWANESA	RED SPRING WHEAT	AAC WHEATLAND <SECAN>	Below	Minimum	Tolerance	 	 	 
2020	OAKLAND-WAWANESA	RED SPRING WHEAT	AC BARRIE (BW 661)	Below	Minimum	Tolerance	 	 	 
2020	OAKLAND-WAWANESA	RED SPRING WHEAT	BOLLES <SEED DEPOT>	Below	Minimum	Tolerance	 	 	 
2020	OAKLAND-WAWANESA	RED SPRING WHEAT	CARDALE (BW429)	6	2,136.0	1.521	Tonnes	55.9	Bushels
2020	OAKLAND-WAWANESA	RED SPRING WHEAT	CDC PLENTIFUL (PT580)	Below	Minimum	Tolerance	 	 	 
2020	OAKVIEW	RED SPRING WHEAT	AAC ALIDA (BW980)	4	1,248.0	1.453	Tonnes	53.4	Bushels
2020	OAKVIEW	RED SPRING WHEAT	AAC BRANDON (BW 932)	59	24,693.0	1.577	Tonnes	57.9	Bushels
2020	OAKVIEW	RED SPRING WHEAT	AAC CAMERON VB <CANTERRA>	Below	Minimum	Tolerance	 	 	 
2020	OAKVIEW	RED SPRING WHEAT	AAC ELIE(BW931)	5	1,503.0	1.636	Tonnes	60.1	Bushels
2020	OAKVIEW	RED SPRING WHEAT	AAC REDBERRY	19	4,582.0	1.492	Tonnes	54.8	Bushels
2020	OAKVIEW	RED SPRING WHEAT	AAC STARBUCK <SECAN>	Below	Minimum	Tolerance	 	 	 
2020	OAKVIEW	RED SPRING WHEAT	AAC VIEWFIELD <FP GENETICS>|BW965| EXP	38	14,749.0	1.530	Tonnes	56.2	Bushels
2020	OAKVIEW	RED SPRING WHEAT	AAC WHEATLAND <SECAN>	Below	Minimum	Tolerance	 	 	 
2020	OAKVIEW	RED SPRING WHEAT	BOLLES <SEED DEPOT>	3	503.0	1.610	Tonnes	59.1	Bushels
2020	OAKVIEW	RED SPRING WHEAT	CARBERRY (BW874)	Below	Minimum	Tolerance	 	 	 
2020	OAKVIEW	RED SPRING WHEAT	CDC HUGHES <CPSC> |PT588|	Below	Minimum	Tolerance	 	 	 
2020	OAKVIEW	RED SPRING WHEAT	CDC LANDMARK	7	2,006.0	1.241	Tonnes	45.6	Bushels
2020	OAKVIEW	RED SPRING WHEAT	CDC PLENTIFUL (PT580)	Below	Minimum	Tolerance	 	 	 
2020	OAKVIEW	RED SPRING WHEAT	CDC UTMOST (BW 883)	Below	Minimum	Tolerance	 	 	 
2020	PEMBINA	RED SPRING WHEAT	AAC ALIDA (BW980)	Below	Minimum	Tolerance	 	 	 
2020	PEMBINA	RED SPRING WHEAT	AAC BRANDON (BW 932)	114	37,560.0	1.900	Tonnes	69.8	Bushels
2020	PEMBINA	RED SPRING WHEAT	AAC REDBERRY	Below	Minimum	Tolerance	 	 	 
2020	PEMBINA	RED SPRING WHEAT	AAC STARBUCK <SECAN>	Below	Minimum	Tolerance	 	 	 
2020	PEMBINA	RED SPRING WHEAT	AAC TISDALE (PT250)	13	1,752.0	1.606	Tonnes	59.0	Bushels
2020	PEMBINA	RED SPRING WHEAT	AAC VIEWFIELD <FP GENETICS>|BW965| EXP	Below	Minimum	Tolerance	 	 	 
2020	PEMBINA	RED SPRING WHEAT	AAC WHEATLAND <SECAN>	Below	Minimum	Tolerance	 	 	 
2020	PEMBINA	RED SPRING WHEAT	BOLLES <SEED DEPOT>	Below	Minimum	Tolerance	 	 	 
2020	PEMBINA	RED SPRING WHEAT	CARBERRY (BW874)	Below	Minimum	Tolerance	 	 	 
2020	PEMBINA	RED SPRING WHEAT	CDC HUGHES <CPSC> |PT588|	8	1,341.0	1.513	Tonnes	55.6	Bushels
2020	PEMBINA	RED SPRING WHEAT	CS DAYBREAK <CANTERRA>	Below	Minimum	Tolerance	 	 	 
2020	PEMBINA	RED SPRING WHEAT	SY TORACH <SYNGENTA>	7	1,476.0	2.131	Tonnes	78.3	Bushels
2020	PINEY	RED SPRING WHEAT	AAC BRANDON (BW 932)	3	2,676.0	1.174	Tonnes	43.2	Bushels
2020	PINEY	RED SPRING WHEAT	CARDALE (BW429)	Below	Minimum	Tolerance	 	 	 
2020	PIPESTONE	RED SPRING WHEAT	AAC ALIDA (BW980)	Below	Minimum	Tolerance	 	 	 
2020	PIPESTONE	RED SPRING WHEAT	AAC BRANDON (BW 932)	54	32,104.0	1.467	Tonnes	53.9	Bushels
2020	PIPESTONE	RED SPRING WHEAT	AAC ELIE(BW931)	10	5,246.0	1.523	Tonnes	55.9	Bushels
2020	PIPESTONE	RED SPRING WHEAT	AAC REDBERRY	3	896.0	1.397	Tonnes	51.3	Bushels
2020	PIPESTONE	RED SPRING WHEAT	AAC STARBUCK <SECAN>	Below	Minimum	Tolerance	 	 	 
2020	PIPESTONE	RED SPRING WHEAT	AAC TISDALE (PT250)	5	1,610.0	1.326	Tonnes	48.7	Bushels
2020	PIPESTONE	RED SPRING WHEAT	AAC VIEWFIELD <FP GENETICS>|BW965| EXP	13	4,818.0	1.540	Tonnes	56.6	Bushels
2020	PIPESTONE	RED SPRING WHEAT	CARBERRY (BW874)	Below	Minimum	Tolerance	 	 	 
2020	PIPESTONE	RED SPRING WHEAT	CARDALE (BW429)	Below	Minimum	Tolerance	 	 	 
2020	PIPESTONE	RED SPRING WHEAT	CDC HUGHES <CPSC> |PT588|	6	1,540.0	1.405	Tonnes	51.6	Bushels
2020	PIPESTONE	RED SPRING WHEAT	CDC LANDMARK	Below	Minimum	Tolerance	 	 	 
2020	PIPESTONE	RED SPRING WHEAT	SY TORACH <SYNGENTA>	4	1,360.0	1.487	Tonnes	54.6	Bushels
2020	PORTAGE LA PRAIRIE	RED SPRING WHEAT	AAC BRANDON (BW 932)	122	74,604.0	1.871	Tonnes	68.8	Bushels
2020	PORTAGE LA PRAIRIE	RED SPRING WHEAT	AAC ELIE(BW931)	Below	Minimum	Tolerance	 	 	 
2020	PORTAGE LA PRAIRIE	RED SPRING WHEAT	AAC STARBUCK <SECAN>	5	930.0	1.992	Tonnes	73.2	Bushels
2020	PORTAGE LA PRAIRIE	RED SPRING WHEAT	AAC VIEWFIELD <FP GENETICS>|BW965| EXP	11	3,160.0	1.674	Tonnes	61.5	Bushels
2020	PORTAGE LA PRAIRIE	RED SPRING WHEAT	BOLLES <SEED DEPOT>	4	1,225.0	1.931	Tonnes	71.0	Bushels
2020	PORTAGE LA PRAIRIE	RED SPRING WHEAT	CARBERRY (BW874)	3	902.0	1.495	Tonnes	54.9	Bushels
2020	PORTAGE LA PRAIRIE	RED SPRING WHEAT	CARDALE (BW429)	11	1,922.0	1.561	Tonnes	57.4	Bushels
2020	PORTAGE LA PRAIRIE	RED SPRING WHEAT	PT599 <SECAN>	Below	Minimum	Tolerance	 	 	 
2020	PRAIRIE LAKES	RED SPRING WHEAT	5605HR CL (BW918)	Below	Minimum	Tolerance	 	 	 
2020	PRAIRIE LAKES	RED SPRING WHEAT	AAC BRANDON (BW 932)	69	36,273.0	1.683	Tonnes	61.9	Bushels
2020	PRAIRIE LAKES	RED SPRING WHEAT	AAC CAMERON VB <CANTERRA>	10	2,094.0	1.495	Tonnes	54.9	Bushels
2020	PRAIRIE LAKES	RED SPRING WHEAT	AAC ELIE(BW931)	3	1,318.0	2.037	Tonnes	74.8	Bushels
2020	PRAIRIE LAKES	RED SPRING WHEAT	AAC REDBERRY	4	1,092.0	1.770	Tonnes	65.0	Bushels
2020	PRAIRIE LAKES	RED SPRING WHEAT	AAC STARBUCK <SECAN>	Below	Minimum	Tolerance	 	 	 
2020	PRAIRIE LAKES	RED SPRING WHEAT	AAC TISDALE (PT250)	Below	Minimum	Tolerance	 	 	 
2020	PRAIRIE LAKES	RED SPRING WHEAT	AAC VIEWFIELD <FP GENETICS>|BW965| EXP	Below	Minimum	Tolerance	 	 	 
2020	PRAIRIE LAKES	RED SPRING WHEAT	AAC WHEATLAND <SECAN>	Below	Minimum	Tolerance	 	 	 
2020	PRAIRIE LAKES	RED SPRING WHEAT	AC BARRIE (BW 661)	Below	Minimum	Tolerance	 	 	 
2020	PRAIRIE LAKES	RED SPRING WHEAT	CARDALE (BW429)	5	2,084.0	1.326	Tonnes	48.7	Bushels
2020	PRAIRIE LAKES	RED SPRING WHEAT	CDC PLENTIFUL (PT580)	Below	Minimum	Tolerance	 	 	 
2020	PRAIRIE LAKES	RED SPRING WHEAT	GLENN	Below	Minimum	Tolerance	 	 	 
2020	PRAIRIE LAKES	RED SPRING WHEAT	SY TORACH <SYNGENTA>	Below	Minimum	Tolerance	 	 	 
2020	PRAIRIE VIEW	RED SPRING WHEAT	AAC ALIDA (BW980)	5	2,505.0	1.742	Tonnes	64.0	Bushels
2020	PRAIRIE VIEW	RED SPRING WHEAT	AAC BRANDON (BW 932)	44	12,737.0	1.530	Tonnes	56.2	Bushels
2020	PRAIRIE VIEW	RED SPRING WHEAT	AAC CAMERON VB <CANTERRA>	3	1,151.0	1.905	Tonnes	70.0	Bushels
2020	PRAIRIE VIEW	RED SPRING WHEAT	AAC ELIE(BW931)	Below	Minimum	Tolerance	 	 	 
2020	PRAIRIE VIEW	RED SPRING WHEAT	AAC LEROY VB <ALLIANCE>	Below	Minimum	Tolerance	 	 	 
2020	PRAIRIE VIEW	RED SPRING WHEAT	AAC REDBERRY	35	13,933.0	1.679	Tonnes	61.7	Bushels
2020	PRAIRIE VIEW	RED SPRING WHEAT	AAC REDWATER (PT457)	5	1,034.0	1.164	Tonnes	42.8	Bushels
2020	PRAIRIE VIEW	RED SPRING WHEAT	AAC STARBUCK <SECAN>	Below	Minimum	Tolerance	 	 	 
2020	PRAIRIE VIEW	RED SPRING WHEAT	AAC TISDALE (PT250)	Below	Minimum	Tolerance	 	 	 
2020	PRAIRIE VIEW	RED SPRING WHEAT	AAC VIEWFIELD <FP GENETICS>|BW965| EXP	46	23,464.0	1.473	Tonnes	54.1	Bushels
2020	PRAIRIE VIEW	RED SPRING WHEAT	AAC WHEATLAND <SECAN>	Below	Minimum	Tolerance	 	 	 
2020	PRAIRIE VIEW	RED SPRING WHEAT	BOLLES <SEED DEPOT>	20	11,257.0	1.718	Tonnes	63.1	Bushels
2020	PRAIRIE VIEW	RED SPRING WHEAT	CARBERRY (BW874)	Below	Minimum	Tolerance	 	 	 
2020	PRAIRIE VIEW	RED SPRING WHEAT	CARDALE (BW429)	Below	Minimum	Tolerance	 	 	 
2020	PRAIRIE VIEW	RED SPRING WHEAT	CDC LANDMARK	14	4,191.0	1.692	Tonnes	62.2	Bushels
2020	PRAIRIE VIEW	RED SPRING WHEAT	CDC PLENTIFUL (PT580)	Below	Minimum	Tolerance	 	 	 
2020	PRAIRIE VIEW	RED SPRING WHEAT	GLENN	3	1,464.0	1.665	Tonnes	61.2	Bushels
2020	PRAIRIE VIEW	RED SPRING WHEAT	PT599 <SECAN>	Below	Minimum	Tolerance	 	 	 
2020	PRAIRIE VIEW	RED SPRING WHEAT	SY GABBRO <SYNGENTA>	Below	Minimum	Tolerance	 	 	 
2020	REYNOLDS	RED SPRING WHEAT	AAC BRANDON (BW 932)	6	1,158.0	1.287	Tonnes	47.3	Bushels
2020	RHINELAND	RED SPRING WHEAT	AAC BRANDON (BW 932)	148	30,732.0	1.836	Tonnes	67.5	Bushels
2020	RHINELAND	RED SPRING WHEAT	AAC ELIE(BW931)	5	1,093.0	1.805	Tonnes	66.3	Bushels
2020	RHINELAND	RED SPRING WHEAT	AAC STARBUCK <SECAN>	Below	Minimum	Tolerance	 	 	 
2020	RHINELAND	RED SPRING WHEAT	AAC WHEATLAND <SECAN>	Below	Minimum	Tolerance	 	 	 
2020	RHINELAND	RED SPRING WHEAT	AC BARRIE (BW 661)	Below	Minimum	Tolerance	 	 	 
2020	RHINELAND	RED SPRING WHEAT	AC DOMAIN (BW 148)	Below	Minimum	Tolerance	 	 	 
2020	RHINELAND	RED SPRING WHEAT	SY TORACH <SYNGENTA>	Below	Minimum	Tolerance	 	 	 
2020	RIDING MOUNTAIN WEST	RED SPRING WHEAT	5604HR CL (BW 878)	Below	Minimum	Tolerance	 	 	 
2020	RIDING MOUNTAIN WEST	RED SPRING WHEAT	AAC ALIDA (BW980)	4	1,878.0	1.709	Tonnes	62.8	Bushels
2020	RIDING MOUNTAIN WEST	RED SPRING WHEAT	AAC BRANDON (BW 932)	40	17,131.0	1.765	Tonnes	64.9	Bushels
2020	RIDING MOUNTAIN WEST	RED SPRING WHEAT	AAC CAMERON VB <CANTERRA>	Below	Minimum	Tolerance	 	 	 
2020	RIDING MOUNTAIN WEST	RED SPRING WHEAT	AAC ELIE(BW931)	3	1,490.0	1.514	Tonnes	55.6	Bushels
2020	RIDING MOUNTAIN WEST	RED SPRING WHEAT	AAC LEROY VB <ALLIANCE>	Below	Minimum	Tolerance	 	 	 
2020	RIDING MOUNTAIN WEST	RED SPRING WHEAT	AAC REDBERRY	23	6,653.0	1.738	Tonnes	63.9	Bushels
2020	RIDING MOUNTAIN WEST	RED SPRING WHEAT	AAC REDWATER (PT457)	Below	Minimum	Tolerance	 	 	 
2020	RIDING MOUNTAIN WEST	RED SPRING WHEAT	AAC STARBUCK <SECAN>	Below	Minimum	Tolerance	 	 	 
2020	RIDING MOUNTAIN WEST	RED SPRING WHEAT	AAC TISDALE (PT250)	Below	Minimum	Tolerance	 	 	 
2020	RIDING MOUNTAIN WEST	RED SPRING WHEAT	AAC VIEWFIELD <FP GENETICS>|BW965| EXP	22	8,347.0	1.788	Tonnes	65.7	Bushels
2020	RIDING MOUNTAIN WEST	RED SPRING WHEAT	AAC WHEATLAND <SECAN>	Below	Minimum	Tolerance	 	 	 
2020	RIDING MOUNTAIN WEST	RED SPRING WHEAT	BOLLES <SEED DEPOT>	23	8,425.0	1.768	Tonnes	65.0	Bushels
2020	RIDING MOUNTAIN WEST	RED SPRING WHEAT	CARBERRY (BW874)	Below	Minimum	Tolerance	 	 	 
2020	RIDING MOUNTAIN WEST	RED SPRING WHEAT	CDC BRADWELL <SECAN> |BW472|	Below	Minimum	Tolerance	 	 	 
2020	RIDING MOUNTAIN WEST	RED SPRING WHEAT	CDC LANDMARK	31	15,421.0	1.734	Tonnes	63.7	Bushels
2020	RIDING MOUNTAIN WEST	RED SPRING WHEAT	CDC PLENTIFUL (PT580)	4	697.0	2.001	Tonnes	73.5	Bushels
2020	RIDING MOUNTAIN WEST	RED SPRING WHEAT	CDC TITANIUM <PROVEN>	Below	Minimum	Tolerance	 	 	 
2020	RIDING MOUNTAIN WEST	RED SPRING WHEAT	GLENN	Below	Minimum	Tolerance	 	 	 
2020	RIDING MOUNTAIN WEST	RED SPRING WHEAT	SY GABBRO <SYNGENTA>	Below	Minimum	Tolerance	 	 	 
2020	RITCHOT	RED SPRING WHEAT	AAC BRANDON (BW 932)	27	10,518.0	1.925	Tonnes	70.7	Bushels
2020	RITCHOT	RED SPRING WHEAT	AAC ELIE(BW931)	Below	Minimum	Tolerance	 	 	 
2020	RITCHOT	RED SPRING WHEAT	AAC VIEWFIELD <FP GENETICS>|BW965| EXP	7	642.0	1.991	Tonnes	73.2	Bushels
2020	RITCHOT	RED SPRING WHEAT	CARDALE (BW429)	Below	Minimum	Tolerance	 	 	 
2020	RITCHOT	RED SPRING WHEAT	SY GABBRO <SYNGENTA>	Below	Minimum	Tolerance	 	 	 
2020	RIVERDALE	RED SPRING WHEAT	AAC ALIDA (BW980)	Below	Minimum	Tolerance	 	 	 
2020	RIVERDALE	RED SPRING WHEAT	AAC BRANDON (BW 932)	45	20,224.0	1.567	Tonnes	57.6	Bushels
2020	RIVERDALE	RED SPRING WHEAT	AAC CAMERON VB <CANTERRA>	Below	Minimum	Tolerance	 	 	 
2020	RIVERDALE	RED SPRING WHEAT	AAC REDBERRY	Below	Minimum	Tolerance	 	 	 
2020	RIVERDALE	RED SPRING WHEAT	AAC VIEWFIELD <FP GENETICS>|BW965| EXP	5	1,405.0	1.324	Tonnes	48.6	Bushels
2020	RIVERDALE	RED SPRING WHEAT	BOLLES <SEED DEPOT>	Below	Minimum	Tolerance	 	 	 
2020	RIVERDALE	RED SPRING WHEAT	CDC PLENTIFUL (PT580)	Below	Minimum	Tolerance	 	 	 
2020	ROCKWOOD	RED SPRING WHEAT	AAC BRANDON (BW 932)	62	22,658.2	1.664	Tonnes	61.1	Bushels
2020	ROCKWOOD	RED SPRING WHEAT	AAC CONNERY |PT245|	Below	Minimum	Tolerance	 	 	 
2020	ROCKWOOD	RED SPRING WHEAT	AAC ELIE(BW931)	8	2,524.0	1.791	Tonnes	65.8	Bushels
2020	ROCKWOOD	RED SPRING WHEAT	AAC LEROY VB <ALLIANCE>	Below	Minimum	Tolerance	 	 	 
2020	ROCKWOOD	RED SPRING WHEAT	AAC STARBUCK <SECAN>	Below	Minimum	Tolerance	 	 	 
2020	ROCKWOOD	RED SPRING WHEAT	AAC VIEWFIELD <FP GENETICS>|BW965| EXP	Below	Minimum	Tolerance	 	 	 
2020	ROCKWOOD	RED SPRING WHEAT	BOLLES <SEED DEPOT>	4	910.0	1.648	Tonnes	60.6	Bushels
2020	ROCKWOOD	RED SPRING WHEAT	CARDALE (BW429)	Below	Minimum	Tolerance	 	 	 
2020	ROCKWOOD	RED SPRING WHEAT	CDC HUGHES <CPSC> |PT588|	Below	Minimum	Tolerance	 	 	 
2020	ROCKWOOD	RED SPRING WHEAT	GLENN	Below	Minimum	Tolerance	 	 	 
2020	ROLAND	RED SPRING WHEAT	AAC BAILEY (BW901)	Below	Minimum	Tolerance	 	 	 
2020	ROLAND	RED SPRING WHEAT	AAC BRANDON (BW 932)	61	17,558.0	1.845	Tonnes	67.8	Bushels
2020	ROLAND	RED SPRING WHEAT	AAC ELIE(BW931)	Below	Minimum	Tolerance	 	 	 
2020	ROLAND	RED SPRING WHEAT	AAC STARBUCK <SECAN>	Below	Minimum	Tolerance	 	 	 
2020	ROLAND	RED SPRING WHEAT	AC BARRIE (BW 661)	Below	Minimum	Tolerance	 	 	 
2020	ROLAND	RED SPRING WHEAT	BOLLES <SEED DEPOT>	5	518.0	2.113	Tonnes	77.6	Bushels
2020	ROLAND	RED SPRING WHEAT	CARDALE (BW429)	9	3,143.0	1.812	Tonnes	66.6	Bushels
2020	ROLAND	RED SPRING WHEAT	CDC HUGHES <CPSC> |PT588|	Below	Minimum	Tolerance	 	 	 
2020	ROLAND	RED SPRING WHEAT	PT599 <SECAN>	Below	Minimum	Tolerance	 	 	 
2020	ROLAND	RED SPRING WHEAT	SY TORACH <SYNGENTA>	Below	Minimum	Tolerance	 	 	 
2020	ROSEDALE	RED SPRING WHEAT	5605HR CL (BW918)	Below	Minimum	Tolerance	 	 	 
2020	ROSEDALE	RED SPRING WHEAT	AAC BRANDON (BW 932)	34	12,072.0	1.806	Tonnes	66.4	Bushels
2020	ROSEDALE	RED SPRING WHEAT	AAC ELIE(BW931)	4	2,922.0	1.641	Tonnes	60.3	Bushels
2020	ROSEDALE	RED SPRING WHEAT	AAC REDBERRY	5	2,113.0	1.865	Tonnes	68.5	Bushels
2020	ROSEDALE	RED SPRING WHEAT	AAC VIEWFIELD <FP GENETICS>|BW965| EXP	10	4,819.0	1.735	Tonnes	63.7	Bushels
2020	ROSEDALE	RED SPRING WHEAT	AC BARRIE (BW 661)	Below	Minimum	Tolerance	 	 	 
2020	ROSEDALE	RED SPRING WHEAT	BOLLES <SEED DEPOT>	4	684.0	2.028	Tonnes	74.5	Bushels
2020	ROSEDALE	RED SPRING WHEAT	CDC PLENTIFUL (PT580)	Below	Minimum	Tolerance	 	 	 
2020	ROSSBURN	RED SPRING WHEAT	AAC BRANDON (BW 932)	36	14,125.0	1.671	Tonnes	61.4	Bushels
2020	ROSSBURN	RED SPRING WHEAT	AAC REDBERRY	9	2,994.0	1.576	Tonnes	57.9	Bushels
2020	ROSSBURN	RED SPRING WHEAT	AAC REDWATER (PT457)	Below	Minimum	Tolerance	 	 	 
2020	ROSSBURN	RED SPRING WHEAT	AAC VIEWFIELD <FP GENETICS>|BW965| EXP	7	2,664.0	1.577	Tonnes	57.9	Bushels
2020	ROSSBURN	RED SPRING WHEAT	BOLLES <SEED DEPOT>	10	1,904.0	1.717	Tonnes	63.1	Bushels
2020	ROSSBURN	RED SPRING WHEAT	CARDALE (BW429)	Below	Minimum	Tolerance	 	 	 
2020	ROSSBURN	RED SPRING WHEAT	CDC LANDMARK	Below	Minimum	Tolerance	 	 	 
2020	ROSSBURN	RED SPRING WHEAT	CDC PLENTIFUL (PT580)	Below	Minimum	Tolerance	 	 	 
2020	ROSSBURN	RED SPRING WHEAT	CDC VR MORRIS (BW423)	Below	Minimum	Tolerance	 	 	 
2020	ROSSBURN	RED SPRING WHEAT	GLENN	Below	Minimum	Tolerance	 	 	 
2020	ROSSBURN	RED SPRING WHEAT	SY GABBRO <SYNGENTA>	Below	Minimum	Tolerance	 	 	 
2020	ROSSER	RED SPRING WHEAT	AAC BRANDON (BW 932)	35	16,118.0	1.934	Tonnes	71.1	Bushels
2020	ROSSER	RED SPRING WHEAT	AAC ELIE(BW931)	5	1,842.0	1.708	Tonnes	62.8	Bushels
2020	ROSSER	RED SPRING WHEAT	AAC STARBUCK <SECAN>	Below	Minimum	Tolerance	 	 	 
2020	ROSSER	RED SPRING WHEAT	AAC VIEWFIELD <FP GENETICS>|BW965| EXP	3	1,970.0	2.221	Tonnes	81.6	Bushels
2020	ROSSER	RED SPRING WHEAT	CARBERRY (BW874)	Below	Minimum	Tolerance	 	 	 
2020	ROSSER	RED SPRING WHEAT	CARDALE (BW429)	Below	Minimum	Tolerance	 	 	 
2020	ROSSER	RED SPRING WHEAT	SY TORACH <SYNGENTA>	Below	Minimum	Tolerance	 	 	 
2020	RUSSELL-BINSCARTH	RED SPRING WHEAT	AAC ALIDA (BW980)	Below	Minimum	Tolerance	 	 	 
2020	RUSSELL-BINSCARTH	RED SPRING WHEAT	AAC BRANDON (BW 932)	13	3,443.0	1.764	Tonnes	64.8	Bushels
2020	RUSSELL-BINSCARTH	RED SPRING WHEAT	AAC CAMERON VB <CANTERRA>	Below	Minimum	Tolerance	 	 	 
2020	RUSSELL-BINSCARTH	RED SPRING WHEAT	AAC ELIE(BW931)	3	1,139.0	1.637	Tonnes	60.2	Bushels
2020	RUSSELL-BINSCARTH	RED SPRING WHEAT	AAC REDBERRY	10	4,798.0	1.816	Tonnes	66.7	Bushels
2020	RUSSELL-BINSCARTH	RED SPRING WHEAT	AAC VIEWFIELD <FP GENETICS>|BW965| EXP	Below	Minimum	Tolerance	 	 	 
2020	RUSSELL-BINSCARTH	RED SPRING WHEAT	AAC WHEATLAND <SECAN>	Below	Minimum	Tolerance	 	 	 
2020	RUSSELL-BINSCARTH	RED SPRING WHEAT	BOLLES <SEED DEPOT>	4	535.0	1.858	Tonnes	68.3	Bushels
2020	RUSSELL-BINSCARTH	RED SPRING WHEAT	CARBERRY (BW874)	Below	Minimum	Tolerance	 	 	 
2020	RUSSELL-BINSCARTH	RED SPRING WHEAT	CDC LANDMARK	10	5,875.0	1.646	Tonnes	60.5	Bushels
2020	RUSSELL-BINSCARTH	RED SPRING WHEAT	CDC PLENTIFUL (PT580)	3	710.0	1.727	Tonnes	63.5	Bushels
2020	RUSSELL-BINSCARTH	RED SPRING WHEAT	FIELDSTAR VB	Below	Minimum	Tolerance	 	 	 
2020	RUSSELL-BINSCARTH	RED SPRING WHEAT	GLENN	Below	Minimum	Tolerance	 	 	 
2020	RUSSELL-BINSCARTH	RED SPRING WHEAT	SY SOVITE <SYNGENTA> |BW1011||08S2133-18	Below	Minimum	Tolerance	 	 	 
2020	SIFTON	RED SPRING WHEAT	5605HR CL (BW918)	Below	Minimum	Tolerance	 	 	 
2020	SIFTON	RED SPRING WHEAT	AAC BRANDON (BW 932)	18	4,883.0	1.386	Tonnes	50.9	Bushels
2020	SIFTON	RED SPRING WHEAT	AAC ELIE(BW931)	Below	Minimum	Tolerance	 	 	 
2020	SIFTON	RED SPRING WHEAT	AAC TISDALE (PT250)	Below	Minimum	Tolerance	 	 	 
2020	SIFTON	RED SPRING WHEAT	CDC PLENTIFUL (PT580)	Below	Minimum	Tolerance	 	 	 
2020	SOURIS-GLENWOOD	RED SPRING WHEAT	5605HR CL (BW918)	Below	Minimum	Tolerance	 	 	 
2020	SOURIS-GLENWOOD	RED SPRING WHEAT	AAC ALIDA (BW980)	Below	Minimum	Tolerance	 	 	 
2020	SOURIS-GLENWOOD	RED SPRING WHEAT	AAC BRANDON (BW 932)	30	17,478.0	1.733	Tonnes	63.7	Bushels
2020	SOURIS-GLENWOOD	RED SPRING WHEAT	AAC ELIE(BW931)	Below	Minimum	Tolerance	 	 	 
2020	SOURIS-GLENWOOD	RED SPRING WHEAT	AAC TISDALE (PT250)	3	2,205.0	1.577	Tonnes	57.9	Bushels
2020	SOURIS-GLENWOOD	RED SPRING WHEAT	AAC VIEWFIELD <FP GENETICS>|BW965| EXP	9	3,374.0	1.675	Tonnes	61.6	Bushels
2020	SOURIS-GLENWOOD	RED SPRING WHEAT	CARDALE (BW429)	Below	Minimum	Tolerance	 	 	 
2020	SOURIS-GLENWOOD	RED SPRING WHEAT	CDC LANDMARK	Below	Minimum	Tolerance	 	 	 
2020	SOURIS-GLENWOOD	RED SPRING WHEAT	CDC PLENTIFUL (PT580)	Below	Minimum	Tolerance	 	 	 
2020	SPRINGFIELD	RED SPRING WHEAT	AAC BRANDON (BW 932)	46	14,143.0	1.887	Tonnes	69.3	Bushels
2020	SPRINGFIELD	RED SPRING WHEAT	AAC CONNERY |PT245|	Below	Minimum	Tolerance	 	 	 
2020	SPRINGFIELD	RED SPRING WHEAT	AAC ELIE(BW931)	3	705.0	1.896	Tonnes	69.7	Bushels
2020	SPRINGFIELD	RED SPRING WHEAT	AAC STARBUCK <SECAN>	Below	Minimum	Tolerance	 	 	 
2020	SPRINGFIELD	RED SPRING WHEAT	AAC TISDALE (PT250)	Below	Minimum	Tolerance	 	 	 
2020	SPRINGFIELD	RED SPRING WHEAT	AAC VIEWFIELD <FP GENETICS>|BW965| EXP	4	1,690.0	2.305	Tonnes	84.7	Bushels
2020	SPRINGFIELD	RED SPRING WHEAT	BOLLES <SEED DEPOT>	8	1,480.0	1.961	Tonnes	72.1	Bushels
2020	SPRINGFIELD	RED SPRING WHEAT	CARDALE (BW429)	Below	Minimum	Tolerance	 	 	 
2020	SPRINGFIELD	RED SPRING WHEAT	CDC STANLEY (BW880)	Below	Minimum	Tolerance	 	 	 
2020	SPRINGFIELD	RED SPRING WHEAT	CS DAYBREAK <CANTERRA>	Below	Minimum	Tolerance	 	 	 
2020	ST. ANDREWS	RED SPRING WHEAT	AAC BRANDON (BW 932)	34	16,459.0	1.927	Tonnes	70.8	Bushels
2020	ST. ANDREWS	RED SPRING WHEAT	AAC ELIE(BW931)	11	4,938.0	1.645	Tonnes	60.4	Bushels
2020	ST. ANDREWS	RED SPRING WHEAT	AAC VIEWFIELD <FP GENETICS>|BW965| EXP	Below	Minimum	Tolerance	 	 	 
2020	ST. ANDREWS	RED SPRING WHEAT	BOLLES <SEED DEPOT>	5	932.0	1.911	Tonnes	70.2	Bushels
2020	ST. ANDREWS	RED SPRING WHEAT	CARDALE (BW429)	4	1,395.0	2.069	Tonnes	76.0	Bushels
2020	ST. ANDREWS	RED SPRING WHEAT	CDC GO (BW781)	Below	Minimum	Tolerance	 	 	 
2020	ST. ANDREWS	RED SPRING WHEAT	CS DAYBREAK <CANTERRA>	3	990.0	1.764	Tonnes	64.8	Bushels
2020	ST. ANDREWS	RED SPRING WHEAT	GLENN	Below	Minimum	Tolerance	 	 	 
2020	ST. ANDREWS	RED SPRING WHEAT	SY TORACH <SYNGENTA>	Below	Minimum	Tolerance	 	 	 
2020	ST. CLEMENTS	RED SPRING WHEAT	AAC BRANDON (BW 932)	28	7,973.0	1.737	Tonnes	63.8	Bushels
2020	ST. CLEMENTS	RED SPRING WHEAT	AAC ELIE(BW931)	9	3,122.0	1.935	Tonnes	71.1	Bushels
2020	ST. CLEMENTS	RED SPRING WHEAT	AAC VIEWFIELD <FP GENETICS>|BW965| EXP	8	2,318.0	2.093	Tonnes	76.9	Bushels
2020	ST. CLEMENTS	RED SPRING WHEAT	CS DAYBREAK <CANTERRA>	Below	Minimum	Tolerance	 	 	 
2020	ST. CLEMENTS	RED SPRING WHEAT	KANE (BW342)	Below	Minimum	Tolerance	 	 	 
2020	ST. FRANCIS XAVIER	RED SPRING WHEAT	AAC BRANDON (BW 932)	20	6,457.0	1.815	Tonnes	66.7	Bushels
2020	ST. FRANCIS XAVIER	RED SPRING WHEAT	AAC VIEWFIELD <FP GENETICS>|BW965| EXP	Below	Minimum	Tolerance	 	 	 
2020	ST. FRANCIS XAVIER	RED SPRING WHEAT	CARDALE (BW429)	Below	Minimum	Tolerance	 	 	 
2020	ST. LAURENT	RED SPRING WHEAT	AAC BRANDON (BW 932)	3	871.0	0.750	Tonnes	27.6	Bushels
2020	STANLEY	RED SPRING WHEAT	AAC BRANDON (BW 932)	84	15,544.0	1.857	Tonnes	68.2	Bushels
2020	STANLEY	RED SPRING WHEAT	AAC ELIE(BW931)	12	3,147.0	1.828	Tonnes	67.2	Bushels
2020	STANLEY	RED SPRING WHEAT	AAC STARBUCK <SECAN>	Below	Minimum	Tolerance	 	 	 
2020	STANLEY	RED SPRING WHEAT	AAC TISDALE (PT250)	3	879.0	1.520	Tonnes	55.8	Bushels
2020	STANLEY	RED SPRING WHEAT	AAC VIEWFIELD <FP GENETICS>|BW965| EXP	Below	Minimum	Tolerance	 	 	 
2020	STANLEY	RED SPRING WHEAT	CARBERRY (BW874)	Below	Minimum	Tolerance	 	 	 
2020	STANLEY	RED SPRING WHEAT	CARDALE (BW429)	5	708.0	1.885	Tonnes	69.3	Bushels
2020	STANLEY	RED SPRING WHEAT	CDC HUGHES <CPSC> |PT588|	Below	Minimum	Tolerance	 	 	 
2020	STE. ANNE	RED SPRING WHEAT	AAC BRANDON (BW 932)	25	4,097.0	1.856	Tonnes	68.2	Bushels
2020	STE. ANNE	RED SPRING WHEAT	CARDALE (BW429)	Below	Minimum	Tolerance	 	 	 
2020	STE. ROSE	RED SPRING WHEAT	AAC BRANDON (BW 932)	19	8,740.0	1.749	Tonnes	64.3	Bushels
2020	STE. ROSE	RED SPRING WHEAT	AAC CONNERY |PT245|	Below	Minimum	Tolerance	 	 	 
2020	STE. ROSE	RED SPRING WHEAT	AAC REDWATER (PT457)	Below	Minimum	Tolerance	 	 	 
2020	STE. ROSE	RED SPRING WHEAT	AAC TISDALE (PT250)	9	2,168.0	1.546	Tonnes	56.8	Bushels
2020	STE. ROSE	RED SPRING WHEAT	AAC VIEWFIELD <FP GENETICS>|BW965| EXP	Below	Minimum	Tolerance	 	 	 
2020	STE. ROSE	RED SPRING WHEAT	BOLLES <SEED DEPOT>	Below	Minimum	Tolerance	 	 	 
2020	STE. ROSE	RED SPRING WHEAT	CARDALE (BW429)	Below	Minimum	Tolerance	 	 	 
2020	STE. ROSE	RED SPRING WHEAT	SY GABBRO <SYNGENTA>	Below	Minimum	Tolerance	 	 	 
2020	SWAN VALLEY WEST	RED SPRING WHEAT	AAC BRANDON (BW 932)	26	11,111.0	1.811	Tonnes	66.5	Bushels
2020	SWAN VALLEY WEST	RED SPRING WHEAT	AAC CAMERON VB <CANTERRA>	Below	Minimum	Tolerance	 	 	 
2020	SWAN VALLEY WEST	RED SPRING WHEAT	AAC CONNERY |PT245|	5	2,039.0	1.612	Tonnes	59.2	Bushels
2020	SWAN VALLEY WEST	RED SPRING WHEAT	AAC REDBERRY	9	3,112.0	1.569	Tonnes	57.7	Bushels
2020	SWAN VALLEY WEST	RED SPRING WHEAT	AAC REDSTAR <SECAN> |PT488|	Below	Minimum	Tolerance	 	 	 
2020	SWAN VALLEY WEST	RED SPRING WHEAT	AAC RUSSELL <FP GENETICS>	Below	Minimum	Tolerance	 	 	 
2020	SWAN VALLEY WEST	RED SPRING WHEAT	AAC TISDALE (PT250)	8	1,140.0	1.523	Tonnes	56.0	Bushels
2020	SWAN VALLEY WEST	RED SPRING WHEAT	AAC VIEWFIELD <FP GENETICS>|BW965| EXP	77	42,496.0	1.971	Tonnes	72.4	Bushels
2020	SWAN VALLEY WEST	RED SPRING WHEAT	AAC WARMAN VB <SECAN>	Below	Minimum	Tolerance	 	 	 
2020	SWAN VALLEY WEST	RED SPRING WHEAT	AC DOMAIN (BW 148)	Below	Minimum	Tolerance	 	 	 
2020	SWAN VALLEY WEST	RED SPRING WHEAT	AC STETTLER <SECAN> |BW867|	4	962.0	1.606	Tonnes	59.0	Bushels
2020	SWAN VALLEY WEST	RED SPRING WHEAT	BOLLES <SEED DEPOT>	6	1,374.0	1.845	Tonnes	67.8	Bushels
2020	SWAN VALLEY WEST	RED SPRING WHEAT	BW 5044	Below	Minimum	Tolerance	 	 	 
2020	SWAN VALLEY WEST	RED SPRING WHEAT	CARDALE (BW429)	Below	Minimum	Tolerance	 	 	 
2020	SWAN VALLEY WEST	RED SPRING WHEAT	CDC ABOUND (BW824)	Below	Minimum	Tolerance	 	 	 
2020	SWAN VALLEY WEST	RED SPRING WHEAT	CDC LANDMARK	4	981.0	1.732	Tonnes	63.6	Bushels
2020	SWAN VALLEY WEST	RED SPRING WHEAT	CDC PLENTIFUL (PT580)	4	828.0	1.417	Tonnes	52.1	Bushels
2020	SWAN VALLEY WEST	RED SPRING WHEAT	CDC STANLEY (BW880)	Below	Minimum	Tolerance	 	 	 
2020	SWAN VALLEY WEST	RED SPRING WHEAT	MUCHMORE (BW875)	Below	Minimum	Tolerance	 	 	 
2020	SWAN VALLEY WEST	RED SPRING WHEAT	SY GABBRO <SYNGENTA>	Below	Minimum	Tolerance	 	 	 
2020	TACHE	RED SPRING WHEAT	AAC BRANDON (BW 932)	52	12,553.0	1.844	Tonnes	67.8	Bushels
2020	TACHE	RED SPRING WHEAT	AAC ELIE(BW931)	Below	Minimum	Tolerance	 	 	 
2020	TACHE	RED SPRING WHEAT	AAC STARBUCK <SECAN>	Below	Minimum	Tolerance	 	 	 
2020	TACHE	RED SPRING WHEAT	AAC VIEWFIELD <FP GENETICS>|BW965| EXP	Below	Minimum	Tolerance	 	 	 
2020	TACHE	RED SPRING WHEAT	BOLLES <SEED DEPOT>	Below	Minimum	Tolerance	 	 	 
2020	TACHE	RED SPRING WHEAT	CARBERRY (BW874)	Below	Minimum	Tolerance	 	 	 
2020	TACHE	RED SPRING WHEAT	CDC BRADWELL <SECAN> |BW472|	Below	Minimum	Tolerance	 	 	 
2020	TACHE	RED SPRING WHEAT	CDC STANLEY (BW880)	Below	Minimum	Tolerance	 	 	 
2020	THOMPSON	RED SPRING WHEAT	AAC ALIDA (BW980)	Below	Minimum	Tolerance	 	 	 
2020	THOMPSON	RED SPRING WHEAT	AAC BRANDON (BW 932)	51	15,441.0	1.799	Tonnes	66.1	Bushels
2020	THOMPSON	RED SPRING WHEAT	AAC ELIE(BW931)	Below	Minimum	Tolerance	 	 	 
2020	THOMPSON	RED SPRING WHEAT	AAC VIEWFIELD <FP GENETICS>|BW965| EXP	Below	Minimum	Tolerance	 	 	 
2020	THOMPSON	RED SPRING WHEAT	BOLLES <SEED DEPOT>	Below	Minimum	Tolerance	 	 	 
2020	THOMPSON	RED SPRING WHEAT	CARBERRY (BW874)	Below	Minimum	Tolerance	 	 	 
2020	THOMPSON	RED SPRING WHEAT	CARDALE (BW429)	Below	Minimum	Tolerance	 	 	 
2020	THOMPSON	RED SPRING WHEAT	SY TORACH <SYNGENTA>	Below	Minimum	Tolerance	 	 	 
2020	TWO BORDERS	RED SPRING WHEAT	5500HR (BW 245)	Below	Minimum	Tolerance	 	 	 
2020	TWO BORDERS	RED SPRING WHEAT	5604HR CL (BW 878)	Below	Minimum	Tolerance	 	 	 
2020	TWO BORDERS	RED SPRING WHEAT	AAC ALIDA (BW980)	Below	Minimum	Tolerance	 	 	 
2020	TWO BORDERS	RED SPRING WHEAT	AAC BRANDON (BW 932)	80	44,332.5	1.600	Tonnes	58.8	Bushels
2020	TWO BORDERS	RED SPRING WHEAT	AAC CAMERON VB <CANTERRA>	4	2,177.0	1.321	Tonnes	48.5	Bushels
2020	TWO BORDERS	RED SPRING WHEAT	AAC ELIE(BW931)	49	27,266.5	1.544	Tonnes	56.7	Bushels
2020	TWO BORDERS	RED SPRING WHEAT	AAC REDBERRY	Below	Minimum	Tolerance	 	 	 
2020	TWO BORDERS	RED SPRING WHEAT	AAC TISDALE (PT250)	Below	Minimum	Tolerance	 	 	 
2020	TWO BORDERS	RED SPRING WHEAT	AAC VIEWFIELD <FP GENETICS>|BW965| EXP	8	3,244.0	1.431	Tonnes	52.6	Bushels
2020	TWO BORDERS	RED SPRING WHEAT	CARBERRY (BW874)	6	2,885.0	1.380	Tonnes	50.7	Bushels
2020	TWO BORDERS	RED SPRING WHEAT	CDC GO (BW781)	Below	Minimum	Tolerance	 	 	 
2020	TWO BORDERS	RED SPRING WHEAT	CDC HUGHES <CPSC> |PT588|	Below	Minimum	Tolerance	 	 	 
2020	TWO BORDERS	RED SPRING WHEAT	CDC PLENTIFUL (PT580)	Below	Minimum	Tolerance	 	 	 
2020	TWO BORDERS	RED SPRING WHEAT	GLENN	Below	Minimum	Tolerance	 	 	 
2020	TWO BORDERS	RED SPRING WHEAT	SY TORACH <SYNGENTA>	13	3,359.0	1.566	Tonnes	57.6	Bushels
2020	UNORG TERRITORY	RED SPRING WHEAT	AAC BRANDON (BW 932)	3	882.0	1.618	Tonnes	59.5	Bushels
2020	UNORG TERRITORY	RED SPRING WHEAT	AAC TISDALE (PT250)	Below	Minimum	Tolerance	 	 	 
2020	UNORG TERRITORY	RED SPRING WHEAT	CARBERRY (BW874)	Below	Minimum	Tolerance	 	 	 
2020	VICTORIA	RED SPRING WHEAT	AAC BRANDON (BW 932)	27	8,419.0	1.839	Tonnes	67.6	Bushels
2020	VICTORIA	RED SPRING WHEAT	AAC ELIE(BW931)	6	1,841.0	1.705	Tonnes	62.6	Bushels
2020	VICTORIA	RED SPRING WHEAT	AAC REDBERRY	Below	Minimum	Tolerance	 	 	 
2020	VICTORIA	RED SPRING WHEAT	AAC TISDALE (PT250)	4	742.0	1.783	Tonnes	65.5	Bushels
2020	VICTORIA	RED SPRING WHEAT	CARDALE (BW429)	4	737.0	1.196	Tonnes	43.9	Bushels
2020	VICTORIA	RED SPRING WHEAT	CDC TITANIUM <PROVEN>	Below	Minimum	Tolerance	 	 	 
2020	VICTORIA	RED SPRING WHEAT	SY TORACH <SYNGENTA>	Below	Minimum	Tolerance	 	 	 
2020	WALLACE-WOODWORTH	RED SPRING WHEAT	AAC ALIDA (BW980)	3	739.0	2.069	Tonnes	76.0	Bushels
2020	WALLACE-WOODWORTH	RED SPRING WHEAT	AAC BRANDON (BW 932)	106	48,658.0	1.774	Tonnes	65.2	Bushels
2020	WALLACE-WOODWORTH	RED SPRING WHEAT	AAC CAMERON VB <CANTERRA>	Below	Minimum	Tolerance	 	 	 
2020	WALLACE-WOODWORTH	RED SPRING WHEAT	AAC CONNERY |PT245|	Below	Minimum	Tolerance	 	 	 
2020	WALLACE-WOODWORTH	RED SPRING WHEAT	AAC ELIE(BW931)	9	3,615.0	1.853	Tonnes	68.1	Bushels
2020	WALLACE-WOODWORTH	RED SPRING WHEAT	AAC REDBERRY	8	1,525.0	1.607	Tonnes	59.0	Bushels
2020	WALLACE-WOODWORTH	RED SPRING WHEAT	AAC STARBUCK <SECAN>	Below	Minimum	Tolerance	 	 	 
2020	WALLACE-WOODWORTH	RED SPRING WHEAT	AAC TISDALE (PT250)	14	3,543.0	1.490	Tonnes	54.7	Bushels
2020	WALLACE-WOODWORTH	RED SPRING WHEAT	AAC VIEWFIELD <FP GENETICS>|BW965| EXP	26	10,614.0	1.617	Tonnes	59.4	Bushels
2020	WALLACE-WOODWORTH	RED SPRING WHEAT	AAC WHEATLAND <SECAN>	Below	Minimum	Tolerance	 	 	 
2020	WALLACE-WOODWORTH	RED SPRING WHEAT	AC BARRIE (BW 661)	Below	Minimum	Tolerance	 	 	 
2020	WALLACE-WOODWORTH	RED SPRING WHEAT	BOLLES <SEED DEPOT>	15	3,536.0	1.463	Tonnes	53.8	Bushels
2020	WALLACE-WOODWORTH	RED SPRING WHEAT	CDC HUGHES <CPSC> |PT588|	Below	Minimum	Tolerance	 	 	 
2020	WALLACE-WOODWORTH	RED SPRING WHEAT	CDC LANDMARK	3	608.0	1.734	Tonnes	63.7	Bushels
2020	WALLACE-WOODWORTH	RED SPRING WHEAT	CDC ORTONA <PROVEN>	Below	Minimum	Tolerance	 	 	 
2020	WALLACE-WOODWORTH	RED SPRING WHEAT	CDC PLENTIFUL (PT580)	Below	Minimum	Tolerance	 	 	 
2020	WALLACE-WOODWORTH	RED SPRING WHEAT	CS DAYBREAK <CANTERRA>	Below	Minimum	Tolerance	 	 	 
2020	WALLACE-WOODWORTH	RED SPRING WHEAT	GLENN	3	1,565.0	1.454	Tonnes	53.4	Bushels
2020	WALLACE-WOODWORTH	RED SPRING WHEAT	MUCHMORE (BW875)	Below	Minimum	Tolerance	 	 	 
2020	WALLACE-WOODWORTH	RED SPRING WHEAT	SY TORACH <SYNGENTA>	4	955.0	1.855	Tonnes	68.2	Bushels
2020	WEST INTERLAKE	RED SPRING WHEAT	AAC BRANDON (BW 932)	6	2,094.0	1.182	Tonnes	43.4	Bushels
2020	WEST INTERLAKE	RED SPRING WHEAT	AAC VIEWFIELD <FP GENETICS>|BW965| EXP	Below	Minimum	Tolerance	 	 	 
2020	WEST INTERLAKE	RED SPRING WHEAT	CARDALE (BW429)	Below	Minimum	Tolerance	 	 	 
2020	WEST ST. PAUL	RED SPRING WHEAT	AAC BRANDON (BW 932)	4	724.0	1.468	Tonnes	53.9	Bushels
2020	WEST ST. PAUL	RED SPRING WHEAT	AAC ELIE(BW931)	Below	Minimum	Tolerance	 	 	 
2020	WEST ST. PAUL	RED SPRING WHEAT	BOLLES <SEED DEPOT>	Below	Minimum	Tolerance	 	 	 
2020	WEST ST. PAUL	RED SPRING WHEAT	SY TORACH <SYNGENTA>	Below	Minimum	Tolerance	 	 	 
2020	WESTLAKE-GLADSTONE	RED SPRING WHEAT	AAC BRANDON (BW 932)	75	49,160.0	1.782	Tonnes	65.5	Bushels
2020	WESTLAKE-GLADSTONE	RED SPRING WHEAT	AAC ELIE(BW931)	11	5,654.0	1.562	Tonnes	57.4	Bushels
2020	WESTLAKE-GLADSTONE	RED SPRING WHEAT	AAC LEROY VB <ALLIANCE>	Below	Minimum	Tolerance	 	 	 
2020	WESTLAKE-GLADSTONE	RED SPRING WHEAT	AAC REDBERRY	5	1,370.0	1.407	Tonnes	51.7	Bushels
2020	WESTLAKE-GLADSTONE	RED SPRING WHEAT	AAC STARBUCK <SECAN>	Below	Minimum	Tolerance	 	 	 
2020	WESTLAKE-GLADSTONE	RED SPRING WHEAT	AAC VIEWFIELD <FP GENETICS>|BW965| EXP	Below	Minimum	Tolerance	 	 	 
2020	WESTLAKE-GLADSTONE	RED SPRING WHEAT	BOLLES <SEED DEPOT>	4	1,432.0	2.095	Tonnes	77.0	Bushels
2020	WESTLAKE-GLADSTONE	RED SPRING WHEAT	CARBERRY (BW874)	3	835.0	1.693	Tonnes	62.2	Bushels
2020	WESTLAKE-GLADSTONE	RED SPRING WHEAT	PT599 <SECAN>	Below	Minimum	Tolerance	 	 	 
2020	WESTLAKE-GLADSTONE	RED SPRING WHEAT	SY TORACH <SYNGENTA>	Below	Minimum	Tolerance	 	 	 
2020	WHITEHEAD	RED SPRING WHEAT	5605HR CL (BW918)	Below	Minimum	Tolerance	 	 	 
2020	WHITEHEAD	RED SPRING WHEAT	AAC BRANDON (BW 932)	52	22,899.0	1.493	Tonnes	54.8	Bushels
2020	WHITEHEAD	RED SPRING WHEAT	AAC CAMERON VB <CANTERRA>	3	520.0	1.972	Tonnes	72.4	Bushels
2020	WHITEHEAD	RED SPRING WHEAT	AAC ELIE(BW931)	3	1,825.0	1.093	Tonnes	40.2	Bushels
2020	WHITEHEAD	RED SPRING WHEAT	AAC VIEWFIELD <FP GENETICS>|BW965| EXP	5	1,544.0	1.097	Tonnes	40.3	Bushels
2020	WHITEHEAD	RED SPRING WHEAT	CDC LANDMARK	Below	Minimum	Tolerance	 	 	 
2020	WHITEHEAD	RED SPRING WHEAT	CS DAYBREAK <CANTERRA>	Below	Minimum	Tolerance	 	 	 
2020	WHITEMOUTH	RED SPRING WHEAT	AAC BRANDON (BW 932)	10	2,496.0	1.468	Tonnes	54.0	Bushels
2020	WHITEMOUTH	RED SPRING WHEAT	AAC ELIE(BW931)	Below	Minimum	Tolerance	 	 	 
2020	WHITEMOUTH	RED SPRING WHEAT	CDC TITANIUM <PROVEN>	Below	Minimum	Tolerance	 	 	 
2020	WHITEMOUTH	RED SPRING WHEAT	GLENN	Below	Minimum	Tolerance	 	 	 
2020	WHITEMOUTH	RED SPRING WHEAT	SY TORACH <SYNGENTA>	Below	Minimum	Tolerance	 	 	 
2020	WINNIPEG	RED SPRING WHEAT	AAC BRANDON (BW 932)	9	2,620.0	1.943	Tonnes	71.4	Bushels
2020	WINNIPEG	RED SPRING WHEAT	AAC STARBUCK <SECAN>	Below	Minimum	Tolerance	 	 	 
2020	WINNIPEG	RED SPRING WHEAT	AAC VIEWFIELD <FP GENETICS>|BW965| EXP	3	714.0	1.873	Tonnes	68.8	Bushels
2020	WOODLANDS	RED SPRING WHEAT	AAC BRANDON (BW 932)	46	19,037.0	1.665	Tonnes	61.2	Bushels
2020	WOODLANDS	RED SPRING WHEAT	AAC REDBERRY	Below	Minimum	Tolerance	 	 	 
2020	WOODLANDS	RED SPRING WHEAT	AAC STARBUCK <SECAN>	Below	Minimum	Tolerance	 	 	 
2020	WOODLANDS	RED SPRING WHEAT	AAC VIEWFIELD <FP GENETICS>|BW965| EXP	Below	Minimum	Tolerance	 	 	 
2020	WOODLANDS	RED SPRING WHEAT	CARBERRY (BW874)	Below	Minimum	Tolerance	 	 	 
2020	WOODLANDS	RED SPRING WHEAT	CARDALE (BW429)	Below	Minimum	Tolerance	 	 	 
2020	WOODLANDS	RED SPRING WHEAT	CS DAYBREAK <CANTERRA>	Below	Minimum	Tolerance	 	 	 
2020	WOODLANDS	RED SPRING WHEAT	PT599 <SECAN>	Below	Minimum	Tolerance	 	 	 
2020	WOODLANDS	RED SPRING WHEAT	SY TORACH <SYNGENTA>	Below	Minimum	Tolerance	 	 	 
2020	YELLOWHEAD	RED SPRING WHEAT	AAC BRANDON (BW 932)	23	9,768.0	1.610	Tonnes	59.2	Bushels
2020	YELLOWHEAD	RED SPRING WHEAT	AAC CAMERON VB <CANTERRA>	Below	Minimum	Tolerance	 	 	 
2020	YELLOWHEAD	RED SPRING WHEAT	AAC ELIE(BW931)	7	2,935.0	1.599	Tonnes	58.8	Bushels
2020	YELLOWHEAD	RED SPRING WHEAT	AAC LEROY VB <ALLIANCE>	Below	Minimum	Tolerance	 	 	 
2020	YELLOWHEAD	RED SPRING WHEAT	AAC REDBERRY	28	11,502.0	1.573	Tonnes	57.8	Bushels
2020	YELLOWHEAD	RED SPRING WHEAT	AAC REDWATER (PT457)	Below	Minimum	Tolerance	 	 	 
2020	YELLOWHEAD	RED SPRING WHEAT	AAC STARBUCK <SECAN>	Below	Minimum	Tolerance	 	 	 
2020	YELLOWHEAD	RED SPRING WHEAT	AAC VIEWFIELD <FP GENETICS>|BW965| EXP	22	13,757.0	1.477	Tonnes	54.3	Bushels
2020	YELLOWHEAD	RED SPRING WHEAT	AAC WHEATLAND <SECAN>	Below	Minimum	Tolerance	 	 	 
2020	YELLOWHEAD	RED SPRING WHEAT	BOLLES <SEED DEPOT>	10	5,241.0	1.918	Tonnes	70.5	Bushels
2020	YELLOWHEAD	RED SPRING WHEAT	CARDALE (BW429)	Below	Minimum	Tolerance	 	 	 
2020	YELLOWHEAD	RED SPRING WHEAT	CDC LANDMARK	Below	Minimum	Tolerance	 	 	 
2020	YELLOWHEAD	RED SPRING WHEAT	CDC PLENTIFUL (PT580)	Below	Minimum	Tolerance	 	 	 
2020	YELLOWHEAD	RED SPRING WHEAT	GLENN	Below	Minimum	Tolerance	 	 	 
2020	YELLOWHEAD	RED SPRING WHEAT	SY GABBRO <SYNGENTA>	Below	Minimum	Tolerance	 	 	 
2020	YELLOWHEAD	RED SPRING WHEAT	SY TORACH <SYNGENTA>	Below	Minimum	Tolerance	 	 	 
2021	ALEXANDER	RED SPRING WHEAT	AAC BRANDON (BW 932)	Below	Minimum	Tolerance	 	 	 
2021	ALEXANDER	RED SPRING WHEAT	AAC ELIE(BW931)	3	1,872.0	2.474	Tonnes	90.9	Bushels
2021	ALEXANDER	RED SPRING WHEAT	AAC REDBERRY	Below	Minimum	Tolerance	 	 	 
2021	ALEXANDER	RED SPRING WHEAT	AAC STARBUCK <SECAN>	Below	Minimum	Tolerance	 	 	 
2021	ALEXANDER	RED SPRING WHEAT	AAC VIEWFIELD <FP GENETICS>|BW965| EXP	3	1,983.0	2.105	Tonnes	77.3	Bushels
2021	ALEXANDER	RED SPRING WHEAT	CARBERRY (BW874)	Below	Minimum	Tolerance	 	 	 
2021	ALEXANDER	RED SPRING WHEAT	CARDALE (BW429)	Below	Minimum	Tolerance	 	 	 
2021	ALEXANDER	RED SPRING WHEAT	CS DAYBREAK <CANTERRA>	Below	Minimum	Tolerance	 	 	 
2021	ALONSA	RED SPRING WHEAT	AAC BRANDON (BW 932)	10	3,283.0	0.941	Tonnes	34.6	Bushels
2021	ALONSA	RED SPRING WHEAT	AAC ELIE(BW931)	Below	Minimum	Tolerance	 	 	 
2021	ALONSA	RED SPRING WHEAT	AAC REDBERRY	Below	Minimum	Tolerance	 	 	 
2021	ALONSA	RED SPRING WHEAT	AAC STARBUCK <SECAN>	3	2,216.0	0.764	Tonnes	28.1	Bushels
2021	ALONSA	RED SPRING WHEAT	AAC VIEWFIELD <FP GENETICS>|BW965| EXP	Below	Minimum	Tolerance	 	 	 
2021	ALONSA	RED SPRING WHEAT	AC BARRIE (BW 661)	Below	Minimum	Tolerance	 	 	 
2021	ALONSA	RED SPRING WHEAT	BOLLES <SEED DEPOT>	Below	Minimum	Tolerance	 	 	 
2021	ARGYLE	RED SPRING WHEAT	AAC BRANDON (BW 932)	61	25,595.3	1.274	Tonnes	46.8	Bushels
2021	ARGYLE	RED SPRING WHEAT	AAC CAMERON VB <CANTERRA>	Below	Minimum	Tolerance	 	 	 
2021	ARGYLE	RED SPRING WHEAT	AAC LEROY VB <ALLIANCE>	Below	Minimum	Tolerance	 	 	 
2021	ARGYLE	RED SPRING WHEAT	AAC REDBERRY	Below	Minimum	Tolerance	 	 	 
2021	ARGYLE	RED SPRING WHEAT	AAC STARBUCK <SECAN>	13	2,076.0	1.428	Tonnes	52.5	Bushels
2021	ARGYLE	RED SPRING WHEAT	AAC TISDALE (PT250)	Below	Minimum	Tolerance	 	 	 
2021	ARGYLE	RED SPRING WHEAT	AAC WHEATLAND <SECAN>	Below	Minimum	Tolerance	 	 	 
2021	ARGYLE	RED SPRING WHEAT	AC BARRIE (BW 661)	Below	Minimum	Tolerance	 	 	 
2021	ARGYLE	RED SPRING WHEAT	AC DOMAIN (BW 148)	Below	Minimum	Tolerance	 	 	 
2021	ARGYLE	RED SPRING WHEAT	CARBERRY (BW874)	Below	Minimum	Tolerance	 	 	 
2021	ARGYLE	RED SPRING WHEAT	CARDALE (BW429)	Below	Minimum	Tolerance	 	 	 
2021	ARGYLE	RED SPRING WHEAT	CDC TITANIUM <PROVEN>	Below	Minimum	Tolerance	 	 	 
2021	ARMSTRONG	RED SPRING WHEAT	AAC BRANDON (BW 932)	5	883.0	0.564	Tonnes	20.7	Bushels
2021	ARMSTRONG	RED SPRING WHEAT	AAC ELIE(BW931)	Below	Minimum	Tolerance	 	 	 
2021	ARMSTRONG	RED SPRING WHEAT	AAC VIEWFIELD <FP GENETICS>|BW965| EXP	Below	Minimum	Tolerance	 	 	 
2021	ARMSTRONG	RED SPRING WHEAT	CDC TITANIUM <PROVEN>	Below	Minimum	Tolerance	 	 	 
2021	ARMSTRONG	RED SPRING WHEAT	SY TORACH <SYNGENTA>	Below	Minimum	Tolerance	 	 	 
2021	BIFROST-RIVERTON	RED SPRING WHEAT	AAC BRANDON (BW 932)	33	12,482.0	0.853	Tonnes	31.4	Bushels
2021	BIFROST-RIVERTON	RED SPRING WHEAT	AAC LEROY VB <ALLIANCE>	10	1,553.0	1.040	Tonnes	38.2	Bushels
2021	BIFROST-RIVERTON	RED SPRING WHEAT	AAC STARBUCK <SECAN>	29	7,417.0	1.032	Tonnes	37.9	Bushels
2021	BIFROST-RIVERTON	RED SPRING WHEAT	AAC VIEWFIELD <FP GENETICS>|BW965| EXP	36	12,621.0	1.094	Tonnes	40.2	Bushels
2021	BIFROST-RIVERTON	RED SPRING WHEAT	AC BARRIE (BW 661)	3	1,380.0	0.985	Tonnes	36.2	Bushels
2021	BIFROST-RIVERTON	RED SPRING WHEAT	CARDALE (BW429)	Below	Minimum	Tolerance	 	 	 
2021	BIFROST-RIVERTON	RED SPRING WHEAT	CDC HUGHES <CPSC> |PT588|	Below	Minimum	Tolerance	 	 	 
2021	BIFROST-RIVERTON	RED SPRING WHEAT	CDC STANLEY (BW880)	Below	Minimum	Tolerance	 	 	 
2021	BIFROST-RIVERTON	RED SPRING WHEAT	CDC TEAL (BW 616)	Below	Minimum	Tolerance	 	 	 
2021	BIFROST-RIVERTON	RED SPRING WHEAT	CS DAYBREAK <CANTERRA>	Below	Minimum	Tolerance	 	 	 
2021	BIFROST-RIVERTON	RED SPRING WHEAT	SY TORACH <SYNGENTA>	6	1,016.0	1.014	Tonnes	37.2	Bushels
2021	BOISSEVAIN-MORTON	RED SPRING WHEAT	AAC BRANDON (BW 932)	40	18,659.0	1.379	Tonnes	50.7	Bushels
2021	BOISSEVAIN-MORTON	RED SPRING WHEAT	AAC CAMERON VB <CANTERRA>	Below	Minimum	Tolerance	 	 	 
2021	BOISSEVAIN-MORTON	RED SPRING WHEAT	AAC ELIE(BW931)	7	3,082.0	1.492	Tonnes	54.8	Bushels
2021	BOISSEVAIN-MORTON	RED SPRING WHEAT	AAC HOCKLEY |BW5044|	Below	Minimum	Tolerance	 	 	 
2021	BOISSEVAIN-MORTON	RED SPRING WHEAT	AAC HODGE |BW1069|	Below	Minimum	Tolerance	 	 	 
2021	BOISSEVAIN-MORTON	RED SPRING WHEAT	AAC LEROY VB <ALLIANCE>	3	612.0	1.510	Tonnes	55.5	Bushels
2021	BOISSEVAIN-MORTON	RED SPRING WHEAT	AAC MAGNET |BW 1045, BJ14*A01135|	Below	Minimum	Tolerance	 	 	 
2021	BOISSEVAIN-MORTON	RED SPRING WHEAT	AAC REDBERRY	4	1,313.0	1.298	Tonnes	47.7	Bushels
2021	BOISSEVAIN-MORTON	RED SPRING WHEAT	AAC STARBUCK <SECAN>	17	7,056.0	1.439	Tonnes	52.9	Bushels
2021	BOISSEVAIN-MORTON	RED SPRING WHEAT	AAC TISDALE (PT250)	Below	Minimum	Tolerance	 	 	 
2021	BOISSEVAIN-MORTON	RED SPRING WHEAT	AAC VIEWFIELD <FP GENETICS>|BW965| EXP	Below	Minimum	Tolerance	 	 	 
2021	BOISSEVAIN-MORTON	RED SPRING WHEAT	AAC WHEATLAND <SECAN>	16	4,908.0	1.462	Tonnes	53.7	Bushels
2021	BOISSEVAIN-MORTON	RED SPRING WHEAT	CARDALE (BW429)	Below	Minimum	Tolerance	 	 	 
2021	BOISSEVAIN-MORTON	RED SPRING WHEAT	CDC SKRUSH |PT599|	Below	Minimum	Tolerance	 	 	 
2021	BOISSEVAIN-MORTON	RED SPRING WHEAT	SY CAST	Below	Minimum	Tolerance	 	 	 
2021	BRENDA-WASKADA	RED SPRING WHEAT	AAC BRANDON (BW 932)	49	32,141.5	1.332	Tonnes	48.9	Bushels
2021	BRENDA-WASKADA	RED SPRING WHEAT	AAC ELIE(BW931)	17	10,407.0	1.185	Tonnes	43.5	Bushels
2021	BRENDA-WASKADA	RED SPRING WHEAT	AAC LEROY VB <ALLIANCE>	Below	Minimum	Tolerance	 	 	 
2021	BRENDA-WASKADA	RED SPRING WHEAT	AAC REDBERRY	4	1,425.0	1.347	Tonnes	49.5	Bushels
2021	BRENDA-WASKADA	RED SPRING WHEAT	AAC STARBUCK <SECAN>	5	1,813.0	1.257	Tonnes	46.2	Bushels
2021	BRENDA-WASKADA	RED SPRING WHEAT	AAC TISDALE (PT250)	Below	Minimum	Tolerance	 	 	 
2021	BRENDA-WASKADA	RED SPRING WHEAT	AAC WHEATLAND <SECAN>	Below	Minimum	Tolerance	 	 	 
2021	BRENDA-WASKADA	RED SPRING WHEAT	CDC BOUNTY (BW720,W93079)	Below	Minimum	Tolerance	 	 	 
2021	BRENDA-WASKADA	RED SPRING WHEAT	CDC PLENTIFUL (PT580)	Below	Minimum	Tolerance	 	 	 
2021	BRENDA-WASKADA	RED SPRING WHEAT	HARVEST (BW259)	Below	Minimum	Tolerance	 	 	 
2021	BROKENHEAD	RED SPRING WHEAT	AAC BRANDON (BW 932)	21	6,343.0	1.668	Tonnes	61.3	Bushels
2021	BROKENHEAD	RED SPRING WHEAT	AAC ELIE(BW931)	6	1,582.0	1.973	Tonnes	72.5	Bushels
2021	BROKENHEAD	RED SPRING WHEAT	AAC LEROY VB <ALLIANCE>	4	757.0	1.632	Tonnes	60.0	Bushels
2021	BROKENHEAD	RED SPRING WHEAT	AAC STARBUCK <SECAN>	4	604.0	1.376	Tonnes	50.6	Bushels
2021	BROKENHEAD	RED SPRING WHEAT	AAC TISDALE (PT250)	Below	Minimum	Tolerance	 	 	 
2021	BROKENHEAD	RED SPRING WHEAT	AAC VIEWFIELD <FP GENETICS>|BW965| EXP	32	8,762.0	1.842	Tonnes	67.7	Bushels
2021	BROKENHEAD	RED SPRING WHEAT	BOLLES <SEED DEPOT>	3	814.0	1.570	Tonnes	57.7	Bushels
2021	BROKENHEAD	RED SPRING WHEAT	CARBERRY (BW874)	Below	Minimum	Tolerance	 	 	 
2021	BROKENHEAD	RED SPRING WHEAT	CARDALE (BW429)	3	748.0	1.331	Tonnes	48.9	Bushels
2021	BROKENHEAD	RED SPRING WHEAT	CDC ORTONA <PROVEN>	5	819.0	1.445	Tonnes	53.1	Bushels
2021	BROKENHEAD	RED SPRING WHEAT	CDC STANLEY (BW880)	Below	Minimum	Tolerance	 	 	 
2021	BROKENHEAD	RED SPRING WHEAT	CS DAYBREAK <CANTERRA>	Below	Minimum	Tolerance	 	 	 
2021	BROKENHEAD	RED SPRING WHEAT	GLENN	Below	Minimum	Tolerance	 	 	 
2021	CARTIER	RED SPRING WHEAT	AAC BRANDON (BW 932)	38	16,612.0	1.425	Tonnes	52.4	Bushels
2021	CARTIER	RED SPRING WHEAT	AAC ELIE(BW931)	Below	Minimum	Tolerance	 	 	 
2021	CARTIER	RED SPRING WHEAT	AAC STARBUCK <SECAN>	21	4,853.0	1.383	Tonnes	50.8	Bushels
2021	CARTIER	RED SPRING WHEAT	CARBERRY (BW874)	Below	Minimum	Tolerance	 	 	 
2021	CARTIER	RED SPRING WHEAT	SY GABBRO <SYNGENTA>	3	905.0	1.160	Tonnes	42.6	Bushels
2021	CARTWRIGHT-ROBLIN	RED SPRING WHEAT	5605HR CL (BW918)	Below	Minimum	Tolerance	 	 	 
2021	CARTWRIGHT-ROBLIN	RED SPRING WHEAT	AAC BRANDON (BW 932)	39	15,843.0	1.445	Tonnes	53.1	Bushels
2021	CARTWRIGHT-ROBLIN	RED SPRING WHEAT	AAC CAMERON VB <CANTERRA>	Below	Minimum	Tolerance	 	 	 
2021	CARTWRIGHT-ROBLIN	RED SPRING WHEAT	AAC ELIE(BW931)	Below	Minimum	Tolerance	 	 	 
2021	CARTWRIGHT-ROBLIN	RED SPRING WHEAT	AAC LEROY VB <ALLIANCE>	Below	Minimum	Tolerance	 	 	 
2021	CARTWRIGHT-ROBLIN	RED SPRING WHEAT	AAC REDBERRY	5	829.0	1.405	Tonnes	51.6	Bushels
2021	CARTWRIGHT-ROBLIN	RED SPRING WHEAT	AAC STARBUCK <SECAN>	16	3,808.0	1.501	Tonnes	55.2	Bushels
2021	CARTWRIGHT-ROBLIN	RED SPRING WHEAT	AAC WHEATLAND <SECAN>	8	2,152.0	1.376	Tonnes	50.6	Bushels
2021	CARTWRIGHT-ROBLIN	RED SPRING WHEAT	CARBERRY (BW874)	Below	Minimum	Tolerance	 	 	 
2021	CARTWRIGHT-ROBLIN	RED SPRING WHEAT	HARVEST (BW259)	Below	Minimum	Tolerance	 	 	 
2021	CARTWRIGHT-ROBLIN	RED SPRING WHEAT	PT599 <SECAN>	Below	Minimum	Tolerance	 	 	 
2021	CARTWRIGHT-ROBLIN	RED SPRING WHEAT	SY BRAWN	Below	Minimum	Tolerance	 	 	 
2021	CARTWRIGHT-ROBLIN	RED SPRING WHEAT	SY CAST	Below	Minimum	Tolerance	 	 	 
2021	CLANWILLIAM-ERICKSON	RED SPRING WHEAT	AAC BRANDON (BW 932)	3	1,199.0	1.764	Tonnes	64.8	Bushels
2021	CLANWILLIAM-ERICKSON	RED SPRING WHEAT	AAC CAMERON VB <CANTERRA>	Below	Minimum	Tolerance	 	 	 
2021	CLANWILLIAM-ERICKSON	RED SPRING WHEAT	AAC REDBERRY	8	2,482.0	1.329	Tonnes	48.8	Bushels
2021	CLANWILLIAM-ERICKSON	RED SPRING WHEAT	AAC STARBUCK <SECAN>	Below	Minimum	Tolerance	 	 	 
2021	CLANWILLIAM-ERICKSON	RED SPRING WHEAT	AAC VIEWFIELD <FP GENETICS>|BW965| EXP	Below	Minimum	Tolerance	 	 	 
2021	CLANWILLIAM-ERICKSON	RED SPRING WHEAT	AAC WHEATLAND <SECAN>	Below	Minimum	Tolerance	 	 	 
2021	CLANWILLIAM-ERICKSON	RED SPRING WHEAT	BOLLES <SEED DEPOT>	Below	Minimum	Tolerance	 	 	 
2021	CLANWILLIAM-ERICKSON	RED SPRING WHEAT	SY CAST	Below	Minimum	Tolerance	 	 	 
2021	COLDWELL	RED SPRING WHEAT	AAC BRANDON (BW 932)	Below	Minimum	Tolerance	 	 	 
2021	COLDWELL	RED SPRING WHEAT	AAC CAMERON VB <CANTERRA>	Below	Minimum	Tolerance	 	 	 
2021	COLDWELL	RED SPRING WHEAT	AAC VIEWFIELD <FP GENETICS>|BW965| EXP	Below	Minimum	Tolerance	 	 	 
2021	COLDWELL	RED SPRING WHEAT	SY TORACH <SYNGENTA>	Below	Minimum	Tolerance	 	 	 
2021	CORNWALLIS	RED SPRING WHEAT	AAC BRANDON (BW 932)	26	10,113.0	1.507	Tonnes	55.4	Bushels
2021	CORNWALLIS	RED SPRING WHEAT	AAC CAMERON VB <CANTERRA>	Below	Minimum	Tolerance	 	 	 
2021	CORNWALLIS	RED SPRING WHEAT	AAC ELIE(BW931)	Below	Minimum	Tolerance	 	 	 
2021	CORNWALLIS	RED SPRING WHEAT	AAC STARBUCK <SECAN>	Below	Minimum	Tolerance	 	 	 
2021	CORNWALLIS	RED SPRING WHEAT	AAC WHEATLAND <SECAN>	3	590.0	1.531	Tonnes	56.2	Bushels
2021	CORNWALLIS	RED SPRING WHEAT	BOLLES <SEED DEPOT>	Below	Minimum	Tolerance	 	 	 
2021	DAUPHIN	RED SPRING WHEAT	AAC BRANDON (BW 932)	63	29,141.0	1.298	Tonnes	47.7	Bushels
2021	DAUPHIN	RED SPRING WHEAT	AAC CAMERON VB <CANTERRA>	9	2,101.0	0.965	Tonnes	35.5	Bushels
2021	DAUPHIN	RED SPRING WHEAT	AAC HOCKLEY |BW5044|	Below	Minimum	Tolerance	 	 	 
2021	DAUPHIN	RED SPRING WHEAT	AAC HODGE |BW1069|	Below	Minimum	Tolerance	 	 	 
2021	DAUPHIN	RED SPRING WHEAT	AAC REDBERRY	8	1,617.0	1.341	Tonnes	49.3	Bushels
2021	DAUPHIN	RED SPRING WHEAT	AAC STARBUCK <SECAN>	6	1,402.0	1.676	Tonnes	61.6	Bushels
2021	DAUPHIN	RED SPRING WHEAT	AAC TISDALE (PT250)	4	1,197.0	1.123	Tonnes	41.3	Bushels
2021	DAUPHIN	RED SPRING WHEAT	AAC VIEWFIELD <FP GENETICS>|BW965| EXP	14	3,934.0	1.467	Tonnes	53.9	Bushels
2021	DAUPHIN	RED SPRING WHEAT	AAC WHEATLAND <SECAN>	12	2,046.0	1.210	Tonnes	44.5	Bushels
2021	DAUPHIN	RED SPRING WHEAT	AC BARRIE (BW 661)	Below	Minimum	Tolerance	 	 	 
2021	DAUPHIN	RED SPRING WHEAT	CARBERRY (BW874)	Below	Minimum	Tolerance	 	 	 
2021	DAUPHIN	RED SPRING WHEAT	CARDALE (BW429)	5	2,484.0	1.218	Tonnes	44.8	Bushels
2021	DAUPHIN	RED SPRING WHEAT	CDC ORTONA <PROVEN>	Below	Minimum	Tolerance	 	 	 
2021	DAUPHIN	RED SPRING WHEAT	CDC PLENTIFUL (PT580)	Below	Minimum	Tolerance	 	 	 
2021	DAUPHIN	RED SPRING WHEAT	CDC STANLEY (BW880)	Below	Minimum	Tolerance	 	 	 
2021	DAUPHIN	RED SPRING WHEAT	CDC VR MORRIS (BW423)	Below	Minimum	Tolerance	 	 	 
2021	DAUPHIN	RED SPRING WHEAT	CS DAYBREAK <CANTERRA>	3	841.0	1.940	Tonnes	71.3	Bushels
2021	DAUPHIN	RED SPRING WHEAT	GLENN	Below	Minimum	Tolerance	 	 	 
2021	DAUPHIN	RED SPRING WHEAT	SY GABBRO <SYNGENTA>	Below	Minimum	Tolerance	 	 	 
2021	DAUPHIN	RED SPRING WHEAT	WASKADA (BW 357)	Below	Minimum	Tolerance	 	 	 
2021	DELORAINE-WINCHESTER	RED SPRING WHEAT	AAC BRANDON (BW 932)	37	15,006.0	1.450	Tonnes	53.3	Bushels
2021	DELORAINE-WINCHESTER	RED SPRING WHEAT	AAC ELIE(BW931)	5	5,763.0	1.700	Tonnes	62.5	Bushels
2021	DELORAINE-WINCHESTER	RED SPRING WHEAT	AAC LEROY VB <ALLIANCE>	3	1,288.0	1.671	Tonnes	61.4	Bushels
2021	DELORAINE-WINCHESTER	RED SPRING WHEAT	AAC REDBERRY	3	1,365.0	1.503	Tonnes	55.2	Bushels
2021	DELORAINE-WINCHESTER	RED SPRING WHEAT	AAC STARBUCK <SECAN>	5	1,199.0	1.118	Tonnes	41.1	Bushels
2021	DELORAINE-WINCHESTER	RED SPRING WHEAT	AAC WHEATLAND <SECAN>	5	1,063.0	1.053	Tonnes	38.7	Bushels
2021	DELORAINE-WINCHESTER	RED SPRING WHEAT	BOLLES <SEED DEPOT>	Below	Minimum	Tolerance	 	 	 
2021	DELORAINE-WINCHESTER	RED SPRING WHEAT	CARBERRY (BW874)	Below	Minimum	Tolerance	 	 	 
2021	DELORAINE-WINCHESTER	RED SPRING WHEAT	CDC HUGHES <CPSC> |PT588|	Below	Minimum	Tolerance	 	 	 
2021	DELORAINE-WINCHESTER	RED SPRING WHEAT	SY CAST	Below	Minimum	Tolerance	 	 	 
2021	DESALABERRY	RED SPRING WHEAT	AAC BRANDON (BW 932)	38	13,361.0	1.656	Tonnes	60.8	Bushels
2021	DESALABERRY	RED SPRING WHEAT	AAC ELIE(BW931)	Below	Minimum	Tolerance	 	 	 
2021	DESALABERRY	RED SPRING WHEAT	AAC STARBUCK <SECAN>	13	1,784.0	1.738	Tonnes	63.9	Bushels
2021	DESALABERRY	RED SPRING WHEAT	AAC TISDALE (PT250)	10	2,291.0	1.604	Tonnes	58.9	Bushels
2021	DESALABERRY	RED SPRING WHEAT	CARDALE (BW429)	4	3,230.0	1.547	Tonnes	56.8	Bushels
2021	DESALABERRY	RED SPRING WHEAT	CS DAYBREAK <CANTERRA>	Below	Minimum	Tolerance	 	 	 
2021	DUFFERIN	RED SPRING WHEAT	AAC BRANDON (BW 932)	48	12,065.0	1.080	Tonnes	39.7	Bushels
2021	DUFFERIN	RED SPRING WHEAT	AAC ELIE(BW931)	3	585.0	0.797	Tonnes	29.3	Bushels
2021	DUFFERIN	RED SPRING WHEAT	AAC LEROY VB <ALLIANCE>	Below	Minimum	Tolerance	 	 	 
2021	DUFFERIN	RED SPRING WHEAT	AAC STARBUCK <SECAN>	15	2,527.0	0.973	Tonnes	35.7	Bushels
2021	DUFFERIN	RED SPRING WHEAT	AAC TISDALE (PT250)	Below	Minimum	Tolerance	 	 	 
2021	DUFFERIN	RED SPRING WHEAT	AAC VIEWFIELD <FP GENETICS>|BW965| EXP	Below	Minimum	Tolerance	 	 	 
2021	DUFFERIN	RED SPRING WHEAT	BOLLES <SEED DEPOT>	Below	Minimum	Tolerance	 	 	 
2021	DUFFERIN	RED SPRING WHEAT	CARDALE (BW429)	Below	Minimum	Tolerance	 	 	 
2021	DUFFERIN	RED SPRING WHEAT	CDC SKRUSH |PT599|	Below	Minimum	Tolerance	 	 	 
2021	DUFFERIN	RED SPRING WHEAT	PT599 <SECAN>	Below	Minimum	Tolerance	 	 	 
2021	DUFFERIN	RED SPRING WHEAT	SY GABBRO <SYNGENTA>	3	1,065.0	0.876	Tonnes	32.2	Bushels
2021	EAST ST PAUL	RED SPRING WHEAT	AAC BRANDON (BW 932)	Below	Minimum	Tolerance	 	 	 
2021	EAST ST PAUL	RED SPRING WHEAT	AAC STARBUCK <SECAN>	Below	Minimum	Tolerance	 	 	 
2021	ELLICE-ARCHIE	RED SPRING WHEAT	AAC BRANDON (BW 932)	12	5,888.0	1.226	Tonnes	45.1	Bushels
2021	ELLICE-ARCHIE	RED SPRING WHEAT	AAC ELIE(BW931)	Below	Minimum	Tolerance	 	 	 
2021	ELLICE-ARCHIE	RED SPRING WHEAT	AAC HOCKLEY |BW5044|	Below	Minimum	Tolerance	 	 	 
2021	ELLICE-ARCHIE	RED SPRING WHEAT	AAC HODGE |BW1069|	Below	Minimum	Tolerance	 	 	 
2021	ELLICE-ARCHIE	RED SPRING WHEAT	AAC LEROY VB <ALLIANCE>	Below	Minimum	Tolerance	 	 	 
2021	ELLICE-ARCHIE	RED SPRING WHEAT	AAC REDBERRY	6	1,784.0	1.391	Tonnes	51.1	Bushels
2021	ELLICE-ARCHIE	RED SPRING WHEAT	AAC STARBUCK <SECAN>	11	3,539.0	1.531	Tonnes	56.2	Bushels
2021	ELLICE-ARCHIE	RED SPRING WHEAT	AAC TISDALE (PT250)	Below	Minimum	Tolerance	 	 	 
2021	ELLICE-ARCHIE	RED SPRING WHEAT	AAC VIEWFIELD <FP GENETICS>|BW965| EXP	Below	Minimum	Tolerance	 	 	 
2021	ELLICE-ARCHIE	RED SPRING WHEAT	AAC WHEATLAND <SECAN>	9	5,344.0	1.354	Tonnes	49.7	Bushels
2021	ELLICE-ARCHIE	RED SPRING WHEAT	BOLLES <SEED DEPOT>	4	1,643.0	1.357	Tonnes	49.9	Bushels
2021	ELLICE-ARCHIE	RED SPRING WHEAT	CARBERRY (BW874)	Below	Minimum	Tolerance	 	 	 
2021	ELLICE-ARCHIE	RED SPRING WHEAT	CDC HUGHES <CPSC> |PT588|	Below	Minimum	Tolerance	 	 	 
2021	ELLICE-ARCHIE	RED SPRING WHEAT	CDC LANDMARK	Below	Minimum	Tolerance	 	 	 
2021	ELLICE-ARCHIE	RED SPRING WHEAT	CDC PLENTIFUL (PT580)	Below	Minimum	Tolerance	 	 	 
2021	ELLICE-ARCHIE	RED SPRING WHEAT	SY TORACH <SYNGENTA>	Below	Minimum	Tolerance	 	 	 
2021	ELTON	RED SPRING WHEAT	AAC ALIDA (BW980)	Below	Minimum	Tolerance	 	 	 
2021	ELTON	RED SPRING WHEAT	AAC BRANDON (BW 932)	55	26,041.0	1.745	Tonnes	64.1	Bushels
2021	ELTON	RED SPRING WHEAT	AAC CAMERON VB <CANTERRA>	4	910.0	1.845	Tonnes	67.8	Bushels
2021	ELTON	RED SPRING WHEAT	AAC STARBUCK <SECAN>	18	4,981.0	1.834	Tonnes	67.4	Bushels
2021	ELTON	RED SPRING WHEAT	AAC WHEATLAND <SECAN>	6	1,483.0	2.140	Tonnes	78.6	Bushels
2021	ELTON	RED SPRING WHEAT	CS DAYBREAK <CANTERRA>	Below	Minimum	Tolerance	 	 	 
2021	ELTON	RED SPRING WHEAT	NEEPAWA	Below	Minimum	Tolerance	 	 	 
2021	EMERSON-FRANKLIN	RED SPRING WHEAT	AAC BRANDON (BW 932)	38	18,732.0	1.773	Tonnes	65.1	Bushels
2021	EMERSON-FRANKLIN	RED SPRING WHEAT	AAC STARBUCK <SECAN>	10	1,803.0	1.767	Tonnes	64.9	Bushels
2021	EMERSON-FRANKLIN	RED SPRING WHEAT	AAC WHEATLAND <SECAN>	Below	Minimum	Tolerance	 	 	 
2021	EMERSON-FRANKLIN	RED SPRING WHEAT	CS DAYBREAK <CANTERRA>	3	564.0	1.351	Tonnes	49.7	Bushels
2021	ETHELBERT	RED SPRING WHEAT	AAC BRANDON (BW 932)	7	1,983.0	1.239	Tonnes	45.5	Bushels
2021	ETHELBERT	RED SPRING WHEAT	AAC CAMERON VB <CANTERRA>	Below	Minimum	Tolerance	 	 	 
2021	ETHELBERT	RED SPRING WHEAT	AAC ELIE(BW931)	Below	Minimum	Tolerance	 	 	 
2021	ETHELBERT	RED SPRING WHEAT	AAC REDBERRY	3	517.0	1.140	Tonnes	41.9	Bushels
2021	ETHELBERT	RED SPRING WHEAT	AAC VIEWFIELD <FP GENETICS>|BW965| EXP	5	1,787.0	1.060	Tonnes	38.9	Bushels
2021	ETHELBERT	RED SPRING WHEAT	AC DOMAIN (BW 148)	Below	Minimum	Tolerance	 	 	 
2021	ETHELBERT	RED SPRING WHEAT	CARDALE (BW429)	3	585.0	1.120	Tonnes	41.1	Bushels
2021	ETHELBERT	RED SPRING WHEAT	CDC STANLEY (BW880)	Below	Minimum	Tolerance	 	 	 
2021	ETHELBERT	RED SPRING WHEAT	NEEPAWA	Below	Minimum	Tolerance	 	 	 
2021	FISHER	RED SPRING WHEAT	AAC BRANDON (BW 932)	26	6,876.0	0.758	Tonnes	27.9	Bushels
2021	FISHER	RED SPRING WHEAT	AAC ELIE(BW931)	Below	Minimum	Tolerance	 	 	 
2021	FISHER	RED SPRING WHEAT	AAC REDBERRY	Below	Minimum	Tolerance	 	 	 
2021	FISHER	RED SPRING WHEAT	AAC STARBUCK <SECAN>	5	1,446.0	0.458	Tonnes	16.8	Bushels
2021	FISHER	RED SPRING WHEAT	AAC VIEWFIELD <FP GENETICS>|BW965| EXP	9	3,367.0	1.019	Tonnes	37.4	Bushels
2021	FISHER	RED SPRING WHEAT	AAC WHEATLAND <SECAN>	Below	Minimum	Tolerance	 	 	 
2021	FISHER	RED SPRING WHEAT	CDC HUGHES <CPSC> |PT588|	Below	Minimum	Tolerance	 	 	 
2021	FISHER	RED SPRING WHEAT	CDC ORTONA <PROVEN>	Below	Minimum	Tolerance	 	 	 
2021	FISHER	RED SPRING WHEAT	CDC STANLEY (BW880)	4	1,039.0	0.564	Tonnes	20.7	Bushels
2021	FISHER	RED SPRING WHEAT	CDC TEAL (BW 616)	Below	Minimum	Tolerance	 	 	 
2021	FISHER	RED SPRING WHEAT	CS DAYBREAK <CANTERRA>	4	715.0	0.352	Tonnes	12.9	Bushels
2021	FISHER	RED SPRING WHEAT	SY TORACH <SYNGENTA>	4	1,153.0	1.173	Tonnes	43.1	Bushels
2021	GILBERT PLAINS	RED SPRING WHEAT	5604HR CL (BW 878)	Below	Minimum	Tolerance	 	 	 
2021	GILBERT PLAINS	RED SPRING WHEAT	AAC BRANDON (BW 932)	26	8,780.0	1.401	Tonnes	51.5	Bushels
2021	GILBERT PLAINS	RED SPRING WHEAT	AAC CAMERON VB <CANTERRA>	6	1,887.0	1.212	Tonnes	44.6	Bushels
2021	GILBERT PLAINS	RED SPRING WHEAT	AAC ELIE(BW931)	3	655.0	1.577	Tonnes	57.9	Bushels
2021	GILBERT PLAINS	RED SPRING WHEAT	AAC LEROY VB <ALLIANCE>	3	656.0	1.360	Tonnes	50.0	Bushels
2021	GILBERT PLAINS	RED SPRING WHEAT	AAC REDBERRY	35	19,004.0	1.363	Tonnes	50.1	Bushels
2021	GILBERT PLAINS	RED SPRING WHEAT	AAC STARBUCK <SECAN>	Below	Minimum	Tolerance	 	 	 
2021	GILBERT PLAINS	RED SPRING WHEAT	AAC TISDALE (PT250)	Below	Minimum	Tolerance	 	 	 
2021	GILBERT PLAINS	RED SPRING WHEAT	AAC VIEWFIELD <FP GENETICS>|BW965| EXP	13	5,334.0	1.444	Tonnes	53.1	Bushels
2021	GILBERT PLAINS	RED SPRING WHEAT	AAC WHEATLAND <SECAN>	Below	Minimum	Tolerance	 	 	 
2021	GILBERT PLAINS	RED SPRING WHEAT	AC DOMAIN (BW 148)	Below	Minimum	Tolerance	 	 	 
2021	GILBERT PLAINS	RED SPRING WHEAT	BOLLES <SEED DEPOT>	3	1,585.0	1.270	Tonnes	46.7	Bushels
2021	GILBERT PLAINS	RED SPRING WHEAT	CARDALE (BW429)	Below	Minimum	Tolerance	 	 	 
2021	GILBERT PLAINS	RED SPRING WHEAT	CDC ORTONA <PROVEN>	Below	Minimum	Tolerance	 	 	 
2021	GILBERT PLAINS	RED SPRING WHEAT	CDC STANLEY (BW880)	4	2,750.0	1.062	Tonnes	39.0	Bushels
2021	GILBERT PLAINS	RED SPRING WHEAT	CDC VR MORRIS (BW423)	Below	Minimum	Tolerance	 	 	 
2021	GILBERT PLAINS	RED SPRING WHEAT	CS DAYBREAK <CANTERRA>	Below	Minimum	Tolerance	 	 	 
2021	GILBERT PLAINS	RED SPRING WHEAT	SY GABBRO <SYNGENTA>	Below	Minimum	Tolerance	 	 	 
2021	GIMLI	RED SPRING WHEAT	AAC BRANDON (BW 932)	4	1,541.0	1.212	Tonnes	44.5	Bushels
2021	GIMLI	RED SPRING WHEAT	AAC STARBUCK <SECAN>	Below	Minimum	Tolerance	 	 	 
2021	GIMLI	RED SPRING WHEAT	AAC VIEWFIELD <FP GENETICS>|BW965| EXP	Below	Minimum	Tolerance	 	 	 
2021	GIMLI	RED SPRING WHEAT	BOLLES <SEED DEPOT>	Below	Minimum	Tolerance	 	 	 
2021	GIMLI	RED SPRING WHEAT	CARDALE (BW429)	Below	Minimum	Tolerance	 	 	 
2021	GIMLI	RED SPRING WHEAT	CDC HUGHES <CPSC> |PT588|	Below	Minimum	Tolerance	 	 	 
2021	GIMLI	RED SPRING WHEAT	SY TORACH <SYNGENTA>	Below	Minimum	Tolerance	 	 	 
2021	GLENBORO-SOUTH CYPRESS	RED SPRING WHEAT	5604HR CL (BW 878)	Below	Minimum	Tolerance	 	 	 
2021	GLENBORO-SOUTH CYPRESS	RED SPRING WHEAT	AAC BRANDON (BW 932)	27	7,053.0	1.166	Tonnes	42.8	Bushels
2021	GLENBORO-SOUTH CYPRESS	RED SPRING WHEAT	AAC CAMERON VB <CANTERRA>	Below	Minimum	Tolerance	 	 	 
2021	GLENBORO-SOUTH CYPRESS	RED SPRING WHEAT	AAC ELIE(BW931)	Below	Minimum	Tolerance	 	 	 
2021	GLENBORO-SOUTH CYPRESS	RED SPRING WHEAT	AAC LEROY VB <ALLIANCE>	Below	Minimum	Tolerance	 	 	 
2021	GLENBORO-SOUTH CYPRESS	RED SPRING WHEAT	AAC STARBUCK <SECAN>	6	1,076.0	1.139	Tonnes	41.8	Bushels
2021	GLENBORO-SOUTH CYPRESS	RED SPRING WHEAT	AAC WHEATLAND <SECAN>	Below	Minimum	Tolerance	 	 	 
2021	GLENBORO-SOUTH CYPRESS	RED SPRING WHEAT	BOLLES <SEED DEPOT>	Below	Minimum	Tolerance	 	 	 
2021	GLENBORO-SOUTH CYPRESS	RED SPRING WHEAT	CDC STANLEY (BW880)	Below	Minimum	Tolerance	 	 	 
2021	GLENELLA-LANSDOWNE	RED SPRING WHEAT	AAC BRANDON (BW 932)	42	22,964.0	0.996	Tonnes	36.6	Bushels
2021	GLENELLA-LANSDOWNE	RED SPRING WHEAT	AAC ELIE(BW931)	4	1,690.0	0.967	Tonnes	35.5	Bushels
2021	GLENELLA-LANSDOWNE	RED SPRING WHEAT	AAC LEROY VB <ALLIANCE>	Below	Minimum	Tolerance	 	 	 
2021	GLENELLA-LANSDOWNE	RED SPRING WHEAT	AAC REDBERRY	4	1,370.0	0.839	Tonnes	30.8	Bushels
2021	GLENELLA-LANSDOWNE	RED SPRING WHEAT	AAC STARBUCK <SECAN>	13	7,844.0	0.830	Tonnes	30.5	Bushels
2021	GLENELLA-LANSDOWNE	RED SPRING WHEAT	AAC VIEWFIELD <FP GENETICS>|BW965| EXP	7	1,345.0	1.225	Tonnes	45.0	Bushels
2021	GLENELLA-LANSDOWNE	RED SPRING WHEAT	BOLLES <SEED DEPOT>	7	2,381.0	0.836	Tonnes	30.7	Bushels
2021	GLENELLA-LANSDOWNE	RED SPRING WHEAT	CDC SKRUSH |PT599|	Below	Minimum	Tolerance	 	 	 
2021	GRAHAMDALE	RED SPRING WHEAT	AAC BRANDON (BW 932)	6	2,829.0	0.391	Tonnes	14.3	Bushels
2021	GRAHAMDALE	RED SPRING WHEAT	AAC STARBUCK <SECAN>	Below	Minimum	Tolerance	 	 	 
2021	GRAHAMDALE	RED SPRING WHEAT	AAC VIEWFIELD <FP GENETICS>|BW965| EXP	Below	Minimum	Tolerance	 	 	 
2021	GRAHAMDALE	RED SPRING WHEAT	BOLLES <SEED DEPOT>	Below	Minimum	Tolerance	 	 	 
2021	GRANDVIEW	RED SPRING WHEAT	5604HR CL (BW 878)	Below	Minimum	Tolerance	 	 	 
2021	GRANDVIEW	RED SPRING WHEAT	AAC BRANDON (BW 932)	41	16,828.4	1.542	Tonnes	56.7	Bushels
2021	GRANDVIEW	RED SPRING WHEAT	AAC CAMERON VB <CANTERRA>	7	2,551.0	1.341	Tonnes	49.3	Bushels
2021	GRANDVIEW	RED SPRING WHEAT	AAC ELIE(BW931)	5	1,163.0	1.339	Tonnes	49.2	Bushels
2021	GRANDVIEW	RED SPRING WHEAT	AAC HODGE |BW1069|	Below	Minimum	Tolerance	 	 	 
2021	GRANDVIEW	RED SPRING WHEAT	AAC LEROY VB <ALLIANCE>	Below	Minimum	Tolerance	 	 	 
2021	GRANDVIEW	RED SPRING WHEAT	AAC REDBERRY	19	7,099.0	1.478	Tonnes	54.3	Bushels
2021	GRANDVIEW	RED SPRING WHEAT	AAC REDWATER (PT457)	Below	Minimum	Tolerance	 	 	 
2021	GRANDVIEW	RED SPRING WHEAT	AAC STARBUCK <SECAN>	Below	Minimum	Tolerance	 	 	 
2021	GRANDVIEW	RED SPRING WHEAT	AAC TISDALE (PT250)	Below	Minimum	Tolerance	 	 	 
2021	GRANDVIEW	RED SPRING WHEAT	AAC VIEWFIELD <FP GENETICS>|BW965| EXP	19	7,238.0	1.405	Tonnes	51.6	Bushels
2021	GRANDVIEW	RED SPRING WHEAT	AAC WHEATLAND <SECAN>	10	2,042.0	1.414	Tonnes	51.9	Bushels
2021	GRANDVIEW	RED SPRING WHEAT	BOLLES <SEED DEPOT>	13	3,937.0	1.339	Tonnes	49.2	Bushels
2021	GRANDVIEW	RED SPRING WHEAT	BW 5055	Below	Minimum	Tolerance	 	 	 
2021	GRANDVIEW	RED SPRING WHEAT	CARDALE (BW429)	Below	Minimum	Tolerance	 	 	 
2021	GRANDVIEW	RED SPRING WHEAT	CDC HUGHES <CPSC> |PT588|	Below	Minimum	Tolerance	 	 	 
2021	GRANDVIEW	RED SPRING WHEAT	CDC PLENTIFUL (PT580)	5	2,026.0	1.424	Tonnes	52.3	Bushels
2021	GRANDVIEW	RED SPRING WHEAT	KANE (BW342)	Below	Minimum	Tolerance	 	 	 
2021	GRANDVIEW	RED SPRING WHEAT	SY GABBRO <SYNGENTA>	Below	Minimum	Tolerance	 	 	 
2021	GRASSLAND	RED SPRING WHEAT	AAC BRANDON (BW 932)	69	28,879.0	1.310	Tonnes	48.1	Bushels
2021	GRASSLAND	RED SPRING WHEAT	AAC CAMERON VB <CANTERRA>	Below	Minimum	Tolerance	 	 	 
2021	GRASSLAND	RED SPRING WHEAT	AAC ELIE(BW931)	3	581.0	1.396	Tonnes	51.3	Bushels
2021	GRASSLAND	RED SPRING WHEAT	AAC LEROY VB <ALLIANCE>	Below	Minimum	Tolerance	 	 	 
2021	GRASSLAND	RED SPRING WHEAT	AAC REDBERRY	Below	Minimum	Tolerance	 	 	 
2021	GRASSLAND	RED SPRING WHEAT	AAC STARBUCK <SECAN>	15	6,028.0	1.328	Tonnes	48.8	Bushels
2021	GRASSLAND	RED SPRING WHEAT	AAC TISDALE (PT250)	Below	Minimum	Tolerance	 	 	 
2021	GRASSLAND	RED SPRING WHEAT	AAC VIEWFIELD <FP GENETICS>|BW965| EXP	Below	Minimum	Tolerance	 	 	 
2021	GRASSLAND	RED SPRING WHEAT	AAC WHEATLAND <SECAN>	22	6,536.0	1.385	Tonnes	50.9	Bushels
2021	GRASSLAND	RED SPRING WHEAT	CARBERRY (BW874)	Below	Minimum	Tolerance	 	 	 
2021	GRASSLAND	RED SPRING WHEAT	CARDALE (BW429)	Below	Minimum	Tolerance	 	 	 
2021	GREY	RED SPRING WHEAT	AAC BRANDON (BW 932)	51	16,538.0	1.243	Tonnes	45.7	Bushels
2021	GREY	RED SPRING WHEAT	AAC ELIE(BW931)	Below	Minimum	Tolerance	 	 	 
2021	GREY	RED SPRING WHEAT	AAC STARBUCK <SECAN>	24	6,882.0	1.202	Tonnes	44.2	Bushels
2021	GREY	RED SPRING WHEAT	AAC TISDALE (PT250)	Below	Minimum	Tolerance	 	 	 
2021	GREY	RED SPRING WHEAT	AC BARRIE (BW 661)	Below	Minimum	Tolerance	 	 	 
2021	GREY	RED SPRING WHEAT	BOLLES <SEED DEPOT>	3	616.0	0.652	Tonnes	24.0	Bushels
2021	GREY	RED SPRING WHEAT	CARDALE (BW429)	Below	Minimum	Tolerance	 	 	 
2021	GREY	RED SPRING WHEAT	SY GABBRO <SYNGENTA>	Below	Minimum	Tolerance	 	 	 
2021	HAMIOTA	RED SPRING WHEAT	AAC BRANDON (BW 932)	30	10,294.0	1.475	Tonnes	54.2	Bushels
2021	HAMIOTA	RED SPRING WHEAT	AAC HOCKLEY |BW5044|	Below	Minimum	Tolerance	 	 	 
2021	HAMIOTA	RED SPRING WHEAT	AAC HODGE |BW1069|	Below	Minimum	Tolerance	 	 	 
2021	HAMIOTA	RED SPRING WHEAT	AAC LEROY VB <ALLIANCE>	Below	Minimum	Tolerance	 	 	 
2021	HAMIOTA	RED SPRING WHEAT	AAC REDBERRY	8	2,443.0	1.617	Tonnes	59.4	Bushels
2021	HAMIOTA	RED SPRING WHEAT	AAC STARBUCK <SECAN>	24	5,597.0	1.506	Tonnes	55.3	Bushels
2021	HAMIOTA	RED SPRING WHEAT	AAC VIEWFIELD <FP GENETICS>|BW965| EXP	Below	Minimum	Tolerance	 	 	 
2021	HAMIOTA	RED SPRING WHEAT	AAC WHEATLAND <SECAN>	20	6,295.0	1.609	Tonnes	59.1	Bushels
2021	HAMIOTA	RED SPRING WHEAT	BOLLES <SEED DEPOT>	Below	Minimum	Tolerance	 	 	 
2021	HAMIOTA	RED SPRING WHEAT	CDC LANDMARK	9	2,204.0	1.416	Tonnes	52.0	Bushels
2021	HAMIOTA	RED SPRING WHEAT	COLUMBUS	Below	Minimum	Tolerance	 	 	 
2021	HAMIOTA	RED SPRING WHEAT	MUCHMORE (BW875)	Below	Minimum	Tolerance	 	 	 
2021	HAMIOTA	RED SPRING WHEAT	SY TORACH <SYNGENTA>	Below	Minimum	Tolerance	 	 	 
2021	HANOVER	RED SPRING WHEAT	AAC BRANDON (BW 932)	25	6,921.0	1.749	Tonnes	64.3	Bushels
2021	HANOVER	RED SPRING WHEAT	AAC ELIE(BW931)	Below	Minimum	Tolerance	 	 	 
2021	HANOVER	RED SPRING WHEAT	AAC STARBUCK <SECAN>	7	1,164.0	1.538	Tonnes	56.5	Bushels
2021	HANOVER	RED SPRING WHEAT	AAC TISDALE (PT250)	Below	Minimum	Tolerance	 	 	 
2021	HANOVER	RED SPRING WHEAT	AAC VIEWFIELD <FP GENETICS>|BW965| EXP	Below	Minimum	Tolerance	 	 	 
2021	HANOVER	RED SPRING WHEAT	CARDALE (BW429)	Below	Minimum	Tolerance	 	 	 
2021	HARRISON PARK	RED SPRING WHEAT	5604HR CL (BW 878)	Below	Minimum	Tolerance	 	 	 
2021	HARRISON PARK	RED SPRING WHEAT	AAC BRANDON (BW 932)	14	6,139.0	1.462	Tonnes	53.7	Bushels
2021	HARRISON PARK	RED SPRING WHEAT	AAC CAMERON VB <CANTERRA>	Below	Minimum	Tolerance	 	 	 
2021	HARRISON PARK	RED SPRING WHEAT	AAC ELIE(BW931)	Below	Minimum	Tolerance	 	 	 
2021	HARRISON PARK	RED SPRING WHEAT	AAC LEROY VB <ALLIANCE>	5	1,212.0	1.641	Tonnes	60.3	Bushels
2021	HARRISON PARK	RED SPRING WHEAT	AAC REDBERRY	27	8,818.0	1.307	Tonnes	48.0	Bushels
2021	HARRISON PARK	RED SPRING WHEAT	AAC STARBUCK <SECAN>	4	1,275.0	1.981	Tonnes	72.8	Bushels
2021	HARRISON PARK	RED SPRING WHEAT	AAC VIEWFIELD <FP GENETICS>|BW965| EXP	5	1,141.0	1.633	Tonnes	60.0	Bushels
2021	HARRISON PARK	RED SPRING WHEAT	AAC WHEATLAND <SECAN>	5	2,967.0	1.765	Tonnes	64.8	Bushels
2021	HARRISON PARK	RED SPRING WHEAT	AC BARRIE (BW 661)	Below	Minimum	Tolerance	 	 	 
2021	HARRISON PARK	RED SPRING WHEAT	AC DOMAIN (BW 148)	Below	Minimum	Tolerance	 	 	 
2021	HARRISON PARK	RED SPRING WHEAT	AC SPLENDOR (BW 191)	3	592.0	0.736	Tonnes	27.0	Bushels
2021	HARRISON PARK	RED SPRING WHEAT	BOLLES <SEED DEPOT>	11	3,163.0	1.323	Tonnes	48.6	Bushels
2021	HARRISON PARK	RED SPRING WHEAT	CDC LANDMARK	Below	Minimum	Tolerance	 	 	 
2021	HARRISON PARK	RED SPRING WHEAT	GLENN	Below	Minimum	Tolerance	 	 	 
2021	HARRISON PARK	RED SPRING WHEAT	ROBLIN	Below	Minimum	Tolerance	 	 	 
2021	HARRISON PARK	RED SPRING WHEAT	SY TORACH <SYNGENTA>	3	626.0	1.566	Tonnes	57.6	Bushels
2021	HARRISON PARK	RED SPRING WHEAT	WR859 CL (BW859)	Below	Minimum	Tolerance	 	 	 
2021	HEADINGLEY	RED SPRING WHEAT	AAC BRANDON (BW 932)	8	3,069.0	1.281	Tonnes	47.1	Bushels
2021	HEADINGLEY	RED SPRING WHEAT	AAC STARBUCK <SECAN>	4	638.0	1.108	Tonnes	40.7	Bushels
2021	HILLSBURG-ROBLIN-SHELL RIVER	RED SPRING WHEAT	AAC ALIDA (BW980)	Below	Minimum	Tolerance	 	 	 
2021	HILLSBURG-ROBLIN-SHELL RIVER	RED SPRING WHEAT	AAC BRANDON (BW 932)	20	9,785.0	1.414	Tonnes	52.0	Bushels
2021	HILLSBURG-ROBLIN-SHELL RIVER	RED SPRING WHEAT	AAC ELIE(BW931)	Below	Minimum	Tolerance	 	 	 
2021	HILLSBURG-ROBLIN-SHELL RIVER	RED SPRING WHEAT	AAC LEROY VB <ALLIANCE>	Below	Minimum	Tolerance	 	 	 
2021	HILLSBURG-ROBLIN-SHELL RIVER	RED SPRING WHEAT	AAC REDBERRY	Below	Minimum	Tolerance	 	 	 
2021	HILLSBURG-ROBLIN-SHELL RIVER	RED SPRING WHEAT	AAC TISDALE (PT250)	Below	Minimum	Tolerance	 	 	 
2021	HILLSBURG-ROBLIN-SHELL RIVER	RED SPRING WHEAT	AAC VIEWFIELD <FP GENETICS>|BW965| EXP	17	5,697.0	1.374	Tonnes	50.5	Bushels
2021	HILLSBURG-ROBLIN-SHELL RIVER	RED SPRING WHEAT	AAC WHEATLAND <SECAN>	7	2,460.0	1.521	Tonnes	55.9	Bushels
2021	HILLSBURG-ROBLIN-SHELL RIVER	RED SPRING WHEAT	BOLLES <SEED DEPOT>	9	3,497.0	1.389	Tonnes	51.0	Bushels
2021	HILLSBURG-ROBLIN-SHELL RIVER	RED SPRING WHEAT	CDC HUGHES <CPSC> |PT588|	Below	Minimum	Tolerance	 	 	 
2021	HILLSBURG-ROBLIN-SHELL RIVER	RED SPRING WHEAT	CDC LANDMARK	Below	Minimum	Tolerance	 	 	 
2021	HILLSBURG-ROBLIN-SHELL RIVER	RED SPRING WHEAT	GLENN	Below	Minimum	Tolerance	 	 	 
2021	HILLSBURG-ROBLIN-SHELL RIVER	RED SPRING WHEAT	SY GABBRO <SYNGENTA>	Below	Minimum	Tolerance	 	 	 
2021	HILLSBURG-ROBLIN-SHELL RIVER	RED SPRING WHEAT	SY TORACH <SYNGENTA>	Below	Minimum	Tolerance	 	 	 
2021	KELSEY	RED SPRING WHEAT	AAC BRANDON (BW 932)	Below	Minimum	Tolerance	 	 	 
2021	KELSEY	RED SPRING WHEAT	AAC REDBERRY	8	5,001.0	0.909	Tonnes	33.4	Bushels
2021	KELSEY	RED SPRING WHEAT	AAC REDWATER (PT457)	Below	Minimum	Tolerance	 	 	 
2021	KELSEY	RED SPRING WHEAT	AAC VIEWFIELD <FP GENETICS>|BW965| EXP	4	3,868.0	1.748	Tonnes	64.2	Bushels
2021	KELSEY	RED SPRING WHEAT	CDC LANDMARK	3	1,707.0	1.542	Tonnes	56.7	Bushels
2021	KELSEY	RED SPRING WHEAT	CDC TEAL (BW 616)	Below	Minimum	Tolerance	 	 	 
2021	KILLARNEY-TURTLE MTN	RED SPRING WHEAT	AAC BRANDON (BW 932)	53	29,184.0	1.298	Tonnes	47.7	Bushels
2021	KILLARNEY-TURTLE MTN	RED SPRING WHEAT	AAC CAMERON VB <CANTERRA>	8	3,267.0	1.263	Tonnes	46.4	Bushels
2021	KILLARNEY-TURTLE MTN	RED SPRING WHEAT	AAC LEROY VB <ALLIANCE>	5	974.0	1.263	Tonnes	46.4	Bushels
2021	KILLARNEY-TURTLE MTN	RED SPRING WHEAT	AAC MAGNET |BW 1045, BJ14*A01135|	4	892.0	1.239	Tonnes	45.5	Bushels
2021	KILLARNEY-TURTLE MTN	RED SPRING WHEAT	AAC REDBERRY	3	1,655.0	1.309	Tonnes	48.1	Bushels
2021	KILLARNEY-TURTLE MTN	RED SPRING WHEAT	AAC STARBUCK <SECAN>	11	2,964.0	1.370	Tonnes	50.4	Bushels
2021	KILLARNEY-TURTLE MTN	RED SPRING WHEAT	AAC VIEWFIELD <FP GENETICS>|BW965| EXP	Below	Minimum	Tolerance	 	 	 
2021	KILLARNEY-TURTLE MTN	RED SPRING WHEAT	AAC WHEATLAND <SECAN>	6	1,983.0	1.212	Tonnes	44.5	Bushels
2021	KILLARNEY-TURTLE MTN	RED SPRING WHEAT	CDC PLENTIFUL (PT580)	Below	Minimum	Tolerance	 	 	 
2021	KILLARNEY-TURTLE MTN	RED SPRING WHEAT	MUCHMORE (BW875)	Below	Minimum	Tolerance	 	 	 
2021	KILLARNEY-TURTLE MTN	RED SPRING WHEAT	SY CAST	Below	Minimum	Tolerance	 	 	 
2021	LA BROQUERIE	RED SPRING WHEAT	AAC STARBUCK <SECAN>	Below	Minimum	Tolerance	 	 	 
2021	LA BROQUERIE	RED SPRING WHEAT	CARDALE (BW429)	Below	Minimum	Tolerance	 	 	 
2021	LAC DU BONNET	RED SPRING WHEAT	AAC BRANDON (BW 932)	6	2,297.0	1.983	Tonnes	72.8	Bushels
2021	LAC DU BONNET	RED SPRING WHEAT	AAC ELIE(BW931)	6	1,320.0	2.445	Tonnes	89.8	Bushels
2021	LAC DU BONNET	RED SPRING WHEAT	AAC STARBUCK <SECAN>	3	768.0	1.770	Tonnes	65.0	Bushels
2021	LAC DU BONNET	RED SPRING WHEAT	AAC VIEWFIELD <FP GENETICS>|BW965| EXP	11	2,131.0	2.227	Tonnes	81.8	Bushels
2021	LAC DU BONNET	RED SPRING WHEAT	CARBERRY (BW874)	Below	Minimum	Tolerance	 	 	 
2021	LAC DU BONNET	RED SPRING WHEAT	CARDALE (BW429)	Below	Minimum	Tolerance	 	 	 
2021	LAC DU BONNET	RED SPRING WHEAT	CS DAYBREAK <CANTERRA>	Below	Minimum	Tolerance	 	 	 
2021	LAKESHORE	RED SPRING WHEAT	AAC BRANDON (BW 932)	29	12,081.0	1.198	Tonnes	44.0	Bushels
2021	LAKESHORE	RED SPRING WHEAT	AAC CAMERON VB <CANTERRA>	Below	Minimum	Tolerance	 	 	 
2021	LAKESHORE	RED SPRING WHEAT	AAC REDBERRY	3	770.0	1.272	Tonnes	46.8	Bushels
2021	LAKESHORE	RED SPRING WHEAT	AAC STARBUCK <SECAN>	3	1,631.0	1.313	Tonnes	48.3	Bushels
2021	LAKESHORE	RED SPRING WHEAT	AAC TISDALE (PT250)	6	1,292.0	0.973	Tonnes	35.7	Bushels
2021	LAKESHORE	RED SPRING WHEAT	AAC VIEWFIELD <FP GENETICS>|BW965| EXP	5	1,911.0	1.116	Tonnes	41.0	Bushels
2021	LAKESHORE	RED SPRING WHEAT	AAC WHEATLAND <SECAN>	Below	Minimum	Tolerance	 	 	 
2021	LAKESHORE	RED SPRING WHEAT	BOLLES <SEED DEPOT>	3	748.0	1.272	Tonnes	46.8	Bushels
2021	LAKESHORE	RED SPRING WHEAT	CARDALE (BW429)	Below	Minimum	Tolerance	 	 	 
2021	LAKESHORE	RED SPRING WHEAT	CDC STANLEY (BW880)	Below	Minimum	Tolerance	 	 	 
2021	LAKESHORE	RED SPRING WHEAT	GLENN	Below	Minimum	Tolerance	 	 	 
2021	LORNE	RED SPRING WHEAT	AAC BRANDON (BW 932)	98	30,531.0	1.689	Tonnes	62.1	Bushels
2021	LORNE	RED SPRING WHEAT	AAC ELIE(BW931)	3	621.0	1.467	Tonnes	53.9	Bushels
2021	LORNE	RED SPRING WHEAT	AAC LEROY VB <ALLIANCE>	Below	Minimum	Tolerance	 	 	 
2021	LORNE	RED SPRING WHEAT	AAC REDBERRY	Below	Minimum	Tolerance	 	 	 
2021	LORNE	RED SPRING WHEAT	AAC STARBUCK <SECAN>	34	5,831.0	1.752	Tonnes	64.4	Bushels
2021	LORNE	RED SPRING WHEAT	AAC TISDALE (PT250)	5	705.0	1.222	Tonnes	44.9	Bushels
2021	LORNE	RED SPRING WHEAT	AAC WHEATLAND <SECAN>	Below	Minimum	Tolerance	 	 	 
2021	LORNE	RED SPRING WHEAT	CARDALE (BW429)	6	2,279.0	1.599	Tonnes	58.8	Bushels
2021	LORNE	RED SPRING WHEAT	CDC LANDMARK	Below	Minimum	Tolerance	 	 	 
2021	LORNE	RED SPRING WHEAT	CDC SKRUSH |PT599|	Below	Minimum	Tolerance	 	 	 
2021	LORNE	RED SPRING WHEAT	CDC TITANIUM <PROVEN>	Below	Minimum	Tolerance	 	 	 
2021	LORNE	RED SPRING WHEAT	CDC VR MORRIS (BW423)	Below	Minimum	Tolerance	 	 	 
2021	LORNE	RED SPRING WHEAT	HARVEST (BW259)	Below	Minimum	Tolerance	 	 	 
2021	LORNE	RED SPRING WHEAT	SY GABBRO <SYNGENTA>	Below	Minimum	Tolerance	 	 	 
2021	LORNE	RED SPRING WHEAT	SY TORACH <SYNGENTA>	Below	Minimum	Tolerance	 	 	 
2021	LOUISE	RED SPRING WHEAT	AAC BRANDON (BW 932)	88	39,614.4	1.674	Tonnes	61.5	Bushels
2021	LOUISE	RED SPRING WHEAT	AAC ELIE(BW931)	3	670.0	1.731	Tonnes	63.6	Bushels
2021	LOUISE	RED SPRING WHEAT	AAC LEROY VB <ALLIANCE>	Below	Minimum	Tolerance	 	 	 
2021	LOUISE	RED SPRING WHEAT	AAC REDBERRY	4	861.0	1.516	Tonnes	55.7	Bushels
2021	LOUISE	RED SPRING WHEAT	AAC STARBUCK <SECAN>	43	9,589.0	1.742	Tonnes	64.0	Bushels
2021	LOUISE	RED SPRING WHEAT	AAC TISDALE (PT250)	Below	Minimum	Tolerance	 	 	 
2021	LOUISE	RED SPRING WHEAT	AAC WHEATLAND <SECAN>	4	785.8	1.641	Tonnes	60.3	Bushels
2021	LOUISE	RED SPRING WHEAT	BOLLES <SEED DEPOT>	Below	Minimum	Tolerance	 	 	 
2021	LOUISE	RED SPRING WHEAT	CDC HUGHES <CPSC> |PT588|	Below	Minimum	Tolerance	 	 	 
2021	LOUISE	RED SPRING WHEAT	SY BRAWN	Below	Minimum	Tolerance	 	 	 
2021	LOUISE	RED SPRING WHEAT	SY CAST	Below	Minimum	Tolerance	 	 	 
2021	LOUISE	RED SPRING WHEAT	SY GABBRO <SYNGENTA>	Below	Minimum	Tolerance	 	 	 
2021	MACDONALD	RED SPRING WHEAT	AAC BRANDON (BW 932)	91	37,660.0	0.966	Tonnes	35.5	Bushels
2021	MACDONALD	RED SPRING WHEAT	AAC ELIE(BW931)	Below	Minimum	Tolerance	 	 	 
2021	MACDONALD	RED SPRING WHEAT	AAC HOCKLEY |BW5044|	Below	Minimum	Tolerance	 	 	 
2021	MACDONALD	RED SPRING WHEAT	AAC HODGE |BW1069|	Below	Minimum	Tolerance	 	 	 
2021	MACDONALD	RED SPRING WHEAT	AAC STARBUCK <SECAN>	49	13,846.0	0.968	Tonnes	35.6	Bushels
2021	MACDONALD	RED SPRING WHEAT	AAC TISDALE (PT250)	Below	Minimum	Tolerance	 	 	 
2021	MACDONALD	RED SPRING WHEAT	AAC VIEWFIELD <FP GENETICS>|BW965| EXP	13	4,684.0	0.947	Tonnes	34.8	Bushels
2021	MACDONALD	RED SPRING WHEAT	AC DOMAIN (BW 148)	Below	Minimum	Tolerance	 	 	 
2021	MACDONALD	RED SPRING WHEAT	CS DAYBREAK <CANTERRA>	3	786.0	1.081	Tonnes	39.7	Bushels
2021	MACDONALD	RED SPRING WHEAT	SY GABBRO <SYNGENTA>	7	1,060.0	0.987	Tonnes	36.3	Bushels
2021	MACDONALD	RED SPRING WHEAT	SY TORACH <SYNGENTA>	Below	Minimum	Tolerance	 	 	 
2021	MCCREARY	RED SPRING WHEAT	AAC BRANDON (BW 932)	16	6,878.0	1.081	Tonnes	39.7	Bushels
2021	MCCREARY	RED SPRING WHEAT	AAC STARBUCK <SECAN>	Below	Minimum	Tolerance	 	 	 
2021	MCCREARY	RED SPRING WHEAT	AAC TISDALE (PT250)	6	1,036.0	0.845	Tonnes	31.1	Bushels
2021	MCCREARY	RED SPRING WHEAT	AAC VIEWFIELD <FP GENETICS>|BW965| EXP	Below	Minimum	Tolerance	 	 	 
2021	MCCREARY	RED SPRING WHEAT	CDC PLENTIFUL (PT580)	Below	Minimum	Tolerance	 	 	 
2021	MCCREARY	RED SPRING WHEAT	GLENN	Below	Minimum	Tolerance	 	 	 
2021	MCCREARY	RED SPRING WHEAT	SY GABBRO <SYNGENTA>	Below	Minimum	Tolerance	 	 	 
2021	MINITONAS-BOWSMAN	RED SPRING WHEAT	AAC BRANDON (BW 932)	10	3,653.0	1.676	Tonnes	61.6	Bushels
2021	MINITONAS-BOWSMAN	RED SPRING WHEAT	AAC CONNERY |PT245|	Below	Minimum	Tolerance	 	 	 
2021	MINITONAS-BOWSMAN	RED SPRING WHEAT	AAC LEROY VB <ALLIANCE>	Below	Minimum	Tolerance	 	 	 
2021	MINITONAS-BOWSMAN	RED SPRING WHEAT	AAC REDBERRY	4	1,264.0	1.518	Tonnes	55.8	Bushels
2021	MINITONAS-BOWSMAN	RED SPRING WHEAT	AAC TISDALE (PT250)	7	1,976.0	1.286	Tonnes	47.3	Bushels
2021	MINITONAS-BOWSMAN	RED SPRING WHEAT	AAC VIEWFIELD <FP GENETICS>|BW965| EXP	69	32,091.0	1.632	Tonnes	59.9	Bushels
2021	MINITONAS-BOWSMAN	RED SPRING WHEAT	AAC WHEATLAND <SECAN>	4	592.0	2.118	Tonnes	77.8	Bushels
2021	MINITONAS-BOWSMAN	RED SPRING WHEAT	BOLLES <SEED DEPOT>	Below	Minimum	Tolerance	 	 	 
2021	MINITONAS-BOWSMAN	RED SPRING WHEAT	CARBERRY (BW874)	Below	Minimum	Tolerance	 	 	 
2021	MINITONAS-BOWSMAN	RED SPRING WHEAT	CARDALE (BW429)	8	3,489.0	1.545	Tonnes	56.8	Bushels
2021	MINITONAS-BOWSMAN	RED SPRING WHEAT	CDC LANDMARK	Below	Minimum	Tolerance	 	 	 
2021	MINITONAS-BOWSMAN	RED SPRING WHEAT	CDC PLENTIFUL (PT580)	Below	Minimum	Tolerance	 	 	 
2021	MINITONAS-BOWSMAN	RED SPRING WHEAT	SY GABBRO <SYNGENTA>	Below	Minimum	Tolerance	 	 	 
2021	MINTO-ODANAH	RED SPRING WHEAT	AAC BRANDON (BW 932)	42	16,938.3	1.611	Tonnes	59.2	Bushels
2021	MINTO-ODANAH	RED SPRING WHEAT	AAC CAMERON VB <CANTERRA>	Below	Minimum	Tolerance	 	 	 
2021	MINTO-ODANAH	RED SPRING WHEAT	AAC LEROY VB <ALLIANCE>	Below	Minimum	Tolerance	 	 	 
2021	MINTO-ODANAH	RED SPRING WHEAT	AAC REDBERRY	6	1,257.0	1.528	Tonnes	56.1	Bushels
2021	MINTO-ODANAH	RED SPRING WHEAT	AAC REDSTAR <SECAN> |PT488|	Below	Minimum	Tolerance	 	 	 
2021	MINTO-ODANAH	RED SPRING WHEAT	AAC STARBUCK <SECAN>	10	3,093.0	1.802	Tonnes	66.2	Bushels
2021	MINTO-ODANAH	RED SPRING WHEAT	AAC VIEWFIELD <FP GENETICS>|BW965| EXP	3	1,195.0	1.668	Tonnes	61.3	Bushels
2021	MINTO-ODANAH	RED SPRING WHEAT	AAC WHEATLAND <SECAN>	7	2,326.0	1.890	Tonnes	69.5	Bushels
2021	MINTO-ODANAH	RED SPRING WHEAT	BOLLES <SEED DEPOT>	9	2,464.0	1.642	Tonnes	60.3	Bushels
2021	MINTO-ODANAH	RED SPRING WHEAT	SY GABBRO <SYNGENTA>	Below	Minimum	Tolerance	 	 	 
2021	MONTCALM	RED SPRING WHEAT	AAC BRANDON (BW 932)	40	11,694.0	1.805	Tonnes	66.3	Bushels
2021	MONTCALM	RED SPRING WHEAT	AAC ELIE(BW931)	Below	Minimum	Tolerance	 	 	 
2021	MONTCALM	RED SPRING WHEAT	AAC STARBUCK <SECAN>	18	4,157.0	1.683	Tonnes	61.8	Bushels
2021	MONTCALM	RED SPRING WHEAT	AAC TISDALE (PT250)	Below	Minimum	Tolerance	 	 	 
2021	MONTCALM	RED SPRING WHEAT	AAC VIEWFIELD <FP GENETICS>|BW965| EXP	Below	Minimum	Tolerance	 	 	 
2021	MONTCALM	RED SPRING WHEAT	CS DAYBREAK <CANTERRA>	Below	Minimum	Tolerance	 	 	 
2021	MONTCALM	RED SPRING WHEAT	SHELLY	Below	Minimum	Tolerance	 	 	 
2021	MORRIS	RED SPRING WHEAT	AAC BRANDON (BW 932)	84	25,388.0	1.420	Tonnes	52.2	Bushels
2021	MORRIS	RED SPRING WHEAT	AAC ELIE(BW931)	Below	Minimum	Tolerance	 	 	 
2021	MORRIS	RED SPRING WHEAT	AAC STARBUCK <SECAN>	37	9,076.0	1.532	Tonnes	56.3	Bushels
2021	MORRIS	RED SPRING WHEAT	AAC TISDALE (PT250)	Below	Minimum	Tolerance	 	 	 
2021	MORRIS	RED SPRING WHEAT	AAC VIEWFIELD <FP GENETICS>|BW965| EXP	12	4,456.0	1.601	Tonnes	58.8	Bushels
2021	MORRIS	RED SPRING WHEAT	AAC WHEATLAND <SECAN>	Below	Minimum	Tolerance	 	 	 
2021	MORRIS	RED SPRING WHEAT	CARDALE (BW429)	4	1,320.0	1.504	Tonnes	55.3	Bushels
2021	MORRIS	RED SPRING WHEAT	CS DAYBREAK <CANTERRA>	5	1,557.0	1.586	Tonnes	58.3	Bushels
2021	MORRIS	RED SPRING WHEAT	SY CAST	Below	Minimum	Tolerance	 	 	 
2021	MORRIS	RED SPRING WHEAT	SY GABBRO <SYNGENTA>	4	1,468.0	0.704	Tonnes	25.9	Bushels
2021	MOSSEY RIVER	RED SPRING WHEAT	AAC BRANDON (BW 932)	4	1,402.0	1.472	Tonnes	54.1	Bushels
2021	MOSSEY RIVER	RED SPRING WHEAT	AAC LEROY VB <ALLIANCE>	Below	Minimum	Tolerance	 	 	 
2021	MOSSEY RIVER	RED SPRING WHEAT	AAC REDBERRY	Below	Minimum	Tolerance	 	 	 
2021	MOSSEY RIVER	RED SPRING WHEAT	AAC TISDALE (PT250)	Below	Minimum	Tolerance	 	 	 
2021	MOSSEY RIVER	RED SPRING WHEAT	AAC VIEWFIELD <FP GENETICS>|BW965| EXP	4	2,356.0	1.348	Tonnes	49.5	Bushels
2021	MOSSEY RIVER	RED SPRING WHEAT	CARDALE (BW429)	5	1,548.0	1.415	Tonnes	52.0	Bushels
2021	MOSSEY RIVER	RED SPRING WHEAT	CDC ORTONA <PROVEN>	Below	Minimum	Tolerance	 	 	 
2021	MOSSEY RIVER	RED SPRING WHEAT	CDC STANLEY (BW880)	Below	Minimum	Tolerance	 	 	 
2021	MOUNTAIN	RED SPRING WHEAT	AAC BRANDON (BW 932)	3	2,055.0	1.386	Tonnes	50.9	Bushels
2021	MOUNTAIN	RED SPRING WHEAT	AAC ELIE(BW931)	Below	Minimum	Tolerance	 	 	 
2021	MOUNTAIN	RED SPRING WHEAT	AAC REDBERRY	Below	Minimum	Tolerance	 	 	 
2021	MOUNTAIN	RED SPRING WHEAT	AAC TISDALE (PT250)	Below	Minimum	Tolerance	 	 	 
2021	MOUNTAIN	RED SPRING WHEAT	AAC VIEWFIELD <FP GENETICS>|BW965| EXP	19	11,501.0	1.709	Tonnes	62.8	Bushels
2021	MOUNTAIN	RED SPRING WHEAT	AAC WHEATLAND <SECAN>	Below	Minimum	Tolerance	 	 	 
2021	MOUNTAIN	RED SPRING WHEAT	AC INTREPID (BW 693)	Below	Minimum	Tolerance	 	 	 
2021	MOUNTAIN	RED SPRING WHEAT	CARBERRY (BW874)	Below	Minimum	Tolerance	 	 	 
2021	MOUNTAIN	RED SPRING WHEAT	CARDALE (BW429)	6	3,006.0	1.653	Tonnes	60.7	Bushels
2021	MOUNTAIN	RED SPRING WHEAT	CDC GO (BW781)	Below	Minimum	Tolerance	 	 	 
2021	MOUNTAIN	RED SPRING WHEAT	CDC IMAGINE (BW758)(IMI)	Below	Minimum	Tolerance	 	 	 
2021	MOUNTAIN	RED SPRING WHEAT	CDC LANDMARK	Below	Minimum	Tolerance	 	 	 
2021	MOUNTAIN	RED SPRING WHEAT	CDC ORTONA <PROVEN>	Below	Minimum	Tolerance	 	 	 
2021	MOUNTAIN	RED SPRING WHEAT	CDC PLENTIFUL (PT580)	Below	Minimum	Tolerance	 	 	 
2021	MOUNTAIN	RED SPRING WHEAT	CDC STANLEY (BW880)	Below	Minimum	Tolerance	 	 	 
2021	MOUNTAIN	RED SPRING WHEAT	CDC VR MORRIS (BW423)	Below	Minimum	Tolerance	 	 	 
2021	MOUNTAIN	RED SPRING WHEAT	SUPERB (BW252)	Below	Minimum	Tolerance	 	 	 
2021	NORFOLK-TREHERNE	RED SPRING WHEAT	AAC BRANDON (BW 932)	41	13,993.3	1.691	Tonnes	62.2	Bushels
2021	NORFOLK-TREHERNE	RED SPRING WHEAT	AAC ELIE(BW931)	Below	Minimum	Tolerance	 	 	 
2021	NORFOLK-TREHERNE	RED SPRING WHEAT	AAC STARBUCK <SECAN>	8	1,633.0	1.788	Tonnes	65.7	Bushels
2021	NORFOLK-TREHERNE	RED SPRING WHEAT	AAC TISDALE (PT250)	5	949.0	1.496	Tonnes	55.0	Bushels
2021	NORFOLK-TREHERNE	RED SPRING WHEAT	AAC WHEATLAND <SECAN>	3	879.0	1.842	Tonnes	67.7	Bushels
2021	NORFOLK-TREHERNE	RED SPRING WHEAT	HARVEST (BW259)	Below	Minimum	Tolerance	 	 	 
2021	NORFOLK-TREHERNE	RED SPRING WHEAT	SY TORACH <SYNGENTA>	3	640.0	1.990	Tonnes	73.1	Bushels
2021	NORTH CYPRESS-LANGFORD	RED SPRING WHEAT	AAC BRANDON (BW 932)	72	41,348.8	1.325	Tonnes	48.7	Bushels
2021	NORTH CYPRESS-LANGFORD	RED SPRING WHEAT	AAC ELIE(BW931)	Below	Minimum	Tolerance	 	 	 
2021	NORTH CYPRESS-LANGFORD	RED SPRING WHEAT	AAC REDBERRY	3	2,112.0	1.573	Tonnes	57.8	Bushels
2021	NORTH CYPRESS-LANGFORD	RED SPRING WHEAT	AAC STARBUCK <SECAN>	14	3,841.4	1.284	Tonnes	47.2	Bushels
2021	NORTH CYPRESS-LANGFORD	RED SPRING WHEAT	AAC VIEWFIELD <FP GENETICS>|BW965| EXP	3	853.0	0.870	Tonnes	32.0	Bushels
2021	NORTH CYPRESS-LANGFORD	RED SPRING WHEAT	AAC WHEATLAND <SECAN>	Below	Minimum	Tolerance	 	 	 
2021	NORTH CYPRESS-LANGFORD	RED SPRING WHEAT	BOLLES <SEED DEPOT>	3	1,072.0	1.178	Tonnes	43.3	Bushels
2021	NORTH CYPRESS-LANGFORD	RED SPRING WHEAT	CARBERRY (BW874)	Below	Minimum	Tolerance	 	 	 
2021	NORTH CYPRESS-LANGFORD	RED SPRING WHEAT	CARDALE (BW429)	Below	Minimum	Tolerance	 	 	 
2021	NORTH CYPRESS-LANGFORD	RED SPRING WHEAT	CDC STANLEY (BW880)	Below	Minimum	Tolerance	 	 	 
2021	NORTH CYPRESS-LANGFORD	RED SPRING WHEAT	CS DAYBREAK <CANTERRA>	Below	Minimum	Tolerance	 	 	 
2021	NORTH NORFOLK	RED SPRING WHEAT	AAC BRANDON (BW 932)	36	12,366.0	1.176	Tonnes	43.2	Bushels
2021	NORTH NORFOLK	RED SPRING WHEAT	AAC CAMERON VB <CANTERRA>	Below	Minimum	Tolerance	 	 	 
2021	NORTH NORFOLK	RED SPRING WHEAT	AAC ELIE(BW931)	6	1,632.0	1.045	Tonnes	38.4	Bushels
2021	NORTH NORFOLK	RED SPRING WHEAT	AAC REDBERRY	Below	Minimum	Tolerance	 	 	 
2021	NORTH NORFOLK	RED SPRING WHEAT	AAC STARBUCK <SECAN>	6	2,389.0	1.296	Tonnes	47.6	Bushels
2021	NORTH NORFOLK	RED SPRING WHEAT	BOLLES <SEED DEPOT>	8	4,571.0	1.158	Tonnes	42.5	Bushels
2021	NORTH NORFOLK	RED SPRING WHEAT	CARDALE (BW429)	8	1,333.0	0.927	Tonnes	34.1	Bushels
2021	NORTH NORFOLK	RED SPRING WHEAT	SY TORACH <SYNGENTA>	Below	Minimum	Tolerance	 	 	 
2021	OAKLAND-WAWANESA	RED SPRING WHEAT	5605HR CL (BW918)	Below	Minimum	Tolerance	 	 	 
2021	OAKLAND-WAWANESA	RED SPRING WHEAT	AAC BRANDON (BW 932)	29	11,725.0	1.583	Tonnes	58.2	Bushels
2021	OAKLAND-WAWANESA	RED SPRING WHEAT	AAC CAMERON VB <CANTERRA>	5	535.0	1.261	Tonnes	46.4	Bushels
2021	OAKLAND-WAWANESA	RED SPRING WHEAT	AAC ELIE(BW931)	Below	Minimum	Tolerance	 	 	 
2021	OAKLAND-WAWANESA	RED SPRING WHEAT	AAC STARBUCK <SECAN>	15	2,533.0	1.418	Tonnes	52.1	Bushels
2021	OAKLAND-WAWANESA	RED SPRING WHEAT	AAC TISDALE (PT250)	Below	Minimum	Tolerance	 	 	 
2021	OAKLAND-WAWANESA	RED SPRING WHEAT	AAC VIEWFIELD <FP GENETICS>|BW965| EXP	Below	Minimum	Tolerance	 	 	 
2021	OAKLAND-WAWANESA	RED SPRING WHEAT	AAC WHEATLAND <SECAN>	10	3,845.0	1.470	Tonnes	54.0	Bushels
2021	OAKLAND-WAWANESA	RED SPRING WHEAT	AC BARRIE (BW 661)	Below	Minimum	Tolerance	 	 	 
2021	OAKLAND-WAWANESA	RED SPRING WHEAT	BOLLES <SEED DEPOT>	Below	Minimum	Tolerance	 	 	 
2021	OAKLAND-WAWANESA	RED SPRING WHEAT	CARDALE (BW429)	Below	Minimum	Tolerance	 	 	 
2021	OAKVIEW	RED SPRING WHEAT	AAC ALIDA (BW980)	5	1,231.0	1.551	Tonnes	57.0	Bushels
2021	OAKVIEW	RED SPRING WHEAT	AAC BRANDON (BW 932)	43	16,387.9	1.641	Tonnes	60.3	Bushels
2021	OAKVIEW	RED SPRING WHEAT	AAC ELIE(BW931)	Below	Minimum	Tolerance	 	 	 
2021	OAKVIEW	RED SPRING WHEAT	AAC LEROY VB <ALLIANCE>	Below	Minimum	Tolerance	 	 	 
2021	OAKVIEW	RED SPRING WHEAT	AAC REDBERRY	17	3,746.0	1.543	Tonnes	56.7	Bushels
2021	OAKVIEW	RED SPRING WHEAT	AAC STARBUCK <SECAN>	32	9,142.0	1.621	Tonnes	59.6	Bushels
2021	OAKVIEW	RED SPRING WHEAT	AAC VIEWFIELD <FP GENETICS>|BW965| EXP	3	871.0	1.400	Tonnes	51.4	Bushels
2021	OAKVIEW	RED SPRING WHEAT	AAC WHEATLAND <SECAN>	14	6,047.0	1.405	Tonnes	51.6	Bushels
2021	OAKVIEW	RED SPRING WHEAT	BOLLES <SEED DEPOT>	6	1,017.0	1.727	Tonnes	63.5	Bushels
2021	OAKVIEW	RED SPRING WHEAT	CDC HUGHES <CPSC> |PT588|	Below	Minimum	Tolerance	 	 	 
2021	OAKVIEW	RED SPRING WHEAT	CDC LANDMARK	4	1,328.0	1.666	Tonnes	61.2	Bushels
2021	OAKVIEW	RED SPRING WHEAT	CDC UTMOST (BW 883)	Below	Minimum	Tolerance	 	 	 
2021	OAKVIEW	RED SPRING WHEAT	GLENN	Below	Minimum	Tolerance	 	 	 
2021	OAKVIEW	RED SPRING WHEAT	SY TORACH <SYNGENTA>	Below	Minimum	Tolerance	 	 	 
2021	PEMBINA	RED SPRING WHEAT	AAC BRANDON (BW 932)	96	32,280.0	1.422	Tonnes	52.2	Bushels
2021	PEMBINA	RED SPRING WHEAT	AAC HOCKLEY |BW5044|	Below	Minimum	Tolerance	 	 	 
2021	PEMBINA	RED SPRING WHEAT	AAC LEROY VB <ALLIANCE>	Below	Minimum	Tolerance	 	 	 
2021	PEMBINA	RED SPRING WHEAT	AAC REDBERRY	Below	Minimum	Tolerance	 	 	 
2021	PEMBINA	RED SPRING WHEAT	AAC STARBUCK <SECAN>	21	4,645.0	1.590	Tonnes	58.4	Bushels
2021	PEMBINA	RED SPRING WHEAT	AAC TISDALE (PT250)	Below	Minimum	Tolerance	 	 	 
2021	PEMBINA	RED SPRING WHEAT	AAC WHEATLAND <SECAN>	5	1,203.0	1.220	Tonnes	44.8	Bushels
2021	PEMBINA	RED SPRING WHEAT	BOLLES <SEED DEPOT>	Below	Minimum	Tolerance	 	 	 
2021	PEMBINA	RED SPRING WHEAT	CARBERRY (BW874)	Below	Minimum	Tolerance	 	 	 
2021	PEMBINA	RED SPRING WHEAT	CARDALE (BW429)	Below	Minimum	Tolerance	 	 	 
2021	PEMBINA	RED SPRING WHEAT	CDC HUGHES <CPSC> |PT588|	Below	Minimum	Tolerance	 	 	 
2021	PEMBINA	RED SPRING WHEAT	CDC LANDMARK	Below	Minimum	Tolerance	 	 	 
2021	PEMBINA	RED SPRING WHEAT	CS DAYBREAK <CANTERRA>	Below	Minimum	Tolerance	 	 	 
2021	PEMBINA	RED SPRING WHEAT	SY CAST	Below	Minimum	Tolerance	 	 	 
2021	PEMBINA	RED SPRING WHEAT	SY TORACH <SYNGENTA>	5	1,007.0	1.519	Tonnes	55.8	Bushels
2021	PINEY	RED SPRING WHEAT	AAC BRANDON (BW 932)	4	1,326.0	1.582	Tonnes	58.1	Bushels
2021	PIPESTONE	RED SPRING WHEAT	AAC BRANDON (BW 932)	59	32,551.0	1.137	Tonnes	41.8	Bushels
2021	PIPESTONE	RED SPRING WHEAT	AAC CAMERON VB <CANTERRA>	Below	Minimum	Tolerance	 	 	 
2021	PIPESTONE	RED SPRING WHEAT	AAC ELIE(BW931)	4	3,587.0	1.136	Tonnes	41.7	Bushels
2021	PIPESTONE	RED SPRING WHEAT	AAC LEROY VB <ALLIANCE>	Below	Minimum	Tolerance	 	 	 
2021	PIPESTONE	RED SPRING WHEAT	AAC REDBERRY	6	1,031.0	1.014	Tonnes	37.2	Bushels
2021	PIPESTONE	RED SPRING WHEAT	AAC STARBUCK <SECAN>	8	1,976.0	1.037	Tonnes	38.1	Bushels
2021	PIPESTONE	RED SPRING WHEAT	AAC TISDALE (PT250)	3	999.0	1.049	Tonnes	38.5	Bushels
2021	PIPESTONE	RED SPRING WHEAT	AAC VIEWFIELD <FP GENETICS>|BW965| EXP	7	2,119.0	0.997	Tonnes	36.6	Bushels
2021	PIPESTONE	RED SPRING WHEAT	AAC WHEATLAND <SECAN>	8	4,606.0	1.225	Tonnes	45.0	Bushels
2021	PIPESTONE	RED SPRING WHEAT	BOLLES <SEED DEPOT>	Below	Minimum	Tolerance	 	 	 
2021	PIPESTONE	RED SPRING WHEAT	CARBERRY (BW874)	Below	Minimum	Tolerance	 	 	 
2021	PIPESTONE	RED SPRING WHEAT	CARDALE (BW429)	Below	Minimum	Tolerance	 	 	 
2021	PIPESTONE	RED SPRING WHEAT	CDC HUGHES <CPSC> |PT588|	Below	Minimum	Tolerance	 	 	 
2021	PIPESTONE	RED SPRING WHEAT	CDC LANDMARK	Below	Minimum	Tolerance	 	 	 
2021	PORTAGE LA PRAIRIE	RED SPRING WHEAT	AAC BRANDON (BW 932)	106	52,284.0	1.509	Tonnes	55.5	Bushels
2021	PORTAGE LA PRAIRIE	RED SPRING WHEAT	AAC ELIE(BW931)	Below	Minimum	Tolerance	 	 	 
2021	PORTAGE LA PRAIRIE	RED SPRING WHEAT	AAC REDWATER (PT457)	Below	Minimum	Tolerance	 	 	 
2021	PORTAGE LA PRAIRIE	RED SPRING WHEAT	AAC STARBUCK <SECAN>	35	13,351.0	1.610	Tonnes	59.2	Bushels
2021	PORTAGE LA PRAIRIE	RED SPRING WHEAT	BOLLES <SEED DEPOT>	8	2,256.0	1.164	Tonnes	42.8	Bushels
2021	PORTAGE LA PRAIRIE	RED SPRING WHEAT	CARBERRY (BW874)	Below	Minimum	Tolerance	 	 	 
2021	PORTAGE LA PRAIRIE	RED SPRING WHEAT	CARDALE (BW429)	Below	Minimum	Tolerance	 	 	 
2021	PORTAGE LA PRAIRIE	RED SPRING WHEAT	CDC SKRUSH |PT599|	Below	Minimum	Tolerance	 	 	 
2021	PORTAGE LA PRAIRIE	RED SPRING WHEAT	SY GABBRO <SYNGENTA>	Below	Minimum	Tolerance	 	 	 
2021	PRAIRIE LAKES	RED SPRING WHEAT	AAC BRANDON (BW 932)	67	30,677.0	1.518	Tonnes	55.8	Bushels
2021	PRAIRIE LAKES	RED SPRING WHEAT	AAC CAMERON VB <CANTERRA>	4	635.0	1.361	Tonnes	50.0	Bushels
2021	PRAIRIE LAKES	RED SPRING WHEAT	AAC ELIE(BW931)	Below	Minimum	Tolerance	 	 	 
2021	PRAIRIE LAKES	RED SPRING WHEAT	AAC LEROY VB <ALLIANCE>	Below	Minimum	Tolerance	 	 	 
2021	PRAIRIE LAKES	RED SPRING WHEAT	AAC REDBERRY	Below	Minimum	Tolerance	 	 	 
2021	PRAIRIE LAKES	RED SPRING WHEAT	AAC STARBUCK <SECAN>	10	2,028.0	1.489	Tonnes	54.7	Bushels
2021	PRAIRIE LAKES	RED SPRING WHEAT	AAC VIEWFIELD <FP GENETICS>|BW965| EXP	Below	Minimum	Tolerance	 	 	 
2021	PRAIRIE LAKES	RED SPRING WHEAT	AAC WHEATLAND <SECAN>	18	4,254.0	1.526	Tonnes	56.1	Bushels
2021	PRAIRIE LAKES	RED SPRING WHEAT	BOLLES <SEED DEPOT>	4	1,100.0	1.124	Tonnes	41.3	Bushels
2021	PRAIRIE LAKES	RED SPRING WHEAT	CARDALE (BW429)	Below	Minimum	Tolerance	 	 	 
2021	PRAIRIE LAKES	RED SPRING WHEAT	GLENN	Below	Minimum	Tolerance	 	 	 
2021	PRAIRIE LAKES	RED SPRING WHEAT	SY TORACH <SYNGENTA>	Below	Minimum	Tolerance	 	 	 
2021	PRAIRIE VIEW	RED SPRING WHEAT	AAC BRANDON (BW 932)	41	12,184.0	1.253	Tonnes	46.0	Bushels
2021	PRAIRIE VIEW	RED SPRING WHEAT	AAC CAMERON VB <CANTERRA>	3	1,118.0	1.913	Tonnes	70.3	Bushels
2021	PRAIRIE VIEW	RED SPRING WHEAT	AAC LEROY VB <ALLIANCE>	3	560.0	1.504	Tonnes	55.3	Bushels
2021	PRAIRIE VIEW	RED SPRING WHEAT	AAC REDBERRY	29	13,210.0	1.432	Tonnes	52.6	Bushels
2021	PRAIRIE VIEW	RED SPRING WHEAT	AAC REDWATER (PT457)	Below	Minimum	Tolerance	 	 	 
2021	PRAIRIE VIEW	RED SPRING WHEAT	AAC STARBUCK <SECAN>	26	12,525.0	1.599	Tonnes	58.8	Bushels
2021	PRAIRIE VIEW	RED SPRING WHEAT	AAC VIEWFIELD <FP GENETICS>|BW965| EXP	Below	Minimum	Tolerance	 	 	 
2021	PRAIRIE VIEW	RED SPRING WHEAT	AAC WHEATLAND <SECAN>	40	16,251.0	1.580	Tonnes	58.1	Bushels
2021	PRAIRIE VIEW	RED SPRING WHEAT	BOLLES <SEED DEPOT>	28	13,441.0	1.453	Tonnes	53.4	Bushels
2021	PRAIRIE VIEW	RED SPRING WHEAT	CDC LANDMARK	6	2,284.0	1.575	Tonnes	57.9	Bushels
2021	PRAIRIE VIEW	RED SPRING WHEAT	GLENN	Below	Minimum	Tolerance	 	 	 
2021	PRAIRIE VIEW	RED SPRING WHEAT	SY GABBRO <SYNGENTA>	Below	Minimum	Tolerance	 	 	 
2021	REYNOLDS	RED SPRING WHEAT	AAC BRANDON (BW 932)	Below	Minimum	Tolerance	 	 	 
2021	REYNOLDS	RED SPRING WHEAT	AAC STARBUCK <SECAN>	Below	Minimum	Tolerance	 	 	 
2021	REYNOLDS	RED SPRING WHEAT	AAC VIEWFIELD <FP GENETICS>|BW965| EXP	Below	Minimum	Tolerance	 	 	 
2021	RHINELAND	RED SPRING WHEAT	AAC BRANDON (BW 932)	77	11,634.0	1.550	Tonnes	57.0	Bushels
2021	RHINELAND	RED SPRING WHEAT	AAC STARBUCK <SECAN>	38	7,832.0	1.721	Tonnes	63.2	Bushels
2021	RHINELAND	RED SPRING WHEAT	AAC WHEATLAND <SECAN>	10	1,758.0	1.945	Tonnes	71.5	Bushels
2021	RHINELAND	RED SPRING WHEAT	BOLLES <SEED DEPOT>	Below	Minimum	Tolerance	 	 	 
2021	RHINELAND	RED SPRING WHEAT	CARBERRY (BW874)	Below	Minimum	Tolerance	 	 	 
2021	RHINELAND	RED SPRING WHEAT	CARDALE (BW429)	Below	Minimum	Tolerance	 	 	 
2021	RHINELAND	RED SPRING WHEAT	SHELLY	Below	Minimum	Tolerance	 	 	 
2021	RHINELAND	RED SPRING WHEAT	SY CAST	Below	Minimum	Tolerance	 	 	 
2021	RIDING MOUNTAIN WEST	RED SPRING WHEAT	AAC ALIDA (BW980)	Below	Minimum	Tolerance	 	 	 
2021	RIDING MOUNTAIN WEST	RED SPRING WHEAT	AAC BRANDON (BW 932)	26	11,964.0	1.660	Tonnes	61.0	Bushels
2021	RIDING MOUNTAIN WEST	RED SPRING WHEAT	AAC ELIE(BW931)	5	1,765.0	1.269	Tonnes	46.6	Bushels
2021	RIDING MOUNTAIN WEST	RED SPRING WHEAT	AAC LEROY VB <ALLIANCE>	4	1,030.0	1.736	Tonnes	63.8	Bushels
2021	RIDING MOUNTAIN WEST	RED SPRING WHEAT	AAC MAGNET |BW 1045, BJ14*A01135|	Below	Minimum	Tolerance	 	 	 
2021	RIDING MOUNTAIN WEST	RED SPRING WHEAT	AAC REDBERRY	17	3,690.0	1.567	Tonnes	57.6	Bushels
2021	RIDING MOUNTAIN WEST	RED SPRING WHEAT	AAC REDWATER (PT457)	Below	Minimum	Tolerance	 	 	 
2021	RIDING MOUNTAIN WEST	RED SPRING WHEAT	AAC STARBUCK <SECAN>	15	5,795.0	1.693	Tonnes	62.2	Bushels
2021	RIDING MOUNTAIN WEST	RED SPRING WHEAT	AAC TISDALE (PT250)	Below	Minimum	Tolerance	 	 	 
2021	RIDING MOUNTAIN WEST	RED SPRING WHEAT	AAC VIEWFIELD <FP GENETICS>|BW965| EXP	16	6,526.0	1.830	Tonnes	67.3	Bushels
2021	RIDING MOUNTAIN WEST	RED SPRING WHEAT	AAC WHEATLAND <SECAN>	13	5,522.0	1.623	Tonnes	59.6	Bushels
2021	RIDING MOUNTAIN WEST	RED SPRING WHEAT	BOLLES <SEED DEPOT>	29	12,586.0	1.567	Tonnes	57.6	Bushels
2021	RIDING MOUNTAIN WEST	RED SPRING WHEAT	CARBERRY (BW874)	Below	Minimum	Tolerance	 	 	 
2021	RIDING MOUNTAIN WEST	RED SPRING WHEAT	CDC BRADWELL <SECAN> |BW472|	Below	Minimum	Tolerance	 	 	 
2021	RIDING MOUNTAIN WEST	RED SPRING WHEAT	CDC LANDMARK	19	10,037.0	1.581	Tonnes	58.1	Bushels
2021	RIDING MOUNTAIN WEST	RED SPRING WHEAT	CDC ORTONA <PROVEN>	Below	Minimum	Tolerance	 	 	 
2021	RIDING MOUNTAIN WEST	RED SPRING WHEAT	GLENN	Below	Minimum	Tolerance	 	 	 
2021	RIDING MOUNTAIN WEST	RED SPRING WHEAT	SY GABBRO <SYNGENTA>	Below	Minimum	Tolerance	 	 	 
2021	RITCHOT	RED SPRING WHEAT	AAC BRANDON (BW 932)	26	7,564.1	1.400	Tonnes	51.4	Bushels
2021	RITCHOT	RED SPRING WHEAT	AAC ELIE(BW931)	Below	Minimum	Tolerance	 	 	 
2021	RITCHOT	RED SPRING WHEAT	AAC STARBUCK <SECAN>	10	2,239.0	1.406	Tonnes	51.7	Bushels
2021	RITCHOT	RED SPRING WHEAT	AAC TISDALE (PT250)	Below	Minimum	Tolerance	 	 	 
2021	RITCHOT	RED SPRING WHEAT	AAC VIEWFIELD <FP GENETICS>|BW965| EXP	Below	Minimum	Tolerance	 	 	 
2021	RITCHOT	RED SPRING WHEAT	CARDALE (BW429)	Below	Minimum	Tolerance	 	 	 
2021	RITCHOT	RED SPRING WHEAT	CS DAYBREAK <CANTERRA>	Below	Minimum	Tolerance	 	 	 
2021	RITCHOT	RED SPRING WHEAT	SY GABBRO <SYNGENTA>	Below	Minimum	Tolerance	 	 	 
2021	RIVERDALE	RED SPRING WHEAT	AAC ALIDA (BW980)	Below	Minimum	Tolerance	 	 	 
2021	RIVERDALE	RED SPRING WHEAT	AAC BRANDON (BW 932)	40	15,023.0	1.404	Tonnes	51.6	Bushels
2021	RIVERDALE	RED SPRING WHEAT	AAC CAMERON VB <CANTERRA>	Below	Minimum	Tolerance	 	 	 
2021	RIVERDALE	RED SPRING WHEAT	AAC STARBUCK <SECAN>	12	3,139.0	1.595	Tonnes	58.6	Bushels
2021	RIVERDALE	RED SPRING WHEAT	AAC WHEATLAND <SECAN>	Below	Minimum	Tolerance	 	 	 
2021	RIVERDALE	RED SPRING WHEAT	BOLLES <SEED DEPOT>	Below	Minimum	Tolerance	 	 	 
2021	ROCKWOOD	RED SPRING WHEAT	AAC BRANDON (BW 932)	54	17,685.1	0.907	Tonnes	33.3	Bushels
2021	ROCKWOOD	RED SPRING WHEAT	AAC ELIE(BW931)	3	926.0	1.115	Tonnes	41.0	Bushels
2021	ROCKWOOD	RED SPRING WHEAT	AAC LEROY VB <ALLIANCE>	3	810.0	0.811	Tonnes	29.8	Bushels
2021	ROCKWOOD	RED SPRING WHEAT	AAC STARBUCK <SECAN>	30	7,950.0	0.903	Tonnes	33.2	Bushels
2021	ROCKWOOD	RED SPRING WHEAT	AAC VIEWFIELD <FP GENETICS>|BW965| EXP	Below	Minimum	Tolerance	 	 	 
2021	ROCKWOOD	RED SPRING WHEAT	BOLLES <SEED DEPOT>	7	2,880.0	0.843	Tonnes	31.0	Bushels
2021	ROCKWOOD	RED SPRING WHEAT	CARDALE (BW429)	Below	Minimum	Tolerance	 	 	 
2021	ROCKWOOD	RED SPRING WHEAT	CDC HUGHES <CPSC> |PT588|	Below	Minimum	Tolerance	 	 	 
2021	ROCKWOOD	RED SPRING WHEAT	SY CAST	Below	Minimum	Tolerance	 	 	 
2021	ROCKWOOD	RED SPRING WHEAT	SY TORACH <SYNGENTA>	Below	Minimum	Tolerance	 	 	 
2021	ROLAND	RED SPRING WHEAT	AAC BRANDON (BW 932)	41	11,169.0	1.053	Tonnes	38.7	Bushels
2021	ROLAND	RED SPRING WHEAT	AAC STARBUCK <SECAN>	24	4,404.0	1.050	Tonnes	38.6	Bushels
2021	ROLAND	RED SPRING WHEAT	AAC VIEWFIELD <FP GENETICS>|BW965| EXP	Below	Minimum	Tolerance	 	 	 
2021	ROLAND	RED SPRING WHEAT	BOLLES <SEED DEPOT>	Below	Minimum	Tolerance	 	 	 
2021	ROLAND	RED SPRING WHEAT	CARDALE (BW429)	7	1,681.0	0.923	Tonnes	33.9	Bushels
2021	ROLAND	RED SPRING WHEAT	CS DAYBREAK <CANTERRA>	Below	Minimum	Tolerance	 	 	 
2021	ROLAND	RED SPRING WHEAT	SY CAST	Below	Minimum	Tolerance	 	 	 
2021	ROLAND	RED SPRING WHEAT	SY TORACH <SYNGENTA>	Below	Minimum	Tolerance	 	 	 
2021	ROSEDALE	RED SPRING WHEAT	AAC BRANDON (BW 932)	25	9,404.0	1.203	Tonnes	44.2	Bushels
2021	ROSEDALE	RED SPRING WHEAT	AAC ELIE(BW931)	3	1,485.0	1.139	Tonnes	41.8	Bushels
2021	ROSEDALE	RED SPRING WHEAT	AAC REDBERRY	5	2,485.1	1.159	Tonnes	42.6	Bushels
2021	ROSEDALE	RED SPRING WHEAT	AAC REDWATER (PT457)	Below	Minimum	Tolerance	 	 	 
2021	ROSEDALE	RED SPRING WHEAT	AAC STARBUCK <SECAN>	Below	Minimum	Tolerance	 	 	 
2021	ROSEDALE	RED SPRING WHEAT	AAC TISDALE (PT250)	Below	Minimum	Tolerance	 	 	 
2021	ROSEDALE	RED SPRING WHEAT	AAC VIEWFIELD <FP GENETICS>|BW965| EXP	4	699.0	1.633	Tonnes	60.0	Bushels
2021	ROSEDALE	RED SPRING WHEAT	AAC WHEATLAND <SECAN>	Below	Minimum	Tolerance	 	 	 
2021	ROSEDALE	RED SPRING WHEAT	AC BARRIE (BW 661)	Below	Minimum	Tolerance	 	 	 
2021	ROSEDALE	RED SPRING WHEAT	BOLLES <SEED DEPOT>	7	3,083.0	1.053	Tonnes	38.7	Bushels
2021	ROSEDALE	RED SPRING WHEAT	CARBERRY (BW874)	Below	Minimum	Tolerance	 	 	 
2021	ROSEDALE	RED SPRING WHEAT	CDC PLENTIFUL (PT580)	Below	Minimum	Tolerance	 	 	 
2021	ROSEDALE	RED SPRING WHEAT	MCKENZIE (BW 205)	Below	Minimum	Tolerance	 	 	 
2021	ROSEDALE	RED SPRING WHEAT	WASKADA (BW 357)	Below	Minimum	Tolerance	 	 	 
2021	ROSSBURN	RED SPRING WHEAT	AAC BRANDON (BW 932)	20	8,742.0	1.635	Tonnes	60.1	Bushels
2021	ROSSBURN	RED SPRING WHEAT	AAC CAMERON VB <CANTERRA>	Below	Minimum	Tolerance	 	 	 
2021	ROSSBURN	RED SPRING WHEAT	AAC LEROY VB <ALLIANCE>	3	563.0	1.420	Tonnes	52.2	Bushels
2021	ROSSBURN	RED SPRING WHEAT	AAC REDBERRY	12	2,392.0	1.696	Tonnes	62.3	Bushels
2021	ROSSBURN	RED SPRING WHEAT	AAC STARBUCK <SECAN>	8	1,838.0	1.441	Tonnes	52.9	Bushels
2021	ROSSBURN	RED SPRING WHEAT	AAC VIEWFIELD <FP GENETICS>|BW965| EXP	Below	Minimum	Tolerance	 	 	 
2021	ROSSBURN	RED SPRING WHEAT	AAC WHEATLAND <SECAN>	8	2,287.0	1.699	Tonnes	62.4	Bushels
2021	ROSSBURN	RED SPRING WHEAT	BOLLES <SEED DEPOT>	16	3,453.0	1.490	Tonnes	54.7	Bushels
2021	ROSSBURN	RED SPRING WHEAT	CARBERRY (BW874)	Below	Minimum	Tolerance	 	 	 
2021	ROSSBURN	RED SPRING WHEAT	CDC VR MORRIS (BW423)	Below	Minimum	Tolerance	 	 	 
2021	ROSSBURN	RED SPRING WHEAT	GLENN	Below	Minimum	Tolerance	 	 	 
2021	ROSSBURN	RED SPRING WHEAT	SY GABBRO <SYNGENTA>	3	1,277.0	1.339	Tonnes	49.2	Bushels
2021	ROSSER	RED SPRING WHEAT	AAC BRANDON (BW 932)	22	6,615.0	1.083	Tonnes	39.8	Bushels
2021	ROSSER	RED SPRING WHEAT	AAC ELIE(BW931)	4	712.0	1.056	Tonnes	38.8	Bushels
2021	ROSSER	RED SPRING WHEAT	AAC LEROY VB <ALLIANCE>	Below	Minimum	Tolerance	 	 	 
2021	ROSSER	RED SPRING WHEAT	AAC STARBUCK <SECAN>	19	6,540.0	1.169	Tonnes	43.0	Bushels
2021	ROSSER	RED SPRING WHEAT	AAC VIEWFIELD <FP GENETICS>|BW965| EXP	4	2,824.0	1.144	Tonnes	42.0	Bushels
2021	ROSSER	RED SPRING WHEAT	BOLLES <SEED DEPOT>	Below	Minimum	Tolerance	 	 	 
2021	ROSSER	RED SPRING WHEAT	CARBERRY (BW874)	Below	Minimum	Tolerance	 	 	 
2021	ROSSER	RED SPRING WHEAT	CARDALE (BW429)	Below	Minimum	Tolerance	 	 	 
2021	ROSSER	RED SPRING WHEAT	SY TORACH <SYNGENTA>	Below	Minimum	Tolerance	 	 	 
2021	RUSSELL-BINSCARTH	RED SPRING WHEAT	AAC ALIDA (BW980)	Below	Minimum	Tolerance	 	 	 
2021	RUSSELL-BINSCARTH	RED SPRING WHEAT	AAC BRANDON (BW 932)	5	3,562.0	1.661	Tonnes	61.0	Bushels
2021	RUSSELL-BINSCARTH	RED SPRING WHEAT	AAC CAMERON VB <CANTERRA>	Below	Minimum	Tolerance	 	 	 
2021	RUSSELL-BINSCARTH	RED SPRING WHEAT	AAC ELIE(BW931)	Below	Minimum	Tolerance	 	 	 
2021	RUSSELL-BINSCARTH	RED SPRING WHEAT	AAC HOCKLEY |BW5044|	Below	Minimum	Tolerance	 	 	 
2021	RUSSELL-BINSCARTH	RED SPRING WHEAT	AAC HODGE |BW1069|	Below	Minimum	Tolerance	 	 	 
2021	RUSSELL-BINSCARTH	RED SPRING WHEAT	AAC LEROY VB <ALLIANCE>	Below	Minimum	Tolerance	 	 	 
2021	RUSSELL-BINSCARTH	RED SPRING WHEAT	AAC REDBERRY	6	2,067.0	1.596	Tonnes	58.6	Bushels
2021	RUSSELL-BINSCARTH	RED SPRING WHEAT	AAC REDWATER (PT457)	Below	Minimum	Tolerance	 	 	 
2021	RUSSELL-BINSCARTH	RED SPRING WHEAT	AAC STARBUCK <SECAN>	9	4,435.0	1.606	Tonnes	59.0	Bushels
2021	RUSSELL-BINSCARTH	RED SPRING WHEAT	AAC VIEWFIELD <FP GENETICS>|BW965| EXP	Below	Minimum	Tolerance	 	 	 
2021	RUSSELL-BINSCARTH	RED SPRING WHEAT	AAC WHEATLAND <SECAN>	8	2,335.0	1.801	Tonnes	66.2	Bushels
2021	RUSSELL-BINSCARTH	RED SPRING WHEAT	BOLLES <SEED DEPOT>	Below	Minimum	Tolerance	 	 	 
2021	RUSSELL-BINSCARTH	RED SPRING WHEAT	CARDALE (BW429)	Below	Minimum	Tolerance	 	 	 
2021	RUSSELL-BINSCARTH	RED SPRING WHEAT	CDC LANDMARK	5	1,561.0	1.677	Tonnes	61.6	Bushels
2021	RUSSELL-BINSCARTH	RED SPRING WHEAT	CDC PLENTIFUL (PT580)	Below	Minimum	Tolerance	 	 	 
2021	RUSSELL-BINSCARTH	RED SPRING WHEAT	GLENN	Below	Minimum	Tolerance	 	 	 
2021	SIFTON	RED SPRING WHEAT	AAC BRANDON (BW 932)	12	3,423.0	1.113	Tonnes	40.9	Bushels
2021	SIFTON	RED SPRING WHEAT	AAC CAMERON VB <CANTERRA>	Below	Minimum	Tolerance	 	 	 
2021	SIFTON	RED SPRING WHEAT	AAC TISDALE (PT250)	Below	Minimum	Tolerance	 	 	 
2021	SIFTON	RED SPRING WHEAT	AAC WHEATLAND <SECAN>	3	608.0	1.215	Tonnes	44.7	Bushels
2021	SOURIS-GLENWOOD	RED SPRING WHEAT	AAC ALIDA (BW980)	Below	Minimum	Tolerance	 	 	 
2021	SOURIS-GLENWOOD	RED SPRING WHEAT	AAC BRANDON (BW 932)	26	12,408.0	1.566	Tonnes	57.6	Bushels
2021	SOURIS-GLENWOOD	RED SPRING WHEAT	AAC CAMERON VB <CANTERRA>	Below	Minimum	Tolerance	 	 	 
2021	SOURIS-GLENWOOD	RED SPRING WHEAT	AAC ELIE(BW931)	Below	Minimum	Tolerance	 	 	 
2021	SOURIS-GLENWOOD	RED SPRING WHEAT	AAC HOCKLEY |BW5044|	Below	Minimum	Tolerance	 	 	 
2021	SOURIS-GLENWOOD	RED SPRING WHEAT	AAC MAGNET |BW 1045, BJ14*A01135|	Below	Minimum	Tolerance	 	 	 
2021	SOURIS-GLENWOOD	RED SPRING WHEAT	AAC STARBUCK <SECAN>	5	680.0	1.708	Tonnes	62.8	Bushels
2021	SOURIS-GLENWOOD	RED SPRING WHEAT	AAC TISDALE (PT250)	3	950.0	1.534	Tonnes	56.4	Bushels
2021	SOURIS-GLENWOOD	RED SPRING WHEAT	AAC WHEATLAND <SECAN>	5	1,020.0	1.996	Tonnes	73.4	Bushels
2021	SOURIS-GLENWOOD	RED SPRING WHEAT	CARDALE (BW429)	Below	Minimum	Tolerance	 	 	 
2021	SOURIS-GLENWOOD	RED SPRING WHEAT	SY CAST	Below	Minimum	Tolerance	 	 	 
2021	SPRINGFIELD	RED SPRING WHEAT	AAC BRANDON (BW 932)	34	10,065.0	1.266	Tonnes	46.5	Bushels
2021	SPRINGFIELD	RED SPRING WHEAT	AAC ELIE(BW931)	Below	Minimum	Tolerance	 	 	 
2021	SPRINGFIELD	RED SPRING WHEAT	AAC LEROY VB <ALLIANCE>	Below	Minimum	Tolerance	 	 	 
2021	SPRINGFIELD	RED SPRING WHEAT	AAC REDBERRY	Below	Minimum	Tolerance	 	 	 
2021	SPRINGFIELD	RED SPRING WHEAT	AAC STARBUCK <SECAN>	7	2,977.0	1.202	Tonnes	44.2	Bushels
2021	SPRINGFIELD	RED SPRING WHEAT	AAC TISDALE (PT250)	Below	Minimum	Tolerance	 	 	 
2021	SPRINGFIELD	RED SPRING WHEAT	AAC VIEWFIELD <FP GENETICS>|BW965| EXP	4	1,021.0	1.220	Tonnes	44.8	Bushels
2021	SPRINGFIELD	RED SPRING WHEAT	BOLLES <SEED DEPOT>	8	1,499.0	1.343	Tonnes	49.4	Bushels
2021	SPRINGFIELD	RED SPRING WHEAT	CDC ORTONA <PROVEN>	Below	Minimum	Tolerance	 	 	 
2021	SPRINGFIELD	RED SPRING WHEAT	CS DAYBREAK <CANTERRA>	8	1,089.0	1.286	Tonnes	47.2	Bushels
2021	SPRINGFIELD	RED SPRING WHEAT	SHELLY	Below	Minimum	Tolerance	 	 	 
2021	SPRINGFIELD	RED SPRING WHEAT	SY GABBRO <SYNGENTA>	Below	Minimum	Tolerance	 	 	 
2021	ST. ANDREWS	RED SPRING WHEAT	AAC BRANDON (BW 932)	21	9,784.0	1.269	Tonnes	46.6	Bushels
2021	ST. ANDREWS	RED SPRING WHEAT	AAC ELIE(BW931)	9	2,805.0	1.225	Tonnes	45.0	Bushels
2021	ST. ANDREWS	RED SPRING WHEAT	AAC LEROY VB <ALLIANCE>	3	1,223.0	1.070	Tonnes	39.3	Bushels
2021	ST. ANDREWS	RED SPRING WHEAT	AAC REDBERRY	3	714.0	0.972	Tonnes	35.7	Bushels
2021	ST. ANDREWS	RED SPRING WHEAT	AAC STARBUCK <SECAN>	12	4,953.0	1.409	Tonnes	51.8	Bushels
2021	ST. ANDREWS	RED SPRING WHEAT	AAC VIEWFIELD <FP GENETICS>|BW965| EXP	Below	Minimum	Tolerance	 	 	 
2021	ST. ANDREWS	RED SPRING WHEAT	BOLLES <SEED DEPOT>	8	1,908.0	0.999	Tonnes	36.7	Bushels
2021	ST. ANDREWS	RED SPRING WHEAT	CARDALE (BW429)	3	1,355.0	1.263	Tonnes	46.4	Bushels
2021	ST. ANDREWS	RED SPRING WHEAT	CS DAYBREAK <CANTERRA>	Below	Minimum	Tolerance	 	 	 
2021	ST. ANDREWS	RED SPRING WHEAT	GLENN	Below	Minimum	Tolerance	 	 	 
2021	ST. ANDREWS	RED SPRING WHEAT	SY GABBRO <SYNGENTA>	Below	Minimum	Tolerance	 	 	 
2021	ST. ANDREWS	RED SPRING WHEAT	SY TORACH <SYNGENTA>	4	1,009.0	0.426	Tonnes	15.7	Bushels
2021	ST. CLEMENTS	RED SPRING WHEAT	AAC BRANDON (BW 932)	21	6,822.0	1.475	Tonnes	54.2	Bushels
2021	ST. CLEMENTS	RED SPRING WHEAT	AAC ELIE(BW931)	3	1,079.0	1.792	Tonnes	65.9	Bushels
2021	ST. CLEMENTS	RED SPRING WHEAT	AAC LEROY VB <ALLIANCE>	Below	Minimum	Tolerance	 	 	 
2021	ST. CLEMENTS	RED SPRING WHEAT	AAC STARBUCK <SECAN>	Below	Minimum	Tolerance	 	 	 
2021	ST. CLEMENTS	RED SPRING WHEAT	AAC VIEWFIELD <FP GENETICS>|BW965| EXP	9	2,400.0	1.937	Tonnes	71.2	Bushels
2021	ST. CLEMENTS	RED SPRING WHEAT	CDC ORTONA <PROVEN>	Below	Minimum	Tolerance	 	 	 
2021	ST. CLEMENTS	RED SPRING WHEAT	GLENN	Below	Minimum	Tolerance	 	 	 
2021	ST. CLEMENTS	RED SPRING WHEAT	KANE (BW342)	Below	Minimum	Tolerance	 	 	 
2021	ST. FRANCIS XAVIER	RED SPRING WHEAT	AAC BRANDON (BW 932)	10	6,152.0	1.357	Tonnes	49.9	Bushels
2021	ST. FRANCIS XAVIER	RED SPRING WHEAT	AAC LEROY VB <ALLIANCE>	Below	Minimum	Tolerance	 	 	 
2021	ST. FRANCIS XAVIER	RED SPRING WHEAT	AAC STARBUCK <SECAN>	9	2,986.0	1.553	Tonnes	57.1	Bushels
2021	ST. FRANCIS XAVIER	RED SPRING WHEAT	AAC VIEWFIELD <FP GENETICS>|BW965| EXP	Below	Minimum	Tolerance	 	 	 
2021	ST. LAURENT	RED SPRING WHEAT	AAC BRANDON (BW 932)	Below	Minimum	Tolerance	 	 	 
2021	STANLEY	RED SPRING WHEAT	AAC BRANDON (BW 932)	70	13,804.0	1.041	Tonnes	38.3	Bushels
2021	STANLEY	RED SPRING WHEAT	AAC ELIE(BW931)	6	1,590.0	0.804	Tonnes	29.5	Bushels
2021	STANLEY	RED SPRING WHEAT	AAC STARBUCK <SECAN>	24	4,050.0	1.015	Tonnes	37.3	Bushels
2021	STANLEY	RED SPRING WHEAT	AAC TISDALE (PT250)	Below	Minimum	Tolerance	 	 	 
2021	STANLEY	RED SPRING WHEAT	AAC WHEATLAND <SECAN>	Below	Minimum	Tolerance	 	 	 
2021	STANLEY	RED SPRING WHEAT	BOLLES <SEED DEPOT>	Below	Minimum	Tolerance	 	 	 
2021	STANLEY	RED SPRING WHEAT	CARDALE (BW429)	4	590.0	0.865	Tonnes	31.8	Bushels
2021	STANLEY	RED SPRING WHEAT	SHELLY	Below	Minimum	Tolerance	 	 	 
2021	STANLEY	RED SPRING WHEAT	SY CAST	5	520.0	1.042	Tonnes	38.3	Bushels
2021	STE. ANNE	RED SPRING WHEAT	AAC BRANDON (BW 932)	19	3,468.0	1.703	Tonnes	62.6	Bushels
2021	STE. ANNE	RED SPRING WHEAT	AAC STARBUCK <SECAN>	Below	Minimum	Tolerance	 	 	 
2021	STE. ANNE	RED SPRING WHEAT	AAC VIEWFIELD <FP GENETICS>|BW965| EXP	Below	Minimum	Tolerance	 	 	 
2021	STE. ANNE	RED SPRING WHEAT	AC BARRIE (BW 661)	Below	Minimum	Tolerance	 	 	 
2021	STE. ANNE	RED SPRING WHEAT	CARDALE (BW429)	Below	Minimum	Tolerance	 	 	 
2021	STE. ROSE	RED SPRING WHEAT	5605HR CL (BW918)	Below	Minimum	Tolerance	 	 	 
2021	STE. ROSE	RED SPRING WHEAT	AAC BRANDON (BW 932)	13	7,656.0	1.343	Tonnes	49.4	Bushels
2021	STE. ROSE	RED SPRING WHEAT	AAC CAMERON VB <CANTERRA>	Below	Minimum	Tolerance	 	 	 
2021	STE. ROSE	RED SPRING WHEAT	AAC STARBUCK <SECAN>	Below	Minimum	Tolerance	 	 	 
2021	STE. ROSE	RED SPRING WHEAT	AAC TISDALE (PT250)	4	1,101.0	0.916	Tonnes	33.6	Bushels
2021	STE. ROSE	RED SPRING WHEAT	AAC VIEWFIELD <FP GENETICS>|BW965| EXP	5	1,656.0	1.316	Tonnes	48.4	Bushels
2021	STE. ROSE	RED SPRING WHEAT	BOLLES <SEED DEPOT>	5	1,208.0	1.236	Tonnes	45.4	Bushels
2021	STE. ROSE	RED SPRING WHEAT	CARDALE (BW429)	Below	Minimum	Tolerance	 	 	 
2021	STUARTBURN	RED SPRING WHEAT	AAC BRANDON (BW 932)	Below	Minimum	Tolerance	 	 	 
2021	SWAN VALLEY WEST	RED SPRING WHEAT	AAC BRANDON (BW 932)	10	3,638.0	1.544	Tonnes	56.7	Bushels
2021	SWAN VALLEY WEST	RED SPRING WHEAT	AAC CONNERY |PT245|	Below	Minimum	Tolerance	 	 	 
2021	SWAN VALLEY WEST	RED SPRING WHEAT	AAC HOCKLEY |BW5044|	Below	Minimum	Tolerance	 	 	 
2021	SWAN VALLEY WEST	RED SPRING WHEAT	AAC HODGE |BW1069|	Below	Minimum	Tolerance	 	 	 
2021	SWAN VALLEY WEST	RED SPRING WHEAT	AAC REDBERRY	6	1,627.0	0.933	Tonnes	34.3	Bushels
2021	SWAN VALLEY WEST	RED SPRING WHEAT	AAC REDSTAR <SECAN> |PT488|	Below	Minimum	Tolerance	 	 	 
2021	SWAN VALLEY WEST	RED SPRING WHEAT	AAC STARBUCK <SECAN>	3	775.0	1.551	Tonnes	57.0	Bushels
2021	SWAN VALLEY WEST	RED SPRING WHEAT	AAC TISDALE (PT250)	10	2,453.0	1.333	Tonnes	49.0	Bushels
2021	SWAN VALLEY WEST	RED SPRING WHEAT	AAC VIEWFIELD <FP GENETICS>|BW965| EXP	64	40,212.0	1.564	Tonnes	57.5	Bushels
2021	SWAN VALLEY WEST	RED SPRING WHEAT	AAC WHEATLAND <SECAN>	24	9,296.0	1.510	Tonnes	55.5	Bushels
2021	SWAN VALLEY WEST	RED SPRING WHEAT	AC DOMAIN (BW 148)	Below	Minimum	Tolerance	 	 	 
2021	SWAN VALLEY WEST	RED SPRING WHEAT	BOLLES <SEED DEPOT>	7	1,798.0	1.273	Tonnes	46.8	Bushels
2021	SWAN VALLEY WEST	RED SPRING WHEAT	CARDALE (BW429)	Below	Minimum	Tolerance	 	 	 
2021	SWAN VALLEY WEST	RED SPRING WHEAT	CDC LANDMARK	6	856.0	1.324	Tonnes	48.7	Bushels
2021	SWAN VALLEY WEST	RED SPRING WHEAT	CDC PLENTIFUL (PT580)	5	926.0	0.895	Tonnes	32.9	Bushels
2021	SWAN VALLEY WEST	RED SPRING WHEAT	CDC TITANIUM <PROVEN>	Below	Minimum	Tolerance	 	 	 
2021	SWAN VALLEY WEST	RED SPRING WHEAT	ELLERSLIE <PROVEN>	Below	Minimum	Tolerance	 	 	 
2021	SWAN VALLEY WEST	RED SPRING WHEAT	ELLERSLIE <SECAN>	Below	Minimum	Tolerance	 	 	 
2021	SWAN VALLEY WEST	RED SPRING WHEAT	SY GABBRO <SYNGENTA>	11	2,505.0	1.490	Tonnes	54.7	Bushels
2021	TACHE	RED SPRING WHEAT	AAC BRANDON (BW 932)	42	11,448.0	1.609	Tonnes	59.1	Bushels
2021	TACHE	RED SPRING WHEAT	AAC ELIE(BW931)	Below	Minimum	Tolerance	 	 	 
2021	TACHE	RED SPRING WHEAT	AAC LEROY VB <ALLIANCE>	Below	Minimum	Tolerance	 	 	 
2021	TACHE	RED SPRING WHEAT	AAC STARBUCK <SECAN>	Below	Minimum	Tolerance	 	 	 
2021	TACHE	RED SPRING WHEAT	AC BARRIE (BW 661)	Below	Minimum	Tolerance	 	 	 
2021	TACHE	RED SPRING WHEAT	CDC STANLEY (BW880)	Below	Minimum	Tolerance	 	 	 
2021	TACHE	RED SPRING WHEAT	SHELLY	Below	Minimum	Tolerance	 	 	 
2021	THOMPSON	RED SPRING WHEAT	AAC BRANDON (BW 932)	42	12,848.0	1.106	Tonnes	40.6	Bushels
2021	THOMPSON	RED SPRING WHEAT	AAC ELIE(BW931)	Below	Minimum	Tolerance	 	 	 
2021	THOMPSON	RED SPRING WHEAT	AAC STARBUCK <SECAN>	13	2,488.0	1.182	Tonnes	43.4	Bushels
2021	THOMPSON	RED SPRING WHEAT	BOLLES <SEED DEPOT>	Below	Minimum	Tolerance	 	 	 
2021	THOMPSON	RED SPRING WHEAT	CARBERRY (BW874)	Below	Minimum	Tolerance	 	 	 
2021	THOMPSON	RED SPRING WHEAT	SY GABBRO <SYNGENTA>	Below	Minimum	Tolerance	 	 	 
2021	THOMPSON	RED SPRING WHEAT	SY TORACH <SYNGENTA>	Below	Minimum	Tolerance	 	 	 
2021	TWO BORDERS	RED SPRING WHEAT	AAC ALIDA (BW980)	Below	Minimum	Tolerance	 	 	 
2021	TWO BORDERS	RED SPRING WHEAT	AAC BRANDON (BW 932)	54	39,733.5	1.088	Tonnes	40.0	Bushels
2021	TWO BORDERS	RED SPRING WHEAT	AAC ELIE(BW931)	41	19,200.0	1.076	Tonnes	39.5	Bushels
2021	TWO BORDERS	RED SPRING WHEAT	AAC LEROY VB <ALLIANCE>	3	1,763.0	0.842	Tonnes	30.9	Bushels
2021	TWO BORDERS	RED SPRING WHEAT	AAC REDBERRY	8	2,582.0	0.861	Tonnes	31.6	Bushels
2021	TWO BORDERS	RED SPRING WHEAT	AAC STARBUCK <SECAN>	13	3,415.0	1.164	Tonnes	42.8	Bushels
2021	TWO BORDERS	RED SPRING WHEAT	AAC TISDALE (PT250)	Below	Minimum	Tolerance	 	 	 
2021	TWO BORDERS	RED SPRING WHEAT	AAC VIEWFIELD <FP GENETICS>|BW965| EXP	3	1,156.0	1.270	Tonnes	46.7	Bushels
2021	TWO BORDERS	RED SPRING WHEAT	AAC WHEATLAND <SECAN>	5	970.0	1.020	Tonnes	37.5	Bushels
2021	TWO BORDERS	RED SPRING WHEAT	BOLLES <SEED DEPOT>	Below	Minimum	Tolerance	 	 	 
2021	TWO BORDERS	RED SPRING WHEAT	CARBERRY (BW874)	Below	Minimum	Tolerance	 	 	 
2021	TWO BORDERS	RED SPRING WHEAT	CARDALE (BW429)	Below	Minimum	Tolerance	 	 	 
2021	TWO BORDERS	RED SPRING WHEAT	CDC HUGHES <CPSC> |PT588|	Below	Minimum	Tolerance	 	 	 
2021	TWO BORDERS	RED SPRING WHEAT	GLENN	Below	Minimum	Tolerance	 	 	 
2021	TWO BORDERS	RED SPRING WHEAT	SY TORACH <SYNGENTA>	6	3,397.0	0.828	Tonnes	30.4	Bushels
2021	UNORG TERRITORY	RED SPRING WHEAT	AAC BRANDON (BW 932)	Below	Minimum	Tolerance	 	 	 
2021	UNORG TERRITORY	RED SPRING WHEAT	AAC LEROY VB <ALLIANCE>	Below	Minimum	Tolerance	 	 	 
2021	UNORG TERRITORY	RED SPRING WHEAT	AAC REDBERRY	Below	Minimum	Tolerance	 	 	 
2021	UNORG TERRITORY	RED SPRING WHEAT	AAC STARBUCK <SECAN>	Below	Minimum	Tolerance	 	 	 
2021	UNORG TERRITORY	RED SPRING WHEAT	AAC VIEWFIELD <FP GENETICS>|BW965| EXP	Below	Minimum	Tolerance	 	 	 
2021	UNORG TERRITORY	RED SPRING WHEAT	CARBERRY (BW874)	Below	Minimum	Tolerance	 	 	 
2021	VICTORIA	RED SPRING WHEAT	AAC BRANDON (BW 932)	25	7,272.0	1.281	Tonnes	47.1	Bushels
2021	VICTORIA	RED SPRING WHEAT	AAC ELIE(BW931)	9	2,126.0	1.395	Tonnes	51.2	Bushels
2021	VICTORIA	RED SPRING WHEAT	AAC LEROY VB <ALLIANCE>	Below	Minimum	Tolerance	 	 	 
2021	VICTORIA	RED SPRING WHEAT	AAC REDBERRY	Below	Minimum	Tolerance	 	 	 
2021	VICTORIA	RED SPRING WHEAT	AAC STARBUCK <SECAN>	11	1,810.0	1.680	Tonnes	61.7	Bushels
2021	VICTORIA	RED SPRING WHEAT	AAC TISDALE (PT250)	Below	Minimum	Tolerance	 	 	 
2021	VICTORIA	RED SPRING WHEAT	CARDALE (BW429)	Below	Minimum	Tolerance	 	 	 
2021	VICTORIA	RED SPRING WHEAT	CDC TITANIUM <PROVEN>	Below	Minimum	Tolerance	 	 	 
2021	VICTORIA	RED SPRING WHEAT	SY TORACH <SYNGENTA>	Below	Minimum	Tolerance	 	 	 
2021	WALLACE-WOODWORTH	RED SPRING WHEAT	AAC BRANDON (BW 932)	96	36,886.0	1.224	Tonnes	45.0	Bushels
2021	WALLACE-WOODWORTH	RED SPRING WHEAT	AAC CAMERON VB <CANTERRA>	Below	Minimum	Tolerance	 	 	 
2021	WALLACE-WOODWORTH	RED SPRING WHEAT	AAC ELIE(BW931)	Below	Minimum	Tolerance	 	 	 
2021	WALLACE-WOODWORTH	RED SPRING WHEAT	AAC LEROY VB <ALLIANCE>	Below	Minimum	Tolerance	 	 	 
2021	WALLACE-WOODWORTH	RED SPRING WHEAT	AAC REDBERRY	16	3,354.0	1.094	Tonnes	40.2	Bushels
2021	WALLACE-WOODWORTH	RED SPRING WHEAT	AAC STARBUCK <SECAN>	31	8,812.0	1.229	Tonnes	45.2	Bushels
2021	WALLACE-WOODWORTH	RED SPRING WHEAT	AAC TISDALE (PT250)	9	2,328.0	0.926	Tonnes	34.0	Bushels
2021	WALLACE-WOODWORTH	RED SPRING WHEAT	AAC VIEWFIELD <FP GENETICS>|BW965| EXP	5	2,472.0	1.063	Tonnes	39.1	Bushels
2021	WALLACE-WOODWORTH	RED SPRING WHEAT	AAC WHEATLAND <SECAN>	12	4,730.0	1.528	Tonnes	56.1	Bushels
2021	WALLACE-WOODWORTH	RED SPRING WHEAT	BOLLES <SEED DEPOT>	17	3,467.0	1.019	Tonnes	37.5	Bushels
2021	WALLACE-WOODWORTH	RED SPRING WHEAT	CDC LANDMARK	3	804.0	0.566	Tonnes	20.8	Bushels
2021	WALLACE-WOODWORTH	RED SPRING WHEAT	CDC PLENTIFUL (PT580)	Below	Minimum	Tolerance	 	 	 
2021	WALLACE-WOODWORTH	RED SPRING WHEAT	COLUMBUS	Below	Minimum	Tolerance	 	 	 
2021	WALLACE-WOODWORTH	RED SPRING WHEAT	GLENN	Below	Minimum	Tolerance	 	 	 
2021	WALLACE-WOODWORTH	RED SPRING WHEAT	LNR 14-1299 <CANTERRA>	Below	Minimum	Tolerance	 	 	 
2021	WALLACE-WOODWORTH	RED SPRING WHEAT	NEEPAWA	Below	Minimum	Tolerance	 	 	 
2021	WALLACE-WOODWORTH	RED SPRING WHEAT	SY BRAWN	Below	Minimum	Tolerance	 	 	 
2021	WALLACE-WOODWORTH	RED SPRING WHEAT	SY TORACH <SYNGENTA>	5	1,305.0	0.957	Tonnes	35.2	Bushels
2021	WEST INTERLAKE	RED SPRING WHEAT	AAC BRANDON (BW 932)	5	668.0	0.122	Tonnes	4.5	Bushels
2021	WEST INTERLAKE	RED SPRING WHEAT	AAC LEROY VB <ALLIANCE>	Below	Minimum	Tolerance	 	 	 
2021	WEST INTERLAKE	RED SPRING WHEAT	AAC REDBERRY	Below	Minimum	Tolerance	 	 	 
2021	WEST INTERLAKE	RED SPRING WHEAT	AAC STARBUCK <SECAN>	Below	Minimum	Tolerance	 	 	 
2021	WEST INTERLAKE	RED SPRING WHEAT	AAC VIEWFIELD <FP GENETICS>|BW965| EXP	Below	Minimum	Tolerance	 	 	 
2021	WEST INTERLAKE	RED SPRING WHEAT	CARDALE (BW429)	Below	Minimum	Tolerance	 	 	 
2021	WEST ST. PAUL	RED SPRING WHEAT	AAC BRANDON (BW 932)	4	982.0	1.400	Tonnes	51.4	Bushels
2021	WEST ST. PAUL	RED SPRING WHEAT	AAC STARBUCK <SECAN>	Below	Minimum	Tolerance	 	 	 
2021	WEST ST. PAUL	RED SPRING WHEAT	AAC VIEWFIELD <FP GENETICS>|BW965| EXP	Below	Minimum	Tolerance	 	 	 
2021	WESTLAKE-GLADSTONE	RED SPRING WHEAT	AAC BRANDON (BW 932)	52	34,844.0	0.803	Tonnes	29.5	Bushels
2021	WESTLAKE-GLADSTONE	RED SPRING WHEAT	AAC CAMERON VB <CANTERRA>	Below	Minimum	Tolerance	 	 	 
2021	WESTLAKE-GLADSTONE	RED SPRING WHEAT	AAC ELIE(BW931)	12	5,754.0	0.842	Tonnes	30.9	Bushels
2021	WESTLAKE-GLADSTONE	RED SPRING WHEAT	AAC HOCKLEY |BW5044|	Below	Minimum	Tolerance	 	 	 
2021	WESTLAKE-GLADSTONE	RED SPRING WHEAT	AAC HODGE |BW1069|	Below	Minimum	Tolerance	 	 	 
2021	WESTLAKE-GLADSTONE	RED SPRING WHEAT	AAC LEROY VB <ALLIANCE>	5	1,360.0	0.942	Tonnes	34.6	Bushels
2021	WESTLAKE-GLADSTONE	RED SPRING WHEAT	AAC REDBERRY	5	650.0	0.991	Tonnes	36.4	Bushels
2021	WESTLAKE-GLADSTONE	RED SPRING WHEAT	AAC STARBUCK <SECAN>	27	10,135.0	0.847	Tonnes	31.1	Bushels
2021	WESTLAKE-GLADSTONE	RED SPRING WHEAT	AAC VIEWFIELD <FP GENETICS>|BW965| EXP	Below	Minimum	Tolerance	 	 	 
2021	WESTLAKE-GLADSTONE	RED SPRING WHEAT	AC BARRIE (BW 661)	Below	Minimum	Tolerance	 	 	 
2021	WESTLAKE-GLADSTONE	RED SPRING WHEAT	BOLLES <SEED DEPOT>	5	1,628.0	0.589	Tonnes	21.6	Bushels
2021	WESTLAKE-GLADSTONE	RED SPRING WHEAT	CARDALE (BW429)	Below	Minimum	Tolerance	 	 	 
2021	WESTLAKE-GLADSTONE	RED SPRING WHEAT	FIELDSTAR VB	Below	Minimum	Tolerance	 	 	 
2021	WESTLAKE-GLADSTONE	RED SPRING WHEAT	SY TORACH <SYNGENTA>	Below	Minimum	Tolerance	 	 	 
2021	WHITEHEAD	RED SPRING WHEAT	AAC BRANDON (BW 932)	44	20,715.0	1.344	Tonnes	49.4	Bushels
2021	WHITEHEAD	RED SPRING WHEAT	AAC CAMERON VB <CANTERRA>	5	1,007.0	1.532	Tonnes	56.3	Bushels
2021	WHITEHEAD	RED SPRING WHEAT	AAC ELIE(BW931)	Below	Minimum	Tolerance	 	 	 
2021	WHITEHEAD	RED SPRING WHEAT	AAC STARBUCK <SECAN>	7	1,122.0	1.503	Tonnes	55.2	Bushels
2021	WHITEHEAD	RED SPRING WHEAT	AAC WHEATLAND <SECAN>	7	2,526.0	1.503	Tonnes	55.2	Bushels
2021	WHITEHEAD	RED SPRING WHEAT	CDC LANDMARK	Below	Minimum	Tolerance	 	 	 
2021	WHITEHEAD	RED SPRING WHEAT	SY CAST	Below	Minimum	Tolerance	 	 	 
2021	WHITEMOUTH	RED SPRING WHEAT	AAC BRANDON (BW 932)	8	1,395.0	1.465	Tonnes	53.8	Bushels
2021	WHITEMOUTH	RED SPRING WHEAT	AAC STARBUCK <SECAN>	3	530.0	1.943	Tonnes	71.4	Bushels
2021	WHITEMOUTH	RED SPRING WHEAT	AAC VIEWFIELD <FP GENETICS>|BW965| EXP	Below	Minimum	Tolerance	 	 	 
2021	WHITEMOUTH	RED SPRING WHEAT	CS DAYBREAK <CANTERRA>	Below	Minimum	Tolerance	 	 	 
2021	WHITEMOUTH	RED SPRING WHEAT	GLENN	Below	Minimum	Tolerance	 	 	 
2021	WHITEMOUTH	RED SPRING WHEAT	SY TORACH <SYNGENTA>	Below	Minimum	Tolerance	 	 	 
2021	WINNIPEG	RED SPRING WHEAT	AAC BRANDON (BW 932)	5	1,296.0	1.047	Tonnes	38.5	Bushels
2021	WINNIPEG	RED SPRING WHEAT	AAC STARBUCK <SECAN>	Below	Minimum	Tolerance	 	 	 
2021	WINNIPEG	RED SPRING WHEAT	AAC VIEWFIELD <FP GENETICS>|BW965| EXP	Below	Minimum	Tolerance	 	 	 
2021	WINNIPEG	RED SPRING WHEAT	SY GABBRO <SYNGENTA>	Below	Minimum	Tolerance	 	 	 
2021	WOODLANDS	RED SPRING WHEAT	AAC BRANDON (BW 932)	39	12,201.0	1.044	Tonnes	38.4	Bushels
2021	WOODLANDS	RED SPRING WHEAT	AAC ELIE(BW931)	Below	Minimum	Tolerance	 	 	 
2021	WOODLANDS	RED SPRING WHEAT	AAC LEROY VB <ALLIANCE>	Below	Minimum	Tolerance	 	 	 
2021	WOODLANDS	RED SPRING WHEAT	AAC STARBUCK <SECAN>	23	8,388.0	0.928	Tonnes	34.1	Bushels
2021	WOODLANDS	RED SPRING WHEAT	AAC VIEWFIELD <FP GENETICS>|BW965| EXP	Below	Minimum	Tolerance	 	 	 
2021	WOODLANDS	RED SPRING WHEAT	CARBERRY (BW874)	Below	Minimum	Tolerance	 	 	 
2021	YELLOWHEAD	RED SPRING WHEAT	AAC BRANDON (BW 932)	21	5,825.0	1.465	Tonnes	53.8	Bushels
2021	YELLOWHEAD	RED SPRING WHEAT	AAC ELIE(BW931)	3	885.0	1.703	Tonnes	62.6	Bushels
2021	YELLOWHEAD	RED SPRING WHEAT	AAC LEROY VB <ALLIANCE>	6	3,184.0	1.716	Tonnes	63.1	Bushels
2021	YELLOWHEAD	RED SPRING WHEAT	AAC MAGNET |BW 1045, BJ14*A01135|	Below	Minimum	Tolerance	 	 	 
2021	YELLOWHEAD	RED SPRING WHEAT	AAC REDBERRY	28	9,514.0	1.365	Tonnes	50.2	Bushels
2021	YELLOWHEAD	RED SPRING WHEAT	AAC REDWATER (PT457)	Below	Minimum	Tolerance	 	 	 
2021	YELLOWHEAD	RED SPRING WHEAT	AAC STARBUCK <SECAN>	15	5,602.0	1.476	Tonnes	54.2	Bushels
2021	YELLOWHEAD	RED SPRING WHEAT	AAC VIEWFIELD <FP GENETICS>|BW965| EXP	Below	Minimum	Tolerance	 	 	 
2021	YELLOWHEAD	RED SPRING WHEAT	AAC WHEATLAND <SECAN>	15	8,490.0	1.637	Tonnes	60.1	Bushels
2021	YELLOWHEAD	RED SPRING WHEAT	AC BARRIE (BW 661)	Below	Minimum	Tolerance	 	 	 
2021	YELLOWHEAD	RED SPRING WHEAT	BOLLES <SEED DEPOT>	26	11,931.0	1.554	Tonnes	57.1	Bushels
2021	YELLOWHEAD	RED SPRING WHEAT	CARDALE (BW429)	Below	Minimum	Tolerance	 	 	 
2021	YELLOWHEAD	RED SPRING WHEAT	CDC LANDMARK	Below	Minimum	Tolerance	 	 	 
2021	YELLOWHEAD	RED SPRING WHEAT	GLENN	Below	Minimum	Tolerance	 	 	 
2021	YELLOWHEAD	RED SPRING WHEAT	SY GABBRO <SYNGENTA>	Below	Minimum	Tolerance	 	 	 
2021	YELLOWHEAD	RED SPRING WHEAT	SY TORACH <SYNGENTA>	Below	Minimum	Tolerance	 	 	 
2022	ALEXANDER	RED SPRING WHEAT	AAC BRANDON (BW 932)	5	1,895.0	1.453	Tonnes	53.4	Bushels
2022	ALEXANDER	RED SPRING WHEAT	AAC ELIE(BW931)	3	747.0	1.793	Tonnes	65.9	Bushels
2022	ALEXANDER	RED SPRING WHEAT	AAC REDBERRY	Below	Minimum	Tolerance	 	 	 
2022	ALEXANDER	RED SPRING WHEAT	AAC STARBUCK <SECAN>	3	640.0	1.534	Tonnes	56.4	Bushels
2022	ALEXANDER	RED SPRING WHEAT	AAC VIEWFIELD <FP GENETICS>|BW965| EXP	4	2,261.0	1.838	Tonnes	67.5	Bushels
2022	ALEXANDER	RED SPRING WHEAT	CARDALE (BW429)	Below	Minimum	Tolerance	 	 	 
2022	ALEXANDER	RED SPRING WHEAT	GLENN	Below	Minimum	Tolerance	 	 	 
2022	ALEXANDER	RED SPRING WHEAT	SY CAST	Below	Minimum	Tolerance	 	 	 
2022	ALONSA	RED SPRING WHEAT	AAC BRANDON (BW 932)	4	1,167.0	1.350	Tonnes	49.6	Bushels
2022	ALONSA	RED SPRING WHEAT	AAC REDBERRY	Below	Minimum	Tolerance	 	 	 
2022	ALONSA	RED SPRING WHEAT	AAC STARBUCK <SECAN>	3	1,362.0	1.489	Tonnes	54.7	Bushels
2022	ALONSA	RED SPRING WHEAT	AAC VIEWFIELD <FP GENETICS>|BW965| EXP	Below	Minimum	Tolerance	 	 	 
2022	ARGYLE	RED SPRING WHEAT	AAC BRANDON (BW 932)	59	24,191.3	1.613	Tonnes	59.3	Bushels
2022	ARGYLE	RED SPRING WHEAT	AAC REDBERRY	Below	Minimum	Tolerance	 	 	 
2022	ARGYLE	RED SPRING WHEAT	AAC STARBUCK <SECAN>	20	4,409.8	1.650	Tonnes	60.6	Bushels
2022	ARGYLE	RED SPRING WHEAT	AAC TISDALE (PT250)	Below	Minimum	Tolerance	 	 	 
2022	ARGYLE	RED SPRING WHEAT	AAC WHEATLAND <SECAN>	Below	Minimum	Tolerance	 	 	 
2022	ARGYLE	RED SPRING WHEAT	AC BARRIE (BW 661)	Below	Minimum	Tolerance	 	 	 
2022	ARGYLE	RED SPRING WHEAT	CARDALE (BW429)	3	608.0	1.166	Tonnes	42.9	Bushels
2022	ARGYLE	RED SPRING WHEAT	HARVEST (BW259)	Below	Minimum	Tolerance	 	 	 
2022	BIFROST-RIVERTON	RED SPRING WHEAT	AAC BRANDON (BW 932)	29	7,981.0	1.103	Tonnes	40.5	Bushels
2022	BIFROST-RIVERTON	RED SPRING WHEAT	AAC HOCKLEY |BW5044|	Below	Minimum	Tolerance	 	 	 
2022	BIFROST-RIVERTON	RED SPRING WHEAT	AAC STARBUCK <SECAN>	22	5,657.0	1.045	Tonnes	38.4	Bushels
2022	BIFROST-RIVERTON	RED SPRING WHEAT	AAC VIEWFIELD <FP GENETICS>|BW965| EXP	16	6,595.0	1.016	Tonnes	37.3	Bushels
2022	BIFROST-RIVERTON	RED SPRING WHEAT	CARBERRY (BW874)	3	520.0	0.841	Tonnes	30.9	Bushels
2022	BIFROST-RIVERTON	RED SPRING WHEAT	CS DAYBREAK <CANTERRA>	10	2,899.0	1.434	Tonnes	52.7	Bushels
2022	BIFROST-RIVERTON	RED SPRING WHEAT	SY CAST	Below	Minimum	Tolerance	 	 	 
2022	BIFROST-RIVERTON	RED SPRING WHEAT	SY TORACH <SYNGENTA>	7	1,344.0	1.233	Tonnes	45.3	Bushels
2022	BOISSEVAIN-MORTON	RED SPRING WHEAT	AAC BRANDON (BW 932)	36	19,120.5	1.697	Tonnes	62.3	Bushels
2022	BOISSEVAIN-MORTON	RED SPRING WHEAT	AAC ELIE(BW931)	Below	Minimum	Tolerance	 	 	 
2022	BOISSEVAIN-MORTON	RED SPRING WHEAT	AAC HOCKLEY |BW5044|	Below	Minimum	Tolerance	 	 	 
2022	BOISSEVAIN-MORTON	RED SPRING WHEAT	AAC HODGE |BW1069|	Below	Minimum	Tolerance	 	 	 
2022	BOISSEVAIN-MORTON	RED SPRING WHEAT	AAC LEROY VB <ALLIANCE>	Below	Minimum	Tolerance	 	 	 
2022	BOISSEVAIN-MORTON	RED SPRING WHEAT	AAC REDBERRY	Below	Minimum	Tolerance	 	 	 
2022	BOISSEVAIN-MORTON	RED SPRING WHEAT	AAC STARBUCK <SECAN>	17	7,379.5	1.751	Tonnes	64.3	Bushels
2022	BOISSEVAIN-MORTON	RED SPRING WHEAT	AAC WHEATLAND <SECAN>	19	8,197.0	1.869	Tonnes	68.7	Bushels
2022	BRENDA-WASKADA	RED SPRING WHEAT	AAC BRANDON (BW 932)	46	35,869.0	1.615	Tonnes	59.4	Bushels
2022	BRENDA-WASKADA	RED SPRING WHEAT	AAC ELIE(BW931)	13	6,230.0	1.504	Tonnes	55.3	Bushels
2022	BRENDA-WASKADA	RED SPRING WHEAT	AAC REDBERRY	4	1,507.0	1.619	Tonnes	59.5	Bushels
2022	BRENDA-WASKADA	RED SPRING WHEAT	AAC STARBUCK <SECAN>	4	2,352.0	1.456	Tonnes	53.5	Bushels
2022	BRENDA-WASKADA	RED SPRING WHEAT	AAC WHEATLAND <SECAN>	Below	Minimum	Tolerance	 	 	 
2022	BRENDA-WASKADA	RED SPRING WHEAT	BOLLES <SEED DEPOT>	Below	Minimum	Tolerance	 	 	 
2022	BROKENHEAD	RED SPRING WHEAT	AAC BRANDON (BW 932)	26	6,423.0	1.711	Tonnes	62.9	Bushels
2022	BROKENHEAD	RED SPRING WHEAT	AAC ELIE(BW931)	4	860.0	1.599	Tonnes	58.7	Bushels
2022	BROKENHEAD	RED SPRING WHEAT	AAC LEROY VB <ALLIANCE>	5	818.0	1.601	Tonnes	58.8	Bushels
2022	BROKENHEAD	RED SPRING WHEAT	AAC REDBERRY	Below	Minimum	Tolerance	 	 	 
2022	BROKENHEAD	RED SPRING WHEAT	AAC STARBUCK <SECAN>	4	1,762.0	1.787	Tonnes	65.7	Bushels
2022	BROKENHEAD	RED SPRING WHEAT	AAC TISDALE (PT250)	Below	Minimum	Tolerance	 	 	 
2022	BROKENHEAD	RED SPRING WHEAT	AAC VIEWFIELD <FP GENETICS>|BW965| EXP	30	10,028.0	1.731	Tonnes	63.6	Bushels
2022	BROKENHEAD	RED SPRING WHEAT	BOLLES <SEED DEPOT>	4	637.0	1.393	Tonnes	51.2	Bushels
2022	BROKENHEAD	RED SPRING WHEAT	CARBERRY (BW874)	Below	Minimum	Tolerance	 	 	 
2022	BROKENHEAD	RED SPRING WHEAT	CARDALE (BW429)	Below	Minimum	Tolerance	 	 	 
2022	BROKENHEAD	RED SPRING WHEAT	CDC STANLEY (BW880)	Below	Minimum	Tolerance	 	 	 
2022	BROKENHEAD	RED SPRING WHEAT	CS DAYBREAK <CANTERRA>	Below	Minimum	Tolerance	 	 	 
2022	BROKENHEAD	RED SPRING WHEAT	GLENN	Below	Minimum	Tolerance	 	 	 
2022	BROKENHEAD	RED SPRING WHEAT	SY CAST	Below	Minimum	Tolerance	 	 	 
2022	CARTIER	RED SPRING WHEAT	AAC BRANDON (BW 932)	31	15,299.0	1.721	Tonnes	63.2	Bushels
2022	CARTIER	RED SPRING WHEAT	AAC STARBUCK <SECAN>	27	12,637.0	1.904	Tonnes	70.0	Bushels
2022	CARTIER	RED SPRING WHEAT	AC DOMAIN (BW 148)	Below	Minimum	Tolerance	 	 	 
2022	CARTIER	RED SPRING WHEAT	SY GABBRO <SYNGENTA>	3	1,524.0	2.080	Tonnes	76.4	Bushels
2022	CARTWRIGHT-ROBLIN	RED SPRING WHEAT	AAC BRANDON (BW 932)	24	10,562.0	1.534	Tonnes	56.4	Bushels
2022	CARTWRIGHT-ROBLIN	RED SPRING WHEAT	AAC BROADACRES <PROVEN>	Below	Minimum	Tolerance	 	 	 
2022	CARTWRIGHT-ROBLIN	RED SPRING WHEAT	AAC CAMERON VB <CANTERRA>	Below	Minimum	Tolerance	 	 	 
2022	CARTWRIGHT-ROBLIN	RED SPRING WHEAT	AAC ELIE(BW931)	Below	Minimum	Tolerance	 	 	 
2022	CARTWRIGHT-ROBLIN	RED SPRING WHEAT	AAC LEROY VB <ALLIANCE>	Below	Minimum	Tolerance	 	 	 
2022	CARTWRIGHT-ROBLIN	RED SPRING WHEAT	AAC MAGNET |BW 1045, BJ14*A01135|	Below	Minimum	Tolerance	 	 	 
2022	CARTWRIGHT-ROBLIN	RED SPRING WHEAT	AAC REDBERRY	Below	Minimum	Tolerance	 	 	 
2022	CARTWRIGHT-ROBLIN	RED SPRING WHEAT	AAC STARBUCK <SECAN>	15	3,893.0	1.828	Tonnes	67.2	Bushels
2022	CARTWRIGHT-ROBLIN	RED SPRING WHEAT	AAC WHEATLAND <SECAN>	8	2,901.0	1.714	Tonnes	63.0	Bushels
2022	CARTWRIGHT-ROBLIN	RED SPRING WHEAT	AC BARRIE (BW 661)	Below	Minimum	Tolerance	 	 	 
2022	CLANWILLIAM-ERICKSON	RED SPRING WHEAT	AAC BRANDON (BW 932)	5	1,626.0	1.541	Tonnes	56.6	Bushels
2022	CLANWILLIAM-ERICKSON	RED SPRING WHEAT	AAC REDBERRY	Below	Minimum	Tolerance	 	 	 
2022	CLANWILLIAM-ERICKSON	RED SPRING WHEAT	AAC REDSTAR <SECAN> |PT488|	Below	Minimum	Tolerance	 	 	 
2022	CLANWILLIAM-ERICKSON	RED SPRING WHEAT	AAC STARBUCK <SECAN>	Below	Minimum	Tolerance	 	 	 
2022	CLANWILLIAM-ERICKSON	RED SPRING WHEAT	AAC VIEWFIELD <FP GENETICS>|BW965| EXP	3	1,093.0	1.408	Tonnes	51.7	Bushels
2022	CLANWILLIAM-ERICKSON	RED SPRING WHEAT	AAC WHEATLAND <SECAN>	Below	Minimum	Tolerance	 	 	 
2022	CLANWILLIAM-ERICKSON	RED SPRING WHEAT	SY CAST	Below	Minimum	Tolerance	 	 	 
2022	COLDWELL	RED SPRING WHEAT	AAC STARBUCK <SECAN>	Below	Minimum	Tolerance	 	 	 
2022	CORNWALLIS	RED SPRING WHEAT	AAC BRANDON (BW 932)	25	9,369.0	1.476	Tonnes	54.2	Bushels
2022	CORNWALLIS	RED SPRING WHEAT	AAC ELIE(BW931)	Below	Minimum	Tolerance	 	 	 
2022	CORNWALLIS	RED SPRING WHEAT	AAC STARBUCK <SECAN>	8	1,719.0	1.465	Tonnes	53.8	Bushels
2022	CORNWALLIS	RED SPRING WHEAT	AAC WHEATLAND <SECAN>	5	2,187.0	1.760	Tonnes	64.7	Bushels
2022	DAUPHIN	RED SPRING WHEAT	AAC BRANDON (BW 932)	57	22,122.0	1.401	Tonnes	51.5	Bushels
2022	DAUPHIN	RED SPRING WHEAT	AAC CAMERON VB <CANTERRA>	Below	Minimum	Tolerance	 	 	 
2022	DAUPHIN	RED SPRING WHEAT	AAC LEROY VB <ALLIANCE>	Below	Minimum	Tolerance	 	 	 
2022	DAUPHIN	RED SPRING WHEAT	AAC REDBERRY	4	2,405.0	1.500	Tonnes	55.1	Bushels
2022	DAUPHIN	RED SPRING WHEAT	AAC STARBUCK <SECAN>	14	4,843.0	1.669	Tonnes	61.3	Bushels
2022	DAUPHIN	RED SPRING WHEAT	AAC TISDALE (PT250)	3	825.0	1.379	Tonnes	50.7	Bushels
2022	DAUPHIN	RED SPRING WHEAT	AAC VIEWFIELD <FP GENETICS>|BW965| EXP	10	4,008.0	1.822	Tonnes	67.0	Bushels
2022	DAUPHIN	RED SPRING WHEAT	AAC WHEATLAND <SECAN>	12	3,270.0	1.623	Tonnes	59.6	Bushels
2022	DAUPHIN	RED SPRING WHEAT	AC DOMAIN (BW 148)	Below	Minimum	Tolerance	 	 	 
2022	DAUPHIN	RED SPRING WHEAT	CARDALE (BW429)	4	2,031.0	1.687	Tonnes	62.0	Bushels
2022	DAUPHIN	RED SPRING WHEAT	CDC VR MORRIS (BW423)	Below	Minimum	Tolerance	 	 	 
2022	DAUPHIN	RED SPRING WHEAT	GLENN	Below	Minimum	Tolerance	 	 	 
2022	DAUPHIN	RED SPRING WHEAT	WASKADA (BW 357)	Below	Minimum	Tolerance	 	 	 
2022	DELORAINE-WINCHESTER	RED SPRING WHEAT	AAC BRANDON (BW 932)	39	22,235.0	1.373	Tonnes	50.4	Bushels
2022	DELORAINE-WINCHESTER	RED SPRING WHEAT	AAC ELIE(BW931)	5	3,148.0	1.713	Tonnes	62.9	Bushels
2022	DELORAINE-WINCHESTER	RED SPRING WHEAT	AAC REDBERRY	Below	Minimum	Tolerance	 	 	 
2022	DELORAINE-WINCHESTER	RED SPRING WHEAT	AAC STARBUCK <SECAN>	5	1,697.0	1.334	Tonnes	49.0	Bushels
2022	DELORAINE-WINCHESTER	RED SPRING WHEAT	AAC WHEATLAND <SECAN>	Below	Minimum	Tolerance	 	 	 
2022	DELORAINE-WINCHESTER	RED SPRING WHEAT	BOLLES <SEED DEPOT>	Below	Minimum	Tolerance	 	 	 
2022	DELORAINE-WINCHESTER	RED SPRING WHEAT	SY CAST	Below	Minimum	Tolerance	 	 	 
2022	DESALABERRY	RED SPRING WHEAT	AAC BRANDON (BW 932)	34	14,096.0	1.797	Tonnes	66.0	Bushels
2022	DESALABERRY	RED SPRING WHEAT	AAC STARBUCK <SECAN>	20	7,335.0	1.875	Tonnes	68.9	Bushels
2022	DESALABERRY	RED SPRING WHEAT	AAC TISDALE (PT250)	5	659.0	1.919	Tonnes	70.5	Bushels
2022	DESALABERRY	RED SPRING WHEAT	AAC VIEWFIELD <FP GENETICS>|BW965| EXP	Below	Minimum	Tolerance	 	 	 
2022	DESALABERRY	RED SPRING WHEAT	CARDALE (BW429)	Below	Minimum	Tolerance	 	 	 
2022	DESALABERRY	RED SPRING WHEAT	CS DAYBREAK <CANTERRA>	Below	Minimum	Tolerance	 	 	 
2022	DESALABERRY	RED SPRING WHEAT	GLENN	Below	Minimum	Tolerance	 	 	 
2022	DESALABERRY	RED SPRING WHEAT	SHELLY	Below	Minimum	Tolerance	 	 	 
2022	DUFFERIN	RED SPRING WHEAT	AAC BRANDON (BW 932)	41	9,932.0	1.813	Tonnes	66.6	Bushels
2022	DUFFERIN	RED SPRING WHEAT	AAC ELIE(BW931)	Below	Minimum	Tolerance	 	 	 
2022	DUFFERIN	RED SPRING WHEAT	AAC HOCKLEY |BW5044|	Below	Minimum	Tolerance	 	 	 
2022	DUFFERIN	RED SPRING WHEAT	AAC LEROY VB <ALLIANCE>	Below	Minimum	Tolerance	 	 	 
2022	DUFFERIN	RED SPRING WHEAT	AAC STARBUCK <SECAN>	26	5,613.0	1.863	Tonnes	68.5	Bushels
2022	DUFFERIN	RED SPRING WHEAT	AAC WHEATLAND <SECAN>	Below	Minimum	Tolerance	 	 	 
2022	DUFFERIN	RED SPRING WHEAT	BOLLES <SEED DEPOT>	4	510.0	1.737	Tonnes	63.8	Bushels
2022	DUFFERIN	RED SPRING WHEAT	SY GABBRO <SYNGENTA>	5	1,093.0	1.934	Tonnes	71.1	Bushels
2022	EAST ST PAUL	RED SPRING WHEAT	AAC STARBUCK <SECAN>	Below	Minimum	Tolerance	 	 	 
2022	ELLICE-ARCHIE	RED SPRING WHEAT	AAC BRANDON (BW 932)	10	3,196.0	1.373	Tonnes	50.4	Bushels
2022	ELLICE-ARCHIE	RED SPRING WHEAT	AAC ELIE(BW931)	Below	Minimum	Tolerance	 	 	 
2022	ELLICE-ARCHIE	RED SPRING WHEAT	AAC HOCKLEY |BW5044|	Below	Minimum	Tolerance	 	 	 
2022	ELLICE-ARCHIE	RED SPRING WHEAT	AAC HODGE |BW1069|	Below	Minimum	Tolerance	 	 	 
2022	ELLICE-ARCHIE	RED SPRING WHEAT	AAC LEROY VB <ALLIANCE>	8	1,846.0	1.806	Tonnes	66.4	Bushels
2022	ELLICE-ARCHIE	RED SPRING WHEAT	AAC REDBERRY	6	1,382.0	1.508	Tonnes	55.4	Bushels
2022	ELLICE-ARCHIE	RED SPRING WHEAT	AAC STARBUCK <SECAN>	18	10,036.0	1.527	Tonnes	56.1	Bushels
2022	ELLICE-ARCHIE	RED SPRING WHEAT	AAC WHEATLAND <SECAN>	14	6,865.0	1.298	Tonnes	47.7	Bushels
2022	ELLICE-ARCHIE	RED SPRING WHEAT	BOLLES <SEED DEPOT>	Below	Minimum	Tolerance	 	 	 
2022	ELLICE-ARCHIE	RED SPRING WHEAT	CDC HUGHES <CPSC> |PT588|	Below	Minimum	Tolerance	 	 	 
2022	ELLICE-ARCHIE	RED SPRING WHEAT	CDC LANDMARK	Below	Minimum	Tolerance	 	 	 
2022	ELLICE-ARCHIE	RED SPRING WHEAT	CDC PLENTIFUL (PT580)	Below	Minimum	Tolerance	 	 	 
2022	ELLICE-ARCHIE	RED SPRING WHEAT	GLENN	Below	Minimum	Tolerance	 	 	 
2022	ELTON	RED SPRING WHEAT	AAC BRANDON (BW 932)	54	27,379.0	1.633	Tonnes	60.0	Bushels
2022	ELTON	RED SPRING WHEAT	AAC REDSTAR <SECAN> |PT488|	Below	Minimum	Tolerance	 	 	 
2022	ELTON	RED SPRING WHEAT	AAC STARBUCK <SECAN>	17	6,471.0	1.713	Tonnes	63.0	Bushels
2022	ELTON	RED SPRING WHEAT	AAC WHEATLAND <SECAN>	8	3,329.5	1.887	Tonnes	69.3	Bushels
2022	EMERSON-FRANKLIN	RED SPRING WHEAT	AAC BRANDON (BW 932)	35	18,489.0	1.543	Tonnes	56.7	Bushels
2022	EMERSON-FRANKLIN	RED SPRING WHEAT	AAC STARBUCK <SECAN>	16	5,783.0	1.602	Tonnes	58.9	Bushels
2022	EMERSON-FRANKLIN	RED SPRING WHEAT	AAC WHEATLAND <SECAN>	Below	Minimum	Tolerance	 	 	 
2022	EMERSON-FRANKLIN	RED SPRING WHEAT	CARBERRY (BW874)	Below	Minimum	Tolerance	 	 	 
2022	EMERSON-FRANKLIN	RED SPRING WHEAT	CS DAYBREAK <CANTERRA>	Below	Minimum	Tolerance	 	 	 
2022	ETHELBERT	RED SPRING WHEAT	AAC BRANDON (BW 932)	9	4,688.0	1.430	Tonnes	52.6	Bushels
2022	ETHELBERT	RED SPRING WHEAT	AAC ELIE(BW931)	Below	Minimum	Tolerance	 	 	 
2022	ETHELBERT	RED SPRING WHEAT	AAC STARBUCK <SECAN>	Below	Minimum	Tolerance	 	 	 
2022	ETHELBERT	RED SPRING WHEAT	AAC VIEWFIELD <FP GENETICS>|BW965| EXP	Below	Minimum	Tolerance	 	 	 
2022	ETHELBERT	RED SPRING WHEAT	AAC WHEATLAND <SECAN>	Below	Minimum	Tolerance	 	 	 
2022	ETHELBERT	RED SPRING WHEAT	CARDALE (BW429)	Below	Minimum	Tolerance	 	 	 
2022	ETHELBERT	RED SPRING WHEAT	CDC STANLEY (BW880)	Below	Minimum	Tolerance	 	 	 
2022	FISHER	RED SPRING WHEAT	AAC BRANDON (BW 932)	17	4,212.0	0.638	Tonnes	23.4	Bushels
2022	FISHER	RED SPRING WHEAT	AAC REDBERRY	Below	Minimum	Tolerance	 	 	 
2022	FISHER	RED SPRING WHEAT	AAC STARBUCK <SECAN>	3	1,016.0	1.087	Tonnes	40.0	Bushels
2022	FISHER	RED SPRING WHEAT	AAC VIEWFIELD <FP GENETICS>|BW965| EXP	4	878.0	0.906	Tonnes	33.3	Bushels
2022	FISHER	RED SPRING WHEAT	AAC WHEATLAND <SECAN>	Below	Minimum	Tolerance	 	 	 
2022	FISHER	RED SPRING WHEAT	AC CORA (BW 152)	Below	Minimum	Tolerance	 	 	 
2022	FISHER	RED SPRING WHEAT	CARBERRY (BW874)	Below	Minimum	Tolerance	 	 	 
2022	FISHER	RED SPRING WHEAT	SY TORACH <SYNGENTA>	4	855.0	1.008	Tonnes	37.0	Bushels
2022	GILBERT PLAINS	RED SPRING WHEAT	5604HR CL (BW 878)	Below	Minimum	Tolerance	 	 	 
2022	GILBERT PLAINS	RED SPRING WHEAT	AAC BRANDON (BW 932)	19	7,745.0	1.504	Tonnes	55.3	Bushels
2022	GILBERT PLAINS	RED SPRING WHEAT	AAC CAMERON VB <CANTERRA>	Below	Minimum	Tolerance	 	 	 
2022	GILBERT PLAINS	RED SPRING WHEAT	AAC ELIE(BW931)	Below	Minimum	Tolerance	 	 	 
2022	GILBERT PLAINS	RED SPRING WHEAT	AAC HOCKLEY |BW5044|	Below	Minimum	Tolerance	 	 	 
2022	GILBERT PLAINS	RED SPRING WHEAT	AAC LEROY VB <ALLIANCE>	3	999.0	1.530	Tonnes	56.2	Bushels
2022	GILBERT PLAINS	RED SPRING WHEAT	AAC REDBERRY	27	17,385.0	1.476	Tonnes	54.2	Bushels
2022	GILBERT PLAINS	RED SPRING WHEAT	AAC REDSTAR <SECAN> |PT488|	Below	Minimum	Tolerance	 	 	 
2022	GILBERT PLAINS	RED SPRING WHEAT	AAC REDWATER (PT457)	Below	Minimum	Tolerance	 	 	 
2022	GILBERT PLAINS	RED SPRING WHEAT	AAC STARBUCK <SECAN>	6	1,256.0	1.511	Tonnes	55.5	Bushels
2022	GILBERT PLAINS	RED SPRING WHEAT	AAC TISDALE (PT250)	Below	Minimum	Tolerance	 	 	 
2022	GILBERT PLAINS	RED SPRING WHEAT	AAC VIEWFIELD <FP GENETICS>|BW965| EXP	14	7,415.0	1.625	Tonnes	59.7	Bushels
2022	GILBERT PLAINS	RED SPRING WHEAT	AAC WHEATLAND <SECAN>	12	3,769.0	1.402	Tonnes	51.5	Bushels
2022	GILBERT PLAINS	RED SPRING WHEAT	AC BARRIE (BW 661)	Below	Minimum	Tolerance	 	 	 
2022	GILBERT PLAINS	RED SPRING WHEAT	AC DOMAIN (BW 148)	3	1,321.0	0.920	Tonnes	33.8	Bushels
2022	GILBERT PLAINS	RED SPRING WHEAT	BOLLES <SEED DEPOT>	Below	Minimum	Tolerance	 	 	 
2022	GILBERT PLAINS	RED SPRING WHEAT	CARDALE (BW429)	Below	Minimum	Tolerance	 	 	 
2022	GILBERT PLAINS	RED SPRING WHEAT	CDC ORTONA <PROVEN>	Below	Minimum	Tolerance	 	 	 
2022	GILBERT PLAINS	RED SPRING WHEAT	CDC STANLEY (BW880)	3	2,262.0	1.381	Tonnes	50.8	Bushels
2022	GILBERT PLAINS	RED SPRING WHEAT	CDC VR MORRIS (BW423)	Below	Minimum	Tolerance	 	 	 
2022	GILBERT PLAINS	RED SPRING WHEAT	SY GABBRO <SYNGENTA>	Below	Minimum	Tolerance	 	 	 
2022	GIMLI	RED SPRING WHEAT	AAC BRANDON (BW 932)	4	1,718.0	1.392	Tonnes	51.1	Bushels
2022	GIMLI	RED SPRING WHEAT	AAC STARBUCK <SECAN>	4	584.0	0.924	Tonnes	34.0	Bushels
2022	GIMLI	RED SPRING WHEAT	AAC VIEWFIELD <FP GENETICS>|BW965| EXP	Below	Minimum	Tolerance	 	 	 
2022	GIMLI	RED SPRING WHEAT	BOLLES <SEED DEPOT>	Below	Minimum	Tolerance	 	 	 
2022	GIMLI	RED SPRING WHEAT	CARDALE (BW429)	3	628.0	0.962	Tonnes	35.4	Bushels
2022	GIMLI	RED SPRING WHEAT	CDC HUGHES <CPSC> |PT588|	Below	Minimum	Tolerance	 	 	 
2022	GIMLI	RED SPRING WHEAT	CS DAYBREAK <CANTERRA>	Below	Minimum	Tolerance	 	 	 
2022	GIMLI	RED SPRING WHEAT	SY TORACH <SYNGENTA>	Below	Minimum	Tolerance	 	 	 
2022	GLENBORO-SOUTH CYPRESS	RED SPRING WHEAT	5604HR CL (BW 878)	Below	Minimum	Tolerance	 	 	 
2022	GLENBORO-SOUTH CYPRESS	RED SPRING WHEAT	AAC BRANDON (BW 932)	18	4,706.0	1.677	Tonnes	61.6	Bushels
2022	GLENBORO-SOUTH CYPRESS	RED SPRING WHEAT	AAC HODGE |BW1069|	Below	Minimum	Tolerance	 	 	 
2022	GLENBORO-SOUTH CYPRESS	RED SPRING WHEAT	AAC STARBUCK <SECAN>	9	2,397.0	1.484	Tonnes	54.5	Bushels
2022	GLENBORO-SOUTH CYPRESS	RED SPRING WHEAT	AAC WHEATLAND <SECAN>	3	575.0	1.823	Tonnes	67.0	Bushels
2022	GLENELLA-LANSDOWNE	RED SPRING WHEAT	AAC BRANDON (BW 932)	24	13,004.0	1.336	Tonnes	49.1	Bushels
2022	GLENELLA-LANSDOWNE	RED SPRING WHEAT	AAC ELIE(BW931)	Below	Minimum	Tolerance	 	 	 
2022	GLENELLA-LANSDOWNE	RED SPRING WHEAT	AAC LEROY VB <ALLIANCE>	Below	Minimum	Tolerance	 	 	 
2022	GLENELLA-LANSDOWNE	RED SPRING WHEAT	AAC REDBERRY	4	1,143.0	1.089	Tonnes	40.0	Bushels
2022	GLENELLA-LANSDOWNE	RED SPRING WHEAT	AAC STARBUCK <SECAN>	11	5,440.0	1.312	Tonnes	48.2	Bushels
2022	GLENELLA-LANSDOWNE	RED SPRING WHEAT	AAC VIEWFIELD <FP GENETICS>|BW965| EXP	Below	Minimum	Tolerance	 	 	 
2022	GLENELLA-LANSDOWNE	RED SPRING WHEAT	BOLLES <SEED DEPOT>	Below	Minimum	Tolerance	 	 	 
2022	GRAHAMDALE	RED SPRING WHEAT	AAC BRANDON (BW 932)	Below	Minimum	Tolerance	 	 	 
2022	GRAHAMDALE	RED SPRING WHEAT	AAC STARBUCK <SECAN>	Below	Minimum	Tolerance	 	 	 
2022	GRAHAMDALE	RED SPRING WHEAT	AAC VIEWFIELD <FP GENETICS>|BW965| EXP	Below	Minimum	Tolerance	 	 	 
2022	GRAHAMDALE	RED SPRING WHEAT	CARBERRY (BW874)	Below	Minimum	Tolerance	 	 	 
2022	GRANDVIEW	RED SPRING WHEAT	AAC BRANDON (BW 932)	35	12,788.0	1.643	Tonnes	60.4	Bushels
2022	GRANDVIEW	RED SPRING WHEAT	AAC CAMERON VB <CANTERRA>	3	1,039.0	1.684	Tonnes	61.9	Bushels
2022	GRANDVIEW	RED SPRING WHEAT	AAC ELIE(BW931)	Below	Minimum	Tolerance	 	 	 
2022	GRANDVIEW	RED SPRING WHEAT	AAC HOCKLEY |BW5044|	Below	Minimum	Tolerance	 	 	 
2022	GRANDVIEW	RED SPRING WHEAT	AAC HODGE |BW1069|	Below	Minimum	Tolerance	 	 	 
2022	GRANDVIEW	RED SPRING WHEAT	AAC LEROY VB <ALLIANCE>	Below	Minimum	Tolerance	 	 	 
2022	GRANDVIEW	RED SPRING WHEAT	AAC REDBERRY	15	5,431.0	1.476	Tonnes	54.3	Bushels
2022	GRANDVIEW	RED SPRING WHEAT	AAC REDWATER (PT457)	Below	Minimum	Tolerance	 	 	 
2022	GRANDVIEW	RED SPRING WHEAT	AAC STARBUCK <SECAN>	10	2,610.0	2.057	Tonnes	75.6	Bushels
2022	GRANDVIEW	RED SPRING WHEAT	AAC TISDALE (PT250)	Below	Minimum	Tolerance	 	 	 
2022	GRANDVIEW	RED SPRING WHEAT	AAC VIEWFIELD <FP GENETICS>|BW965| EXP	18	7,529.0	1.403	Tonnes	51.6	Bushels
2022	GRANDVIEW	RED SPRING WHEAT	AAC WHEATLAND <SECAN>	15	5,435.0	1.715	Tonnes	63.0	Bushels
2022	GRANDVIEW	RED SPRING WHEAT	BOLLES <SEED DEPOT>	12	4,433.0	1.511	Tonnes	55.5	Bushels
2022	GRANDVIEW	RED SPRING WHEAT	CARDALE (BW429)	3	550.0	1.691	Tonnes	62.1	Bushels
2022	GRANDVIEW	RED SPRING WHEAT	CDC LANDMARK	Below	Minimum	Tolerance	 	 	 
2022	GRANDVIEW	RED SPRING WHEAT	CDC PLENTIFUL (PT580)	5	1,665.0	1.601	Tonnes	58.8	Bushels
2022	GRANDVIEW	RED SPRING WHEAT	CDC STANLEY (BW880)	Below	Minimum	Tolerance	 	 	 
2022	GRANDVIEW	RED SPRING WHEAT	NEEPAWA	Below	Minimum	Tolerance	 	 	 
2022	GRANDVIEW	RED SPRING WHEAT	SY GABBRO <SYNGENTA>	Below	Minimum	Tolerance	 	 	 
2022	GRASSLAND	RED SPRING WHEAT	5605HR CL (BW918)	Below	Minimum	Tolerance	 	 	 
2022	GRASSLAND	RED SPRING WHEAT	AAC BRANDON (BW 932)	56	22,945.5	1.461	Tonnes	53.7	Bushels
2022	GRASSLAND	RED SPRING WHEAT	AAC ELIE(BW931)	4	652.0	1.306	Tonnes	48.0	Bushels
2022	GRASSLAND	RED SPRING WHEAT	AAC HOCKLEY |BW5044|	Below	Minimum	Tolerance	 	 	 
2022	GRASSLAND	RED SPRING WHEAT	AAC LEROY VB <ALLIANCE>	3	1,019.0	1.527	Tonnes	56.1	Bushels
2022	GRASSLAND	RED SPRING WHEAT	AAC REDBERRY	3	863.0	1.124	Tonnes	41.3	Bushels
2022	GRASSLAND	RED SPRING WHEAT	AAC STARBUCK <SECAN>	14	8,742.0	1.437	Tonnes	52.8	Bushels
2022	GRASSLAND	RED SPRING WHEAT	AAC TISDALE (PT250)	Below	Minimum	Tolerance	 	 	 
2022	GRASSLAND	RED SPRING WHEAT	AAC VIEWFIELD <FP GENETICS>|BW965| EXP	Below	Minimum	Tolerance	 	 	 
2022	GRASSLAND	RED SPRING WHEAT	AAC WHEATLAND <SECAN>	22	8,533.0	1.644	Tonnes	60.4	Bushels
2022	GRASSLAND	RED SPRING WHEAT	BOLLES <SEED DEPOT>	Below	Minimum	Tolerance	 	 	 
2022	GRASSLAND	RED SPRING WHEAT	CARDALE (BW429)	Below	Minimum	Tolerance	 	 	 
2022	GRASSLAND	RED SPRING WHEAT	SY CAST	Below	Minimum	Tolerance	 	 	 
2022	GREY	RED SPRING WHEAT	AAC BRANDON (BW 932)	42	11,915.0	1.679	Tonnes	61.7	Bushels
2022	GREY	RED SPRING WHEAT	AAC HODGE |BW1069|	Below	Minimum	Tolerance	 	 	 
2022	GREY	RED SPRING WHEAT	AAC LEROY VB <ALLIANCE>	Below	Minimum	Tolerance	 	 	 
2022	GREY	RED SPRING WHEAT	AAC STARBUCK <SECAN>	22	10,978.0	1.800	Tonnes	66.1	Bushels
2022	GREY	RED SPRING WHEAT	AC BARRIE (BW 661)	Below	Minimum	Tolerance	 	 	 
2022	GREY	RED SPRING WHEAT	BOLLES <SEED DEPOT>	Below	Minimum	Tolerance	 	 	 
2022	GREY	RED SPRING WHEAT	CARDALE (BW429)	4	1,446.0	1.648	Tonnes	60.6	Bushels
2022	GREY	RED SPRING WHEAT	SY GABBRO <SYNGENTA>	Below	Minimum	Tolerance	 	 	 
2022	HAMIOTA	RED SPRING WHEAT	AAC BRANDON (BW 932)	23	9,674.0	1.987	Tonnes	73.0	Bushels
2022	HAMIOTA	RED SPRING WHEAT	AAC HOCKLEY |BW5044|	Below	Minimum	Tolerance	 	 	 
2022	HAMIOTA	RED SPRING WHEAT	AAC HODGE |BW1069|	Below	Minimum	Tolerance	 	 	 
2022	HAMIOTA	RED SPRING WHEAT	AAC REDBERRY	9	3,539.0	1.723	Tonnes	63.3	Bushels
2022	HAMIOTA	RED SPRING WHEAT	AAC STARBUCK <SECAN>	28	9,231.0	1.919	Tonnes	70.5	Bushels
2022	HAMIOTA	RED SPRING WHEAT	AAC WHEATLAND <SECAN>	18	7,376.0	1.562	Tonnes	57.4	Bushels
2022	HAMIOTA	RED SPRING WHEAT	BOLLES <SEED DEPOT>	Below	Minimum	Tolerance	 	 	 
2022	HAMIOTA	RED SPRING WHEAT	CDC LANDMARK	4	728.0	1.639	Tonnes	60.2	Bushels
2022	HAMIOTA	RED SPRING WHEAT	CDC ORTONA <PROVEN>	Below	Minimum	Tolerance	 	 	 
2022	HAMIOTA	RED SPRING WHEAT	MCKENZIE (BW 205)	Below	Minimum	Tolerance	 	 	 
2022	HAMIOTA	RED SPRING WHEAT	MUCHMORE (BW875)	Below	Minimum	Tolerance	 	 	 
2022	HAMIOTA	RED SPRING WHEAT	SY CAST	Below	Minimum	Tolerance	 	 	 
2022	HAMIOTA	RED SPRING WHEAT	SY TORACH <SYNGENTA>	Below	Minimum	Tolerance	 	 	 
2022	HANOVER	RED SPRING WHEAT	AAC BRANDON (BW 932)	39	10,610.0	1.699	Tonnes	62.4	Bushels
2022	HANOVER	RED SPRING WHEAT	AAC STARBUCK <SECAN>	9	1,057.0	1.527	Tonnes	56.1	Bushels
2022	HANOVER	RED SPRING WHEAT	AAC TISDALE (PT250)	Below	Minimum	Tolerance	 	 	 
2022	HANOVER	RED SPRING WHEAT	AAC VIEWFIELD <FP GENETICS>|BW965| EXP	Below	Minimum	Tolerance	 	 	 
2022	HANOVER	RED SPRING WHEAT	CARDALE (BW429)	Below	Minimum	Tolerance	 	 	 
2022	HARRISON PARK	RED SPRING WHEAT	5604HR CL (BW 878)	Below	Minimum	Tolerance	 	 	 
2022	HARRISON PARK	RED SPRING WHEAT	AAC BRANDON (BW 932)	9	3,901.0	1.370	Tonnes	50.3	Bushels
2022	HARRISON PARK	RED SPRING WHEAT	AAC CAMERON VB <CANTERRA>	Below	Minimum	Tolerance	 	 	 
2022	HARRISON PARK	RED SPRING WHEAT	AAC LEROY VB <ALLIANCE>	3	1,814.0	1.306	Tonnes	48.0	Bushels
2022	HARRISON PARK	RED SPRING WHEAT	AAC REDBERRY	27	7,722.0	1.276	Tonnes	46.9	Bushels
2022	HARRISON PARK	RED SPRING WHEAT	AAC STARBUCK <SECAN>	13	3,796.0	1.382	Tonnes	50.8	Bushels
2022	HARRISON PARK	RED SPRING WHEAT	AAC VIEWFIELD <FP GENETICS>|BW965| EXP	Below	Minimum	Tolerance	 	 	 
2022	HARRISON PARK	RED SPRING WHEAT	AAC WHEATLAND <SECAN>	8	2,351.0	1.441	Tonnes	53.0	Bushels
2022	HARRISON PARK	RED SPRING WHEAT	AC BARRIE (BW 661)	Below	Minimum	Tolerance	 	 	 
2022	HARRISON PARK	RED SPRING WHEAT	AC DOMAIN (BW 148)	Below	Minimum	Tolerance	 	 	 
2022	HARRISON PARK	RED SPRING WHEAT	AC SPLENDOR (BW 191)	Below	Minimum	Tolerance	 	 	 
2022	HARRISON PARK	RED SPRING WHEAT	BOLLES <SEED DEPOT>	3	802.0	1.295	Tonnes	47.6	Bushels
2022	HARRISON PARK	RED SPRING WHEAT	CDC LANDMARK	Below	Minimum	Tolerance	 	 	 
2022	HARRISON PARK	RED SPRING WHEAT	GLENN	Below	Minimum	Tolerance	 	 	 
2022	HARRISON PARK	RED SPRING WHEAT	SY GABBRO <SYNGENTA>	Below	Minimum	Tolerance	 	 	 
2022	HARRISON PARK	RED SPRING WHEAT	SY TORACH <SYNGENTA>	Below	Minimum	Tolerance	 	 	 
2022	HARRISON PARK	RED SPRING WHEAT	WR859 CL (BW859)	Below	Minimum	Tolerance	 	 	 
2022	HEADINGLEY	RED SPRING WHEAT	AAC BRANDON (BW 932)	7	4,213.0	1.757	Tonnes	64.5	Bushels
2022	HEADINGLEY	RED SPRING WHEAT	AAC STARBUCK <SECAN>	Below	Minimum	Tolerance	 	 	 
2022	HILLSBURG-ROBLIN-SHELL RIVER	RED SPRING WHEAT	AAC BRANDON (BW 932)	16	9,674.0	1.589	Tonnes	58.4	Bushels
2022	HILLSBURG-ROBLIN-SHELL RIVER	RED SPRING WHEAT	AAC STARBUCK <SECAN>	Below	Minimum	Tolerance	 	 	 
2022	HILLSBURG-ROBLIN-SHELL RIVER	RED SPRING WHEAT	AAC VIEWFIELD <FP GENETICS>|BW965| EXP	21	7,106.0	2.173	Tonnes	79.8	Bushels
2022	HILLSBURG-ROBLIN-SHELL RIVER	RED SPRING WHEAT	AAC WHEATLAND <SECAN>	16	8,037.0	2.011	Tonnes	73.9	Bushels
2022	HILLSBURG-ROBLIN-SHELL RIVER	RED SPRING WHEAT	AC BARRIE (BW 661)	Below	Minimum	Tolerance	 	 	 
2022	HILLSBURG-ROBLIN-SHELL RIVER	RED SPRING WHEAT	BOLLES <SEED DEPOT>	5	1,962.0	2.663	Tonnes	97.8	Bushels
2022	HILLSBURG-ROBLIN-SHELL RIVER	RED SPRING WHEAT	CDC HUGHES <CPSC> |PT588|	Below	Minimum	Tolerance	 	 	 
2022	HILLSBURG-ROBLIN-SHELL RIVER	RED SPRING WHEAT	CDC LANDMARK	5	879.0	1.805	Tonnes	66.3	Bushels
2022	HILLSBURG-ROBLIN-SHELL RIVER	RED SPRING WHEAT	GLENN	Below	Minimum	Tolerance	 	 	 
2022	KELSEY	RED SPRING WHEAT	AAC REDBERRY	10	6,807.0	1.879	Tonnes	69.1	Bushels
2022	KELSEY	RED SPRING WHEAT	AAC VIEWFIELD <FP GENETICS>|BW965| EXP	4	2,322.0	1.913	Tonnes	70.3	Bushels
2022	KELSEY	RED SPRING WHEAT	CDC LANDMARK	4	1,857.0	1.932	Tonnes	71.0	Bushels
2022	KELSEY	RED SPRING WHEAT	CDC PLENTIFUL (PT580)	Below	Minimum	Tolerance	 	 	 
2022	KELSEY	RED SPRING WHEAT	CDC TEAL (BW 616)	Below	Minimum	Tolerance	 	 	 
2022	KELSEY	RED SPRING WHEAT	SY GABBRO <SYNGENTA>	Below	Minimum	Tolerance	 	 	 
2022	KELSEY	RED SPRING WHEAT	SY MANNESS	Below	Minimum	Tolerance	 	 	 
2022	KILLARNEY-TURTLE MTN	RED SPRING WHEAT	AAC BRANDON (BW 932)	40	22,416.0	1.693	Tonnes	62.2	Bushels
2022	KILLARNEY-TURTLE MTN	RED SPRING WHEAT	AAC CAMERON VB <CANTERRA>	Below	Minimum	Tolerance	 	 	 
2022	KILLARNEY-TURTLE MTN	RED SPRING WHEAT	AAC HOCKLEY |BW5044|	Below	Minimum	Tolerance	 	 	 
2022	KILLARNEY-TURTLE MTN	RED SPRING WHEAT	AAC HODGE |BW1069|	Below	Minimum	Tolerance	 	 	 
2022	KILLARNEY-TURTLE MTN	RED SPRING WHEAT	AAC LEROY VB <ALLIANCE>	4	959.0	1.905	Tonnes	70.0	Bushels
2022	KILLARNEY-TURTLE MTN	RED SPRING WHEAT	AAC REDBERRY	Below	Minimum	Tolerance	 	 	 
2022	KILLARNEY-TURTLE MTN	RED SPRING WHEAT	AAC REDWATER (PT457)	Below	Minimum	Tolerance	 	 	 
2022	KILLARNEY-TURTLE MTN	RED SPRING WHEAT	AAC STARBUCK <SECAN>	14	9,064.0	1.991	Tonnes	73.2	Bushels
2022	KILLARNEY-TURTLE MTN	RED SPRING WHEAT	AAC VIEWFIELD <FP GENETICS>|BW965| EXP	Below	Minimum	Tolerance	 	 	 
2022	KILLARNEY-TURTLE MTN	RED SPRING WHEAT	AAC WHEATLAND <SECAN>	7	2,049.0	2.035	Tonnes	74.8	Bushels
2022	KILLARNEY-TURTLE MTN	RED SPRING WHEAT	BOLLES <SEED DEPOT>	Below	Minimum	Tolerance	 	 	 
2022	KILLARNEY-TURTLE MTN	RED SPRING WHEAT	CDC PLENTIFUL (PT580)	Below	Minimum	Tolerance	 	 	 
2022	KILLARNEY-TURTLE MTN	RED SPRING WHEAT	SY CAST	Below	Minimum	Tolerance	 	 	 
2022	LA BROQUERIE	RED SPRING WHEAT	AAC BRANDON (BW 932)	Below	Minimum	Tolerance	 	 	 
2022	LA BROQUERIE	RED SPRING WHEAT	AAC STARBUCK <SECAN>	Below	Minimum	Tolerance	 	 	 
2022	LAC DU BONNET	RED SPRING WHEAT	AAC BRANDON (BW 932)	4	1,471.0	1.884	Tonnes	69.2	Bushels
2022	LAC DU BONNET	RED SPRING WHEAT	AAC ELIE(BW931)	4	1,944.0	2.165	Tonnes	79.5	Bushels
2022	LAC DU BONNET	RED SPRING WHEAT	AAC STARBUCK <SECAN>	4	1,124.0	1.915	Tonnes	70.4	Bushels
2022	LAC DU BONNET	RED SPRING WHEAT	AAC VIEWFIELD <FP GENETICS>|BW965| EXP	11	3,001.5	2.064	Tonnes	75.9	Bushels
2022	LAC DU BONNET	RED SPRING WHEAT	CARBERRY (BW874)	Below	Minimum	Tolerance	 	 	 
2022	LAC DU BONNET	RED SPRING WHEAT	CARDALE (BW429)	Below	Minimum	Tolerance	 	 	 
2022	LAC DU BONNET	RED SPRING WHEAT	GLENN	Below	Minimum	Tolerance	 	 	 
2022	LAKESHORE	RED SPRING WHEAT	AAC BRANDON (BW 932)	24	7,260.1	1.554	Tonnes	57.1	Bushels
2022	LAKESHORE	RED SPRING WHEAT	AAC CAMERON VB <CANTERRA>	Below	Minimum	Tolerance	 	 	 
2022	LAKESHORE	RED SPRING WHEAT	AAC REDBERRY	Below	Minimum	Tolerance	 	 	 
2022	LAKESHORE	RED SPRING WHEAT	AAC STARBUCK <SECAN>	5	2,434.0	1.476	Tonnes	54.2	Bushels
2022	LAKESHORE	RED SPRING WHEAT	AAC TISDALE (PT250)	Below	Minimum	Tolerance	 	 	 
2022	LAKESHORE	RED SPRING WHEAT	AAC VIEWFIELD <FP GENETICS>|BW965| EXP	Below	Minimum	Tolerance	 	 	 
2022	LAKESHORE	RED SPRING WHEAT	AAC WHEATLAND <SECAN>	4	619.0	1.679	Tonnes	61.7	Bushels
2022	LAKESHORE	RED SPRING WHEAT	BOLLES <SEED DEPOT>	Below	Minimum	Tolerance	 	 	 
2022	LAKESHORE	RED SPRING WHEAT	CARBERRY (BW874)	Below	Minimum	Tolerance	 	 	 
2022	LAKESHORE	RED SPRING WHEAT	CARDALE (BW429)	Below	Minimum	Tolerance	 	 	 
2022	LAKESHORE	RED SPRING WHEAT	GLENN	Below	Minimum	Tolerance	 	 	 
2022	LORNE	RED SPRING WHEAT	AAC BRANDON (BW 932)	96	32,254.2	1.912	Tonnes	70.3	Bushels
2022	LORNE	RED SPRING WHEAT	AAC HODGE |BW1069|	Below	Minimum	Tolerance	 	 	 
2022	LORNE	RED SPRING WHEAT	AAC LEROY VB <ALLIANCE>	4	996.0	1.809	Tonnes	66.5	Bushels
2022	LORNE	RED SPRING WHEAT	AAC REDBERRY	Below	Minimum	Tolerance	 	 	 
2022	LORNE	RED SPRING WHEAT	AAC STARBUCK <SECAN>	33	8,554.0	1.968	Tonnes	72.3	Bushels
2022	LORNE	RED SPRING WHEAT	AAC TISDALE (PT250)	Below	Minimum	Tolerance	 	 	 
2022	LORNE	RED SPRING WHEAT	AAC WHEATLAND <SECAN>	7	1,986.0	1.673	Tonnes	61.5	Bushels
2022	LORNE	RED SPRING WHEAT	CARDALE (BW429)	3	638.0	1.688	Tonnes	62.0	Bushels
2022	LORNE	RED SPRING WHEAT	CDC LANDMARK	Below	Minimum	Tolerance	 	 	 
2022	LORNE	RED SPRING WHEAT	CDC VR MORRIS (BW423)	Below	Minimum	Tolerance	 	 	 
2022	LOUISE	RED SPRING WHEAT	AAC BRANDON (BW 932)	76	29,305.0	1.942	Tonnes	71.4	Bushels
2022	LOUISE	RED SPRING WHEAT	AAC BROADACRES <PROVEN>	Below	Minimum	Tolerance	 	 	 
2022	LOUISE	RED SPRING WHEAT	AAC ELIE(BW931)	Below	Minimum	Tolerance	 	 	 
2022	LOUISE	RED SPRING WHEAT	AAC LEROY VB <ALLIANCE>	Below	Minimum	Tolerance	 	 	 
2022	LOUISE	RED SPRING WHEAT	AAC STARBUCK <SECAN>	53	21,295.7	1.989	Tonnes	73.1	Bushels
2022	LOUISE	RED SPRING WHEAT	AAC TISDALE (PT250)	Below	Minimum	Tolerance	 	 	 
2022	LOUISE	RED SPRING WHEAT	AAC WHEATLAND <SECAN>	5	1,702.0	1.833	Tonnes	67.4	Bushels
2022	LOUISE	RED SPRING WHEAT	AC DOMAIN (BW 148)	Below	Minimum	Tolerance	 	 	 
2022	LOUISE	RED SPRING WHEAT	BOLLES <SEED DEPOT>	Below	Minimum	Tolerance	 	 	 
2022	LOUISE	RED SPRING WHEAT	CARDALE (BW429)	Below	Minimum	Tolerance	 	 	 
2022	LOUISE	RED SPRING WHEAT	CDC HUGHES <CPSC> |PT588|	Below	Minimum	Tolerance	 	 	 
2022	LOUISE	RED SPRING WHEAT	FIELDSTAR VB	Below	Minimum	Tolerance	 	 	 
2022	LOUISE	RED SPRING WHEAT	SY CAST	Below	Minimum	Tolerance	 	 	 
2022	MACDONALD	RED SPRING WHEAT	AAC BRANDON (BW 932)	89	40,395.0	1.710	Tonnes	62.8	Bushels
2022	MACDONALD	RED SPRING WHEAT	AAC ELIE(BW931)	Below	Minimum	Tolerance	 	 	 
2022	MACDONALD	RED SPRING WHEAT	AAC HOCKLEY |BW5044|	Below	Minimum	Tolerance	 	 	 
2022	MACDONALD	RED SPRING WHEAT	AAC HODGE |BW1069|	Below	Minimum	Tolerance	 	 	 
2022	MACDONALD	RED SPRING WHEAT	AAC STARBUCK <SECAN>	46	21,130.0	1.799	Tonnes	66.1	Bushels
2022	MACDONALD	RED SPRING WHEAT	AAC TISDALE (PT250)	3	885.0	1.580	Tonnes	58.1	Bushels
2022	MACDONALD	RED SPRING WHEAT	AAC VIEWFIELD <FP GENETICS>|BW965| EXP	12	2,961.0	2.131	Tonnes	78.3	Bushels
2022	MACDONALD	RED SPRING WHEAT	CS DAYBREAK <CANTERRA>	Below	Minimum	Tolerance	 	 	 
2022	MACDONALD	RED SPRING WHEAT	SY GABBRO <SYNGENTA>	5	1,131.0	1.909	Tonnes	70.1	Bushels
2022	MACDONALD	RED SPRING WHEAT	SY MANNESS	Below	Minimum	Tolerance	 	 	 
2022	MACDONALD	RED SPRING WHEAT	SY TORACH <SYNGENTA>	Below	Minimum	Tolerance	 	 	 
2022	MCCREARY	RED SPRING WHEAT	AAC BRANDON (BW 932)	8	1,752.0	1.117	Tonnes	41.1	Bushels
2022	MCCREARY	RED SPRING WHEAT	AAC STARBUCK <SECAN>	Below	Minimum	Tolerance	 	 	 
2022	MCCREARY	RED SPRING WHEAT	CARDALE (BW429)	Below	Minimum	Tolerance	 	 	 
2022	MCCREARY	RED SPRING WHEAT	GLENN	Below	Minimum	Tolerance	 	 	 
2022	MCCREARY	RED SPRING WHEAT	SY GABBRO <SYNGENTA>	Below	Minimum	Tolerance	 	 	 
2022	MINITONAS-BOWSMAN	RED SPRING WHEAT	AAC BRANDON (BW 932)	6	5,587.0	2.126	Tonnes	78.1	Bushels
2022	MINITONAS-BOWSMAN	RED SPRING WHEAT	AAC REDBERRY	Below	Minimum	Tolerance	 	 	 
2022	MINITONAS-BOWSMAN	RED SPRING WHEAT	AAC REDSTAR <SECAN> |PT488|	Below	Minimum	Tolerance	 	 	 
2022	MINITONAS-BOWSMAN	RED SPRING WHEAT	AAC TISDALE (PT250)	Below	Minimum	Tolerance	 	 	 
2022	MINITONAS-BOWSMAN	RED SPRING WHEAT	AAC VIEWFIELD <FP GENETICS>|BW965| EXP	74	42,055.0	2.243	Tonnes	82.4	Bushels
2022	MINITONAS-BOWSMAN	RED SPRING WHEAT	AAC WHEATLAND <SECAN>	9	2,814.0	2.269	Tonnes	83.4	Bushels
2022	MINITONAS-BOWSMAN	RED SPRING WHEAT	CARBERRY (BW874)	Below	Minimum	Tolerance	 	 	 
2022	MINITONAS-BOWSMAN	RED SPRING WHEAT	CARDALE (BW429)	3	1,668.0	2.026	Tonnes	74.4	Bushels
2022	MINITONAS-BOWSMAN	RED SPRING WHEAT	CDC LANDMARK	Below	Minimum	Tolerance	 	 	 
2022	MINITONAS-BOWSMAN	RED SPRING WHEAT	SY GABBRO <SYNGENTA>	3	623.0	1.793	Tonnes	65.9	Bushels
2022	MINTO-ODANAH	RED SPRING WHEAT	AAC BRANDON (BW 932)	35	11,745.0	1.542	Tonnes	56.7	Bushels
2022	MINTO-ODANAH	RED SPRING WHEAT	AAC ELIE(BW931)	Below	Minimum	Tolerance	 	 	 
2022	MINTO-ODANAH	RED SPRING WHEAT	AAC LEROY VB <ALLIANCE>	Below	Minimum	Tolerance	 	 	 
2022	MINTO-ODANAH	RED SPRING WHEAT	AAC REDSTAR <SECAN> |PT488|	Below	Minimum	Tolerance	 	 	 
2022	MINTO-ODANAH	RED SPRING WHEAT	AAC STARBUCK <SECAN>	20	7,375.0	1.703	Tonnes	62.6	Bushels
2022	MINTO-ODANAH	RED SPRING WHEAT	AAC VIEWFIELD <FP GENETICS>|BW965| EXP	Below	Minimum	Tolerance	 	 	 
2022	MINTO-ODANAH	RED SPRING WHEAT	AAC WHEATLAND <SECAN>	6	2,513.0	1.838	Tonnes	67.5	Bushels
2022	MINTO-ODANAH	RED SPRING WHEAT	BOLLES <SEED DEPOT>	7	2,503.0	1.470	Tonnes	54.0	Bushels
2022	MINTO-ODANAH	RED SPRING WHEAT	SY GABBRO <SYNGENTA>	Below	Minimum	Tolerance	 	 	 
2022	MONTCALM	RED SPRING WHEAT	AAC BRANDON (BW 932)	32	10,317.0	1.677	Tonnes	61.6	Bushels
2022	MONTCALM	RED SPRING WHEAT	AAC STARBUCK <SECAN>	16	2,914.0	1.701	Tonnes	62.5	Bushels
2022	MONTCALM	RED SPRING WHEAT	AAC TISDALE (PT250)	Below	Minimum	Tolerance	 	 	 
2022	MONTCALM	RED SPRING WHEAT	AAC WHEATLAND <SECAN>	Below	Minimum	Tolerance	 	 	 
2022	MONTCALM	RED SPRING WHEAT	CS DAYBREAK <CANTERRA>	Below	Minimum	Tolerance	 	 	 
2022	MONTCALM	RED SPRING WHEAT	SHELLY	3	657.0	1.704	Tonnes	62.6	Bushels
2022	MONTCALM	RED SPRING WHEAT	SY CAST	Below	Minimum	Tolerance	 	 	 
2022	MORRIS	RED SPRING WHEAT	AAC BRANDON (BW 932)	65	22,191.0	1.676	Tonnes	61.6	Bushels
2022	MORRIS	RED SPRING WHEAT	AAC ELIE(BW931)	Below	Minimum	Tolerance	 	 	 
2022	MORRIS	RED SPRING WHEAT	AAC HODGE |BW1069|	Below	Minimum	Tolerance	 	 	 
2022	MORRIS	RED SPRING WHEAT	AAC STARBUCK <SECAN>	37	11,708.0	1.822	Tonnes	66.9	Bushels
2022	MORRIS	RED SPRING WHEAT	AAC TISDALE (PT250)	Below	Minimum	Tolerance	 	 	 
2022	MORRIS	RED SPRING WHEAT	AAC VIEWFIELD <FP GENETICS>|BW965| EXP	21	9,195.0	1.747	Tonnes	64.2	Bushels
2022	MORRIS	RED SPRING WHEAT	AC DOMAIN (BW 148)	Below	Minimum	Tolerance	 	 	 
2022	MORRIS	RED SPRING WHEAT	AC SPLENDOR (BW 191)	Below	Minimum	Tolerance	 	 	 
2022	MORRIS	RED SPRING WHEAT	CARDALE (BW429)	6	1,084.1	1.773	Tonnes	65.1	Bushels
2022	MORRIS	RED SPRING WHEAT	CS DAYBREAK <CANTERRA>	Below	Minimum	Tolerance	 	 	 
2022	MORRIS	RED SPRING WHEAT	SHELLY	Below	Minimum	Tolerance	 	 	 
2022	MORRIS	RED SPRING WHEAT	SY GABBRO <SYNGENTA>	4	1,952.0	1.985	Tonnes	72.9	Bushels
2022	MORRIS	RED SPRING WHEAT	SY MANNESS	Below	Minimum	Tolerance	 	 	 
2022	MOSSEY RIVER	RED SPRING WHEAT	AAC BRANDON (BW 932)	8	2,067.0	1.400	Tonnes	51.4	Bushels
2022	MOSSEY RIVER	RED SPRING WHEAT	AAC LEROY VB <ALLIANCE>	Below	Minimum	Tolerance	 	 	 
2022	MOSSEY RIVER	RED SPRING WHEAT	AAC REDBERRY	Below	Minimum	Tolerance	 	 	 
2022	MOSSEY RIVER	RED SPRING WHEAT	AAC STARBUCK <SECAN>	Below	Minimum	Tolerance	 	 	 
2022	MOSSEY RIVER	RED SPRING WHEAT	AAC TISDALE (PT250)	Below	Minimum	Tolerance	 	 	 
2022	MOSSEY RIVER	RED SPRING WHEAT	AAC VIEWFIELD <FP GENETICS>|BW965| EXP	3	862.0	1.421	Tonnes	52.2	Bushels
2022	MOSSEY RIVER	RED SPRING WHEAT	AAC WHEATLAND <SECAN>	Below	Minimum	Tolerance	 	 	 
2022	MOSSEY RIVER	RED SPRING WHEAT	CARDALE (BW429)	4	1,170.0	1.715	Tonnes	63.0	Bushels
2022	MOSSEY RIVER	RED SPRING WHEAT	CDC ORTONA <PROVEN>	Below	Minimum	Tolerance	 	 	 
2022	MOSSEY RIVER	RED SPRING WHEAT	FIELDSTAR VB	Below	Minimum	Tolerance	 	 	 
2022	MOUNTAIN	RED SPRING WHEAT	AAC BRANDON (BW 932)	4	2,343.0	1.329	Tonnes	48.8	Bushels
2022	MOUNTAIN	RED SPRING WHEAT	AAC ELIE(BW931)	Below	Minimum	Tolerance	 	 	 
2022	MOUNTAIN	RED SPRING WHEAT	AAC REDBERRY	4	1,072.0	1.005	Tonnes	36.9	Bushels
2022	MOUNTAIN	RED SPRING WHEAT	AAC STARBUCK <SECAN>	Below	Minimum	Tolerance	 	 	 
2022	MOUNTAIN	RED SPRING WHEAT	AAC VIEWFIELD <FP GENETICS>|BW965| EXP	27	14,496.0	1.974	Tonnes	72.5	Bushels
2022	MOUNTAIN	RED SPRING WHEAT	AAC WHEATLAND <SECAN>	7	2,119.0	1.790	Tonnes	65.8	Bushels
2022	MOUNTAIN	RED SPRING WHEAT	AC INTREPID (BW 693)	Below	Minimum	Tolerance	 	 	 
2022	MOUNTAIN	RED SPRING WHEAT	CARBERRY (BW874)	Below	Minimum	Tolerance	 	 	 
2022	MOUNTAIN	RED SPRING WHEAT	CARDALE (BW429)	3	1,432.0	1.731	Tonnes	63.6	Bushels
2022	MOUNTAIN	RED SPRING WHEAT	CDC GO (BW781)	Below	Minimum	Tolerance	 	 	 
2022	MOUNTAIN	RED SPRING WHEAT	CDC LANDMARK	Below	Minimum	Tolerance	 	 	 
2022	MOUNTAIN	RED SPRING WHEAT	CDC ORTONA <PROVEN>	Below	Minimum	Tolerance	 	 	 
2022	MOUNTAIN	RED SPRING WHEAT	CDC PLENTIFUL (PT580)	Below	Minimum	Tolerance	 	 	 
2022	MOUNTAIN	RED SPRING WHEAT	SUPERB (BW252)	Below	Minimum	Tolerance	 	 	 
2022	MOUNTAIN	RED SPRING WHEAT	SY GABBRO <SYNGENTA>	Below	Minimum	Tolerance	 	 	 
2022	NORFOLK-TREHERNE	RED SPRING WHEAT	AAC BRANDON (BW 932)	33	14,477.0	1.812	Tonnes	66.6	Bushels
2022	NORFOLK-TREHERNE	RED SPRING WHEAT	AAC ELIE(BW931)	Below	Minimum	Tolerance	 	 	 
2022	NORFOLK-TREHERNE	RED SPRING WHEAT	AAC LEROY VB <ALLIANCE>	4	696.0	1.835	Tonnes	67.4	Bushels
2022	NORFOLK-TREHERNE	RED SPRING WHEAT	AAC STARBUCK <SECAN>	11	2,757.0	1.849	Tonnes	68.0	Bushels
2022	NORFOLK-TREHERNE	RED SPRING WHEAT	AAC TISDALE (PT250)	Below	Minimum	Tolerance	 	 	 
2022	NORFOLK-TREHERNE	RED SPRING WHEAT	AAC WHEATLAND <SECAN>	8	3,151.0	2.014	Tonnes	74.0	Bushels
2022	NORFOLK-TREHERNE	RED SPRING WHEAT	CARDALE (BW429)	Below	Minimum	Tolerance	 	 	 
2022	NORFOLK-TREHERNE	RED SPRING WHEAT	CDC SKRUSH |PT599|	Below	Minimum	Tolerance	 	 	 
2022	NORFOLK-TREHERNE	RED SPRING WHEAT	SY CAST	Below	Minimum	Tolerance	 	 	 
2022	NORFOLK-TREHERNE	RED SPRING WHEAT	SY TORACH <SYNGENTA>	Below	Minimum	Tolerance	 	 	 
2022	NORTH CYPRESS-LANGFORD	RED SPRING WHEAT	AAC BRANDON (BW 932)	69	41,662.0	1.578	Tonnes	58.0	Bushels
2022	NORTH CYPRESS-LANGFORD	RED SPRING WHEAT	AAC ELIE(BW931)	3	1,724.0	1.874	Tonnes	68.8	Bushels
2022	NORTH CYPRESS-LANGFORD	RED SPRING WHEAT	AAC REDBERRY	3	814.0	1.767	Tonnes	64.9	Bushels
2022	NORTH CYPRESS-LANGFORD	RED SPRING WHEAT	AAC STARBUCK <SECAN>	22	9,753.0	1.695	Tonnes	62.3	Bushels
2022	NORTH CYPRESS-LANGFORD	RED SPRING WHEAT	AAC VIEWFIELD <FP GENETICS>|BW965| EXP	Below	Minimum	Tolerance	 	 	 
2022	NORTH CYPRESS-LANGFORD	RED SPRING WHEAT	CDC STANLEY (BW880)	Below	Minimum	Tolerance	 	 	 
2022	NORTH NORFOLK	RED SPRING WHEAT	AAC BRANDON (BW 932)	38	10,122.0	1.157	Tonnes	42.5	Bushels
2022	NORTH NORFOLK	RED SPRING WHEAT	AAC ELIE(BW931)	3	580.0	1.069	Tonnes	39.3	Bushels
2022	NORTH NORFOLK	RED SPRING WHEAT	AAC HODGE |BW1069|	Below	Minimum	Tolerance	 	 	 
2022	NORTH NORFOLK	RED SPRING WHEAT	AAC LEROY VB <ALLIANCE>	Below	Minimum	Tolerance	 	 	 
2022	NORTH NORFOLK	RED SPRING WHEAT	AAC STARBUCK <SECAN>	13	4,743.0	1.439	Tonnes	52.9	Bushels
2022	NORTH NORFOLK	RED SPRING WHEAT	BOLLES <SEED DEPOT>	8	4,985.0	1.661	Tonnes	61.0	Bushels
2022	NORTH NORFOLK	RED SPRING WHEAT	CARDALE (BW429)	7	1,572.0	1.501	Tonnes	55.2	Bushels
2022	NORTH NORFOLK	RED SPRING WHEAT	CDC SKRUSH |PT599|	Below	Minimum	Tolerance	 	 	 
2022	OAKLAND-WAWANESA	RED SPRING WHEAT	5605HR CL (BW918)	Below	Minimum	Tolerance	 	 	 
2022	OAKLAND-WAWANESA	RED SPRING WHEAT	AAC BRANDON (BW 932)	26	11,815.0	1.620	Tonnes	59.5	Bushels
2022	OAKLAND-WAWANESA	RED SPRING WHEAT	AAC ELIE(BW931)	Below	Minimum	Tolerance	 	 	 
2022	OAKLAND-WAWANESA	RED SPRING WHEAT	AAC MAGNET |BW 1045, BJ14*A01135|	Below	Minimum	Tolerance	 	 	 
2022	OAKLAND-WAWANESA	RED SPRING WHEAT	AAC STARBUCK <SECAN>	14	4,044.0	1.445	Tonnes	53.1	Bushels
2022	OAKLAND-WAWANESA	RED SPRING WHEAT	AAC VIEWFIELD <FP GENETICS>|BW965| EXP	Below	Minimum	Tolerance	 	 	 
2022	OAKLAND-WAWANESA	RED SPRING WHEAT	AAC WHEATLAND <SECAN>	12	3,277.0	1.651	Tonnes	60.7	Bushels
2022	OAKLAND-WAWANESA	RED SPRING WHEAT	BOLLES <SEED DEPOT>	Below	Minimum	Tolerance	 	 	 
2022	OAKLAND-WAWANESA	RED SPRING WHEAT	CARDALE (BW429)	Below	Minimum	Tolerance	 	 	 
2022	OAKLAND-WAWANESA	RED SPRING WHEAT	GLENN	Below	Minimum	Tolerance	 	 	 
2022	OAKVIEW	RED SPRING WHEAT	AAC ALIDA (BW980)	Below	Minimum	Tolerance	 	 	 
2022	OAKVIEW	RED SPRING WHEAT	AAC BRANDON (BW 932)	31	10,491.8	1.482	Tonnes	54.4	Bushels
2022	OAKVIEW	RED SPRING WHEAT	AAC HOCKLEY |BW5044|	Below	Minimum	Tolerance	 	 	 
2022	OAKVIEW	RED SPRING WHEAT	AAC LEROY VB <ALLIANCE>	Below	Minimum	Tolerance	 	 	 
2022	OAKVIEW	RED SPRING WHEAT	AAC REDBERRY	13	4,885.0	1.463	Tonnes	53.8	Bushels
2022	OAKVIEW	RED SPRING WHEAT	AAC REDSTAR <SECAN> |PT488|	Below	Minimum	Tolerance	 	 	 
2022	OAKVIEW	RED SPRING WHEAT	AAC STARBUCK <SECAN>	50	17,417.3	1.711	Tonnes	62.9	Bushels
2022	OAKVIEW	RED SPRING WHEAT	AAC VIEWFIELD <FP GENETICS>|BW965| EXP	Below	Minimum	Tolerance	 	 	 
2022	OAKVIEW	RED SPRING WHEAT	AAC WHEATLAND <SECAN>	28	9,323.0	1.576	Tonnes	57.9	Bushels
2022	OAKVIEW	RED SPRING WHEAT	BOLLES <SEED DEPOT>	9	2,305.0	1.629	Tonnes	59.9	Bushels
2022	OAKVIEW	RED SPRING WHEAT	CDC LANDMARK	Below	Minimum	Tolerance	 	 	 
2022	OAKVIEW	RED SPRING WHEAT	CDC ORTONA <PROVEN>	Below	Minimum	Tolerance	 	 	 
2022	OAKVIEW	RED SPRING WHEAT	CDC UTMOST (BW 883)	Below	Minimum	Tolerance	 	 	 
2022	OAKVIEW	RED SPRING WHEAT	GLENN	Below	Minimum	Tolerance	 	 	 
2022	OAKVIEW	RED SPRING WHEAT	SUPERB (BW252)	Below	Minimum	Tolerance	 	 	 
2022	OAKVIEW	RED SPRING WHEAT	SY CAST	Below	Minimum	Tolerance	 	 	 
2022	PEMBINA	RED SPRING WHEAT	AAC BRANDON (BW 932)	82	30,426.0	1.877	Tonnes	69.0	Bushels
2022	PEMBINA	RED SPRING WHEAT	AAC ELIE(BW931)	Below	Minimum	Tolerance	 	 	 
2022	PEMBINA	RED SPRING WHEAT	AAC HOCKLEY |BW5044|	Below	Minimum	Tolerance	 	 	 
2022	PEMBINA	RED SPRING WHEAT	AAC HODGE |BW1069|	Below	Minimum	Tolerance	 	 	 
2022	PEMBINA	RED SPRING WHEAT	AAC STARBUCK <SECAN>	40	10,677.0	1.876	Tonnes	68.9	Bushels
2022	PEMBINA	RED SPRING WHEAT	AAC TISDALE (PT250)	Below	Minimum	Tolerance	 	 	 
2022	PEMBINA	RED SPRING WHEAT	AAC WHEATLAND <SECAN>	5	1,180.0	1.398	Tonnes	51.4	Bushels
2022	PEMBINA	RED SPRING WHEAT	BOLLES <SEED DEPOT>	Below	Minimum	Tolerance	 	 	 
2022	PEMBINA	RED SPRING WHEAT	CARBERRY (BW874)	Below	Minimum	Tolerance	 	 	 
2022	PEMBINA	RED SPRING WHEAT	CARDALE (BW429)	Below	Minimum	Tolerance	 	 	 
2022	PEMBINA	RED SPRING WHEAT	CDC LANDMARK	Below	Minimum	Tolerance	 	 	 
2022	PEMBINA	RED SPRING WHEAT	SY CAST	6	1,037.0	1.813	Tonnes	66.6	Bushels
2022	PEMBINA	RED SPRING WHEAT	SY TORACH <SYNGENTA>	4	960.0	1.856	Tonnes	68.2	Bushels
2022	PINEY	RED SPRING WHEAT	AAC BRANDON (BW 932)	8	1,991.0	1.362	Tonnes	50.1	Bushels
2022	PIPESTONE	RED SPRING WHEAT	AAC BRANDON (BW 932)	48	22,129.0	1.344	Tonnes	49.4	Bushels
2022	PIPESTONE	RED SPRING WHEAT	AAC ELIE(BW931)	5	4,325.0	1.476	Tonnes	54.2	Bushels
2022	PIPESTONE	RED SPRING WHEAT	AAC LEROY VB <ALLIANCE>	Below	Minimum	Tolerance	 	 	 
2022	PIPESTONE	RED SPRING WHEAT	AAC MAGNET |BW 1045, BJ14*A01135|	Below	Minimum	Tolerance	 	 	 
2022	PIPESTONE	RED SPRING WHEAT	AAC REDBERRY	5	1,936.0	1.159	Tonnes	42.6	Bushels
2022	PIPESTONE	RED SPRING WHEAT	AAC STARBUCK <SECAN>	19	9,440.0	1.438	Tonnes	52.8	Bushels
2022	PIPESTONE	RED SPRING WHEAT	AAC TISDALE (PT250)	Below	Minimum	Tolerance	 	 	 
2022	PIPESTONE	RED SPRING WHEAT	AAC VIEWFIELD <FP GENETICS>|BW965| EXP	7	1,374.0	1.154	Tonnes	42.4	Bushels
2022	PIPESTONE	RED SPRING WHEAT	AAC WHEATLAND <SECAN>	10	5,764.0	1.536	Tonnes	56.5	Bushels
2022	PIPESTONE	RED SPRING WHEAT	BOLLES <SEED DEPOT>	Below	Minimum	Tolerance	 	 	 
2022	PIPESTONE	RED SPRING WHEAT	CARBERRY (BW874)	Below	Minimum	Tolerance	 	 	 
2022	PIPESTONE	RED SPRING WHEAT	CDC HUGHES <CPSC> |PT588|	3	698.0	1.420	Tonnes	52.2	Bushels
2022	PIPESTONE	RED SPRING WHEAT	CDC LANDMARK	Below	Minimum	Tolerance	 	 	 
2022	PORTAGE LA PRAIRIE	RED SPRING WHEAT	AAC BRANDON (BW 932)	86	51,489.0	1.718	Tonnes	63.1	Bushels
2022	PORTAGE LA PRAIRIE	RED SPRING WHEAT	AAC ELIE(BW931)	Below	Minimum	Tolerance	 	 	 
2022	PORTAGE LA PRAIRIE	RED SPRING WHEAT	AAC HOCKLEY |BW5044|	Below	Minimum	Tolerance	 	 	 
2022	PORTAGE LA PRAIRIE	RED SPRING WHEAT	AAC REDBERRY	Below	Minimum	Tolerance	 	 	 
2022	PORTAGE LA PRAIRIE	RED SPRING WHEAT	AAC STARBUCK <SECAN>	48	21,024.0	1.809	Tonnes	66.5	Bushels
2022	PORTAGE LA PRAIRIE	RED SPRING WHEAT	AAC VIEWFIELD <FP GENETICS>|BW965| EXP	3	640.0	1.407	Tonnes	51.7	Bushels
2022	PORTAGE LA PRAIRIE	RED SPRING WHEAT	BOLLES <SEED DEPOT>	4	2,481.0	1.375	Tonnes	50.5	Bushels
2022	PORTAGE LA PRAIRIE	RED SPRING WHEAT	CARBERRY (BW874)	Below	Minimum	Tolerance	 	 	 
2022	PORTAGE LA PRAIRIE	RED SPRING WHEAT	CARDALE (BW429)	6	1,187.0	0.980	Tonnes	36.0	Bushels
2022	PRAIRIE LAKES	RED SPRING WHEAT	AAC BRANDON (BW 932)	63	28,424.5	1.522	Tonnes	55.9	Bushels
2022	PRAIRIE LAKES	RED SPRING WHEAT	AAC CAMERON VB <CANTERRA>	Below	Minimum	Tolerance	 	 	 
2022	PRAIRIE LAKES	RED SPRING WHEAT	AAC ELIE(BW931)	Below	Minimum	Tolerance	 	 	 
2022	PRAIRIE LAKES	RED SPRING WHEAT	AAC LEROY VB <ALLIANCE>	Below	Minimum	Tolerance	 	 	 
2022	PRAIRIE LAKES	RED SPRING WHEAT	AAC REDBERRY	Below	Minimum	Tolerance	 	 	 
2022	PRAIRIE LAKES	RED SPRING WHEAT	AAC STARBUCK <SECAN>	22	9,805.5	1.609	Tonnes	59.1	Bushels
2022	PRAIRIE LAKES	RED SPRING WHEAT	AAC TISDALE (PT250)	Below	Minimum	Tolerance	 	 	 
2022	PRAIRIE LAKES	RED SPRING WHEAT	AAC VIEWFIELD <FP GENETICS>|BW965| EXP	Below	Minimum	Tolerance	 	 	 
2022	PRAIRIE LAKES	RED SPRING WHEAT	AAC W1876 |BW957|	Below	Minimum	Tolerance	 	 	 
2022	PRAIRIE LAKES	RED SPRING WHEAT	AAC WHEATLAND <SECAN>	15	2,726.0	1.686	Tonnes	61.9	Bushels
2022	PRAIRIE LAKES	RED SPRING WHEAT	GLENN	Below	Minimum	Tolerance	 	 	 
2022	PRAIRIE LAKES	RED SPRING WHEAT	WR859 CL (BW859)	Below	Minimum	Tolerance	 	 	 
2022	PRAIRIE VIEW	RED SPRING WHEAT	AAC BRANDON (BW 932)	24	7,718.0	1.350	Tonnes	49.6	Bushels
2022	PRAIRIE VIEW	RED SPRING WHEAT	AAC LEROY VB <ALLIANCE>	6	1,663.0	1.804	Tonnes	66.3	Bushels
2022	PRAIRIE VIEW	RED SPRING WHEAT	AAC REDBERRY	19	7,228.0	1.418	Tonnes	52.1	Bushels
2022	PRAIRIE VIEW	RED SPRING WHEAT	AAC RUSSELL <FP GENETICS>	Below	Minimum	Tolerance	 	 	 
2022	PRAIRIE VIEW	RED SPRING WHEAT	AAC STARBUCK <SECAN>	44	18,232.0	1.736	Tonnes	63.8	Bushels
2022	PRAIRIE VIEW	RED SPRING WHEAT	AAC VIEWFIELD <FP GENETICS>|BW965| EXP	Below	Minimum	Tolerance	 	 	 
2022	PRAIRIE VIEW	RED SPRING WHEAT	AAC WHEATLAND <SECAN>	60	28,859.0	1.758	Tonnes	64.6	Bushels
2022	PRAIRIE VIEW	RED SPRING WHEAT	BOLLES <SEED DEPOT>	7	4,103.0	1.579	Tonnes	58.0	Bushels
2022	PRAIRIE VIEW	RED SPRING WHEAT	CDC LANDMARK	4	1,317.0	2.038	Tonnes	74.9	Bushels
2022	PRAIRIE VIEW	RED SPRING WHEAT	GLENN	Below	Minimum	Tolerance	 	 	 
2022	PRAIRIE VIEW	RED SPRING WHEAT	SY GABBRO <SYNGENTA>	Below	Minimum	Tolerance	 	 	 
2022	PRAIRIE VIEW	RED SPRING WHEAT	SY TORACH <SYNGENTA>	Below	Minimum	Tolerance	 	 	 
2022	REYNOLDS	RED SPRING WHEAT	AAC BRANDON (BW 932)	Below	Minimum	Tolerance	 	 	 
2022	REYNOLDS	RED SPRING WHEAT	AAC LEROY VB <ALLIANCE>	Below	Minimum	Tolerance	 	 	 
2022	REYNOLDS	RED SPRING WHEAT	AAC STARBUCK <SECAN>	Below	Minimum	Tolerance	 	 	 
2022	REYNOLDS	RED SPRING WHEAT	AAC VIEWFIELD <FP GENETICS>|BW965| EXP	Below	Minimum	Tolerance	 	 	 
2022	REYNOLDS	RED SPRING WHEAT	CDC SKRUSH |PT599|	Below	Minimum	Tolerance	 	 	 
2022	REYNOLDS	RED SPRING WHEAT	SY CAST	Below	Minimum	Tolerance	 	 	 
2022	RHINELAND	RED SPRING WHEAT	AAC BRANDON (BW 932)	68	17,392.0	1.723	Tonnes	63.3	Bushels
2022	RHINELAND	RED SPRING WHEAT	AAC HODGE |BW1069|	Below	Minimum	Tolerance	 	 	 
2022	RHINELAND	RED SPRING WHEAT	AAC STARBUCK <SECAN>	60	10,926.0	1.780	Tonnes	65.4	Bushels
2022	RHINELAND	RED SPRING WHEAT	AAC WHEATLAND <SECAN>	10	2,463.0	1.779	Tonnes	65.4	Bushels
2022	RHINELAND	RED SPRING WHEAT	CARBERRY (BW874)	Below	Minimum	Tolerance	 	 	 
2022	RHINELAND	RED SPRING WHEAT	CS DAYBREAK <CANTERRA>	Below	Minimum	Tolerance	 	 	 
2022	RHINELAND	RED SPRING WHEAT	SY CAST	4	523.0	1.536	Tonnes	56.4	Bushels
2022	RHINELAND	RED SPRING WHEAT	SY MANNESS	Below	Minimum	Tolerance	 	 	 
2022	RIDING MOUNTAIN WEST	RED SPRING WHEAT	AAC BRANDON (BW 932)	23	7,141.5	1.683	Tonnes	61.9	Bushels
2022	RIDING MOUNTAIN WEST	RED SPRING WHEAT	AAC HOCKLEY |BW5044|	3	1,551.0	2.123	Tonnes	78.0	Bushels
2022	RIDING MOUNTAIN WEST	RED SPRING WHEAT	AAC HODGE |BW1069|	Below	Minimum	Tolerance	 	 	 
2022	RIDING MOUNTAIN WEST	RED SPRING WHEAT	AAC LEROY VB <ALLIANCE>	6	1,751.0	1.636	Tonnes	60.1	Bushels
2022	RIDING MOUNTAIN WEST	RED SPRING WHEAT	AAC REDBERRY	18	5,332.2	1.453	Tonnes	53.4	Bushels
2022	RIDING MOUNTAIN WEST	RED SPRING WHEAT	AAC REDWATER (PT457)	Below	Minimum	Tolerance	 	 	 
2022	RIDING MOUNTAIN WEST	RED SPRING WHEAT	AAC RUSSELL <FP GENETICS>	Below	Minimum	Tolerance	 	 	 
2022	RIDING MOUNTAIN WEST	RED SPRING WHEAT	AAC STARBUCK <SECAN>	29	11,628.0	1.721	Tonnes	63.2	Bushels
2022	RIDING MOUNTAIN WEST	RED SPRING WHEAT	AAC TISDALE (PT250)	Below	Minimum	Tolerance	 	 	 
2022	RIDING MOUNTAIN WEST	RED SPRING WHEAT	AAC VIEWFIELD <FP GENETICS>|BW965| EXP	12	5,191.0	1.814	Tonnes	66.7	Bushels
2022	RIDING MOUNTAIN WEST	RED SPRING WHEAT	AAC WHEATLAND <SECAN>	35	14,554.0	1.844	Tonnes	67.8	Bushels
2022	RIDING MOUNTAIN WEST	RED SPRING WHEAT	BOLLES <SEED DEPOT>	12	6,333.0	1.644	Tonnes	60.4	Bushels
2022	RIDING MOUNTAIN WEST	RED SPRING WHEAT	CARBERRY (BW874)	Below	Minimum	Tolerance	 	 	 
2022	RIDING MOUNTAIN WEST	RED SPRING WHEAT	CDC LANDMARK	14	7,231.0	1.892	Tonnes	69.5	Bushels
2022	RIDING MOUNTAIN WEST	RED SPRING WHEAT	GLENN	Below	Minimum	Tolerance	 	 	 
2022	RIDING MOUNTAIN WEST	RED SPRING WHEAT	HARVEST (BW259)	Below	Minimum	Tolerance	 	 	 
2022	RITCHOT	RED SPRING WHEAT	AAC BRANDON (BW 932)	27	8,697.0	1.511	Tonnes	55.5	Bushels
2022	RITCHOT	RED SPRING WHEAT	AAC ELIE(BW931)	Below	Minimum	Tolerance	 	 	 
2022	RITCHOT	RED SPRING WHEAT	AAC STARBUCK <SECAN>	14	4,706.2	1.701	Tonnes	62.5	Bushels
2022	RITCHOT	RED SPRING WHEAT	AAC VIEWFIELD <FP GENETICS>|BW965| EXP	Below	Minimum	Tolerance	 	 	 
2022	RITCHOT	RED SPRING WHEAT	CARDALE (BW429)	Below	Minimum	Tolerance	 	 	 
2022	RITCHOT	RED SPRING WHEAT	CS DAYBREAK <CANTERRA>	4	1,509.0	1.936	Tonnes	71.1	Bushels
2022	RITCHOT	RED SPRING WHEAT	SY GABBRO <SYNGENTA>	Below	Minimum	Tolerance	 	 	 
2022	RIVERDALE	RED SPRING WHEAT	AAC BRANDON (BW 932)	24	10,500.0	1.582	Tonnes	58.1	Bushels
2022	RIVERDALE	RED SPRING WHEAT	AAC HOCKLEY |BW5044|	Below	Minimum	Tolerance	 	 	 
2022	RIVERDALE	RED SPRING WHEAT	AAC REDSTAR <SECAN> |PT488|	Below	Minimum	Tolerance	 	 	 
2022	RIVERDALE	RED SPRING WHEAT	AAC STARBUCK <SECAN>	20	5,966.0	1.657	Tonnes	60.9	Bushels
2022	RIVERDALE	RED SPRING WHEAT	AAC WHEATLAND <SECAN>	3	1,034.0	1.631	Tonnes	59.9	Bushels
2022	RIVERDALE	RED SPRING WHEAT	BOLLES <SEED DEPOT>	Below	Minimum	Tolerance	 	 	 
2022	ROCKWOOD	RED SPRING WHEAT	AAC BRANDON (BW 932)	40	12,915.0	1.525	Tonnes	56.0	Bushels
2022	ROCKWOOD	RED SPRING WHEAT	AAC ELIE(BW931)	3	948.0	1.847	Tonnes	67.9	Bushels
2022	ROCKWOOD	RED SPRING WHEAT	AAC LEROY VB <ALLIANCE>	8	2,252.0	1.774	Tonnes	65.2	Bushels
2022	ROCKWOOD	RED SPRING WHEAT	AAC STARBUCK <SECAN>	27	14,307.0	1.742	Tonnes	64.0	Bushels
2022	ROCKWOOD	RED SPRING WHEAT	AAC VIEWFIELD <FP GENETICS>|BW965| EXP	4	501.0	1.562	Tonnes	57.4	Bushels
2022	ROCKWOOD	RED SPRING WHEAT	BOLLES <SEED DEPOT>	3	1,345.0	1.587	Tonnes	58.3	Bushels
2022	ROCKWOOD	RED SPRING WHEAT	CDC HUGHES <CPSC> |PT588|	Below	Minimum	Tolerance	 	 	 
2022	ROCKWOOD	RED SPRING WHEAT	SY CAST	Below	Minimum	Tolerance	 	 	 
2022	ROCKWOOD	RED SPRING WHEAT	SY TORACH <SYNGENTA>	Below	Minimum	Tolerance	 	 	 
2022	ROLAND	RED SPRING WHEAT	AAC BRANDON (BW 932)	39	11,035.0	1.954	Tonnes	71.8	Bushels
2022	ROLAND	RED SPRING WHEAT	AAC LEROY VB <ALLIANCE>	Below	Minimum	Tolerance	 	 	 
2022	ROLAND	RED SPRING WHEAT	AAC STARBUCK <SECAN>	35	9,259.0	1.641	Tonnes	60.3	Bushels
2022	ROLAND	RED SPRING WHEAT	AAC VIEWFIELD <FP GENETICS>|BW965| EXP	Below	Minimum	Tolerance	 	 	 
2022	ROLAND	RED SPRING WHEAT	AAC WHEATLAND <SECAN>	Below	Minimum	Tolerance	 	 	 
2022	ROLAND	RED SPRING WHEAT	BOLLES <SEED DEPOT>	Below	Minimum	Tolerance	 	 	 
2022	ROLAND	RED SPRING WHEAT	CARDALE (BW429)	Below	Minimum	Tolerance	 	 	 
2022	ROLAND	RED SPRING WHEAT	SY CAST	Below	Minimum	Tolerance	 	 	 
2022	ROLAND	RED SPRING WHEAT	SY GABBRO <SYNGENTA>	Below	Minimum	Tolerance	 	 	 
2022	ROLAND	RED SPRING WHEAT	SY TORACH <SYNGENTA>	Below	Minimum	Tolerance	 	 	 
2022	ROSEDALE	RED SPRING WHEAT	AAC BRANDON (BW 932)	25	10,998.0	1.613	Tonnes	59.3	Bushels
2022	ROSEDALE	RED SPRING WHEAT	AAC ELIE(BW931)	Below	Minimum	Tolerance	 	 	 
2022	ROSEDALE	RED SPRING WHEAT	AAC REDBERRY	5	2,569.0	1.923	Tonnes	70.6	Bushels
2022	ROSEDALE	RED SPRING WHEAT	AAC STARBUCK <SECAN>	12	2,570.0	1.411	Tonnes	51.8	Bushels
2022	ROSEDALE	RED SPRING WHEAT	AAC TISDALE (PT250)	Below	Minimum	Tolerance	 	 	 
2022	ROSEDALE	RED SPRING WHEAT	AAC VIEWFIELD <FP GENETICS>|BW965| EXP	Below	Minimum	Tolerance	 	 	 
2022	ROSEDALE	RED SPRING WHEAT	AAC WHEATLAND <SECAN>	3	879.0	1.668	Tonnes	61.3	Bushels
2022	ROSEDALE	RED SPRING WHEAT	BOLLES <SEED DEPOT>	Below	Minimum	Tolerance	 	 	 
2022	ROSEDALE	RED SPRING WHEAT	CDC PLENTIFUL (PT580)	Below	Minimum	Tolerance	 	 	 
2022	ROSEDALE	RED SPRING WHEAT	WASKADA (BW 357)	Below	Minimum	Tolerance	 	 	 
2022	ROSSBURN	RED SPRING WHEAT	AAC BRANDON (BW 932)	16	5,287.0	1.642	Tonnes	60.3	Bushels
2022	ROSSBURN	RED SPRING WHEAT	AAC LEROY VB <ALLIANCE>	Below	Minimum	Tolerance	 	 	 
2022	ROSSBURN	RED SPRING WHEAT	AAC REDBERRY	11	2,518.0	1.550	Tonnes	57.0	Bushels
2022	ROSSBURN	RED SPRING WHEAT	AAC STARBUCK <SECAN>	20	7,301.5	1.665	Tonnes	61.2	Bushels
2022	ROSSBURN	RED SPRING WHEAT	AAC VIEWFIELD <FP GENETICS>|BW965| EXP	Below	Minimum	Tolerance	 	 	 
2022	ROSSBURN	RED SPRING WHEAT	AAC WHEATLAND <SECAN>	13	4,367.0	1.714	Tonnes	63.0	Bushels
2022	ROSSBURN	RED SPRING WHEAT	BOLLES <SEED DEPOT>	Below	Minimum	Tolerance	 	 	 
2022	ROSSBURN	RED SPRING WHEAT	CDC VR MORRIS (BW423)	Below	Minimum	Tolerance	 	 	 
2022	ROSSBURN	RED SPRING WHEAT	SY GABBRO <SYNGENTA>	3	1,023.0	1.399	Tonnes	51.4	Bushels
2022	ROSSER	RED SPRING WHEAT	AAC BRANDON (BW 932)	17	7,337.0	1.756	Tonnes	64.5	Bushels
2022	ROSSER	RED SPRING WHEAT	AAC ELIE(BW931)	Below	Minimum	Tolerance	 	 	 
2022	ROSSER	RED SPRING WHEAT	AAC HOCKLEY |BW5044|	Below	Minimum	Tolerance	 	 	 
2022	ROSSER	RED SPRING WHEAT	AAC LEROY VB <ALLIANCE>	4	964.0	1.755	Tonnes	64.5	Bushels
2022	ROSSER	RED SPRING WHEAT	AAC STARBUCK <SECAN>	25	11,542.0	1.968	Tonnes	72.3	Bushels
2022	ROSSER	RED SPRING WHEAT	AAC VIEWFIELD <FP GENETICS>|BW965| EXP	3	981.0	1.764	Tonnes	64.8	Bushels
2022	ROSSER	RED SPRING WHEAT	CARDALE (BW429)	Below	Minimum	Tolerance	 	 	 
2022	RUSSELL-BINSCARTH	RED SPRING WHEAT	AAC ALIDA (BW980)	Below	Minimum	Tolerance	 	 	 
2022	RUSSELL-BINSCARTH	RED SPRING WHEAT	AAC BRANDON (BW 932)	8	1,661.0	1.490	Tonnes	54.8	Bushels
2022	RUSSELL-BINSCARTH	RED SPRING WHEAT	AAC LEROY VB <ALLIANCE>	3	759.0	1.921	Tonnes	70.6	Bushels
2022	RUSSELL-BINSCARTH	RED SPRING WHEAT	AAC REDBERRY	4	1,693.0	1.665	Tonnes	61.2	Bushels
2022	RUSSELL-BINSCARTH	RED SPRING WHEAT	AAC STARBUCK <SECAN>	10	4,743.0	1.699	Tonnes	62.4	Bushels
2022	RUSSELL-BINSCARTH	RED SPRING WHEAT	AAC WHEATLAND <SECAN>	17	7,186.0	1.795	Tonnes	65.9	Bushels
2022	RUSSELL-BINSCARTH	RED SPRING WHEAT	BOLLES <SEED DEPOT>	Below	Minimum	Tolerance	 	 	 
2022	RUSSELL-BINSCARTH	RED SPRING WHEAT	CARDALE (BW429)	Below	Minimum	Tolerance	 	 	 
2022	RUSSELL-BINSCARTH	RED SPRING WHEAT	CDC LANDMARK	3	1,819.0	1.876	Tonnes	68.9	Bushels
2022	RUSSELL-BINSCARTH	RED SPRING WHEAT	GLENN	Below	Minimum	Tolerance	 	 	 
2022	SIFTON	RED SPRING WHEAT	AAC BRANDON (BW 932)	9	2,709.0	1.134	Tonnes	41.7	Bushels
2022	SIFTON	RED SPRING WHEAT	AAC ELIE(BW931)	Below	Minimum	Tolerance	 	 	 
2022	SIFTON	RED SPRING WHEAT	AAC LEROY VB <ALLIANCE>	Below	Minimum	Tolerance	 	 	 
2022	SIFTON	RED SPRING WHEAT	AAC STARBUCK <SECAN>	Below	Minimum	Tolerance	 	 	 
2022	SIFTON	RED SPRING WHEAT	AAC WHEATLAND <SECAN>	5	2,305.0	1.432	Tonnes	52.6	Bushels
2022	SOURIS-GLENWOOD	RED SPRING WHEAT	AAC ALIDA (BW980)	Below	Minimum	Tolerance	 	 	 
2022	SOURIS-GLENWOOD	RED SPRING WHEAT	AAC BRANDON (BW 932)	28	15,854.0	1.453	Tonnes	53.4	Bushels
2022	SOURIS-GLENWOOD	RED SPRING WHEAT	AAC HOCKLEY |BW5044|	Below	Minimum	Tolerance	 	 	 
2022	SOURIS-GLENWOOD	RED SPRING WHEAT	AAC LEROY VB <ALLIANCE>	Below	Minimum	Tolerance	 	 	 
2022	SOURIS-GLENWOOD	RED SPRING WHEAT	AAC MAGNET |BW 1045, BJ14*A01135|	Below	Minimum	Tolerance	 	 	 
2022	SOURIS-GLENWOOD	RED SPRING WHEAT	AAC STARBUCK <SECAN>	Below	Minimum	Tolerance	 	 	 
2022	SOURIS-GLENWOOD	RED SPRING WHEAT	AAC TISDALE (PT250)	Below	Minimum	Tolerance	 	 	 
2022	SOURIS-GLENWOOD	RED SPRING WHEAT	AAC WHEATLAND <SECAN>	5	1,490.0	1.533	Tonnes	56.3	Bushels
2022	SOURIS-GLENWOOD	RED SPRING WHEAT	CARDALE (BW429)	Below	Minimum	Tolerance	 	 	 
2022	SOURIS-GLENWOOD	RED SPRING WHEAT	SY CAST	Below	Minimum	Tolerance	 	 	 
2022	SPRINGFIELD	RED SPRING WHEAT	AAC BRANDON (BW 932)	33	11,896.0	1.571	Tonnes	57.7	Bushels
2022	SPRINGFIELD	RED SPRING WHEAT	AAC ELIE(BW931)	Below	Minimum	Tolerance	 	 	 
2022	SPRINGFIELD	RED SPRING WHEAT	AAC LEROY VB <ALLIANCE>	6	1,051.0	1.699	Tonnes	62.4	Bushels
2022	SPRINGFIELD	RED SPRING WHEAT	AAC REDBERRY	Below	Minimum	Tolerance	 	 	 
2022	SPRINGFIELD	RED SPRING WHEAT	AAC STARBUCK <SECAN>	11	4,115.0	1.745	Tonnes	64.1	Bushels
2022	SPRINGFIELD	RED SPRING WHEAT	AAC VIEWFIELD <FP GENETICS>|BW965| EXP	Below	Minimum	Tolerance	 	 	 
2022	SPRINGFIELD	RED SPRING WHEAT	AC BARRIE (BW 661)	Below	Minimum	Tolerance	 	 	 
2022	SPRINGFIELD	RED SPRING WHEAT	AC DOMAIN (BW 148)	Below	Minimum	Tolerance	 	 	 
2022	SPRINGFIELD	RED SPRING WHEAT	BOLLES <SEED DEPOT>	3	1,342.0	1.216	Tonnes	44.7	Bushels
2022	SPRINGFIELD	RED SPRING WHEAT	CARDALE (BW429)	Below	Minimum	Tolerance	 	 	 
2022	SPRINGFIELD	RED SPRING WHEAT	CDC STANLEY (BW880)	Below	Minimum	Tolerance	 	 	 
2022	SPRINGFIELD	RED SPRING WHEAT	CS DAYBREAK <CANTERRA>	11	3,646.0	1.818	Tonnes	66.8	Bushels
2022	SPRINGFIELD	RED SPRING WHEAT	SY CAST	Below	Minimum	Tolerance	 	 	 
2022	ST. ANDREWS	RED SPRING WHEAT	AAC BRANDON (BW 932)	15	6,034.0	1.675	Tonnes	61.6	Bushels
2022	ST. ANDREWS	RED SPRING WHEAT	AAC ELIE(BW931)	6	2,352.0	1.514	Tonnes	55.6	Bushels
2022	ST. ANDREWS	RED SPRING WHEAT	AAC LEROY VB <ALLIANCE>	7	1,695.0	1.725	Tonnes	63.4	Bushels
2022	ST. ANDREWS	RED SPRING WHEAT	AAC STARBUCK <SECAN>	12	9,393.0	2.009	Tonnes	73.8	Bushels
2022	ST. ANDREWS	RED SPRING WHEAT	AAC VIEWFIELD <FP GENETICS>|BW965| EXP	Below	Minimum	Tolerance	 	 	 
2022	ST. ANDREWS	RED SPRING WHEAT	BOLLES <SEED DEPOT>	5	2,084.0	1.298	Tonnes	47.7	Bushels
2022	ST. ANDREWS	RED SPRING WHEAT	CARDALE (BW429)	Below	Minimum	Tolerance	 	 	 
2022	ST. ANDREWS	RED SPRING WHEAT	CDC OSLER (PT555)	Below	Minimum	Tolerance	 	 	 
2022	ST. ANDREWS	RED SPRING WHEAT	CDC TITANIUM <PROVEN>	Below	Minimum	Tolerance	 	 	 
2022	ST. ANDREWS	RED SPRING WHEAT	CS DAYBREAK <CANTERRA>	Below	Minimum	Tolerance	 	 	 
2022	ST. ANDREWS	RED SPRING WHEAT	GLENN	Below	Minimum	Tolerance	 	 	 
2022	ST. ANDREWS	RED SPRING WHEAT	SY CAST	Below	Minimum	Tolerance	 	 	 
2022	ST. ANDREWS	RED SPRING WHEAT	SY GABBRO <SYNGENTA>	Below	Minimum	Tolerance	 	 	 
2022	ST. ANDREWS	RED SPRING WHEAT	SY TORACH <SYNGENTA>	Below	Minimum	Tolerance	 	 	 
2022	ST. CLEMENTS	RED SPRING WHEAT	AAC BRANDON (BW 932)	19	8,181.0	1.661	Tonnes	61.0	Bushels
2022	ST. CLEMENTS	RED SPRING WHEAT	AAC ELIE(BW931)	3	1,141.0	1.600	Tonnes	58.8	Bushels
2022	ST. CLEMENTS	RED SPRING WHEAT	AAC LEROY VB <ALLIANCE>	Below	Minimum	Tolerance	 	 	 
2022	ST. CLEMENTS	RED SPRING WHEAT	AAC STARBUCK <SECAN>	Below	Minimum	Tolerance	 	 	 
2022	ST. CLEMENTS	RED SPRING WHEAT	AAC VIEWFIELD <FP GENETICS>|BW965| EXP	9	3,209.5	1.962	Tonnes	72.1	Bushels
2022	ST. CLEMENTS	RED SPRING WHEAT	CARDALE (BW429)	Below	Minimum	Tolerance	 	 	 
2022	ST. CLEMENTS	RED SPRING WHEAT	KANE (BW342)	Below	Minimum	Tolerance	 	 	 
2022	ST. CLEMENTS	RED SPRING WHEAT	SY CAST	Below	Minimum	Tolerance	 	 	 
2022	ST. FRANCIS XAVIER	RED SPRING WHEAT	AAC BRANDON (BW 932)	5	2,432.0	1.838	Tonnes	67.5	Bushels
2022	ST. FRANCIS XAVIER	RED SPRING WHEAT	AAC STARBUCK <SECAN>	13	5,940.0	1.804	Tonnes	66.3	Bushels
2022	ST. FRANCIS XAVIER	RED SPRING WHEAT	SY GABBRO <SYNGENTA>	Below	Minimum	Tolerance	 	 	 
2022	ST. LAURENT	RED SPRING WHEAT	AAC BRANDON (BW 932)	Below	Minimum	Tolerance	 	 	 
2022	STANLEY	RED SPRING WHEAT	AAC BRANDON (BW 932)	60	13,332.0	1.754	Tonnes	64.4	Bushels
2022	STANLEY	RED SPRING WHEAT	AAC ELIE(BW931)	Below	Minimum	Tolerance	 	 	 
2022	STANLEY	RED SPRING WHEAT	AAC STARBUCK <SECAN>	38	6,071.0	1.777	Tonnes	65.3	Bushels
2022	STANLEY	RED SPRING WHEAT	AAC TISDALE (PT250)	Below	Minimum	Tolerance	 	 	 
2022	STANLEY	RED SPRING WHEAT	AAC WHEATLAND <SECAN>	Below	Minimum	Tolerance	 	 	 
2022	STANLEY	RED SPRING WHEAT	BOLLES <SEED DEPOT>	Below	Minimum	Tolerance	 	 	 
2022	STANLEY	RED SPRING WHEAT	CARDALE (BW429)	Below	Minimum	Tolerance	 	 	 
2022	STANLEY	RED SPRING WHEAT	FIELDSTAR VB	Below	Minimum	Tolerance	 	 	 
2022	STANLEY	RED SPRING WHEAT	SY CAST	7	1,207.0	1.652	Tonnes	60.7	Bushels
2022	STE. ANNE	RED SPRING WHEAT	AAC BRANDON (BW 932)	23	4,711.0	1.754	Tonnes	64.4	Bushels
2022	STE. ANNE	RED SPRING WHEAT	AAC HOCKLEY |BW5044|	Below	Minimum	Tolerance	 	 	 
2022	STE. ANNE	RED SPRING WHEAT	AAC STARBUCK <SECAN>	Below	Minimum	Tolerance	 	 	 
2022	STE. ANNE	RED SPRING WHEAT	CARDALE (BW429)	Below	Minimum	Tolerance	 	 	 
2022	STE. ROSE	RED SPRING WHEAT	AAC BRANDON (BW 932)	12	4,662.0	1.221	Tonnes	44.9	Bushels
2022	STE. ROSE	RED SPRING WHEAT	AAC REDBERRY	Below	Minimum	Tolerance	 	 	 
2022	STE. ROSE	RED SPRING WHEAT	AAC STARBUCK <SECAN>	4	1,127.0	1.607	Tonnes	59.0	Bushels
2022	STE. ROSE	RED SPRING WHEAT	AAC TISDALE (PT250)	Below	Minimum	Tolerance	 	 	 
2022	STE. ROSE	RED SPRING WHEAT	AAC VIEWFIELD <FP GENETICS>|BW965| EXP	3	785.0	1.788	Tonnes	65.7	Bushels
2022	STE. ROSE	RED SPRING WHEAT	BOLLES <SEED DEPOT>	3	1,267.0	1.642	Tonnes	60.3	Bushels
2022	STE. ROSE	RED SPRING WHEAT	CARDALE (BW429)	Below	Minimum	Tolerance	 	 	 
2022	STUARTBURN	RED SPRING WHEAT	AAC BRANDON (BW 932)	Below	Minimum	Tolerance	 	 	 
2022	STUARTBURN	RED SPRING WHEAT	AAC STARBUCK <SECAN>	Below	Minimum	Tolerance	 	 	 
2022	STUARTBURN	RED SPRING WHEAT	AAC TISDALE (PT250)	Below	Minimum	Tolerance	 	 	 
2022	SWAN VALLEY WEST	RED SPRING WHEAT	AAC BRANDON (BW 932)	9	3,835.0	1.811	Tonnes	66.5	Bushels
2022	SWAN VALLEY WEST	RED SPRING WHEAT	AAC CONNERY |PT245|	Below	Minimum	Tolerance	 	 	 
2022	SWAN VALLEY WEST	RED SPRING WHEAT	AAC HOCKLEY |BW5044|	3	1,026.0	1.894	Tonnes	69.6	Bushels
2022	SWAN VALLEY WEST	RED SPRING WHEAT	AAC HODGE |BW1069|	Below	Minimum	Tolerance	 	 	 
2022	SWAN VALLEY WEST	RED SPRING WHEAT	AAC REDBERRY	6	2,121.0	1.456	Tonnes	53.5	Bushels
2022	SWAN VALLEY WEST	RED SPRING WHEAT	AAC REDSTAR <SECAN> |PT488|	Below	Minimum	Tolerance	 	 	 
2022	SWAN VALLEY WEST	RED SPRING WHEAT	AAC STARBUCK <SECAN>	5	2,234.0	2.545	Tonnes	93.5	Bushels
2022	SWAN VALLEY WEST	RED SPRING WHEAT	AAC TISDALE (PT250)	11	3,572.0	1.857	Tonnes	68.2	Bushels
2022	SWAN VALLEY WEST	RED SPRING WHEAT	AAC VIEWFIELD <FP GENETICS>|BW965| EXP	71	42,788.0	2.029	Tonnes	74.6	Bushels
2022	SWAN VALLEY WEST	RED SPRING WHEAT	AAC WHEATLAND <SECAN>	34	18,418.0	2.063	Tonnes	75.8	Bushels
2022	SWAN VALLEY WEST	RED SPRING WHEAT	BOLLES <SEED DEPOT>	Below	Minimum	Tolerance	 	 	 
2022	SWAN VALLEY WEST	RED SPRING WHEAT	CDC LANDMARK	4	1,038.0	2.204	Tonnes	81.0	Bushels
2022	SWAN VALLEY WEST	RED SPRING WHEAT	CDC PLENTIFUL (PT580)	4	922.0	1.328	Tonnes	48.8	Bushels
2022	SWAN VALLEY WEST	RED SPRING WHEAT	ELLERSLIE <SECAN>	Below	Minimum	Tolerance	 	 	 
2022	SWAN VALLEY WEST	RED SPRING WHEAT	SY GABBRO <SYNGENTA>	6	1,146.0	1.875	Tonnes	68.9	Bushels
2022	SWAN VALLEY WEST	RED SPRING WHEAT	SY MANNESS	Below	Minimum	Tolerance	 	 	 
2022	TACHE	RED SPRING WHEAT	AAC BRANDON (BW 932)	47	12,481.0	1.756	Tonnes	64.5	Bushels
2022	TACHE	RED SPRING WHEAT	AAC LEROY VB <ALLIANCE>	Below	Minimum	Tolerance	 	 	 
2022	TACHE	RED SPRING WHEAT	AAC REDBERRY	Below	Minimum	Tolerance	 	 	 
2022	TACHE	RED SPRING WHEAT	AAC STARBUCK <SECAN>	4	1,194.0	2.066	Tonnes	75.9	Bushels
2022	TACHE	RED SPRING WHEAT	AAC VIEWFIELD <FP GENETICS>|BW965| EXP	Below	Minimum	Tolerance	 	 	 
2022	TACHE	RED SPRING WHEAT	CARDALE (BW429)	Below	Minimum	Tolerance	 	 	 
2022	TACHE	RED SPRING WHEAT	CDC STANLEY (BW880)	Below	Minimum	Tolerance	 	 	 
2022	TACHE	RED SPRING WHEAT	CS DAYBREAK <CANTERRA>	Below	Minimum	Tolerance	 	 	 
2022	THOMPSON	RED SPRING WHEAT	AAC BRANDON (BW 932)	30	9,454.0	1.808	Tonnes	66.4	Bushels
2022	THOMPSON	RED SPRING WHEAT	AAC ELIE(BW931)	Below	Minimum	Tolerance	 	 	 
2022	THOMPSON	RED SPRING WHEAT	AAC STARBUCK <SECAN>	22	6,180.0	1.787	Tonnes	65.7	Bushels
2022	THOMPSON	RED SPRING WHEAT	AAC WHEATLAND <SECAN>	Below	Minimum	Tolerance	 	 	 
2022	THOMPSON	RED SPRING WHEAT	CARBERRY (BW874)	Below	Minimum	Tolerance	 	 	 
2022	THOMPSON	RED SPRING WHEAT	GLENN	Below	Minimum	Tolerance	 	 	 
2022	THOMPSON	RED SPRING WHEAT	SY CAST	Below	Minimum	Tolerance	 	 	 
2022	THOMPSON	RED SPRING WHEAT	SY GABBRO <SYNGENTA>	Below	Minimum	Tolerance	 	 	 
2022	TWO BORDERS	RED SPRING WHEAT	AAC BRANDON (BW 932)	62	36,731.7	1.422	Tonnes	52.2	Bushels
2022	TWO BORDERS	RED SPRING WHEAT	AAC BROADACRES <PROVEN>	Below	Minimum	Tolerance	 	 	 
2022	TWO BORDERS	RED SPRING WHEAT	AAC ELIE(BW931)	35	17,238.5	1.366	Tonnes	50.2	Bushels
2022	TWO BORDERS	RED SPRING WHEAT	AAC HOCKLEY |BW5044|	Below	Minimum	Tolerance	 	 	 
2022	TWO BORDERS	RED SPRING WHEAT	AAC HODGE |BW1069|	Below	Minimum	Tolerance	 	 	 
2022	TWO BORDERS	RED SPRING WHEAT	AAC LEROY VB <ALLIANCE>	8	5,691.0	1.522	Tonnes	55.9	Bushels
2022	TWO BORDERS	RED SPRING WHEAT	AAC REDBERRY	4	1,495.0	1.125	Tonnes	41.4	Bushels
2022	TWO BORDERS	RED SPRING WHEAT	AAC STARBUCK <SECAN>	21	6,372.0	1.338	Tonnes	49.1	Bushels
2022	TWO BORDERS	RED SPRING WHEAT	AAC VIEWFIELD <FP GENETICS>|BW965| EXP	4	1,864.0	1.062	Tonnes	39.0	Bushels
2022	TWO BORDERS	RED SPRING WHEAT	AAC WHEATLAND <SECAN>	7	6,592.0	1.512	Tonnes	55.6	Bushels
2022	TWO BORDERS	RED SPRING WHEAT	AC BARRIE (BW 661)	Below	Minimum	Tolerance	 	 	 
2022	TWO BORDERS	RED SPRING WHEAT	BOLLES <SEED DEPOT>	Below	Minimum	Tolerance	 	 	 
2022	TWO BORDERS	RED SPRING WHEAT	CARBERRY (BW874)	3	910.0	1.177	Tonnes	43.3	Bushels
2022	TWO BORDERS	RED SPRING WHEAT	CDC PLENTIFUL (PT580)	Below	Minimum	Tolerance	 	 	 
2022	TWO BORDERS	RED SPRING WHEAT	SY TORACH <SYNGENTA>	3	2,092.0	1.660	Tonnes	61.0	Bushels
2022	UNORG TERRITORY	RED SPRING WHEAT	AAC STARBUCK <SECAN>	Below	Minimum	Tolerance	 	 	 
2022	UNORG TERRITORY	RED SPRING WHEAT	AAC VIEWFIELD <FP GENETICS>|BW965| EXP	Below	Minimum	Tolerance	 	 	 
2022	UNORG TERRITORY	RED SPRING WHEAT	AAC WHEATLAND <SECAN>	Below	Minimum	Tolerance	 	 	 
2022	VICTORIA	RED SPRING WHEAT	AAC BRANDON (BW 932)	17	6,042.0	1.669	Tonnes	61.3	Bushels
2022	VICTORIA	RED SPRING WHEAT	AAC ELIE(BW931)	10	2,012.0	1.239	Tonnes	45.5	Bushels
2022	VICTORIA	RED SPRING WHEAT	AAC LEROY VB <ALLIANCE>	7	1,045.0	1.489	Tonnes	54.7	Bushels
2022	VICTORIA	RED SPRING WHEAT	AAC REDBERRY	Below	Minimum	Tolerance	 	 	 
2022	VICTORIA	RED SPRING WHEAT	AAC STARBUCK <SECAN>	8	2,636.0	1.859	Tonnes	68.3	Bushels
2022	VICTORIA	RED SPRING WHEAT	AAC WHEATLAND <SECAN>	Below	Minimum	Tolerance	 	 	 
2022	VICTORIA	RED SPRING WHEAT	CARDALE (BW429)	Below	Minimum	Tolerance	 	 	 
2022	VICTORIA	RED SPRING WHEAT	CDC TITANIUM <PROVEN>	Below	Minimum	Tolerance	 	 	 
2022	VICTORIA	RED SPRING WHEAT	SY CAST	Below	Minimum	Tolerance	 	 	 
2022	VICTORIA	RED SPRING WHEAT	SY TORACH <SYNGENTA>	Below	Minimum	Tolerance	 	 	 
2022	WALLACE-WOODWORTH	RED SPRING WHEAT	AAC BRANDON (BW 932)	73	31,277.0	1.684	Tonnes	61.9	Bushels
2022	WALLACE-WOODWORTH	RED SPRING WHEAT	AAC CAMERON VB <CANTERRA>	Below	Minimum	Tolerance	 	 	 
2022	WALLACE-WOODWORTH	RED SPRING WHEAT	AAC ELIE(BW931)	Below	Minimum	Tolerance	 	 	 
2022	WALLACE-WOODWORTH	RED SPRING WHEAT	AAC HODGE |BW1069|	Below	Minimum	Tolerance	 	 	 
2022	WALLACE-WOODWORTH	RED SPRING WHEAT	AAC LEROY VB <ALLIANCE>	Below	Minimum	Tolerance	 	 	 
2022	WALLACE-WOODWORTH	RED SPRING WHEAT	AAC MAGNET |BW 1045, BJ14*A01135|	3	680.0	1.386	Tonnes	50.9	Bushels
2022	WALLACE-WOODWORTH	RED SPRING WHEAT	AAC REDBERRY	8	4,120.0	1.360	Tonnes	50.0	Bushels
2022	WALLACE-WOODWORTH	RED SPRING WHEAT	AAC REDSTAR <SECAN> |PT488|	Below	Minimum	Tolerance	 	 	 
2022	WALLACE-WOODWORTH	RED SPRING WHEAT	AAC STARBUCK <SECAN>	40	15,684.0	2.093	Tonnes	76.9	Bushels
2022	WALLACE-WOODWORTH	RED SPRING WHEAT	AAC TISDALE (PT250)	Below	Minimum	Tolerance	 	 	 
2022	WALLACE-WOODWORTH	RED SPRING WHEAT	AAC VIEWFIELD <FP GENETICS>|BW965| EXP	Below	Minimum	Tolerance	 	 	 
2022	WALLACE-WOODWORTH	RED SPRING WHEAT	AAC WHEATLAND <SECAN>	32	11,089.0	1.706	Tonnes	62.7	Bushels
2022	WALLACE-WOODWORTH	RED SPRING WHEAT	AC BARRIE (BW 661)	Below	Minimum	Tolerance	 	 	 
2022	WALLACE-WOODWORTH	RED SPRING WHEAT	BOLLES <SEED DEPOT>	8	2,026.0	1.400	Tonnes	51.4	Bushels
2022	WALLACE-WOODWORTH	RED SPRING WHEAT	CDC LANDMARK	Below	Minimum	Tolerance	 	 	 
2022	WALLACE-WOODWORTH	RED SPRING WHEAT	GLENN	Below	Minimum	Tolerance	 	 	 
2022	WALLACE-WOODWORTH	RED SPRING WHEAT	NEEPAWA	Below	Minimum	Tolerance	 	 	 
2022	WALLACE-WOODWORTH	RED SPRING WHEAT	SY CAST	Below	Minimum	Tolerance	 	 	 
2022	WALLACE-WOODWORTH	RED SPRING WHEAT	SY TORACH <SYNGENTA>	5	1,730.0	1.771	Tonnes	65.1	Bushels
2022	WEST INTERLAKE	RED SPRING WHEAT	CARDALE (BW429)	Below	Minimum	Tolerance	 	 	 
2022	WEST ST. PAUL	RED SPRING WHEAT	AAC BRANDON (BW 932)	Below	Minimum	Tolerance	 	 	 
2022	WEST ST. PAUL	RED SPRING WHEAT	AAC LEROY VB <ALLIANCE>	Below	Minimum	Tolerance	 	 	 
2022	WEST ST. PAUL	RED SPRING WHEAT	AAC STARBUCK <SECAN>	Below	Minimum	Tolerance	 	 	 
2022	WESTLAKE-GLADSTONE	RED SPRING WHEAT	AAC BRANDON (BW 932)	48	34,074.0	1.488	Tonnes	54.7	Bushels
2022	WESTLAKE-GLADSTONE	RED SPRING WHEAT	AAC CAMERON VB <CANTERRA>	Below	Minimum	Tolerance	 	 	 
2022	WESTLAKE-GLADSTONE	RED SPRING WHEAT	AAC ELIE(BW931)	3	905.0	1.309	Tonnes	48.1	Bushels
2022	WESTLAKE-GLADSTONE	RED SPRING WHEAT	AAC HODGE |BW1069|	Below	Minimum	Tolerance	 	 	 
2022	WESTLAKE-GLADSTONE	RED SPRING WHEAT	AAC LEROY VB <ALLIANCE>	6	3,478.0	1.604	Tonnes	59.0	Bushels
2022	WESTLAKE-GLADSTONE	RED SPRING WHEAT	AAC REDBERRY	5	2,220.0	1.263	Tonnes	46.4	Bushels
2022	WESTLAKE-GLADSTONE	RED SPRING WHEAT	AAC STARBUCK <SECAN>	23	10,504.0	1.654	Tonnes	60.8	Bushels
2022	WESTLAKE-GLADSTONE	RED SPRING WHEAT	AC BARRIE (BW 661)	Below	Minimum	Tolerance	 	 	 
2022	WESTLAKE-GLADSTONE	RED SPRING WHEAT	BOLLES <SEED DEPOT>	4	1,370.0	1.536	Tonnes	56.5	Bushels
2022	WESTLAKE-GLADSTONE	RED SPRING WHEAT	CARBERRY (BW874)	Below	Minimum	Tolerance	 	 	 
2022	WESTLAKE-GLADSTONE	RED SPRING WHEAT	CDC PILAR CLPLUS	Below	Minimum	Tolerance	 	 	 
2022	WHITEHEAD	RED SPRING WHEAT	AAC BRANDON (BW 932)	43	16,014.0	1.455	Tonnes	53.5	Bushels
2022	WHITEHEAD	RED SPRING WHEAT	AAC ELIE(BW931)	Below	Minimum	Tolerance	 	 	 
2022	WHITEHEAD	RED SPRING WHEAT	AAC STARBUCK <SECAN>	9	2,334.0	1.575	Tonnes	57.9	Bushels
2022	WHITEHEAD	RED SPRING WHEAT	AAC WHEATLAND <SECAN>	7	4,644.0	1.655	Tonnes	60.8	Bushels
2022	WHITEHEAD	RED SPRING WHEAT	SY CAST	Below	Minimum	Tolerance	 	 	 
2022	WHITEMOUTH	RED SPRING WHEAT	AAC BRANDON (BW 932)	4	831.0	1.176	Tonnes	43.2	Bushels
2022	WHITEMOUTH	RED SPRING WHEAT	AAC STARBUCK <SECAN>	4	2,608.0	1.569	Tonnes	57.6	Bushels
2022	WHITEMOUTH	RED SPRING WHEAT	GLENN	Below	Minimum	Tolerance	 	 	 
2022	WHITEMOUTH	RED SPRING WHEAT	SHELLY	Below	Minimum	Tolerance	 	 	 
2022	WHITEMOUTH	RED SPRING WHEAT	SY CAST	4	629.0	1.331	Tonnes	48.9	Bushels
2022	WINNIPEG	RED SPRING WHEAT	AAC BRANDON (BW 932)	6	1,467.0	1.734	Tonnes	63.7	Bushels
2022	WINNIPEG	RED SPRING WHEAT	AAC STARBUCK <SECAN>	6	2,149.0	1.864	Tonnes	68.5	Bushels
2022	WINNIPEG	RED SPRING WHEAT	AAC VIEWFIELD <FP GENETICS>|BW965| EXP	Below	Minimum	Tolerance	 	 	 
2022	WINNIPEG	RED SPRING WHEAT	CS DAYBREAK <CANTERRA>	Below	Minimum	Tolerance	 	 	 
2022	WOODLANDS	RED SPRING WHEAT	AAC BRANDON (BW 932)	32	9,569.0	1.787	Tonnes	65.7	Bushels
2022	WOODLANDS	RED SPRING WHEAT	AAC ELIE(BW931)	Below	Minimum	Tolerance	 	 	 
2022	WOODLANDS	RED SPRING WHEAT	AAC LEROY VB <ALLIANCE>	5	628.0	1.704	Tonnes	62.6	Bushels
2022	WOODLANDS	RED SPRING WHEAT	AAC STARBUCK <SECAN>	29	9,903.0	1.842	Tonnes	67.7	Bushels
2022	WOODLANDS	RED SPRING WHEAT	CARBERRY (BW874)	Below	Minimum	Tolerance	 	 	 
2022	WOODLANDS	RED SPRING WHEAT	CDC OSLER (PT555)	Below	Minimum	Tolerance	 	 	 
2022	WOODLANDS	RED SPRING WHEAT	CDC PLENTIFUL (PT580)	Below	Minimum	Tolerance	 	 	 
2022	WOODLANDS	RED SPRING WHEAT	SY TORACH <SYNGENTA>	Below	Minimum	Tolerance	 	 	 
2022	YELLOWHEAD	RED SPRING WHEAT	AAC BRANDON (BW 932)	15	6,490.1	1.403	Tonnes	51.6	Bushels
2022	YELLOWHEAD	RED SPRING WHEAT	AAC ELIE(BW931)	Below	Minimum	Tolerance	 	 	 
2022	YELLOWHEAD	RED SPRING WHEAT	AAC HOCKLEY |BW5044|	Below	Minimum	Tolerance	 	 	 
2022	YELLOWHEAD	RED SPRING WHEAT	AAC HODGE |BW1069|	Below	Minimum	Tolerance	 	 	 
2022	YELLOWHEAD	RED SPRING WHEAT	AAC LEROY VB <ALLIANCE>	4	2,339.0	1.574	Tonnes	57.8	Bushels
2022	YELLOWHEAD	RED SPRING WHEAT	AAC REDBERRY	21	5,059.0	1.540	Tonnes	56.6	Bushels
2022	YELLOWHEAD	RED SPRING WHEAT	AAC REDWATER (PT457)	Below	Minimum	Tolerance	 	 	 
2022	YELLOWHEAD	RED SPRING WHEAT	AAC STARBUCK <SECAN>	22	9,682.0	1.682	Tonnes	61.8	Bushels
2022	YELLOWHEAD	RED SPRING WHEAT	AAC VIEWFIELD <FP GENETICS>|BW965| EXP	Below	Minimum	Tolerance	 	 	 
2022	YELLOWHEAD	RED SPRING WHEAT	AAC WHEATLAND <SECAN>	25	14,236.0	1.916	Tonnes	70.4	Bushels
2022	YELLOWHEAD	RED SPRING WHEAT	BOLLES <SEED DEPOT>	9	6,288.0	1.768	Tonnes	65.0	Bushels
2022	YELLOWHEAD	RED SPRING WHEAT	ROBLIN	Below	Minimum	Tolerance	 	 	 
2022	YELLOWHEAD	RED SPRING WHEAT	SY GABBRO <SYNGENTA>	Below	Minimum	Tolerance	 	 	 
2022	YELLOWHEAD	RED SPRING WHEAT	SY TORACH <SYNGENTA>	Below	Minimum	Tolerance	 	 	 
2023	ALEXANDER	RED SPRING WHEAT	AAC BRANDON (BW 932)	Below	Minimum	Tolerance	 	 	 
2023	ALEXANDER	RED SPRING WHEAT	AAC LEROY VB <ALLIANCE>	Below	Minimum	Tolerance	 	 	 
2023	ALEXANDER	RED SPRING WHEAT	AAC REDBERRY	Below	Minimum	Tolerance	 	 	 
2023	ALEXANDER	RED SPRING WHEAT	AAC STARBUCK <SECAN>	Below	Minimum	Tolerance	 	 	 
2023	ALEXANDER	RED SPRING WHEAT	AAC VIEWFIELD <FP GENETICS>|BW965| EXP	4	2,949.0	2.292	Tonnes	84.2	Bushels
2023	ALEXANDER	RED SPRING WHEAT	CARDALE (BW429)	Below	Minimum	Tolerance	 	 	 
2023	ALEXANDER	RED SPRING WHEAT	GLENN	Below	Minimum	Tolerance	 	 	 
2023	ALEXANDER	RED SPRING WHEAT	SY CAST	Below	Minimum	Tolerance	 	 	 
2023	ALONSA	RED SPRING WHEAT	AAC BRANDON (BW 932)	12	4,572.0	1.516	Tonnes	55.7	Bushels
2023	ALONSA	RED SPRING WHEAT	AAC ELIE(BW931)	Below	Minimum	Tolerance	 	 	 
2023	ALONSA	RED SPRING WHEAT	AAC HODGE |BW1069|	Below	Minimum	Tolerance	 	 	 
2023	ALONSA	RED SPRING WHEAT	AAC REDBERRY	Below	Minimum	Tolerance	 	 	 
2023	ALONSA	RED SPRING WHEAT	AAC STARBUCK <SECAN>	Below	Minimum	Tolerance	 	 	 
2023	ALONSA	RED SPRING WHEAT	AAC VIEWFIELD <FP GENETICS>|BW965| EXP	Below	Minimum	Tolerance	 	 	 
2023	ALONSA	RED SPRING WHEAT	AC BARRIE (BW 661)	Below	Minimum	Tolerance	 	 	 
2023	ARGYLE	RED SPRING WHEAT	AAC BRANDON (BW 932)	50	20,205.2	1.567	Tonnes	57.6	Bushels
2023	ARGYLE	RED SPRING WHEAT	AAC HOCKLEY |BW5044|	3	588.0	1.758	Tonnes	64.6	Bushels
2023	ARGYLE	RED SPRING WHEAT	AAC HODGE |BW1069|	8	1,514.0	1.844	Tonnes	67.8	Bushels
2023	ARGYLE	RED SPRING WHEAT	AAC STARBUCK <SECAN>	22	10,506.0	1.613	Tonnes	59.3	Bushels
2023	ARGYLE	RED SPRING WHEAT	AAC WHEATLAND <SECAN>	Below	Minimum	Tolerance	 	 	 
2023	ARGYLE	RED SPRING WHEAT	AC BARRIE (BW 661)	Below	Minimum	Tolerance	 	 	 
2023	ARGYLE	RED SPRING WHEAT	CARDALE (BW429)	Below	Minimum	Tolerance	 	 	 
2023	ARGYLE	RED SPRING WHEAT	HARVEST (BW259)	Below	Minimum	Tolerance	 	 	 
2023	ARGYLE	RED SPRING WHEAT	SY CAST	Below	Minimum	Tolerance	 	 	 
2023	ARMSTRONG	RED SPRING WHEAT	AAC BRANDON (BW 932)	8	1,136.0	1.261	Tonnes	46.3	Bushels
2023	ARMSTRONG	RED SPRING WHEAT	AAC HOCKLEY |BW5044|	Below	Minimum	Tolerance	 	 	 
2023	ARMSTRONG	RED SPRING WHEAT	AAC LEROY VB <ALLIANCE>	Below	Minimum	Tolerance	 	 	 
2023	ARMSTRONG	RED SPRING WHEAT	AAC STARBUCK <SECAN>	Below	Minimum	Tolerance	 	 	 
2023	ARMSTRONG	RED SPRING WHEAT	CARBERRY (BW874)	Below	Minimum	Tolerance	 	 	 
2023	ARMSTRONG	RED SPRING WHEAT	CDC HUGHES <CPSC> |PT588|	Below	Minimum	Tolerance	 	 	 
2023	BIFROST-RIVERTON	RED SPRING WHEAT	AAC BRANDON (BW 932)	32	11,680.0	1.642	Tonnes	60.3	Bushels
2023	BIFROST-RIVERTON	RED SPRING WHEAT	AAC HOCKLEY |BW5044|	28	8,005.3	1.638	Tonnes	60.2	Bushels
2023	BIFROST-RIVERTON	RED SPRING WHEAT	AAC STARBUCK <SECAN>	14	6,383.0	1.602	Tonnes	58.9	Bushels
2023	BIFROST-RIVERTON	RED SPRING WHEAT	AAC VIEWFIELD <FP GENETICS>|BW965| EXP	15	5,118.0	1.901	Tonnes	69.9	Bushels
2023	BIFROST-RIVERTON	RED SPRING WHEAT	AC BARRIE (BW 661)	Below	Minimum	Tolerance	 	 	 
2023	BIFROST-RIVERTON	RED SPRING WHEAT	CDC HUGHES <CPSC> |PT588|	Below	Minimum	Tolerance	 	 	 
2023	BIFROST-RIVERTON	RED SPRING WHEAT	CDC STANLEY (BW880)	Below	Minimum	Tolerance	 	 	 
2023	BIFROST-RIVERTON	RED SPRING WHEAT	CDC TEAL (BW 616)	Below	Minimum	Tolerance	 	 	 
2023	BIFROST-RIVERTON	RED SPRING WHEAT	CS DAYBREAK <CANTERRA>	15	7,374.0	1.587	Tonnes	58.3	Bushels
2023	BIFROST-RIVERTON	RED SPRING WHEAT	SY MANNESS	4	1,070.0	1.873	Tonnes	68.8	Bushels
2023	BIFROST-RIVERTON	RED SPRING WHEAT	SY TORACH <SYNGENTA>	5	871.0	2.012	Tonnes	73.9	Bushels
2023	BOISSEVAIN-MORTON	RED SPRING WHEAT	AAC BRANDON (BW 932)	32	16,341.0	1.902	Tonnes	69.9	Bushels
2023	BOISSEVAIN-MORTON	RED SPRING WHEAT	AAC BROADACRES <PROVEN>	Below	Minimum	Tolerance	 	 	 
2023	BOISSEVAIN-MORTON	RED SPRING WHEAT	AAC ELIE(BW931)	3	1,355.0	1.926	Tonnes	70.8	Bushels
2023	BOISSEVAIN-MORTON	RED SPRING WHEAT	AAC HOCKLEY |BW5044|	18	5,407.0	1.859	Tonnes	68.3	Bushels
2023	BOISSEVAIN-MORTON	RED SPRING WHEAT	AAC HODGE |BW1069|	13	3,162.0	1.939	Tonnes	71.3	Bushels
2023	BOISSEVAIN-MORTON	RED SPRING WHEAT	AAC LEROY VB <ALLIANCE>	3	619.0	1.698	Tonnes	62.4	Bushels
2023	BOISSEVAIN-MORTON	RED SPRING WHEAT	AAC REDBERRY	Below	Minimum	Tolerance	 	 	 
2023	BOISSEVAIN-MORTON	RED SPRING WHEAT	AAC STARBUCK <SECAN>	11	6,235.0	1.911	Tonnes	70.2	Bushels
2023	BOISSEVAIN-MORTON	RED SPRING WHEAT	AAC TISDALE (PT250)	Below	Minimum	Tolerance	 	 	 
2023	BOISSEVAIN-MORTON	RED SPRING WHEAT	AAC WHEATLAND <SECAN>	26	14,031.0	1.912	Tonnes	70.3	Bushels
2023	BOISSEVAIN-MORTON	RED SPRING WHEAT	SY MANNESS	Below	Minimum	Tolerance	 	 	 
2023	BRENDA-WASKADA	RED SPRING WHEAT	AAC BRANDON (BW 932)	43	32,477.0	1.544	Tonnes	56.7	Bushels
2023	BRENDA-WASKADA	RED SPRING WHEAT	AAC ELIE(BW931)	13	5,053.0	1.212	Tonnes	44.5	Bushels
2023	BRENDA-WASKADA	RED SPRING WHEAT	AAC HOCKLEY |BW5044|	Below	Minimum	Tolerance	 	 	 
2023	BRENDA-WASKADA	RED SPRING WHEAT	AAC HODGE |BW1069|	4	1,376.0	1.350	Tonnes	49.6	Bushels
2023	BRENDA-WASKADA	RED SPRING WHEAT	AAC REDBERRY	4	1,875.0	1.324	Tonnes	48.7	Bushels
2023	BRENDA-WASKADA	RED SPRING WHEAT	AAC STARBUCK <SECAN>	4	2,643.0	1.659	Tonnes	61.0	Bushels
2023	BRENDA-WASKADA	RED SPRING WHEAT	AAC WHEATLAND <SECAN>	9	4,974.0	1.559	Tonnes	57.3	Bushels
2023	BRENDA-WASKADA	RED SPRING WHEAT	BOLLES <SEED DEPOT>	Below	Minimum	Tolerance	 	 	 
2023	BRENDA-WASKADA	RED SPRING WHEAT	CDC PLENTIFUL (PT580)	Below	Minimum	Tolerance	 	 	 
2023	BRENDA-WASKADA	RED SPRING WHEAT	SY TORACH <SYNGENTA>	Below	Minimum	Tolerance	 	 	 
2023	BROKENHEAD	RED SPRING WHEAT	AAC BRANDON (BW 932)	18	4,101.0	1.375	Tonnes	50.5	Bushels
2023	BROKENHEAD	RED SPRING WHEAT	AAC BROADACRES <PROVEN>	Below	Minimum	Tolerance	 	 	 
2023	BROKENHEAD	RED SPRING WHEAT	AAC ELIE(BW931)	Below	Minimum	Tolerance	 	 	 
2023	BROKENHEAD	RED SPRING WHEAT	AAC HOCKLEY |BW5044|	5	599.0	2.024	Tonnes	74.4	Bushels
2023	BROKENHEAD	RED SPRING WHEAT	AAC HODGE |BW1069|	Below	Minimum	Tolerance	 	 	 
2023	BROKENHEAD	RED SPRING WHEAT	AAC LEROY VB <ALLIANCE>	Below	Minimum	Tolerance	 	 	 
2023	BROKENHEAD	RED SPRING WHEAT	AAC STARBUCK <SECAN>	4	2,263.0	2.033	Tonnes	74.7	Bushels
2023	BROKENHEAD	RED SPRING WHEAT	AAC VIEWFIELD <FP GENETICS>|BW965| EXP	27	9,412.0	2.012	Tonnes	73.9	Bushels
2023	BROKENHEAD	RED SPRING WHEAT	BOLLES <SEED DEPOT>	4	597.0	1.592	Tonnes	58.5	Bushels
2023	BROKENHEAD	RED SPRING WHEAT	CARBERRY (BW874)	3	930.0	1.455	Tonnes	53.5	Bushels
2023	BROKENHEAD	RED SPRING WHEAT	CARDALE (BW429)	Below	Minimum	Tolerance	 	 	 
2023	BROKENHEAD	RED SPRING WHEAT	GLENN	Below	Minimum	Tolerance	 	 	 
2023	BROKENHEAD	RED SPRING WHEAT	SY CAST	8	844.0	1.096	Tonnes	40.3	Bushels
2023	CARTIER	RED SPRING WHEAT	AAC BRANDON (BW 932)	28	14,254.0	1.859	Tonnes	68.3	Bushels
2023	CARTIER	RED SPRING WHEAT	AAC BROADACRES <PROVEN>	Below	Minimum	Tolerance	 	 	 
2023	CARTIER	RED SPRING WHEAT	AAC HOCKLEY |BW5044|	5	1,285.0	1.930	Tonnes	70.9	Bushels
2023	CARTIER	RED SPRING WHEAT	AAC HODGE |BW1069|	Below	Minimum	Tolerance	 	 	 
2023	CARTIER	RED SPRING WHEAT	AAC STARBUCK <SECAN>	23	8,367.0	2.040	Tonnes	75.0	Bushels
2023	CARTIER	RED SPRING WHEAT	AAC VIEWFIELD <FP GENETICS>|BW965| EXP	Below	Minimum	Tolerance	 	 	 
2023	CARTIER	RED SPRING WHEAT	AC BARRIE (BW 661)	Below	Minimum	Tolerance	 	 	 
2023	CARTIER	RED SPRING WHEAT	SY GABBRO <SYNGENTA>	Below	Minimum	Tolerance	 	 	 
2023	CARTIER	RED SPRING WHEAT	SY MANNESS	Below	Minimum	Tolerance	 	 	 
2023	CARTWRIGHT-ROBLIN	RED SPRING WHEAT	AAC BRANDON (BW 932)	26	10,441.0	1.487	Tonnes	54.6	Bushels
2023	CARTWRIGHT-ROBLIN	RED SPRING WHEAT	AAC BROADACRES <PROVEN>	Below	Minimum	Tolerance	 	 	 
2023	CARTWRIGHT-ROBLIN	RED SPRING WHEAT	AAC CAMERON VB <CANTERRA>	Below	Minimum	Tolerance	 	 	 
2023	CARTWRIGHT-ROBLIN	RED SPRING WHEAT	AAC HOCKLEY |BW5044|	Below	Minimum	Tolerance	 	 	 
2023	CARTWRIGHT-ROBLIN	RED SPRING WHEAT	AAC HODGE |BW1069|	3	572.0	1.483	Tonnes	54.5	Bushels
2023	CARTWRIGHT-ROBLIN	RED SPRING WHEAT	AAC LEROY VB <ALLIANCE>	Below	Minimum	Tolerance	 	 	 
2023	CARTWRIGHT-ROBLIN	RED SPRING WHEAT	AAC REDBERRY	3	727.0	1.466	Tonnes	53.9	Bushels
2023	CARTWRIGHT-ROBLIN	RED SPRING WHEAT	AAC STARBUCK <SECAN>	19	5,995.0	1.620	Tonnes	59.5	Bushels
2023	CARTWRIGHT-ROBLIN	RED SPRING WHEAT	AAC WHEATLAND <SECAN>	17	4,859.0	1.430	Tonnes	52.5	Bushels
2023	CARTWRIGHT-ROBLIN	RED SPRING WHEAT	HARVEST (BW259)	Below	Minimum	Tolerance	 	 	 
2023	CLANWILLIAM-ERICKSON	RED SPRING WHEAT	AAC BRANDON (BW 932)	4	1,236.0	1.863	Tonnes	68.5	Bushels
2023	CLANWILLIAM-ERICKSON	RED SPRING WHEAT	AAC HOCKLEY |BW5044|	3	1,620.0	1.598	Tonnes	58.7	Bushels
2023	CLANWILLIAM-ERICKSON	RED SPRING WHEAT	AAC LEROY VB <ALLIANCE>	Below	Minimum	Tolerance	 	 	 
2023	CLANWILLIAM-ERICKSON	RED SPRING WHEAT	AAC REDBERRY	3	685.0	1.045	Tonnes	38.4	Bushels
2023	CLANWILLIAM-ERICKSON	RED SPRING WHEAT	AAC REDSTAR <SECAN> |PT488|	Below	Minimum	Tolerance	 	 	 
2023	CLANWILLIAM-ERICKSON	RED SPRING WHEAT	AAC STARBUCK <SECAN>	7	2,789.0	1.986	Tonnes	73.0	Bushels
2023	CLANWILLIAM-ERICKSON	RED SPRING WHEAT	AAC WHEATLAND <SECAN>	Below	Minimum	Tolerance	 	 	 
2023	CLANWILLIAM-ERICKSON	RED SPRING WHEAT	CDC LANDMARK	Below	Minimum	Tolerance	 	 	 
2023	CLANWILLIAM-ERICKSON	RED SPRING WHEAT	SY CAST	Below	Minimum	Tolerance	 	 	 
2023	COLDWELL	RED SPRING WHEAT	AAC BRANDON (BW 932)	Below	Minimum	Tolerance	 	 	 
2023	COLDWELL	RED SPRING WHEAT	AAC ELIE(BW931)	Below	Minimum	Tolerance	 	 	 
2023	COLDWELL	RED SPRING WHEAT	AAC HOCKLEY |BW5044|	Below	Minimum	Tolerance	 	 	 
2023	COLDWELL	RED SPRING WHEAT	AAC VIEWFIELD <FP GENETICS>|BW965| EXP	Below	Minimum	Tolerance	 	 	 
2023	CORNWALLIS	RED SPRING WHEAT	AAC BRANDON (BW 932)	27	7,387.0	1.565	Tonnes	57.5	Bushels
2023	CORNWALLIS	RED SPRING WHEAT	AAC ELIE(BW931)	Below	Minimum	Tolerance	 	 	 
2023	CORNWALLIS	RED SPRING WHEAT	AAC STARBUCK <SECAN>	5	1,173.0	1.325	Tonnes	48.7	Bushels
2023	CORNWALLIS	RED SPRING WHEAT	AAC VIEWFIELD <FP GENETICS>|BW965| EXP	Below	Minimum	Tolerance	 	 	 
2023	CORNWALLIS	RED SPRING WHEAT	AAC WHEATLAND <SECAN>	5	2,349.0	2.254	Tonnes	82.8	Bushels
2023	CORNWALLIS	RED SPRING WHEAT	BOLLES <SEED DEPOT>	Below	Minimum	Tolerance	 	 	 
2023	DAUPHIN	RED SPRING WHEAT	AAC BRANDON (BW 932)	42	19,270.0	1.486	Tonnes	54.6	Bushels
2023	DAUPHIN	RED SPRING WHEAT	AAC HOCKLEY |BW5044|	Below	Minimum	Tolerance	 	 	 
2023	DAUPHIN	RED SPRING WHEAT	AAC HODGE |BW1069|	Below	Minimum	Tolerance	 	 	 
2023	DAUPHIN	RED SPRING WHEAT	AAC REDBERRY	5	2,923.0	1.595	Tonnes	58.6	Bushels
2023	DAUPHIN	RED SPRING WHEAT	AAC STARBUCK <SECAN>	22	7,882.0	1.649	Tonnes	60.6	Bushels
2023	DAUPHIN	RED SPRING WHEAT	AAC TISDALE (PT250)	4	745.0	1.446	Tonnes	53.1	Bushels
2023	DAUPHIN	RED SPRING WHEAT	AAC VIEWFIELD <FP GENETICS>|BW965| EXP	11	5,115.0	1.655	Tonnes	60.8	Bushels
2023	DAUPHIN	RED SPRING WHEAT	AAC WHEATLAND <SECAN>	18	7,000.5	1.472	Tonnes	54.1	Bushels
2023	DAUPHIN	RED SPRING WHEAT	CARDALE (BW429)	3	2,312.0	1.798	Tonnes	66.1	Bushels
2023	DAUPHIN	RED SPRING WHEAT	CDC VR MORRIS (BW423)	Below	Minimum	Tolerance	 	 	 
2023	DAUPHIN	RED SPRING WHEAT	COLUMBUS	Below	Minimum	Tolerance	 	 	 
2023	DAUPHIN	RED SPRING WHEAT	GLENN	Below	Minimum	Tolerance	 	 	 
2023	DAUPHIN	RED SPRING WHEAT	SY MANNESS	Below	Minimum	Tolerance	 	 	 
2023	DAUPHIN	RED SPRING WHEAT	WASKADA (BW 357)	Below	Minimum	Tolerance	 	 	 
2023	DELORAINE-WINCHESTER	RED SPRING WHEAT	AAC BRANDON (BW 932)	32	15,475.0	1.681	Tonnes	61.8	Bushels
2023	DELORAINE-WINCHESTER	RED SPRING WHEAT	AAC ELIE(BW931)	4	5,994.0	2.236	Tonnes	82.2	Bushels
2023	DELORAINE-WINCHESTER	RED SPRING WHEAT	AAC HOCKLEY |BW5044|	4	1,318.0	1.684	Tonnes	61.9	Bushels
2023	DELORAINE-WINCHESTER	RED SPRING WHEAT	AAC HODGE |BW1069|	Below	Minimum	Tolerance	 	 	 
2023	DELORAINE-WINCHESTER	RED SPRING WHEAT	AAC LEROY VB <ALLIANCE>	Below	Minimum	Tolerance	 	 	 
2023	DELORAINE-WINCHESTER	RED SPRING WHEAT	AAC REDBERRY	Below	Minimum	Tolerance	 	 	 
2023	DELORAINE-WINCHESTER	RED SPRING WHEAT	AAC STARBUCK <SECAN>	5	2,053.0	1.969	Tonnes	72.3	Bushels
2023	DELORAINE-WINCHESTER	RED SPRING WHEAT	AAC WHEATLAND <SECAN>	5	949.0	2.001	Tonnes	73.5	Bushels
2023	DELORAINE-WINCHESTER	RED SPRING WHEAT	CARBERRY (BW874)	Below	Minimum	Tolerance	 	 	 
2023	DELORAINE-WINCHESTER	RED SPRING WHEAT	SY CAST	Below	Minimum	Tolerance	 	 	 
2023	DESALABERRY	RED SPRING WHEAT	AAC BRANDON (BW 932)	29	10,848.0	1.322	Tonnes	48.6	Bushels
2023	DESALABERRY	RED SPRING WHEAT	AAC HOCKLEY |BW5044|	Below	Minimum	Tolerance	 	 	 
2023	DESALABERRY	RED SPRING WHEAT	AAC HODGE |BW1069|	Below	Minimum	Tolerance	 	 	 
2023	DESALABERRY	RED SPRING WHEAT	AAC STARBUCK <SECAN>	20	9,153.0	1.431	Tonnes	52.6	Bushels
2023	DESALABERRY	RED SPRING WHEAT	AAC TISDALE (PT250)	Below	Minimum	Tolerance	 	 	 
2023	DESALABERRY	RED SPRING WHEAT	AAC VIEWFIELD <FP GENETICS>|BW965| EXP	Below	Minimum	Tolerance	 	 	 
2023	DESALABERRY	RED SPRING WHEAT	AC BARRIE (BW 661)	Below	Minimum	Tolerance	 	 	 
2023	DESALABERRY	RED SPRING WHEAT	CARDALE (BW429)	Below	Minimum	Tolerance	 	 	 
2023	DESALABERRY	RED SPRING WHEAT	CS DAYBREAK <CANTERRA>	Below	Minimum	Tolerance	 	 	 
2023	DESALABERRY	RED SPRING WHEAT	SY MANNESS	Below	Minimum	Tolerance	 	 	 
2023	DUFFERIN	RED SPRING WHEAT	AAC BRANDON (BW 932)	39	11,133.0	1.389	Tonnes	51.0	Bushels
2023	DUFFERIN	RED SPRING WHEAT	AAC HOCKLEY |BW5044|	18	4,886.0	1.476	Tonnes	54.2	Bushels
2023	DUFFERIN	RED SPRING WHEAT	AAC HODGE |BW1069|	Below	Minimum	Tolerance	 	 	 
2023	DUFFERIN	RED SPRING WHEAT	AAC LEROY VB <ALLIANCE>	8	1,830.0	1.230	Tonnes	45.2	Bushels
2023	DUFFERIN	RED SPRING WHEAT	AAC REDBERRY	Below	Minimum	Tolerance	 	 	 
2023	DUFFERIN	RED SPRING WHEAT	AAC STARBUCK <SECAN>	23	5,168.0	1.461	Tonnes	53.7	Bushels
2023	DUFFERIN	RED SPRING WHEAT	AAC WHEATLAND <SECAN>	Below	Minimum	Tolerance	 	 	 
2023	DUFFERIN	RED SPRING WHEAT	BOLLES <SEED DEPOT>	Below	Minimum	Tolerance	 	 	 
2023	DUFFERIN	RED SPRING WHEAT	SY GABBRO <SYNGENTA>	Below	Minimum	Tolerance	 	 	 
2023	DUFFERIN	RED SPRING WHEAT	SY MANNESS	Below	Minimum	Tolerance	 	 	 
2023	EAST ST PAUL	RED SPRING WHEAT	AAC STARBUCK <SECAN>	Below	Minimum	Tolerance	 	 	 
2023	ELLICE-ARCHIE	RED SPRING WHEAT	AAC BRANDON (BW 932)	7	3,726.0	1.463	Tonnes	53.8	Bushels
2023	ELLICE-ARCHIE	RED SPRING WHEAT	AAC ELIE(BW931)	Below	Minimum	Tolerance	 	 	 
2023	ELLICE-ARCHIE	RED SPRING WHEAT	AAC HOCKLEY |BW5044|	3	1,023.0	1.960	Tonnes	72.0	Bushels
2023	ELLICE-ARCHIE	RED SPRING WHEAT	AAC HODGE |BW1069|	Below	Minimum	Tolerance	 	 	 
2023	ELLICE-ARCHIE	RED SPRING WHEAT	AAC LEROY VB <ALLIANCE>	6	1,190.0	1.317	Tonnes	48.4	Bushels
2023	ELLICE-ARCHIE	RED SPRING WHEAT	AAC REDBERRY	Below	Minimum	Tolerance	 	 	 
2023	ELLICE-ARCHIE	RED SPRING WHEAT	AAC STARBUCK <SECAN>	15	8,047.0	1.467	Tonnes	53.9	Bushels
2023	ELLICE-ARCHIE	RED SPRING WHEAT	AAC WHEATLAND <SECAN>	12	8,328.0	1.550	Tonnes	57.0	Bushels
2023	ELLICE-ARCHIE	RED SPRING WHEAT	BOLLES <SEED DEPOT>	Below	Minimum	Tolerance	 	 	 
2023	ELLICE-ARCHIE	RED SPRING WHEAT	CDC PLENTIFUL (PT580)	Below	Minimum	Tolerance	 	 	 
2023	ELLICE-ARCHIE	RED SPRING WHEAT	COLUMBUS	Below	Minimum	Tolerance	 	 	 
2023	ELLICE-ARCHIE	RED SPRING WHEAT	SY MANNESS	Below	Minimum	Tolerance	 	 	 
2023	ELLICE-ARCHIE	RED SPRING WHEAT	SY TORACH <SYNGENTA>	Below	Minimum	Tolerance	 	 	 
2023	ELTON	RED SPRING WHEAT	AAC BRANDON (BW 932)	39	19,214.0	2.138	Tonnes	78.6	Bushels
2023	ELTON	RED SPRING WHEAT	AAC HOCKLEY |BW5044|	5	988.0	2.072	Tonnes	76.1	Bushels
2023	ELTON	RED SPRING WHEAT	AAC HODGE |BW1069|	3	773.0	2.111	Tonnes	77.6	Bushels
2023	ELTON	RED SPRING WHEAT	AAC STARBUCK <SECAN>	24	12,285.0	2.065	Tonnes	75.9	Bushels
2023	ELTON	RED SPRING WHEAT	AAC WHEATLAND <SECAN>	6	1,954.0	2.154	Tonnes	79.2	Bushels
2023	EMERSON-FRANKLIN	RED SPRING WHEAT	AAC BRANDON (BW 932)	34	15,284.0	1.912	Tonnes	70.2	Bushels
2023	EMERSON-FRANKLIN	RED SPRING WHEAT	AAC STARBUCK <SECAN>	15	5,021.0	1.881	Tonnes	69.1	Bushels
2023	EMERSON-FRANKLIN	RED SPRING WHEAT	AAC WHEATLAND <SECAN>	3	1,475.0	2.193	Tonnes	80.6	Bushels
2023	EMERSON-FRANKLIN	RED SPRING WHEAT	AC BARRIE (BW 661)	Below	Minimum	Tolerance	 	 	 
2023	EMERSON-FRANKLIN	RED SPRING WHEAT	SY MANNESS	Below	Minimum	Tolerance	 	 	 
2023	ETHELBERT	RED SPRING WHEAT	AAC BRANDON (BW 932)	10	4,111.0	1.438	Tonnes	52.8	Bushels
2023	ETHELBERT	RED SPRING WHEAT	AAC ELIE(BW931)	Below	Minimum	Tolerance	 	 	 
2023	ETHELBERT	RED SPRING WHEAT	AAC STARBUCK <SECAN>	6	2,466.0	1.235	Tonnes	45.4	Bushels
2023	ETHELBERT	RED SPRING WHEAT	AAC VIEWFIELD <FP GENETICS>|BW965| EXP	5	913.0	0.900	Tonnes	33.1	Bushels
2023	ETHELBERT	RED SPRING WHEAT	AAC WHEATLAND <SECAN>	Below	Minimum	Tolerance	 	 	 
2023	ETHELBERT	RED SPRING WHEAT	CARDALE (BW429)	Below	Minimum	Tolerance	 	 	 
2023	ETHELBERT	RED SPRING WHEAT	CDC ORTONA <PROVEN>	Below	Minimum	Tolerance	 	 	 
2023	ETHELBERT	RED SPRING WHEAT	CDC STANLEY (BW880)	Below	Minimum	Tolerance	 	 	 
2023	ETHELBERT	RED SPRING WHEAT	CDC VR MORRIS (BW423)	Below	Minimum	Tolerance	 	 	 
2023	ETHELBERT	RED SPRING WHEAT	SY MANNESS	Below	Minimum	Tolerance	 	 	 
2023	FISHER	RED SPRING WHEAT	AAC BRANDON (BW 932)	26	5,350.0	1.602	Tonnes	58.9	Bushels
2023	FISHER	RED SPRING WHEAT	AAC HOCKLEY |BW5044|	7	2,749.0	1.609	Tonnes	59.1	Bushels
2023	FISHER	RED SPRING WHEAT	AAC REDBERRY	Below	Minimum	Tolerance	 	 	 
2023	FISHER	RED SPRING WHEAT	AAC STARBUCK <SECAN>	8	2,460.0	2.070	Tonnes	76.1	Bushels
2023	FISHER	RED SPRING WHEAT	AAC VIEWFIELD <FP GENETICS>|BW965| EXP	3	1,482.0	2.109	Tonnes	77.5	Bushels
2023	FISHER	RED SPRING WHEAT	CDC HUGHES <CPSC> |PT588|	Below	Minimum	Tolerance	 	 	 
2023	FISHER	RED SPRING WHEAT	CDC ORTONA <PROVEN>	Below	Minimum	Tolerance	 	 	 
2023	FISHER	RED SPRING WHEAT	CDC STANLEY (BW880)	Below	Minimum	Tolerance	 	 	 
2023	FISHER	RED SPRING WHEAT	CDC TEAL (BW 616)	Below	Minimum	Tolerance	 	 	 
2023	FISHER	RED SPRING WHEAT	CS DAYBREAK <CANTERRA>	9	1,941.0	1.167	Tonnes	42.9	Bushels
2023	FISHER	RED SPRING WHEAT	SY TORACH <SYNGENTA>	3	815.0	1.063	Tonnes	39.1	Bushels
2023	FISHER	RED SPRING WHEAT	THATCHER	Below	Minimum	Tolerance	 	 	 
2023	GILBERT PLAINS	RED SPRING WHEAT	5604HR CL (BW 878)	Below	Minimum	Tolerance	 	 	 
2023	GILBERT PLAINS	RED SPRING WHEAT	AAC BRANDON (BW 932)	22	7,501.0	1.743	Tonnes	64.1	Bushels
2023	GILBERT PLAINS	RED SPRING WHEAT	AAC CAMERON VB <CANTERRA>	Below	Minimum	Tolerance	 	 	 
2023	GILBERT PLAINS	RED SPRING WHEAT	AAC ELIE(BW931)	Below	Minimum	Tolerance	 	 	 
2023	GILBERT PLAINS	RED SPRING WHEAT	AAC HOCKLEY |BW5044|	6	884.0	1.716	Tonnes	63.1	Bushels
2023	GILBERT PLAINS	RED SPRING WHEAT	AAC LEROY VB <ALLIANCE>	Below	Minimum	Tolerance	 	 	 
2023	GILBERT PLAINS	RED SPRING WHEAT	AAC REDBERRY	22	14,881.0	1.818	Tonnes	66.8	Bushels
2023	GILBERT PLAINS	RED SPRING WHEAT	AAC STARBUCK <SECAN>	13	5,009.0	1.666	Tonnes	61.2	Bushels
2023	GILBERT PLAINS	RED SPRING WHEAT	AAC TISDALE (PT250)	Below	Minimum	Tolerance	 	 	 
2023	GILBERT PLAINS	RED SPRING WHEAT	AAC VIEWFIELD <FP GENETICS>|BW965| EXP	15	7,231.0	1.680	Tonnes	61.7	Bushels
2023	GILBERT PLAINS	RED SPRING WHEAT	AAC WHEATLAND <SECAN>	13	4,236.0	1.396	Tonnes	51.3	Bushels
2023	GILBERT PLAINS	RED SPRING WHEAT	AC BARRIE (BW 661)	Below	Minimum	Tolerance	 	 	 
2023	GILBERT PLAINS	RED SPRING WHEAT	AC DOMAIN (BW 148)	Below	Minimum	Tolerance	 	 	 
2023	GILBERT PLAINS	RED SPRING WHEAT	BOLLES <SEED DEPOT>	4	1,080.0	1.940	Tonnes	71.3	Bushels
2023	GILBERT PLAINS	RED SPRING WHEAT	CARDALE (BW429)	Below	Minimum	Tolerance	 	 	 
2023	GILBERT PLAINS	RED SPRING WHEAT	CDC PLENTIFUL (PT580)	Below	Minimum	Tolerance	 	 	 
2023	GILBERT PLAINS	RED SPRING WHEAT	CDC STANLEY (BW880)	Below	Minimum	Tolerance	 	 	 
2023	GILBERT PLAINS	RED SPRING WHEAT	CDC VR MORRIS (BW423)	Below	Minimum	Tolerance	 	 	 
2023	GILBERT PLAINS	RED SPRING WHEAT	SY MANNESS	Below	Minimum	Tolerance	 	 	 
2023	GIMLI	RED SPRING WHEAT	AAC BRANDON (BW 932)	6	1,806.0	1.995	Tonnes	73.3	Bushels
2023	GIMLI	RED SPRING WHEAT	AAC LEROY VB <ALLIANCE>	Below	Minimum	Tolerance	 	 	 
2023	GIMLI	RED SPRING WHEAT	AAC STARBUCK <SECAN>	Below	Minimum	Tolerance	 	 	 
2023	GIMLI	RED SPRING WHEAT	AAC VIEWFIELD <FP GENETICS>|BW965| EXP	Below	Minimum	Tolerance	 	 	 
2023	GIMLI	RED SPRING WHEAT	BOLLES <SEED DEPOT>	Below	Minimum	Tolerance	 	 	 
2023	GIMLI	RED SPRING WHEAT	CARDALE (BW429)	Below	Minimum	Tolerance	 	 	 
2023	GIMLI	RED SPRING WHEAT	CDC HUGHES <CPSC> |PT588|	Below	Minimum	Tolerance	 	 	 
2023	GIMLI	RED SPRING WHEAT	CS DAYBREAK <CANTERRA>	Below	Minimum	Tolerance	 	 	 
2023	GIMLI	RED SPRING WHEAT	SY MANNESS	Below	Minimum	Tolerance	 	 	 
2023	GIMLI	RED SPRING WHEAT	SY TORACH <SYNGENTA>	Below	Minimum	Tolerance	 	 	 
2023	GLENBORO-SOUTH CYPRESS	RED SPRING WHEAT	5604HR CL (BW 878)	Below	Minimum	Tolerance	 	 	 
2023	GLENBORO-SOUTH CYPRESS	RED SPRING WHEAT	AAC BRANDON (BW 932)	26	9,115.0	1.535	Tonnes	56.4	Bushels
2023	GLENBORO-SOUTH CYPRESS	RED SPRING WHEAT	AAC HOCKLEY |BW5044|	Below	Minimum	Tolerance	 	 	 
2023	GLENBORO-SOUTH CYPRESS	RED SPRING WHEAT	AAC HODGE |BW1069|	Below	Minimum	Tolerance	 	 	 
2023	GLENBORO-SOUTH CYPRESS	RED SPRING WHEAT	AAC STARBUCK <SECAN>	11	2,245.0	1.673	Tonnes	61.5	Bushels
2023	GLENBORO-SOUTH CYPRESS	RED SPRING WHEAT	AAC WHEATLAND <SECAN>	Below	Minimum	Tolerance	 	 	 
2023	GLENBORO-SOUTH CYPRESS	RED SPRING WHEAT	SY MANNESS	Below	Minimum	Tolerance	 	 	 
2023	GLENELLA-LANSDOWNE	RED SPRING WHEAT	AAC BRANDON (BW 932)	37	19,770.0	1.607	Tonnes	59.0	Bushels
2023	GLENELLA-LANSDOWNE	RED SPRING WHEAT	AAC ELIE(BW931)	Below	Minimum	Tolerance	 	 	 
2023	GLENELLA-LANSDOWNE	RED SPRING WHEAT	AAC HOCKLEY |BW5044|	5	969.0	1.657	Tonnes	60.9	Bushels
2023	GLENELLA-LANSDOWNE	RED SPRING WHEAT	AAC HODGE |BW1069|	9	2,425.0	1.461	Tonnes	53.7	Bushels
2023	GLENELLA-LANSDOWNE	RED SPRING WHEAT	AAC LEROY VB <ALLIANCE>	Below	Minimum	Tolerance	 	 	 
2023	GLENELLA-LANSDOWNE	RED SPRING WHEAT	AAC REDBERRY	6	2,726.0	1.385	Tonnes	50.9	Bushels
2023	GLENELLA-LANSDOWNE	RED SPRING WHEAT	AAC STARBUCK <SECAN>	17	5,948.0	1.757	Tonnes	64.6	Bushels
2023	GLENELLA-LANSDOWNE	RED SPRING WHEAT	AAC TISDALE (PT250)	Below	Minimum	Tolerance	 	 	 
2023	GLENELLA-LANSDOWNE	RED SPRING WHEAT	AAC VIEWFIELD <FP GENETICS>|BW965| EXP	4	931.0	1.316	Tonnes	48.4	Bushels
2023	GLENELLA-LANSDOWNE	RED SPRING WHEAT	AAC WHEATLAND <SECAN>	Below	Minimum	Tolerance	 	 	 
2023	GLENELLA-LANSDOWNE	RED SPRING WHEAT	BOLLES <SEED DEPOT>	Below	Minimum	Tolerance	 	 	 
2023	GRAHAMDALE	RED SPRING WHEAT	AAC BRANDON (BW 932)	4	1,279.0	1.142	Tonnes	41.9	Bushels
2023	GRAHAMDALE	RED SPRING WHEAT	AAC HOCKLEY |BW5044|	Below	Minimum	Tolerance	 	 	 
2023	GRAHAMDALE	RED SPRING WHEAT	AAC LEROY VB <ALLIANCE>	Below	Minimum	Tolerance	 	 	 
2023	GRAHAMDALE	RED SPRING WHEAT	AAC STARBUCK <SECAN>	4	2,130.0	1.374	Tonnes	50.5	Bushels
2023	GRAHAMDALE	RED SPRING WHEAT	AAC VIEWFIELD <FP GENETICS>|BW965| EXP	Below	Minimum	Tolerance	 	 	 
2023	GRAHAMDALE	RED SPRING WHEAT	CS DAYBREAK <CANTERRA>	Below	Minimum	Tolerance	 	 	 
2023	GRANDVIEW	RED SPRING WHEAT	5604HR CL (BW 878)	Below	Minimum	Tolerance	 	 	 
2023	GRANDVIEW	RED SPRING WHEAT	AAC BRANDON (BW 932)	27	12,815.0	1.874	Tonnes	68.9	Bushels
2023	GRANDVIEW	RED SPRING WHEAT	AAC HOCKLEY |BW5044|	12	2,189.0	1.826	Tonnes	67.1	Bushels
2023	GRANDVIEW	RED SPRING WHEAT	AAC HODGE |BW1069|	5	892.0	1.678	Tonnes	61.7	Bushels
2023	GRANDVIEW	RED SPRING WHEAT	AAC LEROY VB <ALLIANCE>	Below	Minimum	Tolerance	 	 	 
2023	GRANDVIEW	RED SPRING WHEAT	AAC REDBERRY	13	5,540.0	1.684	Tonnes	61.9	Bushels
2023	GRANDVIEW	RED SPRING WHEAT	AAC REDWATER (PT457)	Below	Minimum	Tolerance	 	 	 
2023	GRANDVIEW	RED SPRING WHEAT	AAC STARBUCK <SECAN>	14	4,347.0	1.747	Tonnes	64.2	Bushels
2023	GRANDVIEW	RED SPRING WHEAT	AAC TISDALE (PT250)	Below	Minimum	Tolerance	 	 	 
2023	GRANDVIEW	RED SPRING WHEAT	AAC VIEWFIELD <FP GENETICS>|BW965| EXP	17	8,815.0	1.652	Tonnes	60.7	Bushels
2023	GRANDVIEW	RED SPRING WHEAT	AAC WHEATLAND <SECAN>	24	8,153.0	1.669	Tonnes	61.3	Bushels
2023	GRANDVIEW	RED SPRING WHEAT	BOLLES <SEED DEPOT>	11	4,288.0	1.589	Tonnes	58.4	Bushels
2023	GRANDVIEW	RED SPRING WHEAT	CARDALE (BW429)	Below	Minimum	Tolerance	 	 	 
2023	GRANDVIEW	RED SPRING WHEAT	CDC LANDMARK	Below	Minimum	Tolerance	 	 	 
2023	GRANDVIEW	RED SPRING WHEAT	CDC PLENTIFUL (PT580)	Below	Minimum	Tolerance	 	 	 
2023	GRANDVIEW	RED SPRING WHEAT	SY MANNESS	Below	Minimum	Tolerance	 	 	 
2023	GRASSLAND	RED SPRING WHEAT	5605HR CL (BW918)	Below	Minimum	Tolerance	 	 	 
2023	GRASSLAND	RED SPRING WHEAT	AAC BRANDON (BW 932)	50	28,360.0	1.683	Tonnes	61.8	Bushels
2023	GRASSLAND	RED SPRING WHEAT	AAC BROADACRES <PROVEN>	Below	Minimum	Tolerance	 	 	 
2023	GRASSLAND	RED SPRING WHEAT	AAC ELIE(BW931)	Below	Minimum	Tolerance	 	 	 
2023	GRASSLAND	RED SPRING WHEAT	AAC HOCKLEY |BW5044|	10	2,831.0	1.531	Tonnes	56.3	Bushels
2023	GRASSLAND	RED SPRING WHEAT	AAC HODGE |BW1069|	5	2,600.0	1.732	Tonnes	63.6	Bushels
2023	GRASSLAND	RED SPRING WHEAT	AAC LEROY VB <ALLIANCE>	6	2,281.0	1.622	Tonnes	59.6	Bushels
2023	GRASSLAND	RED SPRING WHEAT	AAC PREVAIL <ALLIANCE> |BW462|	Below	Minimum	Tolerance	 	 	 
2023	GRASSLAND	RED SPRING WHEAT	AAC REDBERRY	Below	Minimum	Tolerance	 	 	 
2023	GRASSLAND	RED SPRING WHEAT	AAC STARBUCK <SECAN>	7	4,504.0	1.771	Tonnes	65.1	Bushels
2023	GRASSLAND	RED SPRING WHEAT	AAC TISDALE (PT250)	Below	Minimum	Tolerance	 	 	 
2023	GRASSLAND	RED SPRING WHEAT	AAC WHEATLAND <SECAN>	24	10,663.0	1.748	Tonnes	64.2	Bushels
2023	GREY	RED SPRING WHEAT	AAC BRANDON (BW 932)	36	15,549.0	1.549	Tonnes	56.9	Bushels
2023	GREY	RED SPRING WHEAT	AAC HOCKLEY |BW5044|	21	4,256.0	1.489	Tonnes	54.7	Bushels
2023	GREY	RED SPRING WHEAT	AAC HODGE |BW1069|	3	840.0	1.656	Tonnes	60.8	Bushels
2023	GREY	RED SPRING WHEAT	AAC LEROY VB <ALLIANCE>	Below	Minimum	Tolerance	 	 	 
2023	GREY	RED SPRING WHEAT	AAC STARBUCK <SECAN>	31	10,074.0	1.606	Tonnes	59.0	Bushels
2023	GREY	RED SPRING WHEAT	AAC VIEWFIELD <FP GENETICS>|BW965| EXP	Below	Minimum	Tolerance	 	 	 
2023	GREY	RED SPRING WHEAT	AAC WHEATLAND <SECAN>	5	1,761.0	1.499	Tonnes	55.1	Bushels
2023	GREY	RED SPRING WHEAT	AC BARRIE (BW 661)	Below	Minimum	Tolerance	 	 	 
2023	GREY	RED SPRING WHEAT	BOLLES <SEED DEPOT>	3	534.0	1.511	Tonnes	55.5	Bushels
2023	GREY	RED SPRING WHEAT	CARDALE (BW429)	Below	Minimum	Tolerance	 	 	 
2023	GREY	RED SPRING WHEAT	SY GABBRO <SYNGENTA>	4	612.0	1.666	Tonnes	61.2	Bushels
2023	GREY	RED SPRING WHEAT	SY MANNESS	5	673.0	1.492	Tonnes	54.8	Bushels
2023	HAMIOTA	RED SPRING WHEAT	AAC BRANDON (BW 932)	10	2,317.0	1.800	Tonnes	66.1	Bushels
2023	HAMIOTA	RED SPRING WHEAT	AAC BROADACRES <PROVEN>	Below	Minimum	Tolerance	 	 	 
2023	HAMIOTA	RED SPRING WHEAT	AAC HOCKLEY |BW5044|	18	5,788.5	2.070	Tonnes	76.1	Bushels
2023	HAMIOTA	RED SPRING WHEAT	AAC HODGE |BW1069|	10	2,209.0	1.835	Tonnes	67.4	Bushels
2023	HAMIOTA	RED SPRING WHEAT	AAC LEROY VB <ALLIANCE>	Below	Minimum	Tolerance	 	 	 
2023	HAMIOTA	RED SPRING WHEAT	AAC REDBERRY	5	1,562.0	1.996	Tonnes	73.3	Bushels
2023	HAMIOTA	RED SPRING WHEAT	AAC STARBUCK <SECAN>	25	9,063.0	2.117	Tonnes	77.8	Bushels
2023	HAMIOTA	RED SPRING WHEAT	AAC WHEATLAND <SECAN>	25	8,983.0	2.103	Tonnes	77.3	Bushels
2023	HAMIOTA	RED SPRING WHEAT	BOLLES <SEED DEPOT>	Below	Minimum	Tolerance	 	 	 
2023	HAMIOTA	RED SPRING WHEAT	CDC LANDMARK	Below	Minimum	Tolerance	 	 	 
2023	HAMIOTA	RED SPRING WHEAT	SY MANNESS	Below	Minimum	Tolerance	 	 	 
2023	HANOVER	RED SPRING WHEAT	AAC BRANDON (BW 932)	28	8,319.0	1.768	Tonnes	65.0	Bushels
2023	HANOVER	RED SPRING WHEAT	AAC HOCKLEY |BW5044|	3	572.0	2.133	Tonnes	78.4	Bushels
2023	HANOVER	RED SPRING WHEAT	AAC STARBUCK <SECAN>	4	788.0	1.980	Tonnes	72.7	Bushels
2023	HANOVER	RED SPRING WHEAT	CARDALE (BW429)	Below	Minimum	Tolerance	 	 	 
2023	HARRISON PARK	RED SPRING WHEAT	5604HR CL (BW 878)	Below	Minimum	Tolerance	 	 	 
2023	HARRISON PARK	RED SPRING WHEAT	AAC BRANDON (BW 932)	11	3,744.0	1.736	Tonnes	63.8	Bushels
2023	HARRISON PARK	RED SPRING WHEAT	AAC CAMERON VB <CANTERRA>	Below	Minimum	Tolerance	 	 	 
2023	HARRISON PARK	RED SPRING WHEAT	AAC HOCKLEY |BW5044|	8	3,175.0	2.080	Tonnes	76.4	Bushels
2023	HARRISON PARK	RED SPRING WHEAT	AAC HODGE |BW1069|	Below	Minimum	Tolerance	 	 	 
2023	HARRISON PARK	RED SPRING WHEAT	AAC LEROY VB <ALLIANCE>	3	1,306.0	1.546	Tonnes	56.8	Bushels
2023	HARRISON PARK	RED SPRING WHEAT	AAC MAGNET |BW 1045, BJ14*A01135|	Below	Minimum	Tolerance	 	 	 
2023	HARRISON PARK	RED SPRING WHEAT	AAC REDBERRY	24	6,910.0	1.453	Tonnes	53.4	Bushels
2023	HARRISON PARK	RED SPRING WHEAT	AAC STARBUCK <SECAN>	22	8,577.0	1.989	Tonnes	73.1	Bushels
2023	HARRISON PARK	RED SPRING WHEAT	AAC VIEWFIELD <FP GENETICS>|BW965| EXP	Below	Minimum	Tolerance	 	 	 
2023	HARRISON PARK	RED SPRING WHEAT	AAC WHEATLAND <SECAN>	8	3,339.0	1.961	Tonnes	72.0	Bushels
2023	HARRISON PARK	RED SPRING WHEAT	AC BARRIE (BW 661)	Below	Minimum	Tolerance	 	 	 
2023	HARRISON PARK	RED SPRING WHEAT	AC SPLENDOR (BW 191)	Below	Minimum	Tolerance	 	 	 
2023	HARRISON PARK	RED SPRING WHEAT	BOLLES <SEED DEPOT>	3	606.0	1.417	Tonnes	52.1	Bushels
2023	HARRISON PARK	RED SPRING WHEAT	SY TORACH <SYNGENTA>	Below	Minimum	Tolerance	 	 	 
2023	HEADINGLEY	RED SPRING WHEAT	AAC BRANDON (BW 932)	4	1,129.0	1.780	Tonnes	65.4	Bushels
2023	HEADINGLEY	RED SPRING WHEAT	AAC HOCKLEY |BW5044|	Below	Minimum	Tolerance	 	 	 
2023	HEADINGLEY	RED SPRING WHEAT	AAC STARBUCK <SECAN>	5	1,451.0	1.931	Tonnes	71.0	Bushels
2023	HEADINGLEY	RED SPRING WHEAT	AAC VIEWFIELD <FP GENETICS>|BW965| EXP	Below	Minimum	Tolerance	 	 	 
2023	HILLSBURG-ROBLIN-SHELL RIVER	RED SPRING WHEAT	AAC BRANDON (BW 932)	15	10,211.0	1.787	Tonnes	65.7	Bushels
2023	HILLSBURG-ROBLIN-SHELL RIVER	RED SPRING WHEAT	AAC BROADACRES <PROVEN>	Below	Minimum	Tolerance	 	 	 
2023	HILLSBURG-ROBLIN-SHELL RIVER	RED SPRING WHEAT	AAC HOCKLEY |BW5044|	17	4,346.0	1.843	Tonnes	67.7	Bushels
2023	HILLSBURG-ROBLIN-SHELL RIVER	RED SPRING WHEAT	AAC HODGE |BW1069|	7	1,561.0	1.805	Tonnes	66.3	Bushels
2023	HILLSBURG-ROBLIN-SHELL RIVER	RED SPRING WHEAT	AAC STARBUCK <SECAN>	Below	Minimum	Tolerance	 	 	 
2023	HILLSBURG-ROBLIN-SHELL RIVER	RED SPRING WHEAT	AAC VIEWFIELD <FP GENETICS>|BW965| EXP	14	5,165.0	1.713	Tonnes	62.9	Bushels
2023	HILLSBURG-ROBLIN-SHELL RIVER	RED SPRING WHEAT	AAC WHEATLAND <SECAN>	37	14,927.0	1.772	Tonnes	65.1	Bushels
2023	HILLSBURG-ROBLIN-SHELL RIVER	RED SPRING WHEAT	BOLLES <SEED DEPOT>	Below	Minimum	Tolerance	 	 	 
2023	HILLSBURG-ROBLIN-SHELL RIVER	RED SPRING WHEAT	GLENN	Below	Minimum	Tolerance	 	 	 
2023	HILLSBURG-ROBLIN-SHELL RIVER	RED SPRING WHEAT	SY MANNESS	Below	Minimum	Tolerance	 	 	 
2023	KELSEY	RED SPRING WHEAT	AAC HOCKLEY |BW5044|	Below	Minimum	Tolerance	 	 	 
2023	KELSEY	RED SPRING WHEAT	AAC REDBERRY	6	2,130.0	0.697	Tonnes	25.6	Bushels
2023	KELSEY	RED SPRING WHEAT	AAC REDSTAR <SECAN> |PT488|	Below	Minimum	Tolerance	 	 	 
2023	KELSEY	RED SPRING WHEAT	AAC VIEWFIELD <FP GENETICS>|BW965| EXP	Below	Minimum	Tolerance	 	 	 
2023	KELSEY	RED SPRING WHEAT	CDC LANDMARK	3	2,474.0	1.527	Tonnes	56.1	Bushels
2023	KELSEY	RED SPRING WHEAT	CDC TEAL (BW 616)	Below	Minimum	Tolerance	 	 	 
2023	KELSEY	RED SPRING WHEAT	SY CAST	Below	Minimum	Tolerance	 	 	 
2023	KELSEY	RED SPRING WHEAT	SY GABBRO <SYNGENTA>	Below	Minimum	Tolerance	 	 	 
2023	KELSEY	RED SPRING WHEAT	SY MANNESS	Below	Minimum	Tolerance	 	 	 
2023	KILLARNEY-TURTLE MTN	RED SPRING WHEAT	AAC BRANDON (BW 932)	29	15,839.2	1.773	Tonnes	65.2	Bushels
2023	KILLARNEY-TURTLE MTN	RED SPRING WHEAT	AAC HOCKLEY |BW5044|	5	2,105.0	1.578	Tonnes	58.0	Bushels
2023	KILLARNEY-TURTLE MTN	RED SPRING WHEAT	AAC HODGE |BW1069|	4	954.0	1.738	Tonnes	63.9	Bushels
2023	KILLARNEY-TURTLE MTN	RED SPRING WHEAT	AAC LEROY VB <ALLIANCE>	4	1,023.0	1.994	Tonnes	73.3	Bushels
2023	KILLARNEY-TURTLE MTN	RED SPRING WHEAT	AAC REDBERRY	4	2,025.0	1.277	Tonnes	46.9	Bushels
2023	KILLARNEY-TURTLE MTN	RED SPRING WHEAT	AAC STARBUCK <SECAN>	22	12,641.0	1.857	Tonnes	68.2	Bushels
2023	KILLARNEY-TURTLE MTN	RED SPRING WHEAT	AAC WHEATLAND <SECAN>	19	11,645.0	1.856	Tonnes	68.2	Bushels
2023	KILLARNEY-TURTLE MTN	RED SPRING WHEAT	CDC PLENTIFUL (PT580)	Below	Minimum	Tolerance	 	 	 
2023	KILLARNEY-TURTLE MTN	RED SPRING WHEAT	HARVEST (BW259)	Below	Minimum	Tolerance	 	 	 
2023	KILLARNEY-TURTLE MTN	RED SPRING WHEAT	SY CAST	Below	Minimum	Tolerance	 	 	 
2023	LA BROQUERIE	RED SPRING WHEAT	AAC BRANDON (BW 932)	Below	Minimum	Tolerance	 	 	 
2023	LA BROQUERIE	RED SPRING WHEAT	AAC STARBUCK <SECAN>	Below	Minimum	Tolerance	 	 	 
2023	LAC DU BONNET	RED SPRING WHEAT	AAC BRANDON (BW 932)	8	2,632.0	1.742	Tonnes	64.0	Bushels
2023	LAC DU BONNET	RED SPRING WHEAT	AAC ELIE(BW931)	Below	Minimum	Tolerance	 	 	 
2023	LAC DU BONNET	RED SPRING WHEAT	AAC HOCKLEY |BW5044|	Below	Minimum	Tolerance	 	 	 
2023	LAC DU BONNET	RED SPRING WHEAT	AAC STARBUCK <SECAN>	5	1,516.0	1.799	Tonnes	66.1	Bushels
2023	LAC DU BONNET	RED SPRING WHEAT	AAC TISDALE (PT250)	Below	Minimum	Tolerance	 	 	 
2023	LAC DU BONNET	RED SPRING WHEAT	AAC VIEWFIELD <FP GENETICS>|BW965| EXP	10	3,137.0	2.068	Tonnes	76.0	Bushels
2023	LAC DU BONNET	RED SPRING WHEAT	CARBERRY (BW874)	Below	Minimum	Tolerance	 	 	 
2023	LAC DU BONNET	RED SPRING WHEAT	GLENN	Below	Minimum	Tolerance	 	 	 
2023	LAKESHORE	RED SPRING WHEAT	AAC BRANDON (BW 932)	26	6,609.0	1.589	Tonnes	58.4	Bushels
2023	LAKESHORE	RED SPRING WHEAT	AAC CAMERON VB <CANTERRA>	Below	Minimum	Tolerance	 	 	 
2023	LAKESHORE	RED SPRING WHEAT	AAC HOCKLEY |BW5044|	Below	Minimum	Tolerance	 	 	 
2023	LAKESHORE	RED SPRING WHEAT	AAC HODGE |BW1069|	Below	Minimum	Tolerance	 	 	 
2023	LAKESHORE	RED SPRING WHEAT	AAC REDBERRY	Below	Minimum	Tolerance	 	 	 
2023	LAKESHORE	RED SPRING WHEAT	AAC STARBUCK <SECAN>	5	2,802.0	1.283	Tonnes	47.1	Bushels
2023	LAKESHORE	RED SPRING WHEAT	AAC TISDALE (PT250)	3	748.0	1.141	Tonnes	41.9	Bushels
2023	LAKESHORE	RED SPRING WHEAT	AAC VIEWFIELD <FP GENETICS>|BW965| EXP	8	4,358.0	1.328	Tonnes	48.8	Bushels
2023	LAKESHORE	RED SPRING WHEAT	BOLLES <SEED DEPOT>	Below	Minimum	Tolerance	 	 	 
2023	LAKESHORE	RED SPRING WHEAT	CARBERRY (BW874)	Below	Minimum	Tolerance	 	 	 
2023	LAKESHORE	RED SPRING WHEAT	CARDALE (BW429)	Below	Minimum	Tolerance	 	 	 
2023	LAKESHORE	RED SPRING WHEAT	GLENN	Below	Minimum	Tolerance	 	 	 
2023	LORNE	RED SPRING WHEAT	AAC BRANDON (BW 932)	87	27,865.0	1.759	Tonnes	64.6	Bushels
2023	LORNE	RED SPRING WHEAT	AAC HOCKLEY |BW5044|	4	836.0	1.848	Tonnes	67.9	Bushels
2023	LORNE	RED SPRING WHEAT	AAC HODGE |BW1069|	5	527.0	1.632	Tonnes	60.0	Bushels
2023	LORNE	RED SPRING WHEAT	AAC LEROY VB <ALLIANCE>	5	1,393.0	1.192	Tonnes	43.8	Bushels
2023	LORNE	RED SPRING WHEAT	AAC STARBUCK <SECAN>	46	15,201.0	1.703	Tonnes	62.6	Bushels
2023	LORNE	RED SPRING WHEAT	AAC WHEATLAND <SECAN>	Below	Minimum	Tolerance	 	 	 
2023	LORNE	RED SPRING WHEAT	AC BARRIE (BW 661)	Below	Minimum	Tolerance	 	 	 
2023	LORNE	RED SPRING WHEAT	CARDALE (BW429)	Below	Minimum	Tolerance	 	 	 
2023	LORNE	RED SPRING WHEAT	CDC VR MORRIS (BW423)	Below	Minimum	Tolerance	 	 	 
2023	LORNE	RED SPRING WHEAT	SY CAST	Below	Minimum	Tolerance	 	 	 
2023	LORNE	RED SPRING WHEAT	SY MANNESS	Below	Minimum	Tolerance	 	 	 
2023	LOUISE	RED SPRING WHEAT	AAC BRANDON (BW 932)	65	27,045.0	1.910	Tonnes	70.2	Bushels
2023	LOUISE	RED SPRING WHEAT	AAC BROADACRES <PROVEN>	Below	Minimum	Tolerance	 	 	 
2023	LOUISE	RED SPRING WHEAT	AAC HOCKLEY |BW5044|	Below	Minimum	Tolerance	 	 	 
2023	LOUISE	RED SPRING WHEAT	AAC HODGE |BW1069|	Below	Minimum	Tolerance	 	 	 
2023	LOUISE	RED SPRING WHEAT	AAC LEROY VB <ALLIANCE>	Below	Minimum	Tolerance	 	 	 
2023	LOUISE	RED SPRING WHEAT	AAC STARBUCK <SECAN>	48	20,993.5	1.855	Tonnes	68.2	Bushels
2023	LOUISE	RED SPRING WHEAT	AAC WHEATLAND <SECAN>	12	4,541.0	1.422	Tonnes	52.2	Bushels
2023	LOUISE	RED SPRING WHEAT	CDC HUGHES <CPSC> |PT588|	Below	Minimum	Tolerance	 	 	 
2023	LOUISE	RED SPRING WHEAT	FIELDSTAR VB	Below	Minimum	Tolerance	 	 	 
2023	LOUISE	RED SPRING WHEAT	SY CAST	Below	Minimum	Tolerance	 	 	 
2023	LOUISE	RED SPRING WHEAT	SY MANNESS	4	790.0	1.881	Tonnes	69.1	Bushels
2023	MACDONALD	RED SPRING WHEAT	AAC BRANDON (BW 932)	77	32,257.0	1.420	Tonnes	52.2	Bushels
2023	MACDONALD	RED SPRING WHEAT	AAC HOCKLEY |BW5044|	25	7,343.0	1.434	Tonnes	52.7	Bushels
2023	MACDONALD	RED SPRING WHEAT	AAC HODGE |BW1069|	11	3,235.0	1.401	Tonnes	51.5	Bushels
2023	MACDONALD	RED SPRING WHEAT	AAC LEROY VB <ALLIANCE>	Below	Minimum	Tolerance	 	 	 
2023	MACDONALD	RED SPRING WHEAT	AAC STARBUCK <SECAN>	47	20,535.0	1.564	Tonnes	57.5	Bushels
2023	MACDONALD	RED SPRING WHEAT	AAC TISDALE (PT250)	Below	Minimum	Tolerance	 	 	 
2023	MACDONALD	RED SPRING WHEAT	AAC VIEWFIELD <FP GENETICS>|BW965| EXP	9	2,977.0	1.360	Tonnes	50.0	Bushels
2023	MACDONALD	RED SPRING WHEAT	AAC WHEATLAND <SECAN>	Below	Minimum	Tolerance	 	 	 
2023	MACDONALD	RED SPRING WHEAT	GLENN	Below	Minimum	Tolerance	 	 	 
2023	MACDONALD	RED SPRING WHEAT	SY GABBRO <SYNGENTA>	Below	Minimum	Tolerance	 	 	 
2023	MACDONALD	RED SPRING WHEAT	SY MANNESS	5	1,160.0	1.081	Tonnes	39.7	Bushels
2023	MACDONALD	RED SPRING WHEAT	SY TORACH <SYNGENTA>	Below	Minimum	Tolerance	 	 	 
2023	MCCREARY	RED SPRING WHEAT	AAC BRANDON (BW 932)	22	8,938.0	1.503	Tonnes	55.2	Bushels
2023	MCCREARY	RED SPRING WHEAT	AAC HODGE |BW1069|	Below	Minimum	Tolerance	 	 	 
2023	MCCREARY	RED SPRING WHEAT	AAC STARBUCK <SECAN>	5	843.0	1.856	Tonnes	68.2	Bushels
2023	MCCREARY	RED SPRING WHEAT	AAC TISDALE (PT250)	Below	Minimum	Tolerance	 	 	 
2023	MCCREARY	RED SPRING WHEAT	CDC PLENTIFUL (PT580)	Below	Minimum	Tolerance	 	 	 
2023	MCCREARY	RED SPRING WHEAT	GLENN	Below	Minimum	Tolerance	 	 	 
2023	MCCREARY	RED SPRING WHEAT	SY GABBRO <SYNGENTA>	Below	Minimum	Tolerance	 	 	 
2023	MINITONAS-BOWSMAN	RED SPRING WHEAT	AAC BRANDON (BW 932)	4	4,648.0	1.798	Tonnes	66.1	Bushels
2023	MINITONAS-BOWSMAN	RED SPRING WHEAT	AAC BROADACRES <PROVEN>	Below	Minimum	Tolerance	 	 	 
2023	MINITONAS-BOWSMAN	RED SPRING WHEAT	AAC HOCKLEY |BW5044|	16	2,821.0	1.858	Tonnes	68.3	Bushels
2023	MINITONAS-BOWSMAN	RED SPRING WHEAT	AAC REDBERRY	Below	Minimum	Tolerance	 	 	 
2023	MINITONAS-BOWSMAN	RED SPRING WHEAT	AAC VIEWFIELD <FP GENETICS>|BW965| EXP	76	41,856.0	1.748	Tonnes	64.2	Bushels
2023	MINITONAS-BOWSMAN	RED SPRING WHEAT	AAC WHEATLAND <SECAN>	8	1,973.0	1.715	Tonnes	63.0	Bushels
2023	MINITONAS-BOWSMAN	RED SPRING WHEAT	CARDALE (BW429)	4	1,527.0	1.709	Tonnes	62.8	Bushels
2023	MINITONAS-BOWSMAN	RED SPRING WHEAT	CDC LANDMARK	Below	Minimum	Tolerance	 	 	 
2023	MINTO-ODANAH	RED SPRING WHEAT	AAC BRANDON (BW 932)	29	9,665.0	1.975	Tonnes	72.6	Bushels
2023	MINTO-ODANAH	RED SPRING WHEAT	AAC HOCKLEY |BW5044|	3	830.0	2.178	Tonnes	80.0	Bushels
2023	MINTO-ODANAH	RED SPRING WHEAT	AAC HODGE |BW1069|	Below	Minimum	Tolerance	 	 	 
2023	MINTO-ODANAH	RED SPRING WHEAT	AAC LEROY VB <ALLIANCE>	Below	Minimum	Tolerance	 	 	 
2023	MINTO-ODANAH	RED SPRING WHEAT	AAC REDSTAR <SECAN> |PT488|	Below	Minimum	Tolerance	 	 	 
2023	MINTO-ODANAH	RED SPRING WHEAT	AAC STARBUCK <SECAN>	27	12,422.0	2.112	Tonnes	77.6	Bushels
2023	MINTO-ODANAH	RED SPRING WHEAT	AAC VIEWFIELD <FP GENETICS>|BW965| EXP	Below	Minimum	Tolerance	 	 	 
2023	MINTO-ODANAH	RED SPRING WHEAT	AAC WHEATLAND <SECAN>	10	4,284.0	2.256	Tonnes	82.9	Bushels
2023	MINTO-ODANAH	RED SPRING WHEAT	BOLLES <SEED DEPOT>	8	3,083.0	1.869	Tonnes	68.7	Bushels
2023	MINTO-ODANAH	RED SPRING WHEAT	SY MANNESS	Below	Minimum	Tolerance	 	 	 
2023	MONTCALM	RED SPRING WHEAT	AAC BRANDON (BW 932)	32	10,388.0	1.676	Tonnes	61.6	Bushels
2023	MONTCALM	RED SPRING WHEAT	AAC STARBUCK <SECAN>	15	4,112.0	1.652	Tonnes	60.7	Bushels
2023	MONTCALM	RED SPRING WHEAT	AAC VIEWFIELD <FP GENETICS>|BW965| EXP	Below	Minimum	Tolerance	 	 	 
2023	MONTCALM	RED SPRING WHEAT	SHELLY	4	720.0	1.125	Tonnes	41.3	Bushels
2023	MONTCALM	RED SPRING WHEAT	SY MANNESS	Below	Minimum	Tolerance	 	 	 
2023	MORRIS	RED SPRING WHEAT	AAC BRANDON (BW 932)	67	25,265.0	1.125	Tonnes	41.3	Bushels
2023	MORRIS	RED SPRING WHEAT	AAC ELIE(BW931)	Below	Minimum	Tolerance	 	 	 
2023	MORRIS	RED SPRING WHEAT	AAC HOCKLEY |BW5044|	8	2,444.0	1.117	Tonnes	41.0	Bushels
2023	MORRIS	RED SPRING WHEAT	AAC HODGE |BW1069|	Below	Minimum	Tolerance	 	 	 
2023	MORRIS	RED SPRING WHEAT	AAC STARBUCK <SECAN>	29	10,355.0	1.175	Tonnes	43.2	Bushels
2023	MORRIS	RED SPRING WHEAT	AAC TISDALE (PT250)	Below	Minimum	Tolerance	 	 	 
2023	MORRIS	RED SPRING WHEAT	AAC VIEWFIELD <FP GENETICS>|BW965| EXP	16	4,322.0	1.132	Tonnes	41.6	Bushels
2023	MORRIS	RED SPRING WHEAT	AAC WHEATLAND <SECAN>	Below	Minimum	Tolerance	 	 	 
2023	MORRIS	RED SPRING WHEAT	AC BARRIE (BW 661)	Below	Minimum	Tolerance	 	 	 
2023	MORRIS	RED SPRING WHEAT	CARDALE (BW429)	5	930.0	1.173	Tonnes	43.1	Bushels
2023	MORRIS	RED SPRING WHEAT	CS DAYBREAK <CANTERRA>	5	1,315.0	0.800	Tonnes	29.4	Bushels
2023	MORRIS	RED SPRING WHEAT	SHELLY	Below	Minimum	Tolerance	 	 	 
2023	MORRIS	RED SPRING WHEAT	SY GABBRO <SYNGENTA>	4	1,149.0	0.886	Tonnes	32.6	Bushels
2023	MORRIS	RED SPRING WHEAT	SY MANNESS	16	3,935.0	1.005	Tonnes	36.9	Bushels
2023	MOSSEY RIVER	RED SPRING WHEAT	AAC BRANDON (BW 932)	8	1,712.0	0.510	Tonnes	18.7	Bushels
2023	MOSSEY RIVER	RED SPRING WHEAT	AAC LEROY VB <ALLIANCE>	Below	Minimum	Tolerance	 	 	 
2023	MOSSEY RIVER	RED SPRING WHEAT	AAC REDBERRY	Below	Minimum	Tolerance	 	 	 
2023	MOSSEY RIVER	RED SPRING WHEAT	AAC STARBUCK <SECAN>	Below	Minimum	Tolerance	 	 	 
2023	MOSSEY RIVER	RED SPRING WHEAT	AAC VIEWFIELD <FP GENETICS>|BW965| EXP	Below	Minimum	Tolerance	 	 	 
2023	MOSSEY RIVER	RED SPRING WHEAT	AAC WHEATLAND <SECAN>	Below	Minimum	Tolerance	 	 	 
2023	MOSSEY RIVER	RED SPRING WHEAT	CARDALE (BW429)	5	1,365.0	1.247	Tonnes	45.8	Bushels
2023	MOSSEY RIVER	RED SPRING WHEAT	CDC ORTONA <PROVEN>	Below	Minimum	Tolerance	 	 	 
2023	MOUNTAIN	RED SPRING WHEAT	AAC BRANDON (BW 932)	Below	Minimum	Tolerance	 	 	 
2023	MOUNTAIN	RED SPRING WHEAT	AAC ELIE(BW931)	Below	Minimum	Tolerance	 	 	 
2023	MOUNTAIN	RED SPRING WHEAT	AAC HOCKLEY |BW5044|	4	1,216.0	1.836	Tonnes	67.5	Bushels
2023	MOUNTAIN	RED SPRING WHEAT	AAC REDBERRY	4	1,139.0	1.182	Tonnes	43.4	Bushels
2023	MOUNTAIN	RED SPRING WHEAT	AAC STARBUCK <SECAN>	Below	Minimum	Tolerance	 	 	 
2023	MOUNTAIN	RED SPRING WHEAT	AAC VIEWFIELD <FP GENETICS>|BW965| EXP	28	15,949.0	1.654	Tonnes	60.8	Bushels
2023	MOUNTAIN	RED SPRING WHEAT	AAC WHEATLAND <SECAN>	11	4,678.0	1.834	Tonnes	67.4	Bushels
2023	MOUNTAIN	RED SPRING WHEAT	CARBERRY (BW874)	Below	Minimum	Tolerance	 	 	 
2023	MOUNTAIN	RED SPRING WHEAT	CARDALE (BW429)	Below	Minimum	Tolerance	 	 	 
2023	MOUNTAIN	RED SPRING WHEAT	CDC GO (BW781)	Below	Minimum	Tolerance	 	 	 
2023	MOUNTAIN	RED SPRING WHEAT	CDC LANDMARK	Below	Minimum	Tolerance	 	 	 
2023	MOUNTAIN	RED SPRING WHEAT	CDC ORTONA <PROVEN>	Below	Minimum	Tolerance	 	 	 
2023	MOUNTAIN	RED SPRING WHEAT	SUPERB (BW252)	Below	Minimum	Tolerance	 	 	 
2023	MOUNTAIN	RED SPRING WHEAT	SY GABBRO <SYNGENTA>	Below	Minimum	Tolerance	 	 	 
2023	NORFOLK-TREHERNE	RED SPRING WHEAT	AAC BRANDON (BW 932)	30	13,904.0	1.596	Tonnes	58.7	Bushels
2023	NORFOLK-TREHERNE	RED SPRING WHEAT	AAC ELIE(BW931)	Below	Minimum	Tolerance	 	 	 
2023	NORFOLK-TREHERNE	RED SPRING WHEAT	AAC HOCKLEY |BW5044|	Below	Minimum	Tolerance	 	 	 
2023	NORFOLK-TREHERNE	RED SPRING WHEAT	AAC HODGE |BW1069|	Below	Minimum	Tolerance	 	 	 
2023	NORFOLK-TREHERNE	RED SPRING WHEAT	AAC STARBUCK <SECAN>	12	4,044.0	1.665	Tonnes	61.2	Bushels
2023	NORFOLK-TREHERNE	RED SPRING WHEAT	AAC TISDALE (PT250)	Below	Minimum	Tolerance	 	 	 
2023	NORFOLK-TREHERNE	RED SPRING WHEAT	AAC VIEWFIELD <FP GENETICS>|BW965| EXP	Below	Minimum	Tolerance	 	 	 
2023	NORFOLK-TREHERNE	RED SPRING WHEAT	AAC WHEATLAND <SECAN>	9	4,232.0	1.721	Tonnes	63.2	Bushels
2023	NORFOLK-TREHERNE	RED SPRING WHEAT	BOLLES <SEED DEPOT>	Below	Minimum	Tolerance	 	 	 
2023	NORFOLK-TREHERNE	RED SPRING WHEAT	SY CAST	Below	Minimum	Tolerance	 	 	 
2023	NORFOLK-TREHERNE	RED SPRING WHEAT	SY MANNESS	Below	Minimum	Tolerance	 	 	 
2023	NORFOLK-TREHERNE	RED SPRING WHEAT	SY TORACH <SYNGENTA>	Below	Minimum	Tolerance	 	 	 
2023	NORTH CYPRESS-LANGFORD	RED SPRING WHEAT	AAC BRANDON (BW 932)	58	36,562.0	1.728	Tonnes	63.5	Bushels
2023	NORTH CYPRESS-LANGFORD	RED SPRING WHEAT	AAC BROADACRES <PROVEN>	Below	Minimum	Tolerance	 	 	 
2023	NORTH CYPRESS-LANGFORD	RED SPRING WHEAT	AAC CAMERON VB <CANTERRA>	Below	Minimum	Tolerance	 	 	 
2023	NORTH CYPRESS-LANGFORD	RED SPRING WHEAT	AAC ELIE(BW931)	Below	Minimum	Tolerance	 	 	 
2023	NORTH CYPRESS-LANGFORD	RED SPRING WHEAT	AAC HOCKLEY |BW5044|	4	890.0	1.967	Tonnes	72.3	Bushels
2023	NORTH CYPRESS-LANGFORD	RED SPRING WHEAT	AAC HODGE |BW1069|	5	1,545.0	2.110	Tonnes	77.5	Bushels
2023	NORTH CYPRESS-LANGFORD	RED SPRING WHEAT	AAC REDBERRY	3	1,057.0	2.100	Tonnes	77.1	Bushels
2023	NORTH CYPRESS-LANGFORD	RED SPRING WHEAT	AAC STARBUCK <SECAN>	29	14,187.0	1.972	Tonnes	72.5	Bushels
2023	NORTH CYPRESS-LANGFORD	RED SPRING WHEAT	AAC WHEATLAND <SECAN>	4	3,816.0	2.171	Tonnes	79.8	Bushels
2023	NORTH CYPRESS-LANGFORD	RED SPRING WHEAT	CARBERRY (BW874)	Below	Minimum	Tolerance	 	 	 
2023	NORTH CYPRESS-LANGFORD	RED SPRING WHEAT	CDC HUGHES <CPSC> |PT588|	Below	Minimum	Tolerance	 	 	 
2023	NORTH NORFOLK	RED SPRING WHEAT	AAC BRANDON (BW 932)	41	13,866.0	1.448	Tonnes	53.2	Bushels
2023	NORTH NORFOLK	RED SPRING WHEAT	AAC ELIE(BW931)	Below	Minimum	Tolerance	 	 	 
2023	NORTH NORFOLK	RED SPRING WHEAT	AAC HOCKLEY |BW5044|	Below	Minimum	Tolerance	 	 	 
2023	NORTH NORFOLK	RED SPRING WHEAT	AAC HODGE |BW1069|	Below	Minimum	Tolerance	 	 	 
2023	NORTH NORFOLK	RED SPRING WHEAT	AAC LEROY VB <ALLIANCE>	3	572.0	1.290	Tonnes	47.4	Bushels
2023	NORTH NORFOLK	RED SPRING WHEAT	AAC STARBUCK <SECAN>	22	7,873.0	1.546	Tonnes	56.8	Bushels
2023	NORTH NORFOLK	RED SPRING WHEAT	AAC WHEATLAND <SECAN>	Below	Minimum	Tolerance	 	 	 
2023	NORTH NORFOLK	RED SPRING WHEAT	BOLLES <SEED DEPOT>	8	4,230.0	1.618	Tonnes	59.5	Bushels
2023	NORTH NORFOLK	RED SPRING WHEAT	CARDALE (BW429)	3	641.0	1.555	Tonnes	57.1	Bushels
2023	NORTH NORFOLK	RED SPRING WHEAT	CDC SKRUSH |PT599|	3	1,224.0	1.647	Tonnes	60.5	Bushels
2023	OAKLAND-WAWANESA	RED SPRING WHEAT	5605HR CL (BW918)	Below	Minimum	Tolerance	 	 	 
2023	OAKLAND-WAWANESA	RED SPRING WHEAT	AAC BRANDON (BW 932)	26	10,514.0	1.861	Tonnes	68.4	Bushels
2023	OAKLAND-WAWANESA	RED SPRING WHEAT	AAC ELIE(BW931)	Below	Minimum	Tolerance	 	 	 
2023	OAKLAND-WAWANESA	RED SPRING WHEAT	AAC HOCKLEY |BW5044|	4	711.0	1.646	Tonnes	60.5	Bushels
2023	OAKLAND-WAWANESA	RED SPRING WHEAT	AAC HODGE |BW1069|	3	691.0	2.115	Tonnes	77.7	Bushels
2023	OAKLAND-WAWANESA	RED SPRING WHEAT	AAC STARBUCK <SECAN>	11	3,756.0	1.848	Tonnes	67.9	Bushels
2023	OAKLAND-WAWANESA	RED SPRING WHEAT	AAC WHEATLAND <SECAN>	15	4,600.0	2.056	Tonnes	75.6	Bushels
2023	OAKLAND-WAWANESA	RED SPRING WHEAT	CARDALE (BW429)	Below	Minimum	Tolerance	 	 	 
2023	OAKLAND-WAWANESA	RED SPRING WHEAT	CDC PLENTIFUL (PT580)	Below	Minimum	Tolerance	 	 	 
2023	OAKVIEW	RED SPRING WHEAT	AAC ALIDA (BW980)	Below	Minimum	Tolerance	 	 	 
2023	OAKVIEW	RED SPRING WHEAT	AAC BRANDON (BW 932)	23	10,444.0	1.842	Tonnes	67.7	Bushels
2023	OAKVIEW	RED SPRING WHEAT	AAC BROADACRES <PROVEN>	Below	Minimum	Tolerance	 	 	 
2023	OAKVIEW	RED SPRING WHEAT	AAC HOCKLEY |BW5044|	7	2,170.0	1.925	Tonnes	70.7	Bushels
2023	OAKVIEW	RED SPRING WHEAT	AAC HODGE |BW1069|	8	1,498.0	1.966	Tonnes	72.3	Bushels
2023	OAKVIEW	RED SPRING WHEAT	AAC REDBERRY	12	2,971.0	1.671	Tonnes	61.4	Bushels
2023	OAKVIEW	RED SPRING WHEAT	AAC REDSTAR <SECAN> |PT488|	Below	Minimum	Tolerance	 	 	 
2023	OAKVIEW	RED SPRING WHEAT	AAC STARBUCK <SECAN>	54	18,715.4	1.967	Tonnes	72.3	Bushels
2023	OAKVIEW	RED SPRING WHEAT	AAC VIEWFIELD <FP GENETICS>|BW965| EXP	Below	Minimum	Tolerance	 	 	 
2023	OAKVIEW	RED SPRING WHEAT	AAC WHEATLAND <SECAN>	29	9,656.0	2.021	Tonnes	74.3	Bushels
2023	OAKVIEW	RED SPRING WHEAT	BOLLES <SEED DEPOT>	6	2,449.0	1.959	Tonnes	72.0	Bushels
2023	OAKVIEW	RED SPRING WHEAT	CDC LANDMARK	Below	Minimum	Tolerance	 	 	 
2023	OAKVIEW	RED SPRING WHEAT	CDC ORTONA <PROVEN>	Below	Minimum	Tolerance	 	 	 
2023	OAKVIEW	RED SPRING WHEAT	CDC UTMOST (BW 883)	Below	Minimum	Tolerance	 	 	 
2023	OAKVIEW	RED SPRING WHEAT	GLENN	Below	Minimum	Tolerance	 	 	 
2023	OAKVIEW	RED SPRING WHEAT	SY MANNESS	Below	Minimum	Tolerance	 	 	 
2023	PEMBINA	RED SPRING WHEAT	AAC BRANDON (BW 932)	71	25,405.0	1.719	Tonnes	63.2	Bushels
2023	PEMBINA	RED SPRING WHEAT	AAC BROADACRES <PROVEN>	Below	Minimum	Tolerance	 	 	 
2023	PEMBINA	RED SPRING WHEAT	AAC HOCKLEY |BW5044|	10	2,728.0	1.895	Tonnes	69.6	Bushels
2023	PEMBINA	RED SPRING WHEAT	AAC HODGE |BW1069|	8	2,462.0	1.652	Tonnes	60.7	Bushels
2023	PEMBINA	RED SPRING WHEAT	AAC STARBUCK <SECAN>	38	12,215.0	1.498	Tonnes	55.0	Bushels
2023	PEMBINA	RED SPRING WHEAT	AAC TISDALE (PT250)	Below	Minimum	Tolerance	 	 	 
2023	PEMBINA	RED SPRING WHEAT	AAC WHEATLAND <SECAN>	12	3,198.0	1.784	Tonnes	65.6	Bushels
2023	PEMBINA	RED SPRING WHEAT	BOLLES <SEED DEPOT>	Below	Minimum	Tolerance	 	 	 
2023	PEMBINA	RED SPRING WHEAT	CDC LANDMARK	Below	Minimum	Tolerance	 	 	 
2023	PEMBINA	RED SPRING WHEAT	SY CAST	4	696.0	1.920	Tonnes	70.6	Bushels
2023	PEMBINA	RED SPRING WHEAT	SY MANNESS	Below	Minimum	Tolerance	 	 	 
2023	PEMBINA	RED SPRING WHEAT	SY TORACH <SYNGENTA>	Below	Minimum	Tolerance	 	 	 
2023	PINEY	RED SPRING WHEAT	AAC BRANDON (BW 932)	5	2,251.0	1.555	Tonnes	57.1	Bushels
2023	PINEY	RED SPRING WHEAT	AAC HOCKLEY |BW5044|	Below	Minimum	Tolerance	 	 	 
2023	PINEY	RED SPRING WHEAT	AAC HODGE |BW1069|	Below	Minimum	Tolerance	 	 	 
2023	PINEY	RED SPRING WHEAT	AAC LEROY VB <ALLIANCE>	Below	Minimum	Tolerance	 	 	 
2023	PIPESTONE	RED SPRING WHEAT	AAC BRANDON (BW 932)	33	16,157.0	1.326	Tonnes	48.7	Bushels
2023	PIPESTONE	RED SPRING WHEAT	AAC CAMERON VB <CANTERRA>	Below	Minimum	Tolerance	 	 	 
2023	PIPESTONE	RED SPRING WHEAT	AAC ELIE(BW931)	3	2,299.0	1.317	Tonnes	48.4	Bushels
2023	PIPESTONE	RED SPRING WHEAT	AAC HOCKLEY |BW5044|	8	2,405.0	1.320	Tonnes	48.5	Bushels
2023	PIPESTONE	RED SPRING WHEAT	AAC HODGE |BW1069|	4	2,876.0	1.437	Tonnes	52.8	Bushels
2023	PIPESTONE	RED SPRING WHEAT	AAC MAGNET |BW 1045, BJ14*A01135|	4	1,348.0	1.196	Tonnes	43.9	Bushels
2023	PIPESTONE	RED SPRING WHEAT	AAC REDBERRY	Below	Minimum	Tolerance	 	 	 
2023	PIPESTONE	RED SPRING WHEAT	AAC STARBUCK <SECAN>	25	14,874.0	1.461	Tonnes	53.7	Bushels
2023	PIPESTONE	RED SPRING WHEAT	AAC VIEWFIELD <FP GENETICS>|BW965| EXP	Below	Minimum	Tolerance	 	 	 
2023	PIPESTONE	RED SPRING WHEAT	AAC WHEATLAND <SECAN>	12	12,362.0	1.437	Tonnes	52.8	Bushels
2023	PIPESTONE	RED SPRING WHEAT	BOLLES <SEED DEPOT>	Below	Minimum	Tolerance	 	 	 
2023	PIPESTONE	RED SPRING WHEAT	CARBERRY (BW874)	Below	Minimum	Tolerance	 	 	 
2023	PIPESTONE	RED SPRING WHEAT	CARDALE (BW429)	Below	Minimum	Tolerance	 	 	 
2023	PIPESTONE	RED SPRING WHEAT	CDC HUGHES <CPSC> |PT588|	3	909.0	1.148	Tonnes	42.2	Bushels
2023	PIPESTONE	RED SPRING WHEAT	CDC LANDMARK	Below	Minimum	Tolerance	 	 	 
2023	PIPESTONE	RED SPRING WHEAT	SY CAST	Below	Minimum	Tolerance	 	 	 
2023	PIPESTONE	RED SPRING WHEAT	SY TORACH <SYNGENTA>	Below	Minimum	Tolerance	 	 	 
2023	PORTAGE LA PRAIRIE	RED SPRING WHEAT	AAC BRANDON (BW 932)	85	48,876.0	1.838	Tonnes	67.5	Bushels
2023	PORTAGE LA PRAIRIE	RED SPRING WHEAT	AAC HOCKLEY |BW5044|	10	2,212.0	1.874	Tonnes	68.9	Bushels
2023	PORTAGE LA PRAIRIE	RED SPRING WHEAT	AAC HODGE |BW1069|	Below	Minimum	Tolerance	 	 	 
2023	PORTAGE LA PRAIRIE	RED SPRING WHEAT	AAC LEROY VB <ALLIANCE>	Below	Minimum	Tolerance	 	 	 
2023	PORTAGE LA PRAIRIE	RED SPRING WHEAT	AAC STARBUCK <SECAN>	45	20,967.0	2.078	Tonnes	76.4	Bushels
2023	PORTAGE LA PRAIRIE	RED SPRING WHEAT	AAC VIEWFIELD <FP GENETICS>|BW965| EXP	Below	Minimum	Tolerance	 	 	 
2023	PORTAGE LA PRAIRIE	RED SPRING WHEAT	AC BARRIE (BW 661)	3	917.0	1.832	Tonnes	67.3	Bushels
2023	PORTAGE LA PRAIRIE	RED SPRING WHEAT	BOLLES <SEED DEPOT>	4	1,137.0	1.767	Tonnes	64.9	Bushels
2023	PORTAGE LA PRAIRIE	RED SPRING WHEAT	CARBERRY (BW874)	Below	Minimum	Tolerance	 	 	 
2023	PORTAGE LA PRAIRIE	RED SPRING WHEAT	CARDALE (BW429)	6	1,022.0	1.519	Tonnes	55.8	Bushels
2023	PORTAGE LA PRAIRIE	RED SPRING WHEAT	CDC SKRUSH |PT599|	Below	Minimum	Tolerance	 	 	 
2023	PORTAGE LA PRAIRIE	RED SPRING WHEAT	SY GABBRO <SYNGENTA>	Below	Minimum	Tolerance	 	 	 
2023	PORTAGE LA PRAIRIE	RED SPRING WHEAT	SY MANNESS	Below	Minimum	Tolerance	 	 	 
2023	PRAIRIE LAKES	RED SPRING WHEAT	AAC BRANDON (BW 932)	50	24,583.0	1.647	Tonnes	60.5	Bushels
2023	PRAIRIE LAKES	RED SPRING WHEAT	AAC HOCKLEY |BW5044|	Below	Minimum	Tolerance	 	 	 
2023	PRAIRIE LAKES	RED SPRING WHEAT	AAC HODGE |BW1069|	7	1,446.0	1.787	Tonnes	65.7	Bushels
2023	PRAIRIE LAKES	RED SPRING WHEAT	AAC LEROY VB <ALLIANCE>	Below	Minimum	Tolerance	 	 	 
2023	PRAIRIE LAKES	RED SPRING WHEAT	AAC STARBUCK <SECAN>	18	6,010.0	1.817	Tonnes	66.8	Bushels
2023	PRAIRIE LAKES	RED SPRING WHEAT	AAC VIEWFIELD <FP GENETICS>|BW965| EXP	Below	Minimum	Tolerance	 	 	 
2023	PRAIRIE LAKES	RED SPRING WHEAT	AAC WHEATLAND <SECAN>	26	8,136.0	1.751	Tonnes	64.3	Bushels
2023	PRAIRIE LAKES	RED SPRING WHEAT	BOLLES <SEED DEPOT>	Below	Minimum	Tolerance	 	 	 
2023	PRAIRIE LAKES	RED SPRING WHEAT	GLENN	Below	Minimum	Tolerance	 	 	 
2023	PRAIRIE VIEW	RED SPRING WHEAT	AAC BRANDON (BW 932)	14	3,977.0	1.485	Tonnes	54.6	Bushels
2023	PRAIRIE VIEW	RED SPRING WHEAT	AAC BROADACRES <PROVEN>	Below	Minimum	Tolerance	 	 	 
2023	PRAIRIE VIEW	RED SPRING WHEAT	AAC HOCKLEY |BW5044|	16	4,776.0	1.809	Tonnes	66.5	Bushels
2023	PRAIRIE VIEW	RED SPRING WHEAT	AAC HODGE |BW1069|	20	9,143.0	1.882	Tonnes	69.2	Bushels
2023	PRAIRIE VIEW	RED SPRING WHEAT	AAC LEROY VB <ALLIANCE>	5	775.0	1.711	Tonnes	62.9	Bushels
2023	PRAIRIE VIEW	RED SPRING WHEAT	AAC REDBERRY	8	3,886.0	1.302	Tonnes	47.8	Bushels
2023	PRAIRIE VIEW	RED SPRING WHEAT	AAC STARBUCK <SECAN>	34	18,460.0	1.925	Tonnes	70.7	Bushels
2023	PRAIRIE VIEW	RED SPRING WHEAT	AAC WHEATLAND <SECAN>	74	36,383.0	1.816	Tonnes	66.7	Bushels
2023	PRAIRIE VIEW	RED SPRING WHEAT	BOLLES <SEED DEPOT>	7	6,421.0	1.614	Tonnes	59.3	Bushels
2023	PRAIRIE VIEW	RED SPRING WHEAT	CDC LANDMARK	Below	Minimum	Tolerance	 	 	 
2023	PRAIRIE VIEW	RED SPRING WHEAT	GLENN	Below	Minimum	Tolerance	 	 	 
2023	PRAIRIE VIEW	RED SPRING WHEAT	SY MANNESS	5	3,264.0	2.241	Tonnes	82.4	Bushels
2023	REYNOLDS	RED SPRING WHEAT	AAC BRANDON (BW 932)	Below	Minimum	Tolerance	 	 	 
2023	REYNOLDS	RED SPRING WHEAT	AAC VIEWFIELD <FP GENETICS>|BW965| EXP	Below	Minimum	Tolerance	 	 	 
2023	REYNOLDS	RED SPRING WHEAT	PEMBINA	Below	Minimum	Tolerance	 	 	 
2023	RHINELAND	RED SPRING WHEAT	AAC BRANDON (BW 932)	68	13,816.0	1.620	Tonnes	59.5	Bushels
2023	RHINELAND	RED SPRING WHEAT	AAC BROADACRES <PROVEN>	Below	Minimum	Tolerance	 	 	 
2023	RHINELAND	RED SPRING WHEAT	AAC STARBUCK <SECAN>	47	11,416.0	1.606	Tonnes	59.0	Bushels
2023	RHINELAND	RED SPRING WHEAT	AAC WHEATLAND <SECAN>	11	2,345.0	1.872	Tonnes	68.8	Bushels
2023	RHINELAND	RED SPRING WHEAT	CARDALE (BW429)	Below	Minimum	Tolerance	 	 	 
2023	RHINELAND	RED SPRING WHEAT	SY CAST	Below	Minimum	Tolerance	 	 	 
2023	RHINELAND	RED SPRING WHEAT	SY MANNESS	4	752.0	1.860	Tonnes	68.3	Bushels
2023	RIDING MOUNTAIN WEST	RED SPRING WHEAT	AAC BRANDON (BW 932)	12	3,808.0	1.876	Tonnes	68.9	Bushels
2023	RIDING MOUNTAIN WEST	RED SPRING WHEAT	AAC DARBY	Below	Minimum	Tolerance	 	 	 
2023	RIDING MOUNTAIN WEST	RED SPRING WHEAT	AAC HOCKLEY |BW5044|	19	6,172.0	1.905	Tonnes	70.0	Bushels
2023	RIDING MOUNTAIN WEST	RED SPRING WHEAT	AAC HODGE |BW1069|	25	8,721.0	1.949	Tonnes	71.6	Bushels
2023	RIDING MOUNTAIN WEST	RED SPRING WHEAT	AAC LEROY VB <ALLIANCE>	Below	Minimum	Tolerance	 	 	 
2023	RIDING MOUNTAIN WEST	RED SPRING WHEAT	AAC REDBERRY	9	2,872.0	1.716	Tonnes	63.1	Bushels
2023	RIDING MOUNTAIN WEST	RED SPRING WHEAT	AAC REDWATER (PT457)	Below	Minimum	Tolerance	 	 	 
2023	RIDING MOUNTAIN WEST	RED SPRING WHEAT	AAC STARBUCK <SECAN>	21	11,622.0	1.939	Tonnes	71.2	Bushels
2023	RIDING MOUNTAIN WEST	RED SPRING WHEAT	AAC TISDALE (PT250)	Below	Minimum	Tolerance	 	 	 
2023	RIDING MOUNTAIN WEST	RED SPRING WHEAT	AAC VIEWFIELD <FP GENETICS>|BW965| EXP	12	4,531.0	1.953	Tonnes	71.8	Bushels
2023	RIDING MOUNTAIN WEST	RED SPRING WHEAT	AAC WHEATLAND <SECAN>	45	19,895.0	1.785	Tonnes	65.6	Bushels
2023	RIDING MOUNTAIN WEST	RED SPRING WHEAT	BOLLES <SEED DEPOT>	6	3,390.0	1.686	Tonnes	62.0	Bushels
2023	RIDING MOUNTAIN WEST	RED SPRING WHEAT	CDC LANDMARK	9	5,875.0	1.893	Tonnes	69.6	Bushels
2023	RIDING MOUNTAIN WEST	RED SPRING WHEAT	GLENN	Below	Minimum	Tolerance	 	 	 
2023	RIDING MOUNTAIN WEST	RED SPRING WHEAT	SY MANNESS	6	1,900.0	2.213	Tonnes	81.3	Bushels
2023	RITCHOT	RED SPRING WHEAT	AAC BRANDON (BW 932)	20	5,367.0	1.675	Tonnes	61.5	Bushels
2023	RITCHOT	RED SPRING WHEAT	AAC ELIE(BW931)	Below	Minimum	Tolerance	 	 	 
2023	RITCHOT	RED SPRING WHEAT	AAC HOCKLEY |BW5044|	9	1,554.0	1.632	Tonnes	59.9	Bushels
2023	RITCHOT	RED SPRING WHEAT	AAC HODGE |BW1069|	Below	Minimum	Tolerance	 	 	 
2023	RITCHOT	RED SPRING WHEAT	AAC STARBUCK <SECAN>	5	1,193.0	1.660	Tonnes	61.0	Bushels
2023	RITCHOT	RED SPRING WHEAT	AAC VIEWFIELD <FP GENETICS>|BW965| EXP	Below	Minimum	Tolerance	 	 	 
2023	RITCHOT	RED SPRING WHEAT	CARDALE (BW429)	Below	Minimum	Tolerance	 	 	 
2023	RIVERDALE	RED SPRING WHEAT	AAC BRANDON (BW 932)	21	9,216.0	1.923	Tonnes	70.7	Bushels
2023	RIVERDALE	RED SPRING WHEAT	AAC HOCKLEY |BW5044|	3	1,148.0	1.585	Tonnes	58.2	Bushels
2023	RIVERDALE	RED SPRING WHEAT	AAC HODGE |BW1069|	3	549.0	1.610	Tonnes	59.2	Bushels
2023	RIVERDALE	RED SPRING WHEAT	AAC STARBUCK <SECAN>	22	8,343.0	1.650	Tonnes	60.6	Bushels
2023	RIVERDALE	RED SPRING WHEAT	AAC WHEATLAND <SECAN>	9	2,707.0	2.066	Tonnes	75.9	Bushels
2023	ROCKWOOD	RED SPRING WHEAT	AAC BRANDON (BW 932)	34	9,767.0	1.565	Tonnes	57.5	Bushels
2023	ROCKWOOD	RED SPRING WHEAT	AAC ELIE(BW931)	Below	Minimum	Tolerance	 	 	 
2023	ROCKWOOD	RED SPRING WHEAT	AAC HOCKLEY |BW5044|	11	2,047.0	1.495	Tonnes	54.9	Bushels
2023	ROCKWOOD	RED SPRING WHEAT	AAC LEROY VB <ALLIANCE>	11	2,644.0	1.615	Tonnes	59.3	Bushels
2023	ROCKWOOD	RED SPRING WHEAT	AAC STARBUCK <SECAN>	39	17,622.0	1.591	Tonnes	58.4	Bushels
2023	ROCKWOOD	RED SPRING WHEAT	AAC VIEWFIELD <FP GENETICS>|BW965| EXP	Below	Minimum	Tolerance	 	 	 
2023	ROCKWOOD	RED SPRING WHEAT	BOLLES <SEED DEPOT>	Below	Minimum	Tolerance	 	 	 
2023	ROCKWOOD	RED SPRING WHEAT	CARBERRY (BW874)	Below	Minimum	Tolerance	 	 	 
2023	ROCKWOOD	RED SPRING WHEAT	CARDALE (BW429)	Below	Minimum	Tolerance	 	 	 
2023	ROCKWOOD	RED SPRING WHEAT	CS DAYBREAK <CANTERRA>	Below	Minimum	Tolerance	 	 	 
2023	ROCKWOOD	RED SPRING WHEAT	SY MANNESS	Below	Minimum	Tolerance	 	 	 
2023	ROCKWOOD	RED SPRING WHEAT	SY TORACH <SYNGENTA>	3	965.0	1.182	Tonnes	43.4	Bushels
2023	ROLAND	RED SPRING WHEAT	AAC BRANDON (BW 932)	40	11,738.0	1.339	Tonnes	49.2	Bushels
2023	ROLAND	RED SPRING WHEAT	AAC BROADACRES <PROVEN>	5	1,340.0	1.582	Tonnes	58.1	Bushels
2023	ROLAND	RED SPRING WHEAT	AAC HOCKLEY |BW5044|	10	2,236.0	1.237	Tonnes	45.4	Bushels
2023	ROLAND	RED SPRING WHEAT	AAC LEROY VB <ALLIANCE>	Below	Minimum	Tolerance	 	 	 
2023	ROLAND	RED SPRING WHEAT	AAC STARBUCK <SECAN>	22	6,535.0	1.315	Tonnes	48.3	Bushels
2023	ROLAND	RED SPRING WHEAT	AAC VIEWFIELD <FP GENETICS>|BW965| EXP	Below	Minimum	Tolerance	 	 	 
2023	ROLAND	RED SPRING WHEAT	AAC WHEATLAND <SECAN>	Below	Minimum	Tolerance	 	 	 
2023	ROLAND	RED SPRING WHEAT	BOLLES <SEED DEPOT>	Below	Minimum	Tolerance	 	 	 
2023	ROLAND	RED SPRING WHEAT	CARDALE (BW429)	Below	Minimum	Tolerance	 	 	 
2023	ROLAND	RED SPRING WHEAT	SY CAST	Below	Minimum	Tolerance	 	 	 
2023	ROLAND	RED SPRING WHEAT	SY MANNESS	Below	Minimum	Tolerance	 	 	 
2023	ROSEDALE	RED SPRING WHEAT	AAC BRANDON (BW 932)	19	9,577.0	1.981	Tonnes	72.8	Bushels
2023	ROSEDALE	RED SPRING WHEAT	AAC ELIE(BW931)	Below	Minimum	Tolerance	 	 	 
2023	ROSEDALE	RED SPRING WHEAT	AAC HODGE |BW1069|	Below	Minimum	Tolerance	 	 	 
2023	ROSEDALE	RED SPRING WHEAT	AAC REDBERRY	6	2,215.0	1.935	Tonnes	71.1	Bushels
2023	ROSEDALE	RED SPRING WHEAT	AAC REDSTAR <SECAN> |PT488|	Below	Minimum	Tolerance	 	 	 
2023	ROSEDALE	RED SPRING WHEAT	AAC STARBUCK <SECAN>	15	6,500.0	1.985	Tonnes	72.9	Bushels
2023	ROSEDALE	RED SPRING WHEAT	AAC WHEATLAND <SECAN>	4	2,265.0	2.120	Tonnes	77.9	Bushels
2023	ROSEDALE	RED SPRING WHEAT	BOLLES <SEED DEPOT>	5	1,525.0	1.891	Tonnes	69.5	Bushels
2023	ROSEDALE	RED SPRING WHEAT	CDC PLENTIFUL (PT580)	Below	Minimum	Tolerance	 	 	 
2023	ROSEDALE	RED SPRING WHEAT	WASKADA (BW 357)	Below	Minimum	Tolerance	 	 	 
2023	ROSSBURN	RED SPRING WHEAT	AAC BRANDON (BW 932)	19	7,966.0	1.809	Tonnes	66.5	Bushels
2023	ROSSBURN	RED SPRING WHEAT	AAC HOCKLEY |BW5044|	Below	Minimum	Tolerance	 	 	 
2023	ROSSBURN	RED SPRING WHEAT	AAC HODGE |BW1069|	3	619.0	1.910	Tonnes	70.2	Bushels
2023	ROSSBURN	RED SPRING WHEAT	AAC LEROY VB <ALLIANCE>	Below	Minimum	Tolerance	 	 	 
2023	ROSSBURN	RED SPRING WHEAT	AAC REDBERRY	8	2,190.0	1.627	Tonnes	59.8	Bushels
2023	ROSSBURN	RED SPRING WHEAT	AAC STARBUCK <SECAN>	25	7,961.5	1.835	Tonnes	67.4	Bushels
2023	ROSSBURN	RED SPRING WHEAT	AAC VIEWFIELD <FP GENETICS>|BW965| EXP	3	877.0	1.522	Tonnes	55.9	Bushels
2023	ROSSBURN	RED SPRING WHEAT	AAC WHEATLAND <SECAN>	10	3,337.0	1.896	Tonnes	69.7	Bushels
2023	ROSSBURN	RED SPRING WHEAT	BOLLES <SEED DEPOT>	Below	Minimum	Tolerance	 	 	 
2023	ROSSBURN	RED SPRING WHEAT	CDC LANDMARK	Below	Minimum	Tolerance	 	 	 
2023	ROSSBURN	RED SPRING WHEAT	SY GABBRO <SYNGENTA>	3	706.0	1.188	Tonnes	43.7	Bushels
2023	ROSSER	RED SPRING WHEAT	AAC BRANDON (BW 932)	7	3,348.0	1.777	Tonnes	65.3	Bushels
2023	ROSSER	RED SPRING WHEAT	AAC ELIE(BW931)	Below	Minimum	Tolerance	 	 	 
2023	ROSSER	RED SPRING WHEAT	AAC HOCKLEY |BW5044|	6	1,702.0	1.826	Tonnes	67.1	Bushels
2023	ROSSER	RED SPRING WHEAT	AAC LEROY VB <ALLIANCE>	5	1,207.0	1.679	Tonnes	61.7	Bushels
2023	ROSSER	RED SPRING WHEAT	AAC STARBUCK <SECAN>	36	16,718.0	1.703	Tonnes	62.6	Bushels
2023	ROSSER	RED SPRING WHEAT	AAC VIEWFIELD <FP GENETICS>|BW965| EXP	Below	Minimum	Tolerance	 	 	 
2023	ROSSER	RED SPRING WHEAT	CARDALE (BW429)	Below	Minimum	Tolerance	 	 	 
2023	RUSSELL-BINSCARTH	RED SPRING WHEAT	AAC BRANDON (BW 932)	Below	Minimum	Tolerance	 	 	 
2023	RUSSELL-BINSCARTH	RED SPRING WHEAT	AAC HOCKLEY |BW5044|	7	2,987.0	1.691	Tonnes	62.1	Bushels
2023	RUSSELL-BINSCARTH	RED SPRING WHEAT	AAC HODGE |BW1069|	9	3,042.0	1.858	Tonnes	68.3	Bushels
2023	RUSSELL-BINSCARTH	RED SPRING WHEAT	AAC LEROY VB <ALLIANCE>	Below	Minimum	Tolerance	 	 	 
2023	RUSSELL-BINSCARTH	RED SPRING WHEAT	AAC REDBERRY	3	1,150.0	1.723	Tonnes	63.3	Bushels
2023	RUSSELL-BINSCARTH	RED SPRING WHEAT	AAC STARBUCK <SECAN>	12	4,877.0	1.640	Tonnes	60.3	Bushels
2023	RUSSELL-BINSCARTH	RED SPRING WHEAT	AAC WHEATLAND <SECAN>	14	9,261.0	1.724	Tonnes	63.4	Bushels
2023	RUSSELL-BINSCARTH	RED SPRING WHEAT	CARDALE (BW429)	Below	Minimum	Tolerance	 	 	 
2023	RUSSELL-BINSCARTH	RED SPRING WHEAT	CDC LANDMARK	3	1,225.0	1.887	Tonnes	69.3	Bushels
2023	RUSSELL-BINSCARTH	RED SPRING WHEAT	SY MANNESS	4	700.0	2.119	Tonnes	77.9	Bushels
2023	SIFTON	RED SPRING WHEAT	AAC BRANDON (BW 932)	9	1,586.0	1.364	Tonnes	50.1	Bushels
2023	SIFTON	RED SPRING WHEAT	AAC HOCKLEY |BW5044|	Below	Minimum	Tolerance	 	 	 
2023	SIFTON	RED SPRING WHEAT	AAC LEROY VB <ALLIANCE>	Below	Minimum	Tolerance	 	 	 
2023	SIFTON	RED SPRING WHEAT	AAC STARBUCK <SECAN>	Below	Minimum	Tolerance	 	 	 
2023	SIFTON	RED SPRING WHEAT	AAC WHEATLAND <SECAN>	5	2,314.0	0.931	Tonnes	34.2	Bushels
2023	SOURIS-GLENWOOD	RED SPRING WHEAT	AAC BRANDON (BW 932)	22	12,349.0	1.733	Tonnes	63.7	Bushels
2023	SOURIS-GLENWOOD	RED SPRING WHEAT	AAC BROADACRES <PROVEN>	Below	Minimum	Tolerance	 	 	 
2023	SOURIS-GLENWOOD	RED SPRING WHEAT	AAC ELIE(BW931)	Below	Minimum	Tolerance	 	 	 
2023	SOURIS-GLENWOOD	RED SPRING WHEAT	AAC HOCKLEY |BW5044|	14	4,449.0	1.658	Tonnes	60.9	Bushels
2023	SOURIS-GLENWOOD	RED SPRING WHEAT	AAC HODGE |BW1069|	Below	Minimum	Tolerance	 	 	 
2023	SOURIS-GLENWOOD	RED SPRING WHEAT	AAC STARBUCK <SECAN>	5	3,041.0	1.621	Tonnes	59.5	Bushels
2023	SOURIS-GLENWOOD	RED SPRING WHEAT	AAC TISDALE (PT250)	Below	Minimum	Tolerance	 	 	 
2023	SOURIS-GLENWOOD	RED SPRING WHEAT	AAC WHEATLAND <SECAN>	6	2,340.0	2.038	Tonnes	74.9	Bushels
2023	SOURIS-GLENWOOD	RED SPRING WHEAT	CARDALE (BW429)	Below	Minimum	Tolerance	 	 	 
2023	SOURIS-GLENWOOD	RED SPRING WHEAT	SY CAST	Below	Minimum	Tolerance	 	 	 
2023	SOURIS-GLENWOOD	RED SPRING WHEAT	SY MANNESS	Below	Minimum	Tolerance	 	 	 
2023	SPRINGFIELD	RED SPRING WHEAT	AAC BRANDON (BW 932)	30	11,674.0	1.780	Tonnes	65.4	Bushels
2023	SPRINGFIELD	RED SPRING WHEAT	AAC ELIE(BW931)	Below	Minimum	Tolerance	 	 	 
2023	SPRINGFIELD	RED SPRING WHEAT	AAC HOCKLEY |BW5044|	7	1,174.0	1.999	Tonnes	73.4	Bushels
2023	SPRINGFIELD	RED SPRING WHEAT	AAC HODGE |BW1069|	3	650.0	2.258	Tonnes	83.0	Bushels
2023	SPRINGFIELD	RED SPRING WHEAT	AAC LEROY VB <ALLIANCE>	5	1,225.0	2.133	Tonnes	78.4	Bushels
2023	SPRINGFIELD	RED SPRING WHEAT	AAC STARBUCK <SECAN>	17	7,009.0	1.941	Tonnes	71.3	Bushels
2023	SPRINGFIELD	RED SPRING WHEAT	AAC VIEWFIELD <FP GENETICS>|BW965| EXP	5	1,510.0	2.085	Tonnes	76.6	Bushels
2023	SPRINGFIELD	RED SPRING WHEAT	BOLLES <SEED DEPOT>	Below	Minimum	Tolerance	 	 	 
2023	SPRINGFIELD	RED SPRING WHEAT	CS DAYBREAK <CANTERRA>	11	2,098.0	2.032	Tonnes	74.7	Bushels
2023	SPRINGFIELD	RED SPRING WHEAT	SY CAST	Below	Minimum	Tolerance	 	 	 
2023	ST. ANDREWS	RED SPRING WHEAT	AAC BRANDON (BW 932)	21	7,972.0	1.890	Tonnes	69.4	Bushels
2023	ST. ANDREWS	RED SPRING WHEAT	AAC ELIE(BW931)	6	1,545.0	1.885	Tonnes	69.3	Bushels
2023	ST. ANDREWS	RED SPRING WHEAT	AAC HOCKLEY |BW5044|	Below	Minimum	Tolerance	 	 	 
2023	ST. ANDREWS	RED SPRING WHEAT	AAC HODGE |BW1069|	Below	Minimum	Tolerance	 	 	 
2023	ST. ANDREWS	RED SPRING WHEAT	AAC LEROY VB <ALLIANCE>	5	1,702.0	1.941	Tonnes	71.3	Bushels
2023	ST. ANDREWS	RED SPRING WHEAT	AAC STARBUCK <SECAN>	20	12,831.0	1.907	Tonnes	70.1	Bushels
2023	ST. ANDREWS	RED SPRING WHEAT	AAC VIEWFIELD <FP GENETICS>|BW965| EXP	Below	Minimum	Tolerance	 	 	 
2023	ST. ANDREWS	RED SPRING WHEAT	BOLLES <SEED DEPOT>	5	2,648.0	1.509	Tonnes	55.4	Bushels
2023	ST. ANDREWS	RED SPRING WHEAT	CARDALE (BW429)	Below	Minimum	Tolerance	 	 	 
2023	ST. ANDREWS	RED SPRING WHEAT	CS DAYBREAK <CANTERRA>	Below	Minimum	Tolerance	 	 	 
2023	ST. ANDREWS	RED SPRING WHEAT	GLENN	Below	Minimum	Tolerance	 	 	 
2023	ST. ANDREWS	RED SPRING WHEAT	SY TORACH <SYNGENTA>	4	1,228.0	1.517	Tonnes	55.8	Bushels
2023	ST. CLEMENTS	RED SPRING WHEAT	AAC BRANDON (BW 932)	17	4,432.0	1.487	Tonnes	54.6	Bushels
2023	ST. CLEMENTS	RED SPRING WHEAT	AAC ELIE(BW931)	3	660.0	2.276	Tonnes	83.6	Bushels
2023	ST. CLEMENTS	RED SPRING WHEAT	AAC HOCKLEY |BW5044|	5	519.0	1.613	Tonnes	59.3	Bushels
2023	ST. CLEMENTS	RED SPRING WHEAT	AAC LEROY VB <ALLIANCE>	Below	Minimum	Tolerance	 	 	 
2023	ST. CLEMENTS	RED SPRING WHEAT	AAC STARBUCK <SECAN>	Below	Minimum	Tolerance	 	 	 
2023	ST. CLEMENTS	RED SPRING WHEAT	AAC VIEWFIELD <FP GENETICS>|BW965| EXP	11	2,138.0	1.870	Tonnes	68.7	Bushels
2023	ST. CLEMENTS	RED SPRING WHEAT	GLENN	Below	Minimum	Tolerance	 	 	 
2023	ST. CLEMENTS	RED SPRING WHEAT	KANE (BW342)	Below	Minimum	Tolerance	 	 	 
2023	ST. CLEMENTS	RED SPRING WHEAT	SY CAST	Below	Minimum	Tolerance	 	 	 
2023	ST. FRANCIS XAVIER	RED SPRING WHEAT	AAC BRANDON (BW 932)	5	1,495.0	1.845	Tonnes	67.8	Bushels
2023	ST. FRANCIS XAVIER	RED SPRING WHEAT	AAC HOCKLEY |BW5044|	Below	Minimum	Tolerance	 	 	 
2023	ST. FRANCIS XAVIER	RED SPRING WHEAT	AAC HODGE |BW1069|	Below	Minimum	Tolerance	 	 	 
2023	ST. FRANCIS XAVIER	RED SPRING WHEAT	AAC LEROY VB <ALLIANCE>	Below	Minimum	Tolerance	 	 	 
2023	ST. FRANCIS XAVIER	RED SPRING WHEAT	AAC STARBUCK <SECAN>	13	9,371.0	1.860	Tonnes	68.4	Bushels
2023	ST. LAURENT	RED SPRING WHEAT	AAC BRANDON (BW 932)	Below	Minimum	Tolerance	 	 	 
2023	ST. LAURENT	RED SPRING WHEAT	AAC HOCKLEY |BW5044|	Below	Minimum	Tolerance	 	 	 
2023	ST. LAURENT	RED SPRING WHEAT	AAC HODGE |BW1069|	Below	Minimum	Tolerance	 	 	 
2023	STANLEY	RED SPRING WHEAT	AAC BRANDON (BW 932)	48	11,214.0	1.552	Tonnes	57.0	Bushels
2023	STANLEY	RED SPRING WHEAT	AAC BROADACRES <PROVEN>	Below	Minimum	Tolerance	 	 	 
2023	STANLEY	RED SPRING WHEAT	AAC HOCKLEY |BW5044|	Below	Minimum	Tolerance	 	 	 
2023	STANLEY	RED SPRING WHEAT	AAC STARBUCK <SECAN>	46	7,565.5	1.561	Tonnes	57.4	Bushels
2023	STANLEY	RED SPRING WHEAT	AAC WHEATLAND <SECAN>	3	810.0	1.929	Tonnes	70.9	Bushels
2023	STANLEY	RED SPRING WHEAT	SY CAST	7	1,825.0	1.654	Tonnes	60.8	Bushels
2023	STE. ANNE	RED SPRING WHEAT	AAC BRANDON (BW 932)	23	2,949.0	1.931	Tonnes	71.0	Bushels
2023	STE. ANNE	RED SPRING WHEAT	AAC HOCKLEY |BW5044|	4	783.0	1.028	Tonnes	37.8	Bushels
2023	STE. ANNE	RED SPRING WHEAT	AAC STARBUCK <SECAN>	Below	Minimum	Tolerance	 	 	 
2023	STE. ANNE	RED SPRING WHEAT	CARDALE (BW429)	Below	Minimum	Tolerance	 	 	 
2023	STE. ROSE	RED SPRING WHEAT	AAC BRANDON (BW 932)	12	7,473.0	1.774	Tonnes	65.2	Bushels
2023	STE. ROSE	RED SPRING WHEAT	AAC HOCKLEY |BW5044|	Below	Minimum	Tolerance	 	 	 
2023	STE. ROSE	RED SPRING WHEAT	AAC HODGE |BW1069|	Below	Minimum	Tolerance	 	 	 
2023	STE. ROSE	RED SPRING WHEAT	AAC STARBUCK <SECAN>	9	2,625.0	1.781	Tonnes	65.4	Bushels
2023	STE. ROSE	RED SPRING WHEAT	AAC TISDALE (PT250)	Below	Minimum	Tolerance	 	 	 
2023	STE. ROSE	RED SPRING WHEAT	AAC VIEWFIELD <FP GENETICS>|BW965| EXP	Below	Minimum	Tolerance	 	 	 
2023	STE. ROSE	RED SPRING WHEAT	BOLLES <SEED DEPOT>	Below	Minimum	Tolerance	 	 	 
2023	STE. ROSE	RED SPRING WHEAT	CARDALE (BW429)	3	2,473.0	1.752	Tonnes	64.4	Bushels
2023	STUARTBURN	RED SPRING WHEAT	AAC BRANDON (BW 932)	Below	Minimum	Tolerance	 	 	 
2023	SWAN VALLEY WEST	RED SPRING WHEAT	AAC BRANDON (BW 932)	Below	Minimum	Tolerance	 	 	 
2023	SWAN VALLEY WEST	RED SPRING WHEAT	AAC HOCKLEY |BW5044|	41	16,353.0	1.845	Tonnes	67.8	Bushels
2023	SWAN VALLEY WEST	RED SPRING WHEAT	AAC HODGE |BW1069|	Below	Minimum	Tolerance	 	 	 
2023	SWAN VALLEY WEST	RED SPRING WHEAT	AAC LEROY VB <ALLIANCE>	Below	Minimum	Tolerance	 	 	 
2023	SWAN VALLEY WEST	RED SPRING WHEAT	AAC REDBERRY	5	2,149.0	1.106	Tonnes	40.6	Bushels
2023	SWAN VALLEY WEST	RED SPRING WHEAT	AAC REDSTAR <SECAN> |PT488|	3	532.0	1.573	Tonnes	57.8	Bushels
2023	SWAN VALLEY WEST	RED SPRING WHEAT	AAC STARBUCK <SECAN>	3	1,435.0	1.988	Tonnes	73.0	Bushels
2023	SWAN VALLEY WEST	RED SPRING WHEAT	AAC TISDALE (PT250)	8	2,009.0	1.566	Tonnes	57.5	Bushels
2023	SWAN VALLEY WEST	RED SPRING WHEAT	AAC VIEWFIELD <FP GENETICS>|BW965| EXP	60	43,855.0	1.802	Tonnes	66.2	Bushels
2023	SWAN VALLEY WEST	RED SPRING WHEAT	AAC WHEATLAND <SECAN>	29	16,870.0	1.914	Tonnes	70.3	Bushels
2023	SWAN VALLEY WEST	RED SPRING WHEAT	AC DOMAIN (BW 148)	Below	Minimum	Tolerance	 	 	 
2023	SWAN VALLEY WEST	RED SPRING WHEAT	BOLLES <SEED DEPOT>	Below	Minimum	Tolerance	 	 	 
2023	SWAN VALLEY WEST	RED SPRING WHEAT	CDC HUGHES <CPSC> |PT588|	Below	Minimum	Tolerance	 	 	 
2023	SWAN VALLEY WEST	RED SPRING WHEAT	CDC LANDMARK	3	521.0	1.257	Tonnes	46.2	Bushels
2023	SWAN VALLEY WEST	RED SPRING WHEAT	CDC PLENTIFUL (PT580)	Below	Minimum	Tolerance	 	 	 
2023	SWAN VALLEY WEST	RED SPRING WHEAT	HARVEST (BW259)	Below	Minimum	Tolerance	 	 	 
2023	SWAN VALLEY WEST	RED SPRING WHEAT	SY GABBRO <SYNGENTA>	4	1,640.0	1.609	Tonnes	59.1	Bushels
2023	SWAN VALLEY WEST	RED SPRING WHEAT	SY MANNESS	11	3,636.0	1.796	Tonnes	66.0	Bushels
2023	TACHE	RED SPRING WHEAT	AAC BRANDON (BW 932)	46	13,201.0	1.793	Tonnes	65.9	Bushels
2023	TACHE	RED SPRING WHEAT	AAC HOCKLEY |BW5044|	Below	Minimum	Tolerance	 	 	 
2023	TACHE	RED SPRING WHEAT	AAC HODGE |BW1069|	Below	Minimum	Tolerance	 	 	 
2023	TACHE	RED SPRING WHEAT	AAC REDBERRY	Below	Minimum	Tolerance	 	 	 
2023	TACHE	RED SPRING WHEAT	AAC STARBUCK <SECAN>	Below	Minimum	Tolerance	 	 	 
2023	TACHE	RED SPRING WHEAT	CARDALE (BW429)	Below	Minimum	Tolerance	 	 	 
2023	TACHE	RED SPRING WHEAT	CDC STANLEY (BW880)	Below	Minimum	Tolerance	 	 	 
2023	TACHE	RED SPRING WHEAT	CS DAYBREAK <CANTERRA>	Below	Minimum	Tolerance	 	 	 
2023	THOMPSON	RED SPRING WHEAT	AAC BRANDON (BW 932)	27	9,223.8	1.825	Tonnes	67.1	Bushels
2023	THOMPSON	RED SPRING WHEAT	AAC BROADACRES <PROVEN>	Below	Minimum	Tolerance	 	 	 
2023	THOMPSON	RED SPRING WHEAT	AAC ELIE(BW931)	Below	Minimum	Tolerance	 	 	 
2023	THOMPSON	RED SPRING WHEAT	AAC HOCKLEY |BW5044|	5	793.0	2.009	Tonnes	73.8	Bushels
2023	THOMPSON	RED SPRING WHEAT	AAC STARBUCK <SECAN>	19	6,935.0	1.797	Tonnes	66.0	Bushels
2023	THOMPSON	RED SPRING WHEAT	CARBERRY (BW874)	Below	Minimum	Tolerance	 	 	 
2023	THOMPSON	RED SPRING WHEAT	CARDALE (BW429)	Below	Minimum	Tolerance	 	 	 
2023	THOMPSON	RED SPRING WHEAT	SY CAST	Below	Minimum	Tolerance	 	 	 
2023	THOMPSON	RED SPRING WHEAT	SY TORACH <SYNGENTA>	Below	Minimum	Tolerance	 	 	 
2023	TWO BORDERS	RED SPRING WHEAT	AAC BRANDON (BW 932)	56	42,179.0	1.343	Tonnes	49.3	Bushels
2023	TWO BORDERS	RED SPRING WHEAT	AAC BROADACRES <PROVEN>	Below	Minimum	Tolerance	 	 	 
2023	TWO BORDERS	RED SPRING WHEAT	AAC ELIE(BW931)	33	21,440.0	1.276	Tonnes	46.9	Bushels
2023	TWO BORDERS	RED SPRING WHEAT	AAC HOCKLEY |BW5044|	3	764.0	1.109	Tonnes	40.8	Bushels
2023	TWO BORDERS	RED SPRING WHEAT	AAC HODGE |BW1069|	3	553.0	0.123	Tonnes	4.5	Bushels
2023	TWO BORDERS	RED SPRING WHEAT	AAC LEROY VB <ALLIANCE>	13	9,437.0	1.198	Tonnes	44.0	Bushels
2023	TWO BORDERS	RED SPRING WHEAT	AAC REDBERRY	5	1,646.0	1.272	Tonnes	46.7	Bushels
2023	TWO BORDERS	RED SPRING WHEAT	AAC STARBUCK <SECAN>	16	5,109.0	1.270	Tonnes	46.7	Bushels
2023	TWO BORDERS	RED SPRING WHEAT	AAC VIEWFIELD <FP GENETICS>|BW965| EXP	3	1,593.0	1.199	Tonnes	44.1	Bushels
2023	TWO BORDERS	RED SPRING WHEAT	AAC WHEATLAND <SECAN>	8	3,735.0	1.016	Tonnes	37.3	Bushels
2023	TWO BORDERS	RED SPRING WHEAT	AC BARRIE (BW 661)	Below	Minimum	Tolerance	 	 	 
2023	TWO BORDERS	RED SPRING WHEAT	BOLLES <SEED DEPOT>	Below	Minimum	Tolerance	 	 	 
2023	TWO BORDERS	RED SPRING WHEAT	CARBERRY (BW874)	4	2,327.0	1.368	Tonnes	50.3	Bushels
2023	TWO BORDERS	RED SPRING WHEAT	CDC ADAMANT (BW488)	Below	Minimum	Tolerance	 	 	 
2023	TWO BORDERS	RED SPRING WHEAT	CDC HUGHES <CPSC> |PT588|	Below	Minimum	Tolerance	 	 	 
2023	TWO BORDERS	RED SPRING WHEAT	SY BRAWN	Below	Minimum	Tolerance	 	 	 
2023	TWO BORDERS	RED SPRING WHEAT	SY CAST	Below	Minimum	Tolerance	 	 	 
2023	TWO BORDERS	RED SPRING WHEAT	SY TORACH <SYNGENTA>	Below	Minimum	Tolerance	 	 	 
2023	UNORG TERRITORY	RED SPRING WHEAT	AAC BRANDON (BW 932)	Below	Minimum	Tolerance	 	 	 
2023	UNORG TERRITORY	RED SPRING WHEAT	AAC STARBUCK <SECAN>	Below	Minimum	Tolerance	 	 	 
2023	VICTORIA	RED SPRING WHEAT	AAC BRANDON (BW 932)	19	5,488.0	1.645	Tonnes	60.4	Bushels
2023	VICTORIA	RED SPRING WHEAT	AAC ELIE(BW931)	6	1,368.0	1.559	Tonnes	57.3	Bushels
2023	VICTORIA	RED SPRING WHEAT	AAC HOCKLEY |BW5044|	Below	Minimum	Tolerance	 	 	 
2023	VICTORIA	RED SPRING WHEAT	AAC LEROY VB <ALLIANCE>	3	592.0	1.558	Tonnes	57.3	Bushels
2023	VICTORIA	RED SPRING WHEAT	AAC REDBERRY	Below	Minimum	Tolerance	 	 	 
2023	VICTORIA	RED SPRING WHEAT	AAC STARBUCK <SECAN>	16	4,659.0	1.677	Tonnes	61.6	Bushels
2023	VICTORIA	RED SPRING WHEAT	AAC WHEATLAND <SECAN>	Below	Minimum	Tolerance	 	 	 
2023	VICTORIA	RED SPRING WHEAT	AC BARRIE (BW 661)	Below	Minimum	Tolerance	 	 	 
2023	VICTORIA	RED SPRING WHEAT	SY CAST	Below	Minimum	Tolerance	 	 	 
2023	VICTORIA	RED SPRING WHEAT	SY TORACH <SYNGENTA>	Below	Minimum	Tolerance	 	 	 
2023	WALLACE-WOODWORTH	RED SPRING WHEAT	AAC BRANDON (BW 932)	59	23,683.0	1.596	Tonnes	58.6	Bushels
2023	WALLACE-WOODWORTH	RED SPRING WHEAT	AAC ELIE(BW931)	Below	Minimum	Tolerance	 	 	 
2023	WALLACE-WOODWORTH	RED SPRING WHEAT	AAC HOCKLEY |BW5044|	14	3,396.0	1.688	Tonnes	62.0	Bushels
2023	WALLACE-WOODWORTH	RED SPRING WHEAT	AAC HODGE |BW1069|	8	2,118.0	1.474	Tonnes	54.2	Bushels
2023	WALLACE-WOODWORTH	RED SPRING WHEAT	AAC LEROY VB <ALLIANCE>	5	1,555.0	1.645	Tonnes	60.5	Bushels
2023	WALLACE-WOODWORTH	RED SPRING WHEAT	AAC REDSTAR <SECAN> |PT488|	Below	Minimum	Tolerance	 	 	 
2023	WALLACE-WOODWORTH	RED SPRING WHEAT	AAC STARBUCK <SECAN>	50	21,524.5	1.690	Tonnes	62.1	Bushels
2023	WALLACE-WOODWORTH	RED SPRING WHEAT	AAC VIEWFIELD <FP GENETICS>|BW965| EXP	Below	Minimum	Tolerance	 	 	 
2023	WALLACE-WOODWORTH	RED SPRING WHEAT	AAC WHEATLAND <SECAN>	41	15,697.0	1.753	Tonnes	64.4	Bushels
2023	WALLACE-WOODWORTH	RED SPRING WHEAT	AC BARRIE (BW 661)	Below	Minimum	Tolerance	 	 	 
2023	WALLACE-WOODWORTH	RED SPRING WHEAT	BOLLES <SEED DEPOT>	8	1,594.0	1.131	Tonnes	41.6	Bushels
2023	WALLACE-WOODWORTH	RED SPRING WHEAT	CDC LANDMARK	Below	Minimum	Tolerance	 	 	 
2023	WALLACE-WOODWORTH	RED SPRING WHEAT	GLENN	Below	Minimum	Tolerance	 	 	 
2023	WALLACE-WOODWORTH	RED SPRING WHEAT	SY TORACH <SYNGENTA>	6	1,609.0	1.202	Tonnes	44.2	Bushels
2023	WEST INTERLAKE	RED SPRING WHEAT	AAC BRANDON (BW 932)	Below	Minimum	Tolerance	 	 	 
2023	WEST INTERLAKE	RED SPRING WHEAT	AAC LEROY VB <ALLIANCE>	Below	Minimum	Tolerance	 	 	 
2023	WEST INTERLAKE	RED SPRING WHEAT	AAC REDBERRY	Below	Minimum	Tolerance	 	 	 
2023	WEST INTERLAKE	RED SPRING WHEAT	AAC STARBUCK <SECAN>	Below	Minimum	Tolerance	 	 	 
2023	WEST INTERLAKE	RED SPRING WHEAT	AAC VIEWFIELD <FP GENETICS>|BW965| EXP	Below	Minimum	Tolerance	 	 	 
2023	WEST INTERLAKE	RED SPRING WHEAT	CARDALE (BW429)	Below	Minimum	Tolerance	 	 	 
2023	WEST INTERLAKE	RED SPRING WHEAT	CS DAYBREAK <CANTERRA>	3	551.0	0.600	Tonnes	22.0	Bushels
2023	WEST ST. PAUL	RED SPRING WHEAT	AAC HOCKLEY |BW5044|	Below	Minimum	Tolerance	 	 	 
2023	WEST ST. PAUL	RED SPRING WHEAT	AAC STARBUCK <SECAN>	6	1,822.0	1.679	Tonnes	61.7	Bushels
2023	WESTLAKE-GLADSTONE	RED SPRING WHEAT	AAC BRANDON (BW 932)	55	33,918.0	1.617	Tonnes	59.4	Bushels
2023	WESTLAKE-GLADSTONE	RED SPRING WHEAT	AAC ELIE(BW931)	Below	Minimum	Tolerance	 	 	 
2023	WESTLAKE-GLADSTONE	RED SPRING WHEAT	AAC HOCKLEY |BW5044|	Below	Minimum	Tolerance	 	 	 
2023	WESTLAKE-GLADSTONE	RED SPRING WHEAT	AAC HODGE |BW1069|	9	1,551.0	1.580	Tonnes	58.1	Bushels
2023	WESTLAKE-GLADSTONE	RED SPRING WHEAT	AAC LEROY VB <ALLIANCE>	4	3,532.0	1.592	Tonnes	58.5	Bushels
2023	WESTLAKE-GLADSTONE	RED SPRING WHEAT	AAC REDBERRY	5	3,576.0	1.345	Tonnes	49.4	Bushels
2023	WESTLAKE-GLADSTONE	RED SPRING WHEAT	AAC STARBUCK <SECAN>	30	15,704.0	1.673	Tonnes	61.5	Bushels
2023	WESTLAKE-GLADSTONE	RED SPRING WHEAT	AAC VIEWFIELD <FP GENETICS>|BW965| EXP	Below	Minimum	Tolerance	 	 	 
2023	WESTLAKE-GLADSTONE	RED SPRING WHEAT	AAC WHEATLAND <SECAN>	3	1,827.0	1.742	Tonnes	64.0	Bushels
2023	WESTLAKE-GLADSTONE	RED SPRING WHEAT	BOLLES <SEED DEPOT>	Below	Minimum	Tolerance	 	 	 
2023	WHITEHEAD	RED SPRING WHEAT	AAC BRANDON (BW 932)	38	17,947.0	1.656	Tonnes	60.8	Bushels
2023	WHITEHEAD	RED SPRING WHEAT	AAC BROADACRES <PROVEN>	Below	Minimum	Tolerance	 	 	 
2023	WHITEHEAD	RED SPRING WHEAT	AAC ELIE(BW931)	Below	Minimum	Tolerance	 	 	 
2023	WHITEHEAD	RED SPRING WHEAT	AAC HOCKLEY |BW5044|	5	1,330.0	1.669	Tonnes	61.3	Bushels
2023	WHITEHEAD	RED SPRING WHEAT	AAC LEROY VB <ALLIANCE>	Below	Minimum	Tolerance	 	 	 
2023	WHITEHEAD	RED SPRING WHEAT	AAC STARBUCK <SECAN>	9	3,397.0	1.732	Tonnes	63.6	Bushels
2023	WHITEHEAD	RED SPRING WHEAT	AAC WHEATLAND <SECAN>	10	4,930.0	1.932	Tonnes	71.0	Bushels
2023	WHITEHEAD	RED SPRING WHEAT	SY CAST	Below	Minimum	Tolerance	 	 	 
2023	WHITEHEAD	RED SPRING WHEAT	SY MANNESS	Below	Minimum	Tolerance	 	 	 
2023	WHITEMOUTH	RED SPRING WHEAT	AAC BRANDON (BW 932)	Below	Minimum	Tolerance	 	 	 
2023	WHITEMOUTH	RED SPRING WHEAT	AAC HOCKLEY |BW5044|	Below	Minimum	Tolerance	 	 	 
2023	WHITEMOUTH	RED SPRING WHEAT	AAC HODGE |BW1069|	Below	Minimum	Tolerance	 	 	 
2023	WHITEMOUTH	RED SPRING WHEAT	AAC STARBUCK <SECAN>	Below	Minimum	Tolerance	 	 	 
2023	WHITEMOUTH	RED SPRING WHEAT	AAC VIEWFIELD <FP GENETICS>|BW965| EXP	Below	Minimum	Tolerance	 	 	 
2023	WHITEMOUTH	RED SPRING WHEAT	GLENN	Below	Minimum	Tolerance	 	 	 
2023	WHITEMOUTH	RED SPRING WHEAT	SY CAST	Below	Minimum	Tolerance	 	 	 
2023	WINNIPEG	RED SPRING WHEAT	AAC BRANDON (BW 932)	3	730.0	1.447	Tonnes	53.2	Bushels
2023	WINNIPEG	RED SPRING WHEAT	AAC HOCKLEY |BW5044|	Below	Minimum	Tolerance	 	 	 
2023	WINNIPEG	RED SPRING WHEAT	AAC STARBUCK <SECAN>	4	1,488.0	1.861	Tonnes	68.4	Bushels
2023	WOODLANDS	RED SPRING WHEAT	AAC BRANDON (BW 932)	23	8,892.0	1.527	Tonnes	56.1	Bushels
2023	WOODLANDS	RED SPRING WHEAT	AAC HOCKLEY |BW5044|	Below	Minimum	Tolerance	 	 	 
2023	WOODLANDS	RED SPRING WHEAT	AAC HODGE |BW1069|	Below	Minimum	Tolerance	 	 	 
2023	WOODLANDS	RED SPRING WHEAT	AAC LEROY VB <ALLIANCE>	8	1,795.0	1.498	Tonnes	55.1	Bushels
2023	WOODLANDS	RED SPRING WHEAT	AAC STARBUCK <SECAN>	33	11,340.0	1.751	Tonnes	64.3	Bushels
2023	WOODLANDS	RED SPRING WHEAT	CARBERRY (BW874)	Below	Minimum	Tolerance	 	 	 
2023	WOODLANDS	RED SPRING WHEAT	CARDALE (BW429)	Below	Minimum	Tolerance	 	 	 
2023	WOODLANDS	RED SPRING WHEAT	CDC PLENTIFUL (PT580)	Below	Minimum	Tolerance	 	 	 
2023	WOODLANDS	RED SPRING WHEAT	SY MANNESS	Below	Minimum	Tolerance	 	 	 
2023	WOODLANDS	RED SPRING WHEAT	SY TORACH <SYNGENTA>	Below	Minimum	Tolerance	 	 	 
2023	YELLOWHEAD	RED SPRING WHEAT	AAC BRANDON (BW 932)	16	3,455.0	1.694	Tonnes	62.3	Bushels
2023	YELLOWHEAD	RED SPRING WHEAT	AAC ELIE(BW931)	Below	Minimum	Tolerance	 	 	 
2023	YELLOWHEAD	RED SPRING WHEAT	AAC HOCKLEY |BW5044|	7	2,636.0	2.118	Tonnes	77.8	Bushels
2023	YELLOWHEAD	RED SPRING WHEAT	AAC HODGE |BW1069|	14	3,266.0	2.008	Tonnes	73.8	Bushels
2023	YELLOWHEAD	RED SPRING WHEAT	AAC LEROY VB <ALLIANCE>	3	778.0	2.133	Tonnes	78.4	Bushels
2023	YELLOWHEAD	RED SPRING WHEAT	AAC REDBERRY	11	3,822.0	1.750	Tonnes	64.3	Bushels
2023	YELLOWHEAD	RED SPRING WHEAT	AAC STARBUCK <SECAN>	31	12,908.0	1.918	Tonnes	70.5	Bushels
2023	YELLOWHEAD	RED SPRING WHEAT	AAC WHEATLAND <SECAN>	27	16,842.0	2.019	Tonnes	74.2	Bushels
2023	YELLOWHEAD	RED SPRING WHEAT	BOLLES <SEED DEPOT>	7	5,657.0	2.153	Tonnes	79.1	Bushels
2023	YELLOWHEAD	RED SPRING WHEAT	SOMERSET (BW307)	Below	Minimum	Tolerance	 	 	 
2023	YELLOWHEAD	RED SPRING WHEAT	SY GABBRO <SYNGENTA>	Below	Minimum	Tolerance	 	 	 
2023	YELLOWHEAD	RED SPRING WHEAT	SY MANNESS	4	1,306.0	2.152	Tonnes	79.1	Bushels
2023	YELLOWHEAD	RED SPRING WHEAT	SY TORACH <SYNGENTA>	Below	Minimum	Tolerance	 	 	 
2024	ALEXANDER	RED SPRING WHEAT	AAC BRANDON (BW 932)	3	657.0	1.885	Tonnes	69.3	Bushels
2024	ALEXANDER	RED SPRING WHEAT	AAC ELIE(BW931)	3	2,105.0	2.172	Tonnes	79.8	Bushels
2024	ALEXANDER	RED SPRING WHEAT	AAC REDBERRY	Below	Minimum	Tolerance	 	 	 
2024	ALEXANDER	RED SPRING WHEAT	AAC STARBUCK <SECAN>	3	1,365.0	1.900	Tonnes	69.8	Bushels
2024	ALEXANDER	RED SPRING WHEAT	AAC VIEWFIELD <FP GENETICS>|BW965| EXP	3	1,219.0	1.829	Tonnes	67.2	Bushels
2024	ALEXANDER	RED SPRING WHEAT	CARDALE (BW429)	Below	Minimum	Tolerance	 	 	 
2024	ALEXANDER	RED SPRING WHEAT	SY MANNESS	Below	Minimum	Tolerance	 	 	 
2024	ALONSA	RED SPRING WHEAT	AAC BRANDON (BW 932)	10	3,510.0	1.389	Tonnes	51.1	Bushels
2024	ALONSA	RED SPRING WHEAT	AAC ELIE(BW931)	Below	Minimum	Tolerance	 	 	 
2024	ALONSA	RED SPRING WHEAT	AAC HOCKLEY |BW5044|	5	3,260.0	1.829	Tonnes	67.2	Bushels
2024	ALONSA	RED SPRING WHEAT	AAC REDBERRY	3	1,028.0	1.317	Tonnes	48.4	Bushels
2024	ALONSA	RED SPRING WHEAT	AAC STARBUCK <SECAN>	Below	Minimum	Tolerance	 	 	 
2024	ALONSA	RED SPRING WHEAT	BOLLES <SEED DEPOT>	Below	Minimum	Tolerance	 	 	 
2024	ARGYLE	RED SPRING WHEAT	AAC BRANDON (BW 932)	53	20,613.2	1.757	Tonnes	64.6	Bushels
2024	ARGYLE	RED SPRING WHEAT	AAC BROADACRES <PROVEN>	Below	Minimum	Tolerance	 	 	 
2024	ARGYLE	RED SPRING WHEAT	AAC HOCKLEY |BW5044|	6	1,255.0	1.955	Tonnes	71.8	Bushels
2024	ARGYLE	RED SPRING WHEAT	AAC HODGE |BW1069|	3	709.0	1.949	Tonnes	71.6	Bushels
2024	ARGYLE	RED SPRING WHEAT	AAC STARBUCK <SECAN>	22	7,857.5	1.941	Tonnes	71.3	Bushels
2024	ARGYLE	RED SPRING WHEAT	AAC WHEATLAND <SECAN>	Below	Minimum	Tolerance	 	 	 
2024	ARGYLE	RED SPRING WHEAT	AC BARRIE (BW 661)	Below	Minimum	Tolerance	 	 	 
2024	ARGYLE	RED SPRING WHEAT	SY MANNESS	6	885.0	2.090	Tonnes	76.8	Bushels
2024	ARMSTRONG	RED SPRING WHEAT	AAC BRANDON (BW 932)	Below	Minimum	Tolerance	 	 	 
2024	ARMSTRONG	RED SPRING WHEAT	AAC BROADACRES <PROVEN>	Below	Minimum	Tolerance	 	 	 
2024	ARMSTRONG	RED SPRING WHEAT	AAC HOCKLEY |BW5044|	Below	Minimum	Tolerance	 	 	 
2024	ARMSTRONG	RED SPRING WHEAT	AAC STARBUCK <SECAN>	Below	Minimum	Tolerance	 	 	 
2024	ARMSTRONG	RED SPRING WHEAT	CDC HUGHES <CPSC> |PT588|	Below	Minimum	Tolerance	 	 	 
2024	BIFROST-RIVERTON	RED SPRING WHEAT	AAC BRANDON (BW 932)	16	5,264.0	1.255	Tonnes	46.1	Bushels
2024	BIFROST-RIVERTON	RED SPRING WHEAT	AAC BROADACRES <PROVEN>	3	607.0	1.155	Tonnes	42.4	Bushels
2024	BIFROST-RIVERTON	RED SPRING WHEAT	AAC HOCKLEY |BW5044|	17	4,471.0	1.382	Tonnes	50.8	Bushels
2024	BIFROST-RIVERTON	RED SPRING WHEAT	AAC HODGE |BW1069|	Below	Minimum	Tolerance	 	 	 
2024	BIFROST-RIVERTON	RED SPRING WHEAT	AAC SPIKE	Below	Minimum	Tolerance	 	 	 
2024	BIFROST-RIVERTON	RED SPRING WHEAT	AAC STARBUCK <SECAN>	3	1,255.0	1.727	Tonnes	63.5	Bushels
2024	BIFROST-RIVERTON	RED SPRING WHEAT	AAC VIEWFIELD <FP GENETICS>|BW965| EXP	7	1,846.0	1.489	Tonnes	54.7	Bushels
2024	BIFROST-RIVERTON	RED SPRING WHEAT	CS DAYBREAK <CANTERRA>	6	1,174.0	1.280	Tonnes	47.0	Bushels
2024	BIFROST-RIVERTON	RED SPRING WHEAT	SY MANNESS	24	6,916.0	1.593	Tonnes	58.5	Bushels
2024	BOISSEVAIN-MORTON	RED SPRING WHEAT	AAC BRANDON (BW 932)	19	8,766.0	1.980	Tonnes	72.8	Bushels
2024	BOISSEVAIN-MORTON	RED SPRING WHEAT	AAC BROADACRES <PROVEN>	Below	Minimum	Tolerance	 	 	 
2024	BOISSEVAIN-MORTON	RED SPRING WHEAT	AAC ELIE(BW931)	Below	Minimum	Tolerance	 	 	 
2024	BOISSEVAIN-MORTON	RED SPRING WHEAT	AAC HOCKLEY |BW5044|	3	730.0	2.031	Tonnes	74.6	Bushels
2024	BOISSEVAIN-MORTON	RED SPRING WHEAT	AAC HODGE |BW1069|	13	5,515.0	2.059	Tonnes	75.6	Bushels
2024	BOISSEVAIN-MORTON	RED SPRING WHEAT	AAC LEROY VB <ALLIANCE>	Below	Minimum	Tolerance	 	 	 
2024	BOISSEVAIN-MORTON	RED SPRING WHEAT	AAC STARBUCK <SECAN>	12	6,257.0	2.057	Tonnes	75.6	Bushels
2024	BOISSEVAIN-MORTON	RED SPRING WHEAT	AAC TISDALE (PT250)	Below	Minimum	Tolerance	 	 	 
2024	BOISSEVAIN-MORTON	RED SPRING WHEAT	AAC WESTKING	Below	Minimum	Tolerance	 	 	 
2024	BOISSEVAIN-MORTON	RED SPRING WHEAT	AAC WHEATLAND <SECAN>	31	17,316.0	2.082	Tonnes	76.5	Bushels
2024	BRENDA-WASKADA	RED SPRING WHEAT	AAC BRANDON (BW 932)	47	32,843.0	1.795	Tonnes	65.9	Bushels
2024	BRENDA-WASKADA	RED SPRING WHEAT	AAC BROADACRES <PROVEN>	Below	Minimum	Tolerance	 	 	 
2024	BRENDA-WASKADA	RED SPRING WHEAT	AAC ELIE(BW931)	11	5,405.0	1.702	Tonnes	62.5	Bushels
2024	BRENDA-WASKADA	RED SPRING WHEAT	AAC HOCKLEY |BW5044|	Below	Minimum	Tolerance	 	 	 
2024	BRENDA-WASKADA	RED SPRING WHEAT	AAC HODGE |BW1069|	Below	Minimum	Tolerance	 	 	 
2024	BRENDA-WASKADA	RED SPRING WHEAT	AAC LEROY VB <ALLIANCE>	Below	Minimum	Tolerance	 	 	 
2024	BRENDA-WASKADA	RED SPRING WHEAT	AAC REDBERRY	Below	Minimum	Tolerance	 	 	 
2024	BRENDA-WASKADA	RED SPRING WHEAT	AAC STARBUCK <SECAN>	6	2,325.0	2.095	Tonnes	77.0	Bushels
2024	BRENDA-WASKADA	RED SPRING WHEAT	AAC WHEATLAND <SECAN>	14	6,033.0	1.990	Tonnes	73.1	Bushels
2024	BRENDA-WASKADA	RED SPRING WHEAT	BOLLES <SEED DEPOT>	Below	Minimum	Tolerance	 	 	 
2024	BRENDA-WASKADA	RED SPRING WHEAT	CARBERRY (BW874)	Below	Minimum	Tolerance	 	 	 
2024	BRENDA-WASKADA	RED SPRING WHEAT	SY TORACH <SYNGENTA>	Below	Minimum	Tolerance	 	 	 
2024	BROKENHEAD	RED SPRING WHEAT	AAC BRANDON (BW 932)	11	2,840.0	1.613	Tonnes	59.3	Bushels
2024	BROKENHEAD	RED SPRING WHEAT	AAC BROADACRES <PROVEN>	3	587.0	1.441	Tonnes	53.0	Bushels
2024	BROKENHEAD	RED SPRING WHEAT	AAC ELIE(BW931)	Below	Minimum	Tolerance	 	 	 
2024	BROKENHEAD	RED SPRING WHEAT	AAC HOCKLEY |BW5044|	12	1,964.0	1.840	Tonnes	67.6	Bushels
2024	BROKENHEAD	RED SPRING WHEAT	AAC LEROY VB <ALLIANCE>	Below	Minimum	Tolerance	 	 	 
2024	BROKENHEAD	RED SPRING WHEAT	AAC REDBERRY	3	580.0	1.464	Tonnes	53.8	Bushels
2024	BROKENHEAD	RED SPRING WHEAT	AAC STARBUCK <SECAN>	6	3,541.0	1.933	Tonnes	71.0	Bushels
2024	BROKENHEAD	RED SPRING WHEAT	AAC VIEWFIELD <FP GENETICS>|BW965| EXP	29	10,448.0	1.781	Tonnes	65.4	Bushels
2024	BROKENHEAD	RED SPRING WHEAT	BOLLES <SEED DEPOT>	3	804.0	1.652	Tonnes	60.7	Bushels
2024	BROKENHEAD	RED SPRING WHEAT	CARBERRY (BW874)	Below	Minimum	Tolerance	 	 	 
2024	BROKENHEAD	RED SPRING WHEAT	CARDALE (BW429)	Below	Minimum	Tolerance	 	 	 
2024	BROKENHEAD	RED SPRING WHEAT	CS DAYBREAK <CANTERRA>	Below	Minimum	Tolerance	 	 	 
2024	BROKENHEAD	RED SPRING WHEAT	GLENN	Below	Minimum	Tolerance	 	 	 
2024	BROKENHEAD	RED SPRING WHEAT	SY CAST	Below	Minimum	Tolerance	 	 	 
2024	BROKENHEAD	RED SPRING WHEAT	SY MANNESS	Below	Minimum	Tolerance	 	 	 
2024	CARTIER	RED SPRING WHEAT	AAC BRANDON (BW 932)	23	9,332.0	1.840	Tonnes	67.6	Bushels
2024	CARTIER	RED SPRING WHEAT	AAC HOCKLEY |BW5044|	8	3,316.0	1.889	Tonnes	69.4	Bushels
2024	CARTIER	RED SPRING WHEAT	AAC LEROY VB <ALLIANCE>	Below	Minimum	Tolerance	 	 	 
2024	CARTIER	RED SPRING WHEAT	AAC STARBUCK <SECAN>	20	9,338.0	1.973	Tonnes	72.5	Bushels
2024	CARTIER	RED SPRING WHEAT	AAC VIEWFIELD <FP GENETICS>|BW965| EXP	Below	Minimum	Tolerance	 	 	 
2024	CARTIER	RED SPRING WHEAT	AC BARRIE (BW 661)	Below	Minimum	Tolerance	 	 	 
2024	CARTIER	RED SPRING WHEAT	CONWAY	Below	Minimum	Tolerance	 	 	 
2024	CARTIER	RED SPRING WHEAT	SY GABBRO <SYNGENTA>	Below	Minimum	Tolerance	 	 	 
2024	CARTIER	RED SPRING WHEAT	SY MANNESS	3	1,252.0	2.487	Tonnes	91.4	Bushels
2024	CARTWRIGHT-ROBLIN	RED SPRING WHEAT	AAC BRANDON (BW 932)	24	8,218.0	1.849	Tonnes	67.9	Bushels
2024	CARTWRIGHT-ROBLIN	RED SPRING WHEAT	AAC BROADACRES <PROVEN>	Below	Minimum	Tolerance	 	 	 
2024	CARTWRIGHT-ROBLIN	RED SPRING WHEAT	AAC CAMERON VB <CANTERRA>	Below	Minimum	Tolerance	 	 	 
2024	CARTWRIGHT-ROBLIN	RED SPRING WHEAT	AAC ELIE(BW931)	Below	Minimum	Tolerance	 	 	 
2024	CARTWRIGHT-ROBLIN	RED SPRING WHEAT	AAC HOCKLEY |BW5044|	3	2,947.0	1.668	Tonnes	61.3	Bushels
2024	CARTWRIGHT-ROBLIN	RED SPRING WHEAT	AAC HODGE |BW1069|	5	841.0	1.655	Tonnes	60.8	Bushels
2024	CARTWRIGHT-ROBLIN	RED SPRING WHEAT	AAC LEROY VB <ALLIANCE>	Below	Minimum	Tolerance	 	 	 
2024	CARTWRIGHT-ROBLIN	RED SPRING WHEAT	AAC STARBUCK <SECAN>	11	4,613.0	2.020	Tonnes	74.2	Bushels
2024	CARTWRIGHT-ROBLIN	RED SPRING WHEAT	AAC WHEATLAND <SECAN>	17	5,123.0	1.818	Tonnes	66.8	Bushels
2024	CARTWRIGHT-ROBLIN	RED SPRING WHEAT	HARVEST (BW259)	Below	Minimum	Tolerance	 	 	 
2024	CARTWRIGHT-ROBLIN	RED SPRING WHEAT	WB-GUNNISON	Below	Minimum	Tolerance	 	 	 
2024	CLANWILLIAM-ERICKSON	RED SPRING WHEAT	AAC BRANDON (BW 932)	6	1,968.0	1.097	Tonnes	40.3	Bushels
2024	CLANWILLIAM-ERICKSON	RED SPRING WHEAT	AAC HOCKLEY |BW5044|	3	1,536.0	1.459	Tonnes	53.6	Bushels
2024	CLANWILLIAM-ERICKSON	RED SPRING WHEAT	AAC REDBERRY	Below	Minimum	Tolerance	 	 	 
2024	CLANWILLIAM-ERICKSON	RED SPRING WHEAT	AAC STARBUCK <SECAN>	5	1,450.0	1.449	Tonnes	53.2	Bushels
2024	CLANWILLIAM-ERICKSON	RED SPRING WHEAT	AAC WHEATLAND <SECAN>	3	1,614.0	1.657	Tonnes	60.9	Bushels
2024	CLANWILLIAM-ERICKSON	RED SPRING WHEAT	SY CAST	Below	Minimum	Tolerance	 	 	 
2024	CORNWALLIS	RED SPRING WHEAT	AAC BRANDON (BW 932)	23	7,734.0	1.654	Tonnes	60.8	Bushels
2024	CORNWALLIS	RED SPRING WHEAT	AAC ELIE(BW931)	Below	Minimum	Tolerance	 	 	 
2024	CORNWALLIS	RED SPRING WHEAT	AAC HODGE |BW1069|	Below	Minimum	Tolerance	 	 	 
2024	CORNWALLIS	RED SPRING WHEAT	AAC STARBUCK <SECAN>	8	2,520.0	1.556	Tonnes	57.2	Bushels
2024	CORNWALLIS	RED SPRING WHEAT	AAC WHEATLAND <SECAN>	5	3,138.0	1.901	Tonnes	69.9	Bushels
2024	CORNWALLIS	RED SPRING WHEAT	SY MANNESS	Below	Minimum	Tolerance	 	 	 
2024	DAUPHIN	RED SPRING WHEAT	AAC BRANDON (BW 932)	43	18,259.5	1.353	Tonnes	49.7	Bushels
2024	DAUPHIN	RED SPRING WHEAT	AAC CAMERON VB <CANTERRA>	Below	Minimum	Tolerance	 	 	 
2024	DAUPHIN	RED SPRING WHEAT	AAC HOCKLEY |BW5044|	6	1,319.0	1.429	Tonnes	52.5	Bushels
2024	DAUPHIN	RED SPRING WHEAT	AAC REDBERRY	5	1,333.0	1.263	Tonnes	46.4	Bushels
2024	DAUPHIN	RED SPRING WHEAT	AAC SPIKE	Below	Minimum	Tolerance	 	 	 
2024	DAUPHIN	RED SPRING WHEAT	AAC STARBUCK <SECAN>	25	7,947.0	1.445	Tonnes	53.1	Bushels
2024	DAUPHIN	RED SPRING WHEAT	AAC VIEWFIELD <FP GENETICS>|BW965| EXP	7	2,739.0	1.346	Tonnes	49.5	Bushels
2024	DAUPHIN	RED SPRING WHEAT	AAC WESTKING	Below	Minimum	Tolerance	 	 	 
2024	DAUPHIN	RED SPRING WHEAT	AAC WHEATLAND <SECAN>	15	6,345.0	1.350	Tonnes	49.6	Bushels
2024	DAUPHIN	RED SPRING WHEAT	AC DOMAIN (BW 148)	Below	Minimum	Tolerance	 	 	 
2024	DAUPHIN	RED SPRING WHEAT	BOLLES <SEED DEPOT>	Below	Minimum	Tolerance	 	 	 
2024	DAUPHIN	RED SPRING WHEAT	CARDALE (BW429)	Below	Minimum	Tolerance	 	 	 
2024	DAUPHIN	RED SPRING WHEAT	COLUMBUS	Below	Minimum	Tolerance	 	 	 
2024	DAUPHIN	RED SPRING WHEAT	JOURNEY (BW243)	Below	Minimum	Tolerance	 	 	 
2024	DAUPHIN	RED SPRING WHEAT	SY MANNESS	14	3,152.0	1.677	Tonnes	61.6	Bushels
2024	DELORAINE-WINCHESTER	RED SPRING WHEAT	AAC BRANDON (BW 932)	40	24,659.0	1.853	Tonnes	68.1	Bushels
2024	DELORAINE-WINCHESTER	RED SPRING WHEAT	AAC BROADACRES <PROVEN>	Below	Minimum	Tolerance	 	 	 
2024	DELORAINE-WINCHESTER	RED SPRING WHEAT	AAC ELIE(BW931)	4	3,974.0	2.042	Tonnes	75.0	Bushels
2024	DELORAINE-WINCHESTER	RED SPRING WHEAT	AAC HOCKLEY |BW5044|	3	1,045.0	1.784	Tonnes	65.5	Bushels
2024	DELORAINE-WINCHESTER	RED SPRING WHEAT	AAC LEROY VB <ALLIANCE>	Below	Minimum	Tolerance	 	 	 
2024	DELORAINE-WINCHESTER	RED SPRING WHEAT	AAC REDBERRY	Below	Minimum	Tolerance	 	 	 
2024	DELORAINE-WINCHESTER	RED SPRING WHEAT	AAC STARBUCK <SECAN>	4	1,710.0	1.757	Tonnes	64.6	Bushels
2024	DELORAINE-WINCHESTER	RED SPRING WHEAT	AAC WHEATLAND <SECAN>	9	4,344.0	1.937	Tonnes	71.2	Bushels
2024	DELORAINE-WINCHESTER	RED SPRING WHEAT	BOLLES <SEED DEPOT>	Below	Minimum	Tolerance	 	 	 
2024	DELORAINE-WINCHESTER	RED SPRING WHEAT	CDC ENVY	Below	Minimum	Tolerance	 	 	 
2024	DELORAINE-WINCHESTER	RED SPRING WHEAT	SY CAST	Below	Minimum	Tolerance	 	 	 
2024	DESALABERRY	RED SPRING WHEAT	AAC BRANDON (BW 932)	21	9,662.0	2.032	Tonnes	74.7	Bushels
2024	DESALABERRY	RED SPRING WHEAT	AAC HODGE |BW1069|	3	939.0	1.947	Tonnes	71.5	Bushels
2024	DESALABERRY	RED SPRING WHEAT	AAC STARBUCK <SECAN>	20	8,379.0	2.132	Tonnes	78.4	Bushels
2024	DESALABERRY	RED SPRING WHEAT	AAC TISDALE (PT250)	Below	Minimum	Tolerance	 	 	 
2024	DESALABERRY	RED SPRING WHEAT	AAC WESTKING	Below	Minimum	Tolerance	 	 	 
2024	DESALABERRY	RED SPRING WHEAT	CS DAYBREAK <CANTERRA>	Below	Minimum	Tolerance	 	 	 
2024	DESALABERRY	RED SPRING WHEAT	SY MANNESS	Below	Minimum	Tolerance	 	 	 
2024	DUFFERIN	RED SPRING WHEAT	AAC BRANDON (BW 932)	33	8,591.0	2.081	Tonnes	76.5	Bushels
2024	DUFFERIN	RED SPRING WHEAT	AAC HOCKLEY |BW5044|	15	4,690.0	1.943	Tonnes	71.4	Bushels
2024	DUFFERIN	RED SPRING WHEAT	AAC HODGE |BW1069|	Below	Minimum	Tolerance	 	 	 
2024	DUFFERIN	RED SPRING WHEAT	AAC LEROY VB <ALLIANCE>	4	1,201.0	2.060	Tonnes	75.7	Bushels
2024	DUFFERIN	RED SPRING WHEAT	AAC STARBUCK <SECAN>	28	5,941.0	1.991	Tonnes	73.2	Bushels
2024	DUFFERIN	RED SPRING WHEAT	AAC WHEATLAND <SECAN>	4	744.0	1.778	Tonnes	65.3	Bushels
2024	DUFFERIN	RED SPRING WHEAT	BOLLES <SEED DEPOT>	Below	Minimum	Tolerance	 	 	 
2024	DUFFERIN	RED SPRING WHEAT	SY GABBRO <SYNGENTA>	Below	Minimum	Tolerance	 	 	 
2024	DUFFERIN	RED SPRING WHEAT	SY MANNESS	4	842.0	1.422	Tonnes	52.3	Bushels
2024	EAST ST PAUL	RED SPRING WHEAT	AAC STARBUCK <SECAN>	Below	Minimum	Tolerance	 	 	 
2024	ELLICE-ARCHIE	RED SPRING WHEAT	AAC BRANDON (BW 932)	5	4,048.0	1.595	Tonnes	58.6	Bushels
2024	ELLICE-ARCHIE	RED SPRING WHEAT	AAC ELIE(BW931)	Below	Minimum	Tolerance	 	 	 
2024	ELLICE-ARCHIE	RED SPRING WHEAT	AAC HOCKLEY |BW5044|	4	1,672.0	2.166	Tonnes	79.6	Bushels
2024	ELLICE-ARCHIE	RED SPRING WHEAT	AAC HODGE |BW1069|	5	2,242.0	1.875	Tonnes	68.9	Bushels
2024	ELLICE-ARCHIE	RED SPRING WHEAT	AAC LEROY VB <ALLIANCE>	5	1,322.0	1.761	Tonnes	64.7	Bushels
2024	ELLICE-ARCHIE	RED SPRING WHEAT	AAC REDBERRY	Below	Minimum	Tolerance	 	 	 
2024	ELLICE-ARCHIE	RED SPRING WHEAT	AAC STARBUCK <SECAN>	13	6,705.0	1.897	Tonnes	69.7	Bushels
2024	ELLICE-ARCHIE	RED SPRING WHEAT	AAC WESTKING	Below	Minimum	Tolerance	 	 	 
2024	ELLICE-ARCHIE	RED SPRING WHEAT	AAC WHEATLAND <SECAN>	14	7,614.0	1.650	Tonnes	60.6	Bushels
2024	ELLICE-ARCHIE	RED SPRING WHEAT	BOLLES <SEED DEPOT>	3	882.0	1.632	Tonnes	60.0	Bushels
2024	ELLICE-ARCHIE	RED SPRING WHEAT	CDC HUGHES <CPSC> |PT588|	Below	Minimum	Tolerance	 	 	 
2024	ELLICE-ARCHIE	RED SPRING WHEAT	CDC PLENTIFUL (PT580)	Below	Minimum	Tolerance	 	 	 
2024	ELLICE-ARCHIE	RED SPRING WHEAT	SY MANNESS	3	1,146.0	1.892	Tonnes	69.5	Bushels
2024	ELTON	RED SPRING WHEAT	AAC BRANDON (BW 932)	36	18,457.0	1.803	Tonnes	66.3	Bushels
2024	ELTON	RED SPRING WHEAT	AAC HOCKLEY |BW5044|	Below	Minimum	Tolerance	 	 	 
2024	ELTON	RED SPRING WHEAT	AAC HODGE |BW1069|	4	1,228.0	1.656	Tonnes	60.8	Bushels
2024	ELTON	RED SPRING WHEAT	AAC STARBUCK <SECAN>	22	12,074.0	1.895	Tonnes	69.6	Bushels
2024	ELTON	RED SPRING WHEAT	AAC WHEATLAND <SECAN>	4	1,905.0	1.930	Tonnes	70.9	Bushels
2024	ELTON	RED SPRING WHEAT	SY MANNESS	4	755.0	1.798	Tonnes	66.0	Bushels
2024	EMERSON-FRANKLIN	RED SPRING WHEAT	AAC BRANDON (BW 932)	29	15,680.0	1.959	Tonnes	72.0	Bushels
2024	EMERSON-FRANKLIN	RED SPRING WHEAT	AAC REDBERRY	Below	Minimum	Tolerance	 	 	 
2024	EMERSON-FRANKLIN	RED SPRING WHEAT	AAC STARBUCK <SECAN>	19	7,854.0	2.091	Tonnes	76.8	Bushels
2024	EMERSON-FRANKLIN	RED SPRING WHEAT	AAC VIEWFIELD <FP GENETICS>|BW965| EXP	Below	Minimum	Tolerance	 	 	 
2024	EMERSON-FRANKLIN	RED SPRING WHEAT	AAC WHEATLAND <SECAN>	Below	Minimum	Tolerance	 	 	 
2024	EMERSON-FRANKLIN	RED SPRING WHEAT	AC DOMAIN (BW 148)	Below	Minimum	Tolerance	 	 	 
2024	EMERSON-FRANKLIN	RED SPRING WHEAT	SY MANNESS	4	1,330.0	1.993	Tonnes	73.2	Bushels
2024	ETHELBERT	RED SPRING WHEAT	AAC BRANDON (BW 932)	3	860.0	0.497	Tonnes	18.3	Bushels
2024	ETHELBERT	RED SPRING WHEAT	AAC HOCKLEY |BW5044|	Below	Minimum	Tolerance	 	 	 
2024	ETHELBERT	RED SPRING WHEAT	AAC REDBERRY	Below	Minimum	Tolerance	 	 	 
2024	ETHELBERT	RED SPRING WHEAT	AAC STARBUCK <SECAN>	4	1,207.0	0.923	Tonnes	33.9	Bushels
2024	ETHELBERT	RED SPRING WHEAT	AAC VIEWFIELD <FP GENETICS>|BW965| EXP	Below	Minimum	Tolerance	 	 	 
2024	ETHELBERT	RED SPRING WHEAT	AAC WHEATLAND <SECAN>	Below	Minimum	Tolerance	 	 	 
2024	ETHELBERT	RED SPRING WHEAT	CARDALE (BW429)	Below	Minimum	Tolerance	 	 	 
2024	ETHELBERT	RED SPRING WHEAT	CDC STANLEY (BW880)	Below	Minimum	Tolerance	 	 	 
2024	FISHER	RED SPRING WHEAT	AAC BRANDON (BW 932)	10	1,409.0	1.222	Tonnes	44.9	Bushels
2024	FISHER	RED SPRING WHEAT	AAC BROADACRES <PROVEN>	Below	Minimum	Tolerance	 	 	 
2024	FISHER	RED SPRING WHEAT	AAC HOCKLEY |BW5044|	9	2,602.0	1.524	Tonnes	56.0	Bushels
2024	FISHER	RED SPRING WHEAT	AAC HODGE |BW1069|	Below	Minimum	Tolerance	 	 	 
2024	FISHER	RED SPRING WHEAT	AAC STARBUCK <SECAN>	Below	Minimum	Tolerance	 	 	 
2024	FISHER	RED SPRING WHEAT	AAC VIEWFIELD <FP GENETICS>|BW965| EXP	Below	Minimum	Tolerance	 	 	 
2024	FISHER	RED SPRING WHEAT	CARBERRY (BW874)	Below	Minimum	Tolerance	 	 	 
2024	FISHER	RED SPRING WHEAT	CDC STANLEY (BW880)	Below	Minimum	Tolerance	 	 	 
2024	FISHER	RED SPRING WHEAT	CDC TEAL (BW 616)	Below	Minimum	Tolerance	 	 	 
2024	FISHER	RED SPRING WHEAT	CS DAYBREAK <CANTERRA>	3	1,064.0	0.672	Tonnes	24.7	Bushels
2024	FISHER	RED SPRING WHEAT	SY MANNESS	Below	Minimum	Tolerance	 	 	 
2024	FISHER	RED SPRING WHEAT	SY TORACH <SYNGENTA>	Below	Minimum	Tolerance	 	 	 
2024	GILBERT PLAINS	RED SPRING WHEAT	5604HR CL (BW 878)	Below	Minimum	Tolerance	 	 	 
2024	GILBERT PLAINS	RED SPRING WHEAT	5605HR CL (BW918)	Below	Minimum	Tolerance	 	 	 
2024	GILBERT PLAINS	RED SPRING WHEAT	AAC BRANDON (BW 932)	22	7,312.0	1.386	Tonnes	50.9	Bushels
2024	GILBERT PLAINS	RED SPRING WHEAT	AAC ELIE(BW931)	Below	Minimum	Tolerance	 	 	 
2024	GILBERT PLAINS	RED SPRING WHEAT	AAC HOCKLEY |BW5044|	19	6,152.0	1.598	Tonnes	58.7	Bushels
2024	GILBERT PLAINS	RED SPRING WHEAT	AAC LEROY VB <ALLIANCE>	Below	Minimum	Tolerance	 	 	 
2024	GILBERT PLAINS	RED SPRING WHEAT	AAC REDBERRY	18	15,553.0	1.393	Tonnes	51.2	Bushels
2024	GILBERT PLAINS	RED SPRING WHEAT	AAC REDWATER (PT457)	Below	Minimum	Tolerance	 	 	 
2024	GILBERT PLAINS	RED SPRING WHEAT	AAC STARBUCK <SECAN>	8	3,906.0	1.531	Tonnes	56.3	Bushels
2024	GILBERT PLAINS	RED SPRING WHEAT	AAC TISDALE (PT250)	Below	Minimum	Tolerance	 	 	 
2024	GILBERT PLAINS	RED SPRING WHEAT	AAC VIEWFIELD <FP GENETICS>|BW965| EXP	15	6,754.0	1.505	Tonnes	55.3	Bushels
2024	GILBERT PLAINS	RED SPRING WHEAT	AAC WHEATLAND <SECAN>	13	4,646.0	1.377	Tonnes	50.6	Bushels
2024	GILBERT PLAINS	RED SPRING WHEAT	BOLLES <SEED DEPOT>	Below	Minimum	Tolerance	 	 	 
2024	GILBERT PLAINS	RED SPRING WHEAT	CARDALE (BW429)	Below	Minimum	Tolerance	 	 	 
2024	GILBERT PLAINS	RED SPRING WHEAT	CDC PLENTIFUL (PT580)	Below	Minimum	Tolerance	 	 	 
2024	GILBERT PLAINS	RED SPRING WHEAT	CDC STANLEY (BW880)	Below	Minimum	Tolerance	 	 	 
2024	GILBERT PLAINS	RED SPRING WHEAT	CDC VR MORRIS (BW423)	Below	Minimum	Tolerance	 	 	 
2024	GILBERT PLAINS	RED SPRING WHEAT	SY MANNESS	Below	Minimum	Tolerance	 	 	 
2024	GIMLI	RED SPRING WHEAT	AAC BRANDON (BW 932)	7	2,989.0	1.526	Tonnes	56.1	Bushels
2024	GIMLI	RED SPRING WHEAT	AAC BROADACRES <PROVEN>	Below	Minimum	Tolerance	 	 	 
2024	GIMLI	RED SPRING WHEAT	CARDALE (BW429)	Below	Minimum	Tolerance	 	 	 
2024	GLENBORO-SOUTH CYPRESS	RED SPRING WHEAT	AAC BRANDON (BW 932)	25	5,973.1	1.783	Tonnes	65.5	Bushels
2024	GLENBORO-SOUTH CYPRESS	RED SPRING WHEAT	AAC HOCKLEY |BW5044|	Below	Minimum	Tolerance	 	 	 
2024	GLENBORO-SOUTH CYPRESS	RED SPRING WHEAT	AAC HODGE |BW1069|	3	527.0	1.523	Tonnes	56.0	Bushels
2024	GLENBORO-SOUTH CYPRESS	RED SPRING WHEAT	AAC STARBUCK <SECAN>	7	1,006.0	1.804	Tonnes	66.3	Bushels
2024	GLENBORO-SOUTH CYPRESS	RED SPRING WHEAT	AAC WHEATLAND <SECAN>	Below	Minimum	Tolerance	 	 	 
2024	GLENBORO-SOUTH CYPRESS	RED SPRING WHEAT	AC BARRIE (BW 661)	Below	Minimum	Tolerance	 	 	 
2024	GLENBORO-SOUTH CYPRESS	RED SPRING WHEAT	SY MANNESS	Below	Minimum	Tolerance	 	 	 
2024	GLENELLA-LANSDOWNE	RED SPRING WHEAT	AAC BRANDON (BW 932)	36	16,805.0	1.639	Tonnes	60.2	Bushels
2024	GLENELLA-LANSDOWNE	RED SPRING WHEAT	AAC ELIE(BW931)	Below	Minimum	Tolerance	 	 	 
2024	GLENELLA-LANSDOWNE	RED SPRING WHEAT	AAC HOCKLEY |BW5044|	10	3,629.0	1.686	Tonnes	61.9	Bushels
2024	GLENELLA-LANSDOWNE	RED SPRING WHEAT	AAC HODGE |BW1069|	4	1,265.0	1.867	Tonnes	68.6	Bushels
2024	GLENELLA-LANSDOWNE	RED SPRING WHEAT	AAC REDBERRY	4	1,597.0	1.538	Tonnes	56.5	Bushels
2024	GLENELLA-LANSDOWNE	RED SPRING WHEAT	AAC STARBUCK <SECAN>	25	8,782.0	1.818	Tonnes	66.8	Bushels
2024	GLENELLA-LANSDOWNE	RED SPRING WHEAT	AAC VIEWFIELD <FP GENETICS>|BW965| EXP	Below	Minimum	Tolerance	 	 	 
2024	GLENELLA-LANSDOWNE	RED SPRING WHEAT	AAC WHEATLAND <SECAN>	Below	Minimum	Tolerance	 	 	 
2024	GLENELLA-LANSDOWNE	RED SPRING WHEAT	BOLLES <SEED DEPOT>	Below	Minimum	Tolerance	 	 	 
2024	GLENELLA-LANSDOWNE	RED SPRING WHEAT	SY MANNESS	Below	Minimum	Tolerance	 	 	 
2024	GRAHAMDALE	RED SPRING WHEAT	AAC HOCKLEY |BW5044|	4	1,330.0	1.260	Tonnes	46.3	Bushels
2024	GRAHAMDALE	RED SPRING WHEAT	AAC LEROY VB <ALLIANCE>	Below	Minimum	Tolerance	 	 	 
2024	GRAHAMDALE	RED SPRING WHEAT	AAC REDBERRY	Below	Minimum	Tolerance	 	 	 
2024	GRAHAMDALE	RED SPRING WHEAT	AAC STARBUCK <SECAN>	3	1,231.0	1.246	Tonnes	45.8	Bushels
2024	GRANDVIEW	RED SPRING WHEAT	AAC BRANDON (BW 932)	26	12,512.0	1.446	Tonnes	53.1	Bushels
2024	GRANDVIEW	RED SPRING WHEAT	AAC HOCKLEY |BW5044|	22	8,747.0	1.564	Tonnes	57.5	Bushels
2024	GRANDVIEW	RED SPRING WHEAT	AAC HODGE |BW1069|	3	855.0	1.462	Tonnes	53.7	Bushels
2024	GRANDVIEW	RED SPRING WHEAT	AAC REDBERRY	7	2,687.0	0.788	Tonnes	29.0	Bushels
2024	GRANDVIEW	RED SPRING WHEAT	AAC STARBUCK <SECAN>	9	4,199.0	1.873	Tonnes	68.8	Bushels
2024	GRANDVIEW	RED SPRING WHEAT	AAC STOUGHTON	Below	Minimum	Tolerance	 	 	 
2024	GRANDVIEW	RED SPRING WHEAT	AAC TISDALE (PT250)	Below	Minimum	Tolerance	 	 	 
2024	GRANDVIEW	RED SPRING WHEAT	AAC VIEWFIELD <FP GENETICS>|BW965| EXP	14	4,457.0	1.670	Tonnes	61.4	Bushels
2024	GRANDVIEW	RED SPRING WHEAT	AAC WESTKING	Below	Minimum	Tolerance	 	 	 
2024	GRANDVIEW	RED SPRING WHEAT	AAC WHEATLAND <SECAN>	22	10,951.0	1.421	Tonnes	52.2	Bushels
2024	GRANDVIEW	RED SPRING WHEAT	BOLLES <SEED DEPOT>	6	2,501.0	1.237	Tonnes	45.4	Bushels
2024	GRANDVIEW	RED SPRING WHEAT	CARDALE (BW429)	Below	Minimum	Tolerance	 	 	 
2024	GRANDVIEW	RED SPRING WHEAT	CDC PLENTIFUL (PT580)	Below	Minimum	Tolerance	 	 	 
2024	GRANDVIEW	RED SPRING WHEAT	SY MANNESS	4	1,354.0	1.309	Tonnes	48.1	Bushels
2024	GRASSLAND	RED SPRING WHEAT	AAC BRANDON (BW 932)	51	29,413.5	1.777	Tonnes	65.3	Bushels
2024	GRASSLAND	RED SPRING WHEAT	AAC BROADACRES <PROVEN>	Below	Minimum	Tolerance	 	 	 
2024	GRASSLAND	RED SPRING WHEAT	AAC ELIE(BW931)	Below	Minimum	Tolerance	 	 	 
2024	GRASSLAND	RED SPRING WHEAT	AAC HOCKLEY |BW5044|	9	4,623.0	1.814	Tonnes	66.7	Bushels
2024	GRASSLAND	RED SPRING WHEAT	AAC HODGE |BW1069|	4	1,064.0	1.720	Tonnes	63.2	Bushels
2024	GRASSLAND	RED SPRING WHEAT	AAC LEROY VB <ALLIANCE>	5	2,723.0	1.643	Tonnes	60.4	Bushels
2024	GRASSLAND	RED SPRING WHEAT	AAC REDBERRY	Below	Minimum	Tolerance	 	 	 
2024	GRASSLAND	RED SPRING WHEAT	AAC STARBUCK <SECAN>	10	6,464.0	2.035	Tonnes	74.8	Bushels
2024	GRASSLAND	RED SPRING WHEAT	AAC WESTKING	Below	Minimum	Tolerance	 	 	 
2024	GRASSLAND	RED SPRING WHEAT	AAC WHEATLAND <SECAN>	29	12,742.0	2.014	Tonnes	74.0	Bushels
2024	GRASSLAND	RED SPRING WHEAT	CARBERRY (BW874)	Below	Minimum	Tolerance	 	 	 
2024	GRASSLAND	RED SPRING WHEAT	CDC ENVY	Below	Minimum	Tolerance	 	 	 
2024	GRASSLAND	RED SPRING WHEAT	SY MANNESS	Below	Minimum	Tolerance	 	 	 
2024	GREY	RED SPRING WHEAT	AAC BRANDON (BW 932)	21	6,193.0	2.009	Tonnes	73.8	Bushels
2024	GREY	RED SPRING WHEAT	AAC HOCKLEY |BW5044|	18	5,101.0	2.066	Tonnes	75.9	Bushels
2024	GREY	RED SPRING WHEAT	AAC LEROY VB <ALLIANCE>	Below	Minimum	Tolerance	 	 	 
2024	GREY	RED SPRING WHEAT	AAC STARBUCK <SECAN>	21	7,518.0	1.860	Tonnes	68.4	Bushels
2024	GREY	RED SPRING WHEAT	AAC WHEATLAND <SECAN>	10	3,176.4	1.642	Tonnes	60.3	Bushels
2024	GREY	RED SPRING WHEAT	CARDALE (BW429)	Below	Minimum	Tolerance	 	 	 
2024	GREY	RED SPRING WHEAT	SY GABBRO <SYNGENTA>	Below	Minimum	Tolerance	 	 	 
2024	GREY	RED SPRING WHEAT	SY MANNESS	8	2,073.0	1.950	Tonnes	71.6	Bushels
2024	HAMIOTA	RED SPRING WHEAT	AAC BRANDON (BW 932)	7	2,258.0	1.705	Tonnes	62.7	Bushels
2024	HAMIOTA	RED SPRING WHEAT	AAC BROADACRES <PROVEN>	Below	Minimum	Tolerance	 	 	 
2024	HAMIOTA	RED SPRING WHEAT	AAC HOCKLEY |BW5044|	11	3,228.0	2.072	Tonnes	76.1	Bushels
2024	HAMIOTA	RED SPRING WHEAT	AAC HODGE |BW1069|	8	1,727.0	1.898	Tonnes	69.8	Bushels
2024	HAMIOTA	RED SPRING WHEAT	AAC REDBERRY	5	1,455.0	1.658	Tonnes	60.9	Bushels
2024	HAMIOTA	RED SPRING WHEAT	AAC STARBUCK <SECAN>	24	7,994.0	1.950	Tonnes	71.6	Bushels
2024	HAMIOTA	RED SPRING WHEAT	AAC WESTKING	Below	Minimum	Tolerance	 	 	 
2024	HAMIOTA	RED SPRING WHEAT	AAC WHEATLAND <SECAN>	22	8,489.0	1.836	Tonnes	67.5	Bushels
2024	HAMIOTA	RED SPRING WHEAT	BOLLES <SEED DEPOT>	Below	Minimum	Tolerance	 	 	 
2024	HAMIOTA	RED SPRING WHEAT	CDC ENVY	Below	Minimum	Tolerance	 	 	 
2024	HAMIOTA	RED SPRING WHEAT	SY MANNESS	17	5,960.0	2.044	Tonnes	75.1	Bushels
2024	HANOVER	RED SPRING WHEAT	AAC BRANDON (BW 932)	23	6,556.0	1.901	Tonnes	69.8	Bushels
2024	HANOVER	RED SPRING WHEAT	AAC HOCKLEY |BW5044|	5	986.0	1.601	Tonnes	58.8	Bushels
2024	HANOVER	RED SPRING WHEAT	AAC HODGE |BW1069|	Below	Minimum	Tolerance	 	 	 
2024	HANOVER	RED SPRING WHEAT	AAC STARBUCK <SECAN>	7	1,007.0	2.043	Tonnes	75.1	Bushels
2024	HANOVER	RED SPRING WHEAT	CARDALE (BW429)	Below	Minimum	Tolerance	 	 	 
2024	HARRISON PARK	RED SPRING WHEAT	AAC BRANDON (BW 932)	8	3,422.0	1.500	Tonnes	55.1	Bushels
2024	HARRISON PARK	RED SPRING WHEAT	AAC HOCKLEY |BW5044|	12	4,527.0	1.721	Tonnes	63.2	Bushels
2024	HARRISON PARK	RED SPRING WHEAT	AAC HODGE |BW1069|	Below	Minimum	Tolerance	 	 	 
2024	HARRISON PARK	RED SPRING WHEAT	AAC LEROY VB <ALLIANCE>	Below	Minimum	Tolerance	 	 	 
2024	HARRISON PARK	RED SPRING WHEAT	AAC MAGNET |BW 1045, BJ14*A01135|	Below	Minimum	Tolerance	 	 	 
2024	HARRISON PARK	RED SPRING WHEAT	AAC REDBERRY	18	5,973.0	1.314	Tonnes	48.3	Bushels
2024	HARRISON PARK	RED SPRING WHEAT	AAC STARBUCK <SECAN>	26	9,787.0	1.543	Tonnes	56.7	Bushels
2024	HARRISON PARK	RED SPRING WHEAT	AAC WHEATLAND <SECAN>	11	3,921.0	1.649	Tonnes	60.6	Bushels
2024	HARRISON PARK	RED SPRING WHEAT	AC BARRIE (BW 661)	Below	Minimum	Tolerance	 	 	 
2024	HARRISON PARK	RED SPRING WHEAT	BOLLES <SEED DEPOT>	Below	Minimum	Tolerance	 	 	 
2024	HARRISON PARK	RED SPRING WHEAT	SY MANNESS	3	795.0	2.042	Tonnes	75.0	Bushels
2024	HARRISON PARK	RED SPRING WHEAT	SY TORACH <SYNGENTA>	Below	Minimum	Tolerance	 	 	 
2024	HEADINGLEY	RED SPRING WHEAT	AAC BRANDON (BW 932)	4	2,051.0	1.975	Tonnes	72.6	Bushels
2024	HEADINGLEY	RED SPRING WHEAT	AAC HOCKLEY |BW5044|	3	1,615.0	1.943	Tonnes	71.4	Bushels
2024	HEADINGLEY	RED SPRING WHEAT	AAC STARBUCK <SECAN>	6	2,272.0	1.678	Tonnes	61.7	Bushels
2024	HEADINGLEY	RED SPRING WHEAT	SY MANNESS	Below	Minimum	Tolerance	 	 	 
2024	HILLSBURG-ROBLIN-SHELL RIVER	RED SPRING WHEAT	AAC BRANDON (BW 932)	12	5,227.0	1.725	Tonnes	63.4	Bushels
2024	HILLSBURG-ROBLIN-SHELL RIVER	RED SPRING WHEAT	AAC HOCKLEY |BW5044|	25	12,018.0	2.012	Tonnes	73.9	Bushels
2024	HILLSBURG-ROBLIN-SHELL RIVER	RED SPRING WHEAT	AAC HODGE |BW1069|	4	4,187.0	2.012	Tonnes	73.9	Bushels
2024	HILLSBURG-ROBLIN-SHELL RIVER	RED SPRING WHEAT	AAC STARBUCK <SECAN>	Below	Minimum	Tolerance	 	 	 
2024	HILLSBURG-ROBLIN-SHELL RIVER	RED SPRING WHEAT	AAC VIEWFIELD <FP GENETICS>|BW965| EXP	7	2,357.0	1.873	Tonnes	68.8	Bushels
2024	HILLSBURG-ROBLIN-SHELL RIVER	RED SPRING WHEAT	AAC WHEATLAND <SECAN>	29	12,795.0	1.948	Tonnes	71.6	Bushels
2024	HILLSBURG-ROBLIN-SHELL RIVER	RED SPRING WHEAT	AC BARRIE (BW 661)	Below	Minimum	Tolerance	 	 	 
2024	HILLSBURG-ROBLIN-SHELL RIVER	RED SPRING WHEAT	CDC PLENTIFUL (PT580)	Below	Minimum	Tolerance	 	 	 
2024	HILLSBURG-ROBLIN-SHELL RIVER	RED SPRING WHEAT	GLENN	Below	Minimum	Tolerance	 	 	 
2024	HILLSBURG-ROBLIN-SHELL RIVER	RED SPRING WHEAT	SY MANNESS	7	2,900.0	1.801	Tonnes	66.2	Bushels
2024	KELSEY	RED SPRING WHEAT	AAC HOCKLEY |BW5044|	3	1,130.0	1.349	Tonnes	49.6	Bushels
2024	KELSEY	RED SPRING WHEAT	AAC HODGE |BW1069|	Below	Minimum	Tolerance	 	 	 
2024	KELSEY	RED SPRING WHEAT	AAC REDBERRY	7	4,618.0	1.885	Tonnes	69.3	Bushels
2024	KELSEY	RED SPRING WHEAT	AAC VIEWFIELD <FP GENETICS>|BW965| EXP	Below	Minimum	Tolerance	 	 	 
2024	KELSEY	RED SPRING WHEAT	CDC ENVY	Below	Minimum	Tolerance	 	 	 
2024	KELSEY	RED SPRING WHEAT	CDC LANDMARK	Below	Minimum	Tolerance	 	 	 
2024	KELSEY	RED SPRING WHEAT	CDC TEAL (BW 616)	Below	Minimum	Tolerance	 	 	 
2024	KELSEY	RED SPRING WHEAT	SY GABBRO <SYNGENTA>	Below	Minimum	Tolerance	 	 	 
2024	KELSEY	RED SPRING WHEAT	SY MANNESS	Below	Minimum	Tolerance	 	 	 
2024	KILLARNEY-TURTLE MTN	RED SPRING WHEAT	AAC BRANDON (BW 932)	22	11,367.0	1.793	Tonnes	65.9	Bushels
2024	KILLARNEY-TURTLE MTN	RED SPRING WHEAT	AAC BROADACRES <PROVEN>	Below	Minimum	Tolerance	 	 	 
2024	KILLARNEY-TURTLE MTN	RED SPRING WHEAT	AAC HOCKLEY |BW5044|	3	675.0	1.731	Tonnes	63.6	Bushels
2024	KILLARNEY-TURTLE MTN	RED SPRING WHEAT	AAC HODGE |BW1069|	5	1,853.0	2.083	Tonnes	76.5	Bushels
2024	KILLARNEY-TURTLE MTN	RED SPRING WHEAT	AAC LEROY VB <ALLIANCE>	Below	Minimum	Tolerance	 	 	 
2024	KILLARNEY-TURTLE MTN	RED SPRING WHEAT	AAC REDBERRY	Below	Minimum	Tolerance	 	 	 
2024	KILLARNEY-TURTLE MTN	RED SPRING WHEAT	AAC STARBUCK <SECAN>	16	9,431.0	2.071	Tonnes	76.1	Bushels
2024	KILLARNEY-TURTLE MTN	RED SPRING WHEAT	AAC WESTKING	Below	Minimum	Tolerance	 	 	 
2024	KILLARNEY-TURTLE MTN	RED SPRING WHEAT	AAC WHEATLAND <SECAN>	23	14,385.0	2.110	Tonnes	77.5	Bushels
2024	KILLARNEY-TURTLE MTN	RED SPRING WHEAT	BOLLES <SEED DEPOT>	Below	Minimum	Tolerance	 	 	 
2024	KILLARNEY-TURTLE MTN	RED SPRING WHEAT	CDC PLENTIFUL (PT580)	Below	Minimum	Tolerance	 	 	 
2024	KILLARNEY-TURTLE MTN	RED SPRING WHEAT	SY MANNESS	Below	Minimum	Tolerance	 	 	 
2024	LA BROQUERIE	RED SPRING WHEAT	AAC BRANDON (BW 932)	Below	Minimum	Tolerance	 	 	 
2024	LA BROQUERIE	RED SPRING WHEAT	AAC STARBUCK <SECAN>	Below	Minimum	Tolerance	 	 	 
2024	LAC DU BONNET	RED SPRING WHEAT	AAC BRANDON (BW 932)	7	1,511.0	1.837	Tonnes	67.5	Bushels
2024	LAC DU BONNET	RED SPRING WHEAT	AAC ELIE(BW931)	4	1,265.0	0.971	Tonnes	35.7	Bushels
2024	LAC DU BONNET	RED SPRING WHEAT	AAC HOCKLEY |BW5044|	6	942.0	1.914	Tonnes	70.3	Bushels
2024	LAC DU BONNET	RED SPRING WHEAT	AAC STARBUCK <SECAN>	5	2,498.0	1.980	Tonnes	72.8	Bushels
2024	LAC DU BONNET	RED SPRING WHEAT	AAC TISDALE (PT250)	Below	Minimum	Tolerance	 	 	 
2024	LAC DU BONNET	RED SPRING WHEAT	AAC VIEWFIELD <FP GENETICS>|BW965| EXP	7	3,899.0	2.148	Tonnes	78.9	Bushels
2024	LAC DU BONNET	RED SPRING WHEAT	CARBERRY (BW874)	Below	Minimum	Tolerance	 	 	 
2024	LAC DU BONNET	RED SPRING WHEAT	SY MANNESS	Below	Minimum	Tolerance	 	 	 
2024	LAKESHORE	RED SPRING WHEAT	AAC BRANDON (BW 932)	30	10,379.5	1.534	Tonnes	56.4	Bushels
2024	LAKESHORE	RED SPRING WHEAT	AAC HOCKLEY |BW5044|	4	945.0	1.364	Tonnes	50.1	Bushels
2024	LAKESHORE	RED SPRING WHEAT	AAC HODGE |BW1069|	Below	Minimum	Tolerance	 	 	 
2024	LAKESHORE	RED SPRING WHEAT	AAC REDBERRY	Below	Minimum	Tolerance	 	 	 
2024	LAKESHORE	RED SPRING WHEAT	AAC STARBUCK <SECAN>	6	2,608.0	1.797	Tonnes	66.0	Bushels
2024	LAKESHORE	RED SPRING WHEAT	AAC VIEWFIELD <FP GENETICS>|BW965| EXP	Below	Minimum	Tolerance	 	 	 
2024	LAKESHORE	RED SPRING WHEAT	AAC WHEATLAND <SECAN>	Below	Minimum	Tolerance	 	 	 
2024	LAKESHORE	RED SPRING WHEAT	BOLLES <SEED DEPOT>	Below	Minimum	Tolerance	 	 	 
2024	LAKESHORE	RED SPRING WHEAT	CARBERRY (BW874)	Below	Minimum	Tolerance	 	 	 
2024	LAKESHORE	RED SPRING WHEAT	CARDALE (BW429)	Below	Minimum	Tolerance	 	 	 
2024	LAKESHORE	RED SPRING WHEAT	GLENN	Below	Minimum	Tolerance	 	 	 
2024	LAKESHORE	RED SPRING WHEAT	SY MANNESS	Below	Minimum	Tolerance	 	 	 
2024	LAKESHORE	RED SPRING WHEAT	TCG-HEARTLAND	Below	Minimum	Tolerance	 	 	 
2024	LORNE	RED SPRING WHEAT	AAC BRANDON (BW 932)	86	28,463.1	1.998	Tonnes	73.4	Bushels
2024	LORNE	RED SPRING WHEAT	AAC BROADACRES <PROVEN>	Below	Minimum	Tolerance	 	 	 
2024	LORNE	RED SPRING WHEAT	AAC HOCKLEY |BW5044|	3	712.0	1.359	Tonnes	49.9	Bushels
2024	LORNE	RED SPRING WHEAT	AAC HODGE |BW1069|	9	1,390.0	1.817	Tonnes	66.8	Bushels
2024	LORNE	RED SPRING WHEAT	AAC LEROY VB <ALLIANCE>	Below	Minimum	Tolerance	 	 	 
2024	LORNE	RED SPRING WHEAT	AAC STARBUCK <SECAN>	37	13,107.0	1.990	Tonnes	73.1	Bushels
2024	LORNE	RED SPRING WHEAT	AAC STOUGHTON	Below	Minimum	Tolerance	 	 	 
2024	LORNE	RED SPRING WHEAT	AAC WESTKING	Below	Minimum	Tolerance	 	 	 
2024	LORNE	RED SPRING WHEAT	AAC WHEATLAND <SECAN>	6	1,664.0	1.995	Tonnes	73.3	Bushels
2024	LORNE	RED SPRING WHEAT	AC BARRIE (BW 661)	Below	Minimum	Tolerance	 	 	 
2024	LORNE	RED SPRING WHEAT	CARDALE (BW429)	Below	Minimum	Tolerance	 	 	 
2024	LORNE	RED SPRING WHEAT	CDC VR MORRIS (BW423)	Below	Minimum	Tolerance	 	 	 
2024	LORNE	RED SPRING WHEAT	HARVEST (BW259)	Below	Minimum	Tolerance	 	 	 
2024	LORNE	RED SPRING WHEAT	SY MANNESS	4	761.0	1.894	Tonnes	69.6	Bushels
2024	LOUISE	RED SPRING WHEAT	AAC BRANDON (BW 932)	70	28,211.0	2.129	Tonnes	78.2	Bushels
2024	LOUISE	RED SPRING WHEAT	AAC BROADACRES <PROVEN>	Below	Minimum	Tolerance	 	 	 
2024	LOUISE	RED SPRING WHEAT	AAC ELIE(BW931)	Below	Minimum	Tolerance	 	 	 
2024	LOUISE	RED SPRING WHEAT	AAC HOCKLEY |BW5044|	4	683.0	1.988	Tonnes	73.1	Bushels
2024	LOUISE	RED SPRING WHEAT	AAC HODGE |BW1069|	4	1,075.0	1.867	Tonnes	68.6	Bushels
2024	LOUISE	RED SPRING WHEAT	AAC STARBUCK <SECAN>	43	15,979.0	2.128	Tonnes	78.2	Bushels
2024	LOUISE	RED SPRING WHEAT	AAC WESTKING	Below	Minimum	Tolerance	 	 	 
2024	LOUISE	RED SPRING WHEAT	AAC WHEATLAND <SECAN>	19	7,576.0	2.366	Tonnes	86.9	Bushels
2024	LOUISE	RED SPRING WHEAT	CDC HUGHES <CPSC> |PT588|	Below	Minimum	Tolerance	 	 	 
2024	LOUISE	RED SPRING WHEAT	CDC IMBUE CLPLUS |BW5062|	Below	Minimum	Tolerance	 	 	 
2024	LOUISE	RED SPRING WHEAT	SY MANNESS	8	2,971.0	2.524	Tonnes	92.7	Bushels
2024	MACDONALD	RED SPRING WHEAT	AAC BRANDON (BW 932)	56	25,088.0	1.879	Tonnes	69.1	Bushels
2024	MACDONALD	RED SPRING WHEAT	AAC HOCKLEY |BW5044|	26	8,530.0	2.009	Tonnes	73.8	Bushels
2024	MACDONALD	RED SPRING WHEAT	AAC HODGE |BW1069|	Below	Minimum	Tolerance	 	 	 
2024	MACDONALD	RED SPRING WHEAT	AAC LEROY VB <ALLIANCE>	Below	Minimum	Tolerance	 	 	 
2024	MACDONALD	RED SPRING WHEAT	AAC STARBUCK <SECAN>	34	16,639.0	2.123	Tonnes	78.0	Bushels
2024	MACDONALD	RED SPRING WHEAT	AAC TISDALE (PT250)	3	1,162.0	1.479	Tonnes	54.3	Bushels
2024	MACDONALD	RED SPRING WHEAT	AAC VIEWFIELD <FP GENETICS>|BW965| EXP	6	1,771.0	2.102	Tonnes	77.2	Bushels
2024	MACDONALD	RED SPRING WHEAT	AAC WESTKING	Below	Minimum	Tolerance	 	 	 
2024	MACDONALD	RED SPRING WHEAT	AAC WHEATLAND <SECAN>	Below	Minimum	Tolerance	 	 	 
2024	MACDONALD	RED SPRING WHEAT	SY MANNESS	21	7,776.0	2.290	Tonnes	84.1	Bushels
2024	MCCREARY	RED SPRING WHEAT	AAC BRANDON (BW 932)	15	7,441.0	1.493	Tonnes	54.9	Bushels
2024	MCCREARY	RED SPRING WHEAT	AAC HOCKLEY |BW5044|	Below	Minimum	Tolerance	 	 	 
2024	MCCREARY	RED SPRING WHEAT	AAC HODGE |BW1069|	Below	Minimum	Tolerance	 	 	 
2024	MCCREARY	RED SPRING WHEAT	AAC STARBUCK <SECAN>	9	2,895.0	1.317	Tonnes	48.4	Bushels
2024	MCCREARY	RED SPRING WHEAT	AC BARRIE (BW 661)	Below	Minimum	Tolerance	 	 	 
2024	MCCREARY	RED SPRING WHEAT	GLENN	Below	Minimum	Tolerance	 	 	 
2024	MCCREARY	RED SPRING WHEAT	SY MANNESS	Below	Minimum	Tolerance	 	 	 
2024	MINITONAS-BOWSMAN	RED SPRING WHEAT	AAC BRANDON (BW 932)	5	5,315.0	1.925	Tonnes	70.7	Bushels
2024	MINITONAS-BOWSMAN	RED SPRING WHEAT	AAC BROADACRES <PROVEN>	Below	Minimum	Tolerance	 	 	 
2024	MINITONAS-BOWSMAN	RED SPRING WHEAT	AAC HOCKLEY |BW5044|	6	1,852.0	1.974	Tonnes	72.5	Bushels
2024	MINITONAS-BOWSMAN	RED SPRING WHEAT	AAC HODGE |BW1069|	Below	Minimum	Tolerance	 	 	 
2024	MINITONAS-BOWSMAN	RED SPRING WHEAT	AAC REDBERRY	3	1,077.1	1.392	Tonnes	51.1	Bushels
2024	MINITONAS-BOWSMAN	RED SPRING WHEAT	AAC VIEWFIELD <FP GENETICS>|BW965| EXP	62	36,565.0	2.101	Tonnes	77.2	Bushels
2024	MINITONAS-BOWSMAN	RED SPRING WHEAT	AAC WHEATLAND <SECAN>	11	2,975.0	1.988	Tonnes	73.0	Bushels
2024	MINITONAS-BOWSMAN	RED SPRING WHEAT	AC BARRIE (BW 661)	Below	Minimum	Tolerance	 	 	 
2024	MINITONAS-BOWSMAN	RED SPRING WHEAT	CARDALE (BW429)	Below	Minimum	Tolerance	 	 	 
2024	MINITONAS-BOWSMAN	RED SPRING WHEAT	SY MANNESS	7	1,419.0	2.240	Tonnes	82.3	Bushels
2024	MINTO-ODANAH	RED SPRING WHEAT	AAC BRANDON (BW 932)	21	5,294.0	1.408	Tonnes	51.8	Bushels
2024	MINTO-ODANAH	RED SPRING WHEAT	AAC HOCKLEY |BW5044|	8	2,496.0	1.821	Tonnes	66.9	Bushels
2024	MINTO-ODANAH	RED SPRING WHEAT	AAC HODGE |BW1069|	4	972.0	1.538	Tonnes	56.5	Bushels
2024	MINTO-ODANAH	RED SPRING WHEAT	AAC LEROY VB <ALLIANCE>	Below	Minimum	Tolerance	 	 	 
2024	MINTO-ODANAH	RED SPRING WHEAT	AAC STARBUCK <SECAN>	29	14,376.0	1.788	Tonnes	65.7	Bushels
2024	MINTO-ODANAH	RED SPRING WHEAT	AAC VIEWFIELD <FP GENETICS>|BW965| EXP	Below	Minimum	Tolerance	 	 	 
2024	MINTO-ODANAH	RED SPRING WHEAT	AAC WHEATLAND <SECAN>	10	4,669.0	1.625	Tonnes	59.7	Bushels
2024	MINTO-ODANAH	RED SPRING WHEAT	AC BARRIE (BW 661)	Below	Minimum	Tolerance	 	 	 
2024	MINTO-ODANAH	RED SPRING WHEAT	BOLLES <SEED DEPOT>	Below	Minimum	Tolerance	 	 	 
2024	MINTO-ODANAH	RED SPRING WHEAT	SY MANNESS	10	3,220.0	1.682	Tonnes	61.8	Bushels
2024	MONTCALM	RED SPRING WHEAT	AAC BRANDON (BW 932)	27	8,747.0	2.044	Tonnes	75.1	Bushels
2024	MONTCALM	RED SPRING WHEAT	AAC STARBUCK <SECAN>	10	2,226.0	2.022	Tonnes	74.3	Bushels
2024	MONTCALM	RED SPRING WHEAT	AAC WHEATLAND <SECAN>	Below	Minimum	Tolerance	 	 	 
2024	MONTCALM	RED SPRING WHEAT	SY MANNESS	Below	Minimum	Tolerance	 	 	 
2024	MORRIS	RED SPRING WHEAT	AAC BRANDON (BW 932)	57	22,019.3	1.990	Tonnes	73.1	Bushels
2024	MORRIS	RED SPRING WHEAT	AAC HOCKLEY |BW5044|	6	2,673.0	2.072	Tonnes	76.1	Bushels
2024	MORRIS	RED SPRING WHEAT	AAC STARBUCK <SECAN>	21	7,357.0	2.036	Tonnes	74.8	Bushels
2024	MORRIS	RED SPRING WHEAT	AAC TISDALE (PT250)	Below	Minimum	Tolerance	 	 	 
2024	MORRIS	RED SPRING WHEAT	AAC VIEWFIELD <FP GENETICS>|BW965| EXP	15	6,115.0	2.066	Tonnes	75.9	Bushels
2024	MORRIS	RED SPRING WHEAT	AAC WHEATLAND <SECAN>	Below	Minimum	Tolerance	 	 	 
2024	MORRIS	RED SPRING WHEAT	CARDALE (BW429)	Below	Minimum	Tolerance	 	 	 
2024	MORRIS	RED SPRING WHEAT	CS DAYBREAK <CANTERRA>	Below	Minimum	Tolerance	 	 	 
2024	MORRIS	RED SPRING WHEAT	SY GABBRO <SYNGENTA>	5	2,227.0	2.269	Tonnes	83.4	Bushels
2024	MORRIS	RED SPRING WHEAT	SY MANNESS	28	5,288.0	2.302	Tonnes	84.6	Bushels
2024	MOSSEY RIVER	RED SPRING WHEAT	AAC BRANDON (BW 932)	Below	Minimum	Tolerance	 	 	 
2024	MOSSEY RIVER	RED SPRING WHEAT	AAC HODGE |BW1069|	Below	Minimum	Tolerance	 	 	 
2024	MOSSEY RIVER	RED SPRING WHEAT	AAC LEROY VB <ALLIANCE>	Below	Minimum	Tolerance	 	 	 
2024	MOSSEY RIVER	RED SPRING WHEAT	AAC STARBUCK <SECAN>	5	1,420.0	1.353	Tonnes	49.7	Bushels
2024	MOSSEY RIVER	RED SPRING WHEAT	AAC VIEWFIELD <FP GENETICS>|BW965| EXP	3	1,402.0	2.084	Tonnes	76.6	Bushels
2024	MOSSEY RIVER	RED SPRING WHEAT	AAC WHEATLAND <SECAN>	Below	Minimum	Tolerance	 	 	 
2024	MOSSEY RIVER	RED SPRING WHEAT	CARDALE (BW429)	Below	Minimum	Tolerance	 	 	 
2024	MOSSEY RIVER	RED SPRING WHEAT	SY MANNESS	Below	Minimum	Tolerance	 	 	 
2024	MOUNTAIN	RED SPRING WHEAT	AAC BRANDON (BW 932)	3	610.0	0.995	Tonnes	36.6	Bushels
2024	MOUNTAIN	RED SPRING WHEAT	AAC ELIE(BW931)	Below	Minimum	Tolerance	 	 	 
2024	MOUNTAIN	RED SPRING WHEAT	AAC HODGE |BW1069|	Below	Minimum	Tolerance	 	 	 
2024	MOUNTAIN	RED SPRING WHEAT	AAC REDBERRY	Below	Minimum	Tolerance	 	 	 
2024	MOUNTAIN	RED SPRING WHEAT	AAC VIEWFIELD <FP GENETICS>|BW965| EXP	29	16,742.0	2.027	Tonnes	74.5	Bushels
2024	MOUNTAIN	RED SPRING WHEAT	AAC WHEATLAND <SECAN>	5	2,298.0	1.736	Tonnes	63.8	Bushels
2024	MOUNTAIN	RED SPRING WHEAT	CARDALE (BW429)	Below	Minimum	Tolerance	 	 	 
2024	MOUNTAIN	RED SPRING WHEAT	CDC GO (BW781)	Below	Minimum	Tolerance	 	 	 
2024	MOUNTAIN	RED SPRING WHEAT	CDC ORTONA <PROVEN>	Below	Minimum	Tolerance	 	 	 
2024	MOUNTAIN	RED SPRING WHEAT	CDC STANLEY (BW880)	Below	Minimum	Tolerance	 	 	 
2024	MOUNTAIN	RED SPRING WHEAT	SUPERB (BW252)	Below	Minimum	Tolerance	 	 	 
2024	MOUNTAIN	RED SPRING WHEAT	SY GABBRO <SYNGENTA>	Below	Minimum	Tolerance	 	 	 
2024	MOUNTAIN	RED SPRING WHEAT	SY MANNESS	3	1,176.0	1.943	Tonnes	71.4	Bushels
2024	NORFOLK-TREHERNE	RED SPRING WHEAT	AAC BRANDON (BW 932)	21	9,149.0	2.011	Tonnes	73.9	Bushels
2024	NORFOLK-TREHERNE	RED SPRING WHEAT	AAC BROADACRES <PROVEN>	Below	Minimum	Tolerance	 	 	 
2024	NORFOLK-TREHERNE	RED SPRING WHEAT	AAC ELIE(BW931)	Below	Minimum	Tolerance	 	 	 
2024	NORFOLK-TREHERNE	RED SPRING WHEAT	AAC HODGE |BW1069|	Below	Minimum	Tolerance	 	 	 
2024	NORFOLK-TREHERNE	RED SPRING WHEAT	AAC LEROY VB <ALLIANCE>	3	961.0	1.901	Tonnes	69.8	Bushels
2024	NORFOLK-TREHERNE	RED SPRING WHEAT	AAC STARBUCK <SECAN>	11	2,843.0	1.759	Tonnes	64.6	Bushels
2024	NORFOLK-TREHERNE	RED SPRING WHEAT	AAC WHEATLAND <SECAN>	14	5,433.0	2.007	Tonnes	73.7	Bushels
2024	NORFOLK-TREHERNE	RED SPRING WHEAT	BOLLES <SEED DEPOT>	Below	Minimum	Tolerance	 	 	 
2024	NORTH CYPRESS-LANGFORD	RED SPRING WHEAT	AAC BRANDON (BW 932)	55	37,146.0	1.583	Tonnes	58.2	Bushels
2024	NORTH CYPRESS-LANGFORD	RED SPRING WHEAT	AAC BROADACRES <PROVEN>	Below	Minimum	Tolerance	 	 	 
2024	NORTH CYPRESS-LANGFORD	RED SPRING WHEAT	AAC ELIE(BW931)	Below	Minimum	Tolerance	 	 	 
2024	NORTH CYPRESS-LANGFORD	RED SPRING WHEAT	AAC HOCKLEY |BW5044|	Below	Minimum	Tolerance	 	 	 
2024	NORTH CYPRESS-LANGFORD	RED SPRING WHEAT	AAC HODGE |BW1069|	3	854.0	1.435	Tonnes	52.7	Bushels
2024	NORTH CYPRESS-LANGFORD	RED SPRING WHEAT	AAC LEROY VB <ALLIANCE>	Below	Minimum	Tolerance	 	 	 
2024	NORTH CYPRESS-LANGFORD	RED SPRING WHEAT	AAC REDBERRY	Below	Minimum	Tolerance	 	 	 
2024	NORTH CYPRESS-LANGFORD	RED SPRING WHEAT	AAC STARBUCK <SECAN>	36	12,835.1	1.624	Tonnes	59.7	Bushels
2024	NORTH CYPRESS-LANGFORD	RED SPRING WHEAT	AAC WHEATLAND <SECAN>	4	3,073.0	2.049	Tonnes	75.3	Bushels
2024	NORTH CYPRESS-LANGFORD	RED SPRING WHEAT	SY MANNESS	Below	Minimum	Tolerance	 	 	 
2024	NORTH NORFOLK	RED SPRING WHEAT	AAC BRANDON (BW 932)	33	10,048.0	1.534	Tonnes	56.4	Bushels
2024	NORTH NORFOLK	RED SPRING WHEAT	AAC BROADACRES <PROVEN>	Below	Minimum	Tolerance	 	 	 
2024	NORTH NORFOLK	RED SPRING WHEAT	AAC ELIE(BW931)	4	1,360.0	1.404	Tonnes	51.6	Bushels
2024	NORTH NORFOLK	RED SPRING WHEAT	AAC HOCKLEY |BW5044|	3	1,468.0	1.704	Tonnes	62.6	Bushels
2024	NORTH NORFOLK	RED SPRING WHEAT	AAC HODGE |BW1069|	5	656.0	1.183	Tonnes	43.5	Bushels
2024	NORTH NORFOLK	RED SPRING WHEAT	AAC STARBUCK <SECAN>	12	4,517.0	1.483	Tonnes	54.5	Bushels
2024	NORTH NORFOLK	RED SPRING WHEAT	AAC WHEATLAND <SECAN>	5	2,323.0	1.626	Tonnes	59.7	Bushels
2024	NORTH NORFOLK	RED SPRING WHEAT	BOLLES <SEED DEPOT>	9	4,069.0	1.990	Tonnes	73.1	Bushels
2024	NORTH NORFOLK	RED SPRING WHEAT	CARDALE (BW429)	Below	Minimum	Tolerance	 	 	 
2024	NORTH NORFOLK	RED SPRING WHEAT	CDC SKRUSH |PT599|	Below	Minimum	Tolerance	 	 	 
2024	OAKLAND-WAWANESA	RED SPRING WHEAT	5605HR CL (BW918)	Below	Minimum	Tolerance	 	 	 
2024	OAKLAND-WAWANESA	RED SPRING WHEAT	AAC BRANDON (BW 932)	23	10,028.0	1.732	Tonnes	63.6	Bushels
2024	OAKLAND-WAWANESA	RED SPRING WHEAT	AAC ELIE(BW931)	Below	Minimum	Tolerance	 	 	 
2024	OAKLAND-WAWANESA	RED SPRING WHEAT	AAC HOCKLEY |BW5044|	Below	Minimum	Tolerance	 	 	 
2024	OAKLAND-WAWANESA	RED SPRING WHEAT	AAC HODGE |BW1069|	3	704.0	1.416	Tonnes	52.0	Bushels
2024	OAKLAND-WAWANESA	RED SPRING WHEAT	AAC STARBUCK <SECAN>	16	5,440.0	1.872	Tonnes	68.8	Bushels
2024	OAKLAND-WAWANESA	RED SPRING WHEAT	AAC WESTKING	Below	Minimum	Tolerance	 	 	 
2024	OAKLAND-WAWANESA	RED SPRING WHEAT	AAC WHEATLAND <SECAN>	15	5,481.0	1.945	Tonnes	71.5	Bushels
2024	OAKLAND-WAWANESA	RED SPRING WHEAT	CARDALE (BW429)	Below	Minimum	Tolerance	 	 	 
2024	OAKLAND-WAWANESA	RED SPRING WHEAT	GLENN	Below	Minimum	Tolerance	 	 	 
2024	OAKVIEW	RED SPRING WHEAT	AAC BRANDON (BW 932)	11	5,251.0	1.660	Tonnes	61.0	Bushels
2024	OAKVIEW	RED SPRING WHEAT	AAC BROADACRES <PROVEN>	Below	Minimum	Tolerance	 	 	 
2024	OAKVIEW	RED SPRING WHEAT	AAC HOCKLEY |BW5044|	8	3,438.0	1.796	Tonnes	66.0	Bushels
2024	OAKVIEW	RED SPRING WHEAT	AAC HODGE |BW1069|	7	1,527.0	1.630	Tonnes	59.9	Bushels
2024	OAKVIEW	RED SPRING WHEAT	AAC REDBERRY	8	2,822.0	1.463	Tonnes	53.8	Bushels
2024	OAKVIEW	RED SPRING WHEAT	AAC STARBUCK <SECAN>	49	24,521.0	1.818	Tonnes	66.8	Bushels
2024	OAKVIEW	RED SPRING WHEAT	AAC VIEWFIELD <FP GENETICS>|BW965| EXP	Below	Minimum	Tolerance	 	 	 
2024	OAKVIEW	RED SPRING WHEAT	AAC WESTKING	Below	Minimum	Tolerance	 	 	 
2024	OAKVIEW	RED SPRING WHEAT	AAC WHEATLAND <SECAN>	31	13,141.0	1.940	Tonnes	71.3	Bushels
2024	OAKVIEW	RED SPRING WHEAT	BOLLES <SEED DEPOT>	Below	Minimum	Tolerance	 	 	 
2024	OAKVIEW	RED SPRING WHEAT	CDC UTMOST (BW 883)	Below	Minimum	Tolerance	 	 	 
2024	OAKVIEW	RED SPRING WHEAT	SY MANNESS	10	3,674.0	1.922	Tonnes	70.6	Bushels
2024	OAKVIEW	RED SPRING WHEAT	SY TORACH <SYNGENTA>	Below	Minimum	Tolerance	 	 	 
2024	PEMBINA	RED SPRING WHEAT	AAC BRANDON (BW 932)	66	24,519.0	1.964	Tonnes	72.2	Bushels
2024	PEMBINA	RED SPRING WHEAT	AAC BROADACRES <PROVEN>	8	2,402.0	2.146	Tonnes	78.8	Bushels
2024	PEMBINA	RED SPRING WHEAT	AAC HOCKLEY |BW5044|	14	3,819.0	2.062	Tonnes	75.8	Bushels
2024	PEMBINA	RED SPRING WHEAT	AAC HODGE |BW1069|	4	1,513.0	1.847	Tonnes	67.9	Bushels
2024	PEMBINA	RED SPRING WHEAT	AAC STARBUCK <SECAN>	33	11,740.0	2.162	Tonnes	79.4	Bushels
2024	PEMBINA	RED SPRING WHEAT	AAC STOUGHTON	Below	Minimum	Tolerance	 	 	 
2024	PEMBINA	RED SPRING WHEAT	AAC WESTKING	Below	Minimum	Tolerance	 	 	 
2024	PEMBINA	RED SPRING WHEAT	AAC WHEATLAND <SECAN>	24	5,608.3	2.064	Tonnes	75.8	Bushels
2024	PEMBINA	RED SPRING WHEAT	BW5089	Below	Minimum	Tolerance	 	 	 
2024	PEMBINA	RED SPRING WHEAT	SY CAST	3	738.0	2.233	Tonnes	82.1	Bushels
2024	PEMBINA	RED SPRING WHEAT	SY MANNESS	4	584.0	2.380	Tonnes	87.4	Bushels
2024	PINEY	RED SPRING WHEAT	AAC BRANDON (BW 932)	5	705.0	1.193	Tonnes	43.8	Bushels
2024	PINEY	RED SPRING WHEAT	AAC HOCKLEY |BW5044|	Below	Minimum	Tolerance	 	 	 
2024	PINEY	RED SPRING WHEAT	AAC HODGE |BW1069|	Below	Minimum	Tolerance	 	 	 
2024	PINEY	RED SPRING WHEAT	AAC LEROY VB <ALLIANCE>	Below	Minimum	Tolerance	 	 	 
2024	PIPESTONE	RED SPRING WHEAT	AAC BRANDON (BW 932)	24	12,536.0	1.572	Tonnes	57.8	Bushels
2024	PIPESTONE	RED SPRING WHEAT	AAC BROADACRES <PROVEN>	Below	Minimum	Tolerance	 	 	 
2024	PIPESTONE	RED SPRING WHEAT	AAC CAMERON VB <CANTERRA>	Below	Minimum	Tolerance	 	 	 
2024	PIPESTONE	RED SPRING WHEAT	AAC HOCKLEY |BW5044|	13	4,995.0	1.413	Tonnes	51.9	Bushels
2024	PIPESTONE	RED SPRING WHEAT	AAC HODGE |BW1069|	13	7,218.5	1.156	Tonnes	42.5	Bushels
2024	PIPESTONE	RED SPRING WHEAT	AAC LEROY VB <ALLIANCE>	Below	Minimum	Tolerance	 	 	 
2024	PIPESTONE	RED SPRING WHEAT	AAC MAGNET |BW 1045, BJ14*A01135|	Below	Minimum	Tolerance	 	 	 
2024	PIPESTONE	RED SPRING WHEAT	AAC STARBUCK <SECAN>	22	13,503.0	1.473	Tonnes	54.1	Bushels
2024	PIPESTONE	RED SPRING WHEAT	AAC VIEWFIELD <FP GENETICS>|BW965| EXP	3	1,191.0	1.433	Tonnes	52.7	Bushels
2024	PIPESTONE	RED SPRING WHEAT	AAC WESTKING	Below	Minimum	Tolerance	 	 	 
2024	PIPESTONE	RED SPRING WHEAT	AAC WHEATLAND <SECAN>	13	7,259.0	1.761	Tonnes	64.7	Bushels
2024	PIPESTONE	RED SPRING WHEAT	BOLLES <SEED DEPOT>	Below	Minimum	Tolerance	 	 	 
2024	PIPESTONE	RED SPRING WHEAT	CDC HUGHES <CPSC> |PT588|	Below	Minimum	Tolerance	 	 	 
2024	PORTAGE LA PRAIRIE	RED SPRING WHEAT	AAC BRANDON (BW 932)	84	51,923.0	1.824	Tonnes	67.0	Bushels
2024	PORTAGE LA PRAIRIE	RED SPRING WHEAT	AAC HOCKLEY |BW5044|	12	4,760.0	1.854	Tonnes	68.1	Bushels
2024	PORTAGE LA PRAIRIE	RED SPRING WHEAT	AAC HODGE |BW1069|	Below	Minimum	Tolerance	 	 	 
2024	PORTAGE LA PRAIRIE	RED SPRING WHEAT	AAC LEROY VB <ALLIANCE>	Below	Minimum	Tolerance	 	 	 
2024	PORTAGE LA PRAIRIE	RED SPRING WHEAT	AAC STARBUCK <SECAN>	35	14,963.0	1.740	Tonnes	63.9	Bushels
2024	PORTAGE LA PRAIRIE	RED SPRING WHEAT	AAC VIEWFIELD <FP GENETICS>|BW965| EXP	Below	Minimum	Tolerance	 	 	 
2024	PORTAGE LA PRAIRIE	RED SPRING WHEAT	AAC WESTKING	Below	Minimum	Tolerance	 	 	 
2024	PORTAGE LA PRAIRIE	RED SPRING WHEAT	AAC WHEATLAND <SECAN>	4	1,909.0	1.488	Tonnes	54.7	Bushels
2024	PORTAGE LA PRAIRIE	RED SPRING WHEAT	BOLLES <SEED DEPOT>	5	1,994.0	1.920	Tonnes	70.5	Bushels
2024	PORTAGE LA PRAIRIE	RED SPRING WHEAT	CARBERRY (BW874)	Below	Minimum	Tolerance	 	 	 
2024	PORTAGE LA PRAIRIE	RED SPRING WHEAT	CARDALE (BW429)	Below	Minimum	Tolerance	 	 	 
2024	PORTAGE LA PRAIRIE	RED SPRING WHEAT	CDC SKRUSH |PT599|	Below	Minimum	Tolerance	 	 	 
2024	PORTAGE LA PRAIRIE	RED SPRING WHEAT	CS DAYBREAK <CANTERRA>	Below	Minimum	Tolerance	 	 	 
2024	PORTAGE LA PRAIRIE	RED SPRING WHEAT	SY MANNESS	Below	Minimum	Tolerance	 	 	 
2024	PRAIRIE LAKES	RED SPRING WHEAT	AAC BRANDON (BW 932)	49	26,668.0	1.648	Tonnes	60.6	Bushels
2024	PRAIRIE LAKES	RED SPRING WHEAT	AAC HOCKLEY |BW5044|	3	698.0	1.687	Tonnes	62.0	Bushels
2024	PRAIRIE LAKES	RED SPRING WHEAT	AAC HODGE |BW1069|	5	1,238.0	1.695	Tonnes	62.3	Bushels
2024	PRAIRIE LAKES	RED SPRING WHEAT	AAC STARBUCK <SECAN>	20	8,751.0	1.813	Tonnes	66.6	Bushels
2024	PRAIRIE LAKES	RED SPRING WHEAT	AAC WHEATLAND <SECAN>	23	8,287.0	1.819	Tonnes	66.8	Bushels
2024	PRAIRIE LAKES	RED SPRING WHEAT	SY MANNESS	Below	Minimum	Tolerance	 	 	 
2024	PRAIRIE VIEW	RED SPRING WHEAT	AAC BRANDON (BW 932)	9	2,080.0	1.658	Tonnes	60.9	Bushels
2024	PRAIRIE VIEW	RED SPRING WHEAT	AAC HOCKLEY |BW5044|	10	3,031.0	1.550	Tonnes	57.0	Bushels
2024	PRAIRIE VIEW	RED SPRING WHEAT	AAC HODGE |BW1069|	13	6,882.0	1.905	Tonnes	70.0	Bushels
2024	PRAIRIE VIEW	RED SPRING WHEAT	AAC LEROY VB <ALLIANCE>	Below	Minimum	Tolerance	 	 	 
2024	PRAIRIE VIEW	RED SPRING WHEAT	AAC REDBERRY	7	3,146.0	1.607	Tonnes	59.0	Bushels
2024	PRAIRIE VIEW	RED SPRING WHEAT	AAC REDSTAR <SECAN> |PT488|	Below	Minimum	Tolerance	 	 	 
2024	PRAIRIE VIEW	RED SPRING WHEAT	AAC STARBUCK <SECAN>	39	16,830.0	1.815	Tonnes	66.7	Bushels
2024	PRAIRIE VIEW	RED SPRING WHEAT	AAC VIEWFIELD <FP GENETICS>|BW965| EXP	Below	Minimum	Tolerance	 	 	 
2024	PRAIRIE VIEW	RED SPRING WHEAT	AAC WESTKING	Below	Minimum	Tolerance	 	 	 
2024	PRAIRIE VIEW	RED SPRING WHEAT	AAC WHEATLAND <SECAN>	61	32,092.0	1.902	Tonnes	69.9	Bushels
2024	PRAIRIE VIEW	RED SPRING WHEAT	BOLLES <SEED DEPOT>	9	6,286.0	1.687	Tonnes	62.0	Bushels
2024	PRAIRIE VIEW	RED SPRING WHEAT	SY MANNESS	25	10,443.0	1.964	Tonnes	72.2	Bushels
2024	REYNOLDS	RED SPRING WHEAT	AAC BRANDON (BW 932)	Below	Minimum	Tolerance	 	 	 
2024	REYNOLDS	RED SPRING WHEAT	AAC HOCKLEY |BW5044|	Below	Minimum	Tolerance	 	 	 
2024	REYNOLDS	RED SPRING WHEAT	AAC VIEWFIELD <FP GENETICS>|BW965| EXP	Below	Minimum	Tolerance	 	 	 
2024	RHINELAND	RED SPRING WHEAT	AAC BRANDON (BW 932)	71	14,591.0	2.147	Tonnes	78.9	Bushels
2024	RHINELAND	RED SPRING WHEAT	AAC BROADACRES <PROVEN>	Below	Minimum	Tolerance	 	 	 
2024	RHINELAND	RED SPRING WHEAT	AAC LEROY VB <ALLIANCE>	Below	Minimum	Tolerance	 	 	 
2024	RHINELAND	RED SPRING WHEAT	AAC STARBUCK <SECAN>	41	10,123.0	2.065	Tonnes	75.9	Bushels
2024	RHINELAND	RED SPRING WHEAT	AAC WHEATLAND <SECAN>	11	2,544.0	1.999	Tonnes	73.4	Bushels
2024	RHINELAND	RED SPRING WHEAT	SY MANNESS	7	856.0	2.336	Tonnes	85.8	Bushels
2024	RIDING MOUNTAIN WEST	RED SPRING WHEAT	AAC BRANDON (BW 932)	14	3,684.1	1.627	Tonnes	59.8	Bushels
2024	RIDING MOUNTAIN WEST	RED SPRING WHEAT	AAC DARBY	Below	Minimum	Tolerance	 	 	 
2024	RIDING MOUNTAIN WEST	RED SPRING WHEAT	AAC HOCKLEY |BW5044|	27	11,192.0	1.928	Tonnes	70.8	Bushels
2024	RIDING MOUNTAIN WEST	RED SPRING WHEAT	AAC HODGE |BW1069|	25	11,663.0	1.893	Tonnes	69.6	Bushels
2024	RIDING MOUNTAIN WEST	RED SPRING WHEAT	AAC REDBERRY	8	1,278.0	1.469	Tonnes	54.0	Bushels
2024	RIDING MOUNTAIN WEST	RED SPRING WHEAT	AAC STARBUCK <SECAN>	12	4,611.0	1.827	Tonnes	67.1	Bushels
2024	RIDING MOUNTAIN WEST	RED SPRING WHEAT	AAC VIEWFIELD <FP GENETICS>|BW965| EXP	6	3,538.0	1.576	Tonnes	57.9	Bushels
2024	RIDING MOUNTAIN WEST	RED SPRING WHEAT	AAC WHEATLAND <SECAN>	56	21,183.0	1.816	Tonnes	66.7	Bushels
2024	RIDING MOUNTAIN WEST	RED SPRING WHEAT	AC BARRIE (BW 661)	Below	Minimum	Tolerance	 	 	 
2024	RIDING MOUNTAIN WEST	RED SPRING WHEAT	BOLLES <SEED DEPOT>	4	1,718.0	1.270	Tonnes	46.7	Bushels
2024	RIDING MOUNTAIN WEST	RED SPRING WHEAT	CDC LANDMARK	7	5,486.0	1.791	Tonnes	65.8	Bushels
2024	RIDING MOUNTAIN WEST	RED SPRING WHEAT	GLENN	Below	Minimum	Tolerance	 	 	 
2024	RIDING MOUNTAIN WEST	RED SPRING WHEAT	NEEPAWA	Below	Minimum	Tolerance	 	 	 
2024	RIDING MOUNTAIN WEST	RED SPRING WHEAT	SY MANNESS	26	9,700.0	1.987	Tonnes	73.0	Bushels
2024	RITCHOT	RED SPRING WHEAT	AAC BRANDON (BW 932)	17	5,493.1	1.737	Tonnes	63.8	Bushels
2024	RITCHOT	RED SPRING WHEAT	AAC HOCKLEY |BW5044|	6	1,114.1	2.063	Tonnes	75.8	Bushels
2024	RITCHOT	RED SPRING WHEAT	AAC LEROY VB <ALLIANCE>	Below	Minimum	Tolerance	 	 	 
2024	RITCHOT	RED SPRING WHEAT	AAC STARBUCK <SECAN>	6	2,399.0	1.998	Tonnes	73.4	Bushels
2024	RITCHOT	RED SPRING WHEAT	AAC VIEWFIELD <FP GENETICS>|BW965| EXP	Below	Minimum	Tolerance	 	 	 
2024	RITCHOT	RED SPRING WHEAT	SY MANNESS	Below	Minimum	Tolerance	 	 	 
2024	RIVERDALE	RED SPRING WHEAT	AAC BRANDON (BW 932)	19	6,222.0	1.863	Tonnes	68.5	Bushels
2024	RIVERDALE	RED SPRING WHEAT	AAC HOCKLEY |BW5044|	Below	Minimum	Tolerance	 	 	 
2024	RIVERDALE	RED SPRING WHEAT	AAC HODGE |BW1069|	Below	Minimum	Tolerance	 	 	 
2024	RIVERDALE	RED SPRING WHEAT	AAC STARBUCK <SECAN>	26	11,465.0	1.865	Tonnes	68.5	Bushels
2024	RIVERDALE	RED SPRING WHEAT	AAC WESTKING	Below	Minimum	Tolerance	 	 	 
2024	RIVERDALE	RED SPRING WHEAT	AAC WHEATLAND <SECAN>	8	3,315.0	1.896	Tonnes	69.7	Bushels
2024	RIVERDALE	RED SPRING WHEAT	SY MANNESS	Below	Minimum	Tolerance	 	 	 
2024	ROCKWOOD	RED SPRING WHEAT	AAC BRANDON (BW 932)	27	6,848.0	1.632	Tonnes	60.0	Bushels
2024	ROCKWOOD	RED SPRING WHEAT	AAC HOCKLEY |BW5044|	12	3,304.0	1.806	Tonnes	66.4	Bushels
2024	ROCKWOOD	RED SPRING WHEAT	AAC LEROY VB <ALLIANCE>	7	1,675.0	1.763	Tonnes	64.8	Bushels
2024	ROCKWOOD	RED SPRING WHEAT	AAC STARBUCK <SECAN>	42	15,447.0	1.847	Tonnes	67.8	Bushels
2024	ROCKWOOD	RED SPRING WHEAT	AAC WESTKING	Below	Minimum	Tolerance	 	 	 
2024	ROCKWOOD	RED SPRING WHEAT	BOLLES <SEED DEPOT>	Below	Minimum	Tolerance	 	 	 
2024	ROCKWOOD	RED SPRING WHEAT	CARDALE (BW429)	Below	Minimum	Tolerance	 	 	 
2024	ROCKWOOD	RED SPRING WHEAT	GLENN	Below	Minimum	Tolerance	 	 	 
2024	ROCKWOOD	RED SPRING WHEAT	SY TORACH <SYNGENTA>	Below	Minimum	Tolerance	 	 	 
2024	ROLAND	RED SPRING WHEAT	AAC BRANDON (BW 932)	30	9,458.0	2.137	Tonnes	78.5	Bushels
2024	ROLAND	RED SPRING WHEAT	AAC BROADACRES <PROVEN>	4	1,299.0	2.090	Tonnes	76.8	Bushels
2024	ROLAND	RED SPRING WHEAT	AAC HOCKLEY |BW5044|	7	1,630.0	2.229	Tonnes	81.9	Bushels
2024	ROLAND	RED SPRING WHEAT	AAC LEROY VB <ALLIANCE>	3	880.0	1.820	Tonnes	66.9	Bushels
2024	ROLAND	RED SPRING WHEAT	AAC STARBUCK <SECAN>	17	3,677.0	2.017	Tonnes	74.1	Bushels
2024	ROLAND	RED SPRING WHEAT	AAC WHEATLAND <SECAN>	Below	Minimum	Tolerance	 	 	 
2024	ROLAND	RED SPRING WHEAT	BOLLES <SEED DEPOT>	Below	Minimum	Tolerance	 	 	 
2024	ROLAND	RED SPRING WHEAT	SY GABBRO <SYNGENTA>	Below	Minimum	Tolerance	 	 	 
2024	ROLAND	RED SPRING WHEAT	SY MANNESS	7	2,047.0	2.337	Tonnes	85.9	Bushels
2024	ROSEDALE	RED SPRING WHEAT	AAC BRANDON (BW 932)	22	9,450.0	1.773	Tonnes	65.1	Bushels
2024	ROSEDALE	RED SPRING WHEAT	AAC ELIE(BW931)	3	1,289.0	1.653	Tonnes	60.8	Bushels
2024	ROSEDALE	RED SPRING WHEAT	AAC HOCKLEY |BW5044|	3	600.0	1.851	Tonnes	68.0	Bushels
2024	ROSEDALE	RED SPRING WHEAT	AAC HODGE |BW1069|	Below	Minimum	Tolerance	 	 	 
2024	ROSEDALE	RED SPRING WHEAT	AAC REDBERRY	Below	Minimum	Tolerance	 	 	 
2024	ROSEDALE	RED SPRING WHEAT	AAC STARBUCK <SECAN>	25	9,961.0	1.936	Tonnes	71.1	Bushels
2024	ROSEDALE	RED SPRING WHEAT	AAC WHEATLAND <SECAN>	7	3,124.0	2.213	Tonnes	81.3	Bushels
2024	ROSEDALE	RED SPRING WHEAT	BOLLES <SEED DEPOT>	Below	Minimum	Tolerance	 	 	 
2024	ROSEDALE	RED SPRING WHEAT	CDC PLENTIFUL (PT580)	Below	Minimum	Tolerance	 	 	 
2024	ROSSBURN	RED SPRING WHEAT	AAC BRANDON (BW 932)	15	5,278.1	1.689	Tonnes	62.0	Bushels
2024	ROSSBURN	RED SPRING WHEAT	AAC CAMERON VB <CANTERRA>	Below	Minimum	Tolerance	 	 	 
2024	ROSSBURN	RED SPRING WHEAT	AAC HOCKLEY |BW5044|	Below	Minimum	Tolerance	 	 	 
2024	ROSSBURN	RED SPRING WHEAT	AAC HODGE |BW1069|	11	3,861.0	1.740	Tonnes	63.9	Bushels
2024	ROSSBURN	RED SPRING WHEAT	AAC LEROY VB <ALLIANCE>	Below	Minimum	Tolerance	 	 	 
2024	ROSSBURN	RED SPRING WHEAT	AAC REDBERRY	7	2,811.0	1.224	Tonnes	45.0	Bushels
2024	ROSSBURN	RED SPRING WHEAT	AAC STARBUCK <SECAN>	11	4,205.0	1.737	Tonnes	63.8	Bushels
2024	ROSSBURN	RED SPRING WHEAT	AAC WHEATLAND <SECAN>	16	7,085.0	1.631	Tonnes	59.9	Bushels
2024	ROSSBURN	RED SPRING WHEAT	AC BARRIE (BW 661)	Below	Minimum	Tolerance	 	 	 
2024	ROSSBURN	RED SPRING WHEAT	BOLLES <SEED DEPOT>	Below	Minimum	Tolerance	 	 	 
2024	ROSSBURN	RED SPRING WHEAT	CDC LANDMARK	Below	Minimum	Tolerance	 	 	 
2024	ROSSBURN	RED SPRING WHEAT	SY GABBRO <SYNGENTA>	Below	Minimum	Tolerance	 	 	 
2024	ROSSBURN	RED SPRING WHEAT	SY MANNESS	10	2,566.0	1.664	Tonnes	61.1	Bushels
2024	ROSSER	RED SPRING WHEAT	AAC BRANDON (BW 932)	5	3,109.0	1.587	Tonnes	58.3	Bushels
2024	ROSSER	RED SPRING WHEAT	AAC HOCKLEY |BW5044|	8	3,325.0	1.895	Tonnes	69.6	Bushels
2024	ROSSER	RED SPRING WHEAT	AAC LEROY VB <ALLIANCE>	Below	Minimum	Tolerance	 	 	 
2024	ROSSER	RED SPRING WHEAT	AAC STARBUCK <SECAN>	30	11,152.0	1.736	Tonnes	63.8	Bushels
2024	RUSSELL-BINSCARTH	RED SPRING WHEAT	AAC BRANDON (BW 932)	Below	Minimum	Tolerance	 	 	 
2024	RUSSELL-BINSCARTH	RED SPRING WHEAT	AAC DARBY	Below	Minimum	Tolerance	 	 	 
2024	RUSSELL-BINSCARTH	RED SPRING WHEAT	AAC HOCKLEY |BW5044|	9	3,664.0	2.258	Tonnes	83.0	Bushels
2024	RUSSELL-BINSCARTH	RED SPRING WHEAT	AAC HODGE |BW1069|	8	4,285.0	1.827	Tonnes	67.1	Bushels
2024	RUSSELL-BINSCARTH	RED SPRING WHEAT	AAC LEROY VB <ALLIANCE>	Below	Minimum	Tolerance	 	 	 
2024	RUSSELL-BINSCARTH	RED SPRING WHEAT	AAC REDBERRY	Below	Minimum	Tolerance	 	 	 
2024	RUSSELL-BINSCARTH	RED SPRING WHEAT	AAC STARBUCK <SECAN>	9	3,663.0	1.675	Tonnes	61.6	Bushels
2024	RUSSELL-BINSCARTH	RED SPRING WHEAT	AAC WHEATLAND <SECAN>	14	10,242.0	1.857	Tonnes	68.2	Bushels
2024	RUSSELL-BINSCARTH	RED SPRING WHEAT	CARDALE (BW429)	Below	Minimum	Tolerance	 	 	 
2024	RUSSELL-BINSCARTH	RED SPRING WHEAT	CDC LANDMARK	Below	Minimum	Tolerance	 	 	 
2024	RUSSELL-BINSCARTH	RED SPRING WHEAT	SY MANNESS	9	2,389.0	2.299	Tonnes	84.5	Bushels
2024	SIFTON	RED SPRING WHEAT	AAC BRANDON (BW 932)	6	2,577.0	1.436	Tonnes	52.8	Bushels
2024	SIFTON	RED SPRING WHEAT	AAC HOCKLEY |BW5044|	4	1,275.0	1.888	Tonnes	69.4	Bushels
2024	SIFTON	RED SPRING WHEAT	AAC HODGE |BW1069|	Below	Minimum	Tolerance	 	 	 
2024	SIFTON	RED SPRING WHEAT	AAC STARBUCK <SECAN>	Below	Minimum	Tolerance	 	 	 
2024	SIFTON	RED SPRING WHEAT	AAC WHEATLAND <SECAN>	3	1,076.0	1.510	Tonnes	55.5	Bushels
2024	SOURIS-GLENWOOD	RED SPRING WHEAT	AAC BRANDON (BW 932)	15	9,175.0	1.822	Tonnes	67.0	Bushels
2024	SOURIS-GLENWOOD	RED SPRING WHEAT	AAC BROADACRES <PROVEN>	Below	Minimum	Tolerance	 	 	 
2024	SOURIS-GLENWOOD	RED SPRING WHEAT	AAC ELIE(BW931)	Below	Minimum	Tolerance	 	 	 
2024	SOURIS-GLENWOOD	RED SPRING WHEAT	AAC HOCKLEY |BW5044|	8	3,089.0	1.799	Tonnes	66.1	Bushels
2024	SOURIS-GLENWOOD	RED SPRING WHEAT	AAC LEROY VB <ALLIANCE>	Below	Minimum	Tolerance	 	 	 
2024	SOURIS-GLENWOOD	RED SPRING WHEAT	AAC STARBUCK <SECAN>	4	2,804.0	1.806	Tonnes	66.3	Bushels
2024	SOURIS-GLENWOOD	RED SPRING WHEAT	AAC WHEATLAND <SECAN>	6	2,835.0	2.021	Tonnes	74.3	Bushels
2024	SOURIS-GLENWOOD	RED SPRING WHEAT	BOLLES <SEED DEPOT>	Below	Minimum	Tolerance	 	 	 
2024	SOURIS-GLENWOOD	RED SPRING WHEAT	CARDALE (BW429)	Below	Minimum	Tolerance	 	 	 
2024	SOURIS-GLENWOOD	RED SPRING WHEAT	SY CAST	Below	Minimum	Tolerance	 	 	 
2024	SOURIS-GLENWOOD	RED SPRING WHEAT	SY MANNESS	6	1,649.0	1.879	Tonnes	69.0	Bushels
2024	SPRINGFIELD	RED SPRING WHEAT	AAC BRANDON (BW 932)	25	7,256.0	1.482	Tonnes	54.4	Bushels
2024	SPRINGFIELD	RED SPRING WHEAT	AAC BROADACRES <PROVEN>	Below	Minimum	Tolerance	 	 	 
2024	SPRINGFIELD	RED SPRING WHEAT	AAC ELIE(BW931)	Below	Minimum	Tolerance	 	 	 
2024	SPRINGFIELD	RED SPRING WHEAT	AAC HOCKLEY |BW5044|	11	2,509.0	1.634	Tonnes	60.0	Bushels
2024	SPRINGFIELD	RED SPRING WHEAT	AAC HODGE |BW1069|	Below	Minimum	Tolerance	 	 	 
2024	SPRINGFIELD	RED SPRING WHEAT	AAC LEROY VB <ALLIANCE>	4	539.0	1.529	Tonnes	56.2	Bushels
2024	SPRINGFIELD	RED SPRING WHEAT	AAC SPIKE	Below	Minimum	Tolerance	 	 	 
2024	SPRINGFIELD	RED SPRING WHEAT	AAC STARBUCK <SECAN>	15	3,654.0	1.767	Tonnes	64.9	Bushels
2024	SPRINGFIELD	RED SPRING WHEAT	AAC VIEWFIELD <FP GENETICS>|BW965| EXP	7	1,628.0	1.593	Tonnes	58.5	Bushels
2024	SPRINGFIELD	RED SPRING WHEAT	AAC WESTKING	Below	Minimum	Tolerance	 	 	 
2024	SPRINGFIELD	RED SPRING WHEAT	AC DOMAIN (BW 148)	Below	Minimum	Tolerance	 	 	 
2024	SPRINGFIELD	RED SPRING WHEAT	BOLLES <SEED DEPOT>	Below	Minimum	Tolerance	 	 	 
2024	SPRINGFIELD	RED SPRING WHEAT	CDC ENVY	Below	Minimum	Tolerance	 	 	 
2024	SPRINGFIELD	RED SPRING WHEAT	CS DAYBREAK <CANTERRA>	Below	Minimum	Tolerance	 	 	 
2024	SPRINGFIELD	RED SPRING WHEAT	SY CAST	Below	Minimum	Tolerance	 	 	 
2024	SPRINGFIELD	RED SPRING WHEAT	SY MANNESS	8	3,808.0	2.264	Tonnes	83.2	Bushels
2024	ST. ANDREWS	RED SPRING WHEAT	AAC BRANDON (BW 932)	20	7,305.0	1.770	Tonnes	65.1	Bushels
2024	ST. ANDREWS	RED SPRING WHEAT	AAC BROADACRES <PROVEN>	Below	Minimum	Tolerance	 	 	 
2024	ST. ANDREWS	RED SPRING WHEAT	AAC ELIE(BW931)	4	781.0	1.125	Tonnes	41.3	Bushels
2024	ST. ANDREWS	RED SPRING WHEAT	AAC HOCKLEY |BW5044|	4	1,020.0	1.553	Tonnes	57.1	Bushels
2024	ST. ANDREWS	RED SPRING WHEAT	AAC HODGE |BW1069|	Below	Minimum	Tolerance	 	 	 
2024	ST. ANDREWS	RED SPRING WHEAT	AAC LEROY VB <ALLIANCE>	5	1,243.0	1.340	Tonnes	49.3	Bushels
2024	ST. ANDREWS	RED SPRING WHEAT	AAC STARBUCK <SECAN>	26	14,487.0	1.765	Tonnes	64.9	Bushels
2024	ST. ANDREWS	RED SPRING WHEAT	BOLLES <SEED DEPOT>	3	880.0	1.895	Tonnes	69.6	Bushels
2024	ST. ANDREWS	RED SPRING WHEAT	CARDALE (BW429)	Below	Minimum	Tolerance	 	 	 
2024	ST. ANDREWS	RED SPRING WHEAT	GLENN	Below	Minimum	Tolerance	 	 	 
2024	ST. ANDREWS	RED SPRING WHEAT	SY TORACH <SYNGENTA>	Below	Minimum	Tolerance	 	 	 
2024	ST. CLEMENTS	RED SPRING WHEAT	AAC BRANDON (BW 932)	11	2,479.0	1.345	Tonnes	49.4	Bushels
2024	ST. CLEMENTS	RED SPRING WHEAT	AAC ELIE(BW931)	4	1,182.0	1.800	Tonnes	66.1	Bushels
2024	ST. CLEMENTS	RED SPRING WHEAT	AAC HOCKLEY |BW5044|	8	3,222.0	2.023	Tonnes	74.3	Bushels
2024	ST. CLEMENTS	RED SPRING WHEAT	AAC HODGE |BW1069|	Below	Minimum	Tolerance	 	 	 
2024	ST. CLEMENTS	RED SPRING WHEAT	AAC LEROY VB <ALLIANCE>	3	1,140.0	1.252	Tonnes	46.0	Bushels
2024	ST. CLEMENTS	RED SPRING WHEAT	AAC STARBUCK <SECAN>	3	831.0	1.187	Tonnes	43.6	Bushels
2024	ST. CLEMENTS	RED SPRING WHEAT	AAC VIEWFIELD <FP GENETICS>|BW965| EXP	14	4,468.0	1.814	Tonnes	66.7	Bushels
2024	ST. CLEMENTS	RED SPRING WHEAT	GLENN	Below	Minimum	Tolerance	 	 	 
2024	ST. CLEMENTS	RED SPRING WHEAT	KANE (BW342)	Below	Minimum	Tolerance	 	 	 
2024	ST. FRANCIS XAVIER	RED SPRING WHEAT	AAC BRANDON (BW 932)	7	1,828.0	1.884	Tonnes	69.2	Bushels
2024	ST. FRANCIS XAVIER	RED SPRING WHEAT	AAC HOCKLEY |BW5044|	Below	Minimum	Tolerance	 	 	 
2024	ST. FRANCIS XAVIER	RED SPRING WHEAT	AAC HODGE |BW1069|	Below	Minimum	Tolerance	 	 	 
2024	ST. FRANCIS XAVIER	RED SPRING WHEAT	AAC STARBUCK <SECAN>	15	7,094.0	1.989	Tonnes	73.1	Bushels
2024	ST. FRANCIS XAVIER	RED SPRING WHEAT	SY MANNESS	Below	Minimum	Tolerance	 	 	 
2024	ST. LAURENT	RED SPRING WHEAT	AAC HOCKLEY |BW5044|	Below	Minimum	Tolerance	 	 	 
2024	ST. LAURENT	RED SPRING WHEAT	AAC STARBUCK <SECAN>	Below	Minimum	Tolerance	 	 	 
2024	STANLEY	RED SPRING WHEAT	AAC BRANDON (BW 932)	45	8,919.0	1.944	Tonnes	71.4	Bushels
2024	STANLEY	RED SPRING WHEAT	AAC BROADACRES <PROVEN>	6	1,523.0	1.802	Tonnes	66.2	Bushels
2024	STANLEY	RED SPRING WHEAT	AAC ELIE(BW931)	Below	Minimum	Tolerance	 	 	 
2024	STANLEY	RED SPRING WHEAT	AAC STARBUCK <SECAN>	42	7,067.0	1.929	Tonnes	70.9	Bushels
2024	STANLEY	RED SPRING WHEAT	AAC WESTKING	Below	Minimum	Tolerance	 	 	 
2024	STANLEY	RED SPRING WHEAT	AAC WHEATLAND <SECAN>	6	599.0	2.043	Tonnes	75.1	Bushels
2024	STANLEY	RED SPRING WHEAT	SY CAST	4	1,273.0	1.916	Tonnes	70.4	Bushels
2024	STANLEY	RED SPRING WHEAT	SY MANNESS	5	855.0	1.934	Tonnes	71.1	Bushels
2024	STE. ANNE	RED SPRING WHEAT	AAC BRANDON (BW 932)	18	3,480.0	2.007	Tonnes	73.7	Bushels
2024	STE. ANNE	RED SPRING WHEAT	AAC HOCKLEY |BW5044|	Below	Minimum	Tolerance	 	 	 
2024	STE. ANNE	RED SPRING WHEAT	AAC STARBUCK <SECAN>	Below	Minimum	Tolerance	 	 	 
2024	STE. ANNE	RED SPRING WHEAT	CARDALE (BW429)	Below	Minimum	Tolerance	 	 	 
2024	STE. ROSE	RED SPRING WHEAT	AAC BRANDON (BW 932)	13	8,620.1	1.649	Tonnes	60.6	Bushels
2024	STE. ROSE	RED SPRING WHEAT	AAC HOCKLEY |BW5044|	Below	Minimum	Tolerance	 	 	 
2024	STE. ROSE	RED SPRING WHEAT	AAC HODGE |BW1069|	Below	Minimum	Tolerance	 	 	 
2024	STE. ROSE	RED SPRING WHEAT	AAC STARBUCK <SECAN>	9	3,672.0	1.803	Tonnes	66.2	Bushels
2024	STE. ROSE	RED SPRING WHEAT	AAC TISDALE (PT250)	Below	Minimum	Tolerance	 	 	 
2024	STE. ROSE	RED SPRING WHEAT	AAC VIEWFIELD <FP GENETICS>|BW965| EXP	Below	Minimum	Tolerance	 	 	 
2024	STE. ROSE	RED SPRING WHEAT	CARDALE (BW429)	4	2,757.0	1.654	Tonnes	60.8	Bushels
2024	STE. ROSE	RED SPRING WHEAT	SY MANNESS	Below	Minimum	Tolerance	 	 	 
2024	STUARTBURN	RED SPRING WHEAT	AAC BRANDON (BW 932)	Below	Minimum	Tolerance	 	 	 
2024	STUARTBURN	RED SPRING WHEAT	AAC HOCKLEY |BW5044|	Below	Minimum	Tolerance	 	 	 
2024	STUARTBURN	RED SPRING WHEAT	AAC STARBUCK <SECAN>	Below	Minimum	Tolerance	 	 	 
2024	SWAN VALLEY WEST	RED SPRING WHEAT	AAC CONNERY |PT245|	Below	Minimum	Tolerance	 	 	 
2024	SWAN VALLEY WEST	RED SPRING WHEAT	AAC HOCKLEY |BW5044|	32	15,425.0	1.948	Tonnes	71.6	Bushels
2024	SWAN VALLEY WEST	RED SPRING WHEAT	AAC HODGE |BW1069|	4	3,477.0	2.033	Tonnes	74.7	Bushels
2024	SWAN VALLEY WEST	RED SPRING WHEAT	AAC LEROY VB <ALLIANCE>	Below	Minimum	Tolerance	 	 	 
2024	SWAN VALLEY WEST	RED SPRING WHEAT	AAC REDBERRY	Below	Minimum	Tolerance	 	 	 
2024	SWAN VALLEY WEST	RED SPRING WHEAT	AAC REDSTAR <SECAN> |PT488|	Below	Minimum	Tolerance	 	 	 
2024	SWAN VALLEY WEST	RED SPRING WHEAT	AAC STARBUCK <SECAN>	Below	Minimum	Tolerance	 	 	 
2024	SWAN VALLEY WEST	RED SPRING WHEAT	AAC STOUGHTON	Below	Minimum	Tolerance	 	 	 
2024	SWAN VALLEY WEST	RED SPRING WHEAT	AAC TISDALE (PT250)	Below	Minimum	Tolerance	 	 	 
2024	SWAN VALLEY WEST	RED SPRING WHEAT	AAC VIEWFIELD <FP GENETICS>|BW965| EXP	53	40,458.0	2.116	Tonnes	77.7	Bushels
2024	SWAN VALLEY WEST	RED SPRING WHEAT	AAC WESTKING	Below	Minimum	Tolerance	 	 	 
2024	SWAN VALLEY WEST	RED SPRING WHEAT	AAC WHEATLAND <SECAN>	29	13,634.0	1.912	Tonnes	70.3	Bushels
2024	SWAN VALLEY WEST	RED SPRING WHEAT	AC DOMAIN (BW 148)	Below	Minimum	Tolerance	 	 	 
2024	SWAN VALLEY WEST	RED SPRING WHEAT	BOLLES <SEED DEPOT>	3	991.0	1.999	Tonnes	73.4	Bushels
2024	SWAN VALLEY WEST	RED SPRING WHEAT	BW5089	Below	Minimum	Tolerance	 	 	 
2024	SWAN VALLEY WEST	RED SPRING WHEAT	CDC ENVY	Below	Minimum	Tolerance	 	 	 
2024	SWAN VALLEY WEST	RED SPRING WHEAT	CDC PLENTIFUL (PT580)	Below	Minimum	Tolerance	 	 	 
2024	SWAN VALLEY WEST	RED SPRING WHEAT	SY GABBRO <SYNGENTA>	Below	Minimum	Tolerance	 	 	 
2024	SWAN VALLEY WEST	RED SPRING WHEAT	SY MANNESS	19	8,022.0	2.141	Tonnes	78.7	Bushels
2024	TACHE	RED SPRING WHEAT	AAC BRANDON (BW 932)	36	8,390.0	1.893	Tonnes	69.6	Bushels
2024	TACHE	RED SPRING WHEAT	AAC ELIE(BW931)	Below	Minimum	Tolerance	 	 	 
2024	TACHE	RED SPRING WHEAT	AAC HOCKLEY |BW5044|	6	797.0	1.345	Tonnes	49.4	Bushels
2024	TACHE	RED SPRING WHEAT	AAC HODGE |BW1069|	Below	Minimum	Tolerance	 	 	 
2024	TACHE	RED SPRING WHEAT	AAC LEROY VB <ALLIANCE>	Below	Minimum	Tolerance	 	 	 
2024	TACHE	RED SPRING WHEAT	AAC STARBUCK <SECAN>	Below	Minimum	Tolerance	 	 	 
2024	TACHE	RED SPRING WHEAT	AAC WHEATLAND <SECAN>	Below	Minimum	Tolerance	 	 	 
2024	TACHE	RED SPRING WHEAT	CDC STANLEY (BW880)	Below	Minimum	Tolerance	 	 	 
2024	TACHE	RED SPRING WHEAT	SY MANNESS	Below	Minimum	Tolerance	 	 	 
2024	THOMPSON	RED SPRING WHEAT	AAC BRANDON (BW 932)	22	6,307.0	1.961	Tonnes	72.1	Bushels
2024	THOMPSON	RED SPRING WHEAT	AAC BROADACRES <PROVEN>	Below	Minimum	Tolerance	 	 	 
2024	THOMPSON	RED SPRING WHEAT	AAC HOCKLEY |BW5044|	Below	Minimum	Tolerance	 	 	 
2024	THOMPSON	RED SPRING WHEAT	AAC STARBUCK <SECAN>	27	8,020.0	1.892	Tonnes	69.5	Bushels
2024	THOMPSON	RED SPRING WHEAT	AAC WHEATLAND <SECAN>	Below	Minimum	Tolerance	 	 	 
2024	THOMPSON	RED SPRING WHEAT	AC BARRIE (BW 661)	Below	Minimum	Tolerance	 	 	 
2024	THOMPSON	RED SPRING WHEAT	CARBERRY (BW874)	Below	Minimum	Tolerance	 	 	 
2024	THOMPSON	RED SPRING WHEAT	SY MANNESS	Below	Minimum	Tolerance	 	 	 
2024	TWO BORDERS	RED SPRING WHEAT	AAC BRANDON (BW 932)	57	40,253.0	1.677	Tonnes	61.6	Bushels
2024	TWO BORDERS	RED SPRING WHEAT	AAC BROADACRES <PROVEN>	3	1,256.0	1.631	Tonnes	59.9	Bushels
2024	TWO BORDERS	RED SPRING WHEAT	AAC ELIE(BW931)	26	16,188.0	1.483	Tonnes	54.5	Bushels
2024	TWO BORDERS	RED SPRING WHEAT	AAC HOCKLEY |BW5044|	11	4,177.0	1.801	Tonnes	66.2	Bushels
2024	TWO BORDERS	RED SPRING WHEAT	AAC HODGE |BW1069|	8	3,513.0	1.566	Tonnes	57.5	Bushels
2024	TWO BORDERS	RED SPRING WHEAT	AAC LEROY VB <ALLIANCE>	16	9,680.0	1.511	Tonnes	55.5	Bushels
2024	TWO BORDERS	RED SPRING WHEAT	AAC REDBERRY	Below	Minimum	Tolerance	 	 	 
2024	TWO BORDERS	RED SPRING WHEAT	AAC STARBUCK <SECAN>	18	6,935.0	1.769	Tonnes	65.0	Bushels
2024	TWO BORDERS	RED SPRING WHEAT	AAC VIEWFIELD <FP GENETICS>|BW965| EXP	Below	Minimum	Tolerance	 	 	 
2024	TWO BORDERS	RED SPRING WHEAT	AAC WHEATLAND <SECAN>	13	6,318.0	1.834	Tonnes	67.4	Bushels
2024	TWO BORDERS	RED SPRING WHEAT	BOLLES <SEED DEPOT>	Below	Minimum	Tolerance	 	 	 
2024	TWO BORDERS	RED SPRING WHEAT	CARBERRY (BW874)	Below	Minimum	Tolerance	 	 	 
2024	TWO BORDERS	RED SPRING WHEAT	CDC ADAMANT (BW488)	Below	Minimum	Tolerance	 	 	 
2024	TWO BORDERS	RED SPRING WHEAT	CDC HUGHES <CPSC> |PT588|	Below	Minimum	Tolerance	 	 	 
2024	TWO BORDERS	RED SPRING WHEAT	SY BRAWN	Below	Minimum	Tolerance	 	 	 
2024	TWO BORDERS	RED SPRING WHEAT	SY MANNESS	Below	Minimum	Tolerance	 	 	 
2024	TWO BORDERS	RED SPRING WHEAT	SY TORACH <SYNGENTA>	Below	Minimum	Tolerance	 	 	 
2024	UNORG TERRITORY	RED SPRING WHEAT	AAC HODGE |BW1069|	Below	Minimum	Tolerance	 	 	 
2024	UNORG TERRITORY	RED SPRING WHEAT	AAC VIEWFIELD <FP GENETICS>|BW965| EXP	Below	Minimum	Tolerance	 	 	 
2024	VICTORIA	RED SPRING WHEAT	5605HR CL (BW918)	Below	Minimum	Tolerance	 	 	 
2024	VICTORIA	RED SPRING WHEAT	AAC BRANDON (BW 932)	12	4,832.0	1.951	Tonnes	71.7	Bushels
2024	VICTORIA	RED SPRING WHEAT	AAC ELIE(BW931)	7	1,057.0	1.295	Tonnes	47.6	Bushels
2024	VICTORIA	RED SPRING WHEAT	AAC HODGE |BW1069|	Below	Minimum	Tolerance	 	 	 
2024	VICTORIA	RED SPRING WHEAT	AAC LEROY VB <ALLIANCE>	8	1,585.0	1.623	Tonnes	59.6	Bushels
2024	VICTORIA	RED SPRING WHEAT	AAC REDBERRY	Below	Minimum	Tolerance	 	 	 
2024	VICTORIA	RED SPRING WHEAT	AAC STARBUCK <SECAN>	10	2,543.0	2.104	Tonnes	77.3	Bushels
2024	VICTORIA	RED SPRING WHEAT	AAC WHEATLAND <SECAN>	6	2,023.0	2.021	Tonnes	74.3	Bushels
2024	VICTORIA	RED SPRING WHEAT	AC BARRIE (BW 661)	Below	Minimum	Tolerance	 	 	 
2024	VICTORIA	RED SPRING WHEAT	CDC ENVY	Below	Minimum	Tolerance	 	 	 
2024	VICTORIA	RED SPRING WHEAT	SY CAST	Below	Minimum	Tolerance	 	 	 
2024	VICTORIA	RED SPRING WHEAT	SY MANNESS	Below	Minimum	Tolerance	 	 	 
2024	WALLACE-WOODWORTH	RED SPRING WHEAT	AAC BRANDON (BW 932)	49	19,736.0	1.497	Tonnes	55.0	Bushels
2024	WALLACE-WOODWORTH	RED SPRING WHEAT	AAC BROADACRES <PROVEN>	Below	Minimum	Tolerance	 	 	 
2024	WALLACE-WOODWORTH	RED SPRING WHEAT	AAC ELIE(BW931)	Below	Minimum	Tolerance	 	 	 
2024	WALLACE-WOODWORTH	RED SPRING WHEAT	AAC HOCKLEY |BW5044|	15	5,998.0	1.755	Tonnes	64.5	Bushels
2024	WALLACE-WOODWORTH	RED SPRING WHEAT	AAC HODGE |BW1069|	31	8,406.0	1.623	Tonnes	59.6	Bushels
2024	WALLACE-WOODWORTH	RED SPRING WHEAT	AAC LEROY VB <ALLIANCE>	Below	Minimum	Tolerance	 	 	 
2024	WALLACE-WOODWORTH	RED SPRING WHEAT	AAC REDBERRY	Below	Minimum	Tolerance	 	 	 
2024	WALLACE-WOODWORTH	RED SPRING WHEAT	AAC REDSTAR <SECAN> |PT488|	Below	Minimum	Tolerance	 	 	 
2024	WALLACE-WOODWORTH	RED SPRING WHEAT	AAC STARBUCK <SECAN>	55	22,903.0	1.565	Tonnes	57.5	Bushels
2024	WALLACE-WOODWORTH	RED SPRING WHEAT	AAC VIEWFIELD <FP GENETICS>|BW965| EXP	Below	Minimum	Tolerance	 	 	 
2024	WALLACE-WOODWORTH	RED SPRING WHEAT	AAC WESTKING	Below	Minimum	Tolerance	 	 	 
2024	WALLACE-WOODWORTH	RED SPRING WHEAT	AAC WHEATLAND <SECAN>	34	17,893.0	1.535	Tonnes	56.4	Bushels
2024	WALLACE-WOODWORTH	RED SPRING WHEAT	BOLLES <SEED DEPOT>	Below	Minimum	Tolerance	 	 	 
2024	WALLACE-WOODWORTH	RED SPRING WHEAT	CDC ENVY	Below	Minimum	Tolerance	 	 	 
2024	WALLACE-WOODWORTH	RED SPRING WHEAT	CDC HUGHES <CPSC> |PT588|	Below	Minimum	Tolerance	 	 	 
2024	WALLACE-WOODWORTH	RED SPRING WHEAT	GLENN	Below	Minimum	Tolerance	 	 	 
2024	WALLACE-WOODWORTH	RED SPRING WHEAT	SY MANNESS	7	1,746.0	1.949	Tonnes	71.6	Bushels
2024	WALLACE-WOODWORTH	RED SPRING WHEAT	SY TORACH <SYNGENTA>	7	2,120.0	1.304	Tonnes	47.9	Bushels
2024	WEST INTERLAKE	RED SPRING WHEAT	AAC BRANDON (BW 932)	Below	Minimum	Tolerance	 	 	 
2024	WEST INTERLAKE	RED SPRING WHEAT	AAC HOCKLEY |BW5044|	3	713.0	1.419	Tonnes	52.1	Bushels
2024	WEST INTERLAKE	RED SPRING WHEAT	AAC HODGE |BW1069|	Below	Minimum	Tolerance	 	 	 
2024	WEST INTERLAKE	RED SPRING WHEAT	CARDALE (BW429)	Below	Minimum	Tolerance	 	 	 
2024	WEST INTERLAKE	RED SPRING WHEAT	SY MANNESS	Below	Minimum	Tolerance	 	 	 
2024	WEST ST. PAUL	RED SPRING WHEAT	AAC BRANDON (BW 932)	Below	Minimum	Tolerance	 	 	 
2024	WEST ST. PAUL	RED SPRING WHEAT	AAC STARBUCK <SECAN>	4	1,485.0	1.515	Tonnes	55.7	Bushels
2024	WESTLAKE-GLADSTONE	RED SPRING WHEAT	AAC BRANDON (BW 932)	46	37,028.0	1.716	Tonnes	63.1	Bushels
2024	WESTLAKE-GLADSTONE	RED SPRING WHEAT	AAC ELIE(BW931)	Below	Minimum	Tolerance	 	 	 
2024	WESTLAKE-GLADSTONE	RED SPRING WHEAT	AAC HOCKLEY |BW5044|	9	1,487.0	1.273	Tonnes	46.8	Bushels
2024	WESTLAKE-GLADSTONE	RED SPRING WHEAT	AAC HODGE |BW1069|	3	761.0	1.752	Tonnes	64.4	Bushels
2024	WESTLAKE-GLADSTONE	RED SPRING WHEAT	AAC LEROY VB <ALLIANCE>	Below	Minimum	Tolerance	 	 	 
2024	WESTLAKE-GLADSTONE	RED SPRING WHEAT	AAC REDBERRY	3	1,432.0	1.529	Tonnes	56.2	Bushels
2024	WESTLAKE-GLADSTONE	RED SPRING WHEAT	AAC STARBUCK <SECAN>	31	17,912.0	1.904	Tonnes	69.9	Bushels
2024	WESTLAKE-GLADSTONE	RED SPRING WHEAT	AAC WHEATLAND <SECAN>	3	3,222.0	1.722	Tonnes	63.3	Bushels
2024	WESTLAKE-GLADSTONE	RED SPRING WHEAT	BOLLES <SEED DEPOT>	Below	Minimum	Tolerance	 	 	 
2024	WHITEHEAD	RED SPRING WHEAT	AAC BRANDON (BW 932)	26	11,521.0	1.571	Tonnes	57.7	Bushels
2024	WHITEHEAD	RED SPRING WHEAT	AAC BROADACRES <PROVEN>	4	677.0	1.800	Tonnes	66.1	Bushels
2024	WHITEHEAD	RED SPRING WHEAT	AAC ELIE(BW931)	Below	Minimum	Tolerance	 	 	 
2024	WHITEHEAD	RED SPRING WHEAT	AAC HOCKLEY |BW5044|	Below	Minimum	Tolerance	 	 	 
2024	WHITEHEAD	RED SPRING WHEAT	AAC LEROY VB <ALLIANCE>	Below	Minimum	Tolerance	 	 	 
2024	WHITEHEAD	RED SPRING WHEAT	AAC STARBUCK <SECAN>	7	3,199.0	1.707	Tonnes	62.7	Bushels
2024	WHITEHEAD	RED SPRING WHEAT	AAC WHEATLAND <SECAN>	11	7,047.0	1.746	Tonnes	64.2	Bushels
2024	WHITEHEAD	RED SPRING WHEAT	SY MANNESS	3	1,032.0	1.650	Tonnes	60.6	Bushels
2024	WHITEMOUTH	RED SPRING WHEAT	AAC BRANDON (BW 932)	10	1,580.0	1.693	Tonnes	62.2	Bushels
2024	WHITEMOUTH	RED SPRING WHEAT	AAC HOCKLEY |BW5044|	3	1,133.0	1.738	Tonnes	63.9	Bushels
2024	WHITEMOUTH	RED SPRING WHEAT	AAC LEROY VB <ALLIANCE>	Below	Minimum	Tolerance	 	 	 
2024	WHITEMOUTH	RED SPRING WHEAT	AAC STARBUCK <SECAN>	Below	Minimum	Tolerance	 	 	 
2024	WHITEMOUTH	RED SPRING WHEAT	GLENN	Below	Minimum	Tolerance	 	 	 
2024	WINNIPEG	RED SPRING WHEAT	AAC BRANDON (BW 932)	Below	Minimum	Tolerance	 	 	 
2024	WINNIPEG	RED SPRING WHEAT	AAC HOCKLEY |BW5044|	4	767.0	1.844	Tonnes	67.7	Bushels
2024	WINNIPEG	RED SPRING WHEAT	AAC STARBUCK <SECAN>	3	946.0	1.502	Tonnes	55.2	Bushels
2024	WOODLANDS	RED SPRING WHEAT	AAC BRANDON (BW 932)	21	8,941.0	1.474	Tonnes	54.2	Bushels
2024	WOODLANDS	RED SPRING WHEAT	AAC HOCKLEY |BW5044|	4	1,509.0	1.949	Tonnes	71.6	Bushels
2024	WOODLANDS	RED SPRING WHEAT	AAC LEROY VB <ALLIANCE>	3	740.0	1.321	Tonnes	48.5	Bushels
2024	WOODLANDS	RED SPRING WHEAT	AAC STARBUCK <SECAN>	32	10,161.0	1.706	Tonnes	62.7	Bushels
2024	WOODLANDS	RED SPRING WHEAT	AAC STOUGHTON	Below	Minimum	Tolerance	 	 	 
2024	WOODLANDS	RED SPRING WHEAT	AAC WESTKING	Below	Minimum	Tolerance	 	 	 
2024	YELLOWHEAD	RED SPRING WHEAT	AAC BRANDON (BW 932)	7	1,913.2	1.518	Tonnes	55.8	Bushels
2024	YELLOWHEAD	RED SPRING WHEAT	AAC BROADACRES <PROVEN>	Below	Minimum	Tolerance	 	 	 
2024	YELLOWHEAD	RED SPRING WHEAT	AAC HOCKLEY |BW5044|	13	4,475.0	1.836	Tonnes	67.5	Bushels
2024	YELLOWHEAD	RED SPRING WHEAT	AAC HODGE |BW1069|	13	8,134.0	1.745	Tonnes	64.1	Bushels
2024	YELLOWHEAD	RED SPRING WHEAT	AAC LEROY VB <ALLIANCE>	Below	Minimum	Tolerance	 	 	 
2024	YELLOWHEAD	RED SPRING WHEAT	AAC MAGNET |BW 1045, BJ14*A01135|	Below	Minimum	Tolerance	 	 	 
2024	YELLOWHEAD	RED SPRING WHEAT	AAC REDBERRY	9	3,673.0	1.516	Tonnes	55.7	Bushels
2024	YELLOWHEAD	RED SPRING WHEAT	AAC STARBUCK <SECAN>	27	9,570.1	1.876	Tonnes	68.9	Bushels
2024	YELLOWHEAD	RED SPRING WHEAT	AAC WESTKING	Below	Minimum	Tolerance	 	 	 
2024	YELLOWHEAD	RED SPRING WHEAT	AAC WHEATLAND <SECAN>	20	12,479.0	2.076	Tonnes	76.3	Bushels
2024	YELLOWHEAD	RED SPRING WHEAT	BOLLES <SEED DEPOT>	3	1,515.0	1.980	Tonnes	72.7	Bushels
2024	YELLOWHEAD	RED SPRING WHEAT	CDC ENVY	Below	Minimum	Tolerance	 	 	 
2024	YELLOWHEAD	RED SPRING WHEAT	SY MANNESS	24	8,803.0	2.016	Tonnes	74.1	Bushels
2024	YELLOWHEAD	RED SPRING WHEAT	SY TORACH <SYNGENTA>	Below	Minimum	Tolerance	 	 	 
2025	ALEXANDER	RED SPRING WHEAT	AAC BRANDON (BW 932)	4	835.0	1.909	Tonnes	70.2	Bushels
2025	ALEXANDER	RED SPRING WHEAT	AAC BROADACRES <PROVEN>	Below	Minimum	Tolerance	 	 	 
2025	ALEXANDER	RED SPRING WHEAT	AAC ELIE(BW931)	3	1,226.0	2.385	Tonnes	87.6	Bushels
2025	ALEXANDER	RED SPRING WHEAT	AAC HOCKLEY |BW5044|	Below	Minimum	Tolerance	 	 	 
2025	ALEXANDER	RED SPRING WHEAT	AAC STARBUCK <SECAN>	4	1,354.0	2.238	Tonnes	82.2	Bushels
2025	ALEXANDER	RED SPRING WHEAT	AAC VIEWFIELD <FP GENETICS>|BW965| EXP	3	1,850.0	1.851	Tonnes	68.0	Bushels
2025	ALEXANDER	RED SPRING WHEAT	CARDALE (BW429)	Below	Minimum	Tolerance	 	 	 
2025	ALEXANDER	RED SPRING WHEAT	GLENN	Below	Minimum	Tolerance	 	 	 
2025	ALEXANDER	RED SPRING WHEAT	SY MANNESS	Below	Minimum	Tolerance	 	 	 
2025	ALONSA	RED SPRING WHEAT	AAC BRANDON (BW 932)	12	9,408.0	1.380	Tonnes	50.7	Bushels
2025	ALONSA	RED SPRING WHEAT	AAC HOCKLEY |BW5044|	5	6,469.0	1.227	Tonnes	45.1	Bushels
2025	ALONSA	RED SPRING WHEAT	AAC HODGE |BW1069|	Below	Minimum	Tolerance	 	 	 
2025	ALONSA	RED SPRING WHEAT	AAC STARBUCK <SECAN>	6	1,976.0	1.228	Tonnes	45.1	Bushels
2025	ARGYLE	RED SPRING WHEAT	AAC BRANDON (BW 932)	44	17,232.0	1.841	Tonnes	67.7	Bushels
2025	ARGYLE	RED SPRING WHEAT	AAC HOCKLEY |BW5044|	Below	Minimum	Tolerance	 	 	 
2025	ARGYLE	RED SPRING WHEAT	AAC HODGE |BW1069|	Below	Minimum	Tolerance	 	 	 
2025	ARGYLE	RED SPRING WHEAT	AAC STARBUCK <SECAN>	27	9,522.0	1.744	Tonnes	64.1	Bushels
2025	ARGYLE	RED SPRING WHEAT	AAC WESTKING	Below	Minimum	Tolerance	 	 	 
2025	ARGYLE	RED SPRING WHEAT	AAC WHEATLAND <SECAN>	3	1,205.0	1.817	Tonnes	66.8	Bushels
2025	ARGYLE	RED SPRING WHEAT	AC BARRIE (BW 661)	Below	Minimum	Tolerance	 	 	 
2025	ARGYLE	RED SPRING WHEAT	SY MANNESS	12	3,170.0	1.821	Tonnes	66.9	Bushels
2025	ARMSTRONG	RED SPRING WHEAT	AAC BRANDON (BW 932)	9	1,177.0	0.608	Tonnes	22.3	Bushels
2025	ARMSTRONG	RED SPRING WHEAT	AAC HOCKLEY |BW5044|	Below	Minimum	Tolerance	 	 	 
2025	ARMSTRONG	RED SPRING WHEAT	AAC LEROY VB <ALLIANCE>	Below	Minimum	Tolerance	 	 	 
2025	ARMSTRONG	RED SPRING WHEAT	CDC HUGHES <CPSC> |PT588|	Below	Minimum	Tolerance	 	 	 
2025	ARMSTRONG	RED SPRING WHEAT	NEEPAWA	Below	Minimum	Tolerance	 	 	 
2025	ARMSTRONG	RED SPRING WHEAT	SY MANNESS	3	601.0	1.168	Tonnes	42.9	Bushels
2025	BIFROST-RIVERTON	RED SPRING WHEAT	AAC BRANDON (BW 932)	21	7,390.0	1.386	Tonnes	50.9	Bushels
2025	BIFROST-RIVERTON	RED SPRING WHEAT	AAC BROADACRES <PROVEN>	3	632.0	1.502	Tonnes	55.2	Bushels
2025	BIFROST-RIVERTON	RED SPRING WHEAT	AAC HOCKLEY |BW5044|	25	6,777.0	1.558	Tonnes	57.2	Bushels
2025	BIFROST-RIVERTON	RED SPRING WHEAT	AAC HODGE |BW1069|	Below	Minimum	Tolerance	 	 	 
2025	BIFROST-RIVERTON	RED SPRING WHEAT	AAC LEROY VB <ALLIANCE>	Below	Minimum	Tolerance	 	 	 
2025	BIFROST-RIVERTON	RED SPRING WHEAT	AAC SPIKE	3	613.0	1.506	Tonnes	55.3	Bushels
2025	BIFROST-RIVERTON	RED SPRING WHEAT	AAC STARBUCK <SECAN>	7	1,837.0	1.607	Tonnes	59.1	Bushels
2025	BIFROST-RIVERTON	RED SPRING WHEAT	AAC VIEWFIELD <FP GENETICS>|BW965| EXP	4	1,262.0	1.596	Tonnes	58.6	Bushels
2025	BIFROST-RIVERTON	RED SPRING WHEAT	AAC WALSH	Below	Minimum	Tolerance	 	 	 
2025	BIFROST-RIVERTON	RED SPRING WHEAT	AAC WESTKING	Below	Minimum	Tolerance	 	 	 
2025	BIFROST-RIVERTON	RED SPRING WHEAT	AC BARRIE (BW 661)	Below	Minimum	Tolerance	 	 	 
2025	BIFROST-RIVERTON	RED SPRING WHEAT	CS DAYBREAK <CANTERRA>	Below	Minimum	Tolerance	 	 	 
2025	BIFROST-RIVERTON	RED SPRING WHEAT	SY MANNESS	37	15,691.0	1.558	Tonnes	57.3	Bushels
2025	BIFROST-RIVERTON	RED SPRING WHEAT	SY TORACH <SYNGENTA>	11	1,367.8	1.458	Tonnes	53.6	Bushels
2025	BOISSEVAIN-MORTON	RED SPRING WHEAT	AAC BRANDON (BW 932)	21	8,651.0	1.938	Tonnes	71.2	Bushels
2025	BOISSEVAIN-MORTON	RED SPRING WHEAT	AAC BROADACRES <PROVEN>	Below	Minimum	Tolerance	 	 	 
2025	BOISSEVAIN-MORTON	RED SPRING WHEAT	AAC ELIE(BW931)	Below	Minimum	Tolerance	 	 	 
2025	BOISSEVAIN-MORTON	RED SPRING WHEAT	AAC HOCKLEY |BW5044|	6	1,507.0	1.859	Tonnes	68.3	Bushels
2025	BOISSEVAIN-MORTON	RED SPRING WHEAT	AAC HODGE |BW1069|	6	2,449.0	1.812	Tonnes	66.6	Bushels
2025	BOISSEVAIN-MORTON	RED SPRING WHEAT	AAC LEROY VB <ALLIANCE>	Below	Minimum	Tolerance	 	 	 
2025	BOISSEVAIN-MORTON	RED SPRING WHEAT	AAC STARBUCK <SECAN>	14	5,675.0	1.849	Tonnes	67.9	Bushels
2025	BOISSEVAIN-MORTON	RED SPRING WHEAT	AAC WALKER	Below	Minimum	Tolerance	 	 	 
2025	BOISSEVAIN-MORTON	RED SPRING WHEAT	AAC WALSH	Below	Minimum	Tolerance	 	 	 
2025	BOISSEVAIN-MORTON	RED SPRING WHEAT	AAC WESTKING	3	950.0	1.817	Tonnes	66.8	Bushels
2025	BOISSEVAIN-MORTON	RED SPRING WHEAT	AAC WHEATLAND <SECAN>	31	17,017.0	2.141	Tonnes	78.7	Bushels
2025	BOISSEVAIN-MORTON	RED SPRING WHEAT	BOLLES <SEED DEPOT>	Below	Minimum	Tolerance	 	 	 
2025	BOISSEVAIN-MORTON	RED SPRING WHEAT	SY MANNESS	3	745.0	2.474	Tonnes	90.9	Bushels
2025	BRENDA-WASKADA	RED SPRING WHEAT	AAC BRANDON (BW 932)	35	21,742.0	1.641	Tonnes	60.3	Bushels
2025	BRENDA-WASKADA	RED SPRING WHEAT	AAC BROADACRES <PROVEN>	Below	Minimum	Tolerance	 	 	 
2025	BRENDA-WASKADA	RED SPRING WHEAT	AAC ELIE(BW931)	8	3,020.0	1.292	Tonnes	47.5	Bushels
2025	BRENDA-WASKADA	RED SPRING WHEAT	AAC HOCKLEY |BW5044|	5	3,199.0	1.257	Tonnes	46.2	Bushels
2025	BRENDA-WASKADA	RED SPRING WHEAT	AAC HODGE |BW1069|	Below	Minimum	Tolerance	 	 	 
2025	BRENDA-WASKADA	RED SPRING WHEAT	AAC LEROY VB <ALLIANCE>	Below	Minimum	Tolerance	 	 	 
2025	BRENDA-WASKADA	RED SPRING WHEAT	AAC REDBERRY	Below	Minimum	Tolerance	 	 	 
2025	BRENDA-WASKADA	RED SPRING WHEAT	AAC STARBUCK <SECAN>	3	2,333.0	1.731	Tonnes	63.6	Bushels
2025	BRENDA-WASKADA	RED SPRING WHEAT	AAC WESTKING	Below	Minimum	Tolerance	 	 	 
2025	BRENDA-WASKADA	RED SPRING WHEAT	AAC WHEATLAND <SECAN>	21	11,764.0	1.663	Tonnes	61.1	Bushels
2025	BRENDA-WASKADA	RED SPRING WHEAT	BOLLES <SEED DEPOT>	Below	Minimum	Tolerance	 	 	 
2025	BRENDA-WASKADA	RED SPRING WHEAT	SY MANNESS	Below	Minimum	Tolerance	 	 	 
2025	BRENDA-WASKADA	RED SPRING WHEAT	SY TORACH <SYNGENTA>	Below	Minimum	Tolerance	 	 	 
2025	BROKENHEAD	RED SPRING WHEAT	AAC BRANDON (BW 932)	17	3,534.0	1.816	Tonnes	66.7	Bushels
2025	BROKENHEAD	RED SPRING WHEAT	AAC BROADACRES <PROVEN>	17	2,564.0	1.563	Tonnes	57.4	Bushels
2025	BROKENHEAD	RED SPRING WHEAT	AAC HOCKLEY |BW5044|	8	1,932.0	1.565	Tonnes	57.5	Bushels
2025	BROKENHEAD	RED SPRING WHEAT	AAC LEROY VB <ALLIANCE>	Below	Minimum	Tolerance	 	 	 
2025	BROKENHEAD	RED SPRING WHEAT	AAC STARBUCK <SECAN>	7	2,315.0	1.791	Tonnes	65.8	Bushels
2025	BROKENHEAD	RED SPRING WHEAT	AAC VIEWFIELD <FP GENETICS>|BW965| EXP	18	5,840.0	1.971	Tonnes	72.4	Bushels
2025	BROKENHEAD	RED SPRING WHEAT	BOLLES <SEED DEPOT>	6	1,895.0	1.566	Tonnes	57.5	Bushels
2025	BROKENHEAD	RED SPRING WHEAT	CARBERRY (BW874)	Below	Minimum	Tolerance	 	 	 
2025	BROKENHEAD	RED SPRING WHEAT	GLENN	Below	Minimum	Tolerance	 	 	 
2025	BROKENHEAD	RED SPRING WHEAT	ROBLIN	Below	Minimum	Tolerance	 	 	 
2025	BROKENHEAD	RED SPRING WHEAT	SY CAST	Below	Minimum	Tolerance	 	 	 
2025	BROKENHEAD	RED SPRING WHEAT	SY MANNESS	14	3,255.0	1.849	Tonnes	67.9	Bushels
2025	CARTIER	RED SPRING WHEAT	AAC BRANDON (BW 932)	18	4,935.0	2.033	Tonnes	74.7	Bushels
2025	CARTIER	RED SPRING WHEAT	AAC HOCKLEY |BW5044|	9	3,030.0	2.275	Tonnes	83.6	Bushels
2025	CARTIER	RED SPRING WHEAT	AAC STARBUCK <SECAN>	19	7,447.0	2.098	Tonnes	77.1	Bushels
2025	CARTIER	RED SPRING WHEAT	SY GABBRO <SYNGENTA>	Below	Minimum	Tolerance	 	 	 
2025	CARTIER	RED SPRING WHEAT	SY MANNESS	19	8,174.0	2.140	Tonnes	78.6	Bushels
2025	CARTWRIGHT-ROBLIN	RED SPRING WHEAT	AAC BRANDON (BW 932)	24	6,181.0	1.878	Tonnes	69.0	Bushels
2025	CARTWRIGHT-ROBLIN	RED SPRING WHEAT	AAC BROADACRES <PROVEN>	Below	Minimum	Tolerance	 	 	 
2025	CARTWRIGHT-ROBLIN	RED SPRING WHEAT	AAC HOCKLEY |BW5044|	Below	Minimum	Tolerance	 	 	 
2025	CARTWRIGHT-ROBLIN	RED SPRING WHEAT	AAC HODGE |BW1069|	Below	Minimum	Tolerance	 	 	 
2025	CARTWRIGHT-ROBLIN	RED SPRING WHEAT	AAC LEROY VB <ALLIANCE>	3	528.0	1.579	Tonnes	58.0	Bushels
2025	CARTWRIGHT-ROBLIN	RED SPRING WHEAT	AAC STARBUCK <SECAN>	17	6,826.0	1.883	Tonnes	69.2	Bushels
2025	CARTWRIGHT-ROBLIN	RED SPRING WHEAT	AAC WHEATLAND <SECAN>	23	7,313.0	1.801	Tonnes	66.2	Bushels
2025	CARTWRIGHT-ROBLIN	RED SPRING WHEAT	AC BARRIE (BW 661)	Below	Minimum	Tolerance	 	 	 
2025	CARTWRIGHT-ROBLIN	RED SPRING WHEAT	CDC ENVY	Below	Minimum	Tolerance	 	 	 
2025	CARTWRIGHT-ROBLIN	RED SPRING WHEAT	SY MANNESS	5	1,310.0	2.158	Tonnes	79.3	Bushels
2025	CLANWILLIAM-ERICKSON	RED SPRING WHEAT	AAC BRANDON (BW 932)	3	617.0	1.251	Tonnes	46.0	Bushels
2025	CLANWILLIAM-ERICKSON	RED SPRING WHEAT	AAC BROADACRES <PROVEN>	Below	Minimum	Tolerance	 	 	 
2025	CLANWILLIAM-ERICKSON	RED SPRING WHEAT	AAC CAMERON VB <CANTERRA>	Below	Minimum	Tolerance	 	 	 
2025	CLANWILLIAM-ERICKSON	RED SPRING WHEAT	AAC HOCKLEY |BW5044|	3	1,460.0	1.716	Tonnes	63.0	Bushels
2025	CLANWILLIAM-ERICKSON	RED SPRING WHEAT	AAC HODGE |BW1069|	Below	Minimum	Tolerance	 	 	 
2025	CLANWILLIAM-ERICKSON	RED SPRING WHEAT	AAC REDBERRY	Below	Minimum	Tolerance	 	 	 
2025	CLANWILLIAM-ERICKSON	RED SPRING WHEAT	AAC STARBUCK <SECAN>	7	2,064.0	1.768	Tonnes	65.0	Bushels
2025	CLANWILLIAM-ERICKSON	RED SPRING WHEAT	AAC WHEATLAND <SECAN>	Below	Minimum	Tolerance	 	 	 
2025	CLANWILLIAM-ERICKSON	RED SPRING WHEAT	AC BARRIE (BW 661)	Below	Minimum	Tolerance	 	 	 
2025	CLANWILLIAM-ERICKSON	RED SPRING WHEAT	SY MANNESS	Below	Minimum	Tolerance	 	 	 
2025	COLDWELL	RED SPRING WHEAT	AAC BRANDON (BW 932)	Below	Minimum	Tolerance	 	 	 
2025	COLDWELL	RED SPRING WHEAT	AAC HOCKLEY |BW5044|	Below	Minimum	Tolerance	 	 	 
2025	COLDWELL	RED SPRING WHEAT	SY MANNESS	Below	Minimum	Tolerance	 	 	 
2025	CORNWALLIS	RED SPRING WHEAT	AAC BRANDON (BW 932)	21	6,556.0	1.636	Tonnes	60.1	Bushels
2025	CORNWALLIS	RED SPRING WHEAT	AAC ELIE(BW931)	Below	Minimum	Tolerance	 	 	 
2025	CORNWALLIS	RED SPRING WHEAT	AAC HOCKLEY |BW5044|	Below	Minimum	Tolerance	 	 	 
2025	CORNWALLIS	RED SPRING WHEAT	AAC STARBUCK <SECAN>	6	1,525.0	1.393	Tonnes	51.2	Bushels
2025	CORNWALLIS	RED SPRING WHEAT	AAC WHEATLAND <SECAN>	6	3,734.0	2.215	Tonnes	81.4	Bushels
2025	CORNWALLIS	RED SPRING WHEAT	SY MANNESS	Below	Minimum	Tolerance	 	 	 
2025	DAUPHIN	RED SPRING WHEAT	AAC BRANDON (BW 932)	39	13,697.7	1.733	Tonnes	63.7	Bushels
2025	DAUPHIN	RED SPRING WHEAT	AAC HOCKLEY |BW5044|	4	505.0	1.985	Tonnes	72.9	Bushels
2025	DAUPHIN	RED SPRING WHEAT	AAC REDBERRY	Below	Minimum	Tolerance	 	 	 
2025	DAUPHIN	RED SPRING WHEAT	AAC SPIKE	Below	Minimum	Tolerance	 	 	 
2025	DAUPHIN	RED SPRING WHEAT	AAC STARBUCK <SECAN>	19	8,089.0	1.953	Tonnes	71.8	Bushels
2025	DAUPHIN	RED SPRING WHEAT	AAC VIEWFIELD <FP GENETICS>|BW965| EXP	5	2,622.0	2.299	Tonnes	84.5	Bushels
2025	DAUPHIN	RED SPRING WHEAT	AAC WESTKING	Below	Minimum	Tolerance	 	 	 
2025	DAUPHIN	RED SPRING WHEAT	AAC WHEATLAND <SECAN>	13	5,108.0	1.759	Tonnes	64.6	Bushels
2025	DAUPHIN	RED SPRING WHEAT	AC DOMAIN (BW 148)	Below	Minimum	Tolerance	 	 	 
2025	DAUPHIN	RED SPRING WHEAT	BAKER	Below	Minimum	Tolerance	 	 	 
2025	DAUPHIN	RED SPRING WHEAT	CARBERRY (BW874)	Below	Minimum	Tolerance	 	 	 
2025	DAUPHIN	RED SPRING WHEAT	CARDALE (BW429)	3	2,316.0	1.333	Tonnes	49.0	Bushels
2025	DAUPHIN	RED SPRING WHEAT	SY MANNESS	26	9,779.0	2.025	Tonnes	74.4	Bushels
2025	DELORAINE-WINCHESTER	RED SPRING WHEAT	AAC BRANDON (BW 932)	25	14,116.0	1.844	Tonnes	67.8	Bushels
2025	DELORAINE-WINCHESTER	RED SPRING WHEAT	AAC BROADACRES <PROVEN>	5	3,865.0	1.499	Tonnes	55.1	Bushels
2025	DELORAINE-WINCHESTER	RED SPRING WHEAT	AAC ELIE(BW931)	7	5,064.0	2.027	Tonnes	74.5	Bushels
2025	DELORAINE-WINCHESTER	RED SPRING WHEAT	AAC STARBUCK <SECAN>	Below	Minimum	Tolerance	 	 	 
2025	DELORAINE-WINCHESTER	RED SPRING WHEAT	AAC WESTKING	Below	Minimum	Tolerance	 	 	 
2025	DELORAINE-WINCHESTER	RED SPRING WHEAT	AAC WHEATLAND <SECAN>	8	4,306.0	1.664	Tonnes	61.2	Bushels
2025	DELORAINE-WINCHESTER	RED SPRING WHEAT	SY MANNESS	3	1,553.0	1.991	Tonnes	73.2	Bushels
2025	DESALABERRY	RED SPRING WHEAT	AAC BRANDON (BW 932)	21	7,934.0	1.922	Tonnes	70.6	Bushels
2025	DESALABERRY	RED SPRING WHEAT	AAC HOCKLEY |BW5044|	3	696.0	1.940	Tonnes	71.3	Bushels
2025	DESALABERRY	RED SPRING WHEAT	AAC STARBUCK <SECAN>	15	9,646.0	2.125	Tonnes	78.1	Bushels
2025	DESALABERRY	RED SPRING WHEAT	AAC TISDALE (PT250)	3	579.0	1.850	Tonnes	68.0	Bushels
2025	DESALABERRY	RED SPRING WHEAT	AAC VIEWFIELD <FP GENETICS>|BW965| EXP	Below	Minimum	Tolerance	 	 	 
2025	DESALABERRY	RED SPRING WHEAT	AAC WESTKING	3	748.0	2.243	Tonnes	82.4	Bushels
2025	DESALABERRY	RED SPRING WHEAT	AC DOMAIN (BW 148)	Below	Minimum	Tolerance	 	 	 
2025	DESALABERRY	RED SPRING WHEAT	CARDALE (BW429)	Below	Minimum	Tolerance	 	 	 
2025	DESALABERRY	RED SPRING WHEAT	SY MANNESS	6	1,921.0	2.274	Tonnes	83.6	Bushels
2025	DUFFERIN	RED SPRING WHEAT	AAC BRANDON (BW 932)	22	6,656.0	2.090	Tonnes	76.8	Bushels
2025	DUFFERIN	RED SPRING WHEAT	AAC HOCKLEY |BW5044|	22	4,335.0	2.134	Tonnes	78.4	Bushels
2025	DUFFERIN	RED SPRING WHEAT	AAC HODGE |BW1069|	Below	Minimum	Tolerance	 	 	 
2025	DUFFERIN	RED SPRING WHEAT	AAC STARBUCK <SECAN>	15	2,605.0	2.200	Tonnes	80.8	Bushels
2025	DUFFERIN	RED SPRING WHEAT	AAC WESTKING	3	592.0	2.472	Tonnes	90.8	Bushels
2025	DUFFERIN	RED SPRING WHEAT	BOLLES <SEED DEPOT>	Below	Minimum	Tolerance	 	 	 
2025	DUFFERIN	RED SPRING WHEAT	SY GABBRO <SYNGENTA>	Below	Minimum	Tolerance	 	 	 
2025	DUFFERIN	RED SPRING WHEAT	SY MANNESS	12	2,331.5	2.127	Tonnes	78.2	Bushels
2025	EAST ST PAUL	RED SPRING WHEAT	AAC STARBUCK <SECAN>	Below	Minimum	Tolerance	 	 	 
2025	ELLICE-ARCHIE	RED SPRING WHEAT	AAC BRANDON (BW 932)	7	1,966.0	1.733	Tonnes	63.7	Bushels
2025	ELLICE-ARCHIE	RED SPRING WHEAT	AAC BROADACRES <PROVEN>	Below	Minimum	Tolerance	 	 	 
2025	ELLICE-ARCHIE	RED SPRING WHEAT	AAC ELIE(BW931)	Below	Minimum	Tolerance	 	 	 
2025	ELLICE-ARCHIE	RED SPRING WHEAT	AAC HOCKLEY |BW5044|	8	4,703.0	1.881	Tonnes	69.1	Bushels
2025	ELLICE-ARCHIE	RED SPRING WHEAT	AAC LEROY VB <ALLIANCE>	Below	Minimum	Tolerance	 	 	 
2025	ELLICE-ARCHIE	RED SPRING WHEAT	AAC STARBUCK <SECAN>	15	6,785.0	1.828	Tonnes	67.2	Bushels
2025	ELLICE-ARCHIE	RED SPRING WHEAT	AAC WALKER	Below	Minimum	Tolerance	 	 	 
2025	ELLICE-ARCHIE	RED SPRING WHEAT	AAC WESTKING	5	1,952.0	2.386	Tonnes	87.7	Bushels
2025	ELLICE-ARCHIE	RED SPRING WHEAT	AAC WHEATLAND <SECAN>	20	11,691.0	1.772	Tonnes	65.1	Bushels
2025	ELLICE-ARCHIE	RED SPRING WHEAT	BOLLES <SEED DEPOT>	3	817.0	1.738	Tonnes	63.9	Bushels
2025	ELLICE-ARCHIE	RED SPRING WHEAT	CDC ENVY	Below	Minimum	Tolerance	 	 	 
2025	ELTON	RED SPRING WHEAT	AAC BRANDON (BW 932)	35	18,599.0	2.122	Tonnes	78.0	Bushels
2025	ELTON	RED SPRING WHEAT	AAC HOCKLEY |BW5044|	Below	Minimum	Tolerance	 	 	 
2025	ELTON	RED SPRING WHEAT	AAC STARBUCK <SECAN>	24	11,531.0	2.046	Tonnes	75.2	Bushels
2025	ELTON	RED SPRING WHEAT	AAC WESTKING	Below	Minimum	Tolerance	 	 	 
2025	ELTON	RED SPRING WHEAT	AAC WHEATLAND <SECAN>	7	3,936.0	2.195	Tonnes	80.6	Bushels
2025	ELTON	RED SPRING WHEAT	SY MANNESS	7	1,516.0	1.993	Tonnes	73.2	Bushels
2025	EMERSON-FRANKLIN	RED SPRING WHEAT	AAC BRANDON (BW 932)	27	13,525.0	2.083	Tonnes	76.5	Bushels
2025	EMERSON-FRANKLIN	RED SPRING WHEAT	AAC STARBUCK <SECAN>	14	4,928.0	2.016	Tonnes	74.1	Bushels
2025	EMERSON-FRANKLIN	RED SPRING WHEAT	AAC WESTKING	Below	Minimum	Tolerance	 	 	 
2025	EMERSON-FRANKLIN	RED SPRING WHEAT	AAC WHEATLAND <SECAN>	Below	Minimum	Tolerance	 	 	 
2025	EMERSON-FRANKLIN	RED SPRING WHEAT	AC DOMAIN (BW 148)	Below	Minimum	Tolerance	 	 	 
2025	EMERSON-FRANKLIN	RED SPRING WHEAT	SY MANNESS	7	3,083.0	2.353	Tonnes	86.5	Bushels
2025	ETHELBERT	RED SPRING WHEAT	AAC BRANDON (BW 932)	11	2,601.0	1.450	Tonnes	53.3	Bushels
2025	ETHELBERT	RED SPRING WHEAT	AAC HOCKLEY |BW5044|	Below	Minimum	Tolerance	 	 	 
2025	ETHELBERT	RED SPRING WHEAT	AAC REDBERRY	Below	Minimum	Tolerance	 	 	 
2025	ETHELBERT	RED SPRING WHEAT	AAC STARBUCK <SECAN>	Below	Minimum	Tolerance	 	 	 
2025	ETHELBERT	RED SPRING WHEAT	AAC WHEATLAND <SECAN>	Below	Minimum	Tolerance	 	 	 
2025	ETHELBERT	RED SPRING WHEAT	CDC ORTONA <PROVEN>	Below	Minimum	Tolerance	 	 	 
2025	ETHELBERT	RED SPRING WHEAT	CDC STANLEY (BW880)	Below	Minimum	Tolerance	 	 	 
2025	ETHELBERT	RED SPRING WHEAT	CDC VR MORRIS (BW423)	Below	Minimum	Tolerance	 	 	 
2025	ETHELBERT	RED SPRING WHEAT	SY MANNESS	3	1,150.0	1.575	Tonnes	57.9	Bushels
2025	FISHER	RED SPRING WHEAT	AAC BRANDON (BW 932)	20	7,267.0	1.238	Tonnes	45.5	Bushels
2025	FISHER	RED SPRING WHEAT	AAC HOCKLEY |BW5044|	11	2,462.0	1.691	Tonnes	62.1	Bushels
2025	FISHER	RED SPRING WHEAT	AAC HODGE |BW1069|	Below	Minimum	Tolerance	 	 	 
2025	FISHER	RED SPRING WHEAT	AAC STARBUCK <SECAN>	Below	Minimum	Tolerance	 	 	 
2025	FISHER	RED SPRING WHEAT	AAC WESTKING	Below	Minimum	Tolerance	 	 	 
2025	FISHER	RED SPRING WHEAT	AC BARRIE (BW 661)	Below	Minimum	Tolerance	 	 	 
2025	FISHER	RED SPRING WHEAT	CDC ORTONA <PROVEN>	Below	Minimum	Tolerance	 	 	 
2025	FISHER	RED SPRING WHEAT	CDC STANLEY (BW880)	Below	Minimum	Tolerance	 	 	 
2025	FISHER	RED SPRING WHEAT	CDC TEAL (BW 616)	Below	Minimum	Tolerance	 	 	 
2025	FISHER	RED SPRING WHEAT	SY MANNESS	8	2,256.0	1.303	Tonnes	47.9	Bushels
2025	FISHER	RED SPRING WHEAT	SY TORACH <SYNGENTA>	Below	Minimum	Tolerance	 	 	 
2025	GILBERT PLAINS	RED SPRING WHEAT	5605HR CL (BW918)	Below	Minimum	Tolerance	 	 	 
2025	GILBERT PLAINS	RED SPRING WHEAT	AAC BRANDON (BW 932)	20	7,342.0	2.037	Tonnes	74.9	Bushels
2025	GILBERT PLAINS	RED SPRING WHEAT	AAC HOCKLEY |BW5044|	18	6,897.0	1.967	Tonnes	72.3	Bushels
2025	GILBERT PLAINS	RED SPRING WHEAT	AAC LEROY VB <ALLIANCE>	Below	Minimum	Tolerance	 	 	 
2025	GILBERT PLAINS	RED SPRING WHEAT	AAC REDBERRY	15	10,344.0	2.133	Tonnes	78.4	Bushels
2025	GILBERT PLAINS	RED SPRING WHEAT	AAC REDWATER (PT457)	Below	Minimum	Tolerance	 	 	 
2025	GILBERT PLAINS	RED SPRING WHEAT	AAC STARBUCK <SECAN>	15	7,842.0	2.182	Tonnes	80.2	Bushels
2025	GILBERT PLAINS	RED SPRING WHEAT	AAC VIEWFIELD <FP GENETICS>|BW965| EXP	14	6,336.0	1.939	Tonnes	71.2	Bushels
2025	GILBERT PLAINS	RED SPRING WHEAT	AAC WESTKING	3	755.0	2.495	Tonnes	91.7	Bushels
2025	GILBERT PLAINS	RED SPRING WHEAT	AAC WHEATLAND <SECAN>	15	7,512.0	2.201	Tonnes	80.9	Bushels
2025	GILBERT PLAINS	RED SPRING WHEAT	CARDALE (BW429)	3	868.0	1.815	Tonnes	66.7	Bushels
2025	GILBERT PLAINS	RED SPRING WHEAT	SY MANNESS	7	1,529.0	1.739	Tonnes	63.9	Bushels
2025	GIMLI	RED SPRING WHEAT	AAC BRANDON (BW 932)	9	3,155.0	1.779	Tonnes	65.4	Bushels
2025	GIMLI	RED SPRING WHEAT	AAC BROADACRES <PROVEN>	Below	Minimum	Tolerance	 	 	 
2025	GIMLI	RED SPRING WHEAT	AAC STARBUCK <SECAN>	Below	Minimum	Tolerance	 	 	 
2025	GIMLI	RED SPRING WHEAT	BOLLES <SEED DEPOT>	Below	Minimum	Tolerance	 	 	 
2025	GIMLI	RED SPRING WHEAT	CARDALE (BW429)	Below	Minimum	Tolerance	 	 	 
2025	GIMLI	RED SPRING WHEAT	SY MANNESS	Below	Minimum	Tolerance	 	 	 
2025	GIMLI	RED SPRING WHEAT	SY TORACH <SYNGENTA>	Below	Minimum	Tolerance	 	 	 
2025	GLENBORO-SOUTH CYPRESS	RED SPRING WHEAT	AAC BRANDON (BW 932)	16	4,400.0	1.463	Tonnes	53.8	Bushels
2025	GLENBORO-SOUTH CYPRESS	RED SPRING WHEAT	AAC STARBUCK <SECAN>	9	3,732.0	1.714	Tonnes	63.0	Bushels
2025	GLENBORO-SOUTH CYPRESS	RED SPRING WHEAT	AAC WESTKING	Below	Minimum	Tolerance	 	 	 
2025	GLENBORO-SOUTH CYPRESS	RED SPRING WHEAT	AAC WHEATLAND <SECAN>	Below	Minimum	Tolerance	 	 	 
2025	GLENBORO-SOUTH CYPRESS	RED SPRING WHEAT	GLENN	Below	Minimum	Tolerance	 	 	 
2025	GLENBORO-SOUTH CYPRESS	RED SPRING WHEAT	SY MANNESS	5	1,009.0	1.424	Tonnes	52.3	Bushels
2025	GLENELLA-LANSDOWNE	RED SPRING WHEAT	AAC BRANDON (BW 932)	31	20,515.0	1.470	Tonnes	54.0	Bushels
2025	GLENELLA-LANSDOWNE	RED SPRING WHEAT	AAC ELIE(BW931)	Below	Minimum	Tolerance	 	 	 
2025	GLENELLA-LANSDOWNE	RED SPRING WHEAT	AAC HOCKLEY |BW5044|	11	8,058.0	1.295	Tonnes	47.6	Bushels
2025	GLENELLA-LANSDOWNE	RED SPRING WHEAT	AAC HODGE |BW1069|	3	679.0	1.334	Tonnes	49.0	Bushels
2025	GLENELLA-LANSDOWNE	RED SPRING WHEAT	AAC STARBUCK <SECAN>	28	12,565.0	1.580	Tonnes	58.1	Bushels
2025	GLENELLA-LANSDOWNE	RED SPRING WHEAT	AAC WHEATLAND <SECAN>	3	3,504.0	2.138	Tonnes	78.5	Bushels
2025	GLENELLA-LANSDOWNE	RED SPRING WHEAT	BOLLES <SEED DEPOT>	Below	Minimum	Tolerance	 	 	 
2025	GRAHAMDALE	RED SPRING WHEAT	AAC HOCKLEY |BW5044|	8	3,593.0	1.084	Tonnes	39.8	Bushels
2025	GRAHAMDALE	RED SPRING WHEAT	AAC STARBUCK <SECAN>	4	2,245.0	0.730	Tonnes	26.8	Bushels
2025	GRANDVIEW	RED SPRING WHEAT	AAC BRANDON (BW 932)	26	12,672.0	2.350	Tonnes	86.4	Bushels
2025	GRANDVIEW	RED SPRING WHEAT	AAC HOCKLEY |BW5044|	21	11,299.0	1.935	Tonnes	71.1	Bushels
2025	GRANDVIEW	RED SPRING WHEAT	AAC HODGE |BW1069|	4	861.0	1.588	Tonnes	58.4	Bushels
2025	GRANDVIEW	RED SPRING WHEAT	AAC LEROY VB <ALLIANCE>	Below	Minimum	Tolerance	 	 	 
2025	GRANDVIEW	RED SPRING WHEAT	AAC REDBERRY	5	2,873.0	2.058	Tonnes	75.6	Bushels
2025	GRANDVIEW	RED SPRING WHEAT	AAC STARBUCK <SECAN>	10	4,456.0	2.455	Tonnes	90.2	Bushels
2025	GRANDVIEW	RED SPRING WHEAT	AAC STOUGHTON	Below	Minimum	Tolerance	 	 	 
2025	GRANDVIEW	RED SPRING WHEAT	AAC VIEWFIELD <FP GENETICS>|BW965| EXP	7	2,765.0	2.109	Tonnes	77.5	Bushels
2025	GRANDVIEW	RED SPRING WHEAT	AAC WESTKING	Below	Minimum	Tolerance	 	 	 
2025	GRANDVIEW	RED SPRING WHEAT	AAC WHEATLAND <SECAN>	25	10,655.0	2.174	Tonnes	79.9	Bushels
2025	GRANDVIEW	RED SPRING WHEAT	BOLLES <SEED DEPOT>	6	1,099.0	1.924	Tonnes	70.7	Bushels
2025	GRANDVIEW	RED SPRING WHEAT	CARDALE (BW429)	Below	Minimum	Tolerance	 	 	 
2025	GRANDVIEW	RED SPRING WHEAT	SY MANNESS	10	3,420.0	2.055	Tonnes	75.5	Bushels
2025	GRASSLAND	RED SPRING WHEAT	AAC BRANDON (BW 932)	36	24,847.0	1.780	Tonnes	65.4	Bushels
2025	GRASSLAND	RED SPRING WHEAT	AAC ELIE(BW931)	Below	Minimum	Tolerance	 	 	 
2025	GRASSLAND	RED SPRING WHEAT	AAC HOCKLEY |BW5044|	12	5,737.0	1.760	Tonnes	64.7	Bushels
2025	GRASSLAND	RED SPRING WHEAT	AAC HODGE |BW1069|	Below	Minimum	Tolerance	 	 	 
2025	GRASSLAND	RED SPRING WHEAT	AAC LEROY VB <ALLIANCE>	3	1,258.0	0.776	Tonnes	28.5	Bushels
2025	GRASSLAND	RED SPRING WHEAT	AAC STARBUCK <SECAN>	10	4,461.0	1.800	Tonnes	66.1	Bushels
2025	GRASSLAND	RED SPRING WHEAT	AAC WESTKING	Below	Minimum	Tolerance	 	 	 
2025	GRASSLAND	RED SPRING WHEAT	AAC WHEATLAND <SECAN>	25	11,929.0	1.862	Tonnes	68.4	Bushels
2025	GRASSLAND	RED SPRING WHEAT	BOLLES <SEED DEPOT>	Below	Minimum	Tolerance	 	 	 
2025	GRASSLAND	RED SPRING WHEAT	CARBERRY (BW874)	Below	Minimum	Tolerance	 	 	 
2025	GRASSLAND	RED SPRING WHEAT	CDC ENVY	3	776.0	1.567	Tonnes	57.6	Bushels
2025	GRASSLAND	RED SPRING WHEAT	HARVEST (BW259)	Below	Minimum	Tolerance	 	 	 
2025	GRASSLAND	RED SPRING WHEAT	SY MANNESS	Below	Minimum	Tolerance	 	 	 
2025	GREY	RED SPRING WHEAT	AAC BRANDON (BW 932)	15	6,720.0	2.218	Tonnes	81.5	Bushels
2025	GREY	RED SPRING WHEAT	AAC HOCKLEY |BW5044|	20	7,355.0	2.102	Tonnes	77.2	Bushels
2025	GREY	RED SPRING WHEAT	AAC STARBUCK <SECAN>	19	4,389.0	1.933	Tonnes	71.0	Bushels
2025	GREY	RED SPRING WHEAT	AAC WHEATLAND <SECAN>	6	2,194.0	1.855	Tonnes	68.2	Bushels
2025	GREY	RED SPRING WHEAT	CARDALE (BW429)	Below	Minimum	Tolerance	 	 	 
2025	GREY	RED SPRING WHEAT	SY GABBRO <SYNGENTA>	Below	Minimum	Tolerance	 	 	 
2025	GREY	RED SPRING WHEAT	SY MANNESS	21	6,739.0	2.064	Tonnes	75.8	Bushels
2025	HAMIOTA	RED SPRING WHEAT	AAC BRANDON (BW 932)	5	1,711.0	1.617	Tonnes	59.4	Bushels
2025	HAMIOTA	RED SPRING WHEAT	AAC BROADACRES <PROVEN>	3	1,711.0	2.000	Tonnes	73.5	Bushels
2025	HAMIOTA	RED SPRING WHEAT	AAC HOCKLEY |BW5044|	10	3,705.0	1.849	Tonnes	67.9	Bushels
2025	HAMIOTA	RED SPRING WHEAT	AAC HODGE |BW1069|	Below	Minimum	Tolerance	 	 	 
2025	HAMIOTA	RED SPRING WHEAT	AAC STARBUCK <SECAN>	18	7,056.0	1.961	Tonnes	72.1	Bushels
2025	HAMIOTA	RED SPRING WHEAT	AAC VIEWFIELD <FP GENETICS>|BW965| EXP	Below	Minimum	Tolerance	 	 	 
2025	HAMIOTA	RED SPRING WHEAT	AAC WALKER	Below	Minimum	Tolerance	 	 	 
2025	HAMIOTA	RED SPRING WHEAT	AAC WESTKING	Below	Minimum	Tolerance	 	 	 
2025	HAMIOTA	RED SPRING WHEAT	AAC WHEATLAND <SECAN>	20	9,046.0	2.019	Tonnes	74.2	Bushels
2025	HAMIOTA	RED SPRING WHEAT	BOLLES <SEED DEPOT>	Below	Minimum	Tolerance	 	 	 
2025	HAMIOTA	RED SPRING WHEAT	CDC ENVY	Below	Minimum	Tolerance	 	 	 
2025	HAMIOTA	RED SPRING WHEAT	SY MANNESS	18	5,329.0	1.958	Tonnes	71.9	Bushels
2025	HANOVER	RED SPRING WHEAT	AAC BRANDON (BW 932)	20	7,419.0	1.865	Tonnes	68.5	Bushels
2025	HANOVER	RED SPRING WHEAT	AAC HOCKLEY |BW5044|	Below	Minimum	Tolerance	 	 	 
2025	HANOVER	RED SPRING WHEAT	AAC HODGE |BW1069|	Below	Minimum	Tolerance	 	 	 
2025	HANOVER	RED SPRING WHEAT	AAC STARBUCK <SECAN>	3	564.0	2.066	Tonnes	75.9	Bushels
2025	HANOVER	RED SPRING WHEAT	AAC WESTKING	Below	Minimum	Tolerance	 	 	 
2025	HANOVER	RED SPRING WHEAT	CARDALE (BW429)	Below	Minimum	Tolerance	 	 	 
2025	HANOVER	RED SPRING WHEAT	SY MANNESS	Below	Minimum	Tolerance	 	 	 
2025	HARRISON PARK	RED SPRING WHEAT	AAC BRANDON (BW 932)	7	2,033.0	1.731	Tonnes	63.6	Bushels
2025	HARRISON PARK	RED SPRING WHEAT	AAC BROADACRES <PROVEN>	Below	Minimum	Tolerance	 	 	 
2025	HARRISON PARK	RED SPRING WHEAT	AAC HOCKLEY |BW5044|	11	4,910.0	1.822	Tonnes	67.0	Bushels
2025	HARRISON PARK	RED SPRING WHEAT	AAC LEROY VB <ALLIANCE>	Below	Minimum	Tolerance	 	 	 
2025	HARRISON PARK	RED SPRING WHEAT	AAC MAGNET |BW 1045, BJ14*A01135|	Below	Minimum	Tolerance	 	 	 
2025	HARRISON PARK	RED SPRING WHEAT	AAC REDBERRY	11	2,852.0	1.469	Tonnes	54.0	Bushels
2025	HARRISON PARK	RED SPRING WHEAT	AAC STARBUCK <SECAN>	18	6,715.0	1.722	Tonnes	63.3	Bushels
2025	HARRISON PARK	RED SPRING WHEAT	AAC WHEATLAND <SECAN>	9	3,358.0	1.830	Tonnes	67.3	Bushels
2025	HARRISON PARK	RED SPRING WHEAT	AC BARRIE (BW 661)	Below	Minimum	Tolerance	 	 	 
2025	HARRISON PARK	RED SPRING WHEAT	AC SPLENDOR (BW 191)	Below	Minimum	Tolerance	 	 	 
2025	HARRISON PARK	RED SPRING WHEAT	CDC ENVY	4	1,274.0	1.862	Tonnes	68.4	Bushels
2025	HARRISON PARK	RED SPRING WHEAT	SY MANNESS	12	5,834.0	1.908	Tonnes	70.1	Bushels
2025	HARRISON PARK	RED SPRING WHEAT	SY TORACH <SYNGENTA>	Below	Minimum	Tolerance	 	 	 
2025	HEADINGLEY	RED SPRING WHEAT	AAC BRANDON (BW 932)	Below	Minimum	Tolerance	 	 	 
2025	HEADINGLEY	RED SPRING WHEAT	AAC HOCKLEY |BW5044|	Below	Minimum	Tolerance	 	 	 
2025	HEADINGLEY	RED SPRING WHEAT	AAC STARBUCK <SECAN>	Below	Minimum	Tolerance	 	 	 
2025	HEADINGLEY	RED SPRING WHEAT	SY MANNESS	5	2,714.0	1.971	Tonnes	72.4	Bushels
2025	HILLSBURG-ROBLIN-SHELL RIVER	RED SPRING WHEAT	AAC BRANDON (BW 932)	Below	Minimum	Tolerance	 	 	 
2025	HILLSBURG-ROBLIN-SHELL RIVER	RED SPRING WHEAT	AAC HOCKLEY |BW5044|	32	16,688.0	1.929	Tonnes	70.9	Bushels
2025	HILLSBURG-ROBLIN-SHELL RIVER	RED SPRING WHEAT	AAC HODGE |BW1069|	Below	Minimum	Tolerance	 	 	 
2025	HILLSBURG-ROBLIN-SHELL RIVER	RED SPRING WHEAT	AAC STARBUCK <SECAN>	Below	Minimum	Tolerance	 	 	 
2025	HILLSBURG-ROBLIN-SHELL RIVER	RED SPRING WHEAT	AAC VIEWFIELD <FP GENETICS>|BW965| EXP	8	3,498.0	1.915	Tonnes	70.4	Bushels
2025	HILLSBURG-ROBLIN-SHELL RIVER	RED SPRING WHEAT	AAC WHEATLAND <SECAN>	36	19,772.0	2.076	Tonnes	76.3	Bushels
2025	HILLSBURG-ROBLIN-SHELL RIVER	RED SPRING WHEAT	AC CADILLAC (BW 689)	3	653.0	1.287	Tonnes	47.3	Bushels
2025	HILLSBURG-ROBLIN-SHELL RIVER	RED SPRING WHEAT	BOLLES <SEED DEPOT>	Below	Minimum	Tolerance	 	 	 
2025	HILLSBURG-ROBLIN-SHELL RIVER	RED SPRING WHEAT	CDC LANDMARK	Below	Minimum	Tolerance	 	 	 
2025	HILLSBURG-ROBLIN-SHELL RIVER	RED SPRING WHEAT	CDC PLENTIFUL (PT580)	Below	Minimum	Tolerance	 	 	 
2025	HILLSBURG-ROBLIN-SHELL RIVER	RED SPRING WHEAT	HARVEST (BW259)	Below	Minimum	Tolerance	 	 	 
2025	HILLSBURG-ROBLIN-SHELL RIVER	RED SPRING WHEAT	SY MANNESS	7	2,279.0	2.236	Tonnes	82.1	Bushels
2025	KELSEY	RED SPRING WHEAT	AAC HOCKLEY |BW5044|	3	1,308.0	1.872	Tonnes	68.8	Bushels
2025	KELSEY	RED SPRING WHEAT	AAC HODGE |BW1069|	Below	Minimum	Tolerance	 	 	 
2025	KELSEY	RED SPRING WHEAT	AAC REDBERRY	4	3,840.0	2.201	Tonnes	80.9	Bushels
2025	KELSEY	RED SPRING WHEAT	AAC VIEWFIELD <FP GENETICS>|BW965| EXP	Below	Minimum	Tolerance	 	 	 
2025	KELSEY	RED SPRING WHEAT	AAC WHEATLAND <SECAN>	Below	Minimum	Tolerance	 	 	 
2025	KELSEY	RED SPRING WHEAT	CDC ENVY	Below	Minimum	Tolerance	 	 	 
2025	KELSEY	RED SPRING WHEAT	CDC LANDMARK	Below	Minimum	Tolerance	 	 	 
2025	KILLARNEY-TURTLE MTN	RED SPRING WHEAT	AAC BRANDON (BW 932)	20	11,558.0	1.864	Tonnes	68.5	Bushels
2025	KILLARNEY-TURTLE MTN	RED SPRING WHEAT	AAC BROADACRES <PROVEN>	Below	Minimum	Tolerance	 	 	 
2025	KILLARNEY-TURTLE MTN	RED SPRING WHEAT	AAC HOCKLEY |BW5044|	3	1,126.0	0.979	Tonnes	36.0	Bushels
2025	KILLARNEY-TURTLE MTN	RED SPRING WHEAT	AAC HODGE |BW1069|	Below	Minimum	Tolerance	 	 	 
2025	KILLARNEY-TURTLE MTN	RED SPRING WHEAT	AAC LEROY VB <ALLIANCE>	Below	Minimum	Tolerance	 	 	 
2025	KILLARNEY-TURTLE MTN	RED SPRING WHEAT	AAC STARBUCK <SECAN>	17	14,837.0	1.951	Tonnes	71.7	Bushels
2025	KILLARNEY-TURTLE MTN	RED SPRING WHEAT	AAC WALSH	Below	Minimum	Tolerance	 	 	 
2025	KILLARNEY-TURTLE MTN	RED SPRING WHEAT	AAC WESTKING	Below	Minimum	Tolerance	 	 	 
2025	KILLARNEY-TURTLE MTN	RED SPRING WHEAT	AAC WHEATLAND <SECAN>	24	13,854.7	1.981	Tonnes	72.8	Bushels
2025	KILLARNEY-TURTLE MTN	RED SPRING WHEAT	BAKER	Below	Minimum	Tolerance	 	 	 
2025	KILLARNEY-TURTLE MTN	RED SPRING WHEAT	CDC ENVY	Below	Minimum	Tolerance	 	 	 
2025	KILLARNEY-TURTLE MTN	RED SPRING WHEAT	SY MANNESS	7	4,363.0	2.070	Tonnes	76.1	Bushels
2025	LA BROQUERIE	RED SPRING WHEAT	AAC BRANDON (BW 932)	Below	Minimum	Tolerance	 	 	 
2025	LA BROQUERIE	RED SPRING WHEAT	AAC STARBUCK <SECAN>	Below	Minimum	Tolerance	 	 	 
2025	LA BROQUERIE	RED SPRING WHEAT	CARDALE (BW429)	Below	Minimum	Tolerance	 	 	 
2025	LAC DU BONNET	RED SPRING WHEAT	AAC BRANDON (BW 932)	Below	Minimum	Tolerance	 	 	 
2025	LAC DU BONNET	RED SPRING WHEAT	AAC BROADACRES <PROVEN>	Below	Minimum	Tolerance	 	 	 
2025	LAC DU BONNET	RED SPRING WHEAT	AAC ELIE(BW931)	4	2,477.0	2.280	Tonnes	83.8	Bushels
2025	LAC DU BONNET	RED SPRING WHEAT	AAC HOCKLEY |BW5044|	5	2,105.0	1.766	Tonnes	64.9	Bushels
2025	LAC DU BONNET	RED SPRING WHEAT	AAC STARBUCK <SECAN>	4	2,776.0	1.667	Tonnes	61.2	Bushels
2025	LAC DU BONNET	RED SPRING WHEAT	AAC TISDALE (PT250)	Below	Minimum	Tolerance	 	 	 
2025	LAC DU BONNET	RED SPRING WHEAT	AAC VIEWFIELD <FP GENETICS>|BW965| EXP	6	2,027.0	1.854	Tonnes	68.1	Bushels
2025	LAC DU BONNET	RED SPRING WHEAT	GLENN	Below	Minimum	Tolerance	 	 	 
2025	LAC DU BONNET	RED SPRING WHEAT	SY MANNESS	9	3,675.0	1.859	Tonnes	68.3	Bushels
2025	LAKESHORE	RED SPRING WHEAT	AAC BRANDON (BW 932)	24	10,565.0	1.683	Tonnes	61.9	Bushels
2025	LAKESHORE	RED SPRING WHEAT	AAC HOCKLEY |BW5044|	6	1,585.0	1.388	Tonnes	51.0	Bushels
2025	LAKESHORE	RED SPRING WHEAT	AAC HODGE |BW1069|	Below	Minimum	Tolerance	 	 	 
2025	LAKESHORE	RED SPRING WHEAT	AAC STARBUCK <SECAN>	11	4,623.0	1.513	Tonnes	55.6	Bushels
2025	LAKESHORE	RED SPRING WHEAT	AAC WHEATLAND <SECAN>	Below	Minimum	Tolerance	 	 	 
2025	LAKESHORE	RED SPRING WHEAT	CARBERRY (BW874)	Below	Minimum	Tolerance	 	 	 
2025	LAKESHORE	RED SPRING WHEAT	CARDALE (BW429)	4	2,128.0	1.376	Tonnes	50.6	Bushels
2025	LAKESHORE	RED SPRING WHEAT	SY MANNESS	3	1,315.0	1.393	Tonnes	51.2	Bushels
2025	LORNE	RED SPRING WHEAT	AAC BRANDON (BW 932)	70	24,140.2	2.188	Tonnes	80.4	Bushels
2025	LORNE	RED SPRING WHEAT	AAC HOCKLEY |BW5044|	4	878.0	2.054	Tonnes	75.5	Bushels
2025	LORNE	RED SPRING WHEAT	AAC HODGE |BW1069|	7	1,165.0	1.883	Tonnes	69.2	Bushels
2025	LORNE	RED SPRING WHEAT	AAC LEROY VB <ALLIANCE>	4	621.0	1.957	Tonnes	71.9	Bushels
2025	LORNE	RED SPRING WHEAT	AAC STARBUCK <SECAN>	40	11,731.0	2.083	Tonnes	76.5	Bushels
2025	LORNE	RED SPRING WHEAT	AAC STOUGHTON	Below	Minimum	Tolerance	 	 	 
2025	LORNE	RED SPRING WHEAT	AAC WESTKING	3	1,184.0	2.470	Tonnes	90.7	Bushels
2025	LORNE	RED SPRING WHEAT	AAC WHEATLAND <SECAN>	14	2,640.0	2.067	Tonnes	76.0	Bushels
2025	LORNE	RED SPRING WHEAT	AC BARRIE (BW 661)	Below	Minimum	Tolerance	 	 	 
2025	LORNE	RED SPRING WHEAT	CARDALE (BW429)	Below	Minimum	Tolerance	 	 	 
2025	LORNE	RED SPRING WHEAT	CDC VR MORRIS (BW423)	Below	Minimum	Tolerance	 	 	 
2025	LORNE	RED SPRING WHEAT	HARVEST (BW259)	Below	Minimum	Tolerance	 	 	 
2025	LORNE	RED SPRING WHEAT	SY MANNESS	7	1,080.0	2.023	Tonnes	74.3	Bushels
2025	LOUISE	RED SPRING WHEAT	AAC BRANDON (BW 932)	68	24,274.0	2.216	Tonnes	81.4	Bushels
2025	LOUISE	RED SPRING WHEAT	AAC BROADACRES <PROVEN>	Below	Minimum	Tolerance	 	 	 
2025	LOUISE	RED SPRING WHEAT	AAC CONNERY |PT245|	Below	Minimum	Tolerance	 	 	 
2025	LOUISE	RED SPRING WHEAT	AAC HODGE |BW1069|	Below	Minimum	Tolerance	 	 	 
2025	LOUISE	RED SPRING WHEAT	AAC STARBUCK <SECAN>	28	12,761.0	2.296	Tonnes	84.4	Bushels
2025	LOUISE	RED SPRING WHEAT	AAC WESTKING	5	979.0	2.484	Tonnes	91.3	Bushels
2025	LOUISE	RED SPRING WHEAT	AAC WHEATLAND <SECAN>	26	12,945.0	2.259	Tonnes	83.0	Bushels
2025	LOUISE	RED SPRING WHEAT	BAKER	Below	Minimum	Tolerance	 	 	 
2025	LOUISE	RED SPRING WHEAT	SY MANNESS	14	3,252.0	2.621	Tonnes	96.3	Bushels
2025	MACDONALD	RED SPRING WHEAT	AAC BRANDON (BW 932)	40	14,831.0	1.894	Tonnes	69.6	Bushels
2025	MACDONALD	RED SPRING WHEAT	AAC HOCKLEY |BW5044|	32	11,822.0	1.944	Tonnes	71.4	Bushels
2025	MACDONALD	RED SPRING WHEAT	AAC HODGE |BW1069|	Below	Minimum	Tolerance	 	 	 
2025	MACDONALD	RED SPRING WHEAT	AAC LEROY VB <ALLIANCE>	Below	Minimum	Tolerance	 	 	 
2025	MACDONALD	RED SPRING WHEAT	AAC STARBUCK <SECAN>	23	10,765.0	2.018	Tonnes	74.1	Bushels
2025	MACDONALD	RED SPRING WHEAT	AAC TISDALE (PT250)	Below	Minimum	Tolerance	 	 	 
2025	MACDONALD	RED SPRING WHEAT	AAC VIEWFIELD <FP GENETICS>|BW965| EXP	5	1,272.0	1.916	Tonnes	70.4	Bushels
2025	MACDONALD	RED SPRING WHEAT	AAC WALKER	Below	Minimum	Tolerance	 	 	 
2025	MACDONALD	RED SPRING WHEAT	AAC WALSH	Below	Minimum	Tolerance	 	 	 
2025	MACDONALD	RED SPRING WHEAT	AAC WESTKING	Below	Minimum	Tolerance	 	 	 
2025	MACDONALD	RED SPRING WHEAT	SY GABBRO <SYNGENTA>	Below	Minimum	Tolerance	 	 	 
2025	MACDONALD	RED SPRING WHEAT	SY MANNESS	62	25,298.0	1.996	Tonnes	73.3	Bushels
2025	MCCREARY	RED SPRING WHEAT	AAC BRANDON (BW 932)	15	7,623.0	1.370	Tonnes	50.3	Bushels
2025	MCCREARY	RED SPRING WHEAT	AAC HOCKLEY |BW5044|	3	1,058.0	1.670	Tonnes	61.4	Bushels
2025	MCCREARY	RED SPRING WHEAT	AAC HODGE |BW1069|	Below	Minimum	Tolerance	 	 	 
2025	MCCREARY	RED SPRING WHEAT	AAC STARBUCK <SECAN>	10	2,959.0	1.391	Tonnes	51.1	Bushels
2025	MCCREARY	RED SPRING WHEAT	AAC WHEATLAND <SECAN>	Below	Minimum	Tolerance	 	 	 
2025	MCCREARY	RED SPRING WHEAT	AC BARRIE (BW 661)	Below	Minimum	Tolerance	 	 	 
2025	MCCREARY	RED SPRING WHEAT	CARBERRY (BW874)	Below	Minimum	Tolerance	 	 	 
2025	MCCREARY	RED SPRING WHEAT	GLENN	Below	Minimum	Tolerance	 	 	 
2025	MCCREARY	RED SPRING WHEAT	SY MANNESS	Below	Minimum	Tolerance	 	 	 
2025	MINITONAS-BOWSMAN	RED SPRING WHEAT	AAC BRANDON (BW 932)	4	3,842.0	2.531	Tonnes	93.0	Bushels
2025	MINITONAS-BOWSMAN	RED SPRING WHEAT	AAC BROADACRES <PROVEN>	Below	Minimum	Tolerance	 	 	 
2025	MINITONAS-BOWSMAN	RED SPRING WHEAT	AAC HOCKLEY |BW5044|	5	1,548.0	2.147	Tonnes	78.9	Bushels
2025	MINITONAS-BOWSMAN	RED SPRING WHEAT	AAC HODGE |BW1069|	Below	Minimum	Tolerance	 	 	 
2025	MINITONAS-BOWSMAN	RED SPRING WHEAT	AAC REDBERRY	Below	Minimum	Tolerance	 	 	 
2025	MINITONAS-BOWSMAN	RED SPRING WHEAT	AAC VIEWFIELD <FP GENETICS>|BW965| EXP	72	40,771.0	2.061	Tonnes	75.7	Bushels
2025	MINITONAS-BOWSMAN	RED SPRING WHEAT	AAC WHEATLAND <SECAN>	6	2,288.0	1.994	Tonnes	73.3	Bushels
2025	MINITONAS-BOWSMAN	RED SPRING WHEAT	CARDALE (BW429)	3	680.0	1.736	Tonnes	63.8	Bushels
2025	MINITONAS-BOWSMAN	RED SPRING WHEAT	SY MANNESS	8	3,419.0	1.831	Tonnes	67.3	Bushels
2025	MINTO-ODANAH	RED SPRING WHEAT	AAC BRANDON (BW 932)	18	6,330.0	1.922	Tonnes	70.6	Bushels
2025	MINTO-ODANAH	RED SPRING WHEAT	AAC HOCKLEY |BW5044|	9	1,993.0	1.736	Tonnes	63.8	Bushels
2025	MINTO-ODANAH	RED SPRING WHEAT	AAC HODGE |BW1069|	Below	Minimum	Tolerance	 	 	 
2025	MINTO-ODANAH	RED SPRING WHEAT	AAC LEROY VB <ALLIANCE>	Below	Minimum	Tolerance	 	 	 
2025	MINTO-ODANAH	RED SPRING WHEAT	AAC STARBUCK <SECAN>	34	19,497.0	2.118	Tonnes	77.8	Bushels
2025	MINTO-ODANAH	RED SPRING WHEAT	AAC WHEATLAND <SECAN>	9	3,204.0	1.950	Tonnes	71.7	Bushels
2025	MINTO-ODANAH	RED SPRING WHEAT	BOLLES <SEED DEPOT>	Below	Minimum	Tolerance	 	 	 
2025	MINTO-ODANAH	RED SPRING WHEAT	SY MANNESS	8	3,146.0	2.018	Tonnes	74.2	Bushels
2025	MONTCALM	RED SPRING WHEAT	AAC BRANDON (BW 932)	18	7,482.0	2.248	Tonnes	82.6	Bushels
2025	MONTCALM	RED SPRING WHEAT	AAC BROADACRES <PROVEN>	Below	Minimum	Tolerance	 	 	 
2025	MONTCALM	RED SPRING WHEAT	AAC HOCKLEY |BW5044|	3	504.0	1.962	Tonnes	72.1	Bushels
2025	MONTCALM	RED SPRING WHEAT	AAC STARBUCK <SECAN>	9	2,685.0	2.022	Tonnes	74.3	Bushels
2025	MONTCALM	RED SPRING WHEAT	AAC TISDALE (PT250)	Below	Minimum	Tolerance	 	 	 
2025	MONTCALM	RED SPRING WHEAT	AAC VIEWFIELD <FP GENETICS>|BW965| EXP	Below	Minimum	Tolerance	 	 	 
2025	MONTCALM	RED SPRING WHEAT	AAC WESTKING	Below	Minimum	Tolerance	 	 	 
2025	MONTCALM	RED SPRING WHEAT	AAC WHEATLAND <SECAN>	Below	Minimum	Tolerance	 	 	 
2025	MONTCALM	RED SPRING WHEAT	COLUMBUS	Below	Minimum	Tolerance	 	 	 
2025	MONTCALM	RED SPRING WHEAT	SHELLY	Below	Minimum	Tolerance	 	 	 
2025	MONTCALM	RED SPRING WHEAT	SY MANNESS	11	2,262.0	2.186	Tonnes	80.3	Bushels
2025	MORRIS	RED SPRING WHEAT	AAC BRANDON (BW 932)	44	14,420.0	1.933	Tonnes	71.0	Bushels
2025	MORRIS	RED SPRING WHEAT	AAC HOCKLEY |BW5044|	11	3,646.0	1.770	Tonnes	65.0	Bushels
2025	MORRIS	RED SPRING WHEAT	AAC STARBUCK <SECAN>	18	4,185.0	2.109	Tonnes	77.5	Bushels
2025	MORRIS	RED SPRING WHEAT	AAC TISDALE (PT250)	Below	Minimum	Tolerance	 	 	 
2025	MORRIS	RED SPRING WHEAT	AAC VIEWFIELD <FP GENETICS>|BW965| EXP	18	6,480.0	2.213	Tonnes	81.3	Bushels
2025	MORRIS	RED SPRING WHEAT	AAC WESTKING	Below	Minimum	Tolerance	 	 	 
2025	MORRIS	RED SPRING WHEAT	AAC WHEATLAND <SECAN>	Below	Minimum	Tolerance	 	 	 
2025	MORRIS	RED SPRING WHEAT	BAKER	Below	Minimum	Tolerance	 	 	 
2025	MORRIS	RED SPRING WHEAT	CARDALE (BW429)	Below	Minimum	Tolerance	 	 	 
2025	MORRIS	RED SPRING WHEAT	CS DAYBREAK <CANTERRA>	Below	Minimum	Tolerance	 	 	 
2025	MORRIS	RED SPRING WHEAT	SY GABBRO <SYNGENTA>	3	1,120.0	1.933	Tonnes	71.0	Bushels
2025	MORRIS	RED SPRING WHEAT	SY MANNESS	50	15,324.0	2.078	Tonnes	76.4	Bushels
2025	MOSSEY RIVER	RED SPRING WHEAT	AAC BRANDON (BW 932)	5	1,778.0	1.414	Tonnes	52.0	Bushels
2025	MOSSEY RIVER	RED SPRING WHEAT	AAC STARBUCK <SECAN>	4	682.0	1.755	Tonnes	64.5	Bushels
2025	MOSSEY RIVER	RED SPRING WHEAT	AAC VIEWFIELD <FP GENETICS>|BW965| EXP	3	1,263.0	2.033	Tonnes	74.7	Bushels
2025	MOSSEY RIVER	RED SPRING WHEAT	AAC WHEATLAND <SECAN>	4	1,081.0	1.967	Tonnes	72.3	Bushels
2025	MOSSEY RIVER	RED SPRING WHEAT	CARDALE (BW429)	Below	Minimum	Tolerance	 	 	 
2025	MOSSEY RIVER	RED SPRING WHEAT	CDC ORTONA <PROVEN>	3	588.0	1.792	Tonnes	65.9	Bushels
2025	MOSSEY RIVER	RED SPRING WHEAT	SY MANNESS	Below	Minimum	Tolerance	 	 	 
2025	MOUNTAIN	RED SPRING WHEAT	AAC BRANDON (BW 932)	Below	Minimum	Tolerance	 	 	 
2025	MOUNTAIN	RED SPRING WHEAT	AAC ELIE(BW931)	Below	Minimum	Tolerance	 	 	 
2025	MOUNTAIN	RED SPRING WHEAT	AAC HOCKLEY |BW5044|	Below	Minimum	Tolerance	 	 	 
2025	MOUNTAIN	RED SPRING WHEAT	AAC REDBERRY	Below	Minimum	Tolerance	 	 	 
2025	MOUNTAIN	RED SPRING WHEAT	AAC STARBUCK <SECAN>	Below	Minimum	Tolerance	 	 	 
2025	MOUNTAIN	RED SPRING WHEAT	AAC TISDALE (PT250)	Below	Minimum	Tolerance	 	 	 
2025	MOUNTAIN	RED SPRING WHEAT	AAC VIEWFIELD <FP GENETICS>|BW965| EXP	30	18,827.0	1.995	Tonnes	73.3	Bushels
2025	MOUNTAIN	RED SPRING WHEAT	AAC WHEATLAND <SECAN>	Below	Minimum	Tolerance	 	 	 
2025	MOUNTAIN	RED SPRING WHEAT	AC INTREPID (BW 693)	Below	Minimum	Tolerance	 	 	 
2025	MOUNTAIN	RED SPRING WHEAT	CARDALE (BW429)	Below	Minimum	Tolerance	 	 	 
2025	MOUNTAIN	RED SPRING WHEAT	CDC ENVY	Below	Minimum	Tolerance	 	 	 
2025	MOUNTAIN	RED SPRING WHEAT	CDC GO (BW781)	Below	Minimum	Tolerance	 	 	 
2025	MOUNTAIN	RED SPRING WHEAT	CDC IMBUE CLPLUS |BW5062|	Below	Minimum	Tolerance	 	 	 
2025	MOUNTAIN	RED SPRING WHEAT	CDC ORTONA <PROVEN>	Below	Minimum	Tolerance	 	 	 
2025	MOUNTAIN	RED SPRING WHEAT	SY MANNESS	3	4,761.0	2.118	Tonnes	77.8	Bushels
2025	NORFOLK-TREHERNE	RED SPRING WHEAT	AAC BRANDON (BW 932)	32	12,048.3	2.091	Tonnes	76.8	Bushels
2025	NORFOLK-TREHERNE	RED SPRING WHEAT	AAC BROADACRES <PROVEN>	Below	Minimum	Tolerance	 	 	 
2025	NORFOLK-TREHERNE	RED SPRING WHEAT	AAC HODGE |BW1069|	Below	Minimum	Tolerance	 	 	 
2025	NORFOLK-TREHERNE	RED SPRING WHEAT	AAC STARBUCK <SECAN>	12	2,687.0	1.887	Tonnes	69.3	Bushels
2025	NORFOLK-TREHERNE	RED SPRING WHEAT	AAC WHEATLAND <SECAN>	12	5,401.0	2.117	Tonnes	77.8	Bushels
2025	NORTH CYPRESS-LANGFORD	RED SPRING WHEAT	AAC BRANDON (BW 932)	55	38,897.0	1.726	Tonnes	63.4	Bushels
2025	NORTH CYPRESS-LANGFORD	RED SPRING WHEAT	AAC BROADACRES <PROVEN>	Below	Minimum	Tolerance	 	 	 
2025	NORTH CYPRESS-LANGFORD	RED SPRING WHEAT	AAC ELIE(BW931)	Below	Minimum	Tolerance	 	 	 
2025	NORTH CYPRESS-LANGFORD	RED SPRING WHEAT	AAC HOCKLEY |BW5044|	3	1,401.0	2.221	Tonnes	81.6	Bushels
2025	NORTH CYPRESS-LANGFORD	RED SPRING WHEAT	AAC HODGE |BW1069|	Below	Minimum	Tolerance	 	 	 
2025	NORTH CYPRESS-LANGFORD	RED SPRING WHEAT	AAC STARBUCK <SECAN>	26	12,498.0	1.924	Tonnes	70.7	Bushels
2025	NORTH CYPRESS-LANGFORD	RED SPRING WHEAT	AAC WESTKING	Below	Minimum	Tolerance	 	 	 
2025	NORTH CYPRESS-LANGFORD	RED SPRING WHEAT	AAC WHEATLAND <SECAN>	5	7,228.0	2.086	Tonnes	76.6	Bushels
2025	NORTH CYPRESS-LANGFORD	RED SPRING WHEAT	CARBERRY (BW874)	Below	Minimum	Tolerance	 	 	 
2025	NORTH CYPRESS-LANGFORD	RED SPRING WHEAT	SY MANNESS	Below	Minimum	Tolerance	 	 	 
2025	NORTH NORFOLK	RED SPRING WHEAT	AAC BRANDON (BW 932)	29	10,137.0	1.835	Tonnes	67.4	Bushels
2025	NORTH NORFOLK	RED SPRING WHEAT	AAC ELIE(BW931)	4	1,147.0	1.575	Tonnes	57.9	Bushels
2025	NORTH NORFOLK	RED SPRING WHEAT	AAC HOCKLEY |BW5044|	Below	Minimum	Tolerance	 	 	 
2025	NORTH NORFOLK	RED SPRING WHEAT	AAC STARBUCK <SECAN>	21	5,827.0	1.708	Tonnes	62.8	Bushels
2025	NORTH NORFOLK	RED SPRING WHEAT	AAC WESTKING	Below	Minimum	Tolerance	 	 	 
2025	NORTH NORFOLK	RED SPRING WHEAT	AAC WHEATLAND <SECAN>	5	2,070.0	1.709	Tonnes	62.8	Bushels
2025	NORTH NORFOLK	RED SPRING WHEAT	BOLLES <SEED DEPOT>	8	4,500.0	1.949	Tonnes	71.6	Bushels
2025	NORTH NORFOLK	RED SPRING WHEAT	CARDALE (BW429)	Below	Minimum	Tolerance	 	 	 
2025	NORTH NORFOLK	RED SPRING WHEAT	PEMBINA	Below	Minimum	Tolerance	 	 	 
2025	OAKLAND-WAWANESA	RED SPRING WHEAT	AAC BRANDON (BW 932)	19	10,262.0	1.852	Tonnes	68.1	Bushels
2025	OAKLAND-WAWANESA	RED SPRING WHEAT	AAC CAMERON VB <CANTERRA>	Below	Minimum	Tolerance	 	 	 
2025	OAKLAND-WAWANESA	RED SPRING WHEAT	AAC ELIE(BW931)	Below	Minimum	Tolerance	 	 	 
2025	OAKLAND-WAWANESA	RED SPRING WHEAT	AAC HOCKLEY |BW5044|	Below	Minimum	Tolerance	 	 	 
2025	OAKLAND-WAWANESA	RED SPRING WHEAT	AAC HODGE |BW1069|	Below	Minimum	Tolerance	 	 	 
2025	OAKLAND-WAWANESA	RED SPRING WHEAT	AAC STARBUCK <SECAN>	10	2,843.0	2.002	Tonnes	73.6	Bushels
2025	OAKLAND-WAWANESA	RED SPRING WHEAT	AAC WESTKING	Below	Minimum	Tolerance	 	 	 
2025	OAKLAND-WAWANESA	RED SPRING WHEAT	AAC WHEATLAND <SECAN>	14	6,550.0	1.906	Tonnes	70.0	Bushels
2025	OAKLAND-WAWANESA	RED SPRING WHEAT	CARDALE (BW429)	Below	Minimum	Tolerance	 	 	 
2025	OAKLAND-WAWANESA	RED SPRING WHEAT	CDC PLENTIFUL (PT580)	Below	Minimum	Tolerance	 	 	 
2025	OAKLAND-WAWANESA	RED SPRING WHEAT	HARVEST (BW259)	Below	Minimum	Tolerance	 	 	 
2025	OAKLAND-WAWANESA	RED SPRING WHEAT	SY MANNESS	Below	Minimum	Tolerance	 	 	 
2025	OAKVIEW	RED SPRING WHEAT	AAC BRANDON (BW 932)	11	5,994.0	1.741	Tonnes	64.0	Bushels
2025	OAKVIEW	RED SPRING WHEAT	AAC BROADACRES <PROVEN>	Below	Minimum	Tolerance	 	 	 
2025	OAKVIEW	RED SPRING WHEAT	AAC HOCKLEY |BW5044|	10	3,450.0	1.977	Tonnes	72.6	Bushels
2025	OAKVIEW	RED SPRING WHEAT	AAC HODGE |BW1069|	5	1,490.0	1.386	Tonnes	50.9	Bushels
2025	OAKVIEW	RED SPRING WHEAT	AAC REDBERRY	4	943.0	1.742	Tonnes	64.0	Bushels
2025	OAKVIEW	RED SPRING WHEAT	AAC STARBUCK <SECAN>	46	20,927.0	1.897	Tonnes	69.7	Bushels
2025	OAKVIEW	RED SPRING WHEAT	AAC VIEWFIELD <FP GENETICS>|BW965| EXP	Below	Minimum	Tolerance	 	 	 
2025	OAKVIEW	RED SPRING WHEAT	AAC WALKER	Below	Minimum	Tolerance	 	 	 
2025	OAKVIEW	RED SPRING WHEAT	AAC WESTKING	3	909.0	2.023	Tonnes	74.3	Bushels
2025	OAKVIEW	RED SPRING WHEAT	AAC WHEATLAND <SECAN>	26	13,423.0	1.993	Tonnes	73.2	Bushels
2025	OAKVIEW	RED SPRING WHEAT	BOLLES <SEED DEPOT>	Below	Minimum	Tolerance	 	 	 
2025	OAKVIEW	RED SPRING WHEAT	CDC LANDMARK	Below	Minimum	Tolerance	 	 	 
2025	OAKVIEW	RED SPRING WHEAT	CDC UTMOST (BW 883)	Below	Minimum	Tolerance	 	 	 
2025	OAKVIEW	RED SPRING WHEAT	GLENN	Below	Minimum	Tolerance	 	 	 
2025	OAKVIEW	RED SPRING WHEAT	SY MANNESS	14	5,158.0	1.971	Tonnes	72.4	Bushels
2025	PEMBINA	RED SPRING WHEAT	AAC BRANDON (BW 932)	54	21,224.0	2.135	Tonnes	78.4	Bushels
2025	PEMBINA	RED SPRING WHEAT	AAC BROADACRES <PROVEN>	4	816.0	1.745	Tonnes	64.1	Bushels
2025	PEMBINA	RED SPRING WHEAT	AAC HOCKLEY |BW5044|	7	4,119.0	1.920	Tonnes	70.5	Bushels
2025	PEMBINA	RED SPRING WHEAT	AAC STARBUCK <SECAN>	30	9,064.0	2.016	Tonnes	74.1	Bushels
2025	PEMBINA	RED SPRING WHEAT	AAC STOUGHTON	Below	Minimum	Tolerance	 	 	 
2025	PEMBINA	RED SPRING WHEAT	AAC WALSH	Below	Minimum	Tolerance	 	 	 
2025	PEMBINA	RED SPRING WHEAT	AAC WESTKING	4	840.0	2.611	Tonnes	95.9	Bushels
2025	PEMBINA	RED SPRING WHEAT	AAC WHEATLAND <SECAN>	26	8,137.0	2.135	Tonnes	78.4	Bushels
2025	PEMBINA	RED SPRING WHEAT	BREADWINNER	Below	Minimum	Tolerance	 	 	 
2025	PEMBINA	RED SPRING WHEAT	CARBERRY (BW874)	Below	Minimum	Tolerance	 	 	 
2025	PEMBINA	RED SPRING WHEAT	SY MANNESS	7	1,555.0	2.395	Tonnes	88.0	Bushels
2025	PINEY	RED SPRING WHEAT	AAC BRANDON (BW 932)	5	1,730.0	1.604	Tonnes	58.9	Bushels
2025	PINEY	RED SPRING WHEAT	AAC LEROY VB <ALLIANCE>	Below	Minimum	Tolerance	 	 	 
2025	PINEY	RED SPRING WHEAT	AAC STARBUCK <SECAN>	Below	Minimum	Tolerance	 	 	 
2025	PIPESTONE	RED SPRING WHEAT	AAC BRANDON (BW 932)	28	16,686.0	1.658	Tonnes	60.9	Bushels
2025	PIPESTONE	RED SPRING WHEAT	AAC ELIE(BW931)	Below	Minimum	Tolerance	 	 	 
2025	PIPESTONE	RED SPRING WHEAT	AAC HOCKLEY |BW5044|	16	5,411.0	1.794	Tonnes	65.9	Bushels
2025	PIPESTONE	RED SPRING WHEAT	AAC HODGE |BW1069|	5	1,515.0	1.266	Tonnes	46.5	Bushels
2025	PIPESTONE	RED SPRING WHEAT	AAC LEROY VB <ALLIANCE>	Below	Minimum	Tolerance	 	 	 
2025	PIPESTONE	RED SPRING WHEAT	AAC STARBUCK <SECAN>	33	21,873.0	1.715	Tonnes	63.0	Bushels
2025	PIPESTONE	RED SPRING WHEAT	AAC VIEWFIELD <FP GENETICS>|BW965| EXP	Below	Minimum	Tolerance	 	 	 
2025	PIPESTONE	RED SPRING WHEAT	AAC WESTKING	Below	Minimum	Tolerance	 	 	 
2025	PIPESTONE	RED SPRING WHEAT	AAC WHEATLAND <SECAN>	12	11,376.0	1.768	Tonnes	65.0	Bushels
2025	PIPESTONE	RED SPRING WHEAT	BOLLES <SEED DEPOT>	Below	Minimum	Tolerance	 	 	 
2025	PIPESTONE	RED SPRING WHEAT	CDC HUGHES <CPSC> |PT588|	Below	Minimum	Tolerance	 	 	 
2025	PIPESTONE	RED SPRING WHEAT	SY MANNESS	8	1,978.0	1.779	Tonnes	65.4	Bushels
2025	PORTAGE LA PRAIRIE	RED SPRING WHEAT	AAC BRANDON (BW 932)	83	45,210.0	2.051	Tonnes	75.3	Bushels
2025	PORTAGE LA PRAIRIE	RED SPRING WHEAT	AAC BROADACRES <PROVEN>	Below	Minimum	Tolerance	 	 	 
2025	PORTAGE LA PRAIRIE	RED SPRING WHEAT	AAC HOCKLEY |BW5044|	13	5,221.0	2.180	Tonnes	80.1	Bushels
2025	PORTAGE LA PRAIRIE	RED SPRING WHEAT	AAC LEROY VB <ALLIANCE>	Below	Minimum	Tolerance	 	 	 
2025	PORTAGE LA PRAIRIE	RED SPRING WHEAT	AAC STARBUCK <SECAN>	29	14,235.0	2.267	Tonnes	83.3	Bushels
2025	PORTAGE LA PRAIRIE	RED SPRING WHEAT	AAC VIEWFIELD <FP GENETICS>|BW965| EXP	Below	Minimum	Tolerance	 	 	 
2025	PORTAGE LA PRAIRIE	RED SPRING WHEAT	AAC WESTKING	5	1,285.0	1.863	Tonnes	68.4	Bushels
2025	PORTAGE LA PRAIRIE	RED SPRING WHEAT	AAC WHEATLAND <SECAN>	4	2,814.0	1.726	Tonnes	63.4	Bushels
2025	PORTAGE LA PRAIRIE	RED SPRING WHEAT	BOLLES <SEED DEPOT>	5	2,191.0	1.502	Tonnes	55.2	Bushels
2025	PORTAGE LA PRAIRIE	RED SPRING WHEAT	CARBERRY (BW874)	Below	Minimum	Tolerance	 	 	 
2025	PORTAGE LA PRAIRIE	RED SPRING WHEAT	CARDALE (BW429)	Below	Minimum	Tolerance	 	 	 
2025	PORTAGE LA PRAIRIE	RED SPRING WHEAT	CDC BRADWELL <SECAN> |BW472|	Below	Minimum	Tolerance	 	 	 
2025	PORTAGE LA PRAIRIE	RED SPRING WHEAT	SY GABBRO <SYNGENTA>	Below	Minimum	Tolerance	 	 	 
2025	PORTAGE LA PRAIRIE	RED SPRING WHEAT	SY MANNESS	16	4,184.0	2.216	Tonnes	81.4	Bushels
2025	PRAIRIE LAKES	RED SPRING WHEAT	AAC BRANDON (BW 932)	37	21,892.0	1.876	Tonnes	68.9	Bushels
2025	PRAIRIE LAKES	RED SPRING WHEAT	AAC ELIE(BW931)	Below	Minimum	Tolerance	 	 	 
2025	PRAIRIE LAKES	RED SPRING WHEAT	AAC HOCKLEY |BW5044|	4	1,986.8	0.391	Tonnes	14.4	Bushels
2025	PRAIRIE LAKES	RED SPRING WHEAT	AAC HODGE |BW1069|	Below	Minimum	Tolerance	 	 	 
2025	PRAIRIE LAKES	RED SPRING WHEAT	AAC STARBUCK <SECAN>	22	9,467.0	1.915	Tonnes	70.4	Bushels
2025	PRAIRIE LAKES	RED SPRING WHEAT	AAC WHEATLAND <SECAN>	26	10,022.0	1.979	Tonnes	72.7	Bushels
2025	PRAIRIE LAKES	RED SPRING WHEAT	CDC ENVY	Below	Minimum	Tolerance	 	 	 
2025	PRAIRIE LAKES	RED SPRING WHEAT	COLUMBUS	Below	Minimum	Tolerance	 	 	 
2025	PRAIRIE LAKES	RED SPRING WHEAT	GLENN	Below	Minimum	Tolerance	 	 	 
2025	PRAIRIE LAKES	RED SPRING WHEAT	SY MANNESS	13	4,768.0	1.760	Tonnes	64.7	Bushels
2025	PRAIRIE VIEW	RED SPRING WHEAT	AAC BRANDON (BW 932)	7	2,912.9	1.750	Tonnes	64.3	Bushels
2025	PRAIRIE VIEW	RED SPRING WHEAT	AAC HOCKLEY |BW5044|	13	5,681.0	2.081	Tonnes	76.5	Bushels
2025	PRAIRIE VIEW	RED SPRING WHEAT	AAC HODGE |BW1069|	6	1,975.0	1.696	Tonnes	62.3	Bushels
2025	PRAIRIE VIEW	RED SPRING WHEAT	AAC LEROY VB <ALLIANCE>	Below	Minimum	Tolerance	 	 	 
2025	PRAIRIE VIEW	RED SPRING WHEAT	AAC REDBERRY	Below	Minimum	Tolerance	 	 	 
2025	PRAIRIE VIEW	RED SPRING WHEAT	AAC STARBUCK <SECAN>	35	16,272.0	2.000	Tonnes	73.5	Bushels
2025	PRAIRIE VIEW	RED SPRING WHEAT	AAC STOUGHTON	Below	Minimum	Tolerance	 	 	 
2025	PRAIRIE VIEW	RED SPRING WHEAT	AAC VIEWFIELD <FP GENETICS>|BW965| EXP	Below	Minimum	Tolerance	 	 	 
2025	PRAIRIE VIEW	RED SPRING WHEAT	AAC WESTKING	5	1,611.0	2.186	Tonnes	80.3	Bushels
2025	PRAIRIE VIEW	RED SPRING WHEAT	AAC WHEATLAND <SECAN>	72	37,970.5	1.955	Tonnes	71.8	Bushels
2025	PRAIRIE VIEW	RED SPRING WHEAT	BOLLES <SEED DEPOT>	5	5,110.0	1.637	Tonnes	60.1	Bushels
2025	PRAIRIE VIEW	RED SPRING WHEAT	CDC ENVY	Below	Minimum	Tolerance	 	 	 
2025	PRAIRIE VIEW	RED SPRING WHEAT	SY MANNESS	19	6,517.5	1.818	Tonnes	66.8	Bushels
2025	REYNOLDS	RED SPRING WHEAT	AAC BRANDON (BW 932)	Below	Minimum	Tolerance	 	 	 
2025	REYNOLDS	RED SPRING WHEAT	AAC BROADACRES <PROVEN>	Below	Minimum	Tolerance	 	 	 
2025	REYNOLDS	RED SPRING WHEAT	AAC HOCKLEY |BW5044|	Below	Minimum	Tolerance	 	 	 
2025	RHINELAND	RED SPRING WHEAT	AAC BRANDON (BW 932)	44	8,420.0	2.184	Tonnes	80.2	Bushels
2025	RHINELAND	RED SPRING WHEAT	AAC BROADACRES <PROVEN>	Below	Minimum	Tolerance	 	 	 
2025	RHINELAND	RED SPRING WHEAT	AAC LEROY VB <ALLIANCE>	Below	Minimum	Tolerance	 	 	 
2025	RHINELAND	RED SPRING WHEAT	AAC STARBUCK <SECAN>	38	8,823.0	2.106	Tonnes	77.4	Bushels
2025	RHINELAND	RED SPRING WHEAT	AAC VIEWFIELD <FP GENETICS>|BW965| EXP	Below	Minimum	Tolerance	 	 	 
2025	RHINELAND	RED SPRING WHEAT	AAC WALSH	Below	Minimum	Tolerance	 	 	 
2025	RHINELAND	RED SPRING WHEAT	AAC WESTKING	4	685.0	2.497	Tonnes	91.8	Bushels
2025	RHINELAND	RED SPRING WHEAT	AAC WHEATLAND <SECAN>	5	943.0	2.007	Tonnes	73.7	Bushels
2025	RHINELAND	RED SPRING WHEAT	AC DOMAIN (BW 148)	Below	Minimum	Tolerance	 	 	 
2025	RHINELAND	RED SPRING WHEAT	COLUMBUS	Below	Minimum	Tolerance	 	 	 
2025	RHINELAND	RED SPRING WHEAT	SY MANNESS	15	3,159.0	2.180	Tonnes	80.1	Bushels
2025	RIDING MOUNTAIN WEST	RED SPRING WHEAT	AAC BRANDON (BW 932)	6	2,736.0	1.938	Tonnes	71.2	Bushels
2025	RIDING MOUNTAIN WEST	RED SPRING WHEAT	AAC DARBY	Below	Minimum	Tolerance	 	 	 
2025	RIDING MOUNTAIN WEST	RED SPRING WHEAT	AAC HOCKLEY |BW5044|	37	17,060.0	1.963	Tonnes	72.1	Bushels
2025	RIDING MOUNTAIN WEST	RED SPRING WHEAT	AAC HODGE |BW1069|	10	2,182.0	1.773	Tonnes	65.2	Bushels
2025	RIDING MOUNTAIN WEST	RED SPRING WHEAT	AAC REDBERRY	5	1,282.7	1.608	Tonnes	59.1	Bushels
2025	RIDING MOUNTAIN WEST	RED SPRING WHEAT	AAC RUSSELL <FP GENETICS>	Below	Minimum	Tolerance	 	 	 
2025	RIDING MOUNTAIN WEST	RED SPRING WHEAT	AAC SPIKE	Below	Minimum	Tolerance	 	 	 
2025	RIDING MOUNTAIN WEST	RED SPRING WHEAT	AAC STARBUCK <SECAN>	11	5,497.0	2.170	Tonnes	79.7	Bushels
2025	RIDING MOUNTAIN WEST	RED SPRING WHEAT	AAC STOUGHTON	Below	Minimum	Tolerance	 	 	 
2025	RIDING MOUNTAIN WEST	RED SPRING WHEAT	AAC TISDALE (PT250)	Below	Minimum	Tolerance	 	 	 
2025	RIDING MOUNTAIN WEST	RED SPRING WHEAT	AAC VIEWFIELD <FP GENETICS>|BW965| EXP	5	2,285.5	2.375	Tonnes	87.3	Bushels
2025	RIDING MOUNTAIN WEST	RED SPRING WHEAT	AAC WALKER	Below	Minimum	Tolerance	 	 	 
2025	RIDING MOUNTAIN WEST	RED SPRING WHEAT	AAC WESTKING	3	1,239.0	2.386	Tonnes	87.7	Bushels
2025	RIDING MOUNTAIN WEST	RED SPRING WHEAT	AAC WHEATLAND <SECAN>	53	25,379.0	1.979	Tonnes	72.7	Bushels
2025	RIDING MOUNTAIN WEST	RED SPRING WHEAT	BOLLES <SEED DEPOT>	3	1,745.0	1.182	Tonnes	43.4	Bushels
2025	RIDING MOUNTAIN WEST	RED SPRING WHEAT	CDC ENVY	Below	Minimum	Tolerance	 	 	 
2025	RIDING MOUNTAIN WEST	RED SPRING WHEAT	CDC LANDMARK	3	2,200.0	1.969	Tonnes	72.3	Bushels
2025	RIDING MOUNTAIN WEST	RED SPRING WHEAT	SY MANNESS	29	13,808.0	2.115	Tonnes	77.7	Bushels
2025	RITCHOT	RED SPRING WHEAT	AAC BRANDON (BW 932)	14	3,106.3	2.067	Tonnes	75.9	Bushels
2025	RITCHOT	RED SPRING WHEAT	AAC HOCKLEY |BW5044|	5	1,119.0	2.030	Tonnes	74.6	Bushels
2025	RITCHOT	RED SPRING WHEAT	AAC STARBUCK <SECAN>	6	2,267.0	1.817	Tonnes	66.8	Bushels
2025	RITCHOT	RED SPRING WHEAT	AAC VIEWFIELD <FP GENETICS>|BW965| EXP	Below	Minimum	Tolerance	 	 	 
2025	RITCHOT	RED SPRING WHEAT	SY MANNESS	11	2,514.0	2.086	Tonnes	76.6	Bushels
2025	RIVERDALE	RED SPRING WHEAT	AAC BRANDON (BW 932)	14	5,958.0	1.314	Tonnes	48.3	Bushels
2025	RIVERDALE	RED SPRING WHEAT	AAC BROADACRES <PROVEN>	Below	Minimum	Tolerance	 	 	 
2025	RIVERDALE	RED SPRING WHEAT	AAC STARBUCK <SECAN>	26	9,954.0	1.792	Tonnes	65.8	Bushels
2025	RIVERDALE	RED SPRING WHEAT	AAC WESTKING	Below	Minimum	Tolerance	 	 	 
2025	RIVERDALE	RED SPRING WHEAT	AAC WHEATLAND <SECAN>	11	3,304.0	1.563	Tonnes	57.4	Bushels
2025	RIVERDALE	RED SPRING WHEAT	SY MANNESS	4	1,953.0	2.009	Tonnes	73.8	Bushels
2025	ROCKWOOD	RED SPRING WHEAT	AAC BRANDON (BW 932)	21	4,779.0	1.533	Tonnes	56.3	Bushels
2025	ROCKWOOD	RED SPRING WHEAT	AAC ELIE(BW931)	Below	Minimum	Tolerance	 	 	 
2025	ROCKWOOD	RED SPRING WHEAT	AAC HOCKLEY |BW5044|	8	2,373.0	1.500	Tonnes	55.1	Bushels
2025	ROCKWOOD	RED SPRING WHEAT	AAC LEROY VB <ALLIANCE>	3	913.0	1.499	Tonnes	55.1	Bushels
2025	ROCKWOOD	RED SPRING WHEAT	AAC STARBUCK <SECAN>	44	18,212.0	1.509	Tonnes	55.4	Bushels
2025	ROCKWOOD	RED SPRING WHEAT	AAC WALSH	Below	Minimum	Tolerance	 	 	 
2025	ROCKWOOD	RED SPRING WHEAT	AAC WESTKING	Below	Minimum	Tolerance	 	 	 
2025	ROCKWOOD	RED SPRING WHEAT	AC BARRIE (BW 661)	Below	Minimum	Tolerance	 	 	 
2025	ROCKWOOD	RED SPRING WHEAT	BAKER	Below	Minimum	Tolerance	 	 	 
2025	ROCKWOOD	RED SPRING WHEAT	BOLLES <SEED DEPOT>	4	4,363.0	1.813	Tonnes	66.6	Bushels
2025	ROCKWOOD	RED SPRING WHEAT	CARDALE (BW429)	Below	Minimum	Tolerance	 	 	 
2025	ROCKWOOD	RED SPRING WHEAT	FIELDSTAR VB	Below	Minimum	Tolerance	 	 	 
2025	ROCKWOOD	RED SPRING WHEAT	SY MANNESS	4	720.0	1.609	Tonnes	59.1	Bushels
2025	ROLAND	RED SPRING WHEAT	AAC BRANDON (BW 932)	30	7,619.0	2.155	Tonnes	79.2	Bushels
2025	ROLAND	RED SPRING WHEAT	AAC BROADACRES <PROVEN>	4	1,205.0	2.294	Tonnes	84.3	Bushels
2025	ROLAND	RED SPRING WHEAT	AAC HOCKLEY |BW5044|	10	2,652.0	2.253	Tonnes	82.8	Bushels
2025	ROLAND	RED SPRING WHEAT	AAC LEROY VB <ALLIANCE>	Below	Minimum	Tolerance	 	 	 
2025	ROLAND	RED SPRING WHEAT	AAC STARBUCK <SECAN>	13	3,035.0	2.167	Tonnes	79.6	Bushels
2025	ROLAND	RED SPRING WHEAT	AAC WESTKING	Below	Minimum	Tolerance	 	 	 
2025	ROLAND	RED SPRING WHEAT	AAC WHEATLAND <SECAN>	Below	Minimum	Tolerance	 	 	 
2025	ROLAND	RED SPRING WHEAT	BOLLES <SEED DEPOT>	Below	Minimum	Tolerance	 	 	 
2025	ROLAND	RED SPRING WHEAT	SY GABBRO <SYNGENTA>	Below	Minimum	Tolerance	 	 	 
2025	ROLAND	RED SPRING WHEAT	SY MANNESS	11	2,986.0	2.411	Tonnes	88.6	Bushels
2025	ROSEDALE	RED SPRING WHEAT	AAC BRANDON (BW 932)	17	6,600.0	1.793	Tonnes	65.9	Bushels
2025	ROSEDALE	RED SPRING WHEAT	AAC ELIE(BW931)	3	893.0	1.629	Tonnes	59.9	Bushels
2025	ROSEDALE	RED SPRING WHEAT	AAC HOCKLEY |BW5044|	6	1,688.0	1.551	Tonnes	57.0	Bushels
2025	ROSEDALE	RED SPRING WHEAT	AAC HODGE |BW1069|	Below	Minimum	Tolerance	 	 	 
2025	ROSEDALE	RED SPRING WHEAT	AAC REDBERRY	Below	Minimum	Tolerance	 	 	 
2025	ROSEDALE	RED SPRING WHEAT	AAC STARBUCK <SECAN>	28	11,371.0	1.811	Tonnes	66.5	Bushels
2025	ROSEDALE	RED SPRING WHEAT	AAC WHEATLAND <SECAN>	6	1,373.0	1.881	Tonnes	69.1	Bushels
2025	ROSEDALE	RED SPRING WHEAT	BOLLES <SEED DEPOT>	Below	Minimum	Tolerance	 	 	 
2025	ROSEDALE	RED SPRING WHEAT	SY MANNESS	Below	Minimum	Tolerance	 	 	 
2025	ROSEDALE	RED SPRING WHEAT	WASKADA (BW 357)	Below	Minimum	Tolerance	 	 	 
2025	ROSSBURN	RED SPRING WHEAT	AAC BRANDON (BW 932)	12	4,342.9	1.788	Tonnes	65.7	Bushels
2025	ROSSBURN	RED SPRING WHEAT	AAC CAMERON VB <CANTERRA>	Below	Minimum	Tolerance	 	 	 
2025	ROSSBURN	RED SPRING WHEAT	AAC HOCKLEY |BW5044|	4	2,635.0	1.539	Tonnes	56.5	Bushels
2025	ROSSBURN	RED SPRING WHEAT	AAC HODGE |BW1069|	5	1,286.0	1.946	Tonnes	71.5	Bushels
2025	ROSSBURN	RED SPRING WHEAT	AAC REDBERRY	6	2,222.0	1.338	Tonnes	49.1	Bushels
2025	ROSSBURN	RED SPRING WHEAT	AAC STARBUCK <SECAN>	17	6,103.7	2.093	Tonnes	76.9	Bushels
2025	ROSSBURN	RED SPRING WHEAT	AAC WHEATLAND <SECAN>	22	9,427.0	2.225	Tonnes	81.7	Bushels
2025	ROSSBURN	RED SPRING WHEAT	CDC ENVY	Below	Minimum	Tolerance	 	 	 
2025	ROSSBURN	RED SPRING WHEAT	SY MANNESS	10	3,351.0	2.066	Tonnes	75.9	Bushels
2025	ROSSER	RED SPRING WHEAT	AAC BRANDON (BW 932)	6	3,397.0	1.691	Tonnes	62.1	Bushels
2025	ROSSER	RED SPRING WHEAT	AAC HOCKLEY |BW5044|	9	3,490.0	1.765	Tonnes	64.9	Bushels
2025	ROSSER	RED SPRING WHEAT	AAC LEROY VB <ALLIANCE>	Below	Minimum	Tolerance	 	 	 
2025	ROSSER	RED SPRING WHEAT	AAC STARBUCK <SECAN>	34	15,059.0	1.716	Tonnes	63.0	Bushels
2025	ROSSER	RED SPRING WHEAT	AAC WESTKING	Below	Minimum	Tolerance	 	 	 
2025	ROSSER	RED SPRING WHEAT	SY MANNESS	Below	Minimum	Tolerance	 	 	 
2025	RUSSELL-BINSCARTH	RED SPRING WHEAT	AAC BRANDON (BW 932)	Below	Minimum	Tolerance	 	 	 
2025	RUSSELL-BINSCARTH	RED SPRING WHEAT	AAC DARBY	Below	Minimum	Tolerance	 	 	 
2025	RUSSELL-BINSCARTH	RED SPRING WHEAT	AAC HOCKLEY |BW5044|	10	6,214.0	2.260	Tonnes	83.0	Bushels
2025	RUSSELL-BINSCARTH	RED SPRING WHEAT	AAC HODGE |BW1069|	Below	Minimum	Tolerance	 	 	 
2025	RUSSELL-BINSCARTH	RED SPRING WHEAT	AAC REDBERRY	Below	Minimum	Tolerance	 	 	 
2025	RUSSELL-BINSCARTH	RED SPRING WHEAT	AAC STARBUCK <SECAN>	9	4,924.0	1.644	Tonnes	60.4	Bushels
2025	RUSSELL-BINSCARTH	RED SPRING WHEAT	AAC VIEWFIELD <FP GENETICS>|BW965| EXP	Below	Minimum	Tolerance	 	 	 
2025	RUSSELL-BINSCARTH	RED SPRING WHEAT	AAC WHEATLAND <SECAN>	14	7,644.0	2.286	Tonnes	84.0	Bushels
2025	RUSSELL-BINSCARTH	RED SPRING WHEAT	CARDALE (BW429)	Below	Minimum	Tolerance	 	 	 
2025	RUSSELL-BINSCARTH	RED SPRING WHEAT	CDC LANDMARK	Below	Minimum	Tolerance	 	 	 
2025	RUSSELL-BINSCARTH	RED SPRING WHEAT	SY MANNESS	8	2,842.0	2.172	Tonnes	79.8	Bushels
2025	SIFTON	RED SPRING WHEAT	AAC BRANDON (BW 932)	6	993.0	1.084	Tonnes	39.8	Bushels
2025	SIFTON	RED SPRING WHEAT	AAC HOCKLEY |BW5044|	Below	Minimum	Tolerance	 	 	 
2025	SIFTON	RED SPRING WHEAT	AAC HODGE |BW1069|	Below	Minimum	Tolerance	 	 	 
2025	SIFTON	RED SPRING WHEAT	AAC LEROY VB <ALLIANCE>	Below	Minimum	Tolerance	 	 	 
2025	SIFTON	RED SPRING WHEAT	AAC STARBUCK <SECAN>	5	584.0	0.891	Tonnes	32.7	Bushels
2025	SIFTON	RED SPRING WHEAT	AAC WHEATLAND <SECAN>	3	969.0	1.432	Tonnes	52.6	Bushels
2025	SOURIS-GLENWOOD	RED SPRING WHEAT	AAC BRANDON (BW 932)	20	11,332.0	1.802	Tonnes	66.2	Bushels
2025	SOURIS-GLENWOOD	RED SPRING WHEAT	AAC BROADACRES <PROVEN>	3	1,903.0	2.107	Tonnes	77.4	Bushels
2025	SOURIS-GLENWOOD	RED SPRING WHEAT	AAC HOCKLEY |BW5044|	10	2,279.0	1.816	Tonnes	66.7	Bushels
2025	SOURIS-GLENWOOD	RED SPRING WHEAT	AAC LEROY VB <ALLIANCE>	Below	Minimum	Tolerance	 	 	 
2025	SOURIS-GLENWOOD	RED SPRING WHEAT	AAC STARBUCK <SECAN>	3	846.0	2.035	Tonnes	74.8	Bushels
2025	SOURIS-GLENWOOD	RED SPRING WHEAT	AAC WALSH	Below	Minimum	Tolerance	 	 	 
2025	SOURIS-GLENWOOD	RED SPRING WHEAT	AAC WHEATLAND <SECAN>	5	2,615.0	1.911	Tonnes	70.2	Bushels
2025	SOURIS-GLENWOOD	RED SPRING WHEAT	AC BARRIE (BW 661)	Below	Minimum	Tolerance	 	 	 
2025	SOURIS-GLENWOOD	RED SPRING WHEAT	BOLLES <SEED DEPOT>	Below	Minimum	Tolerance	 	 	 
2025	SOURIS-GLENWOOD	RED SPRING WHEAT	SY MANNESS	7	1,608.0	1.513	Tonnes	55.6	Bushels
2025	SPRINGFIELD	RED SPRING WHEAT	AAC BRANDON (BW 932)	27	6,920.0	1.891	Tonnes	69.5	Bushels
2025	SPRINGFIELD	RED SPRING WHEAT	AAC BROADACRES <PROVEN>	Below	Minimum	Tolerance	 	 	 
2025	SPRINGFIELD	RED SPRING WHEAT	AAC HOCKLEY |BW5044|	8	2,195.0	1.955	Tonnes	71.8	Bushels
2025	SPRINGFIELD	RED SPRING WHEAT	AAC LEROY VB <ALLIANCE>	Below	Minimum	Tolerance	 	 	 
2025	SPRINGFIELD	RED SPRING WHEAT	AAC SPIKE	7	748.0	2.477	Tonnes	91.0	Bushels
2025	SPRINGFIELD	RED SPRING WHEAT	AAC STARBUCK <SECAN>	16	3,740.0	2.156	Tonnes	79.2	Bushels
2025	SPRINGFIELD	RED SPRING WHEAT	AAC VIEWFIELD <FP GENETICS>|BW965| EXP	Below	Minimum	Tolerance	 	 	 
2025	SPRINGFIELD	RED SPRING WHEAT	AAC WESTKING	4	764.0	2.135	Tonnes	78.4	Bushels
2025	SPRINGFIELD	RED SPRING WHEAT	AC DOMAIN (BW 148)	Below	Minimum	Tolerance	 	 	 
2025	SPRINGFIELD	RED SPRING WHEAT	BOLLES <SEED DEPOT>	Below	Minimum	Tolerance	 	 	 
2025	SPRINGFIELD	RED SPRING WHEAT	CARBERRY (BW874)	Below	Minimum	Tolerance	 	 	 
2025	SPRINGFIELD	RED SPRING WHEAT	CARDALE (BW429)	Below	Minimum	Tolerance	 	 	 
2025	SPRINGFIELD	RED SPRING WHEAT	CS DAYBREAK <CANTERRA>	Below	Minimum	Tolerance	 	 	 
2025	SPRINGFIELD	RED SPRING WHEAT	ROBLIN	Below	Minimum	Tolerance	 	 	 
2025	SPRINGFIELD	RED SPRING WHEAT	SY MANNESS	14	5,624.0	2.270	Tonnes	83.4	Bushels
2025	ST. ANDREWS	RED SPRING WHEAT	AAC BRANDON (BW 932)	17	7,553.0	1.969	Tonnes	72.3	Bushels
2025	ST. ANDREWS	RED SPRING WHEAT	AAC BROADACRES <PROVEN>	Below	Minimum	Tolerance	 	 	 
2025	ST. ANDREWS	RED SPRING WHEAT	AAC ELIE(BW931)	4	875.0	1.744	Tonnes	64.1	Bushels
2025	ST. ANDREWS	RED SPRING WHEAT	AAC HOCKLEY |BW5044|	7	1,821.0	1.692	Tonnes	62.2	Bushels
2025	ST. ANDREWS	RED SPRING WHEAT	AAC HODGE |BW1069|	Below	Minimum	Tolerance	 	 	 
2025	ST. ANDREWS	RED SPRING WHEAT	AAC LEROY VB <ALLIANCE>	Below	Minimum	Tolerance	 	 	 
2025	ST. ANDREWS	RED SPRING WHEAT	AAC STARBUCK <SECAN>	19	12,697.0	1.962	Tonnes	72.1	Bushels
2025	ST. ANDREWS	RED SPRING WHEAT	BOLLES <SEED DEPOT>	5	1,686.0	1.558	Tonnes	57.3	Bushels
2025	ST. ANDREWS	RED SPRING WHEAT	GLENN	Below	Minimum	Tolerance	 	 	 
2025	ST. ANDREWS	RED SPRING WHEAT	SY MANNESS	3	964.0	1.356	Tonnes	49.8	Bushels
2025	ST. ANDREWS	RED SPRING WHEAT	SY TORACH <SYNGENTA>	Below	Minimum	Tolerance	 	 	 
2025	ST. CLEMENTS	RED SPRING WHEAT	AAC BRANDON (BW 932)	15	3,007.0	1.643	Tonnes	60.4	Bushels
2025	ST. CLEMENTS	RED SPRING WHEAT	AAC BROADACRES <PROVEN>	Below	Minimum	Tolerance	 	 	 
2025	ST. CLEMENTS	RED SPRING WHEAT	AAC ELIE(BW931)	5	1,025.0	1.635	Tonnes	60.1	Bushels
2025	ST. CLEMENTS	RED SPRING WHEAT	AAC HOCKLEY |BW5044|	7	2,827.0	1.646	Tonnes	60.5	Bushels
2025	ST. CLEMENTS	RED SPRING WHEAT	AAC HODGE |BW1069|	Below	Minimum	Tolerance	 	 	 
2025	ST. CLEMENTS	RED SPRING WHEAT	AAC LEROY VB <ALLIANCE>	Below	Minimum	Tolerance	 	 	 
2025	ST. CLEMENTS	RED SPRING WHEAT	AAC STARBUCK <SECAN>	8	1,515.0	1.901	Tonnes	69.9	Bushels
2025	ST. CLEMENTS	RED SPRING WHEAT	AAC VIEWFIELD <FP GENETICS>|BW965| EXP	6	2,996.0	2.141	Tonnes	78.7	Bushels
2025	ST. CLEMENTS	RED SPRING WHEAT	GLENN	Below	Minimum	Tolerance	 	 	 
2025	ST. CLEMENTS	RED SPRING WHEAT	KANE (BW342)	Below	Minimum	Tolerance	 	 	 
2025	ST. CLEMENTS	RED SPRING WHEAT	SY MANNESS	4	785.0	2.416	Tonnes	88.8	Bushels
2025	ST. FRANCIS XAVIER	RED SPRING WHEAT	AAC BRANDON (BW 932)	5	2,864.0	1.861	Tonnes	68.4	Bushels
2025	ST. FRANCIS XAVIER	RED SPRING WHEAT	AAC HOCKLEY |BW5044|	Below	Minimum	Tolerance	 	 	 
2025	ST. FRANCIS XAVIER	RED SPRING WHEAT	AAC STARBUCK <SECAN>	13	4,931.0	1.907	Tonnes	70.1	Bushels
2025	ST. FRANCIS XAVIER	RED SPRING WHEAT	SY MANNESS	3	2,420.0	2.085	Tonnes	76.6	Bushels
2025	ST. LAURENT	RED SPRING WHEAT	AAC BRANDON (BW 932)	Below	Minimum	Tolerance	 	 	 
2025	ST. LAURENT	RED SPRING WHEAT	AAC STARBUCK <SECAN>	Below	Minimum	Tolerance	 	 	 
2025	STANLEY	RED SPRING WHEAT	AAC BRANDON (BW 932)	32	8,089.0	2.048	Tonnes	75.3	Bushels
2025	STANLEY	RED SPRING WHEAT	AAC BROADACRES <PROVEN>	9	1,522.0	2.199	Tonnes	80.8	Bushels
2025	STANLEY	RED SPRING WHEAT	AAC HOCKLEY |BW5044|	Below	Minimum	Tolerance	 	 	 
2025	STANLEY	RED SPRING WHEAT	AAC STARBUCK <SECAN>	45	8,689.0	1.967	Tonnes	72.3	Bushels
2025	STANLEY	RED SPRING WHEAT	AAC WESTKING	Below	Minimum	Tolerance	 	 	 
2025	STANLEY	RED SPRING WHEAT	AAC WHEATLAND <SECAN>	11	1,883.0	2.077	Tonnes	76.3	Bushels
2025	STANLEY	RED SPRING WHEAT	COLUMBUS	Below	Minimum	Tolerance	 	 	 
2025	STANLEY	RED SPRING WHEAT	SY CAST	Below	Minimum	Tolerance	 	 	 
2025	STANLEY	RED SPRING WHEAT	SY MANNESS	4	701.0	2.144	Tonnes	78.8	Bushels
2025	STANLEY	RED SPRING WHEAT	TCG-HEARTLAND	Below	Minimum	Tolerance	 	 	 
2025	STE. ANNE	RED SPRING WHEAT	AAC BRANDON (BW 932)	17	2,445.0	2.393	Tonnes	87.9	Bushels
2025	STE. ANNE	RED SPRING WHEAT	AAC HOCKLEY |BW5044|	6	1,111.0	1.618	Tonnes	59.5	Bushels
2025	STE. ANNE	RED SPRING WHEAT	AAC STARBUCK <SECAN>	Below	Minimum	Tolerance	 	 	 
2025	STE. ANNE	RED SPRING WHEAT	AAC WESTKING	Below	Minimum	Tolerance	 	 	 
2025	STE. ANNE	RED SPRING WHEAT	SY MANNESS	Below	Minimum	Tolerance	 	 	 
2025	STE. ROSE	RED SPRING WHEAT	AAC BRANDON (BW 932)	10	7,098.0	1.812	Tonnes	66.6	Bushels
2025	STE. ROSE	RED SPRING WHEAT	AAC HOCKLEY |BW5044|	7	2,796.0	1.767	Tonnes	64.9	Bushels
2025	STE. ROSE	RED SPRING WHEAT	AAC HODGE |BW1069|	Below	Minimum	Tolerance	 	 	 
2025	STE. ROSE	RED SPRING WHEAT	AAC STARBUCK <SECAN>	10	2,751.0	1.922	Tonnes	70.6	Bushels
2025	STE. ROSE	RED SPRING WHEAT	CARDALE (BW429)	Below	Minimum	Tolerance	 	 	 
2025	STE. ROSE	RED SPRING WHEAT	SY MANNESS	3	1,537.0	1.958	Tonnes	71.9	Bushels
2025	STUARTBURN	RED SPRING WHEAT	AAC BRANDON (BW 932)	Below	Minimum	Tolerance	 	 	 
2025	STUARTBURN	RED SPRING WHEAT	NEEPAWA	Below	Minimum	Tolerance	 	 	 
2025	SWAN VALLEY WEST	RED SPRING WHEAT	AAC HOCKLEY |BW5044|	27	13,062.1	1.628	Tonnes	59.8	Bushels
2025	SWAN VALLEY WEST	RED SPRING WHEAT	AAC HODGE |BW1069|	Below	Minimum	Tolerance	 	 	 
2025	SWAN VALLEY WEST	RED SPRING WHEAT	AAC REDBERRY	3	1,019.0	0.866	Tonnes	31.8	Bushels
2025	SWAN VALLEY WEST	RED SPRING WHEAT	AAC REDSTAR <SECAN> |PT488|	Below	Minimum	Tolerance	 	 	 
2025	SWAN VALLEY WEST	RED SPRING WHEAT	AAC STOUGHTON	Below	Minimum	Tolerance	 	 	 
2025	SWAN VALLEY WEST	RED SPRING WHEAT	AAC TISDALE (PT250)	Below	Minimum	Tolerance	 	 	 
2025	SWAN VALLEY WEST	RED SPRING WHEAT	AAC VIEWFIELD <FP GENETICS>|BW965| EXP	47	40,677.0	1.753	Tonnes	64.4	Bushels
2025	SWAN VALLEY WEST	RED SPRING WHEAT	AAC WALSH	Below	Minimum	Tolerance	 	 	 
2025	SWAN VALLEY WEST	RED SPRING WHEAT	AAC WESTKING	3	544.0	1.504	Tonnes	55.3	Bushels
2025	SWAN VALLEY WEST	RED SPRING WHEAT	AAC WHEATLAND <SECAN>	29	11,080.0	1.649	Tonnes	60.6	Bushels
2025	SWAN VALLEY WEST	RED SPRING WHEAT	AC DOMAIN (BW 148)	Below	Minimum	Tolerance	 	 	 
2025	SWAN VALLEY WEST	RED SPRING WHEAT	BOLLES <SEED DEPOT>	Below	Minimum	Tolerance	 	 	 
2025	SWAN VALLEY WEST	RED SPRING WHEAT	CDC ENVY	Below	Minimum	Tolerance	 	 	 
2025	SWAN VALLEY WEST	RED SPRING WHEAT	CDC IMBUE CLPLUS |BW5062|	Below	Minimum	Tolerance	 	 	 
2025	SWAN VALLEY WEST	RED SPRING WHEAT	CDC PLENTIFUL (PT580)	Below	Minimum	Tolerance	 	 	 
2025	SWAN VALLEY WEST	RED SPRING WHEAT	HARVEST (BW259)	Below	Minimum	Tolerance	 	 	 
2025	SWAN VALLEY WEST	RED SPRING WHEAT	SY GABBRO <SYNGENTA>	Below	Minimum	Tolerance	 	 	 
2025	SWAN VALLEY WEST	RED SPRING WHEAT	SY MANNESS	23	16,860.0	1.611	Tonnes	59.2	Bushels
2025	TACHE	RED SPRING WHEAT	AAC BRANDON (BW 932)	35	10,262.0	2.140	Tonnes	78.6	Bushels
2025	TACHE	RED SPRING WHEAT	AAC ELIE(BW931)	Below	Minimum	Tolerance	 	 	 
2025	TACHE	RED SPRING WHEAT	AAC HOCKLEY |BW5044|	8	2,197.0	2.182	Tonnes	80.2	Bushels
2025	TACHE	RED SPRING WHEAT	AAC HODGE |BW1069|	Below	Minimum	Tolerance	 	 	 
2025	TACHE	RED SPRING WHEAT	AAC STARBUCK <SECAN>	Below	Minimum	Tolerance	 	 	 
2025	TACHE	RED SPRING WHEAT	CARDALE (BW429)	Below	Minimum	Tolerance	 	 	 
2025	TACHE	RED SPRING WHEAT	CDC STANLEY (BW880)	Below	Minimum	Tolerance	 	 	 
2025	TACHE	RED SPRING WHEAT	SY MANNESS	8	1,580.0	2.037	Tonnes	74.8	Bushels
2025	THOMPSON	RED SPRING WHEAT	AAC BRANDON (BW 932)	19	6,255.0	2.119	Tonnes	77.9	Bushels
2025	THOMPSON	RED SPRING WHEAT	AAC BROADACRES <PROVEN>	Below	Minimum	Tolerance	 	 	 
2025	THOMPSON	RED SPRING WHEAT	AAC HOCKLEY |BW5044|	5	1,743.0	2.526	Tonnes	92.8	Bushels
2025	THOMPSON	RED SPRING WHEAT	AAC STARBUCK <SECAN>	17	6,192.0	2.095	Tonnes	77.0	Bushels
2025	THOMPSON	RED SPRING WHEAT	AAC WESTKING	Below	Minimum	Tolerance	 	 	 
2025	THOMPSON	RED SPRING WHEAT	AAC WHEATLAND <SECAN>	6	875.0	2.172	Tonnes	79.8	Bushels
2025	THOMPSON	RED SPRING WHEAT	BOLLES <SEED DEPOT>	Below	Minimum	Tolerance	 	 	 
2025	THOMPSON	RED SPRING WHEAT	CARBERRY (BW874)	Below	Minimum	Tolerance	 	 	 
2025	THOMPSON	RED SPRING WHEAT	SY MANNESS	4	1,236.0	2.346	Tonnes	86.2	Bushels
2025	TWO BORDERS	RED SPRING WHEAT	AAC BRANDON (BW 932)	51	30,906.0	1.620	Tonnes	59.5	Bushels
2025	TWO BORDERS	RED SPRING WHEAT	AAC BROADACRES <PROVEN>	3	1,604.0	1.297	Tonnes	47.6	Bushels
2025	TWO BORDERS	RED SPRING WHEAT	AAC CAMERON VB <CANTERRA>	Below	Minimum	Tolerance	 	 	 
2025	TWO BORDERS	RED SPRING WHEAT	AAC ELIE(BW931)	25	14,317.0	1.574	Tonnes	57.9	Bushels
2025	TWO BORDERS	RED SPRING WHEAT	AAC HOCKLEY |BW5044|	17	8,635.0	1.359	Tonnes	49.9	Bushels
2025	TWO BORDERS	RED SPRING WHEAT	AAC HODGE |BW1069|	4	1,745.0	1.387	Tonnes	50.9	Bushels
2025	TWO BORDERS	RED SPRING WHEAT	AAC LEROY VB <ALLIANCE>	11	10,233.0	1.390	Tonnes	51.1	Bushels
2025	TWO BORDERS	RED SPRING WHEAT	AAC REDBERRY	Below	Minimum	Tolerance	 	 	 
2025	TWO BORDERS	RED SPRING WHEAT	AAC STARBUCK <SECAN>	20	12,076.0	1.713	Tonnes	62.9	Bushels
2025	TWO BORDERS	RED SPRING WHEAT	AAC VIEWFIELD <FP GENETICS>|BW965| EXP	Below	Minimum	Tolerance	 	 	 
2025	TWO BORDERS	RED SPRING WHEAT	AAC WESTKING	Below	Minimum	Tolerance	 	 	 
2025	TWO BORDERS	RED SPRING WHEAT	AAC WHEATLAND <SECAN>	12	5,780.0	1.790	Tonnes	65.8	Bushels
2025	TWO BORDERS	RED SPRING WHEAT	AC BARRIE (BW 661)	Below	Minimum	Tolerance	 	 	 
2025	TWO BORDERS	RED SPRING WHEAT	BOLLES <SEED DEPOT>	Below	Minimum	Tolerance	 	 	 
2025	TWO BORDERS	RED SPRING WHEAT	BREADWINNER	Below	Minimum	Tolerance	 	 	 
2025	TWO BORDERS	RED SPRING WHEAT	CARBERRY (BW874)	Below	Minimum	Tolerance	 	 	 
2025	TWO BORDERS	RED SPRING WHEAT	SY MANNESS	5	1,571.0	1.827	Tonnes	67.1	Bushels
2025	TWO BORDERS	RED SPRING WHEAT	SY TORACH <SYNGENTA>	Below	Minimum	Tolerance	 	 	 
2025	UNORG TERRITORY	RED SPRING WHEAT	CARBERRY (BW874)	Below	Minimum	Tolerance	 	 	 
2025	UNORG TERRITORY	RED SPRING WHEAT	CDC TEAL (BW 616)	Below	Minimum	Tolerance	 	 	 
2025	VICTORIA	RED SPRING WHEAT	AAC BRANDON (BW 932)	14	3,723.0	1.814	Tonnes	66.6	Bushels
2025	VICTORIA	RED SPRING WHEAT	AAC BROADACRES <PROVEN>	Below	Minimum	Tolerance	 	 	 
2025	VICTORIA	RED SPRING WHEAT	AAC ELIE(BW931)	8	1,023.0	1.561	Tonnes	57.3	Bushels
2025	VICTORIA	RED SPRING WHEAT	AAC HODGE |BW1069|	Below	Minimum	Tolerance	 	 	 
2025	VICTORIA	RED SPRING WHEAT	AAC LEROY VB <ALLIANCE>	Below	Minimum	Tolerance	 	 	 
2025	VICTORIA	RED SPRING WHEAT	AAC STARBUCK <SECAN>	19	4,205.0	1.977	Tonnes	72.6	Bushels
2025	VICTORIA	RED SPRING WHEAT	AAC WESTKING	Below	Minimum	Tolerance	 	 	 
2025	VICTORIA	RED SPRING WHEAT	AAC WHEATLAND <SECAN>	7	2,084.0	2.130	Tonnes	78.3	Bushels
2025	VICTORIA	RED SPRING WHEAT	AC BARRIE (BW 661)	3	527.0	1.557	Tonnes	57.2	Bushels
2025	VICTORIA	RED SPRING WHEAT	CDC ORTONA <PROVEN>	Below	Minimum	Tolerance	 	 	 
2025	VICTORIA	RED SPRING WHEAT	NEEPAWA	Below	Minimum	Tolerance	 	 	 
2025	VICTORIA	RED SPRING WHEAT	SY MANNESS	4	622.0	2.105	Tonnes	77.4	Bushels
2025	WALLACE-WOODWORTH	RED SPRING WHEAT	AAC BRANDON (BW 932)	41	15,287.0	1.765	Tonnes	64.9	Bushels
2025	WALLACE-WOODWORTH	RED SPRING WHEAT	AAC BROADACRES <PROVEN>	Below	Minimum	Tolerance	 	 	 
2025	WALLACE-WOODWORTH	RED SPRING WHEAT	AAC ELIE(BW931)	Below	Minimum	Tolerance	 	 	 
2025	WALLACE-WOODWORTH	RED SPRING WHEAT	AAC HOCKLEY |BW5044|	13	6,217.0	1.880	Tonnes	69.1	Bushels
2025	WALLACE-WOODWORTH	RED SPRING WHEAT	AAC HODGE |BW1069|	16	3,442.0	1.427	Tonnes	52.4	Bushels
2025	WALLACE-WOODWORTH	RED SPRING WHEAT	AAC STARBUCK <SECAN>	56	22,242.0	1.812	Tonnes	66.6	Bushels
2025	WALLACE-WOODWORTH	RED SPRING WHEAT	AAC VIEWFIELD <FP GENETICS>|BW965| EXP	Below	Minimum	Tolerance	 	 	 
2025	WALLACE-WOODWORTH	RED SPRING WHEAT	AAC WESTKING	3	874.0	1.667	Tonnes	61.2	Bushels
2025	WALLACE-WOODWORTH	RED SPRING WHEAT	AAC WHEATLAND <SECAN>	39	18,898.0	1.927	Tonnes	70.8	Bushels
2025	WALLACE-WOODWORTH	RED SPRING WHEAT	BAKER	Below	Minimum	Tolerance	 	 	 
2025	WALLACE-WOODWORTH	RED SPRING WHEAT	BOLLES <SEED DEPOT>	4	1,320.0	1.640	Tonnes	60.3	Bushels
2025	WALLACE-WOODWORTH	RED SPRING WHEAT	CDC ENVY	Below	Minimum	Tolerance	 	 	 
2025	WALLACE-WOODWORTH	RED SPRING WHEAT	GLENN	Below	Minimum	Tolerance	 	 	 
2025	WALLACE-WOODWORTH	RED SPRING WHEAT	SY CAST	Below	Minimum	Tolerance	 	 	 
2025	WALLACE-WOODWORTH	RED SPRING WHEAT	SY MANNESS	5	1,866.0	1.963	Tonnes	72.1	Bushels
2025	WALLACE-WOODWORTH	RED SPRING WHEAT	SY TORACH <SYNGENTA>	3	547.0	1.944	Tonnes	71.4	Bushels
2025	WEST INTERLAKE	RED SPRING WHEAT	AAC HOCKLEY |BW5044|	Below	Minimum	Tolerance	 	 	 
2025	WEST INTERLAKE	RED SPRING WHEAT	AAC STARBUCK <SECAN>	Below	Minimum	Tolerance	 	 	 
2025	WEST INTERLAKE	RED SPRING WHEAT	CARDALE (BW429)	Below	Minimum	Tolerance	 	 	 
2025	WEST INTERLAKE	RED SPRING WHEAT	SY MANNESS	Below	Minimum	Tolerance	 	 	 
2025	WEST ST. PAUL	RED SPRING WHEAT	AAC BRANDON (BW 932)	Below	Minimum	Tolerance	 	 	 
2025	WEST ST. PAUL	RED SPRING WHEAT	AAC HOCKLEY |BW5044|	Below	Minimum	Tolerance	 	 	 
2025	WEST ST. PAUL	RED SPRING WHEAT	AAC STARBUCK <SECAN>	4	1,932.0	1.615	Tonnes	59.3	Bushels
2025	WESTLAKE-GLADSTONE	RED SPRING WHEAT	AAC BRANDON (BW 932)	42	26,701.0	1.743	Tonnes	64.1	Bushels
2025	WESTLAKE-GLADSTONE	RED SPRING WHEAT	AAC ELIE(BW931)	Below	Minimum	Tolerance	 	 	 
2025	WESTLAKE-GLADSTONE	RED SPRING WHEAT	AAC HOCKLEY |BW5044|	5	2,152.0	1.729	Tonnes	63.5	Bushels
2025	WESTLAKE-GLADSTONE	RED SPRING WHEAT	AAC HODGE |BW1069|	3	1,326.0	1.902	Tonnes	69.9	Bushels
2025	WESTLAKE-GLADSTONE	RED SPRING WHEAT	AAC LEROY VB <ALLIANCE>	4	3,084.0	1.635	Tonnes	60.1	Bushels
2025	WESTLAKE-GLADSTONE	RED SPRING WHEAT	AAC STARBUCK <SECAN>	35	17,888.0	1.837	Tonnes	67.5	Bushels
2025	WESTLAKE-GLADSTONE	RED SPRING WHEAT	AAC WESTKING	Below	Minimum	Tolerance	 	 	 
2025	WESTLAKE-GLADSTONE	RED SPRING WHEAT	AAC WHEATLAND <SECAN>	3	4,483.0	1.868	Tonnes	68.6	Bushels
2025	WESTLAKE-GLADSTONE	RED SPRING WHEAT	BOLLES <SEED DEPOT>	3	1,733.0	2.041	Tonnes	75.0	Bushels
2025	WESTLAKE-GLADSTONE	RED SPRING WHEAT	SY MANNESS	Below	Minimum	Tolerance	 	 	 
2025	WHITEHEAD	RED SPRING WHEAT	AAC BRANDON (BW 932)	18	10,067.0	1.701	Tonnes	62.5	Bushels
2025	WHITEHEAD	RED SPRING WHEAT	AAC BROADACRES <PROVEN>	4	2,212.0	1.988	Tonnes	73.0	Bushels
2025	WHITEHEAD	RED SPRING WHEAT	AAC ELIE(BW931)	Below	Minimum	Tolerance	 	 	 
2025	WHITEHEAD	RED SPRING WHEAT	AAC HOCKLEY |BW5044|	Below	Minimum	Tolerance	 	 	 
2025	WHITEHEAD	RED SPRING WHEAT	AAC LEROY VB <ALLIANCE>	Below	Minimum	Tolerance	 	 	 
2025	WHITEHEAD	RED SPRING WHEAT	AAC STARBUCK <SECAN>	10	3,843.0	1.728	Tonnes	63.5	Bushels
2025	WHITEHEAD	RED SPRING WHEAT	AAC WHEATLAND <SECAN>	18	6,674.0	1.679	Tonnes	61.7	Bushels
2025	WHITEHEAD	RED SPRING WHEAT	SY MANNESS	Below	Minimum	Tolerance	 	 	 
2025	WHITEMOUTH	RED SPRING WHEAT	AAC BRANDON (BW 932)	4	948.0	1.878	Tonnes	69.0	Bushels
2025	WHITEMOUTH	RED SPRING WHEAT	AAC BROADACRES <PROVEN>	Below	Minimum	Tolerance	 	 	 
2025	WHITEMOUTH	RED SPRING WHEAT	AAC HOCKLEY |BW5044|	Below	Minimum	Tolerance	 	 	 
2025	WHITEMOUTH	RED SPRING WHEAT	AAC STARBUCK <SECAN>	Below	Minimum	Tolerance	 	 	 
2025	WHITEMOUTH	RED SPRING WHEAT	GLENN	Below	Minimum	Tolerance	 	 	 
2025	WHITEMOUTH	RED SPRING WHEAT	SY MANNESS	Below	Minimum	Tolerance	 	 	 
2025	WINNIPEG	RED SPRING WHEAT	AAC BRANDON (BW 932)	Below	Minimum	Tolerance	 	 	 
2025	WINNIPEG	RED SPRING WHEAT	AAC BROADACRES <PROVEN>	Below	Minimum	Tolerance	 	 	 
2025	WINNIPEG	RED SPRING WHEAT	AAC HOCKLEY |BW5044|	Below	Minimum	Tolerance	 	 	 
2025	WINNIPEG	RED SPRING WHEAT	AAC STARBUCK <SECAN>	Below	Minimum	Tolerance	 	 	 
2025	WINNIPEG	RED SPRING WHEAT	AAC WESTKING	Below	Minimum	Tolerance	 	 	 
2025	WINNIPEG	RED SPRING WHEAT	SY MANNESS	Below	Minimum	Tolerance	 	 	 
2025	WOODLANDS	RED SPRING WHEAT	AAC BRANDON (BW 932)	13	4,719.0	1.535	Tonnes	56.4	Bushels
2025	WOODLANDS	RED SPRING WHEAT	AAC ELIE(BW931)	Below	Minimum	Tolerance	 	 	 
2025	WOODLANDS	RED SPRING WHEAT	AAC HOCKLEY |BW5044|	4	853.0	1.134	Tonnes	41.7	Bushels
2025	WOODLANDS	RED SPRING WHEAT	AAC LEROY VB <ALLIANCE>	3	1,271.0	1.484	Tonnes	54.5	Bushels
2025	WOODLANDS	RED SPRING WHEAT	AAC RIVERS	Below	Minimum	Tolerance	 	 	 
2025	WOODLANDS	RED SPRING WHEAT	AAC STARBUCK <SECAN>	41	14,849.0	1.531	Tonnes	56.2	Bushels
2025	WOODLANDS	RED SPRING WHEAT	AAC WESTKING	3	816.0	1.415	Tonnes	52.0	Bushels
2025	WOODLANDS	RED SPRING WHEAT	SY MANNESS	Below	Minimum	Tolerance	 	 	 
2025	YELLOWHEAD	RED SPRING WHEAT	AAC BRANDON (BW 932)	8	1,714.1	1.529	Tonnes	56.2	Bushels
2025	YELLOWHEAD	RED SPRING WHEAT	AAC CAMERON VB <CANTERRA>	Below	Minimum	Tolerance	 	 	 
2025	YELLOWHEAD	RED SPRING WHEAT	AAC HOCKLEY |BW5044|	8	5,144.0	1.862	Tonnes	68.4	Bushels
2025	YELLOWHEAD	RED SPRING WHEAT	AAC HODGE |BW1069|	8	2,132.0	1.683	Tonnes	61.8	Bushels
2025	YELLOWHEAD	RED SPRING WHEAT	AAC REDBERRY	5	1,720.0	1.369	Tonnes	50.3	Bushels
2025	YELLOWHEAD	RED SPRING WHEAT	AAC STARBUCK <SECAN>	22	8,835.0	1.871	Tonnes	68.8	Bushels
2025	YELLOWHEAD	RED SPRING WHEAT	AAC WESTKING	Below	Minimum	Tolerance	 	 	 
2025	YELLOWHEAD	RED SPRING WHEAT	AAC WHEATLAND <SECAN>	38	21,956.5	1.983	Tonnes	72.9	Bushels
2025	YELLOWHEAD	RED SPRING WHEAT	BOLLES <SEED DEPOT>	Below	Minimum	Tolerance	 	 	 
2025	YELLOWHEAD	RED SPRING WHEAT	CDC ENVY	Below	Minimum	Tolerance	 	 	 
2025	YELLOWHEAD	RED SPRING WHEAT	SY MANNESS	25	13,545.0	2.014	Tonnes	74.0	Bushels
2025	YELLOWHEAD	RED SPRING WHEAT	SY TORACH <SYNGENTA>	Below	Minimum	Tolerance	 	 	 
Summary
 	 	 	 	41,076	15,845,175.4	1.691	Tonnes	62.1	Bushels
