Year,Municipality,Variety,Farms,Acres,Yield_bu_ac,Reported
2020,ALEXANDER,AAC BRANDON (BW 932),5,1411.0,50.3,TRUE
2020,ALEXANDER,AAC ELIE(BW931),,,,FALSE
2020,ALEXANDER,AAC VIEWFIELD <FP GENETICS>|BW965| EXP,3,1448.0,73.1,TRUE
2020,ALEXANDER,CARBERRY (BW874),,,,FALSE
2020,ALEXANDER,CARDALE (BW429),,,,FALSE
2020,ALEXANDER,CDC STANLEY (BW880),,,,FALSE
2020,ALEXANDER,CDC TITANIUM <PROVEN>,,,,FALSE
2020,ALEXANDER,GLENN,,,,FALSE
2020,ALONSA,AAC BRANDON (BW 932),11,5732.0,65.1,TRUE
2020,ALONSA,AAC ELIE(BW931),,,,FALSE
2020,ALONSA,AAC REDBERRY,,,,FALSE
2020,ALONSA,AAC TISDALE (PT250),,,,FALSE
2020,ALONSA,AAC VIEWFIELD <FP GENETICS>|BW965| EXP,,,,FALSE
2020,ALONSA,BOLLES <SEED DEPOT>,,,,FALSE
2020,ALONSA,GLENN,,,,FALSE
2020,ARGYLE,5605HR CL (BW918),,,,FALSE
2020,ARGYLE,AAC BRANDON (BW 932),67,28908.0,59.4,TRUE
2020,ARGYLE,AAC CAMERON VB <CANTERRA>,,,,FALSE
2020,ARGYLE,AAC ELIE(BW931),,,,FALSE
2020,ARGYLE,AAC REDBERRY,7,1590.0,47.8,TRUE
2020,ARGYLE,AAC VIEWFIELD <FP GENETICS>|BW965| EXP,,,,FALSE
2020,ARGYLE,AC BARRIE (BW 661),,,,FALSE
2020,ARGYLE,CARDALE (BW429),3,537.0,30.0,TRUE
2020,ARGYLE,CDC HUGHES <CPSC> |PT588|,,,,FALSE
2020,ARGYLE,CDC ORTONA <PROVEN>,,,,FALSE
2020,ARGYLE,GLENN,,,,FALSE
2020,ARMSTRONG,AAC BRANDON (BW 932),9,1790.0,58.6,TRUE
2020,ARMSTRONG,AAC ELIE(BW931),,,,FALSE
2020,ARMSTRONG,CDC TITANIUM <PROVEN>,,,,FALSE
2020,BIFROST-RIVERTON,AAC BRANDON (BW 932),71,26811.0,68.5,TRUE
2020,BIFROST-RIVERTON,AAC CAMERON VB <CANTERRA>,,,,FALSE
2020,BIFROST-RIVERTON,AAC STARBUCK <SECAN>,,,,FALSE
2020,BIFROST-RIVERTON,AAC VIEWFIELD <FP GENETICS>|BW965| EXP,12,5035.0,79.1,TRUE
2020,BIFROST-RIVERTON,AC BARRIE (BW 661),,,,FALSE
2020,BIFROST-RIVERTON,CARDALE (BW429),,,,FALSE
2020,BIFROST-RIVERTON,CDC STANLEY (BW880),,,,FALSE
2020,BIFROST-RIVERTON,CS DAYBREAK <CANTERRA>,3,782.0,72.3,TRUE
2020,BIFROST-RIVERTON,PT599 <SECAN>,,,,FALSE
2020,BIFROST-RIVERTON,SY TORACH <SYNGENTA>,3,710.0,77.3,TRUE
2020,BOISSEVAIN-MORTON,AAC BRANDON (BW 932),45,23424.0,71.5,TRUE
2020,BOISSEVAIN-MORTON,AAC CAMERON VB <CANTERRA>,,,,FALSE
2020,BOISSEVAIN-MORTON,AAC ELIE(BW931),6,3739.0,74.2,TRUE
2020,BOISSEVAIN-MORTON,AAC LEROY VB <ALLIANCE>,,,,FALSE
2020,BOISSEVAIN-MORTON,AAC REDBERRY,8,1634.0,68.3,TRUE
2020,BOISSEVAIN-MORTON,AAC STARBUCK <SECAN>,3,701.0,69.5,TRUE
2020,BOISSEVAIN-MORTON,AAC TISDALE (PT250),,,,FALSE
2020,BOISSEVAIN-MORTON,AAC VIEWFIELD <FP GENETICS>|BW965| EXP,3,1473.0,67.6,TRUE
2020,BOISSEVAIN-MORTON,AAC WHEATLAND <SECAN>,3,745.0,75.7,TRUE
2020,BOISSEVAIN-MORTON,BOLLES <SEED DEPOT>,,,,FALSE
2020,BOISSEVAIN-MORTON,CDC LANDMARK,,,,FALSE
2020,BOISSEVAIN-MORTON,CDC PLENTIFUL (PT580),,,,FALSE
2020,BRENDA-WASKADA,AAC ALIDA (BW980),,,,FALSE
2020,BRENDA-WASKADA,AAC BRANDON (BW 932),48,32563.0,64.7,TRUE
2020,BRENDA-WASKADA,AAC CAMERON VB <CANTERRA>,3,1079.0,63.0,TRUE
2020,BRENDA-WASKADA,AAC ELIE(BW931),22,10997.0,62.0,TRUE
2020,BRENDA-WASKADA,AAC REDBERRY,4,892.0,64.7,TRUE
2020,BRENDA-WASKADA,AAC TISDALE (PT250),,,,FALSE
2020,BRENDA-WASKADA,AAC VIEWFIELD <FP GENETICS>|BW965| EXP,,,,FALSE
2020,BRENDA-WASKADA,CARBERRY (BW874),,,,FALSE
2020,BRENDA-WASKADA,SY TORACH <SYNGENTA>,,,,FALSE
2020,BROKENHEAD,AAC BRANDON (BW 932),35,8067.0,65.2,TRUE
2020,BROKENHEAD,AAC ELIE(BW931),14,3526.0,68.9,TRUE
2020,BROKENHEAD,AAC TISDALE (PT250),,,,FALSE
2020,BROKENHEAD,AAC VIEWFIELD <FP GENETICS>|BW965| EXP,25,6821.0,77.2,TRUE
2020,BROKENHEAD,BOLLES <SEED DEPOT>,,,,FALSE
2020,BROKENHEAD,CARBERRY (BW874),,,,FALSE
2020,BROKENHEAD,CARDALE (BW429),6,792.0,64.6,TRUE
2020,BROKENHEAD,CDC STANLEY (BW880),4,1287.0,46.6,TRUE
2020,BROKENHEAD,CDC TITANIUM <PROVEN>,,,,FALSE
2020,BROKENHEAD,CS DAYBREAK <CANTERRA>,,,,FALSE
2020,BROKENHEAD,GLENN,,,,FALSE
2020,BROKENHEAD,SY TORACH <SYNGENTA>,,,,FALSE
2020,CARTIER,AAC BRANDON (BW 932),49,22335.0,67.8,TRUE
2020,CARTIER,AAC ELIE(BW931),,,,FALSE
2020,CARTIER,AAC VIEWFIELD <FP GENETICS>|BW965| EXP,3,875.0,64.0,TRUE
2020,CARTIER,CARBERRY (BW874),,,,FALSE
2020,CARTIER,CARDALE (BW429),,,,FALSE
2020,CARTIER,CDC LANDMARK,,,,FALSE
2020,CARTIER,CS DAYBREAK <CANTERRA>,,,,FALSE
2020,CARTIER,SY GABBRO <SYNGENTA>,,,,FALSE
2020,CARTIER,SY TORACH <SYNGENTA>,,,,FALSE
2020,CARTIER,WR859 CL (BW859),,,,FALSE
2020,CARTWRIGHT-ROBLIN,AAC BRANDON (BW 932),41,14566.0,61.9,TRUE
2020,CARTWRIGHT-ROBLIN,AAC ELIE(BW931),7,1593.0,56.0,TRUE
2020,CARTWRIGHT-ROBLIN,AAC REDBERRY,9,2716.0,59.6,TRUE
2020,CARTWRIGHT-ROBLIN,AAC VIEWFIELD <FP GENETICS>|BW965| EXP,,,,FALSE
2020,CARTWRIGHT-ROBLIN,AAC WHEATLAND <SECAN>,,,,FALSE
2020,CARTWRIGHT-ROBLIN,CARBERRY (BW874),,,,FALSE
2020,CARTWRIGHT-ROBLIN,CDC HUGHES <CPSC> |PT588|,,,,FALSE
2020,CARTWRIGHT-ROBLIN,CDC PLENTIFUL (PT580),6,1542.0,53.8,TRUE
2020,CARTWRIGHT-ROBLIN,SY 433 <SYNGENTA> (BW433),,,,FALSE
2020,CLANWILLIAM-ERICKSON,AAC BRANDON (BW 932),,,,FALSE
2020,CLANWILLIAM-ERICKSON,AAC REDBERRY,8,2360.0,45.8,TRUE
2020,CLANWILLIAM-ERICKSON,AAC VIEWFIELD <FP GENETICS>|BW965| EXP,4,1656.0,47.5,TRUE
2020,CLANWILLIAM-ERICKSON,BOLLES <SEED DEPOT>,,,,FALSE
2020,CLANWILLIAM-ERICKSON,CDC HUGHES <CPSC> |PT588|,,,,FALSE
2020,CLANWILLIAM-ERICKSON,CDC PLENTIFUL (PT580),,,,FALSE
2020,CLANWILLIAM-ERICKSON,CDC TITANIUM <PROVEN>,,,,FALSE
2020,COLDWELL,AAC BRANDON (BW 932),,,,FALSE
2020,COLDWELL,AC BARRIE (BW 661),,,,FALSE
2020,CORNWALLIS,AAC BRANDON (BW 932),27,10116.0,49.4,TRUE
2020,CORNWALLIS,AAC ELIE(BW931),,,,FALSE
2020,CORNWALLIS,AAC TISDALE (PT250),,,,FALSE
2020,CORNWALLIS,BOLLES <SEED DEPOT>,,,,FALSE
2020,DAUPHIN,AAC BRANDON (BW 932),64,32850.5,65.7,TRUE
2020,DAUPHIN,AAC CAMERON VB <CANTERRA>,5,1562.0,62.8,TRUE
2020,DAUPHIN,AAC REDBERRY,5,1094.0,72.8,TRUE
2020,DAUPHIN,AAC STARBUCK <SECAN>,,,,FALSE
2020,DAUPHIN,AAC TISDALE (PT250),12,2458.0,52.6,TRUE
2020,DAUPHIN,AAC VIEWFIELD <FP GENETICS>|BW965| EXP,16,5681.0,69.3,TRUE
2020,DAUPHIN,AC BARRIE (BW 661),,,,FALSE
2020,DAUPHIN,BOLLES <SEED DEPOT>,,,,FALSE
2020,DAUPHIN,CARDALE (BW429),11,3893.0,68.9,TRUE
2020,DAUPHIN,CDC PLENTIFUL (PT580),,,,FALSE
2020,DAUPHIN,CDC STANLEY (BW880),,,,FALSE
2020,DAUPHIN,CDC VR MORRIS (BW423),,,,FALSE
2020,DAUPHIN,CS DAYBREAK <CANTERRA>,,,,FALSE
2020,DAUPHIN,GLENN,3,731.0,60.9,TRUE
2020,DAUPHIN,WASKADA (BW 357),,,,FALSE
2020,DELORAINE-WINCHESTER,AAC BRANDON (BW 932),40,18106.0,61.8,TRUE
2020,DELORAINE-WINCHESTER,AAC ELIE(BW931),5,2930.0,73.6,TRUE
2020,DELORAINE-WINCHESTER,AAC REDBERRY,9,4381.0,74.4,TRUE
2020,DELORAINE-WINCHESTER,AAC VIEWFIELD <FP GENETICS>|BW965| EXP,,,,FALSE
2020,DELORAINE-WINCHESTER,BOLLES <SEED DEPOT>,3,503.0,63.8,TRUE
2020,DELORAINE-WINCHESTER,CARBERRY (BW874),3,1206.0,47.6,TRUE
2020,DELORAINE-WINCHESTER,CDC HUGHES <CPSC> |PT588|,,,,FALSE
2020,DESALABERRY,AAC BRANDON (BW 932),52,16404.0,68.3,TRUE
2020,DESALABERRY,AAC ELIE(BW931),3,1020.0,64.2,TRUE
2020,DESALABERRY,AAC STARBUCK <SECAN>,,,,FALSE
2020,DESALABERRY,AAC TISDALE (PT250),7,1618.0,70.0,TRUE
2020,DESALABERRY,AAC VIEWFIELD <FP GENETICS>|BW965| EXP,,,,FALSE
2020,DESALABERRY,CARDALE (BW429),5,3379.0,68.9,TRUE
2020,DESALABERRY,CS DAYBREAK <CANTERRA>,,,,FALSE
2020,DUFFERIN,AAC BRANDON (BW 932),73,19379.0,69.8,TRUE
2020,DUFFERIN,AAC ELIE(BW931),4,1105.0,72.9,TRUE
2020,DUFFERIN,AAC STARBUCK <SECAN>,,,,FALSE
2020,DUFFERIN,AAC VIEWFIELD <FP GENETICS>|BW965| EXP,3,1257.0,51.6,TRUE
2020,DUFFERIN,BOLLES <SEED DEPOT>,10,1441.0,74.9,TRUE
2020,DUFFERIN,CARDALE (BW429),4,772.0,75.3,TRUE
2020,DUFFERIN,SY GABBRO <SYNGENTA>,,,,FALSE
2020,DUFFERIN,SY TORACH <SYNGENTA>,,,,FALSE
2020,EAST ST PAUL,AAC BRANDON (BW 932),,,,FALSE
2020,ELLICE-ARCHIE,AAC ALIDA (BW980),3,822.0,55.3,TRUE
2020,ELLICE-ARCHIE,AAC BRANDON (BW 932),21,7868.0,59.2,TRUE
2020,ELLICE-ARCHIE,AAC ELIE(BW931),6,2854.0,54.3,TRUE
2020,ELLICE-ARCHIE,AAC LEROY VB <ALLIANCE>,,,,FALSE
2020,ELLICE-ARCHIE,AAC REDBERRY,5,883.0,65.7,TRUE
2020,ELLICE-ARCHIE,AAC STARBUCK <SECAN>,,,,FALSE
2020,ELLICE-ARCHIE,AAC TISDALE (PT250),,,,FALSE
2020,ELLICE-ARCHIE,AAC VIEWFIELD <FP GENETICS>|BW965| EXP,4,4606.0,63.2,TRUE
2020,ELLICE-ARCHIE,AAC WHEATLAND <SECAN>,3,1219.0,74.8,TRUE
2020,ELLICE-ARCHIE,BOLLES <SEED DEPOT>,6,1323.0,60.3,TRUE
2020,ELLICE-ARCHIE,CARBERRY (BW874),,,,FALSE
2020,ELLICE-ARCHIE,CDC HUGHES <CPSC> |PT588|,,,,FALSE
2020,ELLICE-ARCHIE,CDC LANDMARK,6,1691.0,65.2,TRUE
2020,ELLICE-ARCHIE,CDC PLENTIFUL (PT580),4,713.0,65.0,TRUE
2020,ELLICE-ARCHIE,GLENN,,,,FALSE
2020,ELTON,AAC ALIDA (BW980),,,,FALSE
2020,ELTON,AAC BRANDON (BW 932),65,34229.0,65.3,TRUE
2020,ELTON,AAC CAMERON VB <CANTERRA>,,,,FALSE
2020,ELTON,AAC ELIE(BW931),,,,FALSE
2020,ELTON,AAC STARBUCK <SECAN>,,,,FALSE
2020,ELTON,AAC TISDALE (PT250),,,,FALSE
2020,ELTON,AAC VIEWFIELD <FP GENETICS>|BW965| EXP,10,2119.0,62.2,TRUE
2020,ELTON,CDC PLENTIFUL (PT580),,,,FALSE
2020,ELTON,HARVEST (BW259),,,,FALSE
2020,EMERSON-FRANKLIN,5604HR CL (BW 878),,,,FALSE
2020,EMERSON-FRANKLIN,AAC BRANDON (BW 932),49,26321.0,57.8,TRUE
2020,EMERSON-FRANKLIN,AAC VIEWFIELD <FP GENETICS>|BW965| EXP,3,1105.0,69.5,TRUE
2020,EMERSON-FRANKLIN,BOLLES <SEED DEPOT>,,,,FALSE
2020,EMERSON-FRANKLIN,CARBERRY (BW874),,,,FALSE
2020,EMERSON-FRANKLIN,CARDALE (BW429),,,,FALSE
2020,EMERSON-FRANKLIN,SY GABBRO <SYNGENTA>,,,,FALSE
2020,ETHELBERT,AAC BRANDON (BW 932),7,3494.0,53.0,TRUE
2020,ETHELBERT,AAC ELIE(BW931),,,,FALSE
2020,ETHELBERT,AAC REDBERRY,,,,FALSE
2020,ETHELBERT,AAC TISDALE (PT250),,,,FALSE
2020,ETHELBERT,AAC VIEWFIELD <FP GENETICS>|BW965| EXP,,,,FALSE
2020,ETHELBERT,AC DOMAIN (BW 148),,,,FALSE
2020,ETHELBERT,CARDALE (BW429),,,,FALSE
2020,ETHELBERT,CDC STANLEY (BW880),,,,FALSE
2020,FISHER,AAC BRANDON (BW 932),37,9562.0,57.9,TRUE
2020,FISHER,AAC CAMERON VB <CANTERRA>,,,,FALSE
2020,FISHER,AAC ELIE(BW931),,,,FALSE
2020,FISHER,AAC REDBERRY,,,,FALSE
2020,FISHER,AAC VIEWFIELD <FP GENETICS>|BW965| EXP,7,2684.0,75.1,TRUE
2020,FISHER,CARDALE (BW429),3,1242.0,45.9,TRUE
2020,FISHER,CDC STANLEY (BW880),5,1925.0,45.2,TRUE
2020,FISHER,WASKADA (BW 357),,,,FALSE
2020,GILBERT PLAINS,5604HR CL (BW 878),,,,FALSE
2020,GILBERT PLAINS,AAC BRANDON (BW 932),29,12886.0,64.0,TRUE
2020,GILBERT PLAINS,AAC CAMERON VB <CANTERRA>,6,2651.0,56.8,TRUE
2020,GILBERT PLAINS,AAC ELIE(BW931),3,1256.0,71.2,TRUE
2020,GILBERT PLAINS,AAC LEROY VB <ALLIANCE>,,,,FALSE
2020,GILBERT PLAINS,AAC REDBERRY,30,16744.0,68.4,TRUE
2020,GILBERT PLAINS,AAC TISDALE (PT250),6,592.0,70.0,TRUE
2020,GILBERT PLAINS,AAC VIEWFIELD <FP GENETICS>|BW965| EXP,13,4386.0,73.9,TRUE
2020,GILBERT PLAINS,AAC WHEATLAND <SECAN>,,,,FALSE
2020,GILBERT PLAINS,AC DOMAIN (BW 148),9,2290.0,50.0,TRUE
2020,GILBERT PLAINS,BOLLES <SEED DEPOT>,,,,FALSE
2020,GILBERT PLAINS,CARDALE (BW429),4,3104.0,65.3,TRUE
2020,GILBERT PLAINS,CDC HUGHES <CPSC> |PT588|,,,,FALSE
2020,GILBERT PLAINS,CDC ORTONA <PROVEN>,,,,FALSE
2020,GILBERT PLAINS,CDC STANLEY (BW880),5,2730.0,63.8,TRUE
2020,GILBERT PLAINS,CDC VR MORRIS (BW423),,,,FALSE
2020,GILBERT PLAINS,GLENN,,,,FALSE
2020,GILBERT PLAINS,KANE (BW342),,,,FALSE
2020,GILBERT PLAINS,SY TORACH <SYNGENTA>,,,,FALSE
2020,GILBERT PLAINS,UNITY VB,,,,FALSE
2020,GIMLI,AAC BRANDON (BW 932),11,3119.0,70.0,TRUE
2020,GIMLI,AAC ELIE(BW931),,,,FALSE
2020,GIMLI,AAC VIEWFIELD <FP GENETICS>|BW965| EXP,,,,FALSE
2020,GIMLI,CARDALE (BW429),3,1095.0,62.4,TRUE
2020,GIMLI,CDC HUGHES <CPSC> |PT588|,,,,FALSE
2020,GIMLI,CDC TITANIUM <PROVEN>,,,,FALSE
2020,GIMLI,CS DAYBREAK <CANTERRA>,,,,FALSE
2020,GLENBORO-SOUTH CYPRESS,5604HR CL (BW 878),,,,FALSE
2020,GLENBORO-SOUTH CYPRESS,AAC BRANDON (BW 932),34,9422.0,59.3,TRUE
2020,GLENBORO-SOUTH CYPRESS,AAC TISDALE (PT250),,,,FALSE
2020,GLENBORO-SOUTH CYPRESS,AAC VIEWFIELD <FP GENETICS>|BW965| EXP,,,,FALSE
2020,GLENBORO-SOUTH CYPRESS,CARBERRY (BW874),,,,FALSE
2020,GLENBORO-SOUTH CYPRESS,CDC PLENTIFUL (PT580),,,,FALSE
2020,GLENBORO-SOUTH CYPRESS,GLENN,,,,FALSE
2020,GLENELLA-LANSDOWNE,AAC BRANDON (BW 932),43,28011.0,63.4,TRUE
2020,GLENELLA-LANSDOWNE,AAC ELIE(BW931),6,2649.0,59.6,TRUE
2020,GLENELLA-LANSDOWNE,AAC REDBERRY,,,,FALSE
2020,GLENELLA-LANSDOWNE,AAC TISDALE (PT250),,,,FALSE
2020,GLENELLA-LANSDOWNE,AAC VIEWFIELD <FP GENETICS>|BW965| EXP,8,2109.0,65.5,TRUE
2020,GLENELLA-LANSDOWNE,BOLLES <SEED DEPOT>,,,,FALSE
2020,GLENELLA-LANSDOWNE,CARDALE (BW429),,,,FALSE
2020,GRAHAMDALE,AAC BRANDON (BW 932),7,3955.0,47.6,TRUE
2020,GRAHAMDALE,AAC VIEWFIELD <FP GENETICS>|BW965| EXP,4,1173.0,41.7,TRUE
2020,GRANDVIEW,5605HR CL (BW918),,,,FALSE
2020,GRANDVIEW,AAC BRANDON (BW 932),40,15079.0,68.6,TRUE
2020,GRANDVIEW,AAC CAMERON VB <CANTERRA>,4,1475.0,69.9,TRUE
2020,GRANDVIEW,AAC ELIE(BW931),4,1415.0,65.8,TRUE
2020,GRANDVIEW,AAC REDBERRY,12,7574.0,70.9,TRUE
2020,GRANDVIEW,AAC REDWATER (PT457),,,,FALSE
2020,GRANDVIEW,AAC TISDALE (PT250),,,,FALSE
2020,GRANDVIEW,AAC VIEWFIELD <FP GENETICS>|BW965| EXP,23,9185.0,73.1,TRUE
2020,GRANDVIEW,AAC W1876 |BW957|,,,,FALSE
2020,GRANDVIEW,AAC WHEATLAND <SECAN>,,,,FALSE
2020,GRANDVIEW,AC DOMAIN (BW 148),,,,FALSE
2020,GRANDVIEW,AC SPLENDOR (BW 191),,,,FALSE
2020,GRANDVIEW,BOLLES <SEED DEPOT>,7,1265.0,70.9,TRUE
2020,GRANDVIEW,CARBERRY (BW874),,,,FALSE
2020,GRANDVIEW,CARDALE (BW429),5,1030.0,68.4,TRUE
2020,GRANDVIEW,CDC HUGHES <CPSC> |PT588|,4,580.0,66.3,TRUE
2020,GRANDVIEW,CDC PLENTIFUL (PT580),10,3751.0,62.7,TRUE
2020,GRANDVIEW,CDC STANLEY (BW880),,,,FALSE
2020,GRANDVIEW,KANE (BW342),,,,FALSE
2020,GRANDVIEW,SY GABBRO <SYNGENTA>,,,,FALSE
2020,GRANDVIEW,SY TORACH <SYNGENTA>,,,,FALSE
2020,GRASSLAND,AAC ALIDA (BW980),,,,FALSE
2020,GRASSLAND,AAC BRANDON (BW 932),82,36916.0,61.5,TRUE
2020,GRASSLAND,AAC CAMERON VB <CANTERRA>,,,,FALSE
2020,GRASSLAND,AAC ELIE(BW931),10,4698.0,61.2,TRUE
2020,GRASSLAND,AAC LEROY VB <ALLIANCE>,,,,FALSE
2020,GRASSLAND,AAC REDBERRY,5,1657.0,54.6,TRUE
2020,GRASSLAND,AAC RUSSELL <FP GENETICS>,,,,FALSE
2020,GRASSLAND,AAC STARBUCK <SECAN>,3,1504.0,54.9,TRUE
2020,GRASSLAND,AAC TISDALE (PT250),3,1230.0,52.7,TRUE
2020,GRASSLAND,AAC VIEWFIELD <FP GENETICS>|BW965| EXP,7,4078.0,48.5,TRUE
2020,GRASSLAND,AAC WHEATLAND <SECAN>,,,,FALSE
2020,GRASSLAND,CARBERRY (BW874),,,,FALSE
2020,GRASSLAND,CARDALE (BW429),3,1622.0,46.5,TRUE
2020,GRASSLAND,CDC LANDMARK,,,,FALSE
2020,GRASSLAND,CDC PLENTIFUL (PT580),,,,FALSE
2020,GREY,AAC BRANDON (BW 932),57,19876.0,71.7,TRUE
2020,GREY,AAC ELIE(BW931),,,,FALSE
2020,GREY,AAC STARBUCK <SECAN>,,,,FALSE
2020,GREY,AAC TISDALE (PT250),4,583.0,64.0,TRUE
2020,GREY,AAC VIEWFIELD <FP GENETICS>|BW965| EXP,6,4160.0,66.5,TRUE
2020,GREY,BOLLES <SEED DEPOT>,,,,FALSE
2020,GREY,CARDALE (BW429),6,1138.0,65.3,TRUE
2020,GREY,SY TORACH <SYNGENTA>,,,,FALSE
2020,HAMIOTA,AAC ALIDA (BW980),,,,FALSE
2020,HAMIOTA,AAC BRANDON (BW 932),28,11397.0,63.3,TRUE
2020,HAMIOTA,AAC ELIE(BW931),3,987.0,61.0,TRUE
2020,HAMIOTA,AAC REDBERRY,9,1608.0,55.2,TRUE
2020,HAMIOTA,AAC VIEWFIELD <FP GENETICS>|BW965| EXP,35,12699.0,53.1,TRUE
2020,HAMIOTA,AAC WHEATLAND <SECAN>,,,,FALSE
2020,HAMIOTA,BOLLES <SEED DEPOT>,,,,FALSE
2020,HAMIOTA,BW 5044,,,,FALSE
2020,HAMIOTA,CARBERRY (BW874),,,,FALSE
2020,HAMIOTA,CDC HUGHES <CPSC> |PT588|,,,,FALSE
2020,HAMIOTA,CDC LANDMARK,4,2530.0,76.2,TRUE
2020,HAMIOTA,CDC PLENTIFUL (PT580),,,,FALSE
2020,HAMIOTA,MUCHMORE (BW875),,,,FALSE
2020,HANOVER,AAC BRANDON (BW 932),34,9060.0,69.5,TRUE
2020,HANOVER,AAC ELIE(BW931),3,522.0,65.2,TRUE
2020,HANOVER,AAC VIEWFIELD <FP GENETICS>|BW965| EXP,,,,FALSE
2020,HANOVER,CARDALE (BW429),,,,FALSE
2020,HANOVER,CS DAYBREAK <CANTERRA>,,,,FALSE
2020,HARRISON PARK,AAC BRANDON (BW 932),20,6381.0,57.5,TRUE
2020,HARRISON PARK,AAC CAMERON VB <CANTERRA>,,,,FALSE
2020,HARRISON PARK,AAC ELIE(BW931),3,550.0,45.6,TRUE
2020,HARRISON PARK,AAC REDBERRY,26,8721.0,56.7,TRUE
2020,HARRISON PARK,AAC REDWATER (PT457),,,,FALSE
2020,HARRISON PARK,AAC VIEWFIELD <FP GENETICS>|BW965| EXP,16,4040.0,56.6,TRUE
2020,HARRISON PARK,AC BARRIE (BW 661),,,,FALSE
2020,HARRISON PARK,AC DOMAIN (BW 148),3,607.0,29.1,TRUE
2020,HARRISON PARK,AC INTREPID (BW 693),,,,FALSE
2020,HARRISON PARK,AC SPLENDOR (BW 191),,,,FALSE
2020,HARRISON PARK,BOLLES <SEED DEPOT>,,,,FALSE
2020,HARRISON PARK,CDC LANDMARK,,,,FALSE
2020,HARRISON PARK,CDC PLENTIFUL (PT580),,,,FALSE
2020,HARRISON PARK,CDC TITANIUM <PROVEN>,,,,FALSE
2020,HARRISON PARK,GLENN,,,,FALSE
2020,HARRISON PARK,SY TORACH <SYNGENTA>,,,,FALSE
2020,HARRISON PARK,WR859 CL (BW859),,,,FALSE
2020,HEADINGLEY,AAC BRANDON (BW 932),8,2971.0,72.0,TRUE
2020,HEADINGLEY,AAC ELIE(BW931),,,,FALSE
2020,HEADINGLEY,SY TORACH <SYNGENTA>,,,,FALSE
2020,HILLSBURG-ROBLIN-SHELL RIVER,5604HR CL (BW 878),,,,FALSE
2020,HILLSBURG-ROBLIN-SHELL RIVER,AAC ALIDA (BW980),,,,FALSE
2020,HILLSBURG-ROBLIN-SHELL RIVER,AAC BRANDON (BW 932),20,9436.0,72.6,TRUE
2020,HILLSBURG-ROBLIN-SHELL RIVER,AAC REDBERRY,5,1501.0,60.9,TRUE
2020,HILLSBURG-ROBLIN-SHELL RIVER,AAC VIEWFIELD <FP GENETICS>|BW965| EXP,22,9653.0,73.0,TRUE
2020,HILLSBURG-ROBLIN-SHELL RIVER,AC INTREPID (BW 693),,,,FALSE
2020,HILLSBURG-ROBLIN-SHELL RIVER,BOLLES <SEED DEPOT>,5,2214.0,67.3,TRUE
2020,HILLSBURG-ROBLIN-SHELL RIVER,CARDALE (BW429),,,,FALSE
2020,HILLSBURG-ROBLIN-SHELL RIVER,CDC HUGHES <CPSC> |PT588|,,,,FALSE
2020,HILLSBURG-ROBLIN-SHELL RIVER,CDC LANDMARK,,,,FALSE
2020,HILLSBURG-ROBLIN-SHELL RIVER,CDC PLENTIFUL (PT580),3,3134.0,68.4,TRUE
2020,HILLSBURG-ROBLIN-SHELL RIVER,CDC STANLEY (BW880),,,,FALSE
2020,HILLSBURG-ROBLIN-SHELL RIVER,KANE (BW342),,,,FALSE
2020,HILLSBURG-ROBLIN-SHELL RIVER,SY TORACH <SYNGENTA>,,,,FALSE
2020,KELSEY,AAC BRANDON (BW 932),,,,FALSE
2020,KELSEY,AAC REDBERRY,6,3205.0,45.7,TRUE
2020,KELSEY,AAC VIEWFIELD <FP GENETICS>|BW965| EXP,4,3307.0,46.2,TRUE
2020,KELSEY,AC DOMAIN (BW 148),,,,FALSE
2020,KELSEY,CARDALE (BW429),3,1697.0,28.2,TRUE
2020,KELSEY,CDC LANDMARK,7,5222.0,33.2,TRUE
2020,KELSEY,CDC PLENTIFUL (PT580),3,910.0,33.4,TRUE
2020,KELSEY,CDC TEAL (BW 616),,,,FALSE
2020,KELSEY,HARVEST (BW259),,,,FALSE
2020,KILLARNEY-TURTLE MTN,AAC BRANDON (BW 932),55,31668.0,66.4,TRUE
2020,KILLARNEY-TURTLE MTN,AAC CAMERON VB <CANTERRA>,8,3125.0,67.7,TRUE
2020,KILLARNEY-TURTLE MTN,AAC ELIE(BW931),3,995.0,66.1,TRUE
2020,KILLARNEY-TURTLE MTN,AAC JATHARIA VB <SECAN> |BW483|,,,,FALSE
2020,KILLARNEY-TURTLE MTN,"AAC MAGNET |BW 1045, BJ14*A01135|",,,,FALSE
2020,KILLARNEY-TURTLE MTN,AAC REDBERRY,7,3737.0,66.5,TRUE
2020,KILLARNEY-TURTLE MTN,AAC STARBUCK <SECAN>,,,,FALSE
2020,KILLARNEY-TURTLE MTN,AAC VIEWFIELD <FP GENETICS>|BW965| EXP,3,1337.0,55.4,TRUE
2020,KILLARNEY-TURTLE MTN,CARDALE (BW429),,,,FALSE
2020,KILLARNEY-TURTLE MTN,CDC PLENTIFUL (PT580),9,3138.0,60.3,TRUE
2020,KILLARNEY-TURTLE MTN,MUCHMORE (BW875),,,,FALSE
2020,KILLARNEY-TURTLE MTN,SY TORACH <SYNGENTA>,,,,FALSE
2020,LA BROQUERIE,AAC BRANDON (BW 932),6,1211.0,45.6,TRUE
2020,LA BROQUERIE,CARDALE (BW429),,,,FALSE
2020,LAC DU BONNET,AAC BRANDON (BW 932),12,5280.0,61.6,TRUE
2020,LAC DU BONNET,AAC ELIE(BW931),4,1710.0,83.8,TRUE
2020,LAC DU BONNET,AAC VIEWFIELD <FP GENETICS>|BW965| EXP,5,558.0,78.7,TRUE
2020,LAC DU BONNET,CARBERRY (BW874),,,,FALSE
2020,LAC DU BONNET,CARDALE (BW429),,,,FALSE
2020,LAC DU BONNET,GLENN,4,1033.0,82.4,TRUE
2020,LAKESHORE,AAC BRANDON (BW 932),28,11365.0,63.7,TRUE
2020,LAKESHORE,AAC REDBERRY,,,,FALSE
2020,LAKESHORE,AAC TISDALE (PT250),4,1311.0,52.0,TRUE
2020,LAKESHORE,AAC VIEWFIELD <FP GENETICS>|BW965| EXP,3,1618.0,65.8,TRUE
2020,LAKESHORE,BOLLES <SEED DEPOT>,,,,FALSE
2020,LAKESHORE,CARBERRY (BW874),,,,FALSE
2020,LAKESHORE,CARDALE (BW429),3,2155.0,49.9,TRUE
2020,LAKESHORE,GLENN,,,,FALSE
2020,LORNE,AAC BAILEY (BW901),,,,FALSE
2020,LORNE,AAC BRANDON (BW 932),112,37936.0,71.6,TRUE
2020,LORNE,AAC ELIE(BW931),6,1739.0,66.5,TRUE
2020,LORNE,AAC REDBERRY,3,1013.0,64.2,TRUE
2020,LORNE,AAC STARBUCK <SECAN>,3,532.0,75.7,TRUE
2020,LORNE,AAC TISDALE (PT250),10,1831.0,61.8,TRUE
2020,LORNE,CARDALE (BW429),8,2524.0,60.4,TRUE
2020,LORNE,CDC HUGHES <CPSC> |PT588|,,,,FALSE
2020,LORNE,CDC LANDMARK,,,,FALSE
2020,LORNE,CDC TITANIUM <PROVEN>,,,,FALSE
2020,LORNE,CDC VR MORRIS (BW423),,,,FALSE
2020,LORNE,HARVEST (BW259),3,1045.0,64.4,TRUE
2020,LORNE,PT599 <SECAN>,,,,FALSE
2020,LOUISE,5605HR CL (BW918),,,,FALSE
2020,LOUISE,AAC BRANDON (BW 932),101,43376.0,73.0,TRUE
2020,LOUISE,AAC ELIE(BW931),4,1293.0,65.2,TRUE
2020,LOUISE,AAC LEROY VB <ALLIANCE>,,,,FALSE
2020,LOUISE,AAC REDBERRY,14,2965.0,65.3,TRUE
2020,LOUISE,AAC STARBUCK <SECAN>,,,,FALSE
2020,LOUISE,BOLLES <SEED DEPOT>,,,,FALSE
2020,LOUISE,CARDALE (BW429),,,,FALSE
2020,LOUISE,CDC HUGHES <CPSC> |PT588|,,,,FALSE
2020,LOUISE,SY CAST,,,,FALSE
2020,LOUISE,SY GABBRO <SYNGENTA>,,,,FALSE
2020,LOUISE,SY TORACH <SYNGENTA>,,,,FALSE
2020,MACDONALD,AAC BRANDON (BW 932),115,55103.6,71.6,TRUE
2020,MACDONALD,AAC ELIE(BW931),5,847.0,74.8,TRUE
2020,MACDONALD,AAC STARBUCK <SECAN>,5,1262.0,80.1,TRUE
2020,MACDONALD,AAC TISDALE (PT250),,,,FALSE
2020,MACDONALD,AAC VIEWFIELD <FP GENETICS>|BW965| EXP,16,4563.0,77.6,TRUE
2020,MACDONALD,AC BARRIE (BW 661),,,,FALSE
2020,MACDONALD,CARBERRY (BW874),,,,FALSE
2020,MACDONALD,CARDALE (BW429),,,,FALSE
2020,MACDONALD,CS DAYBREAK <CANTERRA>,4,863.0,75.0,TRUE
2020,MACDONALD,GLENN,,,,FALSE
2020,MACDONALD,SY GABBRO <SYNGENTA>,,,,FALSE
2020,MACDONALD,SY TORACH <SYNGENTA>,,,,FALSE
2020,MACDONALD,WR859 CL (BW859),,,,FALSE
2020,MCCREARY,AAC BRANDON (BW 932),23,12056.0,57.2,TRUE
2020,MCCREARY,AAC ELIE(BW931),,,,FALSE
2020,MCCREARY,AAC TISDALE (PT250),6,955.0,48.5,TRUE
2020,MCCREARY,AAC VIEWFIELD <FP GENETICS>|BW965| EXP,,,,FALSE
2020,MCCREARY,CARDALE (BW429),,,,FALSE
2020,MCCREARY,CDC PLENTIFUL (PT580),,,,FALSE
2020,MCCREARY,GLENN,,,,FALSE
2020,MCCREARY,SY GABBRO <SYNGENTA>,,,,FALSE
2020,MINITONAS-BOWSMAN,AAC BRANDON (BW 932),19,9606.0,72.6,TRUE
2020,MINITONAS-BOWSMAN,AAC CONNERY |PT245|,3,1185.0,68.9,TRUE
2020,MINITONAS-BOWSMAN,AAC REDBERRY,10,1597.0,59.5,TRUE
2020,MINITONAS-BOWSMAN,AAC REDWATER (PT457),,,,FALSE
2020,MINITONAS-BOWSMAN,AAC TISDALE (PT250),,,,FALSE
2020,MINITONAS-BOWSMAN,AAC VIEWFIELD <FP GENETICS>|BW965| EXP,64,28807.0,76.6,TRUE
2020,MINITONAS-BOWSMAN,AC SPLENDOR (BW 191),,,,FALSE
2020,MINITONAS-BOWSMAN,BOLLES <SEED DEPOT>,,,,FALSE
2020,MINITONAS-BOWSMAN,CARDALE (BW429),12,4776.0,68.0,TRUE
2020,MINITONAS-BOWSMAN,MUCHMORE (BW875),,,,FALSE
2020,MINTO-ODANAH,5604HR CL (BW 878),,,,FALSE
2020,MINTO-ODANAH,5605HR CL (BW918),,,,FALSE
2020,MINTO-ODANAH,AAC BRANDON (BW 932),41,20136.0,60.5,TRUE
2020,MINTO-ODANAH,AAC ELIE(BW931),4,1013.0,60.4,TRUE
2020,MINTO-ODANAH,AAC REDBERRY,9,3297.0,54.8,TRUE
2020,MINTO-ODANAH,AAC TISDALE (PT250),,,,FALSE
2020,MINTO-ODANAH,AAC VIEWFIELD <FP GENETICS>|BW965| EXP,10,5470.0,59.8,TRUE
2020,MINTO-ODANAH,BOLLES <SEED DEPOT>,3,1388.0,54.8,TRUE
2020,MINTO-ODANAH,CARDALE (BW429),,,,FALSE
2020,MINTO-ODANAH,CDC PLENTIFUL (PT580),,,,FALSE
2020,MINTO-ODANAH,SY GABBRO <SYNGENTA>,,,,FALSE
2020,MONTCALM,AAC BRANDON (BW 932),60,18390.0,68.1,TRUE
2020,MONTCALM,AAC ELIE(BW931),,,,FALSE
2020,MONTCALM,AAC STARBUCK <SECAN>,,,,FALSE
2020,MONTCALM,AAC VIEWFIELD <FP GENETICS>|BW965| EXP,4,1250.0,71.2,TRUE
2020,MONTCALM,CARBERRY (BW874),,,,FALSE
2020,MONTCALM,SHELLY,,,,FALSE
2020,MORRIS,AAC BRANDON (BW 932),110,39754.1,66.8,TRUE
2020,MORRIS,AAC ELIE(BW931),4,1029.0,68.6,TRUE
2020,MORRIS,AAC STARBUCK <SECAN>,,,,FALSE
2020,MORRIS,AAC TISDALE (PT250),,,,FALSE
2020,MORRIS,AAC VIEWFIELD <FP GENETICS>|BW965| EXP,12,4668.0,74.4,TRUE
2020,MORRIS,AC BARRIE (BW 661),,,,FALSE
2020,MORRIS,BOLLES <SEED DEPOT>,,,,FALSE
2020,MORRIS,CARDALE (BW429),10,2301.0,55.0,TRUE
2020,MORRIS,CS DAYBREAK <CANTERRA>,3,726.0,74.6,TRUE
2020,MORRIS,SY GABBRO <SYNGENTA>,,,,FALSE
2020,MOSSEY RIVER,AAC BRANDON (BW 932),9,3948.0,58.3,TRUE
2020,MOSSEY RIVER,AAC TISDALE (PT250),4,924.0,60.0,TRUE
2020,MOSSEY RIVER,AAC VIEWFIELD <FP GENETICS>|BW965| EXP,3,964.0,67.7,TRUE
2020,MOSSEY RIVER,CARDALE (BW429),5,1204.0,65.9,TRUE
2020,MOSSEY RIVER,CDC STANLEY (BW880),,,,FALSE
2020,MOUNTAIN,AAC BRANDON (BW 932),8,2144.0,66.6,TRUE
2020,MOUNTAIN,AAC CONNERY |PT245|,,,,FALSE
2020,MOUNTAIN,AAC ELIE(BW931),3,998.0,65.9,TRUE
2020,MOUNTAIN,AAC REDBERRY,,,,FALSE
2020,MOUNTAIN,AAC VIEWFIELD <FP GENETICS>|BW965| EXP,18,6113.0,71.6,TRUE
2020,MOUNTAIN,AC DOMAIN (BW 148),,,,FALSE
2020,MOUNTAIN,AC INTREPID (BW 693),,,,FALSE
2020,MOUNTAIN,CARBERRY (BW874),,,,FALSE
2020,MOUNTAIN,CARDALE (BW429),5,2927.0,61.7,TRUE
2020,MOUNTAIN,CDC GO (BW781),3,2074.0,77.5,TRUE
2020,MOUNTAIN,CDC IMAGINE (BW758)(IMI),4,2171.0,62.9,TRUE
2020,MOUNTAIN,CDC LANDMARK,,,,FALSE
2020,MOUNTAIN,CDC PLENTIFUL (PT580),,,,FALSE
2020,MOUNTAIN,CDC STANLEY (BW880),3,1028.0,64.7,TRUE
2020,MOUNTAIN,CDC VR MORRIS (BW423),,,,FALSE
2020,MOUNTAIN,SUPERB (BW252),,,,FALSE
2020,NORFOLK-TREHERNE,AAC BRANDON (BW 932),46,20475.0,62.9,TRUE
2020,NORFOLK-TREHERNE,AAC CONNERY |PT245|,,,,FALSE
2020,NORFOLK-TREHERNE,AAC ELIE(BW931),,,,FALSE
2020,NORFOLK-TREHERNE,AAC REDBERRY,,,,FALSE
2020,NORFOLK-TREHERNE,AAC TISDALE (PT250),9,1357.0,66.6,TRUE
2020,NORFOLK-TREHERNE,CARBERRY (BW874),,,,FALSE
2020,NORFOLK-TREHERNE,CARDALE (BW429),3,943.0,62.8,TRUE
2020,NORFOLK-TREHERNE,CDC LANDMARK,,,,FALSE
2020,NORFOLK-TREHERNE,CDC TITANIUM <PROVEN>,,,,FALSE
2020,NORFOLK-TREHERNE,HARVEST (BW259),,,,FALSE
2020,NORTH CYPRESS-LANGFORD,5604HR CL (BW 878),,,,FALSE
2020,NORTH CYPRESS-LANGFORD,5605HR CL (BW918),,,,FALSE
2020,NORTH CYPRESS-LANGFORD,AAC BRANDON (BW 932),74,47996.3,61.2,TRUE
2020,NORTH CYPRESS-LANGFORD,AAC CAMERON VB <CANTERRA>,,,,FALSE
2020,NORTH CYPRESS-LANGFORD,AAC ELIE(BW931),9,5111.0,58.8,TRUE
2020,NORTH CYPRESS-LANGFORD,AAC JATHARIA VB <SECAN> |BW483|,,,,FALSE
2020,NORTH CYPRESS-LANGFORD,AAC REDBERRY,3,580.0,58.5,TRUE
2020,NORTH CYPRESS-LANGFORD,AAC VIEWFIELD <FP GENETICS>|BW965| EXP,5,1657.0,63.9,TRUE
2020,NORTH CYPRESS-LANGFORD,CDC PLENTIFUL (PT580),,,,FALSE
2020,NORTH CYPRESS-LANGFORD,CDC STANLEY (BW880),,,,FALSE
2020,NORTH NORFOLK,AAC BRANDON (BW 932),55,21789.0,59.6,TRUE
2020,NORTH NORFOLK,AAC ELIE(BW931),5,1649.0,56.5,TRUE
2020,NORTH NORFOLK,AAC REDBERRY,,,,FALSE
2020,NORTH NORFOLK,AAC STARBUCK <SECAN>,,,,FALSE
2020,NORTH NORFOLK,BOLLES <SEED DEPOT>,6,1644.0,67.2,TRUE
2020,NORTH NORFOLK,CARDALE (BW429),15,4803.0,57.5,TRUE
2020,NORTH NORFOLK,SY TORACH <SYNGENTA>,,,,FALSE
2020,OAKLAND-WAWANESA,5605HR CL (BW918),,,,FALSE
2020,OAKLAND-WAWANESA,AAC BRANDON (BW 932),40,16525.0,63.8,TRUE
2020,OAKLAND-WAWANESA,AAC CAMERON VB <CANTERRA>,,,,FALSE
2020,OAKLAND-WAWANESA,AAC ELIE(BW931),3,2469.0,70.7,TRUE
2020,OAKLAND-WAWANESA,AAC STARBUCK <SECAN>,,,,FALSE
2020,OAKLAND-WAWANESA,AAC TISDALE (PT250),,,,FALSE
2020,OAKLAND-WAWANESA,AAC VIEWFIELD <FP GENETICS>|BW965| EXP,,,,FALSE
2020,OAKLAND-WAWANESA,AAC WHEATLAND <SECAN>,,,,FALSE
2020,OAKLAND-WAWANESA,AC BARRIE (BW 661),,,,FALSE
2020,OAKLAND-WAWANESA,BOLLES <SEED DEPOT>,,,,FALSE
2020,OAKLAND-WAWANESA,CARDALE (BW429),6,2136.0,55.9,TRUE
2020,OAKLAND-WAWANESA,CDC PLENTIFUL (PT580),,,,FALSE
2020,OAKVIEW,AAC ALIDA (BW980),4,1248.0,53.4,TRUE
2020,OAKVIEW,AAC BRANDON (BW 932),59,24693.0,57.9,TRUE
2020,OAKVIEW,AAC CAMERON VB <CANTERRA>,,,,FALSE
2020,OAKVIEW,AAC ELIE(BW931),5,1503.0,60.1,TRUE
2020,OAKVIEW,AAC REDBERRY,19,4582.0,54.8,TRUE
2020,OAKVIEW,AAC STARBUCK <SECAN>,,,,FALSE
2020,OAKVIEW,AAC VIEWFIELD <FP GENETICS>|BW965| EXP,38,14749.0,56.2,TRUE
2020,OAKVIEW,AAC WHEATLAND <SECAN>,,,,FALSE
2020,OAKVIEW,BOLLES <SEED DEPOT>,3,503.0,59.1,TRUE
2020,OAKVIEW,CARBERRY (BW874),,,,FALSE
2020,OAKVIEW,CDC HUGHES <CPSC> |PT588|,,,,FALSE
2020,OAKVIEW,CDC LANDMARK,7,2006.0,45.6,TRUE
2020,OAKVIEW,CDC PLENTIFUL (PT580),,,,FALSE
2020,OAKVIEW,CDC UTMOST (BW 883),,,,FALSE
2020,PEMBINA,AAC ALIDA (BW980),,,,FALSE
2020,PEMBINA,AAC BRANDON (BW 932),114,37560.0,69.8,TRUE
2020,PEMBINA,AAC REDBERRY,,,,FALSE
2020,PEMBINA,AAC STARBUCK <SECAN>,,,,FALSE
2020,PEMBINA,AAC TISDALE (PT250),13,1752.0,59.0,TRUE
2020,PEMBINA,AAC VIEWFIELD <FP GENETICS>|BW965| EXP,,,,FALSE
2020,PEMBINA,AAC WHEATLAND <SECAN>,,,,FALSE
2020,PEMBINA,BOLLES <SEED DEPOT>,,,,FALSE
2020,PEMBINA,CARBERRY (BW874),,,,FALSE
2020,PEMBINA,CDC HUGHES <CPSC> |PT588|,8,1341.0,55.6,TRUE
2020,PEMBINA,CS DAYBREAK <CANTERRA>,,,,FALSE
2020,PEMBINA,SY TORACH <SYNGENTA>,7,1476.0,78.3,TRUE
2020,PINEY,AAC BRANDON (BW 932),3,2676.0,43.2,TRUE
2020,PINEY,CARDALE (BW429),,,,FALSE
2020,PIPESTONE,AAC ALIDA (BW980),,,,FALSE
2020,PIPESTONE,AAC BRANDON (BW 932),54,32104.0,53.9,TRUE
2020,PIPESTONE,AAC ELIE(BW931),10,5246.0,55.9,TRUE
2020,PIPESTONE,AAC REDBERRY,3,896.0,51.3,TRUE
2020,PIPESTONE,AAC STARBUCK <SECAN>,,,,FALSE
2020,PIPESTONE,AAC TISDALE (PT250),5,1610.0,48.7,TRUE
2020,PIPESTONE,AAC VIEWFIELD <FP GENETICS>|BW965| EXP,13,4818.0,56.6,TRUE
2020,PIPESTONE,CARBERRY (BW874),,,,FALSE
2020,PIPESTONE,CARDALE (BW429),,,,FALSE
2020,PIPESTONE,CDC HUGHES <CPSC> |PT588|,6,1540.0,51.6,TRUE
2020,PIPESTONE,CDC LANDMARK,,,,FALSE
2020,PIPESTONE,SY TORACH <SYNGENTA>,4,1360.0,54.6,TRUE
2020,PORTAGE LA PRAIRIE,AAC BRANDON (BW 932),122,74604.0,68.8,TRUE
2020,PORTAGE LA PRAIRIE,AAC ELIE(BW931),,,,FALSE
2020,PORTAGE LA PRAIRIE,AAC STARBUCK <SECAN>,5,930.0,73.2,TRUE
2020,PORTAGE LA PRAIRIE,AAC VIEWFIELD <FP GENETICS>|BW965| EXP,11,3160.0,61.5,TRUE
2020,PORTAGE LA PRAIRIE,BOLLES <SEED DEPOT>,4,1225.0,71.0,TRUE
2020,PORTAGE LA PRAIRIE,CARBERRY (BW874),3,902.0,54.9,TRUE
2020,PORTAGE LA PRAIRIE,CARDALE (BW429),11,1922.0,57.4,TRUE
2020,PORTAGE LA PRAIRIE,PT599 <SECAN>,,,,FALSE
2020,PRAIRIE LAKES,5605HR CL (BW918),,,,FALSE
2020,PRAIRIE LAKES,AAC BRANDON (BW 932),69,36273.0,61.9,TRUE
2020,PRAIRIE LAKES,AAC CAMERON VB <CANTERRA>,10,2094.0,54.9,TRUE
2020,PRAIRIE LAKES,AAC ELIE(BW931),3,1318.0,74.8,TRUE
2020,PRAIRIE LAKES,AAC REDBERRY,4,1092.0,65.0,TRUE
2020,PRAIRIE LAKES,AAC STARBUCK <SECAN>,,,,FALSE
2020,PRAIRIE LAKES,AAC TISDALE (PT250),,,,FALSE
2020,PRAIRIE LAKES,AAC VIEWFIELD <FP GENETICS>|BW965| EXP,,,,FALSE
2020,PRAIRIE LAKES,AAC WHEATLAND <SECAN>,,,,FALSE
2020,PRAIRIE LAKES,AC BARRIE (BW 661),,,,FALSE
2020,PRAIRIE LAKES,CARDALE (BW429),5,2084.0,48.7,TRUE
2020,PRAIRIE LAKES,CDC PLENTIFUL (PT580),,,,FALSE
2020,PRAIRIE LAKES,GLENN,,,,FALSE
2020,PRAIRIE LAKES,SY TORACH <SYNGENTA>,,,,FALSE
2020,PRAIRIE VIEW,AAC ALIDA (BW980),5,2505.0,64.0,TRUE
2020,PRAIRIE VIEW,AAC BRANDON (BW 932),44,12737.0,56.2,TRUE
2020,PRAIRIE VIEW,AAC CAMERON VB <CANTERRA>,3,1151.0,70.0,TRUE
2020,PRAIRIE VIEW,AAC ELIE(BW931),,,,FALSE
2020,PRAIRIE VIEW,AAC LEROY VB <ALLIANCE>,,,,FALSE
2020,PRAIRIE VIEW,AAC REDBERRY,35,13933.0,61.7,TRUE
2020,PRAIRIE VIEW,AAC REDWATER (PT457),5,1034.0,42.8,TRUE
2020,PRAIRIE VIEW,AAC STARBUCK <SECAN>,,,,FALSE
2020,PRAIRIE VIEW,AAC TISDALE (PT250),,,,FALSE
2020,PRAIRIE VIEW,AAC VIEWFIELD <FP GENETICS>|BW965| EXP,46,23464.0,54.1,TRUE
2020,PRAIRIE VIEW,AAC WHEATLAND <SECAN>,,,,FALSE
2020,PRAIRIE VIEW,BOLLES <SEED DEPOT>,20,11257.0,63.1,TRUE
2020,PRAIRIE VIEW,CARBERRY (BW874),,,,FALSE
2020,PRAIRIE VIEW,CARDALE (BW429),,,,FALSE
2020,PRAIRIE VIEW,CDC LANDMARK,14,4191.0,62.2,TRUE
2020,PRAIRIE VIEW,CDC PLENTIFUL (PT580),,,,FALSE
2020,PRAIRIE VIEW,GLENN,3,1464.0,61.2,TRUE
2020,PRAIRIE VIEW,PT599 <SECAN>,,,,FALSE
2020,PRAIRIE VIEW,SY GABBRO <SYNGENTA>,,,,FALSE
2020,REYNOLDS,AAC BRANDON (BW 932),6,1158.0,47.3,TRUE
2020,RHINELAND,AAC BRANDON (BW 932),148,30732.0,67.5,TRUE
2020,RHINELAND,AAC ELIE(BW931),5,1093.0,66.3,TRUE
2020,RHINELAND,AAC STARBUCK <SECAN>,,,,FALSE
2020,RHINELAND,AAC WHEATLAND <SECAN>,,,,FALSE
2020,RHINELAND,AC BARRIE (BW 661),,,,FALSE
2020,RHINELAND,AC DOMAIN (BW 148),,,,FALSE
2020,RHINELAND,SY TORACH <SYNGENTA>,,,,FALSE
2020,RIDING MOUNTAIN WEST,5604HR CL (BW 878),,,,FALSE
2020,RIDING MOUNTAIN WEST,AAC ALIDA (BW980),4,1878.0,62.8,TRUE
2020,RIDING MOUNTAIN WEST,AAC BRANDON (BW 932),40,17131.0,64.9,TRUE
2020,RIDING MOUNTAIN WEST,AAC CAMERON VB <CANTERRA>,,,,FALSE
2020,RIDING MOUNTAIN WEST,AAC ELIE(BW931),3,1490.0,55.6,TRUE
2020,RIDING MOUNTAIN WEST,AAC LEROY VB <ALLIANCE>,,,,FALSE
2020,RIDING MOUNTAIN WEST,AAC REDBERRY,23,6653.0,63.9,TRUE
2020,RIDING MOUNTAIN WEST,AAC REDWATER (PT457),,,,FALSE
2020,RIDING MOUNTAIN WEST,AAC STARBUCK <SECAN>,,,,FALSE
2020,RIDING MOUNTAIN WEST,AAC TISDALE (PT250),,,,FALSE
2020,RIDING MOUNTAIN WEST,AAC VIEWFIELD <FP GENETICS>|BW965| EXP,22,8347.0,65.7,TRUE
2020,RIDING MOUNTAIN WEST,AAC WHEATLAND <SECAN>,,,,FALSE
2020,RIDING MOUNTAIN WEST,BOLLES <SEED DEPOT>,23,8425.0,65.0,TRUE
2020,RIDING MOUNTAIN WEST,CARBERRY (BW874),,,,FALSE
2020,RIDING MOUNTAIN WEST,CDC BRADWELL <SECAN> |BW472|,,,,FALSE
2020,RIDING MOUNTAIN WEST,CDC LANDMARK,31,15421.0,63.7,TRUE
2020,RIDING MOUNTAIN WEST,CDC PLENTIFUL (PT580),4,697.0,73.5,TRUE
2020,RIDING MOUNTAIN WEST,CDC TITANIUM <PROVEN>,,,,FALSE
2020,RIDING MOUNTAIN WEST,GLENN,,,,FALSE
2020,RIDING MOUNTAIN WEST,SY GABBRO <SYNGENTA>,,,,FALSE
2020,RITCHOT,AAC BRANDON (BW 932),27,10518.0,70.7,TRUE
2020,RITCHOT,AAC ELIE(BW931),,,,FALSE
2020,RITCHOT,AAC VIEWFIELD <FP GENETICS>|BW965| EXP,7,642.0,73.2,TRUE
2020,RITCHOT,CARDALE (BW429),,,,FALSE
2020,RITCHOT,SY GABBRO <SYNGENTA>,,,,FALSE
2020,RIVERDALE,AAC ALIDA (BW980),,,,FALSE
2020,RIVERDALE,AAC BRANDON (BW 932),45,20224.0,57.6,TRUE
2020,RIVERDALE,AAC CAMERON VB <CANTERRA>,,,,FALSE
2020,RIVERDALE,AAC REDBERRY,,,,FALSE
2020,RIVERDALE,AAC VIEWFIELD <FP GENETICS>|BW965| EXP,5,1405.0,48.6,TRUE
2020,RIVERDALE,BOLLES <SEED DEPOT>,,,,FALSE
2020,RIVERDALE,CDC PLENTIFUL (PT580),,,,FALSE
2020,ROCKWOOD,AAC BRANDON (BW 932),62,22658.2,61.1,TRUE
2020,ROCKWOOD,AAC CONNERY |PT245|,,,,FALSE
2020,ROCKWOOD,AAC ELIE(BW931),8,2524.0,65.8,TRUE
2020,ROCKWOOD,AAC LEROY VB <ALLIANCE>,,,,FALSE
2020,ROCKWOOD,AAC STARBUCK <SECAN>,,,,FALSE
2020,ROCKWOOD,AAC VIEWFIELD <FP GENETICS>|BW965| EXP,,,,FALSE
2020,ROCKWOOD,BOLLES <SEED DEPOT>,4,910.0,60.6,TRUE
2020,ROCKWOOD,CARDALE (BW429),,,,FALSE
2020,ROCKWOOD,CDC HUGHES <CPSC> |PT588|,,,,FALSE
2020,ROCKWOOD,GLENN,,,,FALSE
2020,ROLAND,AAC BAILEY (BW901),,,,FALSE
2020,ROLAND,AAC BRANDON (BW 932),61,17558.0,67.8,TRUE
2020,ROLAND,AAC ELIE(BW931),,,,FALSE
2020,ROLAND,AAC STARBUCK <SECAN>,,,,FALSE
2020,ROLAND,AC BARRIE (BW 661),,,,FALSE
2020,ROLAND,BOLLES <SEED DEPOT>,5,518.0,77.6,TRUE
2020,ROLAND,CARDALE (BW429),9,3143.0,66.6,TRUE
2020,ROLAND,CDC HUGHES <CPSC> |PT588|,,,,FALSE
2020,ROLAND,PT599 <SECAN>,,,,FALSE
2020,ROLAND,SY TORACH <SYNGENTA>,,,,FALSE
2020,ROSEDALE,5605HR CL (BW918),,,,FALSE
2020,ROSEDALE,AAC BRANDON (BW 932),34,12072.0,66.4,TRUE
2020,ROSEDALE,AAC ELIE(BW931),4,2922.0,60.3,TRUE
2020,ROSEDALE,AAC REDBERRY,5,2113.0,68.5,TRUE
2020,ROSEDALE,AAC VIEWFIELD <FP GENETICS>|BW965| EXP,10,4819.0,63.7,TRUE
2020,ROSEDALE,AC BARRIE (BW 661),,,,FALSE
2020,ROSEDALE,BOLLES <SEED DEPOT>,4,684.0,74.5,TRUE
2020,ROSEDALE,CDC PLENTIFUL (PT580),,,,FALSE
2020,ROSSBURN,AAC BRANDON (BW 932),36,14125.0,61.4,TRUE
2020,ROSSBURN,AAC REDBERRY,9,2994.0,57.9,TRUE
2020,ROSSBURN,AAC REDWATER (PT457),,,,FALSE
2020,ROSSBURN,AAC VIEWFIELD <FP GENETICS>|BW965| EXP,7,2664.0,57.9,TRUE
2020,ROSSBURN,BOLLES <SEED DEPOT>,10,1904.0,63.1,TRUE
2020,ROSSBURN,CARDALE (BW429),,,,FALSE
2020,ROSSBURN,CDC LANDMARK,,,,FALSE
2020,ROSSBURN,CDC PLENTIFUL (PT580),,,,FALSE
2020,ROSSBURN,CDC VR MORRIS (BW423),,,,FALSE
2020,ROSSBURN,GLENN,,,,FALSE
2020,ROSSBURN,SY GABBRO <SYNGENTA>,,,,FALSE
2020,ROSSER,AAC BRANDON (BW 932),35,16118.0,71.1,TRUE
2020,ROSSER,AAC ELIE(BW931),5,1842.0,62.8,TRUE
2020,ROSSER,AAC STARBUCK <SECAN>,,,,FALSE
2020,ROSSER,AAC VIEWFIELD <FP GENETICS>|BW965| EXP,3,1970.0,81.6,TRUE
2020,ROSSER,CARBERRY (BW874),,,,FALSE
2020,ROSSER,CARDALE (BW429),,,,FALSE
2020,ROSSER,SY TORACH <SYNGENTA>,,,,FALSE
2020,RUSSELL-BINSCARTH,AAC ALIDA (BW980),,,,FALSE
2020,RUSSELL-BINSCARTH,AAC BRANDON (BW 932),13,3443.0,64.8,TRUE
2020,RUSSELL-BINSCARTH,AAC CAMERON VB <CANTERRA>,,,,FALSE
2020,RUSSELL-BINSCARTH,AAC ELIE(BW931),3,1139.0,60.2,TRUE
2020,RUSSELL-BINSCARTH,AAC REDBERRY,10,4798.0,66.7,TRUE
2020,RUSSELL-BINSCARTH,AAC VIEWFIELD <FP GENETICS>|BW965| EXP,,,,FALSE
2020,RUSSELL-BINSCARTH,AAC WHEATLAND <SECAN>,,,,FALSE
2020,RUSSELL-BINSCARTH,BOLLES <SEED DEPOT>,4,535.0,68.3,TRUE
2020,RUSSELL-BINSCARTH,CARBERRY (BW874),,,,FALSE
2020,RUSSELL-BINSCARTH,CDC LANDMARK,10,5875.0,60.5,TRUE
2020,RUSSELL-BINSCARTH,CDC PLENTIFUL (PT580),3,710.0,63.5,TRUE
2020,RUSSELL-BINSCARTH,FIELDSTAR VB,,,,FALSE
2020,RUSSELL-BINSCARTH,GLENN,,,,FALSE
2020,RUSSELL-BINSCARTH,SY SOVITE <SYNGENTA> |BW1011||08S2133-18,,,,FALSE
2020,SIFTON,5605HR CL (BW918),,,,FALSE
2020,SIFTON,AAC BRANDON (BW 932),18,4883.0,50.9,TRUE
2020,SIFTON,AAC ELIE(BW931),,,,FALSE
2020,SIFTON,AAC TISDALE (PT250),,,,FALSE
2020,SIFTON,CDC PLENTIFUL (PT580),,,,FALSE
2020,SOURIS-GLENWOOD,5605HR CL (BW918),,,,FALSE
2020,SOURIS-GLENWOOD,AAC ALIDA (BW980),,,,FALSE
2020,SOURIS-GLENWOOD,AAC BRANDON (BW 932),30,17478.0,63.7,TRUE
2020,SOURIS-GLENWOOD,AAC ELIE(BW931),,,,FALSE
2020,SOURIS-GLENWOOD,AAC TISDALE (PT250),3,2205.0,57.9,TRUE
2020,SOURIS-GLENWOOD,AAC VIEWFIELD <FP GENETICS>|BW965| EXP,9,3374.0,61.6,TRUE
2020,SOURIS-GLENWOOD,CARDALE (BW429),,,,FALSE
2020,SOURIS-GLENWOOD,CDC LANDMARK,,,,FALSE
2020,SOURIS-GLENWOOD,CDC PLENTIFUL (PT580),,,,FALSE
2020,SPRINGFIELD,AAC BRANDON (BW 932),46,14143.0,69.3,TRUE
2020,SPRINGFIELD,AAC CONNERY |PT245|,,,,FALSE
2020,SPRINGFIELD,AAC ELIE(BW931),3,705.0,69.7,TRUE
2020,SPRINGFIELD,AAC STARBUCK <SECAN>,,,,FALSE
2020,SPRINGFIELD,AAC TISDALE (PT250),,,,FALSE
2020,SPRINGFIELD,AAC VIEWFIELD <FP GENETICS>|BW965| EXP,4,1690.0,84.7,TRUE
2020,SPRINGFIELD,BOLLES <SEED DEPOT>,8,1480.0,72.1,TRUE
2020,SPRINGFIELD,CARDALE (BW429),,,,FALSE
2020,SPRINGFIELD,CDC STANLEY (BW880),,,,FALSE
2020,SPRINGFIELD,CS DAYBREAK <CANTERRA>,,,,FALSE
2020,ST. ANDREWS,AAC BRANDON (BW 932),34,16459.0,70.8,TRUE
2020,ST. ANDREWS,AAC ELIE(BW931),11,4938.0,60.4,TRUE
2020,ST. ANDREWS,AAC VIEWFIELD <FP GENETICS>|BW965| EXP,,,,FALSE
2020,ST. ANDREWS,BOLLES <SEED DEPOT>,5,932.0,70.2,TRUE
2020,ST. ANDREWS,CARDALE (BW429),4,1395.0,76.0,TRUE
2020,ST. ANDREWS,CDC GO (BW781),,,,FALSE
2020,ST. ANDREWS,CS DAYBREAK <CANTERRA>,3,990.0,64.8,TRUE
2020,ST. ANDREWS,GLENN,,,,FALSE
2020,ST. ANDREWS,SY TORACH <SYNGENTA>,,,,FALSE
2020,ST. CLEMENTS,AAC BRANDON (BW 932),28,7973.0,63.8,TRUE
2020,ST. CLEMENTS,AAC ELIE(BW931),9,3122.0,71.1,TRUE
2020,ST. CLEMENTS,AAC VIEWFIELD <FP GENETICS>|BW965| EXP,8,2318.0,76.9,TRUE
2020,ST. CLEMENTS,CS DAYBREAK <CANTERRA>,,,,FALSE
2020,ST. CLEMENTS,KANE (BW342),,,,FALSE
2020,ST. FRANCIS XAVIER,AAC BRANDON (BW 932),20,6457.0,66.7,TRUE
2020,ST. FRANCIS XAVIER,AAC VIEWFIELD <FP GENETICS>|BW965| EXP,,,,FALSE
2020,ST. FRANCIS XAVIER,CARDALE (BW429),,,,FALSE
2020,ST. LAURENT,AAC BRANDON (BW 932),3,871.0,27.6,TRUE
2020,STANLEY,AAC BRANDON (BW 932),84,15544.0,68.2,TRUE
2020,STANLEY,AAC ELIE(BW931),12,3147.0,67.2,TRUE
2020,STANLEY,AAC STARBUCK <SECAN>,,,,FALSE
2020,STANLEY,AAC TISDALE (PT250),3,879.0,55.8,TRUE
2020,STANLEY,AAC VIEWFIELD <FP GENETICS>|BW965| EXP,,,,FALSE
2020,STANLEY,CARBERRY (BW874),,,,FALSE
2020,STANLEY,CARDALE (BW429),5,708.0,69.3,TRUE
2020,STANLEY,CDC HUGHES <CPSC> |PT588|,,,,FALSE
2020,STE. ANNE,AAC BRANDON (BW 932),25,4097.0,68.2,TRUE
2020,STE. ANNE,CARDALE (BW429),,,,FALSE
2020,STE. ROSE,AAC BRANDON (BW 932),19,8740.0,64.3,TRUE
2020,STE. ROSE,AAC CONNERY |PT245|,,,,FALSE
2020,STE. ROSE,AAC REDWATER (PT457),,,,FALSE
2020,STE. ROSE,AAC TISDALE (PT250),9,2168.0,56.8,TRUE
2020,STE. ROSE,AAC VIEWFIELD <FP GENETICS>|BW965| EXP,,,,FALSE
2020,STE. ROSE,BOLLES <SEED DEPOT>,,,,FALSE
2020,STE. ROSE,CARDALE (BW429),,,,FALSE
2020,STE. ROSE,SY GABBRO <SYNGENTA>,,,,FALSE
2020,SWAN VALLEY WEST,AAC BRANDON (BW 932),26,11111.0,66.5,TRUE
2020,SWAN VALLEY WEST,AAC CAMERON VB <CANTERRA>,,,,FALSE
2020,SWAN VALLEY WEST,AAC CONNERY |PT245|,5,2039.0,59.2,TRUE
2020,SWAN VALLEY WEST,AAC REDBERRY,9,3112.0,57.7,TRUE
2020,SWAN VALLEY WEST,AAC REDSTAR <SECAN> |PT488|,,,,FALSE
2020,SWAN VALLEY WEST,AAC RUSSELL <FP GENETICS>,,,,FALSE
2020,SWAN VALLEY WEST,AAC TISDALE (PT250),8,1140.0,56.0,TRUE
2020,SWAN VALLEY WEST,AAC VIEWFIELD <FP GENETICS>|BW965| EXP,77,42496.0,72.4,TRUE
2020,SWAN VALLEY WEST,AAC WARMAN VB <SECAN>,,,,FALSE
2020,SWAN VALLEY WEST,AC DOMAIN (BW 148),,,,FALSE
2020,SWAN VALLEY WEST,AC STETTLER <SECAN> |BW867|,4,962.0,59.0,TRUE
2020,SWAN VALLEY WEST,BOLLES <SEED DEPOT>,6,1374.0,67.8,TRUE
2020,SWAN VALLEY WEST,BW 5044,,,,FALSE
2020,SWAN VALLEY WEST,CARDALE (BW429),,,,FALSE
2020,SWAN VALLEY WEST,CDC ABOUND (BW824),,,,FALSE
2020,SWAN VALLEY WEST,CDC LANDMARK,4,981.0,63.6,TRUE
2020,SWAN VALLEY WEST,CDC PLENTIFUL (PT580),4,828.0,52.1,TRUE
2020,SWAN VALLEY WEST,CDC STANLEY (BW880),,,,FALSE
2020,SWAN VALLEY WEST,MUCHMORE (BW875),,,,FALSE
2020,SWAN VALLEY WEST,SY GABBRO <SYNGENTA>,,,,FALSE
2020,TACHE,AAC BRANDON (BW 932),52,12553.0,67.8,TRUE
2020,TACHE,AAC ELIE(BW931),,,,FALSE
2020,TACHE,AAC STARBUCK <SECAN>,,,,FALSE
2020,TACHE,AAC VIEWFIELD <FP GENETICS>|BW965| EXP,,,,FALSE
2020,TACHE,BOLLES <SEED DEPOT>,,,,FALSE
2020,TACHE,CARBERRY (BW874),,,,FALSE
2020,TACHE,CDC BRADWELL <SECAN> |BW472|,,,,FALSE
2020,TACHE,CDC STANLEY (BW880),,,,FALSE
2020,THOMPSON,AAC ALIDA (BW980),,,,FALSE
2020,THOMPSON,AAC BRANDON (BW 932),51,15441.0,66.1,TRUE
2020,THOMPSON,AAC ELIE(BW931),,,,FALSE
2020,THOMPSON,AAC VIEWFIELD <FP GENETICS>|BW965| EXP,,,,FALSE
2020,THOMPSON,BOLLES <SEED DEPOT>,,,,FALSE
2020,THOMPSON,CARBERRY (BW874),,,,FALSE
2020,THOMPSON,CARDALE (BW429),,,,FALSE
2020,THOMPSON,SY TORACH <SYNGENTA>,,,,FALSE
2020,TWO BORDERS,5500HR (BW 245),,,,FALSE
2020,TWO BORDERS,5604HR CL (BW 878),,,,FALSE
2020,TWO BORDERS,AAC ALIDA (BW980),,,,FALSE
2020,TWO BORDERS,AAC BRANDON (BW 932),80,44332.5,58.8,TRUE
2020,TWO BORDERS,AAC CAMERON VB <CANTERRA>,4,2177.0,48.5,TRUE
2020,TWO BORDERS,AAC ELIE(BW931),49,27266.5,56.7,TRUE
2020,TWO BORDERS,AAC REDBERRY,,,,FALSE
2020,TWO BORDERS,AAC TISDALE (PT250),,,,FALSE
2020,TWO BORDERS,AAC VIEWFIELD <FP GENETICS>|BW965| EXP,8,3244.0,52.6,TRUE
2020,TWO BORDERS,CARBERRY (BW874),6,2885.0,50.7,TRUE
2020,TWO BORDERS,CDC GO (BW781),,,,FALSE
2020,TWO BORDERS,CDC HUGHES <CPSC> |PT588|,,,,FALSE
2020,TWO BORDERS,CDC PLENTIFUL (PT580),,,,FALSE
2020,TWO BORDERS,GLENN,,,,FALSE
2020,TWO BORDERS,SY TORACH <SYNGENTA>,13,3359.0,57.6,TRUE
2020,UNORG TERRITORY,AAC BRANDON (BW 932),3,882.0,59.5,TRUE
2020,UNORG TERRITORY,AAC TISDALE (PT250),,,,FALSE
2020,UNORG TERRITORY,CARBERRY (BW874),,,,FALSE
2020,VICTORIA,AAC BRANDON (BW 932),27,8419.0,67.6,TRUE
2020,VICTORIA,AAC ELIE(BW931),6,1841.0,62.6,TRUE
2020,VICTORIA,AAC REDBERRY,,,,FALSE
2020,VICTORIA,AAC TISDALE (PT250),4,742.0,65.5,TRUE
2020,VICTORIA,CARDALE (BW429),4,737.0,43.9,TRUE
2020,VICTORIA,CDC TITANIUM <PROVEN>,,,,FALSE
2020,VICTORIA,SY TORACH <SYNGENTA>,,,,FALSE
2020,WALLACE-WOODWORTH,AAC ALIDA (BW980),3,739.0,76.0,TRUE
2020,WALLACE-WOODWORTH,AAC BRANDON (BW 932),106,48658.0,65.2,TRUE
2020,WALLACE-WOODWORTH,AAC CAMERON VB <CANTERRA>,,,,FALSE
2020,WALLACE-WOODWORTH,AAC CONNERY |PT245|,,,,FALSE
2020,WALLACE-WOODWORTH,AAC ELIE(BW931),9,3615.0,68.1,TRUE
2020,WALLACE-WOODWORTH,AAC REDBERRY,8,1525.0,59.0,TRUE
2020,WALLACE-WOODWORTH,AAC STARBUCK <SECAN>,,,,FALSE
2020,WALLACE-WOODWORTH,AAC TISDALE (PT250),14,3543.0,54.7,TRUE
2020,WALLACE-WOODWORTH,AAC VIEWFIELD <FP GENETICS>|BW965| EXP,26,10614.0,59.4,TRUE
2020,WALLACE-WOODWORTH,AAC WHEATLAND <SECAN>,,,,FALSE
2020,WALLACE-WOODWORTH,AC BARRIE (BW 661),,,,FALSE
2020,WALLACE-WOODWORTH,BOLLES <SEED DEPOT>,15,3536.0,53.8,TRUE
2020,WALLACE-WOODWORTH,CDC HUGHES <CPSC> |PT588|,,,,FALSE
2020,WALLACE-WOODWORTH,CDC LANDMARK,3,608.0,63.7,TRUE
2020,WALLACE-WOODWORTH,CDC ORTONA <PROVEN>,,,,FALSE
2020,WALLACE-WOODWORTH,CDC PLENTIFUL (PT580),,,,FALSE
2020,WALLACE-WOODWORTH,CS DAYBREAK <CANTERRA>,,,,FALSE
2020,WALLACE-WOODWORTH,GLENN,3,1565.0,53.4,TRUE
2020,WALLACE-WOODWORTH,MUCHMORE (BW875),,,,FALSE
2020,WALLACE-WOODWORTH,SY TORACH <SYNGENTA>,4,955.0,68.2,TRUE
2020,WEST INTERLAKE,AAC BRANDON (BW 932),6,2094.0,43.4,TRUE
2020,WEST INTERLAKE,AAC VIEWFIELD <FP GENETICS>|BW965| EXP,,,,FALSE
2020,WEST INTERLAKE,CARDALE (BW429),,,,FALSE
2020,WEST ST. PAUL,AAC BRANDON (BW 932),4,724.0,53.9,TRUE
2020,WEST ST. PAUL,AAC ELIE(BW931),,,,FALSE
2020,WEST ST. PAUL,BOLLES <SEED DEPOT>,,,,FALSE
2020,WEST ST. PAUL,SY TORACH <SYNGENTA>,,,,FALSE
2020,WESTLAKE-GLADSTONE,AAC BRANDON (BW 932),75,49160.0,65.5,TRUE
2020,WESTLAKE-GLADSTONE,AAC ELIE(BW931),11,5654.0,57.4,TRUE
2020,WESTLAKE-GLADSTONE,AAC LEROY VB <ALLIANCE>,,,,FALSE
2020,WESTLAKE-GLADSTONE,AAC REDBERRY,5,1370.0,51.7,TRUE
2020,WESTLAKE-GLADSTONE,AAC STARBUCK <SECAN>,,,,FALSE
2020,WESTLAKE-GLADSTONE,AAC VIEWFIELD <FP GENETICS>|BW965| EXP,,,,FALSE
2020,WESTLAKE-GLADSTONE,BOLLES <SEED DEPOT>,4,1432.0,77.0,TRUE
2020,WESTLAKE-GLADSTONE,CARBERRY (BW874),3,835.0,62.2,TRUE
2020,WESTLAKE-GLADSTONE,PT599 <SECAN>,,,,FALSE
2020,WESTLAKE-GLADSTONE,SY TORACH <SYNGENTA>,,,,FALSE
2020,WHITEHEAD,5605HR CL (BW918),,,,FALSE
2020,WHITEHEAD,AAC BRANDON (BW 932),52,22899.0,54.8,TRUE
2020,WHITEHEAD,AAC CAMERON VB <CANTERRA>,3,520.0,72.4,TRUE
2020,WHITEHEAD,AAC ELIE(BW931),3,1825.0,40.2,TRUE
2020,WHITEHEAD,AAC VIEWFIELD <FP GENETICS>|BW965| EXP,5,1544.0,40.3,TRUE
2020,WHITEHEAD,CDC LANDMARK,,,,FALSE
2020,WHITEHEAD,CS DAYBREAK <CANTERRA>,,,,FALSE
2020,WHITEMOUTH,AAC BRANDON (BW 932),10,2496.0,54.0,TRUE
2020,WHITEMOUTH,AAC ELIE(BW931),,,,FALSE
2020,WHITEMOUTH,CDC TITANIUM <PROVEN>,,,,FALSE
2020,WHITEMOUTH,GLENN,,,,FALSE
2020,WHITEMOUTH,SY TORACH <SYNGENTA>,,,,FALSE
2020,WINNIPEG,AAC BRANDON (BW 932),9,2620.0,71.4,TRUE
2020,WINNIPEG,AAC STARBUCK <SECAN>,,,,FALSE
2020,WINNIPEG,AAC VIEWFIELD <FP GENETICS>|BW965| EXP,3,714.0,68.8,TRUE
2020,WOODLANDS,AAC BRANDON (BW 932),46,19037.0,61.2,TRUE
2020,WOODLANDS,AAC REDBERRY,,,,FALSE
2020,WOODLANDS,AAC STARBUCK <SECAN>,,,,FALSE
2020,WOODLANDS,AAC VIEWFIELD <FP GENETICS>|BW965| EXP,,,,FALSE
2020,WOODLANDS,CARBERRY (BW874),,,,FALSE
2020,WOODLANDS,CARDALE (BW429),,,,FALSE
2020,WOODLANDS,CS DAYBREAK <CANTERRA>,,,,FALSE
2020,WOODLANDS,PT599 <SECAN>,,,,FALSE
2020,WOODLANDS,SY TORACH <SYNGENTA>,,,,FALSE
2020,YELLOWHEAD,AAC BRANDON (BW 932),23,9768.0,59.2,TRUE
2020,YELLOWHEAD,AAC CAMERON VB <CANTERRA>,,,,FALSE
2020,YELLOWHEAD,AAC ELIE(BW931),7,2935.0,58.8,TRUE
2020,YELLOWHEAD,AAC LEROY VB <ALLIANCE>,,,,FALSE
2020,YELLOWHEAD,AAC REDBERRY,28,11502.0,57.8,TRUE
2020,YELLOWHEAD,AAC REDWATER (PT457),,,,FALSE
2020,YELLOWHEAD,AAC STARBUCK <SECAN>,,,,FALSE
2020,YELLOWHEAD,AAC VIEWFIELD <FP GENETICS>|BW965| EXP,22,13757.0,54.3,TRUE
2020,YELLOWHEAD,AAC WHEATLAND <SECAN>,,,,FALSE
2020,YELLOWHEAD,BOLLES <SEED DEPOT>,10,5241.0,70.5,TRUE
2020,YELLOWHEAD,CARDALE (BW429),,,,FALSE
2020,YELLOWHEAD,CDC LANDMARK,,,,FALSE
2020,YELLOWHEAD,CDC PLENTIFUL (PT580),,,,FALSE
2020,YELLOWHEAD,GLENN,,,,FALSE
2020,YELLOWHEAD,SY GABBRO <SYNGENTA>,,,,FALSE
2020,YELLOWHEAD,SY TORACH <SYNGENTA>,,,,FALSE
2021,ALEXANDER,AAC BRANDON (BW 932),,,,FALSE
2021,ALEXANDER,AAC ELIE(BW931),3,1872.0,90.9,TRUE
2021,ALEXANDER,AAC REDBERRY,,,,FALSE
2021,ALEXANDER,AAC STARBUCK <SECAN>,,,,FALSE
2021,ALEXANDER,AAC VIEWFIELD <FP GENETICS>|BW965| EXP,3,1983.0,77.3,TRUE
2021,ALEXANDER,CARBERRY (BW874),,,,FALSE
2021,ALEXANDER,CARDALE (BW429),,,,FALSE
2021,ALEXANDER,CS DAYBREAK <CANTERRA>,,,,FALSE
2021,ALONSA,AAC BRANDON (BW 932),10,3283.0,34.6,TRUE
2021,ALONSA,AAC ELIE(BW931),,,,FALSE
2021,ALONSA,AAC REDBERRY,,,,FALSE
2021,ALONSA,AAC STARBUCK <SECAN>,3,2216.0,28.1,TRUE
2021,ALONSA,AAC VIEWFIELD <FP GENETICS>|BW965| EXP,,,,FALSE
2021,ALONSA,AC BARRIE (BW 661),,,,FALSE
2021,ALONSA,BOLLES <SEED DEPOT>,,,,FALSE
2021,ARGYLE,AAC BRANDON (BW 932),61,25595.3,46.8,TRUE
2021,ARGYLE,AAC CAMERON VB <CANTERRA>,,,,FALSE
2021,ARGYLE,AAC LEROY VB <ALLIANCE>,,,,FALSE
2021,ARGYLE,AAC REDBERRY,,,,FALSE
2021,ARGYLE,AAC STARBUCK <SECAN>,13,2076.0,52.5,TRUE
2021,ARGYLE,AAC TISDALE (PT250),,,,FALSE
2021,ARGYLE,AAC WHEATLAND <SECAN>,,,,FALSE
2021,ARGYLE,AC BARRIE (BW 661),,,,FALSE
2021,ARGYLE,AC DOMAIN (BW 148),,,,FALSE
2021,ARGYLE,CARBERRY (BW874),,,,FALSE
2021,ARGYLE,CARDALE (BW429),,,,FALSE
2021,ARGYLE,CDC TITANIUM <PROVEN>,,,,FALSE
2021,ARMSTRONG,AAC BRANDON (BW 932),5,883.0,20.7,TRUE
2021,ARMSTRONG,AAC ELIE(BW931),,,,FALSE
2021,ARMSTRONG,AAC VIEWFIELD <FP GENETICS>|BW965| EXP,,,,FALSE
2021,ARMSTRONG,CDC TITANIUM <PROVEN>,,,,FALSE
2021,ARMSTRONG,SY TORACH <SYNGENTA>,,,,FALSE
2021,BIFROST-RIVERTON,AAC BRANDON (BW 932),33,12482.0,31.4,TRUE
2021,BIFROST-RIVERTON,AAC LEROY VB <ALLIANCE>,10,1553.0,38.2,TRUE
2021,BIFROST-RIVERTON,AAC STARBUCK <SECAN>,29,7417.0,37.9,TRUE
2021,BIFROST-RIVERTON,AAC VIEWFIELD <FP GENETICS>|BW965| EXP,36,12621.0,40.2,TRUE
2021,BIFROST-RIVERTON,AC BARRIE (BW 661),3,1380.0,36.2,TRUE
2021,BIFROST-RIVERTON,CARDALE (BW429),,,,FALSE
2021,BIFROST-RIVERTON,CDC HUGHES <CPSC> |PT588|,,,,FALSE
2021,BIFROST-RIVERTON,CDC STANLEY (BW880),,,,FALSE
2021,BIFROST-RIVERTON,CDC TEAL (BW 616),,,,FALSE
2021,BIFROST-RIVERTON,CS DAYBREAK <CANTERRA>,,,,FALSE
2021,BIFROST-RIVERTON,SY TORACH <SYNGENTA>,6,1016.0,37.2,TRUE
2021,BOISSEVAIN-MORTON,AAC BRANDON (BW 932),40,18659.0,50.7,TRUE
2021,BOISSEVAIN-MORTON,AAC CAMERON VB <CANTERRA>,,,,FALSE
2021,BOISSEVAIN-MORTON,AAC ELIE(BW931),7,3082.0,54.8,TRUE
2021,BOISSEVAIN-MORTON,AAC HOCKLEY |BW5044|,,,,FALSE
2021,BOISSEVAIN-MORTON,AAC HODGE |BW1069|,,,,FALSE
2021,BOISSEVAIN-MORTON,AAC LEROY VB <ALLIANCE>,3,612.0,55.5,TRUE
2021,BOISSEVAIN-MORTON,"AAC MAGNET |BW 1045, BJ14*A01135|",,,,FALSE
2021,BOISSEVAIN-MORTON,AAC REDBERRY,4,1313.0,47.7,TRUE
2021,BOISSEVAIN-MORTON,AAC STARBUCK <SECAN>,17,7056.0,52.9,TRUE
2021,BOISSEVAIN-MORTON,AAC TISDALE (PT250),,,,FALSE
2021,BOISSEVAIN-MORTON,AAC VIEWFIELD <FP GENETICS>|BW965| EXP,,,,FALSE
2021,BOISSEVAIN-MORTON,AAC WHEATLAND <SECAN>,16,4908.0,53.7,TRUE
2021,BOISSEVAIN-MORTON,CARDALE (BW429),,,,FALSE
2021,BOISSEVAIN-MORTON,CDC SKRUSH |PT599|,,,,FALSE
2021,BOISSEVAIN-MORTON,SY CAST,,,,FALSE
2021,BRENDA-WASKADA,AAC BRANDON (BW 932),49,32141.5,48.9,TRUE
2021,BRENDA-WASKADA,AAC ELIE(BW931),17,10407.0,43.5,TRUE
2021,BRENDA-WASKADA,AAC LEROY VB <ALLIANCE>,,,,FALSE
2021,BRENDA-WASKADA,AAC REDBERRY,4,1425.0,49.5,TRUE
2021,BRENDA-WASKADA,AAC STARBUCK <SECAN>,5,1813.0,46.2,TRUE
2021,BRENDA-WASKADA,AAC TISDALE (PT250),,,,FALSE
2021,BRENDA-WASKADA,AAC WHEATLAND <SECAN>,,,,FALSE
2021,BRENDA-WASKADA,"CDC BOUNTY (BW720,W93079)",,,,FALSE
2021,BRENDA-WASKADA,CDC PLENTIFUL (PT580),,,,FALSE
2021,BRENDA-WASKADA,HARVEST (BW259),,,,FALSE
2021,BROKENHEAD,AAC BRANDON (BW 932),21,6343.0,61.3,TRUE
2021,BROKENHEAD,AAC ELIE(BW931),6,1582.0,72.5,TRUE
2021,BROKENHEAD,AAC LEROY VB <ALLIANCE>,4,757.0,60.0,TRUE
2021,BROKENHEAD,AAC STARBUCK <SECAN>,4,604.0,50.6,TRUE
2021,BROKENHEAD,AAC TISDALE (PT250),,,,FALSE
2021,BROKENHEAD,AAC VIEWFIELD <FP GENETICS>|BW965| EXP,32,8762.0,67.7,TRUE
2021,BROKENHEAD,BOLLES <SEED DEPOT>,3,814.0,57.7,TRUE
2021,BROKENHEAD,CARBERRY (BW874),,,,FALSE
2021,BROKENHEAD,CARDALE (BW429),3,748.0,48.9,TRUE
2021,BROKENHEAD,CDC ORTONA <PROVEN>,5,819.0,53.1,TRUE
2021,BROKENHEAD,CDC STANLEY (BW880),,,,FALSE
2021,BROKENHEAD,CS DAYBREAK <CANTERRA>,,,,FALSE
2021,BROKENHEAD,GLENN,,,,FALSE
2021,CARTIER,AAC BRANDON (BW 932),38,16612.0,52.4,TRUE
2021,CARTIER,AAC ELIE(BW931),,,,FALSE
2021,CARTIER,AAC STARBUCK <SECAN>,21,4853.0,50.8,TRUE
2021,CARTIER,CARBERRY (BW874),,,,FALSE
2021,CARTIER,SY GABBRO <SYNGENTA>,3,905.0,42.6,TRUE
2021,CARTWRIGHT-ROBLIN,5605HR CL (BW918),,,,FALSE
2021,CARTWRIGHT-ROBLIN,AAC BRANDON (BW 932),39,15843.0,53.1,TRUE
2021,CARTWRIGHT-ROBLIN,AAC CAMERON VB <CANTERRA>,,,,FALSE
2021,CARTWRIGHT-ROBLIN,AAC ELIE(BW931),,,,FALSE
2021,CARTWRIGHT-ROBLIN,AAC LEROY VB <ALLIANCE>,,,,FALSE
2021,CARTWRIGHT-ROBLIN,AAC REDBERRY,5,829.0,51.6,TRUE
2021,CARTWRIGHT-ROBLIN,AAC STARBUCK <SECAN>,16,3808.0,55.2,TRUE
2021,CARTWRIGHT-ROBLIN,AAC WHEATLAND <SECAN>,8,2152.0,50.6,TRUE
2021,CARTWRIGHT-ROBLIN,CARBERRY (BW874),,,,FALSE
2021,CARTWRIGHT-ROBLIN,HARVEST (BW259),,,,FALSE
2021,CARTWRIGHT-ROBLIN,PT599 <SECAN>,,,,FALSE
2021,CARTWRIGHT-ROBLIN,SY BRAWN,,,,FALSE
2021,CARTWRIGHT-ROBLIN,SY CAST,,,,FALSE
2021,CLANWILLIAM-ERICKSON,AAC BRANDON (BW 932),3,1199.0,64.8,TRUE
2021,CLANWILLIAM-ERICKSON,AAC CAMERON VB <CANTERRA>,,,,FALSE
2021,CLANWILLIAM-ERICKSON,AAC REDBERRY,8,2482.0,48.8,TRUE
2021,CLANWILLIAM-ERICKSON,AAC STARBUCK <SECAN>,,,,FALSE
2021,CLANWILLIAM-ERICKSON,AAC VIEWFIELD <FP GENETICS>|BW965| EXP,,,,FALSE
2021,CLANWILLIAM-ERICKSON,AAC WHEATLAND <SECAN>,,,,FALSE
2021,CLANWILLIAM-ERICKSON,BOLLES <SEED DEPOT>,,,,FALSE
2021,CLANWILLIAM-ERICKSON,SY CAST,,,,FALSE
2021,COLDWELL,AAC BRANDON (BW 932),,,,FALSE
2021,COLDWELL,AAC CAMERON VB <CANTERRA>,,,,FALSE
2021,COLDWELL,AAC VIEWFIELD <FP GENETICS>|BW965| EXP,,,,FALSE
2021,COLDWELL,SY TORACH <SYNGENTA>,,,,FALSE
2021,CORNWALLIS,AAC BRANDON (BW 932),26,10113.0,55.4,TRUE
2021,CORNWALLIS,AAC CAMERON VB <CANTERRA>,,,,FALSE
2021,CORNWALLIS,AAC ELIE(BW931),,,,FALSE
2021,CORNWALLIS,AAC STARBUCK <SECAN>,,,,FALSE
2021,CORNWALLIS,AAC WHEATLAND <SECAN>,3,590.0,56.2,TRUE
2021,CORNWALLIS,BOLLES <SEED DEPOT>,,,,FALSE
2021,DAUPHIN,AAC BRANDON (BW 932),63,29141.0,47.7,TRUE
2021,DAUPHIN,AAC CAMERON VB <CANTERRA>,9,2101.0,35.5,TRUE
2021,DAUPHIN,AAC HOCKLEY |BW5044|,,,,FALSE
2021,DAUPHIN,AAC HODGE |BW1069|,,,,FALSE
2021,DAUPHIN,AAC REDBERRY,8,1617.0,49.3,TRUE
2021,DAUPHIN,AAC STARBUCK <SECAN>,6,1402.0,61.6,TRUE
2021,DAUPHIN,AAC TISDALE (PT250),4,1197.0,41.3,TRUE
2021,DAUPHIN,AAC VIEWFIELD <FP GENETICS>|BW965| EXP,14,3934.0,53.9,TRUE
2021,DAUPHIN,AAC WHEATLAND <SECAN>,12,2046.0,44.5,TRUE
2021,DAUPHIN,AC BARRIE (BW 661),,,,FALSE
2021,DAUPHIN,CARBERRY (BW874),,,,FALSE
2021,DAUPHIN,CARDALE (BW429),5,2484.0,44.8,TRUE
2021,DAUPHIN,CDC ORTONA <PROVEN>,,,,FALSE
2021,DAUPHIN,CDC PLENTIFUL (PT580),,,,FALSE
2021,DAUPHIN,CDC STANLEY (BW880),,,,FALSE
2021,DAUPHIN,CDC VR MORRIS (BW423),,,,FALSE
2021,DAUPHIN,CS DAYBREAK <CANTERRA>,3,841.0,71.3,TRUE
2021,DAUPHIN,GLENN,,,,FALSE
2021,DAUPHIN,SY GABBRO <SYNGENTA>,,,,FALSE
2021,DAUPHIN,WASKADA (BW 357),,,,FALSE
2021,DELORAINE-WINCHESTER,AAC BRANDON (BW 932),37,15006.0,53.3,TRUE
2021,DELORAINE-WINCHESTER,AAC ELIE(BW931),5,5763.0,62.5,TRUE
2021,DELORAINE-WINCHESTER,AAC LEROY VB <ALLIANCE>,3,1288.0,61.4,TRUE
2021,DELORAINE-WINCHESTER,AAC REDBERRY,3,1365.0,55.2,TRUE
2021,DELORAINE-WINCHESTER,AAC STARBUCK <SECAN>,5,1199.0,41.1,TRUE
2021,DELORAINE-WINCHESTER,AAC WHEATLAND <SECAN>,5,1063.0,38.7,TRUE
2021,DELORAINE-WINCHESTER,BOLLES <SEED DEPOT>,,,,FALSE
2021,DELORAINE-WINCHESTER,CARBERRY (BW874),,,,FALSE
2021,DELORAINE-WINCHESTER,CDC HUGHES <CPSC> |PT588|,,,,FALSE
2021,DELORAINE-WINCHESTER,SY CAST,,,,FALSE
2021,DESALABERRY,AAC BRANDON (BW 932),38,13361.0,60.8,TRUE
2021,DESALABERRY,AAC ELIE(BW931),,,,FALSE
2021,DESALABERRY,AAC STARBUCK <SECAN>,13,1784.0,63.9,TRUE
2021,DESALABERRY,AAC TISDALE (PT250),10,2291.0,58.9,TRUE
2021,DESALABERRY,CARDALE (BW429),4,3230.0,56.8,TRUE
2021,DESALABERRY,CS DAYBREAK <CANTERRA>,,,,FALSE
2021,DUFFERIN,AAC BRANDON (BW 932),48,12065.0,39.7,TRUE
2021,DUFFERIN,AAC ELIE(BW931),3,585.0,29.3,TRUE
2021,DUFFERIN,AAC LEROY VB <ALLIANCE>,,,,FALSE
2021,DUFFERIN,AAC STARBUCK <SECAN>,15,2527.0,35.7,TRUE
2021,DUFFERIN,AAC TISDALE (PT250),,,,FALSE
2021,DUFFERIN,AAC VIEWFIELD <FP GENETICS>|BW965| EXP,,,,FALSE
2021,DUFFERIN,BOLLES <SEED DEPOT>,,,,FALSE
2021,DUFFERIN,CARDALE (BW429),,,,FALSE
2021,DUFFERIN,CDC SKRUSH |PT599|,,,,FALSE
2021,DUFFERIN,PT599 <SECAN>,,,,FALSE
2021,DUFFERIN,SY GABBRO <SYNGENTA>,3,1065.0,32.2,TRUE
2021,EAST ST PAUL,AAC BRANDON (BW 932),,,,FALSE
2021,EAST ST PAUL,AAC STARBUCK <SECAN>,,,,FALSE
2021,ELLICE-ARCHIE,AAC BRANDON (BW 932),12,5888.0,45.1,TRUE
2021,ELLICE-ARCHIE,AAC ELIE(BW931),,,,FALSE
2021,ELLICE-ARCHIE,AAC HOCKLEY |BW5044|,,,,FALSE
2021,ELLICE-ARCHIE,AAC HODGE |BW1069|,,,,FALSE
2021,ELLICE-ARCHIE,AAC LEROY VB <ALLIANCE>,,,,FALSE
2021,ELLICE-ARCHIE,AAC REDBERRY,6,1784.0,51.1,TRUE
2021,ELLICE-ARCHIE,AAC STARBUCK <SECAN>,11,3539.0,56.2,TRUE
2021,ELLICE-ARCHIE,AAC TISDALE (PT250),,,,FALSE
2021,ELLICE-ARCHIE,AAC VIEWFIELD <FP GENETICS>|BW965| EXP,,,,FALSE
2021,ELLICE-ARCHIE,AAC WHEATLAND <SECAN>,9,5344.0,49.7,TRUE
2021,ELLICE-ARCHIE,BOLLES <SEED DEPOT>,4,1643.0,49.9,TRUE
2021,ELLICE-ARCHIE,CARBERRY (BW874),,,,FALSE
2021,ELLICE-ARCHIE,CDC HUGHES <CPSC> |PT588|,,,,FALSE
2021,ELLICE-ARCHIE,CDC LANDMARK,,,,FALSE
2021,ELLICE-ARCHIE,CDC PLENTIFUL (PT580),,,,FALSE
2021,ELLICE-ARCHIE,SY TORACH <SYNGENTA>,,,,FALSE
2021,ELTON,AAC ALIDA (BW980),,,,FALSE
2021,ELTON,AAC BRANDON (BW 932),55,26041.0,64.1,TRUE
2021,ELTON,AAC CAMERON VB <CANTERRA>,4,910.0,67.8,TRUE
2021,ELTON,AAC STARBUCK <SECAN>,18,4981.0,67.4,TRUE
2021,ELTON,AAC WHEATLAND <SECAN>,6,1483.0,78.6,TRUE
2021,ELTON,CS DAYBREAK <CANTERRA>,,,,FALSE
2021,ELTON,NEEPAWA,,,,FALSE
2021,EMERSON-FRANKLIN,AAC BRANDON (BW 932),38,18732.0,65.1,TRUE
2021,EMERSON-FRANKLIN,AAC STARBUCK <SECAN>,10,1803.0,64.9,TRUE
2021,EMERSON-FRANKLIN,AAC WHEATLAND <SECAN>,,,,FALSE
2021,EMERSON-FRANKLIN,CS DAYBREAK <CANTERRA>,3,564.0,49.7,TRUE
2021,ETHELBERT,AAC BRANDON (BW 932),7,1983.0,45.5,TRUE
2021,ETHELBERT,AAC CAMERON VB <CANTERRA>,,,,FALSE
2021,ETHELBERT,AAC ELIE(BW931),,,,FALSE
2021,ETHELBERT,AAC REDBERRY,3,517.0,41.9,TRUE
2021,ETHELBERT,AAC VIEWFIELD <FP GENETICS>|BW965| EXP,5,1787.0,38.9,TRUE
2021,ETHELBERT,AC DOMAIN (BW 148),,,,FALSE
2021,ETHELBERT,CARDALE (BW429),3,585.0,41.1,TRUE
2021,ETHELBERT,CDC STANLEY (BW880),,,,FALSE
2021,ETHELBERT,NEEPAWA,,,,FALSE
2021,FISHER,AAC BRANDON (BW 932),26,6876.0,27.9,TRUE
2021,FISHER,AAC ELIE(BW931),,,,FALSE
2021,FISHER,AAC REDBERRY,,,,FALSE
2021,FISHER,AAC STARBUCK <SECAN>,5,1446.0,16.8,TRUE
2021,FISHER,AAC VIEWFIELD <FP GENETICS>|BW965| EXP,9,3367.0,37.4,TRUE
2021,FISHER,AAC WHEATLAND <SECAN>,,,,FALSE
2021,FISHER,CDC HUGHES <CPSC> |PT588|,,,,FALSE
2021,FISHER,CDC ORTONA <PROVEN>,,,,FALSE
2021,FISHER,CDC STANLEY (BW880),4,1039.0,20.7,TRUE
2021,FISHER,CDC TEAL (BW 616),,,,FALSE
2021,FISHER,CS DAYBREAK <CANTERRA>,4,715.0,12.9,TRUE
2021,FISHER,SY TORACH <SYNGENTA>,4,1153.0,43.1,TRUE
2021,GILBERT PLAINS,5604HR CL (BW 878),,,,FALSE
2021,GILBERT PLAINS,AAC BRANDON (BW 932),26,8780.0,51.5,TRUE
2021,GILBERT PLAINS,AAC CAMERON VB <CANTERRA>,6,1887.0,44.6,TRUE
2021,GILBERT PLAINS,AAC ELIE(BW931),3,655.0,57.9,TRUE
2021,GILBERT PLAINS,AAC LEROY VB <ALLIANCE>,3,656.0,50.0,TRUE
2021,GILBERT PLAINS,AAC REDBERRY,35,19004.0,50.1,TRUE
2021,GILBERT PLAINS,AAC STARBUCK <SECAN>,,,,FALSE
2021,GILBERT PLAINS,AAC TISDALE (PT250),,,,FALSE
2021,GILBERT PLAINS,AAC VIEWFIELD <FP GENETICS>|BW965| EXP,13,5334.0,53.1,TRUE
2021,GILBERT PLAINS,AAC WHEATLAND <SECAN>,,,,FALSE
2021,GILBERT PLAINS,AC DOMAIN (BW 148),,,,FALSE
2021,GILBERT PLAINS,BOLLES <SEED DEPOT>,3,1585.0,46.7,TRUE
2021,GILBERT PLAINS,CARDALE (BW429),,,,FALSE
2021,GILBERT PLAINS,CDC ORTONA <PROVEN>,,,,FALSE
2021,GILBERT PLAINS,CDC STANLEY (BW880),4,2750.0,39.0,TRUE
2021,GILBERT PLAINS,CDC VR MORRIS (BW423),,,,FALSE
2021,GILBERT PLAINS,CS DAYBREAK <CANTERRA>,,,,FALSE
2021,GILBERT PLAINS,SY GABBRO <SYNGENTA>,,,,FALSE
2021,GIMLI,AAC BRANDON (BW 932),4,1541.0,44.5,TRUE
2021,GIMLI,AAC STARBUCK <SECAN>,,,,FALSE
2021,GIMLI,AAC VIEWFIELD <FP GENETICS>|BW965| EXP,,,,FALSE
2021,GIMLI,BOLLES <SEED DEPOT>,,,,FALSE
2021,GIMLI,CARDALE (BW429),,,,FALSE
2021,GIMLI,CDC HUGHES <CPSC> |PT588|,,,,FALSE
2021,GIMLI,SY TORACH <SYNGENTA>,,,,FALSE
2021,GLENBORO-SOUTH CYPRESS,5604HR CL (BW 878),,,,FALSE
2021,GLENBORO-SOUTH CYPRESS,AAC BRANDON (BW 932),27,7053.0,42.8,TRUE
2021,GLENBORO-SOUTH CYPRESS,AAC CAMERON VB <CANTERRA>,,,,FALSE
2021,GLENBORO-SOUTH CYPRESS,AAC ELIE(BW931),,,,FALSE
2021,GLENBORO-SOUTH CYPRESS,AAC LEROY VB <ALLIANCE>,,,,FALSE
2021,GLENBORO-SOUTH CYPRESS,AAC STARBUCK <SECAN>,6,1076.0,41.8,TRUE
2021,GLENBORO-SOUTH CYPRESS,AAC WHEATLAND <SECAN>,,,,FALSE
2021,GLENBORO-SOUTH CYPRESS,BOLLES <SEED DEPOT>,,,,FALSE
2021,GLENBORO-SOUTH CYPRESS,CDC STANLEY (BW880),,,,FALSE
2021,GLENELLA-LANSDOWNE,AAC BRANDON (BW 932),42,22964.0,36.6,TRUE
2021,GLENELLA-LANSDOWNE,AAC ELIE(BW931),4,1690.0,35.5,TRUE
2021,GLENELLA-LANSDOWNE,AAC LEROY VB <ALLIANCE>,,,,FALSE
2021,GLENELLA-LANSDOWNE,AAC REDBERRY,4,1370.0,30.8,TRUE
2021,GLENELLA-LANSDOWNE,AAC STARBUCK <SECAN>,13,7844.0,30.5,TRUE
2021,GLENELLA-LANSDOWNE,AAC VIEWFIELD <FP GENETICS>|BW965| EXP,7,1345.0,45.0,TRUE
2021,GLENELLA-LANSDOWNE,BOLLES <SEED DEPOT>,7,2381.0,30.7,TRUE
2021,GLENELLA-LANSDOWNE,CDC SKRUSH |PT599|,,,,FALSE
2021,GRAHAMDALE,AAC BRANDON (BW 932),6,2829.0,14.3,TRUE
2021,GRAHAMDALE,AAC STARBUCK <SECAN>,,,,FALSE
2021,GRAHAMDALE,AAC VIEWFIELD <FP GENETICS>|BW965| EXP,,,,FALSE
2021,GRAHAMDALE,BOLLES <SEED DEPOT>,,,,FALSE
2021,GRANDVIEW,5604HR CL (BW 878),,,,FALSE
2021,GRANDVIEW,AAC BRANDON (BW 932),41,16828.4,56.7,TRUE
2021,GRANDVIEW,AAC CAMERON VB <CANTERRA>,7,2551.0,49.3,TRUE
2021,GRANDVIEW,AAC ELIE(BW931),5,1163.0,49.2,TRUE
2021,GRANDVIEW,AAC HODGE |BW1069|,,,,FALSE
2021,GRANDVIEW,AAC LEROY VB <ALLIANCE>,,,,FALSE
2021,GRANDVIEW,AAC REDBERRY,19,7099.0,54.3,TRUE
2021,GRANDVIEW,AAC REDWATER (PT457),,,,FALSE
2021,GRANDVIEW,AAC STARBUCK <SECAN>,,,,FALSE
2021,GRANDVIEW,AAC TISDALE (PT250),,,,FALSE
2021,GRANDVIEW,AAC VIEWFIELD <FP GENETICS>|BW965| EXP,19,7238.0,51.6,TRUE
2021,GRANDVIEW,AAC WHEATLAND <SECAN>,10,2042.0,51.9,TRUE
2021,GRANDVIEW,BOLLES <SEED DEPOT>,13,3937.0,49.2,TRUE
2021,GRANDVIEW,BW 5055,,,,FALSE
2021,GRANDVIEW,CARDALE (BW429),,,,FALSE
2021,GRANDVIEW,CDC HUGHES <CPSC> |PT588|,,,,FALSE
2021,GRANDVIEW,CDC PLENTIFUL (PT580),5,2026.0,52.3,TRUE
2021,GRANDVIEW,KANE (BW342),,,,FALSE
2021,GRANDVIEW,SY GABBRO <SYNGENTA>,,,,FALSE
2021,GRASSLAND,AAC BRANDON (BW 932),69,28879.0,48.1,TRUE
2021,GRASSLAND,AAC CAMERON VB <CANTERRA>,,,,FALSE
2021,GRASSLAND,AAC ELIE(BW931),3,581.0,51.3,TRUE
2021,GRASSLAND,AAC LEROY VB <ALLIANCE>,,,,FALSE
2021,GRASSLAND,AAC REDBERRY,,,,FALSE
2021,GRASSLAND,AAC STARBUCK <SECAN>,15,6028.0,48.8,TRUE
2021,GRASSLAND,AAC TISDALE (PT250),,,,FALSE
2021,GRASSLAND,AAC VIEWFIELD <FP GENETICS>|BW965| EXP,,,,FALSE
2021,GRASSLAND,AAC WHEATLAND <SECAN>,22,6536.0,50.9,TRUE
2021,GRASSLAND,CARBERRY (BW874),,,,FALSE
2021,GRASSLAND,CARDALE (BW429),,,,FALSE
2021,GREY,AAC BRANDON (BW 932),51,16538.0,45.7,TRUE
2021,GREY,AAC ELIE(BW931),,,,FALSE
2021,GREY,AAC STARBUCK <SECAN>,24,6882.0,44.2,TRUE
2021,GREY,AAC TISDALE (PT250),,,,FALSE
2021,GREY,AC BARRIE (BW 661),,,,FALSE
2021,GREY,BOLLES <SEED DEPOT>,3,616.0,24.0,TRUE
2021,GREY,CARDALE (BW429),,,,FALSE
2021,GREY,SY GABBRO <SYNGENTA>,,,,FALSE
2021,HAMIOTA,AAC BRANDON (BW 932),30,10294.0,54.2,TRUE
2021,HAMIOTA,AAC HOCKLEY |BW5044|,,,,FALSE
2021,HAMIOTA,AAC HODGE |BW1069|,,,,FALSE
2021,HAMIOTA,AAC LEROY VB <ALLIANCE>,,,,FALSE
2021,HAMIOTA,AAC REDBERRY,8,2443.0,59.4,TRUE
2021,HAMIOTA,AAC STARBUCK <SECAN>,24,5597.0,55.3,TRUE
2021,HAMIOTA,AAC VIEWFIELD <FP GENETICS>|BW965| EXP,,,,FALSE
2021,HAMIOTA,AAC WHEATLAND <SECAN>,20,6295.0,59.1,TRUE
2021,HAMIOTA,BOLLES <SEED DEPOT>,,,,FALSE
2021,HAMIOTA,CDC LANDMARK,9,2204.0,52.0,TRUE
2021,HAMIOTA,COLUMBUS,,,,FALSE
2021,HAMIOTA,MUCHMORE (BW875),,,,FALSE
2021,HAMIOTA,SY TORACH <SYNGENTA>,,,,FALSE
2021,HANOVER,AAC BRANDON (BW 932),25,6921.0,64.3,TRUE
2021,HANOVER,AAC ELIE(BW931),,,,FALSE
2021,HANOVER,AAC STARBUCK <SECAN>,7,1164.0,56.5,TRUE
2021,HANOVER,AAC TISDALE (PT250),,,,FALSE
2021,HANOVER,AAC VIEWFIELD <FP GENETICS>|BW965| EXP,,,,FALSE
2021,HANOVER,CARDALE (BW429),,,,FALSE
2021,HARRISON PARK,5604HR CL (BW 878),,,,FALSE
2021,HARRISON PARK,AAC BRANDON (BW 932),14,6139.0,53.7,TRUE
2021,HARRISON PARK,AAC CAMERON VB <CANTERRA>,,,,FALSE
2021,HARRISON PARK,AAC ELIE(BW931),,,,FALSE
2021,HARRISON PARK,AAC LEROY VB <ALLIANCE>,5,1212.0,60.3,TRUE
2021,HARRISON PARK,AAC REDBERRY,27,8818.0,48.0,TRUE
2021,HARRISON PARK,AAC STARBUCK <SECAN>,4,1275.0,72.8,TRUE
2021,HARRISON PARK,AAC VIEWFIELD <FP GENETICS>|BW965| EXP,5,1141.0,60.0,TRUE
2021,HARRISON PARK,AAC WHEATLAND <SECAN>,5,2967.0,64.8,TRUE
2021,HARRISON PARK,AC BARRIE (BW 661),,,,FALSE
2021,HARRISON PARK,AC DOMAIN (BW 148),,,,FALSE
2021,HARRISON PARK,AC SPLENDOR (BW 191),3,592.0,27.0,TRUE
2021,HARRISON PARK,BOLLES <SEED DEPOT>,11,3163.0,48.6,TRUE
2021,HARRISON PARK,CDC LANDMARK,,,,FALSE
2021,HARRISON PARK,GLENN,,,,FALSE
2021,HARRISON PARK,ROBLIN,,,,FALSE
2021,HARRISON PARK,SY TORACH <SYNGENTA>,3,626.0,57.6,TRUE
2021,HARRISON PARK,WR859 CL (BW859),,,,FALSE
2021,HEADINGLEY,AAC BRANDON (BW 932),8,3069.0,47.1,TRUE
2021,HEADINGLEY,AAC STARBUCK <SECAN>,4,638.0,40.7,TRUE
2021,HILLSBURG-ROBLIN-SHELL RIVER,AAC ALIDA (BW980),,,,FALSE
2021,HILLSBURG-ROBLIN-SHELL RIVER,AAC BRANDON (BW 932),20,9785.0,52.0,TRUE
2021,HILLSBURG-ROBLIN-SHELL RIVER,AAC ELIE(BW931),,,,FALSE
2021,HILLSBURG-ROBLIN-SHELL RIVER,AAC LEROY VB <ALLIANCE>,,,,FALSE
2021,HILLSBURG-ROBLIN-SHELL RIVER,AAC REDBERRY,,,,FALSE
2021,HILLSBURG-ROBLIN-SHELL RIVER,AAC TISDALE (PT250),,,,FALSE
2021,HILLSBURG-ROBLIN-SHELL RIVER,AAC VIEWFIELD <FP GENETICS>|BW965| EXP,17,5697.0,50.5,TRUE
2021,HILLSBURG-ROBLIN-SHELL RIVER,AAC WHEATLAND <SECAN>,7,2460.0,55.9,TRUE
2021,HILLSBURG-ROBLIN-SHELL RIVER,BOLLES <SEED DEPOT>,9,3497.0,51.0,TRUE
2021,HILLSBURG-ROBLIN-SHELL RIVER,CDC HUGHES <CPSC> |PT588|,,,,FALSE
2021,HILLSBURG-ROBLIN-SHELL RIVER,CDC LANDMARK,,,,FALSE
2021,HILLSBURG-ROBLIN-SHELL RIVER,GLENN,,,,FALSE
2021,HILLSBURG-ROBLIN-SHELL RIVER,SY GABBRO <SYNGENTA>,,,,FALSE
2021,HILLSBURG-ROBLIN-SHELL RIVER,SY TORACH <SYNGENTA>,,,,FALSE
2021,KELSEY,AAC BRANDON (BW 932),,,,FALSE
2021,KELSEY,AAC REDBERRY,8,5001.0,33.4,TRUE
2021,KELSEY,AAC REDWATER (PT457),,,,FALSE
2021,KELSEY,AAC VIEWFIELD <FP GENETICS>|BW965| EXP,4,3868.0,64.2,TRUE
2021,KELSEY,CDC LANDMARK,3,1707.0,56.7,TRUE
2021,KELSEY,CDC TEAL (BW 616),,,,FALSE
2021,KILLARNEY-TURTLE MTN,AAC BRANDON (BW 932),53,29184.0,47.7,TRUE
2021,KILLARNEY-TURTLE MTN,AAC CAMERON VB <CANTERRA>,8,3267.0,46.4,TRUE
2021,KILLARNEY-TURTLE MTN,AAC LEROY VB <ALLIANCE>,5,974.0,46.4,TRUE
2021,KILLARNEY-TURTLE MTN,"AAC MAGNET |BW 1045, BJ14*A01135|",4,892.0,45.5,TRUE
2021,KILLARNEY-TURTLE MTN,AAC REDBERRY,3,1655.0,48.1,TRUE
2021,KILLARNEY-TURTLE MTN,AAC STARBUCK <SECAN>,11,2964.0,50.4,TRUE
2021,KILLARNEY-TURTLE MTN,AAC VIEWFIELD <FP GENETICS>|BW965| EXP,,,,FALSE
2021,KILLARNEY-TURTLE MTN,AAC WHEATLAND <SECAN>,6,1983.0,44.5,TRUE
2021,KILLARNEY-TURTLE MTN,CDC PLENTIFUL (PT580),,,,FALSE
2021,KILLARNEY-TURTLE MTN,MUCHMORE (BW875),,,,FALSE
2021,KILLARNEY-TURTLE MTN,SY CAST,,,,FALSE
2021,LA BROQUERIE,AAC STARBUCK <SECAN>,,,,FALSE
2021,LA BROQUERIE,CARDALE (BW429),,,,FALSE
2021,LAC DU BONNET,AAC BRANDON (BW 932),6,2297.0,72.8,TRUE
2021,LAC DU BONNET,AAC ELIE(BW931),6,1320.0,89.8,TRUE
2021,LAC DU BONNET,AAC STARBUCK <SECAN>,3,768.0,65.0,TRUE
2021,LAC DU BONNET,AAC VIEWFIELD <FP GENETICS>|BW965| EXP,11,2131.0,81.8,TRUE
2021,LAC DU BONNET,CARBERRY (BW874),,,,FALSE
2021,LAC DU BONNET,CARDALE (BW429),,,,FALSE
2021,LAC DU BONNET,CS DAYBREAK <CANTERRA>,,,,FALSE
2021,LAKESHORE,AAC BRANDON (BW 932),29,12081.0,44.0,TRUE
2021,LAKESHORE,AAC CAMERON VB <CANTERRA>,,,,FALSE
2021,LAKESHORE,AAC REDBERRY,3,770.0,46.8,TRUE
2021,LAKESHORE,AAC STARBUCK <SECAN>,3,1631.0,48.3,TRUE
2021,LAKESHORE,AAC TISDALE (PT250),6,1292.0,35.7,TRUE
2021,LAKESHORE,AAC VIEWFIELD <FP GENETICS>|BW965| EXP,5,1911.0,41.0,TRUE
2021,LAKESHORE,AAC WHEATLAND <SECAN>,,,,FALSE
2021,LAKESHORE,BOLLES <SEED DEPOT>,3,748.0,46.8,TRUE
2021,LAKESHORE,CARDALE (BW429),,,,FALSE
2021,LAKESHORE,CDC STANLEY (BW880),,,,FALSE
2021,LAKESHORE,GLENN,,,,FALSE
2021,LORNE,AAC BRANDON (BW 932),98,30531.0,62.1,TRUE
2021,LORNE,AAC ELIE(BW931),3,621.0,53.9,TRUE
2021,LORNE,AAC LEROY VB <ALLIANCE>,,,,FALSE
2021,LORNE,AAC REDBERRY,,,,FALSE
2021,LORNE,AAC STARBUCK <SECAN>,34,5831.0,64.4,TRUE
2021,LORNE,AAC TISDALE (PT250),5,705.0,44.9,TRUE
2021,LORNE,AAC WHEATLAND <SECAN>,,,,FALSE
2021,LORNE,CARDALE (BW429),6,2279.0,58.8,TRUE
2021,LORNE,CDC LANDMARK,,,,FALSE
2021,LORNE,CDC SKRUSH |PT599|,,,,FALSE
2021,LORNE,CDC TITANIUM <PROVEN>,,,,FALSE
2021,LORNE,CDC VR MORRIS (BW423),,,,FALSE
2021,LORNE,HARVEST (BW259),,,,FALSE
2021,LORNE,SY GABBRO <SYNGENTA>,,,,FALSE
2021,LORNE,SY TORACH <SYNGENTA>,,,,FALSE
2021,LOUISE,AAC BRANDON (BW 932),88,39614.4,61.5,TRUE
2021,LOUISE,AAC ELIE(BW931),3,670.0,63.6,TRUE
2021,LOUISE,AAC LEROY VB <ALLIANCE>,,,,FALSE
2021,LOUISE,AAC REDBERRY,4,861.0,55.7,TRUE
2021,LOUISE,AAC STARBUCK <SECAN>,43,9589.0,64.0,TRUE
2021,LOUISE,AAC TISDALE (PT250),,,,FALSE
2021,LOUISE,AAC WHEATLAND <SECAN>,4,785.8,60.3,TRUE
2021,LOUISE,BOLLES <SEED DEPOT>,,,,FALSE
2021,LOUISE,CDC HUGHES <CPSC> |PT588|,,,,FALSE
2021,LOUISE,SY BRAWN,,,,FALSE
2021,LOUISE,SY CAST,,,,FALSE
2021,LOUISE,SY GABBRO <SYNGENTA>,,,,FALSE
2021,MACDONALD,AAC BRANDON (BW 932),91,37660.0,35.5,TRUE
2021,MACDONALD,AAC ELIE(BW931),,,,FALSE
2021,MACDONALD,AAC HOCKLEY |BW5044|,,,,FALSE
2021,MACDONALD,AAC HODGE |BW1069|,,,,FALSE
2021,MACDONALD,AAC STARBUCK <SECAN>,49,13846.0,35.6,TRUE
2021,MACDONALD,AAC TISDALE (PT250),,,,FALSE
2021,MACDONALD,AAC VIEWFIELD <FP GENETICS>|BW965| EXP,13,4684.0,34.8,TRUE
2021,MACDONALD,AC DOMAIN (BW 148),,,,FALSE
2021,MACDONALD,CS DAYBREAK <CANTERRA>,3,786.0,39.7,TRUE
2021,MACDONALD,SY GABBRO <SYNGENTA>,7,1060.0,36.3,TRUE
2021,MACDONALD,SY TORACH <SYNGENTA>,,,,FALSE
2021,MCCREARY,AAC BRANDON (BW 932),16,6878.0,39.7,TRUE
2021,MCCREARY,AAC STARBUCK <SECAN>,,,,FALSE
2021,MCCREARY,AAC TISDALE (PT250),6,1036.0,31.1,TRUE
2021,MCCREARY,AAC VIEWFIELD <FP GENETICS>|BW965| EXP,,,,FALSE
2021,MCCREARY,CDC PLENTIFUL (PT580),,,,FALSE
2021,MCCREARY,GLENN,,,,FALSE
2021,MCCREARY,SY GABBRO <SYNGENTA>,,,,FALSE
2021,MINITONAS-BOWSMAN,AAC BRANDON (BW 932),10,3653.0,61.6,TRUE
2021,MINITONAS-BOWSMAN,AAC CONNERY |PT245|,,,,FALSE
2021,MINITONAS-BOWSMAN,AAC LEROY VB <ALLIANCE>,,,,FALSE
2021,MINITONAS-BOWSMAN,AAC REDBERRY,4,1264.0,55.8,TRUE
2021,MINITONAS-BOWSMAN,AAC TISDALE (PT250),7,1976.0,47.3,TRUE
2021,MINITONAS-BOWSMAN,AAC VIEWFIELD <FP GENETICS>|BW965| EXP,69,32091.0,59.9,TRUE
2021,MINITONAS-BOWSMAN,AAC WHEATLAND <SECAN>,4,592.0,77.8,TRUE
2021,MINITONAS-BOWSMAN,BOLLES <SEED DEPOT>,,,,FALSE
2021,MINITONAS-BOWSMAN,CARBERRY (BW874),,,,FALSE
2021,MINITONAS-BOWSMAN,CARDALE (BW429),8,3489.0,56.8,TRUE
2021,MINITONAS-BOWSMAN,CDC LANDMARK,,,,FALSE
2021,MINITONAS-BOWSMAN,CDC PLENTIFUL (PT580),,,,FALSE
2021,MINITONAS-BOWSMAN,SY GABBRO <SYNGENTA>,,,,FALSE
2021,MINTO-ODANAH,AAC BRANDON (BW 932),42,16938.3,59.2,TRUE
2021,MINTO-ODANAH,AAC CAMERON VB <CANTERRA>,,,,FALSE
2021,MINTO-ODANAH,AAC LEROY VB <ALLIANCE>,,,,FALSE
2021,MINTO-ODANAH,AAC REDBERRY,6,1257.0,56.1,TRUE
2021,MINTO-ODANAH,AAC REDSTAR <SECAN> |PT488|,,,,FALSE
2021,MINTO-ODANAH,AAC STARBUCK <SECAN>,10,3093.0,66.2,TRUE
2021,MINTO-ODANAH,AAC VIEWFIELD <FP GENETICS>|BW965| EXP,3,1195.0,61.3,TRUE
2021,MINTO-ODANAH,AAC WHEATLAND <SECAN>,7,2326.0,69.5,TRUE
2021,MINTO-ODANAH,BOLLES <SEED DEPOT>,9,2464.0,60.3,TRUE
2021,MINTO-ODANAH,SY GABBRO <SYNGENTA>,,,,FALSE
2021,MONTCALM,AAC BRANDON (BW 932),40,11694.0,66.3,TRUE
2021,MONTCALM,AAC ELIE(BW931),,,,FALSE
2021,MONTCALM,AAC STARBUCK <SECAN>,18,4157.0,61.8,TRUE
2021,MONTCALM,AAC TISDALE (PT250),,,,FALSE
2021,MONTCALM,AAC VIEWFIELD <FP GENETICS>|BW965| EXP,,,,FALSE
2021,MONTCALM,CS DAYBREAK <CANTERRA>,,,,FALSE
2021,MONTCALM,SHELLY,,,,FALSE
2021,MORRIS,AAC BRANDON (BW 932),84,25388.0,52.2,TRUE
2021,MORRIS,AAC ELIE(BW931),,,,FALSE
2021,MORRIS,AAC STARBUCK <SECAN>,37,9076.0,56.3,TRUE
2021,MORRIS,AAC TISDALE (PT250),,,,FALSE
2021,MORRIS,AAC VIEWFIELD <FP GENETICS>|BW965| EXP,12,4456.0,58.8,TRUE
2021,MORRIS,AAC WHEATLAND <SECAN>,,,,FALSE
2021,MORRIS,CARDALE (BW429),4,1320.0,55.3,TRUE
2021,MORRIS,CS DAYBREAK <CANTERRA>,5,1557.0,58.3,TRUE
2021,MORRIS,SY CAST,,,,FALSE
2021,MORRIS,SY GABBRO <SYNGENTA>,4,1468.0,25.9,TRUE
2021,MOSSEY RIVER,AAC BRANDON (BW 932),4,1402.0,54.1,TRUE
2021,MOSSEY RIVER,AAC LEROY VB <ALLIANCE>,,,,FALSE
2021,MOSSEY RIVER,AAC REDBERRY,,,,FALSE
2021,MOSSEY RIVER,AAC TISDALE (PT250),,,,FALSE
2021,MOSSEY RIVER,AAC VIEWFIELD <FP GENETICS>|BW965| EXP,4,2356.0,49.5,TRUE
2021,MOSSEY RIVER,CARDALE (BW429),5,1548.0,52.0,TRUE
2021,MOSSEY RIVER,CDC ORTONA <PROVEN>,,,,FALSE
2021,MOSSEY RIVER,CDC STANLEY (BW880),,,,FALSE
2021,MOUNTAIN,AAC BRANDON (BW 932),3,2055.0,50.9,TRUE
2021,MOUNTAIN,AAC ELIE(BW931),,,,FALSE
2021,MOUNTAIN,AAC REDBERRY,,,,FALSE
2021,MOUNTAIN,AAC TISDALE (PT250),,,,FALSE
2021,MOUNTAIN,AAC VIEWFIELD <FP GENETICS>|BW965| EXP,19,11501.0,62.8,TRUE
2021,MOUNTAIN,AAC WHEATLAND <SECAN>,,,,FALSE
2021,MOUNTAIN,AC INTREPID (BW 693),,,,FALSE
2021,MOUNTAIN,CARBERRY (BW874),,,,FALSE
2021,MOUNTAIN,CARDALE (BW429),6,3006.0,60.7,TRUE
2021,MOUNTAIN,CDC GO (BW781),,,,FALSE
2021,MOUNTAIN,CDC IMAGINE (BW758)(IMI),,,,FALSE
2021,MOUNTAIN,CDC LANDMARK,,,,FALSE
2021,MOUNTAIN,CDC ORTONA <PROVEN>,,,,FALSE
2021,MOUNTAIN,CDC PLENTIFUL (PT580),,,,FALSE
2021,MOUNTAIN,CDC STANLEY (BW880),,,,FALSE
2021,MOUNTAIN,CDC VR MORRIS (BW423),,,,FALSE
2021,MOUNTAIN,SUPERB (BW252),,,,FALSE
2021,NORFOLK-TREHERNE,AAC BRANDON (BW 932),41,13993.3,62.2,TRUE
2021,NORFOLK-TREHERNE,AAC ELIE(BW931),,,,FALSE
2021,NORFOLK-TREHERNE,AAC STARBUCK <SECAN>,8,1633.0,65.7,TRUE
2021,NORFOLK-TREHERNE,AAC TISDALE (PT250),5,949.0,55.0,TRUE
2021,NORFOLK-TREHERNE,AAC WHEATLAND <SECAN>,3,879.0,67.7,TRUE
2021,NORFOLK-TREHERNE,HARVEST (BW259),,,,FALSE
2021,NORFOLK-TREHERNE,SY TORACH <SYNGENTA>,3,640.0,73.1,TRUE
2021,NORTH CYPRESS-LANGFORD,AAC BRANDON (BW 932),72,41348.8,48.7,TRUE
2021,NORTH CYPRESS-LANGFORD,AAC ELIE(BW931),,,,FALSE
2021,NORTH CYPRESS-LANGFORD,AAC REDBERRY,3,2112.0,57.8,TRUE
2021,NORTH CYPRESS-LANGFORD,AAC STARBUCK <SECAN>,14,3841.4,47.2,TRUE
2021,NORTH CYPRESS-LANGFORD,AAC VIEWFIELD <FP GENETICS>|BW965| EXP,3,853.0,32.0,TRUE
2021,NORTH CYPRESS-LANGFORD,AAC WHEATLAND <SECAN>,,,,FALSE
2021,NORTH CYPRESS-LANGFORD,BOLLES <SEED DEPOT>,3,1072.0,43.3,TRUE
2021,NORTH CYPRESS-LANGFORD,CARBERRY (BW874),,,,FALSE
2021,NORTH CYPRESS-LANGFORD,CARDALE (BW429),,,,FALSE
2021,NORTH CYPRESS-LANGFORD,CDC STANLEY (BW880),,,,FALSE
2021,NORTH CYPRESS-LANGFORD,CS DAYBREAK <CANTERRA>,,,,FALSE
2021,NORTH NORFOLK,AAC BRANDON (BW 932),36,12366.0,43.2,TRUE
2021,NORTH NORFOLK,AAC CAMERON VB <CANTERRA>,,,,FALSE
2021,NORTH NORFOLK,AAC ELIE(BW931),6,1632.0,38.4,TRUE
2021,NORTH NORFOLK,AAC REDBERRY,,,,FALSE
2021,NORTH NORFOLK,AAC STARBUCK <SECAN>,6,2389.0,47.6,TRUE
2021,NORTH NORFOLK,BOLLES <SEED DEPOT>,8,4571.0,42.5,TRUE
2021,NORTH NORFOLK,CARDALE (BW429),8,1333.0,34.1,TRUE
2021,NORTH NORFOLK,SY TORACH <SYNGENTA>,,,,FALSE
2021,OAKLAND-WAWANESA,5605HR CL (BW918),,,,FALSE
2021,OAKLAND-WAWANESA,AAC BRANDON (BW 932),29,11725.0,58.2,TRUE
2021,OAKLAND-WAWANESA,AAC CAMERON VB <CANTERRA>,5,535.0,46.4,TRUE
2021,OAKLAND-WAWANESA,AAC ELIE(BW931),,,,FALSE
2021,OAKLAND-WAWANESA,AAC STARBUCK <SECAN>,15,2533.0,52.1,TRUE
2021,OAKLAND-WAWANESA,AAC TISDALE (PT250),,,,FALSE
2021,OAKLAND-WAWANESA,AAC VIEWFIELD <FP GENETICS>|BW965| EXP,,,,FALSE
2021,OAKLAND-WAWANESA,AAC WHEATLAND <SECAN>,10,3845.0,54.0,TRUE
2021,OAKLAND-WAWANESA,AC BARRIE (BW 661),,,,FALSE
2021,OAKLAND-WAWANESA,BOLLES <SEED DEPOT>,,,,FALSE
2021,OAKLAND-WAWANESA,CARDALE (BW429),,,,FALSE
2021,OAKVIEW,AAC ALIDA (BW980),5,1231.0,57.0,TRUE
2021,OAKVIEW,AAC BRANDON (BW 932),43,16387.9,60.3,TRUE
2021,OAKVIEW,AAC ELIE(BW931),,,,FALSE
2021,OAKVIEW,AAC LEROY VB <ALLIANCE>,,,,FALSE
2021,OAKVIEW,AAC REDBERRY,17,3746.0,56.7,TRUE
2021,OAKVIEW,AAC STARBUCK <SECAN>,32,9142.0,59.6,TRUE
2021,OAKVIEW,AAC VIEWFIELD <FP GENETICS>|BW965| EXP,3,871.0,51.4,TRUE
2021,OAKVIEW,AAC WHEATLAND <SECAN>,14,6047.0,51.6,TRUE
2021,OAKVIEW,BOLLES <SEED DEPOT>,6,1017.0,63.5,TRUE
2021,OAKVIEW,CDC HUGHES <CPSC> |PT588|,,,,FALSE
2021,OAKVIEW,CDC LANDMARK,4,1328.0,61.2,TRUE
2021,OAKVIEW,CDC UTMOST (BW 883),,,,FALSE
2021,OAKVIEW,GLENN,,,,FALSE
2021,OAKVIEW,SY TORACH <SYNGENTA>,,,,FALSE
2021,PEMBINA,AAC BRANDON (BW 932),96,32280.0,52.2,TRUE
2021,PEMBINA,AAC HOCKLEY |BW5044|,,,,FALSE
2021,PEMBINA,AAC LEROY VB <ALLIANCE>,,,,FALSE
2021,PEMBINA,AAC REDBERRY,,,,FALSE
2021,PEMBINA,AAC STARBUCK <SECAN>,21,4645.0,58.4,TRUE
2021,PEMBINA,AAC TISDALE (PT250),,,,FALSE
2021,PEMBINA,AAC WHEATLAND <SECAN>,5,1203.0,44.8,TRUE
2021,PEMBINA,BOLLES <SEED DEPOT>,,,,FALSE
2021,PEMBINA,CARBERRY (BW874),,,,FALSE
2021,PEMBINA,CARDALE (BW429),,,,FALSE
2021,PEMBINA,CDC HUGHES <CPSC> |PT588|,,,,FALSE
2021,PEMBINA,CDC LANDMARK,,,,FALSE
2021,PEMBINA,CS DAYBREAK <CANTERRA>,,,,FALSE
2021,PEMBINA,SY CAST,,,,FALSE
2021,PEMBINA,SY TORACH <SYNGENTA>,5,1007.0,55.8,TRUE
2021,PINEY,AAC BRANDON (BW 932),4,1326.0,58.1,TRUE
2021,PIPESTONE,AAC BRANDON (BW 932),59,32551.0,41.8,TRUE
2021,PIPESTONE,AAC CAMERON VB <CANTERRA>,,,,FALSE
2021,PIPESTONE,AAC ELIE(BW931),4,3587.0,41.7,TRUE
2021,PIPESTONE,AAC LEROY VB <ALLIANCE>,,,,FALSE
2021,PIPESTONE,AAC REDBERRY,6,1031.0,37.2,TRUE
2021,PIPESTONE,AAC STARBUCK <SECAN>,8,1976.0,38.1,TRUE
2021,PIPESTONE,AAC TISDALE (PT250),3,999.0,38.5,TRUE
2021,PIPESTONE,AAC VIEWFIELD <FP GENETICS>|BW965| EXP,7,2119.0,36.6,TRUE
2021,PIPESTONE,AAC WHEATLAND <SECAN>,8,4606.0,45.0,TRUE
2021,PIPESTONE,BOLLES <SEED DEPOT>,,,,FALSE
2021,PIPESTONE,CARBERRY (BW874),,,,FALSE
2021,PIPESTONE,CARDALE (BW429),,,,FALSE
2021,PIPESTONE,CDC HUGHES <CPSC> |PT588|,,,,FALSE
2021,PIPESTONE,CDC LANDMARK,,,,FALSE
2021,PORTAGE LA PRAIRIE,AAC BRANDON (BW 932),106,52284.0,55.5,TRUE
2021,PORTAGE LA PRAIRIE,AAC ELIE(BW931),,,,FALSE
2021,PORTAGE LA PRAIRIE,AAC REDWATER (PT457),,,,FALSE
2021,PORTAGE LA PRAIRIE,AAC STARBUCK <SECAN>,35,13351.0,59.2,TRUE
2021,PORTAGE LA PRAIRIE,BOLLES <SEED DEPOT>,8,2256.0,42.8,TRUE
2021,PORTAGE LA PRAIRIE,CARBERRY (BW874),,,,FALSE
2021,PORTAGE LA PRAIRIE,CARDALE (BW429),,,,FALSE
2021,PORTAGE LA PRAIRIE,CDC SKRUSH |PT599|,,,,FALSE
2021,PORTAGE LA PRAIRIE,SY GABBRO <SYNGENTA>,,,,FALSE
2021,PRAIRIE LAKES,AAC BRANDON (BW 932),67,30677.0,55.8,TRUE
2021,PRAIRIE LAKES,AAC CAMERON VB <CANTERRA>,4,635.0,50.0,TRUE
2021,PRAIRIE LAKES,AAC ELIE(BW931),,,,FALSE
2021,PRAIRIE LAKES,AAC LEROY VB <ALLIANCE>,,,,FALSE
2021,PRAIRIE LAKES,AAC REDBERRY,,,,FALSE
2021,PRAIRIE LAKES,AAC STARBUCK <SECAN>,10,2028.0,54.7,TRUE
2021,PRAIRIE LAKES,AAC VIEWFIELD <FP GENETICS>|BW965| EXP,,,,FALSE
2021,PRAIRIE LAKES,AAC WHEATLAND <SECAN>,18,4254.0,56.1,TRUE
2021,PRAIRIE LAKES,BOLLES <SEED DEPOT>,4,1100.0,41.3,TRUE
2021,PRAIRIE LAKES,CARDALE (BW429),,,,FALSE
2021,PRAIRIE LAKES,GLENN,,,,FALSE
2021,PRAIRIE LAKES,SY TORACH <SYNGENTA>,,,,FALSE
2021,PRAIRIE VIEW,AAC BRANDON (BW 932),41,12184.0,46.0,TRUE
2021,PRAIRIE VIEW,AAC CAMERON VB <CANTERRA>,3,1118.0,70.3,TRUE
2021,PRAIRIE VIEW,AAC LEROY VB <ALLIANCE>,3,560.0,55.3,TRUE
2021,PRAIRIE VIEW,AAC REDBERRY,29,13210.0,52.6,TRUE
2021,PRAIRIE VIEW,AAC REDWATER (PT457),,,,FALSE
2021,PRAIRIE VIEW,AAC STARBUCK <SECAN>,26,12525.0,58.8,TRUE
2021,PRAIRIE VIEW,AAC VIEWFIELD <FP GENETICS>|BW965| EXP,,,,FALSE
2021,PRAIRIE VIEW,AAC WHEATLAND <SECAN>,40,16251.0,58.1,TRUE
2021,PRAIRIE VIEW,BOLLES <SEED DEPOT>,28,13441.0,53.4,TRUE
2021,PRAIRIE VIEW,CDC LANDMARK,6,2284.0,57.9,TRUE
2021,PRAIRIE VIEW,GLENN,,,,FALSE
2021,PRAIRIE VIEW,SY GABBRO <SYNGENTA>,,,,FALSE
2021,REYNOLDS,AAC BRANDON (BW 932),,,,FALSE
2021,REYNOLDS,AAC STARBUCK <SECAN>,,,,FALSE
2021,REYNOLDS,AAC VIEWFIELD <FP GENETICS>|BW965| EXP,,,,FALSE
2021,RHINELAND,AAC BRANDON (BW 932),77,11634.0,57.0,TRUE
2021,RHINELAND,AAC STARBUCK <SECAN>,38,7832.0,63.2,TRUE
2021,RHINELAND,AAC WHEATLAND <SECAN>,10,1758.0,71.5,TRUE
2021,RHINELAND,BOLLES <SEED DEPOT>,,,,FALSE
2021,RHINELAND,CARBERRY (BW874),,,,FALSE
2021,RHINELAND,CARDALE (BW429),,,,FALSE
2021,RHINELAND,SHELLY,,,,FALSE
2021,RHINELAND,SY CAST,,,,FALSE
2021,RIDING MOUNTAIN WEST,AAC ALIDA (BW980),,,,FALSE
2021,RIDING MOUNTAIN WEST,AAC BRANDON (BW 932),26,11964.0,61.0,TRUE
2021,RIDING MOUNTAIN WEST,AAC ELIE(BW931),5,1765.0,46.6,TRUE
2021,RIDING MOUNTAIN WEST,AAC LEROY VB <ALLIANCE>,4,1030.0,63.8,TRUE
2021,RIDING MOUNTAIN WEST,"AAC MAGNET |BW 1045, BJ14*A01135|",,,,FALSE
2021,RIDING MOUNTAIN WEST,AAC REDBERRY,17,3690.0,57.6,TRUE
2021,RIDING MOUNTAIN WEST,AAC REDWATER (PT457),,,,FALSE
2021,RIDING MOUNTAIN WEST,AAC STARBUCK <SECAN>,15,5795.0,62.2,TRUE
2021,RIDING MOUNTAIN WEST,AAC TISDALE (PT250),,,,FALSE
2021,RIDING MOUNTAIN WEST,AAC VIEWFIELD <FP GENETICS>|BW965| EXP,16,6526.0,67.3,TRUE
2021,RIDING MOUNTAIN WEST,AAC WHEATLAND <SECAN>,13,5522.0,59.6,TRUE
2021,RIDING MOUNTAIN WEST,BOLLES <SEED DEPOT>,29,12586.0,57.6,TRUE
2021,RIDING MOUNTAIN WEST,CARBERRY (BW874),,,,FALSE
2021,RIDING MOUNTAIN WEST,CDC BRADWELL <SECAN> |BW472|,,,,FALSE
2021,RIDING MOUNTAIN WEST,CDC LANDMARK,19,10037.0,58.1,TRUE
2021,RIDING MOUNTAIN WEST,CDC ORTONA <PROVEN>,,,,FALSE
2021,RIDING MOUNTAIN WEST,GLENN,,,,FALSE
2021,RIDING MOUNTAIN WEST,SY GABBRO <SYNGENTA>,,,,FALSE
2021,RITCHOT,AAC BRANDON (BW 932),26,7564.1,51.4,TRUE
2021,RITCHOT,AAC ELIE(BW931),,,,FALSE
2021,RITCHOT,AAC STARBUCK <SECAN>,10,2239.0,51.7,TRUE
2021,RITCHOT,AAC TISDALE (PT250),,,,FALSE
2021,RITCHOT,AAC VIEWFIELD <FP GENETICS>|BW965| EXP,,,,FALSE
2021,RITCHOT,CARDALE (BW429),,,,FALSE
2021,RITCHOT,CS DAYBREAK <CANTERRA>,,,,FALSE
2021,RITCHOT,SY GABBRO <SYNGENTA>,,,,FALSE
2021,RIVERDALE,AAC ALIDA (BW980),,,,FALSE
2021,RIVERDALE,AAC BRANDON (BW 932),40,15023.0,51.6,TRUE
2021,RIVERDALE,AAC CAMERON VB <CANTERRA>,,,,FALSE
2021,RIVERDALE,AAC STARBUCK <SECAN>,12,3139.0,58.6,TRUE
2021,RIVERDALE,AAC WHEATLAND <SECAN>,,,,FALSE
2021,RIVERDALE,BOLLES <SEED DEPOT>,,,,FALSE
2021,ROCKWOOD,AAC BRANDON (BW 932),54,17685.1,33.3,TRUE
2021,ROCKWOOD,AAC ELIE(BW931),3,926.0,41.0,TRUE
2021,ROCKWOOD,AAC LEROY VB <ALLIANCE>,3,810.0,29.8,TRUE
2021,ROCKWOOD,AAC STARBUCK <SECAN>,30,7950.0,33.2,TRUE
2021,ROCKWOOD,AAC VIEWFIELD <FP GENETICS>|BW965| EXP,,,,FALSE
2021,ROCKWOOD,BOLLES <SEED DEPOT>,7,2880.0,31.0,TRUE
2021,ROCKWOOD,CARDALE (BW429),,,,FALSE
2021,ROCKWOOD,CDC HUGHES <CPSC> |PT588|,,,,FALSE
2021,ROCKWOOD,SY CAST,,,,FALSE
2021,ROCKWOOD,SY TORACH <SYNGENTA>,,,,FALSE
2021,ROLAND,AAC BRANDON (BW 932),41,11169.0,38.7,TRUE
2021,ROLAND,AAC STARBUCK <SECAN>,24,4404.0,38.6,TRUE
2021,ROLAND,AAC VIEWFIELD <FP GENETICS>|BW965| EXP,,,,FALSE
2021,ROLAND,BOLLES <SEED DEPOT>,,,,FALSE
2021,ROLAND,CARDALE (BW429),7,1681.0,33.9,TRUE
2021,ROLAND,CS DAYBREAK <CANTERRA>,,,,FALSE
2021,ROLAND,SY CAST,,,,FALSE
2021,ROLAND,SY TORACH <SYNGENTA>,,,,FALSE
2021,ROSEDALE,AAC BRANDON (BW 932),25,9404.0,44.2,TRUE
2021,ROSEDALE,AAC ELIE(BW931),3,1485.0,41.8,TRUE
2021,ROSEDALE,AAC REDBERRY,5,2485.1,42.6,TRUE
2021,ROSEDALE,AAC REDWATER (PT457),,,,FALSE
2021,ROSEDALE,AAC STARBUCK <SECAN>,,,,FALSE
2021,ROSEDALE,AAC TISDALE (PT250),,,,FALSE
2021,ROSEDALE,AAC VIEWFIELD <FP GENETICS>|BW965| EXP,4,699.0,60.0,TRUE
2021,ROSEDALE,AAC WHEATLAND <SECAN>,,,,FALSE
2021,ROSEDALE,AC BARRIE (BW 661),,,,FALSE
2021,ROSEDALE,BOLLES <SEED DEPOT>,7,3083.0,38.7,TRUE
2021,ROSEDALE,CARBERRY (BW874),,,,FALSE
2021,ROSEDALE,CDC PLENTIFUL (PT580),,,,FALSE
2021,ROSEDALE,MCKENZIE (BW 205),,,,FALSE
2021,ROSEDALE,WASKADA (BW 357),,,,FALSE
2021,ROSSBURN,AAC BRANDON (BW 932),20,8742.0,60.1,TRUE
2021,ROSSBURN,AAC CAMERON VB <CANTERRA>,,,,FALSE
2021,ROSSBURN,AAC LEROY VB <ALLIANCE>,3,563.0,52.2,TRUE
2021,ROSSBURN,AAC REDBERRY,12,2392.0,62.3,TRUE
2021,ROSSBURN,AAC STARBUCK <SECAN>,8,1838.0,52.9,TRUE
2021,ROSSBURN,AAC VIEWFIELD <FP GENETICS>|BW965| EXP,,,,FALSE
2021,ROSSBURN,AAC WHEATLAND <SECAN>,8,2287.0,62.4,TRUE
2021,ROSSBURN,BOLLES <SEED DEPOT>,16,3453.0,54.7,TRUE
2021,ROSSBURN,CARBERRY (BW874),,,,FALSE
2021,ROSSBURN,CDC VR MORRIS (BW423),,,,FALSE
2021,ROSSBURN,GLENN,,,,FALSE
2021,ROSSBURN,SY GABBRO <SYNGENTA>,3,1277.0,49.2,TRUE
2021,ROSSER,AAC BRANDON (BW 932),22,6615.0,39.8,TRUE
2021,ROSSER,AAC ELIE(BW931),4,712.0,38.8,TRUE
2021,ROSSER,AAC LEROY VB <ALLIANCE>,,,,FALSE
2021,ROSSER,AAC STARBUCK <SECAN>,19,6540.0,43.0,TRUE
2021,ROSSER,AAC VIEWFIELD <FP GENETICS>|BW965| EXP,4,2824.0,42.0,TRUE
2021,ROSSER,BOLLES <SEED DEPOT>,,,,FALSE
2021,ROSSER,CARBERRY (BW874),,,,FALSE
2021,ROSSER,CARDALE (BW429),,,,FALSE
2021,ROSSER,SY TORACH <SYNGENTA>,,,,FALSE
2021,RUSSELL-BINSCARTH,AAC ALIDA (BW980),,,,FALSE
2021,RUSSELL-BINSCARTH,AAC BRANDON (BW 932),5,3562.0,61.0,TRUE
2021,RUSSELL-BINSCARTH,AAC CAMERON VB <CANTERRA>,,,,FALSE
2021,RUSSELL-BINSCARTH,AAC ELIE(BW931),,,,FALSE
2021,RUSSELL-BINSCARTH,AAC HOCKLEY |BW5044|,,,,FALSE
2021,RUSSELL-BINSCARTH,AAC HODGE |BW1069|,,,,FALSE
2021,RUSSELL-BINSCARTH,AAC LEROY VB <ALLIANCE>,,,,FALSE
2021,RUSSELL-BINSCARTH,AAC REDBERRY,6,2067.0,58.6,TRUE
2021,RUSSELL-BINSCARTH,AAC REDWATER (PT457),,,,FALSE
2021,RUSSELL-BINSCARTH,AAC STARBUCK <SECAN>,9,4435.0,59.0,TRUE
2021,RUSSELL-BINSCARTH,AAC VIEWFIELD <FP GENETICS>|BW965| EXP,,,,FALSE
2021,RUSSELL-BINSCARTH,AAC WHEATLAND <SECAN>,8,2335.0,66.2,TRUE
2021,RUSSELL-BINSCARTH,BOLLES <SEED DEPOT>,,,,FALSE
2021,RUSSELL-BINSCARTH,CARDALE (BW429),,,,FALSE
2021,RUSSELL-BINSCARTH,CDC LANDMARK,5,1561.0,61.6,TRUE
2021,RUSSELL-BINSCARTH,CDC PLENTIFUL (PT580),,,,FALSE
2021,RUSSELL-BINSCARTH,GLENN,,,,FALSE
2021,SIFTON,AAC BRANDON (BW 932),12,3423.0,40.9,TRUE
2021,SIFTON,AAC CAMERON VB <CANTERRA>,,,,FALSE
2021,SIFTON,AAC TISDALE (PT250),,,,FALSE
2021,SIFTON,AAC WHEATLAND <SECAN>,3,608.0,44.7,TRUE
2021,SOURIS-GLENWOOD,AAC ALIDA (BW980),,,,FALSE
2021,SOURIS-GLENWOOD,AAC BRANDON (BW 932),26,12408.0,57.6,TRUE
2021,SOURIS-GLENWOOD,AAC CAMERON VB <CANTERRA>,,,,FALSE
2021,SOURIS-GLENWOOD,AAC ELIE(BW931),,,,FALSE
2021,SOURIS-GLENWOOD,AAC HOCKLEY |BW5044|,,,,FALSE
2021,SOURIS-GLENWOOD,"AAC MAGNET |BW 1045, BJ14*A01135|",,,,FALSE
2021,SOURIS-GLENWOOD,AAC STARBUCK <SECAN>,5,680.0,62.8,TRUE
2021,SOURIS-GLENWOOD,AAC TISDALE (PT250),3,950.0,56.4,TRUE
2021,SOURIS-GLENWOOD,AAC WHEATLAND <SECAN>,5,1020.0,73.4,TRUE
2021,SOURIS-GLENWOOD,CARDALE (BW429),,,,FALSE
2021,SOURIS-GLENWOOD,SY CAST,,,,FALSE
2021,SPRINGFIELD,AAC BRANDON (BW 932),34,10065.0,46.5,TRUE
2021,SPRINGFIELD,AAC ELIE(BW931),,,,FALSE
2021,SPRINGFIELD,AAC LEROY VB <ALLIANCE>,,,,FALSE
2021,SPRINGFIELD,AAC REDBERRY,,,,FALSE
2021,SPRINGFIELD,AAC STARBUCK <SECAN>,7,2977.0,44.2,TRUE
2021,SPRINGFIELD,AAC TISDALE (PT250),,,,FALSE
2021,SPRINGFIELD,AAC VIEWFIELD <FP GENETICS>|BW965| EXP,4,1021.0,44.8,TRUE
2021,SPRINGFIELD,BOLLES <SEED DEPOT>,8,1499.0,49.4,TRUE
2021,SPRINGFIELD,CDC ORTONA <PROVEN>,,,,FALSE
2021,SPRINGFIELD,CS DAYBREAK <CANTERRA>,8,1089.0,47.2,TRUE
2021,SPRINGFIELD,SHELLY,,,,FALSE
2021,SPRINGFIELD,SY GABBRO <SYNGENTA>,,,,FALSE
2021,ST. ANDREWS,AAC BRANDON (BW 932),21,9784.0,46.6,TRUE
2021,ST. ANDREWS,AAC ELIE(BW931),9,2805.0,45.0,TRUE
2021,ST. ANDREWS,AAC LEROY VB <ALLIANCE>,3,1223.0,39.3,TRUE
2021,ST. ANDREWS,AAC REDBERRY,3,714.0,35.7,TRUE
2021,ST. ANDREWS,AAC STARBUCK <SECAN>,12,4953.0,51.8,TRUE
2021,ST. ANDREWS,AAC VIEWFIELD <FP GENETICS>|BW965| EXP,,,,FALSE
2021,ST. ANDREWS,BOLLES <SEED DEPOT>,8,1908.0,36.7,TRUE
2021,ST. ANDREWS,CARDALE (BW429),3,1355.0,46.4,TRUE
2021,ST. ANDREWS,CS DAYBREAK <CANTERRA>,,,,FALSE
2021,ST. ANDREWS,GLENN,,,,FALSE
2021,ST. ANDREWS,SY GABBRO <SYNGENTA>,,,,FALSE
2021,ST. ANDREWS,SY TORACH <SYNGENTA>,4,1009.0,15.7,TRUE
2021,ST. CLEMENTS,AAC BRANDON (BW 932),21,6822.0,54.2,TRUE
2021,ST. CLEMENTS,AAC ELIE(BW931),3,1079.0,65.9,TRUE
2021,ST. CLEMENTS,AAC LEROY VB <ALLIANCE>,,,,FALSE
2021,ST. CLEMENTS,AAC STARBUCK <SECAN>,,,,FALSE
2021,ST. CLEMENTS,AAC VIEWFIELD <FP GENETICS>|BW965| EXP,9,2400.0,71.2,TRUE
2021,ST. CLEMENTS,CDC ORTONA <PROVEN>,,,,FALSE
2021,ST. CLEMENTS,GLENN,,,,FALSE
2021,ST. CLEMENTS,KANE (BW342),,,,FALSE
2021,ST. FRANCIS XAVIER,AAC BRANDON (BW 932),10,6152.0,49.9,TRUE
2021,ST. FRANCIS XAVIER,AAC LEROY VB <ALLIANCE>,,,,FALSE
2021,ST. FRANCIS XAVIER,AAC STARBUCK <SECAN>,9,2986.0,57.1,TRUE
2021,ST. FRANCIS XAVIER,AAC VIEWFIELD <FP GENETICS>|BW965| EXP,,,,FALSE
2021,ST. LAURENT,AAC BRANDON (BW 932),,,,FALSE
2021,STANLEY,AAC BRANDON (BW 932),70,13804.0,38.3,TRUE
2021,STANLEY,AAC ELIE(BW931),6,1590.0,29.5,TRUE
2021,STANLEY,AAC STARBUCK <SECAN>,24,4050.0,37.3,TRUE
2021,STANLEY,AAC TISDALE (PT250),,,,FALSE
2021,STANLEY,AAC WHEATLAND <SECAN>,,,,FALSE
2021,STANLEY,BOLLES <SEED DEPOT>,,,,FALSE
2021,STANLEY,CARDALE (BW429),4,590.0,31.8,TRUE
2021,STANLEY,SHELLY,,,,FALSE
2021,STANLEY,SY CAST,5,520.0,38.3,TRUE
2021,STE. ANNE,AAC BRANDON (BW 932),19,3468.0,62.6,TRUE
2021,STE. ANNE,AAC STARBUCK <SECAN>,,,,FALSE
2021,STE. ANNE,AAC VIEWFIELD <FP GENETICS>|BW965| EXP,,,,FALSE
2021,STE. ANNE,AC BARRIE (BW 661),,,,FALSE
2021,STE. ANNE,CARDALE (BW429),,,,FALSE
2021,STE. ROSE,5605HR CL (BW918),,,,FALSE
2021,STE. ROSE,AAC BRANDON (BW 932),13,7656.0,49.4,TRUE
2021,STE. ROSE,AAC CAMERON VB <CANTERRA>,,,,FALSE
2021,STE. ROSE,AAC STARBUCK <SECAN>,,,,FALSE
2021,STE. ROSE,AAC TISDALE (PT250),4,1101.0,33.6,TRUE
2021,STE. ROSE,AAC VIEWFIELD <FP GENETICS>|BW965| EXP,5,1656.0,48.4,TRUE
2021,STE. ROSE,BOLLES <SEED DEPOT>,5,1208.0,45.4,TRUE
2021,STE. ROSE,CARDALE (BW429),,,,FALSE
2021,STUARTBURN,AAC BRANDON (BW 932),,,,FALSE
2021,SWAN VALLEY WEST,AAC BRANDON (BW 932),10,3638.0,56.7,TRUE
2021,SWAN VALLEY WEST,AAC CONNERY |PT245|,,,,FALSE
2021,SWAN VALLEY WEST,AAC HOCKLEY |BW5044|,,,,FALSE
2021,SWAN VALLEY WEST,AAC HODGE |BW1069|,,,,FALSE
2021,SWAN VALLEY WEST,AAC REDBERRY,6,1627.0,34.3,TRUE
2021,SWAN VALLEY WEST,AAC REDSTAR <SECAN> |PT488|,,,,FALSE
2021,SWAN VALLEY WEST,AAC STARBUCK <SECAN>,3,775.0,57.0,TRUE
2021,SWAN VALLEY WEST,AAC TISDALE (PT250),10,2453.0,49.0,TRUE
2021,SWAN VALLEY WEST,AAC VIEWFIELD <FP GENETICS>|BW965| EXP,64,40212.0,57.5,TRUE
2021,SWAN VALLEY WEST,AAC WHEATLAND <SECAN>,24,9296.0,55.5,TRUE
2021,SWAN VALLEY WEST,AC DOMAIN (BW 148),,,,FALSE
2021,SWAN VALLEY WEST,BOLLES <SEED DEPOT>,7,1798.0,46.8,TRUE
2021,SWAN VALLEY WEST,CARDALE (BW429),,,,FALSE
2021,SWAN VALLEY WEST,CDC LANDMARK,6,856.0,48.7,TRUE
2021,SWAN VALLEY WEST,CDC PLENTIFUL (PT580),5,926.0,32.9,TRUE
2021,SWAN VALLEY WEST,CDC TITANIUM <PROVEN>,,,,FALSE
2021,SWAN VALLEY WEST,ELLERSLIE <PROVEN>,,,,FALSE
2021,SWAN VALLEY WEST,ELLERSLIE <SECAN>,,,,FALSE
2021,SWAN VALLEY WEST,SY GABBRO <SYNGENTA>,11,2505.0,54.7,TRUE
2021,TACHE,AAC BRANDON (BW 932),42,11448.0,59.1,TRUE
2021,TACHE,AAC ELIE(BW931),,,,FALSE
2021,TACHE,AAC LEROY VB <ALLIANCE>,,,,FALSE
2021,TACHE,AAC STARBUCK <SECAN>,,,,FALSE
2021,TACHE,AC BARRIE (BW 661),,,,FALSE
2021,TACHE,CDC STANLEY (BW880),,,,FALSE
2021,TACHE,SHELLY,,,,FALSE
2021,THOMPSON,AAC BRANDON (BW 932),42,12848.0,40.6,TRUE
2021,THOMPSON,AAC ELIE(BW931),,,,FALSE
2021,THOMPSON,AAC STARBUCK <SECAN>,13,2488.0,43.4,TRUE
2021,THOMPSON,BOLLES <SEED DEPOT>,,,,FALSE
2021,THOMPSON,CARBERRY (BW874),,,,FALSE
2021,THOMPSON,SY GABBRO <SYNGENTA>,,,,FALSE
2021,THOMPSON,SY TORACH <SYNGENTA>,,,,FALSE
2021,TWO BORDERS,AAC ALIDA (BW980),,,,FALSE
2021,TWO BORDERS,AAC BRANDON (BW 932),54,39733.5,40.0,TRUE
2021,TWO BORDERS,AAC ELIE(BW931),41,19200.0,39.5,TRUE
2021,TWO BORDERS,AAC LEROY VB <ALLIANCE>,3,1763.0,30.9,TRUE
2021,TWO BORDERS,AAC REDBERRY,8,2582.0,31.6,TRUE
2021,TWO BORDERS,AAC STARBUCK <SECAN>,13,3415.0,42.8,TRUE
2021,TWO BORDERS,AAC TISDALE (PT250),,,,FALSE
2021,TWO BORDERS,AAC VIEWFIELD <FP GENETICS>|BW965| EXP,3,1156.0,46.7,TRUE
2021,TWO BORDERS,AAC WHEATLAND <SECAN>,5,970.0,37.5,TRUE
2021,TWO BORDERS,BOLLES <SEED DEPOT>,,,,FALSE
2021,TWO BORDERS,CARBERRY (BW874),,,,FALSE
2021,TWO BORDERS,CARDALE (BW429),,,,FALSE
2021,TWO BORDERS,CDC HUGHES <CPSC> |PT588|,,,,FALSE
2021,TWO BORDERS,GLENN,,,,FALSE
2021,TWO BORDERS,SY TORACH <SYNGENTA>,6,3397.0,30.4,TRUE
2021,UNORG TERRITORY,AAC BRANDON (BW 932),,,,FALSE
2021,UNORG TERRITORY,AAC LEROY VB <ALLIANCE>,,,,FALSE
2021,UNORG TERRITORY,AAC REDBERRY,,,,FALSE
2021,UNORG TERRITORY,AAC STARBUCK <SECAN>,,,,FALSE
2021,UNORG TERRITORY,AAC VIEWFIELD <FP GENETICS>|BW965| EXP,,,,FALSE
2021,UNORG TERRITORY,CARBERRY (BW874),,,,FALSE
2021,VICTORIA,AAC BRANDON (BW 932),25,7272.0,47.1,TRUE
2021,VICTORIA,AAC ELIE(BW931),9,2126.0,51.2,TRUE
2021,VICTORIA,AAC LEROY VB <ALLIANCE>,,,,FALSE
2021,VICTORIA,AAC REDBERRY,,,,FALSE
2021,VICTORIA,AAC STARBUCK <SECAN>,11,1810.0,61.7,TRUE
2021,VICTORIA,AAC TISDALE (PT250),,,,FALSE
2021,VICTORIA,CARDALE (BW429),,,,FALSE
2021,VICTORIA,CDC TITANIUM <PROVEN>,,,,FALSE
2021,VICTORIA,SY TORACH <SYNGENTA>,,,,FALSE
2021,WALLACE-WOODWORTH,AAC BRANDON (BW 932),96,36886.0,45.0,TRUE
2021,WALLACE-WOODWORTH,AAC CAMERON VB <CANTERRA>,,,,FALSE
2021,WALLACE-WOODWORTH,AAC ELIE(BW931),,,,FALSE
2021,WALLACE-WOODWORTH,AAC LEROY VB <ALLIANCE>,,,,FALSE
2021,WALLACE-WOODWORTH,AAC REDBERRY,16,3354.0,40.2,TRUE
2021,WALLACE-WOODWORTH,AAC STARBUCK <SECAN>,31,8812.0,45.2,TRUE
2021,WALLACE-WOODWORTH,AAC TISDALE (PT250),9,2328.0,34.0,TRUE
2021,WALLACE-WOODWORTH,AAC VIEWFIELD <FP GENETICS>|BW965| EXP,5,2472.0,39.1,TRUE
2021,WALLACE-WOODWORTH,AAC WHEATLAND <SECAN>,12,4730.0,56.1,TRUE
2021,WALLACE-WOODWORTH,BOLLES <SEED DEPOT>,17,3467.0,37.5,TRUE
2021,WALLACE-WOODWORTH,CDC LANDMARK,3,804.0,20.8,TRUE
2021,WALLACE-WOODWORTH,CDC PLENTIFUL (PT580),,,,FALSE
2021,WALLACE-WOODWORTH,COLUMBUS,,,,FALSE
2021,WALLACE-WOODWORTH,GLENN,,,,FALSE
2021,WALLACE-WOODWORTH,LNR 14-1299 <CANTERRA>,,,,FALSE
2021,WALLACE-WOODWORTH,NEEPAWA,,,,FALSE
2021,WALLACE-WOODWORTH,SY BRAWN,,,,FALSE
2021,WALLACE-WOODWORTH,SY TORACH <SYNGENTA>,5,1305.0,35.2,TRUE
2021,WEST INTERLAKE,AAC BRANDON (BW 932),5,668.0,4.5,TRUE
2021,WEST INTERLAKE,AAC LEROY VB <ALLIANCE>,,,,FALSE
2021,WEST INTERLAKE,AAC REDBERRY,,,,FALSE
2021,WEST INTERLAKE,AAC STARBUCK <SECAN>,,,,FALSE
2021,WEST INTERLAKE,AAC VIEWFIELD <FP GENETICS>|BW965| EXP,,,,FALSE
2021,WEST INTERLAKE,CARDALE (BW429),,,,FALSE
2021,WEST ST. PAUL,AAC BRANDON (BW 932),4,982.0,51.4,TRUE
2021,WEST ST. PAUL,AAC STARBUCK <SECAN>,,,,FALSE
2021,WEST ST. PAUL,AAC VIEWFIELD <FP GENETICS>|BW965| EXP,,,,FALSE
2021,WESTLAKE-GLADSTONE,AAC BRANDON (BW 932),52,34844.0,29.5,TRUE
2021,WESTLAKE-GLADSTONE,AAC CAMERON VB <CANTERRA>,,,,FALSE
2021,WESTLAKE-GLADSTONE,AAC ELIE(BW931),12,5754.0,30.9,TRUE
2021,WESTLAKE-GLADSTONE,AAC HOCKLEY |BW5044|,,,,FALSE
2021,WESTLAKE-GLADSTONE,AAC HODGE |BW1069|,,,,FALSE
2021,WESTLAKE-GLADSTONE,AAC LEROY VB <ALLIANCE>,5,1360.0,34.6,TRUE
2021,WESTLAKE-GLADSTONE,AAC REDBERRY,5,650.0,36.4,TRUE
2021,WESTLAKE-GLADSTONE,AAC STARBUCK <SECAN>,27,10135.0,31.1,TRUE
2021,WESTLAKE-GLADSTONE,AAC VIEWFIELD <FP GENETICS>|BW965| EXP,,,,FALSE
2021,WESTLAKE-GLADSTONE,AC BARRIE (BW 661),,,,FALSE
2021,WESTLAKE-GLADSTONE,BOLLES <SEED DEPOT>,5,1628.0,21.6,TRUE
2021,WESTLAKE-GLADSTONE,CARDALE (BW429),,,,FALSE
2021,WESTLAKE-GLADSTONE,FIELDSTAR VB,,,,FALSE
2021,WESTLAKE-GLADSTONE,SY TORACH <SYNGENTA>,,,,FALSE
2021,WHITEHEAD,AAC BRANDON (BW 932),44,20715.0,49.4,TRUE
2021,WHITEHEAD,AAC CAMERON VB <CANTERRA>,5,1007.0,56.3,TRUE
2021,WHITEHEAD,AAC ELIE(BW931),,,,FALSE
2021,WHITEHEAD,AAC STARBUCK <SECAN>,7,1122.0,55.2,TRUE
2021,WHITEHEAD,AAC WHEATLAND <SECAN>,7,2526.0,55.2,TRUE
2021,WHITEHEAD,CDC LANDMARK,,,,FALSE
2021,WHITEHEAD,SY CAST,,,,FALSE
2021,WHITEMOUTH,AAC BRANDON (BW 932),8,1395.0,53.8,TRUE
2021,WHITEMOUTH,AAC STARBUCK <SECAN>,3,530.0,71.4,TRUE
2021,WHITEMOUTH,AAC VIEWFIELD <FP GENETICS>|BW965| EXP,,,,FALSE
2021,WHITEMOUTH,CS DAYBREAK <CANTERRA>,,,,FALSE
2021,WHITEMOUTH,GLENN,,,,FALSE
2021,WHITEMOUTH,SY TORACH <SYNGENTA>,,,,FALSE
2021,WINNIPEG,AAC BRANDON (BW 932),5,1296.0,38.5,TRUE
2021,WINNIPEG,AAC STARBUCK <SECAN>,,,,FALSE
2021,WINNIPEG,AAC VIEWFIELD <FP GENETICS>|BW965| EXP,,,,FALSE
2021,WINNIPEG,SY GABBRO <SYNGENTA>,,,,FALSE
2021,WOODLANDS,AAC BRANDON (BW 932),39,12201.0,38.4,TRUE
2021,WOODLANDS,AAC ELIE(BW931),,,,FALSE
2021,WOODLANDS,AAC LEROY VB <ALLIANCE>,,,,FALSE
2021,WOODLANDS,AAC STARBUCK <SECAN>,23,8388.0,34.1,TRUE
2021,WOODLANDS,AAC VIEWFIELD <FP GENETICS>|BW965| EXP,,,,FALSE
2021,WOODLANDS,CARBERRY (BW874),,,,FALSE
2021,YELLOWHEAD,AAC BRANDON (BW 932),21,5825.0,53.8,TRUE
2021,YELLOWHEAD,AAC ELIE(BW931),3,885.0,62.6,TRUE
2021,YELLOWHEAD,AAC LEROY VB <ALLIANCE>,6,3184.0,63.1,TRUE
2021,YELLOWHEAD,"AAC MAGNET |BW 1045, BJ14*A01135|",,,,FALSE
2021,YELLOWHEAD,AAC REDBERRY,28,9514.0,50.2,TRUE
2021,YELLOWHEAD,AAC REDWATER (PT457),,,,FALSE
2021,YELLOWHEAD,AAC STARBUCK <SECAN>,15,5602.0,54.2,TRUE
2021,YELLOWHEAD,AAC VIEWFIELD <FP GENETICS>|BW965| EXP,,,,FALSE
2021,YELLOWHEAD,AAC WHEATLAND <SECAN>,15,8490.0,60.1,TRUE
2021,YELLOWHEAD,AC BARRIE (BW 661),,,,FALSE
2021,YELLOWHEAD,BOLLES <SEED DEPOT>,26,11931.0,57.1,TRUE
2021,YELLOWHEAD,CARDALE (BW429),,,,FALSE
2021,YELLOWHEAD,CDC LANDMARK,,,,FALSE
2021,YELLOWHEAD,GLENN,,,,FALSE
2021,YELLOWHEAD,SY GABBRO <SYNGENTA>,,,,FALSE
2021,YELLOWHEAD,SY TORACH <SYNGENTA>,,,,FALSE
2022,ALEXANDER,AAC BRANDON (BW 932),5,1895.0,53.4,TRUE
2022,ALEXANDER,AAC ELIE(BW931),3,747.0,65.9,TRUE
2022,ALEXANDER,AAC REDBERRY,,,,FALSE
2022,ALEXANDER,AAC STARBUCK <SECAN>,3,640.0,56.4,TRUE
2022,ALEXANDER,AAC VIEWFIELD <FP GENETICS>|BW965| EXP,4,2261.0,67.5,TRUE
2022,ALEXANDER,CARDALE (BW429),,,,FALSE
2022,ALEXANDER,GLENN,,,,FALSE
2022,ALEXANDER,SY CAST,,,,FALSE
2022,ALONSA,AAC BRANDON (BW 932),4,1167.0,49.6,TRUE
2022,ALONSA,AAC REDBERRY,,,,FALSE
2022,ALONSA,AAC STARBUCK <SECAN>,3,1362.0,54.7,TRUE
2022,ALONSA,AAC VIEWFIELD <FP GENETICS>|BW965| EXP,,,,FALSE
2022,ARGYLE,AAC BRANDON (BW 932),59,24191.3,59.3,TRUE
2022,ARGYLE,AAC REDBERRY,,,,FALSE
2022,ARGYLE,AAC STARBUCK <SECAN>,20,4409.8,60.6,TRUE
2022,ARGYLE,AAC TISDALE (PT250),,,,FALSE
2022,ARGYLE,AAC WHEATLAND <SECAN>,,,,FALSE
2022,ARGYLE,AC BARRIE (BW 661),,,,FALSE
2022,ARGYLE,CARDALE (BW429),3,608.0,42.9,TRUE
2022,ARGYLE,HARVEST (BW259),,,,FALSE
2022,BIFROST-RIVERTON,AAC BRANDON (BW 932),29,7981.0,40.5,TRUE
2022,BIFROST-RIVERTON,AAC HOCKLEY |BW5044|,,,,FALSE
2022,BIFROST-RIVERTON,AAC STARBUCK <SECAN>,22,5657.0,38.4,TRUE
2022,BIFROST-RIVERTON,AAC VIEWFIELD <FP GENETICS>|BW965| EXP,16,6595.0,37.3,TRUE
2022,BIFROST-RIVERTON,CARBERRY (BW874),3,520.0,30.9,TRUE
2022,BIFROST-RIVERTON,CS DAYBREAK <CANTERRA>,10,2899.0,52.7,TRUE
2022,BIFROST-RIVERTON,SY CAST,,,,FALSE
2022,BIFROST-RIVERTON,SY TORACH <SYNGENTA>,7,1344.0,45.3,TRUE
2022,BOISSEVAIN-MORTON,AAC BRANDON (BW 932),36,19120.5,62.3,TRUE
2022,BOISSEVAIN-MORTON,AAC ELIE(BW931),,,,FALSE
2022,BOISSEVAIN-MORTON,AAC HOCKLEY |BW5044|,,,,FALSE
2022,BOISSEVAIN-MORTON,AAC HODGE |BW1069|,,,,FALSE
2022,BOISSEVAIN-MORTON,AAC LEROY VB <ALLIANCE>,,,,FALSE
2022,BOISSEVAIN-MORTON,AAC REDBERRY,,,,FALSE
2022,BOISSEVAIN-MORTON,AAC STARBUCK <SECAN>,17,7379.5,64.3,TRUE
2022,BOISSEVAIN-MORTON,AAC WHEATLAND <SECAN>,19,8197.0,68.7,TRUE
2022,BRENDA-WASKADA,AAC BRANDON (BW 932),46,35869.0,59.4,TRUE
2022,BRENDA-WASKADA,AAC ELIE(BW931),13,6230.0,55.3,TRUE
2022,BRENDA-WASKADA,AAC REDBERRY,4,1507.0,59.5,TRUE
2022,BRENDA-WASKADA,AAC STARBUCK <SECAN>,4,2352.0,53.5,TRUE
2022,BRENDA-WASKADA,AAC WHEATLAND <SECAN>,,,,FALSE
2022,BRENDA-WASKADA,BOLLES <SEED DEPOT>,,,,FALSE
2022,BROKENHEAD,AAC BRANDON (BW 932),26,6423.0,62.9,TRUE
2022,BROKENHEAD,AAC ELIE(BW931),4,860.0,58.7,TRUE
2022,BROKENHEAD,AAC LEROY VB <ALLIANCE>,5,818.0,58.8,TRUE
2022,BROKENHEAD,AAC REDBERRY,,,,FALSE
2022,BROKENHEAD,AAC STARBUCK <SECAN>,4,1762.0,65.7,TRUE
2022,BROKENHEAD,AAC TISDALE (PT250),,,,FALSE
2022,BROKENHEAD,AAC VIEWFIELD <FP GENETICS>|BW965| EXP,30,10028.0,63.6,TRUE
2022,BROKENHEAD,BOLLES <SEED DEPOT>,4,637.0,51.2,TRUE
2022,BROKENHEAD,CARBERRY (BW874),,,,FALSE
2022,BROKENHEAD,CARDALE (BW429),,,,FALSE
2022,BROKENHEAD,CDC STANLEY (BW880),,,,FALSE
2022,BROKENHEAD,CS DAYBREAK <CANTERRA>,,,,FALSE
2022,BROKENHEAD,GLENN,,,,FALSE
2022,BROKENHEAD,SY CAST,,,,FALSE
2022,CARTIER,AAC BRANDON (BW 932),31,15299.0,63.2,TRUE
2022,CARTIER,AAC STARBUCK <SECAN>,27,12637.0,70.0,TRUE
2022,CARTIER,AC DOMAIN (BW 148),,,,FALSE
2022,CARTIER,SY GABBRO <SYNGENTA>,3,1524.0,76.4,TRUE
2022,CARTWRIGHT-ROBLIN,AAC BRANDON (BW 932),24,10562.0,56.4,TRUE
2022,CARTWRIGHT-ROBLIN,AAC BROADACRES <PROVEN>,,,,FALSE
2022,CARTWRIGHT-ROBLIN,AAC CAMERON VB <CANTERRA>,,,,FALSE
2022,CARTWRIGHT-ROBLIN,AAC ELIE(BW931),,,,FALSE
2022,CARTWRIGHT-ROBLIN,AAC LEROY VB <ALLIANCE>,,,,FALSE
2022,CARTWRIGHT-ROBLIN,"AAC MAGNET |BW 1045, BJ14*A01135|",,,,FALSE
2022,CARTWRIGHT-ROBLIN,AAC REDBERRY,,,,FALSE
2022,CARTWRIGHT-ROBLIN,AAC STARBUCK <SECAN>,15,3893.0,67.2,TRUE
2022,CARTWRIGHT-ROBLIN,AAC WHEATLAND <SECAN>,8,2901.0,63.0,TRUE
2022,CARTWRIGHT-ROBLIN,AC BARRIE (BW 661),,,,FALSE
2022,CLANWILLIAM-ERICKSON,AAC BRANDON (BW 932),5,1626.0,56.6,TRUE
2022,CLANWILLIAM-ERICKSON,AAC REDBERRY,,,,FALSE
2022,CLANWILLIAM-ERICKSON,AAC REDSTAR <SECAN> |PT488|,,,,FALSE
2022,CLANWILLIAM-ERICKSON,AAC STARBUCK <SECAN>,,,,FALSE
2022,CLANWILLIAM-ERICKSON,AAC VIEWFIELD <FP GENETICS>|BW965| EXP,3,1093.0,51.7,TRUE
2022,CLANWILLIAM-ERICKSON,AAC WHEATLAND <SECAN>,,,,FALSE
2022,CLANWILLIAM-ERICKSON,SY CAST,,,,FALSE
2022,COLDWELL,AAC STARBUCK <SECAN>,,,,FALSE
2022,CORNWALLIS,AAC BRANDON (BW 932),25,9369.0,54.2,TRUE
2022,CORNWALLIS,AAC ELIE(BW931),,,,FALSE
2022,CORNWALLIS,AAC STARBUCK <SECAN>,8,1719.0,53.8,TRUE
2022,CORNWALLIS,AAC WHEATLAND <SECAN>,5,2187.0,64.7,TRUE
2022,DAUPHIN,AAC BRANDON (BW 932),57,22122.0,51.5,TRUE
2022,DAUPHIN,AAC CAMERON VB <CANTERRA>,,,,FALSE
2022,DAUPHIN,AAC LEROY VB <ALLIANCE>,,,,FALSE
2022,DAUPHIN,AAC REDBERRY,4,2405.0,55.1,TRUE
2022,DAUPHIN,AAC STARBUCK <SECAN>,14,4843.0,61.3,TRUE
2022,DAUPHIN,AAC TISDALE (PT250),3,825.0,50.7,TRUE
2022,DAUPHIN,AAC VIEWFIELD <FP GENETICS>|BW965| EXP,10,4008.0,67.0,TRUE
2022,DAUPHIN,AAC WHEATLAND <SECAN>,12,3270.0,59.6,TRUE
2022,DAUPHIN,AC DOMAIN (BW 148),,,,FALSE
2022,DAUPHIN,CARDALE (BW429),4,2031.0,62.0,TRUE
2022,DAUPHIN,CDC VR MORRIS (BW423),,,,FALSE
2022,DAUPHIN,GLENN,,,,FALSE
2022,DAUPHIN,WASKADA (BW 357),,,,FALSE
2022,DELORAINE-WINCHESTER,AAC BRANDON (BW 932),39,22235.0,50.4,TRUE
2022,DELORAINE-WINCHESTER,AAC ELIE(BW931),5,3148.0,62.9,TRUE
2022,DELORAINE-WINCHESTER,AAC REDBERRY,,,,FALSE
2022,DELORAINE-WINCHESTER,AAC STARBUCK <SECAN>,5,1697.0,49.0,TRUE
2022,DELORAINE-WINCHESTER,AAC WHEATLAND <SECAN>,,,,FALSE
2022,DELORAINE-WINCHESTER,BOLLES <SEED DEPOT>,,,,FALSE
2022,DELORAINE-WINCHESTER,SY CAST,,,,FALSE
2022,DESALABERRY,AAC BRANDON (BW 932),34,14096.0,66.0,TRUE
2022,DESALABERRY,AAC STARBUCK <SECAN>,20,7335.0,68.9,TRUE
2022,DESALABERRY,AAC TISDALE (PT250),5,659.0,70.5,TRUE
2022,DESALABERRY,AAC VIEWFIELD <FP GENETICS>|BW965| EXP,,,,FALSE
2022,DESALABERRY,CARDALE (BW429),,,,FALSE
2022,DESALABERRY,CS DAYBREAK <CANTERRA>,,,,FALSE
2022,DESALABERRY,GLENN,,,,FALSE
2022,DESALABERRY,SHELLY,,,,FALSE
2022,DUFFERIN,AAC BRANDON (BW 932),41,9932.0,66.6,TRUE
2022,DUFFERIN,AAC ELIE(BW931),,,,FALSE
2022,DUFFERIN,AAC HOCKLEY |BW5044|,,,,FALSE
2022,DUFFERIN,AAC LEROY VB <ALLIANCE>,,,,FALSE
2022,DUFFERIN,AAC STARBUCK <SECAN>,26,5613.0,68.5,TRUE
2022,DUFFERIN,AAC WHEATLAND <SECAN>,,,,FALSE
2022,DUFFERIN,BOLLES <SEED DEPOT>,4,510.0,63.8,TRUE
2022,DUFFERIN,SY GABBRO <SYNGENTA>,5,1093.0,71.1,TRUE
2022,EAST ST PAUL,AAC STARBUCK <SECAN>,,,,FALSE
2022,ELLICE-ARCHIE,AAC BRANDON (BW 932),10,3196.0,50.4,TRUE
2022,ELLICE-ARCHIE,AAC ELIE(BW931),,,,FALSE
2022,ELLICE-ARCHIE,AAC HOCKLEY |BW5044|,,,,FALSE
2022,ELLICE-ARCHIE,AAC HODGE |BW1069|,,,,FALSE
2022,ELLICE-ARCHIE,AAC LEROY VB <ALLIANCE>,8,1846.0,66.4,TRUE
2022,ELLICE-ARCHIE,AAC REDBERRY,6,1382.0,55.4,TRUE
2022,ELLICE-ARCHIE,AAC STARBUCK <SECAN>,18,10036.0,56.1,TRUE
2022,ELLICE-ARCHIE,AAC WHEATLAND <SECAN>,14,6865.0,47.7,TRUE
2022,ELLICE-ARCHIE,BOLLES <SEED DEPOT>,,,,FALSE
2022,ELLICE-ARCHIE,CDC HUGHES <CPSC> |PT588|,,,,FALSE
2022,ELLICE-ARCHIE,CDC LANDMARK,,,,FALSE
2022,ELLICE-ARCHIE,CDC PLENTIFUL (PT580),,,,FALSE
2022,ELLICE-ARCHIE,GLENN,,,,FALSE
2022,ELTON,AAC BRANDON (BW 932),54,27379.0,60.0,TRUE
2022,ELTON,AAC REDSTAR <SECAN> |PT488|,,,,FALSE
2022,ELTON,AAC STARBUCK <SECAN>,17,6471.0,63.0,TRUE
2022,ELTON,AAC WHEATLAND <SECAN>,8,3329.5,69.3,TRUE
2022,EMERSON-FRANKLIN,AAC BRANDON (BW 932),35,18489.0,56.7,TRUE
2022,EMERSON-FRANKLIN,AAC STARBUCK <SECAN>,16,5783.0,58.9,TRUE
2022,EMERSON-FRANKLIN,AAC WHEATLAND <SECAN>,,,,FALSE
2022,EMERSON-FRANKLIN,CARBERRY (BW874),,,,FALSE
2022,EMERSON-FRANKLIN,CS DAYBREAK <CANTERRA>,,,,FALSE
2022,ETHELBERT,AAC BRANDON (BW 932),9,4688.0,52.6,TRUE
2022,ETHELBERT,AAC ELIE(BW931),,,,FALSE
2022,ETHELBERT,AAC STARBUCK <SECAN>,,,,FALSE
2022,ETHELBERT,AAC VIEWFIELD <FP GENETICS>|BW965| EXP,,,,FALSE
2022,ETHELBERT,AAC WHEATLAND <SECAN>,,,,FALSE
2022,ETHELBERT,CARDALE (BW429),,,,FALSE
2022,ETHELBERT,CDC STANLEY (BW880),,,,FALSE
2022,FISHER,AAC BRANDON (BW 932),17,4212.0,23.4,TRUE
2022,FISHER,AAC REDBERRY,,,,FALSE
2022,FISHER,AAC STARBUCK <SECAN>,3,1016.0,40.0,TRUE
2022,FISHER,AAC VIEWFIELD <FP GENETICS>|BW965| EXP,4,878.0,33.3,TRUE
2022,FISHER,AAC WHEATLAND <SECAN>,,,,FALSE
2022,FISHER,AC CORA (BW 152),,,,FALSE
2022,FISHER,CARBERRY (BW874),,,,FALSE
2022,FISHER,SY TORACH <SYNGENTA>,4,855.0,37.0,TRUE
2022,GILBERT PLAINS,5604HR CL (BW 878),,,,FALSE
2022,GILBERT PLAINS,AAC BRANDON (BW 932),19,7745.0,55.3,TRUE
2022,GILBERT PLAINS,AAC CAMERON VB <CANTERRA>,,,,FALSE
2022,GILBERT PLAINS,AAC ELIE(BW931),,,,FALSE
2022,GILBERT PLAINS,AAC HOCKLEY |BW5044|,,,,FALSE
2022,GILBERT PLAINS,AAC LEROY VB <ALLIANCE>,3,999.0,56.2,TRUE
2022,GILBERT PLAINS,AAC REDBERRY,27,17385.0,54.2,TRUE
2022,GILBERT PLAINS,AAC REDSTAR <SECAN> |PT488|,,,,FALSE
2022,GILBERT PLAINS,AAC REDWATER (PT457),,,,FALSE
2022,GILBERT PLAINS,AAC STARBUCK <SECAN>,6,1256.0,55.5,TRUE
2022,GILBERT PLAINS,AAC TISDALE (PT250),,,,FALSE
2022,GILBERT PLAINS,AAC VIEWFIELD <FP GENETICS>|BW965| EXP,14,7415.0,59.7,TRUE
2022,GILBERT PLAINS,AAC WHEATLAND <SECAN>,12,3769.0,51.5,TRUE
2022,GILBERT PLAINS,AC BARRIE (BW 661),,,,FALSE
2022,GILBERT PLAINS,AC DOMAIN (BW 148),3,1321.0,33.8,TRUE
2022,GILBERT PLAINS,BOLLES <SEED DEPOT>,,,,FALSE
2022,GILBERT PLAINS,CARDALE (BW429),,,,FALSE
2022,GILBERT PLAINS,CDC ORTONA <PROVEN>,,,,FALSE
2022,GILBERT PLAINS,CDC STANLEY (BW880),3,2262.0,50.8,TRUE
2022,GILBERT PLAINS,CDC VR MORRIS (BW423),,,,FALSE
2022,GILBERT PLAINS,SY GABBRO <SYNGENTA>,,,,FALSE
2022,GIMLI,AAC BRANDON (BW 932),4,1718.0,51.1,TRUE
2022,GIMLI,AAC STARBUCK <SECAN>,4,584.0,34.0,TRUE
2022,GIMLI,AAC VIEWFIELD <FP GENETICS>|BW965| EXP,,,,FALSE
2022,GIMLI,BOLLES <SEED DEPOT>,,,,FALSE
2022,GIMLI,CARDALE (BW429),3,628.0,35.4,TRUE
2022,GIMLI,CDC HUGHES <CPSC> |PT588|,,,,FALSE
2022,GIMLI,CS DAYBREAK <CANTERRA>,,,,FALSE
2022,GIMLI,SY TORACH <SYNGENTA>,,,,FALSE
2022,GLENBORO-SOUTH CYPRESS,5604HR CL (BW 878),,,,FALSE
2022,GLENBORO-SOUTH CYPRESS,AAC BRANDON (BW 932),18,4706.0,61.6,TRUE
2022,GLENBORO-SOUTH CYPRESS,AAC HODGE |BW1069|,,,,FALSE
2022,GLENBORO-SOUTH CYPRESS,AAC STARBUCK <SECAN>,9,2397.0,54.5,TRUE
2022,GLENBORO-SOUTH CYPRESS,AAC WHEATLAND <SECAN>,3,575.0,67.0,TRUE
2022,GLENELLA-LANSDOWNE,AAC BRANDON (BW 932),24,13004.0,49.1,TRUE
2022,GLENELLA-LANSDOWNE,AAC ELIE(BW931),,,,FALSE
2022,GLENELLA-LANSDOWNE,AAC LEROY VB <ALLIANCE>,,,,FALSE
2022,GLENELLA-LANSDOWNE,AAC REDBERRY,4,1143.0,40.0,TRUE
2022,GLENELLA-LANSDOWNE,AAC STARBUCK <SECAN>,11,5440.0,48.2,TRUE
2022,GLENELLA-LANSDOWNE,AAC VIEWFIELD <FP GENETICS>|BW965| EXP,,,,FALSE
2022,GLENELLA-LANSDOWNE,BOLLES <SEED DEPOT>,,,,FALSE
2022,GRAHAMDALE,AAC BRANDON (BW 932),,,,FALSE
2022,GRAHAMDALE,AAC STARBUCK <SECAN>,,,,FALSE
2022,GRAHAMDALE,AAC VIEWFIELD <FP GENETICS>|BW965| EXP,,,,FALSE
2022,GRAHAMDALE,CARBERRY (BW874),,,,FALSE
2022,GRANDVIEW,AAC BRANDON (BW 932),35,12788.0,60.4,TRUE
2022,GRANDVIEW,AAC CAMERON VB <CANTERRA>,3,1039.0,61.9,TRUE
2022,GRANDVIEW,AAC ELIE(BW931),,,,FALSE
2022,GRANDVIEW,AAC HOCKLEY |BW5044|,,,,FALSE
2022,GRANDVIEW,AAC HODGE |BW1069|,,,,FALSE
2022,GRANDVIEW,AAC LEROY VB <ALLIANCE>,,,,FALSE
2022,GRANDVIEW,AAC REDBERRY,15,5431.0,54.3,TRUE
2022,GRANDVIEW,AAC REDWATER (PT457),,,,FALSE
2022,GRANDVIEW,AAC STARBUCK <SECAN>,10,2610.0,75.6,TRUE
2022,GRANDVIEW,AAC TISDALE (PT250),,,,FALSE
2022,GRANDVIEW,AAC VIEWFIELD <FP GENETICS>|BW965| EXP,18,7529.0,51.6,TRUE
2022,GRANDVIEW,AAC WHEATLAND <SECAN>,15,5435.0,63.0,TRUE
2022,GRANDVIEW,BOLLES <SEED DEPOT>,12,4433.0,55.5,TRUE
2022,GRANDVIEW,CARDALE (BW429),3,550.0,62.1,TRUE
2022,GRANDVIEW,CDC LANDMARK,,,,FALSE
2022,GRANDVIEW,CDC PLENTIFUL (PT580),5,1665.0,58.8,TRUE
2022,GRANDVIEW,CDC STANLEY (BW880),,,,FALSE
2022,GRANDVIEW,NEEPAWA,,,,FALSE
2022,GRANDVIEW,SY GABBRO <SYNGENTA>,,,,FALSE
2022,GRASSLAND,5605HR CL (BW918),,,,FALSE
2022,GRASSLAND,AAC BRANDON (BW 932),56,22945.5,53.7,TRUE
2022,GRASSLAND,AAC ELIE(BW931),4,652.0,48.0,TRUE
2022,GRASSLAND,AAC HOCKLEY |BW5044|,,,,FALSE
2022,GRASSLAND,AAC LEROY VB <ALLIANCE>,3,1019.0,56.1,TRUE
2022,GRASSLAND,AAC REDBERRY,3,863.0,41.3,TRUE
2022,GRASSLAND,AAC STARBUCK <SECAN>,14,8742.0,52.8,TRUE
2022,GRASSLAND,AAC TISDALE (PT250),,,,FALSE
2022,GRASSLAND,AAC VIEWFIELD <FP GENETICS>|BW965| EXP,,,,FALSE
2022,GRASSLAND,AAC WHEATLAND <SECAN>,22,8533.0,60.4,TRUE
2022,GRASSLAND,BOLLES <SEED DEPOT>,,,,FALSE
2022,GRASSLAND,CARDALE (BW429),,,,FALSE
2022,GRASSLAND,SY CAST,,,,FALSE
2022,GREY,AAC BRANDON (BW 932),42,11915.0,61.7,TRUE
2022,GREY,AAC HODGE |BW1069|,,,,FALSE
2022,GREY,AAC LEROY VB <ALLIANCE>,,,,FALSE
2022,GREY,AAC STARBUCK <SECAN>,22,10978.0,66.1,TRUE
2022,GREY,AC BARRIE (BW 661),,,,FALSE
2022,GREY,BOLLES <SEED DEPOT>,,,,FALSE
2022,GREY,CARDALE (BW429),4,1446.0,60.6,TRUE
2022,GREY,SY GABBRO <SYNGENTA>,,,,FALSE
2022,HAMIOTA,AAC BRANDON (BW 932),23,9674.0,73.0,TRUE
2022,HAMIOTA,AAC HOCKLEY |BW5044|,,,,FALSE
2022,HAMIOTA,AAC HODGE |BW1069|,,,,FALSE
2022,HAMIOTA,AAC REDBERRY,9,3539.0,63.3,TRUE
2022,HAMIOTA,AAC STARBUCK <SECAN>,28,9231.0,70.5,TRUE
2022,HAMIOTA,AAC WHEATLAND <SECAN>,18,7376.0,57.4,TRUE
2022,HAMIOTA,BOLLES <SEED DEPOT>,,,,FALSE
2022,HAMIOTA,CDC LANDMARK,4,728.0,60.2,TRUE
2022,HAMIOTA,CDC ORTONA <PROVEN>,,,,FALSE
2022,HAMIOTA,MCKENZIE (BW 205),,,,FALSE
2022,HAMIOTA,MUCHMORE (BW875),,,,FALSE
2022,HAMIOTA,SY CAST,,,,FALSE
2022,HAMIOTA,SY TORACH <SYNGENTA>,,,,FALSE
2022,HANOVER,AAC BRANDON (BW 932),39,10610.0,62.4,TRUE
2022,HANOVER,AAC STARBUCK <SECAN>,9,1057.0,56.1,TRUE
2022,HANOVER,AAC TISDALE (PT250),,,,FALSE
2022,HANOVER,AAC VIEWFIELD <FP GENETICS>|BW965| EXP,,,,FALSE
2022,HANOVER,CARDALE (BW429),,,,FALSE
2022,HARRISON PARK,5604HR CL (BW 878),,,,FALSE
2022,HARRISON PARK,AAC BRANDON (BW 932),9,3901.0,50.3,TRUE
2022,HARRISON PARK,AAC CAMERON VB <CANTERRA>,,,,FALSE
2022,HARRISON PARK,AAC LEROY VB <ALLIANCE>,3,1814.0,48.0,TRUE
2022,HARRISON PARK,AAC REDBERRY,27,7722.0,46.9,TRUE
2022,HARRISON PARK,AAC STARBUCK <SECAN>,13,3796.0,50.8,TRUE
2022,HARRISON PARK,AAC VIEWFIELD <FP GENETICS>|BW965| EXP,,,,FALSE
2022,HARRISON PARK,AAC WHEATLAND <SECAN>,8,2351.0,53.0,TRUE
2022,HARRISON PARK,AC BARRIE (BW 661),,,,FALSE
2022,HARRISON PARK,AC DOMAIN (BW 148),,,,FALSE
2022,HARRISON PARK,AC SPLENDOR (BW 191),,,,FALSE
2022,HARRISON PARK,BOLLES <SEED DEPOT>,3,802.0,47.6,TRUE
2022,HARRISON PARK,CDC LANDMARK,,,,FALSE
2022,HARRISON PARK,GLENN,,,,FALSE
2022,HARRISON PARK,SY GABBRO <SYNGENTA>,,,,FALSE
2022,HARRISON PARK,SY TORACH <SYNGENTA>,,,,FALSE
2022,HARRISON PARK,WR859 CL (BW859),,,,FALSE
2022,HEADINGLEY,AAC BRANDON (BW 932),7,4213.0,64.5,TRUE
2022,HEADINGLEY,AAC STARBUCK <SECAN>,,,,FALSE
2022,HILLSBURG-ROBLIN-SHELL RIVER,AAC BRANDON (BW 932),16,9674.0,58.4,TRUE
2022,HILLSBURG-ROBLIN-SHELL RIVER,AAC STARBUCK <SECAN>,,,,FALSE
2022,HILLSBURG-ROBLIN-SHELL RIVER,AAC VIEWFIELD <FP GENETICS>|BW965| EXP,21,7106.0,79.8,TRUE
2022,HILLSBURG-ROBLIN-SHELL RIVER,AAC WHEATLAND <SECAN>,16,8037.0,73.9,TRUE
2022,HILLSBURG-ROBLIN-SHELL RIVER,AC BARRIE (BW 661),,,,FALSE
2022,HILLSBURG-ROBLIN-SHELL RIVER,BOLLES <SEED DEPOT>,5,1962.0,97.8,TRUE
2022,HILLSBURG-ROBLIN-SHELL RIVER,CDC HUGHES <CPSC> |PT588|,,,,FALSE
2022,HILLSBURG-ROBLIN-SHELL RIVER,CDC LANDMARK,5,879.0,66.3,TRUE
2022,HILLSBURG-ROBLIN-SHELL RIVER,GLENN,,,,FALSE
2022,KELSEY,AAC REDBERRY,10,6807.0,69.1,TRUE
2022,KELSEY,AAC VIEWFIELD <FP GENETICS>|BW965| EXP,4,2322.0,70.3,TRUE
2022,KELSEY,CDC LANDMARK,4,1857.0,71.0,TRUE
2022,KELSEY,CDC PLENTIFUL (PT580),,,,FALSE
2022,KELSEY,CDC TEAL (BW 616),,,,FALSE
2022,KELSEY,SY GABBRO <SYNGENTA>,,,,FALSE
2022,KELSEY,SY MANNESS,,,,FALSE
2022,KILLARNEY-TURTLE MTN,AAC BRANDON (BW 932),40,22416.0,62.2,TRUE
2022,KILLARNEY-TURTLE MTN,AAC CAMERON VB <CANTERRA>,,,,FALSE
2022,KILLARNEY-TURTLE MTN,AAC HOCKLEY |BW5044|,,,,FALSE
2022,KILLARNEY-TURTLE MTN,AAC HODGE |BW1069|,,,,FALSE
2022,KILLARNEY-TURTLE MTN,AAC LEROY VB <ALLIANCE>,4,959.0,70.0,TRUE
2022,KILLARNEY-TURTLE MTN,AAC REDBERRY,,,,FALSE
2022,KILLARNEY-TURTLE MTN,AAC REDWATER (PT457),,,,FALSE
2022,KILLARNEY-TURTLE MTN,AAC STARBUCK <SECAN>,14,9064.0,73.2,TRUE
2022,KILLARNEY-TURTLE MTN,AAC VIEWFIELD <FP GENETICS>|BW965| EXP,,,,FALSE
2022,KILLARNEY-TURTLE MTN,AAC WHEATLAND <SECAN>,7,2049.0,74.8,TRUE
2022,KILLARNEY-TURTLE MTN,BOLLES <SEED DEPOT>,,,,FALSE
2022,KILLARNEY-TURTLE MTN,CDC PLENTIFUL (PT580),,,,FALSE
2022,KILLARNEY-TURTLE MTN,SY CAST,,,,FALSE
2022,LA BROQUERIE,AAC BRANDON (BW 932),,,,FALSE
2022,LA BROQUERIE,AAC STARBUCK <SECAN>,,,,FALSE
2022,LAC DU BONNET,AAC BRANDON (BW 932),4,1471.0,69.2,TRUE
2022,LAC DU BONNET,AAC ELIE(BW931),4,1944.0,79.5,TRUE
2022,LAC DU BONNET,AAC STARBUCK <SECAN>,4,1124.0,70.4,TRUE
2022,LAC DU BONNET,AAC VIEWFIELD <FP GENETICS>|BW965| EXP,11,3001.5,75.9,TRUE
2022,LAC DU BONNET,CARBERRY (BW874),,,,FALSE
2022,LAC DU BONNET,CARDALE (BW429),,,,FALSE
2022,LAC DU BONNET,GLENN,,,,FALSE
2022,LAKESHORE,AAC BRANDON (BW 932),24,7260.1,57.1,TRUE
2022,LAKESHORE,AAC CAMERON VB <CANTERRA>,,,,FALSE
2022,LAKESHORE,AAC REDBERRY,,,,FALSE
2022,LAKESHORE,AAC STARBUCK <SECAN>,5,2434.0,54.2,TRUE
2022,LAKESHORE,AAC TISDALE (PT250),,,,FALSE
2022,LAKESHORE,AAC VIEWFIELD <FP GENETICS>|BW965| EXP,,,,FALSE
2022,LAKESHORE,AAC WHEATLAND <SECAN>,4,619.0,61.7,TRUE
2022,LAKESHORE,BOLLES <SEED DEPOT>,,,,FALSE
2022,LAKESHORE,CARBERRY (BW874),,,,FALSE
2022,LAKESHORE,CARDALE (BW429),,,,FALSE
2022,LAKESHORE,GLENN,,,,FALSE
2022,LORNE,AAC BRANDON (BW 932),96,32254.2,70.3,TRUE
2022,LORNE,AAC HODGE |BW1069|,,,,FALSE
2022,LORNE,AAC LEROY VB <ALLIANCE>,4,996.0,66.5,TRUE
2022,LORNE,AAC REDBERRY,,,,FALSE
2022,LORNE,AAC STARBUCK <SECAN>,33,8554.0,72.3,TRUE
2022,LORNE,AAC TISDALE (PT250),,,,FALSE
2022,LORNE,AAC WHEATLAND <SECAN>,7,1986.0,61.5,TRUE
2022,LORNE,CARDALE (BW429),3,638.0,62.0,TRUE
2022,LORNE,CDC LANDMARK,,,,FALSE
2022,LORNE,CDC VR MORRIS (BW423),,,,FALSE
2022,LOUISE,AAC BRANDON (BW 932),76,29305.0,71.4,TRUE
2022,LOUISE,AAC BROADACRES <PROVEN>,,,,FALSE
2022,LOUISE,AAC ELIE(BW931),,,,FALSE
2022,LOUISE,AAC LEROY VB <ALLIANCE>,,,,FALSE
2022,LOUISE,AAC STARBUCK <SECAN>,53,21295.7,73.1,TRUE
2022,LOUISE,AAC TISDALE (PT250),,,,FALSE
2022,LOUISE,AAC WHEATLAND <SECAN>,5,1702.0,67.4,TRUE
2022,LOUISE,AC DOMAIN (BW 148),,,,FALSE
2022,LOUISE,BOLLES <SEED DEPOT>,,,,FALSE
2022,LOUISE,CARDALE (BW429),,,,FALSE
2022,LOUISE,CDC HUGHES <CPSC> |PT588|,,,,FALSE
2022,LOUISE,FIELDSTAR VB,,,,FALSE
2022,LOUISE,SY CAST,,,,FALSE
2022,MACDONALD,AAC BRANDON (BW 932),89,40395.0,62.8,TRUE
2022,MACDONALD,AAC ELIE(BW931),,,,FALSE
2022,MACDONALD,AAC HOCKLEY |BW5044|,,,,FALSE
2022,MACDONALD,AAC HODGE |BW1069|,,,,FALSE
2022,MACDONALD,AAC STARBUCK <SECAN>,46,21130.0,66.1,TRUE
2022,MACDONALD,AAC TISDALE (PT250),3,885.0,58.1,TRUE
2022,MACDONALD,AAC VIEWFIELD <FP GENETICS>|BW965| EXP,12,2961.0,78.3,TRUE
2022,MACDONALD,CS DAYBREAK <CANTERRA>,,,,FALSE
2022,MACDONALD,SY GABBRO <SYNGENTA>,5,1131.0,70.1,TRUE
2022,MACDONALD,SY MANNESS,,,,FALSE
2022,MACDONALD,SY TORACH <SYNGENTA>,,,,FALSE
2022,MCCREARY,AAC BRANDON (BW 932),8,1752.0,41.1,TRUE
2022,MCCREARY,AAC STARBUCK <SECAN>,,,,FALSE
2022,MCCREARY,CARDALE (BW429),,,,FALSE
2022,MCCREARY,GLENN,,,,FALSE
2022,MCCREARY,SY GABBRO <SYNGENTA>,,,,FALSE
2022,MINITONAS-BOWSMAN,AAC BRANDON (BW 932),6,5587.0,78.1,TRUE
2022,MINITONAS-BOWSMAN,AAC REDBERRY,,,,FALSE
2022,MINITONAS-BOWSMAN,AAC REDSTAR <SECAN> |PT488|,,,,FALSE
2022,MINITONAS-BOWSMAN,AAC TISDALE (PT250),,,,FALSE
2022,MINITONAS-BOWSMAN,AAC VIEWFIELD <FP GENETICS>|BW965| EXP,74,42055.0,82.4,TRUE
2022,MINITONAS-BOWSMAN,AAC WHEATLAND <SECAN>,9,2814.0,83.4,TRUE
2022,MINITONAS-BOWSMAN,CARBERRY (BW874),,,,FALSE
2022,MINITONAS-BOWSMAN,CARDALE (BW429),3,1668.0,74.4,TRUE
2022,MINITONAS-BOWSMAN,CDC LANDMARK,,,,FALSE
2022,MINITONAS-BOWSMAN,SY GABBRO <SYNGENTA>,3,623.0,65.9,TRUE
2022,MINTO-ODANAH,AAC BRANDON (BW 932),35,11745.0,56.7,TRUE
2022,MINTO-ODANAH,AAC ELIE(BW931),,,,FALSE
2022,MINTO-ODANAH,AAC LEROY VB <ALLIANCE>,,,,FALSE
2022,MINTO-ODANAH,AAC REDSTAR <SECAN> |PT488|,,,,FALSE
2022,MINTO-ODANAH,AAC STARBUCK <SECAN>,20,7375.0,62.6,TRUE
2022,MINTO-ODANAH,AAC VIEWFIELD <FP GENETICS>|BW965| EXP,,,,FALSE
2022,MINTO-ODANAH,AAC WHEATLAND <SECAN>,6,2513.0,67.5,TRUE
2022,MINTO-ODANAH,BOLLES <SEED DEPOT>,7,2503.0,54.0,TRUE
2022,MINTO-ODANAH,SY GABBRO <SYNGENTA>,,,,FALSE
2022,MONTCALM,AAC BRANDON (BW 932),32,10317.0,61.6,TRUE
2022,MONTCALM,AAC STARBUCK <SECAN>,16,2914.0,62.5,TRUE
2022,MONTCALM,AAC TISDALE (PT250),,,,FALSE
2022,MONTCALM,AAC WHEATLAND <SECAN>,,,,FALSE
2022,MONTCALM,CS DAYBREAK <CANTERRA>,,,,FALSE
2022,MONTCALM,SHELLY,3,657.0,62.6,TRUE
2022,MONTCALM,SY CAST,,,,FALSE
2022,MORRIS,AAC BRANDON (BW 932),65,22191.0,61.6,TRUE
2022,MORRIS,AAC ELIE(BW931),,,,FALSE
2022,MORRIS,AAC HODGE |BW1069|,,,,FALSE
2022,MORRIS,AAC STARBUCK <SECAN>,37,11708.0,66.9,TRUE
2022,MORRIS,AAC TISDALE (PT250),,,,FALSE
2022,MORRIS,AAC VIEWFIELD <FP GENETICS>|BW965| EXP,21,9195.0,64.2,TRUE
2022,MORRIS,AC DOMAIN (BW 148),,,,FALSE
2022,MORRIS,AC SPLENDOR (BW 191),,,,FALSE
2022,MORRIS,CARDALE (BW429),6,1084.1,65.1,TRUE
2022,MORRIS,CS DAYBREAK <CANTERRA>,,,,FALSE
2022,MORRIS,SHELLY,,,,FALSE
2022,MORRIS,SY GABBRO <SYNGENTA>,4,1952.0,72.9,TRUE
2022,MORRIS,SY MANNESS,,,,FALSE
2022,MOSSEY RIVER,AAC BRANDON (BW 932),8,2067.0,51.4,TRUE
2022,MOSSEY RIVER,AAC LEROY VB <ALLIANCE>,,,,FALSE
2022,MOSSEY RIVER,AAC REDBERRY,,,,FALSE
2022,MOSSEY RIVER,AAC STARBUCK <SECAN>,,,,FALSE
2022,MOSSEY RIVER,AAC TISDALE (PT250),,,,FALSE
2022,MOSSEY RIVER,AAC VIEWFIELD <FP GENETICS>|BW965| EXP,3,862.0,52.2,TRUE
2022,MOSSEY RIVER,AAC WHEATLAND <SECAN>,,,,FALSE
2022,MOSSEY RIVER,CARDALE (BW429),4,1170.0,63.0,TRUE
2022,MOSSEY RIVER,CDC ORTONA <PROVEN>,,,,FALSE
2022,MOSSEY RIVER,FIELDSTAR VB,,,,FALSE
2022,MOUNTAIN,AAC BRANDON (BW 932),4,2343.0,48.8,TRUE
2022,MOUNTAIN,AAC ELIE(BW931),,,,FALSE
2022,MOUNTAIN,AAC REDBERRY,4,1072.0,36.9,TRUE
2022,MOUNTAIN,AAC STARBUCK <SECAN>,,,,FALSE
2022,MOUNTAIN,AAC VIEWFIELD <FP GENETICS>|BW965| EXP,27,14496.0,72.5,TRUE
2022,MOUNTAIN,AAC WHEATLAND <SECAN>,7,2119.0,65.8,TRUE
2022,MOUNTAIN,AC INTREPID (BW 693),,,,FALSE
2022,MOUNTAIN,CARBERRY (BW874),,,,FALSE
2022,MOUNTAIN,CARDALE (BW429),3,1432.0,63.6,TRUE
2022,MOUNTAIN,CDC GO (BW781),,,,FALSE
2022,MOUNTAIN,CDC LANDMARK,,,,FALSE
2022,MOUNTAIN,CDC ORTONA <PROVEN>,,,,FALSE
2022,MOUNTAIN,CDC PLENTIFUL (PT580),,,,FALSE
2022,MOUNTAIN,SUPERB (BW252),,,,FALSE
2022,MOUNTAIN,SY GABBRO <SYNGENTA>,,,,FALSE
2022,NORFOLK-TREHERNE,AAC BRANDON (BW 932),33,14477.0,66.6,TRUE
2022,NORFOLK-TREHERNE,AAC ELIE(BW931),,,,FALSE
2022,NORFOLK-TREHERNE,AAC LEROY VB <ALLIANCE>,4,696.0,67.4,TRUE
2022,NORFOLK-TREHERNE,AAC STARBUCK <SECAN>,11,2757.0,68.0,TRUE
2022,NORFOLK-TREHERNE,AAC TISDALE (PT250),,,,FALSE
2022,NORFOLK-TREHERNE,AAC WHEATLAND <SECAN>,8,3151.0,74.0,TRUE
2022,NORFOLK-TREHERNE,CARDALE (BW429),,,,FALSE
2022,NORFOLK-TREHERNE,CDC SKRUSH |PT599|,,,,FALSE
2022,NORFOLK-TREHERNE,SY CAST,,,,FALSE
2022,NORFOLK-TREHERNE,SY TORACH <SYNGENTA>,,,,FALSE
2022,NORTH CYPRESS-LANGFORD,AAC BRANDON (BW 932),69,41662.0,58.0,TRUE
2022,NORTH CYPRESS-LANGFORD,AAC ELIE(BW931),3,1724.0,68.8,TRUE
2022,NORTH CYPRESS-LANGFORD,AAC REDBERRY,3,814.0,64.9,TRUE
2022,NORTH CYPRESS-LANGFORD,AAC STARBUCK <SECAN>,22,9753.0,62.3,TRUE
2022,NORTH CYPRESS-LANGFORD,AAC VIEWFIELD <FP GENETICS>|BW965| EXP,,,,FALSE
2022,NORTH CYPRESS-LANGFORD,CDC STANLEY (BW880),,,,FALSE
2022,NORTH NORFOLK,AAC BRANDON (BW 932),38,10122.0,42.5,TRUE
2022,NORTH NORFOLK,AAC ELIE(BW931),3,580.0,39.3,TRUE
2022,NORTH NORFOLK,AAC HODGE |BW1069|,,,,FALSE
2022,NORTH NORFOLK,AAC LEROY VB <ALLIANCE>,,,,FALSE
2022,NORTH NORFOLK,AAC STARBUCK <SECAN>,13,4743.0,52.9,TRUE
2022,NORTH NORFOLK,BOLLES <SEED DEPOT>,8,4985.0,61.0,TRUE
2022,NORTH NORFOLK,CARDALE (BW429),7,1572.0,55.2,TRUE
2022,NORTH NORFOLK,CDC SKRUSH |PT599|,,,,FALSE
2022,OAKLAND-WAWANESA,5605HR CL (BW918),,,,FALSE
2022,OAKLAND-WAWANESA,AAC BRANDON (BW 932),26,11815.0,59.5,TRUE
2022,OAKLAND-WAWANESA,AAC ELIE(BW931),,,,FALSE
2022,OAKLAND-WAWANESA,"AAC MAGNET |BW 1045, BJ14*A01135|",,,,FALSE
2022,OAKLAND-WAWANESA,AAC STARBUCK <SECAN>,14,4044.0,53.1,TRUE
2022,OAKLAND-WAWANESA,AAC VIEWFIELD <FP GENETICS>|BW965| EXP,,,,FALSE
2022,OAKLAND-WAWANESA,AAC WHEATLAND <SECAN>,12,3277.0,60.7,TRUE
2022,OAKLAND-WAWANESA,BOLLES <SEED DEPOT>,,,,FALSE
2022,OAKLAND-WAWANESA,CARDALE (BW429),,,,FALSE
2022,OAKLAND-WAWANESA,GLENN,,,,FALSE
2022,OAKVIEW,AAC ALIDA (BW980),,,,FALSE
2022,OAKVIEW,AAC BRANDON (BW 932),31,10491.8,54.4,TRUE
2022,OAKVIEW,AAC HOCKLEY |BW5044|,,,,FALSE
2022,OAKVIEW,AAC LEROY VB <ALLIANCE>,,,,FALSE
2022,OAKVIEW,AAC REDBERRY,13,4885.0,53.8,TRUE
2022,OAKVIEW,AAC REDSTAR <SECAN> |PT488|,,,,FALSE
2022,OAKVIEW,AAC STARBUCK <SECAN>,50,17417.3,62.9,TRUE
2022,OAKVIEW,AAC VIEWFIELD <FP GENETICS>|BW965| EXP,,,,FALSE
2022,OAKVIEW,AAC WHEATLAND <SECAN>,28,9323.0,57.9,TRUE
2022,OAKVIEW,BOLLES <SEED DEPOT>,9,2305.0,59.9,TRUE
2022,OAKVIEW,CDC LANDMARK,,,,FALSE
2022,OAKVIEW,CDC ORTONA <PROVEN>,,,,FALSE
2022,OAKVIEW,CDC UTMOST (BW 883),,,,FALSE
2022,OAKVIEW,GLENN,,,,FALSE
2022,OAKVIEW,SUPERB (BW252),,,,FALSE
2022,OAKVIEW,SY CAST,,,,FALSE
2022,PEMBINA,AAC BRANDON (BW 932),82,30426.0,69.0,TRUE
2022,PEMBINA,AAC ELIE(BW931),,,,FALSE
2022,PEMBINA,AAC HOCKLEY |BW5044|,,,,FALSE
2022,PEMBINA,AAC HODGE |BW1069|,,,,FALSE
2022,PEMBINA,AAC STARBUCK <SECAN>,40,10677.0,68.9,TRUE
2022,PEMBINA,AAC TISDALE (PT250),,,,FALSE
2022,PEMBINA,AAC WHEATLAND <SECAN>,5,1180.0,51.4,TRUE
2022,PEMBINA,BOLLES <SEED DEPOT>,,,,FALSE
2022,PEMBINA,CARBERRY (BW874),,,,FALSE
2022,PEMBINA,CARDALE (BW429),,,,FALSE
2022,PEMBINA,CDC LANDMARK,,,,FALSE
2022,PEMBINA,SY CAST,6,1037.0,66.6,TRUE
2022,PEMBINA,SY TORACH <SYNGENTA>,4,960.0,68.2,TRUE
2022,PINEY,AAC BRANDON (BW 932),8,1991.0,50.1,TRUE
2022,PIPESTONE,AAC BRANDON (BW 932),48,22129.0,49.4,TRUE
2022,PIPESTONE,AAC ELIE(BW931),5,4325.0,54.2,TRUE
2022,PIPESTONE,AAC LEROY VB <ALLIANCE>,,,,FALSE
2022,PIPESTONE,"AAC MAGNET |BW 1045, BJ14*A01135|",,,,FALSE
2022,PIPESTONE,AAC REDBERRY,5,1936.0,42.6,TRUE
2022,PIPESTONE,AAC STARBUCK <SECAN>,19,9440.0,52.8,TRUE
2022,PIPESTONE,AAC TISDALE (PT250),,,,FALSE
2022,PIPESTONE,AAC VIEWFIELD <FP GENETICS>|BW965| EXP,7,1374.0,42.4,TRUE
2022,PIPESTONE,AAC WHEATLAND <SECAN>,10,5764.0,56.5,TRUE
2022,PIPESTONE,BOLLES <SEED DEPOT>,,,,FALSE
2022,PIPESTONE,CARBERRY (BW874),,,,FALSE
2022,PIPESTONE,CDC HUGHES <CPSC> |PT588|,3,698.0,52.2,TRUE
2022,PIPESTONE,CDC LANDMARK,,,,FALSE
2022,PORTAGE LA PRAIRIE,AAC BRANDON (BW 932),86,51489.0,63.1,TRUE
2022,PORTAGE LA PRAIRIE,AAC ELIE(BW931),,,,FALSE
2022,PORTAGE LA PRAIRIE,AAC HOCKLEY |BW5044|,,,,FALSE
2022,PORTAGE LA PRAIRIE,AAC REDBERRY,,,,FALSE
2022,PORTAGE LA PRAIRIE,AAC STARBUCK <SECAN>,48,21024.0,66.5,TRUE
2022,PORTAGE LA PRAIRIE,AAC VIEWFIELD <FP GENETICS>|BW965| EXP,3,640.0,51.7,TRUE
2022,PORTAGE LA PRAIRIE,BOLLES <SEED DEPOT>,4,2481.0,50.5,TRUE
2022,PORTAGE LA PRAIRIE,CARBERRY (BW874),,,,FALSE
2022,PORTAGE LA PRAIRIE,CARDALE (BW429),6,1187.0,36.0,TRUE
2022,PRAIRIE LAKES,AAC BRANDON (BW 932),63,28424.5,55.9,TRUE
2022,PRAIRIE LAKES,AAC CAMERON VB <CANTERRA>,,,,FALSE
2022,PRAIRIE LAKES,AAC ELIE(BW931),,,,FALSE
2022,PRAIRIE LAKES,AAC LEROY VB <ALLIANCE>,,,,FALSE
2022,PRAIRIE LAKES,AAC REDBERRY,,,,FALSE
2022,PRAIRIE LAKES,AAC STARBUCK <SECAN>,22,9805.5,59.1,TRUE
2022,PRAIRIE LAKES,AAC TISDALE (PT250),,,,FALSE
2022,PRAIRIE LAKES,AAC VIEWFIELD <FP GENETICS>|BW965| EXP,,,,FALSE
2022,PRAIRIE LAKES,AAC W1876 |BW957|,,,,FALSE
2022,PRAIRIE LAKES,AAC WHEATLAND <SECAN>,15,2726.0,61.9,TRUE
2022,PRAIRIE LAKES,GLENN,,,,FALSE
2022,PRAIRIE LAKES,WR859 CL (BW859),,,,FALSE
2022,PRAIRIE VIEW,AAC BRANDON (BW 932),24,7718.0,49.6,TRUE
2022,PRAIRIE VIEW,AAC LEROY VB <ALLIANCE>,6,1663.0,66.3,TRUE
2022,PRAIRIE VIEW,AAC REDBERRY,19,7228.0,52.1,TRUE
2022,PRAIRIE VIEW,AAC RUSSELL <FP GENETICS>,,,,FALSE
2022,PRAIRIE VIEW,AAC STARBUCK <SECAN>,44,18232.0,63.8,TRUE
2022,PRAIRIE VIEW,AAC VIEWFIELD <FP GENETICS>|BW965| EXP,,,,FALSE
2022,PRAIRIE VIEW,AAC WHEATLAND <SECAN>,60,28859.0,64.6,TRUE
2022,PRAIRIE VIEW,BOLLES <SEED DEPOT>,7,4103.0,58.0,TRUE
2022,PRAIRIE VIEW,CDC LANDMARK,4,1317.0,74.9,TRUE
2022,PRAIRIE VIEW,GLENN,,,,FALSE
2022,PRAIRIE VIEW,SY GABBRO <SYNGENTA>,,,,FALSE
2022,PRAIRIE VIEW,SY TORACH <SYNGENTA>,,,,FALSE
2022,REYNOLDS,AAC BRANDON (BW 932),,,,FALSE
2022,REYNOLDS,AAC LEROY VB <ALLIANCE>,,,,FALSE
2022,REYNOLDS,AAC STARBUCK <SECAN>,,,,FALSE
2022,REYNOLDS,AAC VIEWFIELD <FP GENETICS>|BW965| EXP,,,,FALSE
2022,REYNOLDS,CDC SKRUSH |PT599|,,,,FALSE
2022,REYNOLDS,SY CAST,,,,FALSE
2022,RHINELAND,AAC BRANDON (BW 932),68,17392.0,63.3,TRUE
2022,RHINELAND,AAC HODGE |BW1069|,,,,FALSE
2022,RHINELAND,AAC STARBUCK <SECAN>,60,10926.0,65.4,TRUE
2022,RHINELAND,AAC WHEATLAND <SECAN>,10,2463.0,65.4,TRUE
2022,RHINELAND,CARBERRY (BW874),,,,FALSE
2022,RHINELAND,CS DAYBREAK <CANTERRA>,,,,FALSE
2022,RHINELAND,SY CAST,4,523.0,56.4,TRUE
2022,RHINELAND,SY MANNESS,,,,FALSE
2022,RIDING MOUNTAIN WEST,AAC BRANDON (BW 932),23,7141.5,61.9,TRUE
2022,RIDING MOUNTAIN WEST,AAC HOCKLEY |BW5044|,3,1551.0,78.0,TRUE
2022,RIDING MOUNTAIN WEST,AAC HODGE |BW1069|,,,,FALSE
2022,RIDING MOUNTAIN WEST,AAC LEROY VB <ALLIANCE>,6,1751.0,60.1,TRUE
2022,RIDING MOUNTAIN WEST,AAC REDBERRY,18,5332.2,53.4,TRUE
2022,RIDING MOUNTAIN WEST,AAC REDWATER (PT457),,,,FALSE
2022,RIDING MOUNTAIN WEST,AAC RUSSELL <FP GENETICS>,,,,FALSE
2022,RIDING MOUNTAIN WEST,AAC STARBUCK <SECAN>,29,11628.0,63.2,TRUE
2022,RIDING MOUNTAIN WEST,AAC TISDALE (PT250),,,,FALSE
2022,RIDING MOUNTAIN WEST,AAC VIEWFIELD <FP GENETICS>|BW965| EXP,12,5191.0,66.7,TRUE
2022,RIDING MOUNTAIN WEST,AAC WHEATLAND <SECAN>,35,14554.0,67.8,TRUE
2022,RIDING MOUNTAIN WEST,BOLLES <SEED DEPOT>,12,6333.0,60.4,TRUE
2022,RIDING MOUNTAIN WEST,CARBERRY (BW874),,,,FALSE
2022,RIDING MOUNTAIN WEST,CDC LANDMARK,14,7231.0,69.5,TRUE
2022,RIDING MOUNTAIN WEST,GLENN,,,,FALSE
2022,RIDING MOUNTAIN WEST,HARVEST (BW259),,,,FALSE
2022,RITCHOT,AAC BRANDON (BW 932),27,8697.0,55.5,TRUE
2022,RITCHOT,AAC ELIE(BW931),,,,FALSE
2022,RITCHOT,AAC STARBUCK <SECAN>,14,4706.2,62.5,TRUE
2022,RITCHOT,AAC VIEWFIELD <FP GENETICS>|BW965| EXP,,,,FALSE
2022,RITCHOT,CARDALE (BW429),,,,FALSE
2022,RITCHOT,CS DAYBREAK <CANTERRA>,4,1509.0,71.1,TRUE
2022,RITCHOT,SY GABBRO <SYNGENTA>,,,,FALSE
2022,RIVERDALE,AAC BRANDON (BW 932),24,10500.0,58.1,TRUE
2022,RIVERDALE,AAC HOCKLEY |BW5044|,,,,FALSE
2022,RIVERDALE,AAC REDSTAR <SECAN> |PT488|,,,,FALSE
2022,RIVERDALE,AAC STARBUCK <SECAN>,20,5966.0,60.9,TRUE
2022,RIVERDALE,AAC WHEATLAND <SECAN>,3,1034.0,59.9,TRUE
2022,RIVERDALE,BOLLES <SEED DEPOT>,,,,FALSE
2022,ROCKWOOD,AAC BRANDON (BW 932),40,12915.0,56.0,TRUE
2022,ROCKWOOD,AAC ELIE(BW931),3,948.0,67.9,TRUE
2022,ROCKWOOD,AAC LEROY VB <ALLIANCE>,8,2252.0,65.2,TRUE
2022,ROCKWOOD,AAC STARBUCK <SECAN>,27,14307.0,64.0,TRUE
2022,ROCKWOOD,AAC VIEWFIELD <FP GENETICS>|BW965| EXP,4,501.0,57.4,TRUE
2022,ROCKWOOD,BOLLES <SEED DEPOT>,3,1345.0,58.3,TRUE
2022,ROCKWOOD,CDC HUGHES <CPSC> |PT588|,,,,FALSE
2022,ROCKWOOD,SY CAST,,,,FALSE
2022,ROCKWOOD,SY TORACH <SYNGENTA>,,,,FALSE
2022,ROLAND,AAC BRANDON (BW 932),39,11035.0,71.8,TRUE
2022,ROLAND,AAC LEROY VB <ALLIANCE>,,,,FALSE
2022,ROLAND,AAC STARBUCK <SECAN>,35,9259.0,60.3,TRUE
2022,ROLAND,AAC VIEWFIELD <FP GENETICS>|BW965| EXP,,,,FALSE
2022,ROLAND,AAC WHEATLAND <SECAN>,,,,FALSE
2022,ROLAND,BOLLES <SEED DEPOT>,,,,FALSE
2022,ROLAND,CARDALE (BW429),,,,FALSE
2022,ROLAND,SY CAST,,,,FALSE
2022,ROLAND,SY GABBRO <SYNGENTA>,,,,FALSE
2022,ROLAND,SY TORACH <SYNGENTA>,,,,FALSE
2022,ROSEDALE,AAC BRANDON (BW 932),25,10998.0,59.3,TRUE
2022,ROSEDALE,AAC ELIE(BW931),,,,FALSE
2022,ROSEDALE,AAC REDBERRY,5,2569.0,70.6,TRUE
2022,ROSEDALE,AAC STARBUCK <SECAN>,12,2570.0,51.8,TRUE
2022,ROSEDALE,AAC TISDALE (PT250),,,,FALSE
2022,ROSEDALE,AAC VIEWFIELD <FP GENETICS>|BW965| EXP,,,,FALSE
2022,ROSEDALE,AAC WHEATLAND <SECAN>,3,879.0,61.3,TRUE
2022,ROSEDALE,BOLLES <SEED DEPOT>,,,,FALSE
2022,ROSEDALE,CDC PLENTIFUL (PT580),,,,FALSE
2022,ROSEDALE,WASKADA (BW 357),,,,FALSE
2022,ROSSBURN,AAC BRANDON (BW 932),16,5287.0,60.3,TRUE
2022,ROSSBURN,AAC LEROY VB <ALLIANCE>,,,,FALSE
2022,ROSSBURN,AAC REDBERRY,11,2518.0,57.0,TRUE
2022,ROSSBURN,AAC STARBUCK <SECAN>,20,7301.5,61.2,TRUE
2022,ROSSBURN,AAC VIEWFIELD <FP GENETICS>|BW965| EXP,,,,FALSE
2022,ROSSBURN,AAC WHEATLAND <SECAN>,13,4367.0,63.0,TRUE
2022,ROSSBURN,BOLLES <SEED DEPOT>,,,,FALSE
2022,ROSSBURN,CDC VR MORRIS (BW423),,,,FALSE
2022,ROSSBURN,SY GABBRO <SYNGENTA>,3,1023.0,51.4,TRUE
2022,ROSSER,AAC BRANDON (BW 932),17,7337.0,64.5,TRUE
2022,ROSSER,AAC ELIE(BW931),,,,FALSE
2022,ROSSER,AAC HOCKLEY |BW5044|,,,,FALSE
2022,ROSSER,AAC LEROY VB <ALLIANCE>,4,964.0,64.5,TRUE
2022,ROSSER,AAC STARBUCK <SECAN>,25,11542.0,72.3,TRUE
2022,ROSSER,AAC VIEWFIELD <FP GENETICS>|BW965| EXP,3,981.0,64.8,TRUE
2022,ROSSER,CARDALE (BW429),,,,FALSE
2022,RUSSELL-BINSCARTH,AAC ALIDA (BW980),,,,FALSE
2022,RUSSELL-BINSCARTH,AAC BRANDON (BW 932),8,1661.0,54.8,TRUE
2022,RUSSELL-BINSCARTH,AAC LEROY VB <ALLIANCE>,3,759.0,70.6,TRUE
2022,RUSSELL-BINSCARTH,AAC REDBERRY,4,1693.0,61.2,TRUE
2022,RUSSELL-BINSCARTH,AAC STARBUCK <SECAN>,10,4743.0,62.4,TRUE
2022,RUSSELL-BINSCARTH,AAC WHEATLAND <SECAN>,17,7186.0,65.9,TRUE
2022,RUSSELL-BINSCARTH,BOLLES <SEED DEPOT>,,,,FALSE
2022,RUSSELL-BINSCARTH,CARDALE (BW429),,,,FALSE
2022,RUSSELL-BINSCARTH,CDC LANDMARK,3,1819.0,68.9,TRUE
2022,RUSSELL-BINSCARTH,GLENN,,,,FALSE
2022,SIFTON,AAC BRANDON (BW 932),9,2709.0,41.7,TRUE
2022,SIFTON,AAC ELIE(BW931),,,,FALSE
2022,SIFTON,AAC LEROY VB <ALLIANCE>,,,,FALSE
2022,SIFTON,AAC STARBUCK <SECAN>,,,,FALSE
2022,SIFTON,AAC WHEATLAND <SECAN>,5,2305.0,52.6,TRUE
2022,SOURIS-GLENWOOD,AAC ALIDA (BW980),,,,FALSE
2022,SOURIS-GLENWOOD,AAC BRANDON (BW 932),28,15854.0,53.4,TRUE
2022,SOURIS-GLENWOOD,AAC HOCKLEY |BW5044|,,,,FALSE
2022,SOURIS-GLENWOOD,AAC LEROY VB <ALLIANCE>,,,,FALSE
2022,SOURIS-GLENWOOD,"AAC MAGNET |BW 1045, BJ14*A01135|",,,,FALSE
2022,SOURIS-GLENWOOD,AAC STARBUCK <SECAN>,,,,FALSE
2022,SOURIS-GLENWOOD,AAC TISDALE (PT250),,,,FALSE
2022,SOURIS-GLENWOOD,AAC WHEATLAND <SECAN>,5,1490.0,56.3,TRUE
2022,SOURIS-GLENWOOD,CARDALE (BW429),,,,FALSE
2022,SOURIS-GLENWOOD,SY CAST,,,,FALSE
2022,SPRINGFIELD,AAC BRANDON (BW 932),33,11896.0,57.7,TRUE
2022,SPRINGFIELD,AAC ELIE(BW931),,,,FALSE
2022,SPRINGFIELD,AAC LEROY VB <ALLIANCE>,6,1051.0,62.4,TRUE
2022,SPRINGFIELD,AAC REDBERRY,,,,FALSE
2022,SPRINGFIELD,AAC STARBUCK <SECAN>,11,4115.0,64.1,TRUE
2022,SPRINGFIELD,AAC VIEWFIELD <FP GENETICS>|BW965| EXP,,,,FALSE
2022,SPRINGFIELD,AC BARRIE (BW 661),,,,FALSE
2022,SPRINGFIELD,AC DOMAIN (BW 148),,,,FALSE
2022,SPRINGFIELD,BOLLES <SEED DEPOT>,3,1342.0,44.7,TRUE
2022,SPRINGFIELD,CARDALE (BW429),,,,FALSE
2022,SPRINGFIELD,CDC STANLEY (BW880),,,,FALSE
2022,SPRINGFIELD,CS DAYBREAK <CANTERRA>,11,3646.0,66.8,TRUE
2022,SPRINGFIELD,SY CAST,,,,FALSE
2022,ST. ANDREWS,AAC BRANDON (BW 932),15,6034.0,61.6,TRUE
2022,ST. ANDREWS,AAC ELIE(BW931),6,2352.0,55.6,TRUE
2022,ST. ANDREWS,AAC LEROY VB <ALLIANCE>,7,1695.0,63.4,TRUE
2022,ST. ANDREWS,AAC STARBUCK <SECAN>,12,9393.0,73.8,TRUE
2022,ST. ANDREWS,AAC VIEWFIELD <FP GENETICS>|BW965| EXP,,,,FALSE
2022,ST. ANDREWS,BOLLES <SEED DEPOT>,5,2084.0,47.7,TRUE
2022,ST. ANDREWS,CARDALE (BW429),,,,FALSE
2022,ST. ANDREWS,CDC OSLER (PT555),,,,FALSE
2022,ST. ANDREWS,CDC TITANIUM <PROVEN>,,,,FALSE
2022,ST. ANDREWS,CS DAYBREAK <CANTERRA>,,,,FALSE
2022,ST. ANDREWS,GLENN,,,,FALSE
2022,ST. ANDREWS,SY CAST,,,,FALSE
2022,ST. ANDREWS,SY GABBRO <SYNGENTA>,,,,FALSE
2022,ST. ANDREWS,SY TORACH <SYNGENTA>,,,,FALSE
2022,ST. CLEMENTS,AAC BRANDON (BW 932),19,8181.0,61.0,TRUE
2022,ST. CLEMENTS,AAC ELIE(BW931),3,1141.0,58.8,TRUE
2022,ST. CLEMENTS,AAC LEROY VB <ALLIANCE>,,,,FALSE
2022,ST. CLEMENTS,AAC STARBUCK <SECAN>,,,,FALSE
2022,ST. CLEMENTS,AAC VIEWFIELD <FP GENETICS>|BW965| EXP,9,3209.5,72.1,TRUE
2022,ST. CLEMENTS,CARDALE (BW429),,,,FALSE
2022,ST. CLEMENTS,KANE (BW342),,,,FALSE
2022,ST. CLEMENTS,SY CAST,,,,FALSE
2022,ST. FRANCIS XAVIER,AAC BRANDON (BW 932),5,2432.0,67.5,TRUE
2022,ST. FRANCIS XAVIER,AAC STARBUCK <SECAN>,13,5940.0,66.3,TRUE
2022,ST. FRANCIS XAVIER,SY GABBRO <SYNGENTA>,,,,FALSE
2022,ST. LAURENT,AAC BRANDON (BW 932),,,,FALSE
2022,STANLEY,AAC BRANDON (BW 932),60,13332.0,64.4,TRUE
2022,STANLEY,AAC ELIE(BW931),,,,FALSE
2022,STANLEY,AAC STARBUCK <SECAN>,38,6071.0,65.3,TRUE
2022,STANLEY,AAC TISDALE (PT250),,,,FALSE
2022,STANLEY,AAC WHEATLAND <SECAN>,,,,FALSE
2022,STANLEY,BOLLES <SEED DEPOT>,,,,FALSE
2022,STANLEY,CARDALE (BW429),,,,FALSE
2022,STANLEY,FIELDSTAR VB,,,,FALSE
2022,STANLEY,SY CAST,7,1207.0,60.7,TRUE
2022,STE. ANNE,AAC BRANDON (BW 932),23,4711.0,64.4,TRUE
2022,STE. ANNE,AAC HOCKLEY |BW5044|,,,,FALSE
2022,STE. ANNE,AAC STARBUCK <SECAN>,,,,FALSE
2022,STE. ANNE,CARDALE (BW429),,,,FALSE
2022,STE. ROSE,AAC BRANDON (BW 932),12,4662.0,44.9,TRUE
2022,STE. ROSE,AAC REDBERRY,,,,FALSE
2022,STE. ROSE,AAC STARBUCK <SECAN>,4,1127.0,59.0,TRUE
2022,STE. ROSE,AAC TISDALE (PT250),,,,FALSE
2022,STE. ROSE,AAC VIEWFIELD <FP GENETICS>|BW965| EXP,3,785.0,65.7,TRUE
2022,STE. ROSE,BOLLES <SEED DEPOT>,3,1267.0,60.3,TRUE
2022,STE. ROSE,CARDALE (BW429),,,,FALSE
2022,STUARTBURN,AAC BRANDON (BW 932),,,,FALSE
2022,STUARTBURN,AAC STARBUCK <SECAN>,,,,FALSE
2022,STUARTBURN,AAC TISDALE (PT250),,,,FALSE
2022,SWAN VALLEY WEST,AAC BRANDON (BW 932),9,3835.0,66.5,TRUE
2022,SWAN VALLEY WEST,AAC CONNERY |PT245|,,,,FALSE
2022,SWAN VALLEY WEST,AAC HOCKLEY |BW5044|,3,1026.0,69.6,TRUE
2022,SWAN VALLEY WEST,AAC HODGE |BW1069|,,,,FALSE
2022,SWAN VALLEY WEST,AAC REDBERRY,6,2121.0,53.5,TRUE
2022,SWAN VALLEY WEST,AAC REDSTAR <SECAN> |PT488|,,,,FALSE
2022,SWAN VALLEY WEST,AAC STARBUCK <SECAN>,5,2234.0,93.5,TRUE
2022,SWAN VALLEY WEST,AAC TISDALE (PT250),11,3572.0,68.2,TRUE
2022,SWAN VALLEY WEST,AAC VIEWFIELD <FP GENETICS>|BW965| EXP,71,42788.0,74.6,TRUE
2022,SWAN VALLEY WEST,AAC WHEATLAND <SECAN>,34,18418.0,75.8,TRUE
2022,SWAN VALLEY WEST,BOLLES <SEED DEPOT>,,,,FALSE
2022,SWAN VALLEY WEST,CDC LANDMARK,4,1038.0,81.0,TRUE
2022,SWAN VALLEY WEST,CDC PLENTIFUL (PT580),4,922.0,48.8,TRUE
2022,SWAN VALLEY WEST,ELLERSLIE <SECAN>,,,,FALSE
2022,SWAN VALLEY WEST,SY GABBRO <SYNGENTA>,6,1146.0,68.9,TRUE
2022,SWAN VALLEY WEST,SY MANNESS,,,,FALSE
2022,TACHE,AAC BRANDON (BW 932),47,12481.0,64.5,TRUE
2022,TACHE,AAC LEROY VB <ALLIANCE>,,,,FALSE
2022,TACHE,AAC REDBERRY,,,,FALSE
2022,TACHE,AAC STARBUCK <SECAN>,4,1194.0,75.9,TRUE
2022,TACHE,AAC VIEWFIELD <FP GENETICS>|BW965| EXP,,,,FALSE
2022,TACHE,CARDALE (BW429),,,,FALSE
2022,TACHE,CDC STANLEY (BW880),,,,FALSE
2022,TACHE,CS DAYBREAK <CANTERRA>,,,,FALSE
2022,THOMPSON,AAC BRANDON (BW 932),30,9454.0,66.4,TRUE
2022,THOMPSON,AAC ELIE(BW931),,,,FALSE
2022,THOMPSON,AAC STARBUCK <SECAN>,22,6180.0,65.7,TRUE
2022,THOMPSON,AAC WHEATLAND <SECAN>,,,,FALSE
2022,THOMPSON,CARBERRY (BW874),,,,FALSE
2022,THOMPSON,GLENN,,,,FALSE
2022,THOMPSON,SY CAST,,,,FALSE
2022,THOMPSON,SY GABBRO <SYNGENTA>,,,,FALSE
2022,TWO BORDERS,AAC BRANDON (BW 932),62,36731.7,52.2,TRUE
2022,TWO BORDERS,AAC BROADACRES <PROVEN>,,,,FALSE
2022,TWO BORDERS,AAC ELIE(BW931),35,17238.5,50.2,TRUE
2022,TWO BORDERS,AAC HOCKLEY |BW5044|,,,,FALSE
2022,TWO BORDERS,AAC HODGE |BW1069|,,,,FALSE
2022,TWO BORDERS,AAC LEROY VB <ALLIANCE>,8,5691.0,55.9,TRUE
2022,TWO BORDERS,AAC REDBERRY,4,1495.0,41.4,TRUE
2022,TWO BORDERS,AAC STARBUCK <SECAN>,21,6372.0,49.1,TRUE
2022,TWO BORDERS,AAC VIEWFIELD <FP GENETICS>|BW965| EXP,4,1864.0,39.0,TRUE
2022,TWO BORDERS,AAC WHEATLAND <SECAN>,7,6592.0,55.6,TRUE
2022,TWO BORDERS,AC BARRIE (BW 661),,,,FALSE
2022,TWO BORDERS,BOLLES <SEED DEPOT>,,,,FALSE
2022,TWO BORDERS,CARBERRY (BW874),3,910.0,43.3,TRUE
2022,TWO BORDERS,CDC PLENTIFUL (PT580),,,,FALSE
2022,TWO BORDERS,SY TORACH <SYNGENTA>,3,2092.0,61.0,TRUE
2022,UNORG TERRITORY,AAC STARBUCK <SECAN>,,,,FALSE
2022,UNORG TERRITORY,AAC VIEWFIELD <FP GENETICS>|BW965| EXP,,,,FALSE
2022,UNORG TERRITORY,AAC WHEATLAND <SECAN>,,,,FALSE
2022,VICTORIA,AAC BRANDON (BW 932),17,6042.0,61.3,TRUE
2022,VICTORIA,AAC ELIE(BW931),10,2012.0,45.5,TRUE
2022,VICTORIA,AAC LEROY VB <ALLIANCE>,7,1045.0,54.7,TRUE
2022,VICTORIA,AAC REDBERRY,,,,FALSE
2022,VICTORIA,AAC STARBUCK <SECAN>,8,2636.0,68.3,TRUE
2022,VICTORIA,AAC WHEATLAND <SECAN>,,,,FALSE
2022,VICTORIA,CARDALE (BW429),,,,FALSE
2022,VICTORIA,CDC TITANIUM <PROVEN>,,,,FALSE
2022,VICTORIA,SY CAST,,,,FALSE
2022,VICTORIA,SY TORACH <SYNGENTA>,,,,FALSE
2022,WALLACE-WOODWORTH,AAC BRANDON (BW 932),73,31277.0,61.9,TRUE
2022,WALLACE-WOODWORTH,AAC CAMERON VB <CANTERRA>,,,,FALSE
2022,WALLACE-WOODWORTH,AAC ELIE(BW931),,,,FALSE
2022,WALLACE-WOODWORTH,AAC HODGE |BW1069|,,,,FALSE
2022,WALLACE-WOODWORTH,AAC LEROY VB <ALLIANCE>,,,,FALSE
2022,WALLACE-WOODWORTH,"AAC MAGNET |BW 1045, BJ14*A01135|",3,680.0,50.9,TRUE
2022,WALLACE-WOODWORTH,AAC REDBERRY,8,4120.0,50.0,TRUE
2022,WALLACE-WOODWORTH,AAC REDSTAR <SECAN> |PT488|,,,,FALSE
2022,WALLACE-WOODWORTH,AAC STARBUCK <SECAN>,40,15684.0,76.9,TRUE
2022,WALLACE-WOODWORTH,AAC TISDALE (PT250),,,,FALSE
2022,WALLACE-WOODWORTH,AAC VIEWFIELD <FP GENETICS>|BW965| EXP,,,,FALSE
2022,WALLACE-WOODWORTH,AAC WHEATLAND <SECAN>,32,11089.0,62.7,TRUE
2022,WALLACE-WOODWORTH,AC BARRIE (BW 661),,,,FALSE
2022,WALLACE-WOODWORTH,BOLLES <SEED DEPOT>,8,2026.0,51.4,TRUE
2022,WALLACE-WOODWORTH,CDC LANDMARK,,,,FALSE
2022,WALLACE-WOODWORTH,GLENN,,,,FALSE
2022,WALLACE-WOODWORTH,NEEPAWA,,,,FALSE
2022,WALLACE-WOODWORTH,SY CAST,,,,FALSE
2022,WALLACE-WOODWORTH,SY TORACH <SYNGENTA>,5,1730.0,65.1,TRUE
2022,WEST INTERLAKE,CARDALE (BW429),,,,FALSE
2022,WEST ST. PAUL,AAC BRANDON (BW 932),,,,FALSE
2022,WEST ST. PAUL,AAC LEROY VB <ALLIANCE>,,,,FALSE
2022,WEST ST. PAUL,AAC STARBUCK <SECAN>,,,,FALSE
2022,WESTLAKE-GLADSTONE,AAC BRANDON (BW 932),48,34074.0,54.7,TRUE
2022,WESTLAKE-GLADSTONE,AAC CAMERON VB <CANTERRA>,,,,FALSE
2022,WESTLAKE-GLADSTONE,AAC ELIE(BW931),3,905.0,48.1,TRUE
2022,WESTLAKE-GLADSTONE,AAC HODGE |BW1069|,,,,FALSE
2022,WESTLAKE-GLADSTONE,AAC LEROY VB <ALLIANCE>,6,3478.0,59.0,TRUE
2022,WESTLAKE-GLADSTONE,AAC REDBERRY,5,2220.0,46.4,TRUE
2022,WESTLAKE-GLADSTONE,AAC STARBUCK <SECAN>,23,10504.0,60.8,TRUE
2022,WESTLAKE-GLADSTONE,AC BARRIE (BW 661),,,,FALSE
2022,WESTLAKE-GLADSTONE,BOLLES <SEED DEPOT>,4,1370.0,56.5,TRUE
2022,WESTLAKE-GLADSTONE,CARBERRY (BW874),,,,FALSE
2022,WESTLAKE-GLADSTONE,CDC PILAR CLPLUS,,,,FALSE
2022,WHITEHEAD,AAC BRANDON (BW 932),43,16014.0,53.5,TRUE
2022,WHITEHEAD,AAC ELIE(BW931),,,,FALSE
2022,WHITEHEAD,AAC STARBUCK <SECAN>,9,2334.0,57.9,TRUE
2022,WHITEHEAD,AAC WHEATLAND <SECAN>,7,4644.0,60.8,TRUE
2022,WHITEHEAD,SY CAST,,,,FALSE
2022,WHITEMOUTH,AAC BRANDON (BW 932),4,831.0,43.2,TRUE
2022,WHITEMOUTH,AAC STARBUCK <SECAN>,4,2608.0,57.6,TRUE
2022,WHITEMOUTH,GLENN,,,,FALSE
2022,WHITEMOUTH,SHELLY,,,,FALSE
2022,WHITEMOUTH,SY CAST,4,629.0,48.9,TRUE
2022,WINNIPEG,AAC BRANDON (BW 932),6,1467.0,63.7,TRUE
2022,WINNIPEG,AAC STARBUCK <SECAN>,6,2149.0,68.5,TRUE
2022,WINNIPEG,AAC VIEWFIELD <FP GENETICS>|BW965| EXP,,,,FALSE
2022,WINNIPEG,CS DAYBREAK <CANTERRA>,,,,FALSE
2022,WOODLANDS,AAC BRANDON (BW 932),32,9569.0,65.7,TRUE
2022,WOODLANDS,AAC ELIE(BW931),,,,FALSE
2022,WOODLANDS,AAC LEROY VB <ALLIANCE>,5,628.0,62.6,TRUE
2022,WOODLANDS,AAC STARBUCK <SECAN>,29,9903.0,67.7,TRUE
2022,WOODLANDS,CARBERRY (BW874),,,,FALSE
2022,WOODLANDS,CDC OSLER (PT555),,,,FALSE
2022,WOODLANDS,CDC PLENTIFUL (PT580),,,,FALSE
2022,WOODLANDS,SY TORACH <SYNGENTA>,,,,FALSE
2022,YELLOWHEAD,AAC BRANDON (BW 932),15,6490.1,51.6,TRUE
2022,YELLOWHEAD,AAC ELIE(BW931),,,,FALSE
2022,YELLOWHEAD,AAC HOCKLEY |BW5044|,,,,FALSE
2022,YELLOWHEAD,AAC HODGE |BW1069|,,,,FALSE
2022,YELLOWHEAD,AAC LEROY VB <ALLIANCE>,4,2339.0,57.8,TRUE
2022,YELLOWHEAD,AAC REDBERRY,21,5059.0,56.6,TRUE
2022,YELLOWHEAD,AAC REDWATER (PT457),,,,FALSE
2022,YELLOWHEAD,AAC STARBUCK <SECAN>,22,9682.0,61.8,TRUE
2022,YELLOWHEAD,AAC VIEWFIELD <FP GENETICS>|BW965| EXP,,,,FALSE
2022,YELLOWHEAD,AAC WHEATLAND <SECAN>,25,14236.0,70.4,TRUE
2022,YELLOWHEAD,BOLLES <SEED DEPOT>,9,6288.0,65.0,TRUE
2022,YELLOWHEAD,ROBLIN,,,,FALSE
2022,YELLOWHEAD,SY GABBRO <SYNGENTA>,,,,FALSE
2022,YELLOWHEAD,SY TORACH <SYNGENTA>,,,,FALSE
2023,ALEXANDER,AAC BRANDON (BW 932),,,,FALSE
2023,ALEXANDER,AAC LEROY VB <ALLIANCE>,,,,FALSE
2023,ALEXANDER,AAC REDBERRY,,,,FALSE
2023,ALEXANDER,AAC STARBUCK <SECAN>,,,,FALSE
2023,ALEXANDER,AAC VIEWFIELD <FP GENETICS>|BW965| EXP,4,2949.0,84.2,TRUE
2023,ALEXANDER,CARDALE (BW429),,,,FALSE
2023,ALEXANDER,GLENN,,,,FALSE
2023,ALEXANDER,SY CAST,,,,FALSE
2023,ALONSA,AAC BRANDON (BW 932),12,4572.0,55.7,TRUE
2023,ALONSA,AAC ELIE(BW931),,,,FALSE
2023,ALONSA,AAC HODGE |BW1069|,,,,FALSE
2023,ALONSA,AAC REDBERRY,,,,FALSE
2023,ALONSA,AAC STARBUCK <SECAN>,,,,FALSE
2023,ALONSA,AAC VIEWFIELD <FP GENETICS>|BW965| EXP,,,,FALSE
2023,ALONSA,AC BARRIE (BW 661),,,,FALSE
2023,ARGYLE,AAC BRANDON (BW 932),50,20205.2,57.6,TRUE
2023,ARGYLE,AAC HOCKLEY |BW5044|,3,588.0,64.6,TRUE
2023,ARGYLE,AAC HODGE |BW1069|,8,1514.0,67.8,TRUE
2023,ARGYLE,AAC STARBUCK <SECAN>,22,10506.0,59.3,TRUE
2023,ARGYLE,AAC WHEATLAND <SECAN>,,,,FALSE
2023,ARGYLE,AC BARRIE (BW 661),,,,FALSE
2023,ARGYLE,CARDALE (BW429),,,,FALSE
2023,ARGYLE,HARVEST (BW259),,,,FALSE
2023,ARGYLE,SY CAST,,,,FALSE
2023,ARMSTRONG,AAC BRANDON (BW 932),8,1136.0,46.3,TRUE
2023,ARMSTRONG,AAC HOCKLEY |BW5044|,,,,FALSE
2023,ARMSTRONG,AAC LEROY VB <ALLIANCE>,,,,FALSE
2023,ARMSTRONG,AAC STARBUCK <SECAN>,,,,FALSE
2023,ARMSTRONG,CARBERRY (BW874),,,,FALSE
2023,ARMSTRONG,CDC HUGHES <CPSC> |PT588|,,,,FALSE
2023,BIFROST-RIVERTON,AAC BRANDON (BW 932),32,11680.0,60.3,TRUE
2023,BIFROST-RIVERTON,AAC HOCKLEY |BW5044|,28,8005.3,60.2,TRUE
2023,BIFROST-RIVERTON,AAC STARBUCK <SECAN>,14,6383.0,58.9,TRUE
2023,BIFROST-RIVERTON,AAC VIEWFIELD <FP GENETICS>|BW965| EXP,15,5118.0,69.9,TRUE
2023,BIFROST-RIVERTON,AC BARRIE (BW 661),,,,FALSE
2023,BIFROST-RIVERTON,CDC HUGHES <CPSC> |PT588|,,,,FALSE
2023,BIFROST-RIVERTON,CDC STANLEY (BW880),,,,FALSE
2023,BIFROST-RIVERTON,CDC TEAL (BW 616),,,,FALSE
2023,BIFROST-RIVERTON,CS DAYBREAK <CANTERRA>,15,7374.0,58.3,TRUE
2023,BIFROST-RIVERTON,SY MANNESS,4,1070.0,68.8,TRUE
2023,BIFROST-RIVERTON,SY TORACH <SYNGENTA>,5,871.0,73.9,TRUE
2023,BOISSEVAIN-MORTON,AAC BRANDON (BW 932),32,16341.0,69.9,TRUE
2023,BOISSEVAIN-MORTON,AAC BROADACRES <PROVEN>,,,,FALSE
2023,BOISSEVAIN-MORTON,AAC ELIE(BW931),3,1355.0,70.8,TRUE
2023,BOISSEVAIN-MORTON,AAC HOCKLEY |BW5044|,18,5407.0,68.3,TRUE
2023,BOISSEVAIN-MORTON,AAC HODGE |BW1069|,13,3162.0,71.3,TRUE
2023,BOISSEVAIN-MORTON,AAC LEROY VB <ALLIANCE>,3,619.0,62.4,TRUE
2023,BOISSEVAIN-MORTON,AAC REDBERRY,,,,FALSE
2023,BOISSEVAIN-MORTON,AAC STARBUCK <SECAN>,11,6235.0,70.2,TRUE
2023,BOISSEVAIN-MORTON,AAC TISDALE (PT250),,,,FALSE
2023,BOISSEVAIN-MORTON,AAC WHEATLAND <SECAN>,26,14031.0,70.3,TRUE
2023,BOISSEVAIN-MORTON,SY MANNESS,,,,FALSE
2023,BRENDA-WASKADA,AAC BRANDON (BW 932),43,32477.0,56.7,TRUE
2023,BRENDA-WASKADA,AAC ELIE(BW931),13,5053.0,44.5,TRUE
2023,BRENDA-WASKADA,AAC HOCKLEY |BW5044|,,,,FALSE
2023,BRENDA-WASKADA,AAC HODGE |BW1069|,4,1376.0,49.6,TRUE
2023,BRENDA-WASKADA,AAC REDBERRY,4,1875.0,48.7,TRUE
2023,BRENDA-WASKADA,AAC STARBUCK <SECAN>,4,2643.0,61.0,TRUE
2023,BRENDA-WASKADA,AAC WHEATLAND <SECAN>,9,4974.0,57.3,TRUE
2023,BRENDA-WASKADA,BOLLES <SEED DEPOT>,,,,FALSE
2023,BRENDA-WASKADA,CDC PLENTIFUL (PT580),,,,FALSE
2023,BRENDA-WASKADA,SY TORACH <SYNGENTA>,,,,FALSE
2023,BROKENHEAD,AAC BRANDON (BW 932),18,4101.0,50.5,TRUE
2023,BROKENHEAD,AAC BROADACRES <PROVEN>,,,,FALSE
2023,BROKENHEAD,AAC ELIE(BW931),,,,FALSE
2023,BROKENHEAD,AAC HOCKLEY |BW5044|,5,599.0,74.4,TRUE
2023,BROKENHEAD,AAC HODGE |BW1069|,,,,FALSE
2023,BROKENHEAD,AAC LEROY VB <ALLIANCE>,,,,FALSE
2023,BROKENHEAD,AAC STARBUCK <SECAN>,4,2263.0,74.7,TRUE
2023,BROKENHEAD,AAC VIEWFIELD <FP GENETICS>|BW965| EXP,27,9412.0,73.9,TRUE
2023,BROKENHEAD,BOLLES <SEED DEPOT>,4,597.0,58.5,TRUE
2023,BROKENHEAD,CARBERRY (BW874),3,930.0,53.5,TRUE
2023,BROKENHEAD,CARDALE (BW429),,,,FALSE
2023,BROKENHEAD,GLENN,,,,FALSE
2023,BROKENHEAD,SY CAST,8,844.0,40.3,TRUE
2023,CARTIER,AAC BRANDON (BW 932),28,14254.0,68.3,TRUE
2023,CARTIER,AAC BROADACRES <PROVEN>,,,,FALSE
2023,CARTIER,AAC HOCKLEY |BW5044|,5,1285.0,70.9,TRUE
2023,CARTIER,AAC HODGE |BW1069|,,,,FALSE
2023,CARTIER,AAC STARBUCK <SECAN>,23,8367.0,75.0,TRUE
2023,CARTIER,AAC VIEWFIELD <FP GENETICS>|BW965| EXP,,,,FALSE
2023,CARTIER,AC BARRIE (BW 661),,,,FALSE
2023,CARTIER,SY GABBRO <SYNGENTA>,,,,FALSE
2023,CARTIER,SY MANNESS,,,,FALSE
2023,CARTWRIGHT-ROBLIN,AAC BRANDON (BW 932),26,10441.0,54.6,TRUE
2023,CARTWRIGHT-ROBLIN,AAC BROADACRES <PROVEN>,,,,FALSE
2023,CARTWRIGHT-ROBLIN,AAC CAMERON VB <CANTERRA>,,,,FALSE
2023,CARTWRIGHT-ROBLIN,AAC HOCKLEY |BW5044|,,,,FALSE
2023,CARTWRIGHT-ROBLIN,AAC HODGE |BW1069|,3,572.0,54.5,TRUE
2023,CARTWRIGHT-ROBLIN,AAC LEROY VB <ALLIANCE>,,,,FALSE
2023,CARTWRIGHT-ROBLIN,AAC REDBERRY,3,727.0,53.9,TRUE
2023,CARTWRIGHT-ROBLIN,AAC STARBUCK <SECAN>,19,5995.0,59.5,TRUE
2023,CARTWRIGHT-ROBLIN,AAC WHEATLAND <SECAN>,17,4859.0,52.5,TRUE
2023,CARTWRIGHT-ROBLIN,HARVEST (BW259),,,,FALSE
2023,CLANWILLIAM-ERICKSON,AAC BRANDON (BW 932),4,1236.0,68.5,TRUE
2023,CLANWILLIAM-ERICKSON,AAC HOCKLEY |BW5044|,3,1620.0,58.7,TRUE
2023,CLANWILLIAM-ERICKSON,AAC LEROY VB <ALLIANCE>,,,,FALSE
2023,CLANWILLIAM-ERICKSON,AAC REDBERRY,3,685.0,38.4,TRUE
2023,CLANWILLIAM-ERICKSON,AAC REDSTAR <SECAN> |PT488|,,,,FALSE
2023,CLANWILLIAM-ERICKSON,AAC STARBUCK <SECAN>,7,2789.0,73.0,TRUE
2023,CLANWILLIAM-ERICKSON,AAC WHEATLAND <SECAN>,,,,FALSE
2023,CLANWILLIAM-ERICKSON,CDC LANDMARK,,,,FALSE
2023,CLANWILLIAM-ERICKSON,SY CAST,,,,FALSE
2023,COLDWELL,AAC BRANDON (BW 932),,,,FALSE
2023,COLDWELL,AAC ELIE(BW931),,,,FALSE
2023,COLDWELL,AAC HOCKLEY |BW5044|,,,,FALSE
2023,COLDWELL,AAC VIEWFIELD <FP GENETICS>|BW965| EXP,,,,FALSE
2023,CORNWALLIS,AAC BRANDON (BW 932),27,7387.0,57.5,TRUE
2023,CORNWALLIS,AAC ELIE(BW931),,,,FALSE
2023,CORNWALLIS,AAC STARBUCK <SECAN>,5,1173.0,48.7,TRUE
2023,CORNWALLIS,AAC VIEWFIELD <FP GENETICS>|BW965| EXP,,,,FALSE
2023,CORNWALLIS,AAC WHEATLAND <SECAN>,5,2349.0,82.8,TRUE
2023,CORNWALLIS,BOLLES <SEED DEPOT>,,,,FALSE
2023,DAUPHIN,AAC BRANDON (BW 932),42,19270.0,54.6,TRUE
2023,DAUPHIN,AAC HOCKLEY |BW5044|,,,,FALSE
2023,DAUPHIN,AAC HODGE |BW1069|,,,,FALSE
2023,DAUPHIN,AAC REDBERRY,5,2923.0,58.6,TRUE
2023,DAUPHIN,AAC STARBUCK <SECAN>,22,7882.0,60.6,TRUE
2023,DAUPHIN,AAC TISDALE (PT250),4,745.0,53.1,TRUE
2023,DAUPHIN,AAC VIEWFIELD <FP GENETICS>|BW965| EXP,11,5115.0,60.8,TRUE
2023,DAUPHIN,AAC WHEATLAND <SECAN>,18,7000.5,54.1,TRUE
2023,DAUPHIN,CARDALE (BW429),3,2312.0,66.1,TRUE
2023,DAUPHIN,CDC VR MORRIS (BW423),,,,FALSE
2023,DAUPHIN,COLUMBUS,,,,FALSE
2023,DAUPHIN,GLENN,,,,FALSE
2023,DAUPHIN,SY MANNESS,,,,FALSE
2023,DAUPHIN,WASKADA (BW 357),,,,FALSE
2023,DELORAINE-WINCHESTER,AAC BRANDON (BW 932),32,15475.0,61.8,TRUE
2023,DELORAINE-WINCHESTER,AAC ELIE(BW931),4,5994.0,82.2,TRUE
2023,DELORAINE-WINCHESTER,AAC HOCKLEY |BW5044|,4,1318.0,61.9,TRUE
2023,DELORAINE-WINCHESTER,AAC HODGE |BW1069|,,,,FALSE
2023,DELORAINE-WINCHESTER,AAC LEROY VB <ALLIANCE>,,,,FALSE
2023,DELORAINE-WINCHESTER,AAC REDBERRY,,,,FALSE
2023,DELORAINE-WINCHESTER,AAC STARBUCK <SECAN>,5,2053.0,72.3,TRUE
2023,DELORAINE-WINCHESTER,AAC WHEATLAND <SECAN>,5,949.0,73.5,TRUE
2023,DELORAINE-WINCHESTER,CARBERRY (BW874),,,,FALSE
2023,DELORAINE-WINCHESTER,SY CAST,,,,FALSE
2023,DESALABERRY,AAC BRANDON (BW 932),29,10848.0,48.6,TRUE
2023,DESALABERRY,AAC HOCKLEY |BW5044|,,,,FALSE
2023,DESALABERRY,AAC HODGE |BW1069|,,,,FALSE
2023,DESALABERRY,AAC STARBUCK <SECAN>,20,9153.0,52.6,TRUE
2023,DESALABERRY,AAC TISDALE (PT250),,,,FALSE
2023,DESALABERRY,AAC VIEWFIELD <FP GENETICS>|BW965| EXP,,,,FALSE
2023,DESALABERRY,AC BARRIE (BW 661),,,,FALSE
2023,DESALABERRY,CARDALE (BW429),,,,FALSE
2023,DESALABERRY,CS DAYBREAK <CANTERRA>,,,,FALSE
2023,DESALABERRY,SY MANNESS,,,,FALSE
2023,DUFFERIN,AAC BRANDON (BW 932),39,11133.0,51.0,TRUE
2023,DUFFERIN,AAC HOCKLEY |BW5044|,18,4886.0,54.2,TRUE
2023,DUFFERIN,AAC HODGE |BW1069|,,,,FALSE
2023,DUFFERIN,AAC LEROY VB <ALLIANCE>,8,1830.0,45.2,TRUE
2023,DUFFERIN,AAC REDBERRY,,,,FALSE
2023,DUFFERIN,AAC STARBUCK <SECAN>,23,5168.0,53.7,TRUE
2023,DUFFERIN,AAC WHEATLAND <SECAN>,,,,FALSE
2023,DUFFERIN,BOLLES <SEED DEPOT>,,,,FALSE
2023,DUFFERIN,SY GABBRO <SYNGENTA>,,,,FALSE
2023,DUFFERIN,SY MANNESS,,,,FALSE
2023,EAST ST PAUL,AAC STARBUCK <SECAN>,,,,FALSE
2023,ELLICE-ARCHIE,AAC BRANDON (BW 932),7,3726.0,53.8,TRUE
2023,ELLICE-ARCHIE,AAC ELIE(BW931),,,,FALSE
2023,ELLICE-ARCHIE,AAC HOCKLEY |BW5044|,3,1023.0,72.0,TRUE
2023,ELLICE-ARCHIE,AAC HODGE |BW1069|,,,,FALSE
2023,ELLICE-ARCHIE,AAC LEROY VB <ALLIANCE>,6,1190.0,48.4,TRUE
2023,ELLICE-ARCHIE,AAC REDBERRY,,,,FALSE
2023,ELLICE-ARCHIE,AAC STARBUCK <SECAN>,15,8047.0,53.9,TRUE
2023,ELLICE-ARCHIE,AAC WHEATLAND <SECAN>,12,8328.0,57.0,TRUE
2023,ELLICE-ARCHIE,BOLLES <SEED DEPOT>,,,,FALSE
2023,ELLICE-ARCHIE,CDC PLENTIFUL (PT580),,,,FALSE
2023,ELLICE-ARCHIE,COLUMBUS,,,,FALSE
2023,ELLICE-ARCHIE,SY MANNESS,,,,FALSE
2023,ELLICE-ARCHIE,SY TORACH <SYNGENTA>,,,,FALSE
2023,ELTON,AAC BRANDON (BW 932),39,19214.0,78.6,TRUE
2023,ELTON,AAC HOCKLEY |BW5044|,5,988.0,76.1,TRUE
2023,ELTON,AAC HODGE |BW1069|,3,773.0,77.6,TRUE
2023,ELTON,AAC STARBUCK <SECAN>,24,12285.0,75.9,TRUE
2023,ELTON,AAC WHEATLAND <SECAN>,6,1954.0,79.2,TRUE
2023,EMERSON-FRANKLIN,AAC BRANDON (BW 932),34,15284.0,70.2,TRUE
2023,EMERSON-FRANKLIN,AAC STARBUCK <SECAN>,15,5021.0,69.1,TRUE
2023,EMERSON-FRANKLIN,AAC WHEATLAND <SECAN>,3,1475.0,80.6,TRUE
2023,EMERSON-FRANKLIN,AC BARRIE (BW 661),,,,FALSE
2023,EMERSON-FRANKLIN,SY MANNESS,,,,FALSE
2023,ETHELBERT,AAC BRANDON (BW 932),10,4111.0,52.8,TRUE
2023,ETHELBERT,AAC ELIE(BW931),,,,FALSE
2023,ETHELBERT,AAC STARBUCK <SECAN>,6,2466.0,45.4,TRUE
2023,ETHELBERT,AAC VIEWFIELD <FP GENETICS>|BW965| EXP,5,913.0,33.1,TRUE
2023,ETHELBERT,AAC WHEATLAND <SECAN>,,,,FALSE
2023,ETHELBERT,CARDALE (BW429),,,,FALSE
2023,ETHELBERT,CDC ORTONA <PROVEN>,,,,FALSE
2023,ETHELBERT,CDC STANLEY (BW880),,,,FALSE
2023,ETHELBERT,CDC VR MORRIS (BW423),,,,FALSE
2023,ETHELBERT,SY MANNESS,,,,FALSE
2023,FISHER,AAC BRANDON (BW 932),26,5350.0,58.9,TRUE
2023,FISHER,AAC HOCKLEY |BW5044|,7,2749.0,59.1,TRUE
2023,FISHER,AAC REDBERRY,,,,FALSE
2023,FISHER,AAC STARBUCK <SECAN>,8,2460.0,76.1,TRUE
2023,FISHER,AAC VIEWFIELD <FP GENETICS>|BW965| EXP,3,1482.0,77.5,TRUE
2023,FISHER,CDC HUGHES <CPSC> |PT588|,,,,FALSE
2023,FISHER,CDC ORTONA <PROVEN>,,,,FALSE
2023,FISHER,CDC STANLEY (BW880),,,,FALSE
2023,FISHER,CDC TEAL (BW 616),,,,FALSE
2023,FISHER,CS DAYBREAK <CANTERRA>,9,1941.0,42.9,TRUE
2023,FISHER,SY TORACH <SYNGENTA>,3,815.0,39.1,TRUE
2023,FISHER,THATCHER,,,,FALSE
2023,GILBERT PLAINS,5604HR CL (BW 878),,,,FALSE
2023,GILBERT PLAINS,AAC BRANDON (BW 932),22,7501.0,64.1,TRUE
2023,GILBERT PLAINS,AAC CAMERON VB <CANTERRA>,,,,FALSE
2023,GILBERT PLAINS,AAC ELIE(BW931),,,,FALSE
2023,GILBERT PLAINS,AAC HOCKLEY |BW5044|,6,884.0,63.1,TRUE
2023,GILBERT PLAINS,AAC LEROY VB <ALLIANCE>,,,,FALSE
2023,GILBERT PLAINS,AAC REDBERRY,22,14881.0,66.8,TRUE
2023,GILBERT PLAINS,AAC STARBUCK <SECAN>,13,5009.0,61.2,TRUE
2023,GILBERT PLAINS,AAC TISDALE (PT250),,,,FALSE
2023,GILBERT PLAINS,AAC VIEWFIELD <FP GENETICS>|BW965| EXP,15,7231.0,61.7,TRUE
2023,GILBERT PLAINS,AAC WHEATLAND <SECAN>,13,4236.0,51.3,TRUE
2023,GILBERT PLAINS,AC BARRIE (BW 661),,,,FALSE
2023,GILBERT PLAINS,AC DOMAIN (BW 148),,,,FALSE
2023,GILBERT PLAINS,BOLLES <SEED DEPOT>,4,1080.0,71.3,TRUE
2023,GILBERT PLAINS,CARDALE (BW429),,,,FALSE
2023,GILBERT PLAINS,CDC PLENTIFUL (PT580),,,,FALSE
2023,GILBERT PLAINS,CDC STANLEY (BW880),,,,FALSE
2023,GILBERT PLAINS,CDC VR MORRIS (BW423),,,,FALSE
2023,GILBERT PLAINS,SY MANNESS,,,,FALSE
2023,GIMLI,AAC BRANDON (BW 932),6,1806.0,73.3,TRUE
2023,GIMLI,AAC LEROY VB <ALLIANCE>,,,,FALSE
2023,GIMLI,AAC STARBUCK <SECAN>,,,,FALSE
2023,GIMLI,AAC VIEWFIELD <FP GENETICS>|BW965| EXP,,,,FALSE
2023,GIMLI,BOLLES <SEED DEPOT>,,,,FALSE
2023,GIMLI,CARDALE (BW429),,,,FALSE
2023,GIMLI,CDC HUGHES <CPSC> |PT588|,,,,FALSE
2023,GIMLI,CS DAYBREAK <CANTERRA>,,,,FALSE
2023,GIMLI,SY MANNESS,,,,FALSE
2023,GIMLI,SY TORACH <SYNGENTA>,,,,FALSE
2023,GLENBORO-SOUTH CYPRESS,5604HR CL (BW 878),,,,FALSE
2023,GLENBORO-SOUTH CYPRESS,AAC BRANDON (BW 932),26,9115.0,56.4,TRUE
2023,GLENBORO-SOUTH CYPRESS,AAC HOCKLEY |BW5044|,,,,FALSE
2023,GLENBORO-SOUTH CYPRESS,AAC HODGE |BW1069|,,,,FALSE
2023,GLENBORO-SOUTH CYPRESS,AAC STARBUCK <SECAN>,11,2245.0,61.5,TRUE
2023,GLENBORO-SOUTH CYPRESS,AAC WHEATLAND <SECAN>,,,,FALSE
2023,GLENBORO-SOUTH CYPRESS,SY MANNESS,,,,FALSE
2023,GLENELLA-LANSDOWNE,AAC BRANDON (BW 932),37,19770.0,59.0,TRUE
2023,GLENELLA-LANSDOWNE,AAC ELIE(BW931),,,,FALSE
2023,GLENELLA-LANSDOWNE,AAC HOCKLEY |BW5044|,5,969.0,60.9,TRUE
2023,GLENELLA-LANSDOWNE,AAC HODGE |BW1069|,9,2425.0,53.7,TRUE
2023,GLENELLA-LANSDOWNE,AAC LEROY VB <ALLIANCE>,,,,FALSE
2023,GLENELLA-LANSDOWNE,AAC REDBERRY,6,2726.0,50.9,TRUE
2023,GLENELLA-LANSDOWNE,AAC STARBUCK <SECAN>,17,5948.0,64.6,TRUE
2023,GLENELLA-LANSDOWNE,AAC TISDALE (PT250),,,,FALSE
2023,GLENELLA-LANSDOWNE,AAC VIEWFIELD <FP GENETICS>|BW965| EXP,4,931.0,48.4,TRUE
2023,GLENELLA-LANSDOWNE,AAC WHEATLAND <SECAN>,,,,FALSE
2023,GLENELLA-LANSDOWNE,BOLLES <SEED DEPOT>,,,,FALSE
2023,GRAHAMDALE,AAC BRANDON (BW 932),4,1279.0,41.9,TRUE
2023,GRAHAMDALE,AAC HOCKLEY |BW5044|,,,,FALSE
2023,GRAHAMDALE,AAC LEROY VB <ALLIANCE>,,,,FALSE
2023,GRAHAMDALE,AAC STARBUCK <SECAN>,4,2130.0,50.5,TRUE
2023,GRAHAMDALE,AAC VIEWFIELD <FP GENETICS>|BW965| EXP,,,,FALSE
2023,GRAHAMDALE,CS DAYBREAK <CANTERRA>,,,,FALSE
2023,GRANDVIEW,5604HR CL (BW 878),,,,FALSE
2023,GRANDVIEW,AAC BRANDON (BW 932),27,12815.0,68.9,TRUE
2023,GRANDVIEW,AAC HOCKLEY |BW5044|,12,2189.0,67.1,TRUE
2023,GRANDVIEW,AAC HODGE |BW1069|,5,892.0,61.7,TRUE
2023,GRANDVIEW,AAC LEROY VB <ALLIANCE>,,,,FALSE
2023,GRANDVIEW,AAC REDBERRY,13,5540.0,61.9,TRUE
2023,GRANDVIEW,AAC REDWATER (PT457),,,,FALSE
2023,GRANDVIEW,AAC STARBUCK <SECAN>,14,4347.0,64.2,TRUE
2023,GRANDVIEW,AAC TISDALE (PT250),,,,FALSE
2023,GRANDVIEW,AAC VIEWFIELD <FP GENETICS>|BW965| EXP,17,8815.0,60.7,TRUE
2023,GRANDVIEW,AAC WHEATLAND <SECAN>,24,8153.0,61.3,TRUE
2023,GRANDVIEW,BOLLES <SEED DEPOT>,11,4288.0,58.4,TRUE
2023,GRANDVIEW,CARDALE (BW429),,,,FALSE
2023,GRANDVIEW,CDC LANDMARK,,,,FALSE
2023,GRANDVIEW,CDC PLENTIFUL (PT580),,,,FALSE
2023,GRANDVIEW,SY MANNESS,,,,FALSE
2023,GRASSLAND,5605HR CL (BW918),,,,FALSE
2023,GRASSLAND,AAC BRANDON (BW 932),50,28360.0,61.8,TRUE
2023,GRASSLAND,AAC BROADACRES <PROVEN>,,,,FALSE
2023,GRASSLAND,AAC ELIE(BW931),,,,FALSE
2023,GRASSLAND,AAC HOCKLEY |BW5044|,10,2831.0,56.3,TRUE
2023,GRASSLAND,AAC HODGE |BW1069|,5,2600.0,63.6,TRUE
2023,GRASSLAND,AAC LEROY VB <ALLIANCE>,6,2281.0,59.6,TRUE
2023,GRASSLAND,AAC PREVAIL <ALLIANCE> |BW462|,,,,FALSE
2023,GRASSLAND,AAC REDBERRY,,,,FALSE
2023,GRASSLAND,AAC STARBUCK <SECAN>,7,4504.0,65.1,TRUE
2023,GRASSLAND,AAC TISDALE (PT250),,,,FALSE
2023,GRASSLAND,AAC WHEATLAND <SECAN>,24,10663.0,64.2,TRUE
2023,GREY,AAC BRANDON (BW 932),36,15549.0,56.9,TRUE
2023,GREY,AAC HOCKLEY |BW5044|,21,4256.0,54.7,TRUE
2023,GREY,AAC HODGE |BW1069|,3,840.0,60.8,TRUE
2023,GREY,AAC LEROY VB <ALLIANCE>,,,,FALSE
2023,GREY,AAC STARBUCK <SECAN>,31,10074.0,59.0,TRUE
2023,GREY,AAC VIEWFIELD <FP GENETICS>|BW965| EXP,,,,FALSE
2023,GREY,AAC WHEATLAND <SECAN>,5,1761.0,55.1,TRUE
2023,GREY,AC BARRIE (BW 661),,,,FALSE
2023,GREY,BOLLES <SEED DEPOT>,3,534.0,55.5,TRUE
2023,GREY,CARDALE (BW429),,,,FALSE
2023,GREY,SY GABBRO <SYNGENTA>,4,612.0,61.2,TRUE
2023,GREY,SY MANNESS,5,673.0,54.8,TRUE
2023,HAMIOTA,AAC BRANDON (BW 932),10,2317.0,66.1,TRUE
2023,HAMIOTA,AAC BROADACRES <PROVEN>,,,,FALSE
2023,HAMIOTA,AAC HOCKLEY |BW5044|,18,5788.5,76.1,TRUE
2023,HAMIOTA,AAC HODGE |BW1069|,10,2209.0,67.4,TRUE
2023,HAMIOTA,AAC LEROY VB <ALLIANCE>,,,,FALSE
2023,HAMIOTA,AAC REDBERRY,5,1562.0,73.3,TRUE
2023,HAMIOTA,AAC STARBUCK <SECAN>,25,9063.0,77.8,TRUE
2023,HAMIOTA,AAC WHEATLAND <SECAN>,25,8983.0,77.3,TRUE
2023,HAMIOTA,BOLLES <SEED DEPOT>,,,,FALSE
2023,HAMIOTA,CDC LANDMARK,,,,FALSE
2023,HAMIOTA,SY MANNESS,,,,FALSE
2023,HANOVER,AAC BRANDON (BW 932),28,8319.0,65.0,TRUE
2023,HANOVER,AAC HOCKLEY |BW5044|,3,572.0,78.4,TRUE
2023,HANOVER,AAC STARBUCK <SECAN>,4,788.0,72.7,TRUE
2023,HANOVER,CARDALE (BW429),,,,FALSE
2023,HARRISON PARK,5604HR CL (BW 878),,,,FALSE
2023,HARRISON PARK,AAC BRANDON (BW 932),11,3744.0,63.8,TRUE
2023,HARRISON PARK,AAC CAMERON VB <CANTERRA>,,,,FALSE
2023,HARRISON PARK,AAC HOCKLEY |BW5044|,8,3175.0,76.4,TRUE
2023,HARRISON PARK,AAC HODGE |BW1069|,,,,FALSE
2023,HARRISON PARK,AAC LEROY VB <ALLIANCE>,3,1306.0,56.8,TRUE
2023,HARRISON PARK,"AAC MAGNET |BW 1045, BJ14*A01135|",,,,FALSE
2023,HARRISON PARK,AAC REDBERRY,24,6910.0,53.4,TRUE
2023,HARRISON PARK,AAC STARBUCK <SECAN>,22,8577.0,73.1,TRUE
2023,HARRISON PARK,AAC VIEWFIELD <FP GENETICS>|BW965| EXP,,,,FALSE
2023,HARRISON PARK,AAC WHEATLAND <SECAN>,8,3339.0,72.0,TRUE
2023,HARRISON PARK,AC BARRIE (BW 661),,,,FALSE
2023,HARRISON PARK,AC SPLENDOR (BW 191),,,,FALSE
2023,HARRISON PARK,BOLLES <SEED DEPOT>,3,606.0,52.1,TRUE
2023,HARRISON PARK,SY TORACH <SYNGENTA>,,,,FALSE
2023,HEADINGLEY,AAC BRANDON (BW 932),4,1129.0,65.4,TRUE
2023,HEADINGLEY,AAC HOCKLEY |BW5044|,,,,FALSE
2023,HEADINGLEY,AAC STARBUCK <SECAN>,5,1451.0,71.0,TRUE
2023,HEADINGLEY,AAC VIEWFIELD <FP GENETICS>|BW965| EXP,,,,FALSE
2023,HILLSBURG-ROBLIN-SHELL RIVER,AAC BRANDON (BW 932),15,10211.0,65.7,TRUE
2023,HILLSBURG-ROBLIN-SHELL RIVER,AAC BROADACRES <PROVEN>,,,,FALSE
2023,HILLSBURG-ROBLIN-SHELL RIVER,AAC HOCKLEY |BW5044|,17,4346.0,67.7,TRUE
2023,HILLSBURG-ROBLIN-SHELL RIVER,AAC HODGE |BW1069|,7,1561.0,66.3,TRUE
2023,HILLSBURG-ROBLIN-SHELL RIVER,AAC STARBUCK <SECAN>,,,,FALSE
2023,HILLSBURG-ROBLIN-SHELL RIVER,AAC VIEWFIELD <FP GENETICS>|BW965| EXP,14,5165.0,62.9,TRUE
2023,HILLSBURG-ROBLIN-SHELL RIVER,AAC WHEATLAND <SECAN>,37,14927.0,65.1,TRUE
2023,HILLSBURG-ROBLIN-SHELL RIVER,BOLLES <SEED DEPOT>,,,,FALSE
2023,HILLSBURG-ROBLIN-SHELL RIVER,GLENN,,,,FALSE
2023,HILLSBURG-ROBLIN-SHELL RIVER,SY MANNESS,,,,FALSE
2023,KELSEY,AAC HOCKLEY |BW5044|,,,,FALSE
2023,KELSEY,AAC REDBERRY,6,2130.0,25.6,TRUE
2023,KELSEY,AAC REDSTAR <SECAN> |PT488|,,,,FALSE
2023,KELSEY,AAC VIEWFIELD <FP GENETICS>|BW965| EXP,,,,FALSE
2023,KELSEY,CDC LANDMARK,3,2474.0,56.1,TRUE
2023,KELSEY,CDC TEAL (BW 616),,,,FALSE
2023,KELSEY,SY CAST,,,,FALSE
2023,KELSEY,SY GABBRO <SYNGENTA>,,,,FALSE
2023,KELSEY,SY MANNESS,,,,FALSE
2023,KILLARNEY-TURTLE MTN,AAC BRANDON (BW 932),29,15839.2,65.2,TRUE
2023,KILLARNEY-TURTLE MTN,AAC HOCKLEY |BW5044|,5,2105.0,58.0,TRUE
2023,KILLARNEY-TURTLE MTN,AAC HODGE |BW1069|,4,954.0,63.9,TRUE
2023,KILLARNEY-TURTLE MTN,AAC LEROY VB <ALLIANCE>,4,1023.0,73.3,TRUE
2023,KILLARNEY-TURTLE MTN,AAC REDBERRY,4,2025.0,46.9,TRUE
2023,KILLARNEY-TURTLE MTN,AAC STARBUCK <SECAN>,22,12641.0,68.2,TRUE
2023,KILLARNEY-TURTLE MTN,AAC WHEATLAND <SECAN>,19,11645.0,68.2,TRUE
2023,KILLARNEY-TURTLE MTN,CDC PLENTIFUL (PT580),,,,FALSE
2023,KILLARNEY-TURTLE MTN,HARVEST (BW259),,,,FALSE
2023,KILLARNEY-TURTLE MTN,SY CAST,,,,FALSE
2023,LA BROQUERIE,AAC BRANDON (BW 932),,,,FALSE
2023,LA BROQUERIE,AAC STARBUCK <SECAN>,,,,FALSE
2023,LAC DU BONNET,AAC BRANDON (BW 932),8,2632.0,64.0,TRUE
2023,LAC DU BONNET,AAC ELIE(BW931),,,,FALSE
2023,LAC DU BONNET,AAC HOCKLEY |BW5044|,,,,FALSE
2023,LAC DU BONNET,AAC STARBUCK <SECAN>,5,1516.0,66.1,TRUE
2023,LAC DU BONNET,AAC TISDALE (PT250),,,,FALSE
2023,LAC DU BONNET,AAC VIEWFIELD <FP GENETICS>|BW965| EXP,10,3137.0,76.0,TRUE
2023,LAC DU BONNET,CARBERRY (BW874),,,,FALSE
2023,LAC DU BONNET,GLENN,,,,FALSE
2023,LAKESHORE,AAC BRANDON (BW 932),26,6609.0,58.4,TRUE
2023,LAKESHORE,AAC CAMERON VB <CANTERRA>,,,,FALSE
2023,LAKESHORE,AAC HOCKLEY |BW5044|,,,,FALSE
2023,LAKESHORE,AAC HODGE |BW1069|,,,,FALSE
2023,LAKESHORE,AAC REDBERRY,,,,FALSE
2023,LAKESHORE,AAC STARBUCK <SECAN>,5,2802.0,47.1,TRUE
2023,LAKESHORE,AAC TISDALE (PT250),3,748.0,41.9,TRUE
2023,LAKESHORE,AAC VIEWFIELD <FP GENETICS>|BW965| EXP,8,4358.0,48.8,TRUE
2023,LAKESHORE,BOLLES <SEED DEPOT>,,,,FALSE
2023,LAKESHORE,CARBERRY (BW874),,,,FALSE
2023,LAKESHORE,CARDALE (BW429),,,,FALSE
2023,LAKESHORE,GLENN,,,,FALSE
2023,LORNE,AAC BRANDON (BW 932),87,27865.0,64.6,TRUE
2023,LORNE,AAC HOCKLEY |BW5044|,4,836.0,67.9,TRUE
2023,LORNE,AAC HODGE |BW1069|,5,527.0,60.0,TRUE
2023,LORNE,AAC LEROY VB <ALLIANCE>,5,1393.0,43.8,TRUE
2023,LORNE,AAC STARBUCK <SECAN>,46,15201.0,62.6,TRUE
2023,LORNE,AAC WHEATLAND <SECAN>,,,,FALSE
2023,LORNE,AC BARRIE (BW 661),,,,FALSE
2023,LORNE,CARDALE (BW429),,,,FALSE
2023,LORNE,CDC VR MORRIS (BW423),,,,FALSE
2023,LORNE,SY CAST,,,,FALSE
2023,LORNE,SY MANNESS,,,,FALSE
2023,LOUISE,AAC BRANDON (BW 932),65,27045.0,70.2,TRUE
2023,LOUISE,AAC BROADACRES <PROVEN>,,,,FALSE
2023,LOUISE,AAC HOCKLEY |BW5044|,,,,FALSE
2023,LOUISE,AAC HODGE |BW1069|,,,,FALSE
2023,LOUISE,AAC LEROY VB <ALLIANCE>,,,,FALSE
2023,LOUISE,AAC STARBUCK <SECAN>,48,20993.5,68.2,TRUE
2023,LOUISE,AAC WHEATLAND <SECAN>,12,4541.0,52.2,TRUE
2023,LOUISE,CDC HUGHES <CPSC> |PT588|,,,,FALSE
2023,LOUISE,FIELDSTAR VB,,,,FALSE
2023,LOUISE,SY CAST,,,,FALSE
2023,LOUISE,SY MANNESS,4,790.0,69.1,TRUE
2023,MACDONALD,AAC BRANDON (BW 932),77,32257.0,52.2,TRUE
2023,MACDONALD,AAC HOCKLEY |BW5044|,25,7343.0,52.7,TRUE
2023,MACDONALD,AAC HODGE |BW1069|,11,3235.0,51.5,TRUE
2023,MACDONALD,AAC LEROY VB <ALLIANCE>,,,,FALSE
2023,MACDONALD,AAC STARBUCK <SECAN>,47,20535.0,57.5,TRUE
2023,MACDONALD,AAC TISDALE (PT250),,,,FALSE
2023,MACDONALD,AAC VIEWFIELD <FP GENETICS>|BW965| EXP,9,2977.0,50.0,TRUE
2023,MACDONALD,AAC WHEATLAND <SECAN>,,,,FALSE
2023,MACDONALD,GLENN,,,,FALSE
2023,MACDONALD,SY GABBRO <SYNGENTA>,,,,FALSE
2023,MACDONALD,SY MANNESS,5,1160.0,39.7,TRUE
2023,MACDONALD,SY TORACH <SYNGENTA>,,,,FALSE
2023,MCCREARY,AAC BRANDON (BW 932),22,8938.0,55.2,TRUE
2023,MCCREARY,AAC HODGE |BW1069|,,,,FALSE
2023,MCCREARY,AAC STARBUCK <SECAN>,5,843.0,68.2,TRUE
2023,MCCREARY,AAC TISDALE (PT250),,,,FALSE
2023,MCCREARY,CDC PLENTIFUL (PT580),,,,FALSE
2023,MCCREARY,GLENN,,,,FALSE
2023,MCCREARY,SY GABBRO <SYNGENTA>,,,,FALSE
2023,MINITONAS-BOWSMAN,AAC BRANDON (BW 932),4,4648.0,66.1,TRUE
2023,MINITONAS-BOWSMAN,AAC BROADACRES <PROVEN>,,,,FALSE
2023,MINITONAS-BOWSMAN,AAC HOCKLEY |BW5044|,16,2821.0,68.3,TRUE
2023,MINITONAS-BOWSMAN,AAC REDBERRY,,,,FALSE
2023,MINITONAS-BOWSMAN,AAC VIEWFIELD <FP GENETICS>|BW965| EXP,76,41856.0,64.2,TRUE
2023,MINITONAS-BOWSMAN,AAC WHEATLAND <SECAN>,8,1973.0,63.0,TRUE
2023,MINITONAS-BOWSMAN,CARDALE (BW429),4,1527.0,62.8,TRUE
2023,MINITONAS-BOWSMAN,CDC LANDMARK,,,,FALSE
2023,MINTO-ODANAH,AAC BRANDON (BW 932),29,9665.0,72.6,TRUE
2023,MINTO-ODANAH,AAC HOCKLEY |BW5044|,3,830.0,80.0,TRUE
2023,MINTO-ODANAH,AAC HODGE |BW1069|,,,,FALSE
2023,MINTO-ODANAH,AAC LEROY VB <ALLIANCE>,,,,FALSE
2023,MINTO-ODANAH,AAC REDSTAR <SECAN> |PT488|,,,,FALSE
2023,MINTO-ODANAH,AAC STARBUCK <SECAN>,27,12422.0,77.6,TRUE
2023,MINTO-ODANAH,AAC VIEWFIELD <FP GENETICS>|BW965| EXP,,,,FALSE
2023,MINTO-ODANAH,AAC WHEATLAND <SECAN>,10,4284.0,82.9,TRUE
2023,MINTO-ODANAH,BOLLES <SEED DEPOT>,8,3083.0,68.7,TRUE
2023,MINTO-ODANAH,SY MANNESS,,,,FALSE
2023,MONTCALM,AAC BRANDON (BW 932),32,10388.0,61.6,TRUE
2023,MONTCALM,AAC STARBUCK <SECAN>,15,4112.0,60.7,TRUE
2023,MONTCALM,AAC VIEWFIELD <FP GENETICS>|BW965| EXP,,,,FALSE
2023,MONTCALM,SHELLY,4,720.0,41.3,TRUE
2023,MONTCALM,SY MANNESS,,,,FALSE
2023,MORRIS,AAC BRANDON (BW 932),67,25265.0,41.3,TRUE
2023,MORRIS,AAC ELIE(BW931),,,,FALSE
2023,MORRIS,AAC HOCKLEY |BW5044|,8,2444.0,41.0,TRUE
2023,MORRIS,AAC HODGE |BW1069|,,,,FALSE
2023,MORRIS,AAC STARBUCK <SECAN>,29,10355.0,43.2,TRUE
2023,MORRIS,AAC TISDALE (PT250),,,,FALSE
2023,MORRIS,AAC VIEWFIELD <FP GENETICS>|BW965| EXP,16,4322.0,41.6,TRUE
2023,MORRIS,AAC WHEATLAND <SECAN>,,,,FALSE
2023,MORRIS,AC BARRIE (BW 661),,,,FALSE
2023,MORRIS,CARDALE (BW429),5,930.0,43.1,TRUE
2023,MORRIS,CS DAYBREAK <CANTERRA>,5,1315.0,29.4,TRUE
2023,MORRIS,SHELLY,,,,FALSE
2023,MORRIS,SY GABBRO <SYNGENTA>,4,1149.0,32.6,TRUE
2023,MORRIS,SY MANNESS,16,3935.0,36.9,TRUE
2023,MOSSEY RIVER,AAC BRANDON (BW 932),8,1712.0,18.7,TRUE
2023,MOSSEY RIVER,AAC LEROY VB <ALLIANCE>,,,,FALSE
2023,MOSSEY RIVER,AAC REDBERRY,,,,FALSE
2023,MOSSEY RIVER,AAC STARBUCK <SECAN>,,,,FALSE
2023,MOSSEY RIVER,AAC VIEWFIELD <FP GENETICS>|BW965| EXP,,,,FALSE
2023,MOSSEY RIVER,AAC WHEATLAND <SECAN>,,,,FALSE
2023,MOSSEY RIVER,CARDALE (BW429),5,1365.0,45.8,TRUE
2023,MOSSEY RIVER,CDC ORTONA <PROVEN>,,,,FALSE
2023,MOUNTAIN,AAC BRANDON (BW 932),,,,FALSE
2023,MOUNTAIN,AAC ELIE(BW931),,,,FALSE
2023,MOUNTAIN,AAC HOCKLEY |BW5044|,4,1216.0,67.5,TRUE
2023,MOUNTAIN,AAC REDBERRY,4,1139.0,43.4,TRUE
2023,MOUNTAIN,AAC STARBUCK <SECAN>,,,,FALSE
2023,MOUNTAIN,AAC VIEWFIELD <FP GENETICS>|BW965| EXP,28,15949.0,60.8,TRUE
2023,MOUNTAIN,AAC WHEATLAND <SECAN>,11,4678.0,67.4,TRUE
2023,MOUNTAIN,CARBERRY (BW874),,,,FALSE
2023,MOUNTAIN,CARDALE (BW429),,,,FALSE
2023,MOUNTAIN,CDC GO (BW781),,,,FALSE
2023,MOUNTAIN,CDC LANDMARK,,,,FALSE
2023,MOUNTAIN,CDC ORTONA <PROVEN>,,,,FALSE
2023,MOUNTAIN,SUPERB (BW252),,,,FALSE
2023,MOUNTAIN,SY GABBRO <SYNGENTA>,,,,FALSE
2023,NORFOLK-TREHERNE,AAC BRANDON (BW 932),30,13904.0,58.7,TRUE
2023,NORFOLK-TREHERNE,AAC ELIE(BW931),,,,FALSE
2023,NORFOLK-TREHERNE,AAC HOCKLEY |BW5044|,,,,FALSE
2023,NORFOLK-TREHERNE,AAC HODGE |BW1069|,,,,FALSE
2023,NORFOLK-TREHERNE,AAC STARBUCK <SECAN>,12,4044.0,61.2,TRUE
2023,NORFOLK-TREHERNE,AAC TISDALE (PT250),,,,FALSE
2023,NORFOLK-TREHERNE,AAC VIEWFIELD <FP GENETICS>|BW965| EXP,,,,FALSE
2023,NORFOLK-TREHERNE,AAC WHEATLAND <SECAN>,9,4232.0,63.2,TRUE
2023,NORFOLK-TREHERNE,BOLLES <SEED DEPOT>,,,,FALSE
2023,NORFOLK-TREHERNE,SY CAST,,,,FALSE
2023,NORFOLK-TREHERNE,SY MANNESS,,,,FALSE
2023,NORFOLK-TREHERNE,SY TORACH <SYNGENTA>,,,,FALSE
2023,NORTH CYPRESS-LANGFORD,AAC BRANDON (BW 932),58,36562.0,63.5,TRUE
2023,NORTH CYPRESS-LANGFORD,AAC BROADACRES <PROVEN>,,,,FALSE
2023,NORTH CYPRESS-LANGFORD,AAC CAMERON VB <CANTERRA>,,,,FALSE
2023,NORTH CYPRESS-LANGFORD,AAC ELIE(BW931),,,,FALSE
2023,NORTH CYPRESS-LANGFORD,AAC HOCKLEY |BW5044|,4,890.0,72.3,TRUE
2023,NORTH CYPRESS-LANGFORD,AAC HODGE |BW1069|,5,1545.0,77.5,TRUE
2023,NORTH CYPRESS-LANGFORD,AAC REDBERRY,3,1057.0,77.1,TRUE
2023,NORTH CYPRESS-LANGFORD,AAC STARBUCK <SECAN>,29,14187.0,72.5,TRUE
2023,NORTH CYPRESS-LANGFORD,AAC WHEATLAND <SECAN>,4,3816.0,79.8,TRUE
2023,NORTH CYPRESS-LANGFORD,CARBERRY (BW874),,,,FALSE
2023,NORTH CYPRESS-LANGFORD,CDC HUGHES <CPSC> |PT588|,,,,FALSE
2023,NORTH NORFOLK,AAC BRANDON (BW 932),41,13866.0,53.2,TRUE
2023,NORTH NORFOLK,AAC ELIE(BW931),,,,FALSE
2023,NORTH NORFOLK,AAC HOCKLEY |BW5044|,,,,FALSE
2023,NORTH NORFOLK,AAC HODGE |BW1069|,,,,FALSE
2023,NORTH NORFOLK,AAC LEROY VB <ALLIANCE>,3,572.0,47.4,TRUE
2023,NORTH NORFOLK,AAC STARBUCK <SECAN>,22,7873.0,56.8,TRUE
2023,NORTH NORFOLK,AAC WHEATLAND <SECAN>,,,,FALSE
2023,NORTH NORFOLK,BOLLES <SEED DEPOT>,8,4230.0,59.5,TRUE
2023,NORTH NORFOLK,CARDALE (BW429),3,641.0,57.1,TRUE
2023,NORTH NORFOLK,CDC SKRUSH |PT599|,3,1224.0,60.5,TRUE
2023,OAKLAND-WAWANESA,5605HR CL (BW918),,,,FALSE
2023,OAKLAND-WAWANESA,AAC BRANDON (BW 932),26,10514.0,68.4,TRUE
2023,OAKLAND-WAWANESA,AAC ELIE(BW931),,,,FALSE
2023,OAKLAND-WAWANESA,AAC HOCKLEY |BW5044|,4,711.0,60.5,TRUE
2023,OAKLAND-WAWANESA,AAC HODGE |BW1069|,3,691.0,77.7,TRUE
2023,OAKLAND-WAWANESA,AAC STARBUCK <SECAN>,11,3756.0,67.9,TRUE
2023,OAKLAND-WAWANESA,AAC WHEATLAND <SECAN>,15,4600.0,75.6,TRUE
2023,OAKLAND-WAWANESA,CARDALE (BW429),,,,FALSE
2023,OAKLAND-WAWANESA,CDC PLENTIFUL (PT580),,,,FALSE
2023,OAKVIEW,AAC ALIDA (BW980),,,,FALSE
2023,OAKVIEW,AAC BRANDON (BW 932),23,10444.0,67.7,TRUE
2023,OAKVIEW,AAC BROADACRES <PROVEN>,,,,FALSE
2023,OAKVIEW,AAC HOCKLEY |BW5044|,7,2170.0,70.7,TRUE
2023,OAKVIEW,AAC HODGE |BW1069|,8,1498.0,72.3,TRUE
2023,OAKVIEW,AAC REDBERRY,12,2971.0,61.4,TRUE
2023,OAKVIEW,AAC REDSTAR <SECAN> |PT488|,,,,FALSE
2023,OAKVIEW,AAC STARBUCK <SECAN>,54,18715.4,72.3,TRUE
2023,OAKVIEW,AAC VIEWFIELD <FP GENETICS>|BW965| EXP,,,,FALSE
2023,OAKVIEW,AAC WHEATLAND <SECAN>,29,9656.0,74.3,TRUE
2023,OAKVIEW,BOLLES <SEED DEPOT>,6,2449.0,72.0,TRUE
2023,OAKVIEW,CDC LANDMARK,,,,FALSE
2023,OAKVIEW,CDC ORTONA <PROVEN>,,,,FALSE
2023,OAKVIEW,CDC UTMOST (BW 883),,,,FALSE
2023,OAKVIEW,GLENN,,,,FALSE
2023,OAKVIEW,SY MANNESS,,,,FALSE
2023,PEMBINA,AAC BRANDON (BW 932),71,25405.0,63.2,TRUE
2023,PEMBINA,AAC BROADACRES <PROVEN>,,,,FALSE
2023,PEMBINA,AAC HOCKLEY |BW5044|,10,2728.0,69.6,TRUE
2023,PEMBINA,AAC HODGE |BW1069|,8,2462.0,60.7,TRUE
2023,PEMBINA,AAC STARBUCK <SECAN>,38,12215.0,55.0,TRUE
2023,PEMBINA,AAC TISDALE (PT250),,,,FALSE
2023,PEMBINA,AAC WHEATLAND <SECAN>,12,3198.0,65.6,TRUE
2023,PEMBINA,BOLLES <SEED DEPOT>,,,,FALSE
2023,PEMBINA,CDC LANDMARK,,,,FALSE
2023,PEMBINA,SY CAST,4,696.0,70.6,TRUE
2023,PEMBINA,SY MANNESS,,,,FALSE
2023,PEMBINA,SY TORACH <SYNGENTA>,,,,FALSE
2023,PINEY,AAC BRANDON (BW 932),5,2251.0,57.1,TRUE
2023,PINEY,AAC HOCKLEY |BW5044|,,,,FALSE
2023,PINEY,AAC HODGE |BW1069|,,,,FALSE
2023,PINEY,AAC LEROY VB <ALLIANCE>,,,,FALSE
2023,PIPESTONE,AAC BRANDON (BW 932),33,16157.0,48.7,TRUE
2023,PIPESTONE,AAC CAMERON VB <CANTERRA>,,,,FALSE
2023,PIPESTONE,AAC ELIE(BW931),3,2299.0,48.4,TRUE
2023,PIPESTONE,AAC HOCKLEY |BW5044|,8,2405.0,48.5,TRUE
2023,PIPESTONE,AAC HODGE |BW1069|,4,2876.0,52.8,TRUE
2023,PIPESTONE,"AAC MAGNET |BW 1045, BJ14*A01135|",4,1348.0,43.9,TRUE
2023,PIPESTONE,AAC REDBERRY,,,,FALSE
2023,PIPESTONE,AAC STARBUCK <SECAN>,25,14874.0,53.7,TRUE
2023,PIPESTONE,AAC VIEWFIELD <FP GENETICS>|BW965| EXP,,,,FALSE
2023,PIPESTONE,AAC WHEATLAND <SECAN>,12,12362.0,52.8,TRUE
2023,PIPESTONE,BOLLES <SEED DEPOT>,,,,FALSE
2023,PIPESTONE,CARBERRY (BW874),,,,FALSE
2023,PIPESTONE,CARDALE (BW429),,,,FALSE
2023,PIPESTONE,CDC HUGHES <CPSC> |PT588|,3,909.0,42.2,TRUE
2023,PIPESTONE,CDC LANDMARK,,,,FALSE
2023,PIPESTONE,SY CAST,,,,FALSE
2023,PIPESTONE,SY TORACH <SYNGENTA>,,,,FALSE
2023,PORTAGE LA PRAIRIE,AAC BRANDON (BW 932),85,48876.0,67.5,TRUE
2023,PORTAGE LA PRAIRIE,AAC HOCKLEY |BW5044|,10,2212.0,68.9,TRUE
2023,PORTAGE LA PRAIRIE,AAC HODGE |BW1069|,,,,FALSE
2023,PORTAGE LA PRAIRIE,AAC LEROY VB <ALLIANCE>,,,,FALSE
2023,PORTAGE LA PRAIRIE,AAC STARBUCK <SECAN>,45,20967.0,76.4,TRUE
2023,PORTAGE LA PRAIRIE,AAC VIEWFIELD <FP GENETICS>|BW965| EXP,,,,FALSE
2023,PORTAGE LA PRAIRIE,AC BARRIE (BW 661),3,917.0,67.3,TRUE
2023,PORTAGE LA PRAIRIE,BOLLES <SEED DEPOT>,4,1137.0,64.9,TRUE
2023,PORTAGE LA PRAIRIE,CARBERRY (BW874),,,,FALSE
2023,PORTAGE LA PRAIRIE,CARDALE (BW429),6,1022.0,55.8,TRUE
2023,PORTAGE LA PRAIRIE,CDC SKRUSH |PT599|,,,,FALSE
2023,PORTAGE LA PRAIRIE,SY GABBRO <SYNGENTA>,,,,FALSE
2023,PORTAGE LA PRAIRIE,SY MANNESS,,,,FALSE
2023,PRAIRIE LAKES,AAC BRANDON (BW 932),50,24583.0,60.5,TRUE
2023,PRAIRIE LAKES,AAC HOCKLEY |BW5044|,,,,FALSE
2023,PRAIRIE LAKES,AAC HODGE |BW1069|,7,1446.0,65.7,TRUE
2023,PRAIRIE LAKES,AAC LEROY VB <ALLIANCE>,,,,FALSE
2023,PRAIRIE LAKES,AAC STARBUCK <SECAN>,18,6010.0,66.8,TRUE
2023,PRAIRIE LAKES,AAC VIEWFIELD <FP GENETICS>|BW965| EXP,,,,FALSE
2023,PRAIRIE LAKES,AAC WHEATLAND <SECAN>,26,8136.0,64.3,TRUE
2023,PRAIRIE LAKES,BOLLES <SEED DEPOT>,,,,FALSE
2023,PRAIRIE LAKES,GLENN,,,,FALSE
2023,PRAIRIE VIEW,AAC BRANDON (BW 932),14,3977.0,54.6,TRUE
2023,PRAIRIE VIEW,AAC BROADACRES <PROVEN>,,,,FALSE
2023,PRAIRIE VIEW,AAC HOCKLEY |BW5044|,16,4776.0,66.5,TRUE
2023,PRAIRIE VIEW,AAC HODGE |BW1069|,20,9143.0,69.2,TRUE
2023,PRAIRIE VIEW,AAC LEROY VB <ALLIANCE>,5,775.0,62.9,TRUE
2023,PRAIRIE VIEW,AAC REDBERRY,8,3886.0,47.8,TRUE
2023,PRAIRIE VIEW,AAC STARBUCK <SECAN>,34,18460.0,70.7,TRUE
2023,PRAIRIE VIEW,AAC WHEATLAND <SECAN>,74,36383.0,66.7,TRUE
2023,PRAIRIE VIEW,BOLLES <SEED DEPOT>,7,6421.0,59.3,TRUE
2023,PRAIRIE VIEW,CDC LANDMARK,,,,FALSE
2023,PRAIRIE VIEW,GLENN,,,,FALSE
2023,PRAIRIE VIEW,SY MANNESS,5,3264.0,82.4,TRUE
2023,REYNOLDS,AAC BRANDON (BW 932),,,,FALSE
2023,REYNOLDS,AAC VIEWFIELD <FP GENETICS>|BW965| EXP,,,,FALSE
2023,REYNOLDS,PEMBINA,,,,FALSE
2023,RHINELAND,AAC BRANDON (BW 932),68,13816.0,59.5,TRUE
2023,RHINELAND,AAC BROADACRES <PROVEN>,,,,FALSE
2023,RHINELAND,AAC STARBUCK <SECAN>,47,11416.0,59.0,TRUE
2023,RHINELAND,AAC WHEATLAND <SECAN>,11,2345.0,68.8,TRUE
2023,RHINELAND,CARDALE (BW429),,,,FALSE
2023,RHINELAND,SY CAST,,,,FALSE
2023,RHINELAND,SY MANNESS,4,752.0,68.3,TRUE
2023,RIDING MOUNTAIN WEST,AAC BRANDON (BW 932),12,3808.0,68.9,TRUE
2023,RIDING MOUNTAIN WEST,AAC DARBY,,,,FALSE
2023,RIDING MOUNTAIN WEST,AAC HOCKLEY |BW5044|,19,6172.0,70.0,TRUE
2023,RIDING MOUNTAIN WEST,AAC HODGE |BW1069|,25,8721.0,71.6,TRUE
2023,RIDING MOUNTAIN WEST,AAC LEROY VB <ALLIANCE>,,,,FALSE
2023,RIDING MOUNTAIN WEST,AAC REDBERRY,9,2872.0,63.1,TRUE
2023,RIDING MOUNTAIN WEST,AAC REDWATER (PT457),,,,FALSE
2023,RIDING MOUNTAIN WEST,AAC STARBUCK <SECAN>,21,11622.0,71.2,TRUE
2023,RIDING MOUNTAIN WEST,AAC TISDALE (PT250),,,,FALSE
2023,RIDING MOUNTAIN WEST,AAC VIEWFIELD <FP GENETICS>|BW965| EXP,12,4531.0,71.8,TRUE
2023,RIDING MOUNTAIN WEST,AAC WHEATLAND <SECAN>,45,19895.0,65.6,TRUE
2023,RIDING MOUNTAIN WEST,BOLLES <SEED DEPOT>,6,3390.0,62.0,TRUE
2023,RIDING MOUNTAIN WEST,CDC LANDMARK,9,5875.0,69.6,TRUE
2023,RIDING MOUNTAIN WEST,GLENN,,,,FALSE
2023,RIDING MOUNTAIN WEST,SY MANNESS,6,1900.0,81.3,TRUE
2023,RITCHOT,AAC BRANDON (BW 932),20,5367.0,61.5,TRUE
2023,RITCHOT,AAC ELIE(BW931),,,,FALSE
2023,RITCHOT,AAC HOCKLEY |BW5044|,9,1554.0,59.9,TRUE
2023,RITCHOT,AAC HODGE |BW1069|,,,,FALSE
2023,RITCHOT,AAC STARBUCK <SECAN>,5,1193.0,61.0,TRUE
2023,RITCHOT,AAC VIEWFIELD <FP GENETICS>|BW965| EXP,,,,FALSE
2023,RITCHOT,CARDALE (BW429),,,,FALSE
2023,RIVERDALE,AAC BRANDON (BW 932),21,9216.0,70.7,TRUE
2023,RIVERDALE,AAC HOCKLEY |BW5044|,3,1148.0,58.2,TRUE
2023,RIVERDALE,AAC HODGE |BW1069|,3,549.0,59.2,TRUE
2023,RIVERDALE,AAC STARBUCK <SECAN>,22,8343.0,60.6,TRUE
2023,RIVERDALE,AAC WHEATLAND <SECAN>,9,2707.0,75.9,TRUE
2023,ROCKWOOD,AAC BRANDON (BW 932),34,9767.0,57.5,TRUE
2023,ROCKWOOD,AAC ELIE(BW931),,,,FALSE
2023,ROCKWOOD,AAC HOCKLEY |BW5044|,11,2047.0,54.9,TRUE
2023,ROCKWOOD,AAC LEROY VB <ALLIANCE>,11,2644.0,59.3,TRUE
2023,ROCKWOOD,AAC STARBUCK <SECAN>,39,17622.0,58.4,TRUE
2023,ROCKWOOD,AAC VIEWFIELD <FP GENETICS>|BW965| EXP,,,,FALSE
2023,ROCKWOOD,BOLLES <SEED DEPOT>,,,,FALSE
2023,ROCKWOOD,CARBERRY (BW874),,,,FALSE
2023,ROCKWOOD,CARDALE (BW429),,,,FALSE
2023,ROCKWOOD,CS DAYBREAK <CANTERRA>,,,,FALSE
2023,ROCKWOOD,SY MANNESS,,,,FALSE
2023,ROCKWOOD,SY TORACH <SYNGENTA>,3,965.0,43.4,TRUE
2023,ROLAND,AAC BRANDON (BW 932),40,11738.0,49.2,TRUE
2023,ROLAND,AAC BROADACRES <PROVEN>,5,1340.0,58.1,TRUE
2023,ROLAND,AAC HOCKLEY |BW5044|,10,2236.0,45.4,TRUE
2023,ROLAND,AAC LEROY VB <ALLIANCE>,,,,FALSE
2023,ROLAND,AAC STARBUCK <SECAN>,22,6535.0,48.3,TRUE
2023,ROLAND,AAC VIEWFIELD <FP GENETICS>|BW965| EXP,,,,FALSE
2023,ROLAND,AAC WHEATLAND <SECAN>,,,,FALSE
2023,ROLAND,BOLLES <SEED DEPOT>,,,,FALSE
2023,ROLAND,CARDALE (BW429),,,,FALSE
2023,ROLAND,SY CAST,,,,FALSE
2023,ROLAND,SY MANNESS,,,,FALSE
2023,ROSEDALE,AAC BRANDON (BW 932),19,9577.0,72.8,TRUE
2023,ROSEDALE,AAC ELIE(BW931),,,,FALSE
2023,ROSEDALE,AAC HODGE |BW1069|,,,,FALSE
2023,ROSEDALE,AAC REDBERRY,6,2215.0,71.1,TRUE
2023,ROSEDALE,AAC REDSTAR <SECAN> |PT488|,,,,FALSE
2023,ROSEDALE,AAC STARBUCK <SECAN>,15,6500.0,72.9,TRUE
2023,ROSEDALE,AAC WHEATLAND <SECAN>,4,2265.0,77.9,TRUE
2023,ROSEDALE,BOLLES <SEED DEPOT>,5,1525.0,69.5,TRUE
2023,ROSEDALE,CDC PLENTIFUL (PT580),,,,FALSE
2023,ROSEDALE,WASKADA (BW 357),,,,FALSE
2023,ROSSBURN,AAC BRANDON (BW 932),19,7966.0,66.5,TRUE
2023,ROSSBURN,AAC HOCKLEY |BW5044|,,,,FALSE
2023,ROSSBURN,AAC HODGE |BW1069|,3,619.0,70.2,TRUE
2023,ROSSBURN,AAC LEROY VB <ALLIANCE>,,,,FALSE
2023,ROSSBURN,AAC REDBERRY,8,2190.0,59.8,TRUE
2023,ROSSBURN,AAC STARBUCK <SECAN>,25,7961.5,67.4,TRUE
2023,ROSSBURN,AAC VIEWFIELD <FP GENETICS>|BW965| EXP,3,877.0,55.9,TRUE
2023,ROSSBURN,AAC WHEATLAND <SECAN>,10,3337.0,69.7,TRUE
2023,ROSSBURN,BOLLES <SEED DEPOT>,,,,FALSE
2023,ROSSBURN,CDC LANDMARK,,,,FALSE
2023,ROSSBURN,SY GABBRO <SYNGENTA>,3,706.0,43.7,TRUE
2023,ROSSER,AAC BRANDON (BW 932),7,3348.0,65.3,TRUE
2023,ROSSER,AAC ELIE(BW931),,,,FALSE
2023,ROSSER,AAC HOCKLEY |BW5044|,6,1702.0,67.1,TRUE
2023,ROSSER,AAC LEROY VB <ALLIANCE>,5,1207.0,61.7,TRUE
2023,ROSSER,AAC STARBUCK <SECAN>,36,16718.0,62.6,TRUE
2023,ROSSER,AAC VIEWFIELD <FP GENETICS>|BW965| EXP,,,,FALSE
2023,ROSSER,CARDALE (BW429),,,,FALSE
2023,RUSSELL-BINSCARTH,AAC BRANDON (BW 932),,,,FALSE
2023,RUSSELL-BINSCARTH,AAC HOCKLEY |BW5044|,7,2987.0,62.1,TRUE
2023,RUSSELL-BINSCARTH,AAC HODGE |BW1069|,9,3042.0,68.3,TRUE
2023,RUSSELL-BINSCARTH,AAC LEROY VB <ALLIANCE>,,,,FALSE
2023,RUSSELL-BINSCARTH,AAC REDBERRY,3,1150.0,63.3,TRUE
2023,RUSSELL-BINSCARTH,AAC STARBUCK <SECAN>,12,4877.0,60.3,TRUE
2023,RUSSELL-BINSCARTH,AAC WHEATLAND <SECAN>,14,9261.0,63.4,TRUE
2023,RUSSELL-BINSCARTH,CARDALE (BW429),,,,FALSE
2023,RUSSELL-BINSCARTH,CDC LANDMARK,3,1225.0,69.3,TRUE
2023,RUSSELL-BINSCARTH,SY MANNESS,4,700.0,77.9,TRUE
2023,SIFTON,AAC BRANDON (BW 932),9,1586.0,50.1,TRUE
2023,SIFTON,AAC HOCKLEY |BW5044|,,,,FALSE
2023,SIFTON,AAC LEROY VB <ALLIANCE>,,,,FALSE
2023,SIFTON,AAC STARBUCK <SECAN>,,,,FALSE
2023,SIFTON,AAC WHEATLAND <SECAN>,5,2314.0,34.2,TRUE
2023,SOURIS-GLENWOOD,AAC BRANDON (BW 932),22,12349.0,63.7,TRUE
2023,SOURIS-GLENWOOD,AAC BROADACRES <PROVEN>,,,,FALSE
2023,SOURIS-GLENWOOD,AAC ELIE(BW931),,,,FALSE
2023,SOURIS-GLENWOOD,AAC HOCKLEY |BW5044|,14,4449.0,60.9,TRUE
2023,SOURIS-GLENWOOD,AAC HODGE |BW1069|,,,,FALSE
2023,SOURIS-GLENWOOD,AAC STARBUCK <SECAN>,5,3041.0,59.5,TRUE
2023,SOURIS-GLENWOOD,AAC TISDALE (PT250),,,,FALSE
2023,SOURIS-GLENWOOD,AAC WHEATLAND <SECAN>,6,2340.0,74.9,TRUE
2023,SOURIS-GLENWOOD,CARDALE (BW429),,,,FALSE
2023,SOURIS-GLENWOOD,SY CAST,,,,FALSE
2023,SOURIS-GLENWOOD,SY MANNESS,,,,FALSE
2023,SPRINGFIELD,AAC BRANDON (BW 932),30,11674.0,65.4,TRUE
2023,SPRINGFIELD,AAC ELIE(BW931),,,,FALSE
2023,SPRINGFIELD,AAC HOCKLEY |BW5044|,7,1174.0,73.4,TRUE
2023,SPRINGFIELD,AAC HODGE |BW1069|,3,650.0,83.0,TRUE
2023,SPRINGFIELD,AAC LEROY VB <ALLIANCE>,5,1225.0,78.4,TRUE
2023,SPRINGFIELD,AAC STARBUCK <SECAN>,17,7009.0,71.3,TRUE
2023,SPRINGFIELD,AAC VIEWFIELD <FP GENETICS>|BW965| EXP,5,1510.0,76.6,TRUE
2023,SPRINGFIELD,BOLLES <SEED DEPOT>,,,,FALSE
2023,SPRINGFIELD,CS DAYBREAK <CANTERRA>,11,2098.0,74.7,TRUE
2023,SPRINGFIELD,SY CAST,,,,FALSE
2023,ST. ANDREWS,AAC BRANDON (BW 932),21,7972.0,69.4,TRUE
2023,ST. ANDREWS,AAC ELIE(BW931),6,1545.0,69.3,TRUE
2023,ST. ANDREWS,AAC HOCKLEY |BW5044|,,,,FALSE
2023,ST. ANDREWS,AAC HODGE |BW1069|,,,,FALSE
2023,ST. ANDREWS,AAC LEROY VB <ALLIANCE>,5,1702.0,71.3,TRUE
2023,ST. ANDREWS,AAC STARBUCK <SECAN>,20,12831.0,70.1,TRUE
2023,ST. ANDREWS,AAC VIEWFIELD <FP GENETICS>|BW965| EXP,,,,FALSE
2023,ST. ANDREWS,BOLLES <SEED DEPOT>,5,2648.0,55.4,TRUE
2023,ST. ANDREWS,CARDALE (BW429),,,,FALSE
2023,ST. ANDREWS,CS DAYBREAK <CANTERRA>,,,,FALSE
2023,ST. ANDREWS,GLENN,,,,FALSE
2023,ST. ANDREWS,SY TORACH <SYNGENTA>,4,1228.0,55.8,TRUE
2023,ST. CLEMENTS,AAC BRANDON (BW 932),17,4432.0,54.6,TRUE
2023,ST. CLEMENTS,AAC ELIE(BW931),3,660.0,83.6,TRUE
2023,ST. CLEMENTS,AAC HOCKLEY |BW5044|,5,519.0,59.3,TRUE
2023,ST. CLEMENTS,AAC LEROY VB <ALLIANCE>,,,,FALSE
2023,ST. CLEMENTS,AAC STARBUCK <SECAN>,,,,FALSE
2023,ST. CLEMENTS,AAC VIEWFIELD <FP GENETICS>|BW965| EXP,11,2138.0,68.7,TRUE
2023,ST. CLEMENTS,GLENN,,,,FALSE
2023,ST. CLEMENTS,KANE (BW342),,,,FALSE
2023,ST. CLEMENTS,SY CAST,,,,FALSE
2023,ST. FRANCIS XAVIER,AAC BRANDON (BW 932),5,1495.0,67.8,TRUE
2023,ST. FRANCIS XAVIER,AAC HOCKLEY |BW5044|,,,,FALSE
2023,ST. FRANCIS XAVIER,AAC HODGE |BW1069|,,,,FALSE
2023,ST. FRANCIS XAVIER,AAC LEROY VB <ALLIANCE>,,,,FALSE
2023,ST. FRANCIS XAVIER,AAC STARBUCK <SECAN>,13,9371.0,68.4,TRUE
2023,ST. LAURENT,AAC BRANDON (BW 932),,,,FALSE
2023,ST. LAURENT,AAC HOCKLEY |BW5044|,,,,FALSE
2023,ST. LAURENT,AAC HODGE |BW1069|,,,,FALSE
2023,STANLEY,AAC BRANDON (BW 932),48,11214.0,57.0,TRUE
2023,STANLEY,AAC BROADACRES <PROVEN>,,,,FALSE
2023,STANLEY,AAC HOCKLEY |BW5044|,,,,FALSE
2023,STANLEY,AAC STARBUCK <SECAN>,46,7565.5,57.4,TRUE
2023,STANLEY,AAC WHEATLAND <SECAN>,3,810.0,70.9,TRUE
2023,STANLEY,SY CAST,7,1825.0,60.8,TRUE
2023,STE. ANNE,AAC BRANDON (BW 932),23,2949.0,71.0,TRUE
2023,STE. ANNE,AAC HOCKLEY |BW5044|,4,783.0,37.8,TRUE
2023,STE. ANNE,AAC STARBUCK <SECAN>,,,,FALSE
2023,STE. ANNE,CARDALE (BW429),,,,FALSE
2023,STE. ROSE,AAC BRANDON (BW 932),12,7473.0,65.2,TRUE
2023,STE. ROSE,AAC HOCKLEY |BW5044|,,,,FALSE
2023,STE. ROSE,AAC HODGE |BW1069|,,,,FALSE
2023,STE. ROSE,AAC STARBUCK <SECAN>,9,2625.0,65.4,TRUE
2023,STE. ROSE,AAC TISDALE (PT250),,,,FALSE
2023,STE. ROSE,AAC VIEWFIELD <FP GENETICS>|BW965| EXP,,,,FALSE
2023,STE. ROSE,BOLLES <SEED DEPOT>,,,,FALSE
2023,STE. ROSE,CARDALE (BW429),3,2473.0,64.4,TRUE
2023,STUARTBURN,AAC BRANDON (BW 932),,,,FALSE
2023,SWAN VALLEY WEST,AAC BRANDON (BW 932),,,,FALSE
2023,SWAN VALLEY WEST,AAC HOCKLEY |BW5044|,41,16353.0,67.8,TRUE
2023,SWAN VALLEY WEST,AAC HODGE |BW1069|,,,,FALSE
2023,SWAN VALLEY WEST,AAC LEROY VB <ALLIANCE>,,,,FALSE
2023,SWAN VALLEY WEST,AAC REDBERRY,5,2149.0,40.6,TRUE
2023,SWAN VALLEY WEST,AAC REDSTAR <SECAN> |PT488|,3,532.0,57.8,TRUE
2023,SWAN VALLEY WEST,AAC STARBUCK <SECAN>,3,1435.0,73.0,TRUE
2023,SWAN VALLEY WEST,AAC TISDALE (PT250),8,2009.0,57.5,TRUE
2023,SWAN VALLEY WEST,AAC VIEWFIELD <FP GENETICS>|BW965| EXP,60,43855.0,66.2,TRUE
2023,SWAN VALLEY WEST,AAC WHEATLAND <SECAN>,29,16870.0,70.3,TRUE
2023,SWAN VALLEY WEST,AC DOMAIN (BW 148),,,,FALSE
2023,SWAN VALLEY WEST,BOLLES <SEED DEPOT>,,,,FALSE
2023,SWAN VALLEY WEST,CDC HUGHES <CPSC> |PT588|,,,,FALSE
2023,SWAN VALLEY WEST,CDC LANDMARK,3,521.0,46.2,TRUE
2023,SWAN VALLEY WEST,CDC PLENTIFUL (PT580),,,,FALSE
2023,SWAN VALLEY WEST,HARVEST (BW259),,,,FALSE
2023,SWAN VALLEY WEST,SY GABBRO <SYNGENTA>,4,1640.0,59.1,TRUE
2023,SWAN VALLEY WEST,SY MANNESS,11,3636.0,66.0,TRUE
2023,TACHE,AAC BRANDON (BW 932),46,13201.0,65.9,TRUE
2023,TACHE,AAC HOCKLEY |BW5044|,,,,FALSE
2023,TACHE,AAC HODGE |BW1069|,,,,FALSE
2023,TACHE,AAC REDBERRY,,,,FALSE
2023,TACHE,AAC STARBUCK <SECAN>,,,,FALSE
2023,TACHE,CARDALE (BW429),,,,FALSE
2023,TACHE,CDC STANLEY (BW880),,,,FALSE
2023,TACHE,CS DAYBREAK <CANTERRA>,,,,FALSE
2023,THOMPSON,AAC BRANDON (BW 932),27,9223.8,67.1,TRUE
2023,THOMPSON,AAC BROADACRES <PROVEN>,,,,FALSE
2023,THOMPSON,AAC ELIE(BW931),,,,FALSE
2023,THOMPSON,AAC HOCKLEY |BW5044|,5,793.0,73.8,TRUE
2023,THOMPSON,AAC STARBUCK <SECAN>,19,6935.0,66.0,TRUE
2023,THOMPSON,CARBERRY (BW874),,,,FALSE
2023,THOMPSON,CARDALE (BW429),,,,FALSE
2023,THOMPSON,SY CAST,,,,FALSE
2023,THOMPSON,SY TORACH <SYNGENTA>,,,,FALSE
2023,TWO BORDERS,AAC BRANDON (BW 932),56,42179.0,49.3,TRUE
2023,TWO BORDERS,AAC BROADACRES <PROVEN>,,,,FALSE
2023,TWO BORDERS,AAC ELIE(BW931),33,21440.0,46.9,TRUE
2023,TWO BORDERS,AAC HOCKLEY |BW5044|,3,764.0,40.8,TRUE
2023,TWO BORDERS,AAC HODGE |BW1069|,3,553.0,4.5,TRUE
2023,TWO BORDERS,AAC LEROY VB <ALLIANCE>,13,9437.0,44.0,TRUE
2023,TWO BORDERS,AAC REDBERRY,5,1646.0,46.7,TRUE
2023,TWO BORDERS,AAC STARBUCK <SECAN>,16,5109.0,46.7,TRUE
2023,TWO BORDERS,AAC VIEWFIELD <FP GENETICS>|BW965| EXP,3,1593.0,44.1,TRUE
2023,TWO BORDERS,AAC WHEATLAND <SECAN>,8,3735.0,37.3,TRUE
2023,TWO BORDERS,AC BARRIE (BW 661),,,,FALSE
2023,TWO BORDERS,BOLLES <SEED DEPOT>,,,,FALSE
2023,TWO BORDERS,CARBERRY (BW874),4,2327.0,50.3,TRUE
2023,TWO BORDERS,CDC ADAMANT (BW488),,,,FALSE
2023,TWO BORDERS,CDC HUGHES <CPSC> |PT588|,,,,FALSE
2023,TWO BORDERS,SY BRAWN,,,,FALSE
2023,TWO BORDERS,SY CAST,,,,FALSE
2023,TWO BORDERS,SY TORACH <SYNGENTA>,,,,FALSE
2023,UNORG TERRITORY,AAC BRANDON (BW 932),,,,FALSE
2023,UNORG TERRITORY,AAC STARBUCK <SECAN>,,,,FALSE
2023,VICTORIA,AAC BRANDON (BW 932),19,5488.0,60.4,TRUE
2023,VICTORIA,AAC ELIE(BW931),6,1368.0,57.3,TRUE
2023,VICTORIA,AAC HOCKLEY |BW5044|,,,,FALSE
2023,VICTORIA,AAC LEROY VB <ALLIANCE>,3,592.0,57.3,TRUE
2023,VICTORIA,AAC REDBERRY,,,,FALSE
2023,VICTORIA,AAC STARBUCK <SECAN>,16,4659.0,61.6,TRUE
2023,VICTORIA,AAC WHEATLAND <SECAN>,,,,FALSE
2023,VICTORIA,AC BARRIE (BW 661),,,,FALSE
2023,VICTORIA,SY CAST,,,,FALSE
2023,VICTORIA,SY TORACH <SYNGENTA>,,,,FALSE
2023,WALLACE-WOODWORTH,AAC BRANDON (BW 932),59,23683.0,58.6,TRUE
2023,WALLACE-WOODWORTH,AAC ELIE(BW931),,,,FALSE
2023,WALLACE-WOODWORTH,AAC HOCKLEY |BW5044|,14,3396.0,62.0,TRUE
2023,WALLACE-WOODWORTH,AAC HODGE |BW1069|,8,2118.0,54.2,TRUE
2023,WALLACE-WOODWORTH,AAC LEROY VB <ALLIANCE>,5,1555.0,60.5,TRUE
2023,WALLACE-WOODWORTH,AAC REDSTAR <SECAN> |PT488|,,,,FALSE
2023,WALLACE-WOODWORTH,AAC STARBUCK <SECAN>,50,21524.5,62.1,TRUE
2023,WALLACE-WOODWORTH,AAC VIEWFIELD <FP GENETICS>|BW965| EXP,,,,FALSE
2023,WALLACE-WOODWORTH,AAC WHEATLAND <SECAN>,41,15697.0,64.4,TRUE
2023,WALLACE-WOODWORTH,AC BARRIE (BW 661),,,,FALSE
2023,WALLACE-WOODWORTH,BOLLES <SEED DEPOT>,8,1594.0,41.6,TRUE
2023,WALLACE-WOODWORTH,CDC LANDMARK,,,,FALSE
2023,WALLACE-WOODWORTH,GLENN,,,,FALSE
2023,WALLACE-WOODWORTH,SY TORACH <SYNGENTA>,6,1609.0,44.2,TRUE
2023,WEST INTERLAKE,AAC BRANDON (BW 932),,,,FALSE
2023,WEST INTERLAKE,AAC LEROY VB <ALLIANCE>,,,,FALSE
2023,WEST INTERLAKE,AAC REDBERRY,,,,FALSE
2023,WEST INTERLAKE,AAC STARBUCK <SECAN>,,,,FALSE
2023,WEST INTERLAKE,AAC VIEWFIELD <FP GENETICS>|BW965| EXP,,,,FALSE
2023,WEST INTERLAKE,CARDALE (BW429),,,,FALSE
2023,WEST INTERLAKE,CS DAYBREAK <CANTERRA>,3,551.0,22.0,TRUE
2023,WEST ST. PAUL,AAC HOCKLEY |BW5044|,,,,FALSE
2023,WEST ST. PAUL,AAC STARBUCK <SECAN>,6,1822.0,61.7,TRUE
2023,WESTLAKE-GLADSTONE,AAC BRANDON (BW 932),55,33918.0,59.4,TRUE
2023,WESTLAKE-GLADSTONE,AAC ELIE(BW931),,,,FALSE
2023,WESTLAKE-GLADSTONE,AAC HOCKLEY |BW5044|,,,,FALSE
2023,WESTLAKE-GLADSTONE,AAC HODGE |BW1069|,9,1551.0,58.1,TRUE
2023,WESTLAKE-GLADSTONE,AAC LEROY VB <ALLIANCE>,4,3532.0,58.5,TRUE
2023,WESTLAKE-GLADSTONE,AAC REDBERRY,5,3576.0,49.4,TRUE
2023,WESTLAKE-GLADSTONE,AAC STARBUCK <SECAN>,30,15704.0,61.5,TRUE
2023,WESTLAKE-GLADSTONE,AAC VIEWFIELD <FP GENETICS>|BW965| EXP,,,,FALSE
2023,WESTLAKE-GLADSTONE,AAC WHEATLAND <SECAN>,3,1827.0,64.0,TRUE
2023,WESTLAKE-GLADSTONE,BOLLES <SEED DEPOT>,,,,FALSE
2023,WHITEHEAD,AAC BRANDON (BW 932),38,17947.0,60.8,TRUE
2023,WHITEHEAD,AAC BROADACRES <PROVEN>,,,,FALSE
2023,WHITEHEAD,AAC ELIE(BW931),,,,FALSE
2023,WHITEHEAD,AAC HOCKLEY |BW5044|,5,1330.0,61.3,TRUE
2023,WHITEHEAD,AAC LEROY VB <ALLIANCE>,,,,FALSE
2023,WHITEHEAD,AAC STARBUCK <SECAN>,9,3397.0,63.6,TRUE
2023,WHITEHEAD,AAC WHEATLAND <SECAN>,10,4930.0,71.0,TRUE
2023,WHITEHEAD,SY CAST,,,,FALSE
2023,WHITEHEAD,SY MANNESS,,,,FALSE
2023,WHITEMOUTH,AAC BRANDON (BW 932),,,,FALSE
2023,WHITEMOUTH,AAC HOCKLEY |BW5044|,,,,FALSE
2023,WHITEMOUTH,AAC HODGE |BW1069|,,,,FALSE
2023,WHITEMOUTH,AAC STARBUCK <SECAN>,,,,FALSE
2023,WHITEMOUTH,AAC VIEWFIELD <FP GENETICS>|BW965| EXP,,,,FALSE
2023,WHITEMOUTH,GLENN,,,,FALSE
2023,WHITEMOUTH,SY CAST,,,,FALSE
2023,WINNIPEG,AAC BRANDON (BW 932),3,730.0,53.2,TRUE
2023,WINNIPEG,AAC HOCKLEY |BW5044|,,,,FALSE
2023,WINNIPEG,AAC STARBUCK <SECAN>,4,1488.0,68.4,TRUE
2023,WOODLANDS,AAC BRANDON (BW 932),23,8892.0,56.1,TRUE
2023,WOODLANDS,AAC HOCKLEY |BW5044|,,,,FALSE
2023,WOODLANDS,AAC HODGE |BW1069|,,,,FALSE
2023,WOODLANDS,AAC LEROY VB <ALLIANCE>,8,1795.0,55.1,TRUE
2023,WOODLANDS,AAC STARBUCK <SECAN>,33,11340.0,64.3,TRUE
2023,WOODLANDS,CARBERRY (BW874),,,,FALSE
2023,WOODLANDS,CARDALE (BW429),,,,FALSE
2023,WOODLANDS,CDC PLENTIFUL (PT580),,,,FALSE
2023,WOODLANDS,SY MANNESS,,,,FALSE
2023,WOODLANDS,SY TORACH <SYNGENTA>,,,,FALSE
2023,YELLOWHEAD,AAC BRANDON (BW 932),16,3455.0,62.3,TRUE
2023,YELLOWHEAD,AAC ELIE(BW931),,,,FALSE
2023,YELLOWHEAD,AAC HOCKLEY |BW5044|,7,2636.0,77.8,TRUE
2023,YELLOWHEAD,AAC HODGE |BW1069|,14,3266.0,73.8,TRUE
2023,YELLOWHEAD,AAC LEROY VB <ALLIANCE>,3,778.0,78.4,TRUE
2023,YELLOWHEAD,AAC REDBERRY,11,3822.0,64.3,TRUE
2023,YELLOWHEAD,AAC STARBUCK <SECAN>,31,12908.0,70.5,TRUE
2023,YELLOWHEAD,AAC WHEATLAND <SECAN>,27,16842.0,74.2,TRUE
2023,YELLOWHEAD,BOLLES <SEED DEPOT>,7,5657.0,79.1,TRUE
2023,YELLOWHEAD,SOMERSET (BW307),,,,FALSE
2023,YELLOWHEAD,SY GABBRO <SYNGENTA>,,,,FALSE
2023,YELLOWHEAD,SY MANNESS,4,1306.0,79.1,TRUE
2023,YELLOWHEAD,SY TORACH <SYNGENTA>,,,,FALSE
2024,ALEXANDER,AAC BRANDON (BW 932),3,657.0,69.3,TRUE
2024,ALEXANDER,AAC ELIE(BW931),3,2105.0,79.8,TRUE
2024,ALEXANDER,AAC REDBERRY,,,,FALSE
2024,ALEXANDER,AAC STARBUCK <SECAN>,3,1365.0,69.8,TRUE
2024,ALEXANDER,AAC VIEWFIELD <FP GENETICS>|BW965| EXP,3,1219.0,67.2,TRUE
2024,ALEXANDER,CARDALE (BW429),,,,FALSE
2024,ALEXANDER,SY MANNESS,,,,FALSE
2024,ALONSA,AAC BRANDON (BW 932),10,3510.0,51.1,TRUE
2024,ALONSA,AAC ELIE(BW931),,,,FALSE
2024,ALONSA,AAC HOCKLEY |BW5044|,5,3260.0,67.2,TRUE
2024,ALONSA,AAC REDBERRY,3,1028.0,48.4,TRUE
2024,ALONSA,AAC STARBUCK <SECAN>,,,,FALSE
2024,ALONSA,BOLLES <SEED DEPOT>,,,,FALSE
2024,ARGYLE,AAC BRANDON (BW 932),53,20613.2,64.6,TRUE
2024,ARGYLE,AAC BROADACRES <PROVEN>,,,,FALSE
2024,ARGYLE,AAC HOCKLEY |BW5044|,6,1255.0,71.8,TRUE
2024,ARGYLE,AAC HODGE |BW1069|,3,709.0,71.6,TRUE
2024,ARGYLE,AAC STARBUCK <SECAN>,22,7857.5,71.3,TRUE
2024,ARGYLE,AAC WHEATLAND <SECAN>,,,,FALSE
2024,ARGYLE,AC BARRIE (BW 661),,,,FALSE
2024,ARGYLE,SY MANNESS,6,885.0,76.8,TRUE
2024,ARMSTRONG,AAC BRANDON (BW 932),,,,FALSE
2024,ARMSTRONG,AAC BROADACRES <PROVEN>,,,,FALSE
2024,ARMSTRONG,AAC HOCKLEY |BW5044|,,,,FALSE
2024,ARMSTRONG,AAC STARBUCK <SECAN>,,,,FALSE
2024,ARMSTRONG,CDC HUGHES <CPSC> |PT588|,,,,FALSE
2024,BIFROST-RIVERTON,AAC BRANDON (BW 932),16,5264.0,46.1,TRUE
2024,BIFROST-RIVERTON,AAC BROADACRES <PROVEN>,3,607.0,42.4,TRUE
2024,BIFROST-RIVERTON,AAC HOCKLEY |BW5044|,17,4471.0,50.8,TRUE
2024,BIFROST-RIVERTON,AAC HODGE |BW1069|,,,,FALSE
2024,BIFROST-RIVERTON,AAC SPIKE,,,,FALSE
2024,BIFROST-RIVERTON,AAC STARBUCK <SECAN>,3,1255.0,63.5,TRUE
2024,BIFROST-RIVERTON,AAC VIEWFIELD <FP GENETICS>|BW965| EXP,7,1846.0,54.7,TRUE
2024,BIFROST-RIVERTON,CS DAYBREAK <CANTERRA>,6,1174.0,47.0,TRUE
2024,BIFROST-RIVERTON,SY MANNESS,24,6916.0,58.5,TRUE
2024,BOISSEVAIN-MORTON,AAC BRANDON (BW 932),19,8766.0,72.8,TRUE
2024,BOISSEVAIN-MORTON,AAC BROADACRES <PROVEN>,,,,FALSE
2024,BOISSEVAIN-MORTON,AAC ELIE(BW931),,,,FALSE
2024,BOISSEVAIN-MORTON,AAC HOCKLEY |BW5044|,3,730.0,74.6,TRUE
2024,BOISSEVAIN-MORTON,AAC HODGE |BW1069|,13,5515.0,75.6,TRUE
2024,BOISSEVAIN-MORTON,AAC LEROY VB <ALLIANCE>,,,,FALSE
2024,BOISSEVAIN-MORTON,AAC STARBUCK <SECAN>,12,6257.0,75.6,TRUE
2024,BOISSEVAIN-MORTON,AAC TISDALE (PT250),,,,FALSE
2024,BOISSEVAIN-MORTON,AAC WESTKING,,,,FALSE
2024,BOISSEVAIN-MORTON,AAC WHEATLAND <SECAN>,31,17316.0,76.5,TRUE
2024,BRENDA-WASKADA,AAC BRANDON (BW 932),47,32843.0,65.9,TRUE
2024,BRENDA-WASKADA,AAC BROADACRES <PROVEN>,,,,FALSE
2024,BRENDA-WASKADA,AAC ELIE(BW931),11,5405.0,62.5,TRUE
2024,BRENDA-WASKADA,AAC HOCKLEY |BW5044|,,,,FALSE
2024,BRENDA-WASKADA,AAC HODGE |BW1069|,,,,FALSE
2024,BRENDA-WASKADA,AAC LEROY VB <ALLIANCE>,,,,FALSE
2024,BRENDA-WASKADA,AAC REDBERRY,,,,FALSE
2024,BRENDA-WASKADA,AAC STARBUCK <SECAN>,6,2325.0,77.0,TRUE
2024,BRENDA-WASKADA,AAC WHEATLAND <SECAN>,14,6033.0,73.1,TRUE
2024,BRENDA-WASKADA,BOLLES <SEED DEPOT>,,,,FALSE
2024,BRENDA-WASKADA,CARBERRY (BW874),,,,FALSE
2024,BRENDA-WASKADA,SY TORACH <SYNGENTA>,,,,FALSE
2024,BROKENHEAD,AAC BRANDON (BW 932),11,2840.0,59.3,TRUE
2024,BROKENHEAD,AAC BROADACRES <PROVEN>,3,587.0,53.0,TRUE
2024,BROKENHEAD,AAC ELIE(BW931),,,,FALSE
2024,BROKENHEAD,AAC HOCKLEY |BW5044|,12,1964.0,67.6,TRUE
2024,BROKENHEAD,AAC LEROY VB <ALLIANCE>,,,,FALSE
2024,BROKENHEAD,AAC REDBERRY,3,580.0,53.8,TRUE
2024,BROKENHEAD,AAC STARBUCK <SECAN>,6,3541.0,71.0,TRUE
2024,BROKENHEAD,AAC VIEWFIELD <FP GENETICS>|BW965| EXP,29,10448.0,65.4,TRUE
2024,BROKENHEAD,BOLLES <SEED DEPOT>,3,804.0,60.7,TRUE
2024,BROKENHEAD,CARBERRY (BW874),,,,FALSE
2024,BROKENHEAD,CARDALE (BW429),,,,FALSE
2024,BROKENHEAD,CS DAYBREAK <CANTERRA>,,,,FALSE
2024,BROKENHEAD,GLENN,,,,FALSE
2024,BROKENHEAD,SY CAST,,,,FALSE
2024,BROKENHEAD,SY MANNESS,,,,FALSE
2024,CARTIER,AAC BRANDON (BW 932),23,9332.0,67.6,TRUE
2024,CARTIER,AAC HOCKLEY |BW5044|,8,3316.0,69.4,TRUE
2024,CARTIER,AAC LEROY VB <ALLIANCE>,,,,FALSE
2024,CARTIER,AAC STARBUCK <SECAN>,20,9338.0,72.5,TRUE
2024,CARTIER,AAC VIEWFIELD <FP GENETICS>|BW965| EXP,,,,FALSE
2024,CARTIER,AC BARRIE (BW 661),,,,FALSE
2024,CARTIER,CONWAY,,,,FALSE
2024,CARTIER,SY GABBRO <SYNGENTA>,,,,FALSE
2024,CARTIER,SY MANNESS,3,1252.0,91.4,TRUE
2024,CARTWRIGHT-ROBLIN,AAC BRANDON (BW 932),24,8218.0,67.9,TRUE
2024,CARTWRIGHT-ROBLIN,AAC BROADACRES <PROVEN>,,,,FALSE
2024,CARTWRIGHT-ROBLIN,AAC CAMERON VB <CANTERRA>,,,,FALSE
2024,CARTWRIGHT-ROBLIN,AAC ELIE(BW931),,,,FALSE
2024,CARTWRIGHT-ROBLIN,AAC HOCKLEY |BW5044|,3,2947.0,61.3,TRUE
2024,CARTWRIGHT-ROBLIN,AAC HODGE |BW1069|,5,841.0,60.8,TRUE
2024,CARTWRIGHT-ROBLIN,AAC LEROY VB <ALLIANCE>,,,,FALSE
2024,CARTWRIGHT-ROBLIN,AAC STARBUCK <SECAN>,11,4613.0,74.2,TRUE
2024,CARTWRIGHT-ROBLIN,AAC WHEATLAND <SECAN>,17,5123.0,66.8,TRUE
2024,CARTWRIGHT-ROBLIN,HARVEST (BW259),,,,FALSE
2024,CARTWRIGHT-ROBLIN,WB-GUNNISON,,,,FALSE
2024,CLANWILLIAM-ERICKSON,AAC BRANDON (BW 932),6,1968.0,40.3,TRUE
2024,CLANWILLIAM-ERICKSON,AAC HOCKLEY |BW5044|,3,1536.0,53.6,TRUE
2024,CLANWILLIAM-ERICKSON,AAC REDBERRY,,,,FALSE
2024,CLANWILLIAM-ERICKSON,AAC STARBUCK <SECAN>,5,1450.0,53.2,TRUE
2024,CLANWILLIAM-ERICKSON,AAC WHEATLAND <SECAN>,3,1614.0,60.9,TRUE
2024,CLANWILLIAM-ERICKSON,SY CAST,,,,FALSE
2024,CORNWALLIS,AAC BRANDON (BW 932),23,7734.0,60.8,TRUE
2024,CORNWALLIS,AAC ELIE(BW931),,,,FALSE
2024,CORNWALLIS,AAC HODGE |BW1069|,,,,FALSE
2024,CORNWALLIS,AAC STARBUCK <SECAN>,8,2520.0,57.2,TRUE
2024,CORNWALLIS,AAC WHEATLAND <SECAN>,5,3138.0,69.9,TRUE
2024,CORNWALLIS,SY MANNESS,,,,FALSE
2024,DAUPHIN,AAC BRANDON (BW 932),43,18259.5,49.7,TRUE
2024,DAUPHIN,AAC CAMERON VB <CANTERRA>,,,,FALSE
2024,DAUPHIN,AAC HOCKLEY |BW5044|,6,1319.0,52.5,TRUE
2024,DAUPHIN,AAC REDBERRY,5,1333.0,46.4,TRUE
2024,DAUPHIN,AAC SPIKE,,,,FALSE
2024,DAUPHIN,AAC STARBUCK <SECAN>,25,7947.0,53.1,TRUE
2024,DAUPHIN,AAC VIEWFIELD <FP GENETICS>|BW965| EXP,7,2739.0,49.5,TRUE
2024,DAUPHIN,AAC WESTKING,,,,FALSE
2024,DAUPHIN,AAC WHEATLAND <SECAN>,15,6345.0,49.6,TRUE
2024,DAUPHIN,AC DOMAIN (BW 148),,,,FALSE
2024,DAUPHIN,BOLLES <SEED DEPOT>,,,,FALSE
2024,DAUPHIN,CARDALE (BW429),,,,FALSE
2024,DAUPHIN,COLUMBUS,,,,FALSE
2024,DAUPHIN,JOURNEY (BW243),,,,FALSE
2024,DAUPHIN,SY MANNESS,14,3152.0,61.6,TRUE
2024,DELORAINE-WINCHESTER,AAC BRANDON (BW 932),40,24659.0,68.1,TRUE
2024,DELORAINE-WINCHESTER,AAC BROADACRES <PROVEN>,,,,FALSE
2024,DELORAINE-WINCHESTER,AAC ELIE(BW931),4,3974.0,75.0,TRUE
2024,DELORAINE-WINCHESTER,AAC HOCKLEY |BW5044|,3,1045.0,65.5,TRUE
2024,DELORAINE-WINCHESTER,AAC LEROY VB <ALLIANCE>,,,,FALSE
2024,DELORAINE-WINCHESTER,AAC REDBERRY,,,,FALSE
2024,DELORAINE-WINCHESTER,AAC STARBUCK <SECAN>,4,1710.0,64.6,TRUE
2024,DELORAINE-WINCHESTER,AAC WHEATLAND <SECAN>,9,4344.0,71.2,TRUE
2024,DELORAINE-WINCHESTER,BOLLES <SEED DEPOT>,,,,FALSE
2024,DELORAINE-WINCHESTER,CDC ENVY,,,,FALSE
2024,DELORAINE-WINCHESTER,SY CAST,,,,FALSE
2024,DESALABERRY,AAC BRANDON (BW 932),21,9662.0,74.7,TRUE
2024,DESALABERRY,AAC HODGE |BW1069|,3,939.0,71.5,TRUE
2024,DESALABERRY,AAC STARBUCK <SECAN>,20,8379.0,78.4,TRUE
2024,DESALABERRY,AAC TISDALE (PT250),,,,FALSE
2024,DESALABERRY,AAC WESTKING,,,,FALSE
2024,DESALABERRY,CS DAYBREAK <CANTERRA>,,,,FALSE
2024,DESALABERRY,SY MANNESS,,,,FALSE
2024,DUFFERIN,AAC BRANDON (BW 932),33,8591.0,76.5,TRUE
2024,DUFFERIN,AAC HOCKLEY |BW5044|,15,4690.0,71.4,TRUE
2024,DUFFERIN,AAC HODGE |BW1069|,,,,FALSE
2024,DUFFERIN,AAC LEROY VB <ALLIANCE>,4,1201.0,75.7,TRUE
2024,DUFFERIN,AAC STARBUCK <SECAN>,28,5941.0,73.2,TRUE
2024,DUFFERIN,AAC WHEATLAND <SECAN>,4,744.0,65.3,TRUE
2024,DUFFERIN,BOLLES <SEED DEPOT>,,,,FALSE
2024,DUFFERIN,SY GABBRO <SYNGENTA>,,,,FALSE
2024,DUFFERIN,SY MANNESS,4,842.0,52.3,TRUE
2024,EAST ST PAUL,AAC STARBUCK <SECAN>,,,,FALSE
2024,ELLICE-ARCHIE,AAC BRANDON (BW 932),5,4048.0,58.6,TRUE
2024,ELLICE-ARCHIE,AAC ELIE(BW931),,,,FALSE
2024,ELLICE-ARCHIE,AAC HOCKLEY |BW5044|,4,1672.0,79.6,TRUE
2024,ELLICE-ARCHIE,AAC HODGE |BW1069|,5,2242.0,68.9,TRUE
2024,ELLICE-ARCHIE,AAC LEROY VB <ALLIANCE>,5,1322.0,64.7,TRUE
2024,ELLICE-ARCHIE,AAC REDBERRY,,,,FALSE
2024,ELLICE-ARCHIE,AAC STARBUCK <SECAN>,13,6705.0,69.7,TRUE
2024,ELLICE-ARCHIE,AAC WESTKING,,,,FALSE
2024,ELLICE-ARCHIE,AAC WHEATLAND <SECAN>,14,7614.0,60.6,TRUE
2024,ELLICE-ARCHIE,BOLLES <SEED DEPOT>,3,882.0,60.0,TRUE
2024,ELLICE-ARCHIE,CDC HUGHES <CPSC> |PT588|,,,,FALSE
2024,ELLICE-ARCHIE,CDC PLENTIFUL (PT580),,,,FALSE
2024,ELLICE-ARCHIE,SY MANNESS,3,1146.0,69.5,TRUE
2024,ELTON,AAC BRANDON (BW 932),36,18457.0,66.3,TRUE
2024,ELTON,AAC HOCKLEY |BW5044|,,,,FALSE
2024,ELTON,AAC HODGE |BW1069|,4,1228.0,60.8,TRUE
2024,ELTON,AAC STARBUCK <SECAN>,22,12074.0,69.6,TRUE
2024,ELTON,AAC WHEATLAND <SECAN>,4,1905.0,70.9,TRUE
2024,ELTON,SY MANNESS,4,755.0,66.0,TRUE
2024,EMERSON-FRANKLIN,AAC BRANDON (BW 932),29,15680.0,72.0,TRUE
2024,EMERSON-FRANKLIN,AAC REDBERRY,,,,FALSE
2024,EMERSON-FRANKLIN,AAC STARBUCK <SECAN>,19,7854.0,76.8,TRUE
2024,EMERSON-FRANKLIN,AAC VIEWFIELD <FP GENETICS>|BW965| EXP,,,,FALSE
2024,EMERSON-FRANKLIN,AAC WHEATLAND <SECAN>,,,,FALSE
2024,EMERSON-FRANKLIN,AC DOMAIN (BW 148),,,,FALSE
2024,EMERSON-FRANKLIN,SY MANNESS,4,1330.0,73.2,TRUE
2024,ETHELBERT,AAC BRANDON (BW 932),3,860.0,18.3,TRUE
2024,ETHELBERT,AAC HOCKLEY |BW5044|,,,,FALSE
2024,ETHELBERT,AAC REDBERRY,,,,FALSE
2024,ETHELBERT,AAC STARBUCK <SECAN>,4,1207.0,33.9,TRUE
2024,ETHELBERT,AAC VIEWFIELD <FP GENETICS>|BW965| EXP,,,,FALSE
2024,ETHELBERT,AAC WHEATLAND <SECAN>,,,,FALSE
2024,ETHELBERT,CARDALE (BW429),,,,FALSE
2024,ETHELBERT,CDC STANLEY (BW880),,,,FALSE
2024,FISHER,AAC BRANDON (BW 932),10,1409.0,44.9,TRUE
2024,FISHER,AAC BROADACRES <PROVEN>,,,,FALSE
2024,FISHER,AAC HOCKLEY |BW5044|,9,2602.0,56.0,TRUE
2024,FISHER,AAC HODGE |BW1069|,,,,FALSE
2024,FISHER,AAC STARBUCK <SECAN>,,,,FALSE
2024,FISHER,AAC VIEWFIELD <FP GENETICS>|BW965| EXP,,,,FALSE
2024,FISHER,CARBERRY (BW874),,,,FALSE
2024,FISHER,CDC STANLEY (BW880),,,,FALSE
2024,FISHER,CDC TEAL (BW 616),,,,FALSE
2024,FISHER,CS DAYBREAK <CANTERRA>,3,1064.0,24.7,TRUE
2024,FISHER,SY MANNESS,,,,FALSE
2024,FISHER,SY TORACH <SYNGENTA>,,,,FALSE
2024,GILBERT PLAINS,5604HR CL (BW 878),,,,FALSE
2024,GILBERT PLAINS,5605HR CL (BW918),,,,FALSE
2024,GILBERT PLAINS,AAC BRANDON (BW 932),22,7312.0,50.9,TRUE
2024,GILBERT PLAINS,AAC ELIE(BW931),,,,FALSE
2024,GILBERT PLAINS,AAC HOCKLEY |BW5044|,19,6152.0,58.7,TRUE
2024,GILBERT PLAINS,AAC LEROY VB <ALLIANCE>,,,,FALSE
2024,GILBERT PLAINS,AAC REDBERRY,18,15553.0,51.2,TRUE
2024,GILBERT PLAINS,AAC REDWATER (PT457),,,,FALSE
2024,GILBERT PLAINS,AAC STARBUCK <SECAN>,8,3906.0,56.3,TRUE
2024,GILBERT PLAINS,AAC TISDALE (PT250),,,,FALSE
2024,GILBERT PLAINS,AAC VIEWFIELD <FP GENETICS>|BW965| EXP,15,6754.0,55.3,TRUE
2024,GILBERT PLAINS,AAC WHEATLAND <SECAN>,13,4646.0,50.6,TRUE
2024,GILBERT PLAINS,BOLLES <SEED DEPOT>,,,,FALSE
2024,GILBERT PLAINS,CARDALE (BW429),,,,FALSE
2024,GILBERT PLAINS,CDC PLENTIFUL (PT580),,,,FALSE
2024,GILBERT PLAINS,CDC STANLEY (BW880),,,,FALSE
2024,GILBERT PLAINS,CDC VR MORRIS (BW423),,,,FALSE
2024,GILBERT PLAINS,SY MANNESS,,,,FALSE
2024,GIMLI,AAC BRANDON (BW 932),7,2989.0,56.1,TRUE
2024,GIMLI,AAC BROADACRES <PROVEN>,,,,FALSE
2024,GIMLI,CARDALE (BW429),,,,FALSE
2024,GLENBORO-SOUTH CYPRESS,AAC BRANDON (BW 932),25,5973.1,65.5,TRUE
2024,GLENBORO-SOUTH CYPRESS,AAC HOCKLEY |BW5044|,,,,FALSE
2024,GLENBORO-SOUTH CYPRESS,AAC HODGE |BW1069|,3,527.0,56.0,TRUE
2024,GLENBORO-SOUTH CYPRESS,AAC STARBUCK <SECAN>,7,1006.0,66.3,TRUE
2024,GLENBORO-SOUTH CYPRESS,AAC WHEATLAND <SECAN>,,,,FALSE
2024,GLENBORO-SOUTH CYPRESS,AC BARRIE (BW 661),,,,FALSE
2024,GLENBORO-SOUTH CYPRESS,SY MANNESS,,,,FALSE
2024,GLENELLA-LANSDOWNE,AAC BRANDON (BW 932),36,16805.0,60.2,TRUE
2024,GLENELLA-LANSDOWNE,AAC ELIE(BW931),,,,FALSE
2024,GLENELLA-LANSDOWNE,AAC HOCKLEY |BW5044|,10,3629.0,61.9,TRUE
2024,GLENELLA-LANSDOWNE,AAC HODGE |BW1069|,4,1265.0,68.6,TRUE
2024,GLENELLA-LANSDOWNE,AAC REDBERRY,4,1597.0,56.5,TRUE
2024,GLENELLA-LANSDOWNE,AAC STARBUCK <SECAN>,25,8782.0,66.8,TRUE
2024,GLENELLA-LANSDOWNE,AAC VIEWFIELD <FP GENETICS>|BW965| EXP,,,,FALSE
2024,GLENELLA-LANSDOWNE,AAC WHEATLAND <SECAN>,,,,FALSE
2024,GLENELLA-LANSDOWNE,BOLLES <SEED DEPOT>,,,,FALSE
2024,GLENELLA-LANSDOWNE,SY MANNESS,,,,FALSE
2024,GRAHAMDALE,AAC HOCKLEY |BW5044|,4,1330.0,46.3,TRUE
2024,GRAHAMDALE,AAC LEROY VB <ALLIANCE>,,,,FALSE
2024,GRAHAMDALE,AAC REDBERRY,,,,FALSE
2024,GRAHAMDALE,AAC STARBUCK <SECAN>,3,1231.0,45.8,TRUE
2024,GRANDVIEW,AAC BRANDON (BW 932),26,12512.0,53.1,TRUE
2024,GRANDVIEW,AAC HOCKLEY |BW5044|,22,8747.0,57.5,TRUE
2024,GRANDVIEW,AAC HODGE |BW1069|,3,855.0,53.7,TRUE
2024,GRANDVIEW,AAC REDBERRY,7,2687.0,29.0,TRUE
2024,GRANDVIEW,AAC STARBUCK <SECAN>,9,4199.0,68.8,TRUE
2024,GRANDVIEW,AAC STOUGHTON,,,,FALSE
2024,GRANDVIEW,AAC TISDALE (PT250),,,,FALSE
2024,GRANDVIEW,AAC VIEWFIELD <FP GENETICS>|BW965| EXP,14,4457.0,61.4,TRUE
2024,GRANDVIEW,AAC WESTKING,,,,FALSE
2024,GRANDVIEW,AAC WHEATLAND <SECAN>,22,10951.0,52.2,TRUE
2024,GRANDVIEW,BOLLES <SEED DEPOT>,6,2501.0,45.4,TRUE
2024,GRANDVIEW,CARDALE (BW429),,,,FALSE
2024,GRANDVIEW,CDC PLENTIFUL (PT580),,,,FALSE
2024,GRANDVIEW,SY MANNESS,4,1354.0,48.1,TRUE
2024,GRASSLAND,AAC BRANDON (BW 932),51,29413.5,65.3,TRUE
2024,GRASSLAND,AAC BROADACRES <PROVEN>,,,,FALSE
2024,GRASSLAND,AAC ELIE(BW931),,,,FALSE
2024,GRASSLAND,AAC HOCKLEY |BW5044|,9,4623.0,66.7,TRUE
2024,GRASSLAND,AAC HODGE |BW1069|,4,1064.0,63.2,TRUE
2024,GRASSLAND,AAC LEROY VB <ALLIANCE>,5,2723.0,60.4,TRUE
2024,GRASSLAND,AAC REDBERRY,,,,FALSE
2024,GRASSLAND,AAC STARBUCK <SECAN>,10,6464.0,74.8,TRUE
2024,GRASSLAND,AAC WESTKING,,,,FALSE
2024,GRASSLAND,AAC WHEATLAND <SECAN>,29,12742.0,74.0,TRUE
2024,GRASSLAND,CARBERRY (BW874),,,,FALSE
2024,GRASSLAND,CDC ENVY,,,,FALSE
2024,GRASSLAND,SY MANNESS,,,,FALSE
2024,GREY,AAC BRANDON (BW 932),21,6193.0,73.8,TRUE
2024,GREY,AAC HOCKLEY |BW5044|,18,5101.0,75.9,TRUE
2024,GREY,AAC LEROY VB <ALLIANCE>,,,,FALSE
2024,GREY,AAC STARBUCK <SECAN>,21,7518.0,68.4,TRUE
2024,GREY,AAC WHEATLAND <SECAN>,10,3176.4,60.3,TRUE
2024,GREY,CARDALE (BW429),,,,FALSE
2024,GREY,SY GABBRO <SYNGENTA>,,,,FALSE
2024,GREY,SY MANNESS,8,2073.0,71.6,TRUE
2024,HAMIOTA,AAC BRANDON (BW 932),7,2258.0,62.7,TRUE
2024,HAMIOTA,AAC BROADACRES <PROVEN>,,,,FALSE
2024,HAMIOTA,AAC HOCKLEY |BW5044|,11,3228.0,76.1,TRUE
2024,HAMIOTA,AAC HODGE |BW1069|,8,1727.0,69.8,TRUE
2024,HAMIOTA,AAC REDBERRY,5,1455.0,60.9,TRUE
2024,HAMIOTA,AAC STARBUCK <SECAN>,24,7994.0,71.6,TRUE
2024,HAMIOTA,AAC WESTKING,,,,FALSE
2024,HAMIOTA,AAC WHEATLAND <SECAN>,22,8489.0,67.5,TRUE
2024,HAMIOTA,BOLLES <SEED DEPOT>,,,,FALSE
2024,HAMIOTA,CDC ENVY,,,,FALSE
2024,HAMIOTA,SY MANNESS,17,5960.0,75.1,TRUE
2024,HANOVER,AAC BRANDON (BW 932),23,6556.0,69.8,TRUE
2024,HANOVER,AAC HOCKLEY |BW5044|,5,986.0,58.8,TRUE
2024,HANOVER,AAC HODGE |BW1069|,,,,FALSE
2024,HANOVER,AAC STARBUCK <SECAN>,7,1007.0,75.1,TRUE
2024,HANOVER,CARDALE (BW429),,,,FALSE
2024,HARRISON PARK,AAC BRANDON (BW 932),8,3422.0,55.1,TRUE
2024,HARRISON PARK,AAC HOCKLEY |BW5044|,12,4527.0,63.2,TRUE
2024,HARRISON PARK,AAC HODGE |BW1069|,,,,FALSE
2024,HARRISON PARK,AAC LEROY VB <ALLIANCE>,,,,FALSE
2024,HARRISON PARK,"AAC MAGNET |BW 1045, BJ14*A01135|",,,,FALSE
2024,HARRISON PARK,AAC REDBERRY,18,5973.0,48.3,TRUE
2024,HARRISON PARK,AAC STARBUCK <SECAN>,26,9787.0,56.7,TRUE
2024,HARRISON PARK,AAC WHEATLAND <SECAN>,11,3921.0,60.6,TRUE
2024,HARRISON PARK,AC BARRIE (BW 661),,,,FALSE
2024,HARRISON PARK,BOLLES <SEED DEPOT>,,,,FALSE
2024,HARRISON PARK,SY MANNESS,3,795.0,75.0,TRUE
2024,HARRISON PARK,SY TORACH <SYNGENTA>,,,,FALSE
2024,HEADINGLEY,AAC BRANDON (BW 932),4,2051.0,72.6,TRUE
2024,HEADINGLEY,AAC HOCKLEY |BW5044|,3,1615.0,71.4,TRUE
2024,HEADINGLEY,AAC STARBUCK <SECAN>,6,2272.0,61.7,TRUE
2024,HEADINGLEY,SY MANNESS,,,,FALSE
2024,HILLSBURG-ROBLIN-SHELL RIVER,AAC BRANDON (BW 932),12,5227.0,63.4,TRUE
2024,HILLSBURG-ROBLIN-SHELL RIVER,AAC HOCKLEY |BW5044|,25,12018.0,73.9,TRUE
2024,HILLSBURG-ROBLIN-SHELL RIVER,AAC HODGE |BW1069|,4,4187.0,73.9,TRUE
2024,HILLSBURG-ROBLIN-SHELL RIVER,AAC STARBUCK <SECAN>,,,,FALSE
2024,HILLSBURG-ROBLIN-SHELL RIVER,AAC VIEWFIELD <FP GENETICS>|BW965| EXP,7,2357.0,68.8,TRUE
2024,HILLSBURG-ROBLIN-SHELL RIVER,AAC WHEATLAND <SECAN>,29,12795.0,71.6,TRUE
2024,HILLSBURG-ROBLIN-SHELL RIVER,AC BARRIE (BW 661),,,,FALSE
2024,HILLSBURG-ROBLIN-SHELL RIVER,CDC PLENTIFUL (PT580),,,,FALSE
2024,HILLSBURG-ROBLIN-SHELL RIVER,GLENN,,,,FALSE
2024,HILLSBURG-ROBLIN-SHELL RIVER,SY MANNESS,7,2900.0,66.2,TRUE
2024,KELSEY,AAC HOCKLEY |BW5044|,3,1130.0,49.6,TRUE
2024,KELSEY,AAC HODGE |BW1069|,,,,FALSE
2024,KELSEY,AAC REDBERRY,7,4618.0,69.3,TRUE
2024,KELSEY,AAC VIEWFIELD <FP GENETICS>|BW965| EXP,,,,FALSE
2024,KELSEY,CDC ENVY,,,,FALSE
2024,KELSEY,CDC LANDMARK,,,,FALSE
2024,KELSEY,CDC TEAL (BW 616),,,,FALSE
2024,KELSEY,SY GABBRO <SYNGENTA>,,,,FALSE
2024,KELSEY,SY MANNESS,,,,FALSE
2024,KILLARNEY-TURTLE MTN,AAC BRANDON (BW 932),22,11367.0,65.9,TRUE
2024,KILLARNEY-TURTLE MTN,AAC BROADACRES <PROVEN>,,,,FALSE
2024,KILLARNEY-TURTLE MTN,AAC HOCKLEY |BW5044|,3,675.0,63.6,TRUE
2024,KILLARNEY-TURTLE MTN,AAC HODGE |BW1069|,5,1853.0,76.5,TRUE
2024,KILLARNEY-TURTLE MTN,AAC LEROY VB <ALLIANCE>,,,,FALSE
2024,KILLARNEY-TURTLE MTN,AAC REDBERRY,,,,FALSE
2024,KILLARNEY-TURTLE MTN,AAC STARBUCK <SECAN>,16,9431.0,76.1,TRUE
2024,KILLARNEY-TURTLE MTN,AAC WESTKING,,,,FALSE
2024,KILLARNEY-TURTLE MTN,AAC WHEATLAND <SECAN>,23,14385.0,77.5,TRUE
2024,KILLARNEY-TURTLE MTN,BOLLES <SEED DEPOT>,,,,FALSE
2024,KILLARNEY-TURTLE MTN,CDC PLENTIFUL (PT580),,,,FALSE
2024,KILLARNEY-TURTLE MTN,SY MANNESS,,,,FALSE
2024,LA BROQUERIE,AAC BRANDON (BW 932),,,,FALSE
2024,LA BROQUERIE,AAC STARBUCK <SECAN>,,,,FALSE
2024,LAC DU BONNET,AAC BRANDON (BW 932),7,1511.0,67.5,TRUE
2024,LAC DU BONNET,AAC ELIE(BW931),4,1265.0,35.7,TRUE
2024,LAC DU BONNET,AAC HOCKLEY |BW5044|,6,942.0,70.3,TRUE
2024,LAC DU BONNET,AAC STARBUCK <SECAN>,5,2498.0,72.8,TRUE
2024,LAC DU BONNET,AAC TISDALE (PT250),,,,FALSE
2024,LAC DU BONNET,AAC VIEWFIELD <FP GENETICS>|BW965| EXP,7,3899.0,78.9,TRUE
2024,LAC DU BONNET,CARBERRY (BW874),,,,FALSE
2024,LAC DU BONNET,SY MANNESS,,,,FALSE
2024,LAKESHORE,AAC BRANDON (BW 932),30,10379.5,56.4,TRUE
2024,LAKESHORE,AAC HOCKLEY |BW5044|,4,945.0,50.1,TRUE
2024,LAKESHORE,AAC HODGE |BW1069|,,,,FALSE
2024,LAKESHORE,AAC REDBERRY,,,,FALSE
2024,LAKESHORE,AAC STARBUCK <SECAN>,6,2608.0,66.0,TRUE
2024,LAKESHORE,AAC VIEWFIELD <FP GENETICS>|BW965| EXP,,,,FALSE
2024,LAKESHORE,AAC WHEATLAND <SECAN>,,,,FALSE
2024,LAKESHORE,BOLLES <SEED DEPOT>,,,,FALSE
2024,LAKESHORE,CARBERRY (BW874),,,,FALSE
2024,LAKESHORE,CARDALE (BW429),,,,FALSE
2024,LAKESHORE,GLENN,,,,FALSE
2024,LAKESHORE,SY MANNESS,,,,FALSE
2024,LAKESHORE,TCG-HEARTLAND,,,,FALSE
2024,LORNE,AAC BRANDON (BW 932),86,28463.1,73.4,TRUE
2024,LORNE,AAC BROADACRES <PROVEN>,,,,FALSE
2024,LORNE,AAC HOCKLEY |BW5044|,3,712.0,49.9,TRUE
2024,LORNE,AAC HODGE |BW1069|,9,1390.0,66.8,TRUE
2024,LORNE,AAC LEROY VB <ALLIANCE>,,,,FALSE
2024,LORNE,AAC STARBUCK <SECAN>,37,13107.0,73.1,TRUE
2024,LORNE,AAC STOUGHTON,,,,FALSE
2024,LORNE,AAC WESTKING,,,,FALSE
2024,LORNE,AAC WHEATLAND <SECAN>,6,1664.0,73.3,TRUE
2024,LORNE,AC BARRIE (BW 661),,,,FALSE
2024,LORNE,CARDALE (BW429),,,,FALSE
2024,LORNE,CDC VR MORRIS (BW423),,,,FALSE
2024,LORNE,HARVEST (BW259),,,,FALSE
2024,LORNE,SY MANNESS,4,761.0,69.6,TRUE
2024,LOUISE,AAC BRANDON (BW 932),70,28211.0,78.2,TRUE
2024,LOUISE,AAC BROADACRES <PROVEN>,,,,FALSE
2024,LOUISE,AAC ELIE(BW931),,,,FALSE
2024,LOUISE,AAC HOCKLEY |BW5044|,4,683.0,73.1,TRUE
2024,LOUISE,AAC HODGE |BW1069|,4,1075.0,68.6,TRUE
2024,LOUISE,AAC STARBUCK <SECAN>,43,15979.0,78.2,TRUE
2024,LOUISE,AAC WESTKING,,,,FALSE
2024,LOUISE,AAC WHEATLAND <SECAN>,19,7576.0,86.9,TRUE
2024,LOUISE,CDC HUGHES <CPSC> |PT588|,,,,FALSE
2024,LOUISE,CDC IMBUE CLPLUS |BW5062|,,,,FALSE
2024,LOUISE,SY MANNESS,8,2971.0,92.7,TRUE
2024,MACDONALD,AAC BRANDON (BW 932),56,25088.0,69.1,TRUE
2024,MACDONALD,AAC HOCKLEY |BW5044|,26,8530.0,73.8,TRUE
2024,MACDONALD,AAC HODGE |BW1069|,,,,FALSE
2024,MACDONALD,AAC LEROY VB <ALLIANCE>,,,,FALSE
2024,MACDONALD,AAC STARBUCK <SECAN>,34,16639.0,78.0,TRUE
2024,MACDONALD,AAC TISDALE (PT250),3,1162.0,54.3,TRUE
2024,MACDONALD,AAC VIEWFIELD <FP GENETICS>|BW965| EXP,6,1771.0,77.2,TRUE
2024,MACDONALD,AAC WESTKING,,,,FALSE
2024,MACDONALD,AAC WHEATLAND <SECAN>,,,,FALSE
2024,MACDONALD,SY MANNESS,21,7776.0,84.1,TRUE
2024,MCCREARY,AAC BRANDON (BW 932),15,7441.0,54.9,TRUE
2024,MCCREARY,AAC HOCKLEY |BW5044|,,,,FALSE
2024,MCCREARY,AAC HODGE |BW1069|,,,,FALSE
2024,MCCREARY,AAC STARBUCK <SECAN>,9,2895.0,48.4,TRUE
2024,MCCREARY,AC BARRIE (BW 661),,,,FALSE
2024,MCCREARY,GLENN,,,,FALSE
2024,MCCREARY,SY MANNESS,,,,FALSE
2024,MINITONAS-BOWSMAN,AAC BRANDON (BW 932),5,5315.0,70.7,TRUE
2024,MINITONAS-BOWSMAN,AAC BROADACRES <PROVEN>,,,,FALSE
2024,MINITONAS-BOWSMAN,AAC HOCKLEY |BW5044|,6,1852.0,72.5,TRUE
2024,MINITONAS-BOWSMAN,AAC HODGE |BW1069|,,,,FALSE
2024,MINITONAS-BOWSMAN,AAC REDBERRY,3,1077.1,51.1,TRUE
2024,MINITONAS-BOWSMAN,AAC VIEWFIELD <FP GENETICS>|BW965| EXP,62,36565.0,77.2,TRUE
2024,MINITONAS-BOWSMAN,AAC WHEATLAND <SECAN>,11,2975.0,73.0,TRUE
2024,MINITONAS-BOWSMAN,AC BARRIE (BW 661),,,,FALSE
2024,MINITONAS-BOWSMAN,CARDALE (BW429),,,,FALSE
2024,MINITONAS-BOWSMAN,SY MANNESS,7,1419.0,82.3,TRUE
2024,MINTO-ODANAH,AAC BRANDON (BW 932),21,5294.0,51.8,TRUE
2024,MINTO-ODANAH,AAC HOCKLEY |BW5044|,8,2496.0,66.9,TRUE
2024,MINTO-ODANAH,AAC HODGE |BW1069|,4,972.0,56.5,TRUE
2024,MINTO-ODANAH,AAC LEROY VB <ALLIANCE>,,,,FALSE
2024,MINTO-ODANAH,AAC STARBUCK <SECAN>,29,14376.0,65.7,TRUE
2024,MINTO-ODANAH,AAC VIEWFIELD <FP GENETICS>|BW965| EXP,,,,FALSE
2024,MINTO-ODANAH,AAC WHEATLAND <SECAN>,10,4669.0,59.7,TRUE
2024,MINTO-ODANAH,AC BARRIE (BW 661),,,,FALSE
2024,MINTO-ODANAH,BOLLES <SEED DEPOT>,,,,FALSE
2024,MINTO-ODANAH,SY MANNESS,10,3220.0,61.8,TRUE
2024,MONTCALM,AAC BRANDON (BW 932),27,8747.0,75.1,TRUE
2024,MONTCALM,AAC STARBUCK <SECAN>,10,2226.0,74.3,TRUE
2024,MONTCALM,AAC WHEATLAND <SECAN>,,,,FALSE
2024,MONTCALM,SY MANNESS,,,,FALSE
2024,MORRIS,AAC BRANDON (BW 932),57,22019.3,73.1,TRUE
2024,MORRIS,AAC HOCKLEY |BW5044|,6,2673.0,76.1,TRUE
2024,MORRIS,AAC STARBUCK <SECAN>,21,7357.0,74.8,TRUE
2024,MORRIS,AAC TISDALE (PT250),,,,FALSE
2024,MORRIS,AAC VIEWFIELD <FP GENETICS>|BW965| EXP,15,6115.0,75.9,TRUE
2024,MORRIS,AAC WHEATLAND <SECAN>,,,,FALSE
2024,MORRIS,CARDALE (BW429),,,,FALSE
2024,MORRIS,CS DAYBREAK <CANTERRA>,,,,FALSE
2024,MORRIS,SY GABBRO <SYNGENTA>,5,2227.0,83.4,TRUE
2024,MORRIS,SY MANNESS,28,5288.0,84.6,TRUE
2024,MOSSEY RIVER,AAC BRANDON (BW 932),,,,FALSE
2024,MOSSEY RIVER,AAC HODGE |BW1069|,,,,FALSE
2024,MOSSEY RIVER,AAC LEROY VB <ALLIANCE>,,,,FALSE
2024,MOSSEY RIVER,AAC STARBUCK <SECAN>,5,1420.0,49.7,TRUE
2024,MOSSEY RIVER,AAC VIEWFIELD <FP GENETICS>|BW965| EXP,3,1402.0,76.6,TRUE
2024,MOSSEY RIVER,AAC WHEATLAND <SECAN>,,,,FALSE
2024,MOSSEY RIVER,CARDALE (BW429),,,,FALSE
2024,MOSSEY RIVER,SY MANNESS,,,,FALSE
2024,MOUNTAIN,AAC BRANDON (BW 932),3,610.0,36.6,TRUE
2024,MOUNTAIN,AAC ELIE(BW931),,,,FALSE
2024,MOUNTAIN,AAC HODGE |BW1069|,,,,FALSE
2024,MOUNTAIN,AAC REDBERRY,,,,FALSE
2024,MOUNTAIN,AAC VIEWFIELD <FP GENETICS>|BW965| EXP,29,16742.0,74.5,TRUE
2024,MOUNTAIN,AAC WHEATLAND <SECAN>,5,2298.0,63.8,TRUE
2024,MOUNTAIN,CARDALE (BW429),,,,FALSE
2024,MOUNTAIN,CDC GO (BW781),,,,FALSE
2024,MOUNTAIN,CDC ORTONA <PROVEN>,,,,FALSE
2024,MOUNTAIN,CDC STANLEY (BW880),,,,FALSE
2024,MOUNTAIN,SUPERB (BW252),,,,FALSE
2024,MOUNTAIN,SY GABBRO <SYNGENTA>,,,,FALSE
2024,MOUNTAIN,SY MANNESS,3,1176.0,71.4,TRUE
2024,NORFOLK-TREHERNE,AAC BRANDON (BW 932),21,9149.0,73.9,TRUE
2024,NORFOLK-TREHERNE,AAC BROADACRES <PROVEN>,,,,FALSE
2024,NORFOLK-TREHERNE,AAC ELIE(BW931),,,,FALSE
2024,NORFOLK-TREHERNE,AAC HODGE |BW1069|,,,,FALSE
2024,NORFOLK-TREHERNE,AAC LEROY VB <ALLIANCE>,3,961.0,69.8,TRUE
2024,NORFOLK-TREHERNE,AAC STARBUCK <SECAN>,11,2843.0,64.6,TRUE
2024,NORFOLK-TREHERNE,AAC WHEATLAND <SECAN>,14,5433.0,73.7,TRUE
2024,NORFOLK-TREHERNE,BOLLES <SEED DEPOT>,,,,FALSE
2024,NORTH CYPRESS-LANGFORD,AAC BRANDON (BW 932),55,37146.0,58.2,TRUE
2024,NORTH CYPRESS-LANGFORD,AAC BROADACRES <PROVEN>,,,,FALSE
2024,NORTH CYPRESS-LANGFORD,AAC ELIE(BW931),,,,FALSE
2024,NORTH CYPRESS-LANGFORD,AAC HOCKLEY |BW5044|,,,,FALSE
2024,NORTH CYPRESS-LANGFORD,AAC HODGE |BW1069|,3,854.0,52.7,TRUE
2024,NORTH CYPRESS-LANGFORD,AAC LEROY VB <ALLIANCE>,,,,FALSE
2024,NORTH CYPRESS-LANGFORD,AAC REDBERRY,,,,FALSE
2024,NORTH CYPRESS-LANGFORD,AAC STARBUCK <SECAN>,36,12835.1,59.7,TRUE
2024,NORTH CYPRESS-LANGFORD,AAC WHEATLAND <SECAN>,4,3073.0,75.3,TRUE
2024,NORTH CYPRESS-LANGFORD,SY MANNESS,,,,FALSE
2024,NORTH NORFOLK,AAC BRANDON (BW 932),33,10048.0,56.4,TRUE
2024,NORTH NORFOLK,AAC BROADACRES <PROVEN>,,,,FALSE
2024,NORTH NORFOLK,AAC ELIE(BW931),4,1360.0,51.6,TRUE
2024,NORTH NORFOLK,AAC HOCKLEY |BW5044|,3,1468.0,62.6,TRUE
2024,NORTH NORFOLK,AAC HODGE |BW1069|,5,656.0,43.5,TRUE
2024,NORTH NORFOLK,AAC STARBUCK <SECAN>,12,4517.0,54.5,TRUE
2024,NORTH NORFOLK,AAC WHEATLAND <SECAN>,5,2323.0,59.7,TRUE
2024,NORTH NORFOLK,BOLLES <SEED DEPOT>,9,4069.0,73.1,TRUE
2024,NORTH NORFOLK,CARDALE (BW429),,,,FALSE
2024,NORTH NORFOLK,CDC SKRUSH |PT599|,,,,FALSE
2024,OAKLAND-WAWANESA,5605HR CL (BW918),,,,FALSE
2024,OAKLAND-WAWANESA,AAC BRANDON (BW 932),23,10028.0,63.6,TRUE
2024,OAKLAND-WAWANESA,AAC ELIE(BW931),,,,FALSE
2024,OAKLAND-WAWANESA,AAC HOCKLEY |BW5044|,,,,FALSE
2024,OAKLAND-WAWANESA,AAC HODGE |BW1069|,3,704.0,52.0,TRUE
2024,OAKLAND-WAWANESA,AAC STARBUCK <SECAN>,16,5440.0,68.8,TRUE
2024,OAKLAND-WAWANESA,AAC WESTKING,,,,FALSE
2024,OAKLAND-WAWANESA,AAC WHEATLAND <SECAN>,15,5481.0,71.5,TRUE
2024,OAKLAND-WAWANESA,CARDALE (BW429),,,,FALSE
2024,OAKLAND-WAWANESA,GLENN,,,,FALSE
2024,OAKVIEW,AAC BRANDON (BW 932),11,5251.0,61.0,TRUE
2024,OAKVIEW,AAC BROADACRES <PROVEN>,,,,FALSE
2024,OAKVIEW,AAC HOCKLEY |BW5044|,8,3438.0,66.0,TRUE
2024,OAKVIEW,AAC HODGE |BW1069|,7,1527.0,59.9,TRUE
2024,OAKVIEW,AAC REDBERRY,8,2822.0,53.8,TRUE
2024,OAKVIEW,AAC STARBUCK <SECAN>,49,24521.0,66.8,TRUE
2024,OAKVIEW,AAC VIEWFIELD <FP GENETICS>|BW965| EXP,,,,FALSE
2024,OAKVIEW,AAC WESTKING,,,,FALSE
2024,OAKVIEW,AAC WHEATLAND <SECAN>,31,13141.0,71.3,TRUE
2024,OAKVIEW,BOLLES <SEED DEPOT>,,,,FALSE
2024,OAKVIEW,CDC UTMOST (BW 883),,,,FALSE
2024,OAKVIEW,SY MANNESS,10,3674.0,70.6,TRUE
2024,OAKVIEW,SY TORACH <SYNGENTA>,,,,FALSE
2024,PEMBINA,AAC BRANDON (BW 932),66,24519.0,72.2,TRUE
2024,PEMBINA,AAC BROADACRES <PROVEN>,8,2402.0,78.8,TRUE
2024,PEMBINA,AAC HOCKLEY |BW5044|,14,3819.0,75.8,TRUE
2024,PEMBINA,AAC HODGE |BW1069|,4,1513.0,67.9,TRUE
2024,PEMBINA,AAC STARBUCK <SECAN>,33,11740.0,79.4,TRUE
2024,PEMBINA,AAC STOUGHTON,,,,FALSE
2024,PEMBINA,AAC WESTKING,,,,FALSE
2024,PEMBINA,AAC WHEATLAND <SECAN>,24,5608.3,75.8,TRUE
2024,PEMBINA,BW5089,,,,FALSE
2024,PEMBINA,SY CAST,3,738.0,82.1,TRUE
2024,PEMBINA,SY MANNESS,4,584.0,87.4,TRUE
2024,PINEY,AAC BRANDON (BW 932),5,705.0,43.8,TRUE
2024,PINEY,AAC HOCKLEY |BW5044|,,,,FALSE
2024,PINEY,AAC HODGE |BW1069|,,,,FALSE
2024,PINEY,AAC LEROY VB <ALLIANCE>,,,,FALSE
2024,PIPESTONE,AAC BRANDON (BW 932),24,12536.0,57.8,TRUE
2024,PIPESTONE,AAC BROADACRES <PROVEN>,,,,FALSE
2024,PIPESTONE,AAC CAMERON VB <CANTERRA>,,,,FALSE
2024,PIPESTONE,AAC HOCKLEY |BW5044|,13,4995.0,51.9,TRUE
2024,PIPESTONE,AAC HODGE |BW1069|,13,7218.5,42.5,TRUE
2024,PIPESTONE,AAC LEROY VB <ALLIANCE>,,,,FALSE
2024,PIPESTONE,"AAC MAGNET |BW 1045, BJ14*A01135|",,,,FALSE
2024,PIPESTONE,AAC STARBUCK <SECAN>,22,13503.0,54.1,TRUE
2024,PIPESTONE,AAC VIEWFIELD <FP GENETICS>|BW965| EXP,3,1191.0,52.7,TRUE
2024,PIPESTONE,AAC WESTKING,,,,FALSE
2024,PIPESTONE,AAC WHEATLAND <SECAN>,13,7259.0,64.7,TRUE
2024,PIPESTONE,BOLLES <SEED DEPOT>,,,,FALSE
2024,PIPESTONE,CDC HUGHES <CPSC> |PT588|,,,,FALSE
2024,PORTAGE LA PRAIRIE,AAC BRANDON (BW 932),84,51923.0,67.0,TRUE
2024,PORTAGE LA PRAIRIE,AAC HOCKLEY |BW5044|,12,4760.0,68.1,TRUE
2024,PORTAGE LA PRAIRIE,AAC HODGE |BW1069|,,,,FALSE
2024,PORTAGE LA PRAIRIE,AAC LEROY VB <ALLIANCE>,,,,FALSE
2024,PORTAGE LA PRAIRIE,AAC STARBUCK <SECAN>,35,14963.0,63.9,TRUE
2024,PORTAGE LA PRAIRIE,AAC VIEWFIELD <FP GENETICS>|BW965| EXP,,,,FALSE
2024,PORTAGE LA PRAIRIE,AAC WESTKING,,,,FALSE
2024,PORTAGE LA PRAIRIE,AAC WHEATLAND <SECAN>,4,1909.0,54.7,TRUE
2024,PORTAGE LA PRAIRIE,BOLLES <SEED DEPOT>,5,1994.0,70.5,TRUE
2024,PORTAGE LA PRAIRIE,CARBERRY (BW874),,,,FALSE
2024,PORTAGE LA PRAIRIE,CARDALE (BW429),,,,FALSE
2024,PORTAGE LA PRAIRIE,CDC SKRUSH |PT599|,,,,FALSE
2024,PORTAGE LA PRAIRIE,CS DAYBREAK <CANTERRA>,,,,FALSE
2024,PORTAGE LA PRAIRIE,SY MANNESS,,,,FALSE
2024,PRAIRIE LAKES,AAC BRANDON (BW 932),49,26668.0,60.6,TRUE
2024,PRAIRIE LAKES,AAC HOCKLEY |BW5044|,3,698.0,62.0,TRUE
2024,PRAIRIE LAKES,AAC HODGE |BW1069|,5,1238.0,62.3,TRUE
2024,PRAIRIE LAKES,AAC STARBUCK <SECAN>,20,8751.0,66.6,TRUE
2024,PRAIRIE LAKES,AAC WHEATLAND <SECAN>,23,8287.0,66.8,TRUE
2024,PRAIRIE LAKES,SY MANNESS,,,,FALSE
2024,PRAIRIE VIEW,AAC BRANDON (BW 932),9,2080.0,60.9,TRUE
2024,PRAIRIE VIEW,AAC HOCKLEY |BW5044|,10,3031.0,57.0,TRUE
2024,PRAIRIE VIEW,AAC HODGE |BW1069|,13,6882.0,70.0,TRUE
2024,PRAIRIE VIEW,AAC LEROY VB <ALLIANCE>,,,,FALSE
2024,PRAIRIE VIEW,AAC REDBERRY,7,3146.0,59.0,TRUE
2024,PRAIRIE VIEW,AAC REDSTAR <SECAN> |PT488|,,,,FALSE
2024,PRAIRIE VIEW,AAC STARBUCK <SECAN>,39,16830.0,66.7,TRUE
2024,PRAIRIE VIEW,AAC VIEWFIELD <FP GENETICS>|BW965| EXP,,,,FALSE
2024,PRAIRIE VIEW,AAC WESTKING,,,,FALSE
2024,PRAIRIE VIEW,AAC WHEATLAND <SECAN>,61,32092.0,69.9,TRUE
2024,PRAIRIE VIEW,BOLLES <SEED DEPOT>,9,6286.0,62.0,TRUE
2024,PRAIRIE VIEW,SY MANNESS,25,10443.0,72.2,TRUE
2024,REYNOLDS,AAC BRANDON (BW 932),,,,FALSE
2024,REYNOLDS,AAC HOCKLEY |BW5044|,,,,FALSE
2024,REYNOLDS,AAC VIEWFIELD <FP GENETICS>|BW965| EXP,,,,FALSE
2024,RHINELAND,AAC BRANDON (BW 932),71,14591.0,78.9,TRUE
2024,RHINELAND,AAC BROADACRES <PROVEN>,,,,FALSE
2024,RHINELAND,AAC LEROY VB <ALLIANCE>,,,,FALSE
2024,RHINELAND,AAC STARBUCK <SECAN>,41,10123.0,75.9,TRUE
2024,RHINELAND,AAC WHEATLAND <SECAN>,11,2544.0,73.4,TRUE
2024,RHINELAND,SY MANNESS,7,856.0,85.8,TRUE
2024,RIDING MOUNTAIN WEST,AAC BRANDON (BW 932),14,3684.1,59.8,TRUE
2024,RIDING MOUNTAIN WEST,AAC DARBY,,,,FALSE
2024,RIDING MOUNTAIN WEST,AAC HOCKLEY |BW5044|,27,11192.0,70.8,TRUE
2024,RIDING MOUNTAIN WEST,AAC HODGE |BW1069|,25,11663.0,69.6,TRUE
2024,RIDING MOUNTAIN WEST,AAC REDBERRY,8,1278.0,54.0,TRUE
2024,RIDING MOUNTAIN WEST,AAC STARBUCK <SECAN>,12,4611.0,67.1,TRUE
2024,RIDING MOUNTAIN WEST,AAC VIEWFIELD <FP GENETICS>|BW965| EXP,6,3538.0,57.9,TRUE
2024,RIDING MOUNTAIN WEST,AAC WHEATLAND <SECAN>,56,21183.0,66.7,TRUE
2024,RIDING MOUNTAIN WEST,AC BARRIE (BW 661),,,,FALSE
2024,RIDING MOUNTAIN WEST,BOLLES <SEED DEPOT>,4,1718.0,46.7,TRUE
2024,RIDING MOUNTAIN WEST,CDC LANDMARK,7,5486.0,65.8,TRUE
2024,RIDING MOUNTAIN WEST,GLENN,,,,FALSE
2024,RIDING MOUNTAIN WEST,NEEPAWA,,,,FALSE
2024,RIDING MOUNTAIN WEST,SY MANNESS,26,9700.0,73.0,TRUE
2024,RITCHOT,AAC BRANDON (BW 932),17,5493.1,63.8,TRUE
2024,RITCHOT,AAC HOCKLEY |BW5044|,6,1114.1,75.8,TRUE
2024,RITCHOT,AAC LEROY VB <ALLIANCE>,,,,FALSE
2024,RITCHOT,AAC STARBUCK <SECAN>,6,2399.0,73.4,TRUE
2024,RITCHOT,AAC VIEWFIELD <FP GENETICS>|BW965| EXP,,,,FALSE
2024,RITCHOT,SY MANNESS,,,,FALSE
2024,RIVERDALE,AAC BRANDON (BW 932),19,6222.0,68.5,TRUE
2024,RIVERDALE,AAC HOCKLEY |BW5044|,,,,FALSE
2024,RIVERDALE,AAC HODGE |BW1069|,,,,FALSE
2024,RIVERDALE,AAC STARBUCK <SECAN>,26,11465.0,68.5,TRUE
2024,RIVERDALE,AAC WESTKING,,,,FALSE
2024,RIVERDALE,AAC WHEATLAND <SECAN>,8,3315.0,69.7,TRUE
2024,RIVERDALE,SY MANNESS,,,,FALSE
2024,ROCKWOOD,AAC BRANDON (BW 932),27,6848.0,60.0,TRUE
2024,ROCKWOOD,AAC HOCKLEY |BW5044|,12,3304.0,66.4,TRUE
2024,ROCKWOOD,AAC LEROY VB <ALLIANCE>,7,1675.0,64.8,TRUE
2024,ROCKWOOD,AAC STARBUCK <SECAN>,42,15447.0,67.8,TRUE
2024,ROCKWOOD,AAC WESTKING,,,,FALSE
2024,ROCKWOOD,BOLLES <SEED DEPOT>,,,,FALSE
2024,ROCKWOOD,CARDALE (BW429),,,,FALSE
2024,ROCKWOOD,GLENN,,,,FALSE
2024,ROCKWOOD,SY TORACH <SYNGENTA>,,,,FALSE
2024,ROLAND,AAC BRANDON (BW 932),30,9458.0,78.5,TRUE
2024,ROLAND,AAC BROADACRES <PROVEN>,4,1299.0,76.8,TRUE
2024,ROLAND,AAC HOCKLEY |BW5044|,7,1630.0,81.9,TRUE
2024,ROLAND,AAC LEROY VB <ALLIANCE>,3,880.0,66.9,TRUE
2024,ROLAND,AAC STARBUCK <SECAN>,17,3677.0,74.1,TRUE
2024,ROLAND,AAC WHEATLAND <SECAN>,,,,FALSE
2024,ROLAND,BOLLES <SEED DEPOT>,,,,FALSE
2024,ROLAND,SY GABBRO <SYNGENTA>,,,,FALSE
2024,ROLAND,SY MANNESS,7,2047.0,85.9,TRUE
2024,ROSEDALE,AAC BRANDON (BW 932),22,9450.0,65.1,TRUE
2024,ROSEDALE,AAC ELIE(BW931),3,1289.0,60.8,TRUE
2024,ROSEDALE,AAC HOCKLEY |BW5044|,3,600.0,68.0,TRUE
2024,ROSEDALE,AAC HODGE |BW1069|,,,,FALSE
2024,ROSEDALE,AAC REDBERRY,,,,FALSE
2024,ROSEDALE,AAC STARBUCK <SECAN>,25,9961.0,71.1,TRUE
2024,ROSEDALE,AAC WHEATLAND <SECAN>,7,3124.0,81.3,TRUE
2024,ROSEDALE,BOLLES <SEED DEPOT>,,,,FALSE
2024,ROSEDALE,CDC PLENTIFUL (PT580),,,,FALSE
2024,ROSSBURN,AAC BRANDON (BW 932),15,5278.1,62.0,TRUE
2024,ROSSBURN,AAC CAMERON VB <CANTERRA>,,,,FALSE
2024,ROSSBURN,AAC HOCKLEY |BW5044|,,,,FALSE
2024,ROSSBURN,AAC HODGE |BW1069|,11,3861.0,63.9,TRUE
2024,ROSSBURN,AAC LEROY VB <ALLIANCE>,,,,FALSE
2024,ROSSBURN,AAC REDBERRY,7,2811.0,45.0,TRUE
2024,ROSSBURN,AAC STARBUCK <SECAN>,11,4205.0,63.8,TRUE
2024,ROSSBURN,AAC WHEATLAND <SECAN>,16,7085.0,59.9,TRUE
2024,ROSSBURN,AC BARRIE (BW 661),,,,FALSE
2024,ROSSBURN,BOLLES <SEED DEPOT>,,,,FALSE
2024,ROSSBURN,CDC LANDMARK,,,,FALSE
2024,ROSSBURN,SY GABBRO <SYNGENTA>,,,,FALSE
2024,ROSSBURN,SY MANNESS,10,2566.0,61.1,TRUE
2024,ROSSER,AAC BRANDON (BW 932),5,3109.0,58.3,TRUE
2024,ROSSER,AAC HOCKLEY |BW5044|,8,3325.0,69.6,TRUE
2024,ROSSER,AAC LEROY VB <ALLIANCE>,,,,FALSE
2024,ROSSER,AAC STARBUCK <SECAN>,30,11152.0,63.8,TRUE
2024,RUSSELL-BINSCARTH,AAC BRANDON (BW 932),,,,FALSE
2024,RUSSELL-BINSCARTH,AAC DARBY,,,,FALSE
2024,RUSSELL-BINSCARTH,AAC HOCKLEY |BW5044|,9,3664.0,83.0,TRUE
2024,RUSSELL-BINSCARTH,AAC HODGE |BW1069|,8,4285.0,67.1,TRUE
2024,RUSSELL-BINSCARTH,AAC LEROY VB <ALLIANCE>,,,,FALSE
2024,RUSSELL-BINSCARTH,AAC REDBERRY,,,,FALSE
2024,RUSSELL-BINSCARTH,AAC STARBUCK <SECAN>,9,3663.0,61.6,TRUE
2024,RUSSELL-BINSCARTH,AAC WHEATLAND <SECAN>,14,10242.0,68.2,TRUE
2024,RUSSELL-BINSCARTH,CARDALE (BW429),,,,FALSE
2024,RUSSELL-BINSCARTH,CDC LANDMARK,,,,FALSE
2024,RUSSELL-BINSCARTH,SY MANNESS,9,2389.0,84.5,TRUE
2024,SIFTON,AAC BRANDON (BW 932),6,2577.0,52.8,TRUE
2024,SIFTON,AAC HOCKLEY |BW5044|,4,1275.0,69.4,TRUE
2024,SIFTON,AAC HODGE |BW1069|,,,,FALSE
2024,SIFTON,AAC STARBUCK <SECAN>,,,,FALSE
2024,SIFTON,AAC WHEATLAND <SECAN>,3,1076.0,55.5,TRUE
2024,SOURIS-GLENWOOD,AAC BRANDON (BW 932),15,9175.0,67.0,TRUE
2024,SOURIS-GLENWOOD,AAC BROADACRES <PROVEN>,,,,FALSE
2024,SOURIS-GLENWOOD,AAC ELIE(BW931),,,,FALSE
2024,SOURIS-GLENWOOD,AAC HOCKLEY |BW5044|,8,3089.0,66.1,TRUE
2024,SOURIS-GLENWOOD,AAC LEROY VB <ALLIANCE>,,,,FALSE
2024,SOURIS-GLENWOOD,AAC STARBUCK <SECAN>,4,2804.0,66.3,TRUE
2024,SOURIS-GLENWOOD,AAC WHEATLAND <SECAN>,6,2835.0,74.3,TRUE
2024,SOURIS-GLENWOOD,BOLLES <SEED DEPOT>,,,,FALSE
2024,SOURIS-GLENWOOD,CARDALE (BW429),,,,FALSE
2024,SOURIS-GLENWOOD,SY CAST,,,,FALSE
2024,SOURIS-GLENWOOD,SY MANNESS,6,1649.0,69.0,TRUE
2024,SPRINGFIELD,AAC BRANDON (BW 932),25,7256.0,54.4,TRUE
2024,SPRINGFIELD,AAC BROADACRES <PROVEN>,,,,FALSE
2024,SPRINGFIELD,AAC ELIE(BW931),,,,FALSE
2024,SPRINGFIELD,AAC HOCKLEY |BW5044|,11,2509.0,60.0,TRUE
2024,SPRINGFIELD,AAC HODGE |BW1069|,,,,FALSE
2024,SPRINGFIELD,AAC LEROY VB <ALLIANCE>,4,539.0,56.2,TRUE
2024,SPRINGFIELD,AAC SPIKE,,,,FALSE
2024,SPRINGFIELD,AAC STARBUCK <SECAN>,15,3654.0,64.9,TRUE
2024,SPRINGFIELD,AAC VIEWFIELD <FP GENETICS>|BW965| EXP,7,1628.0,58.5,TRUE
2024,SPRINGFIELD,AAC WESTKING,,,,FALSE
2024,SPRINGFIELD,AC DOMAIN (BW 148),,,,FALSE
2024,SPRINGFIELD,BOLLES <SEED DEPOT>,,,,FALSE
2024,SPRINGFIELD,CDC ENVY,,,,FALSE
2024,SPRINGFIELD,CS DAYBREAK <CANTERRA>,,,,FALSE
2024,SPRINGFIELD,SY CAST,,,,FALSE
2024,SPRINGFIELD,SY MANNESS,8,3808.0,83.2,TRUE
2024,ST. ANDREWS,AAC BRANDON (BW 932),20,7305.0,65.1,TRUE
2024,ST. ANDREWS,AAC BROADACRES <PROVEN>,,,,FALSE
2024,ST. ANDREWS,AAC ELIE(BW931),4,781.0,41.3,TRUE
2024,ST. ANDREWS,AAC HOCKLEY |BW5044|,4,1020.0,57.1,TRUE
2024,ST. ANDREWS,AAC HODGE |BW1069|,,,,FALSE
2024,ST. ANDREWS,AAC LEROY VB <ALLIANCE>,5,1243.0,49.3,TRUE
2024,ST. ANDREWS,AAC STARBUCK <SECAN>,26,14487.0,64.9,TRUE
2024,ST. ANDREWS,BOLLES <SEED DEPOT>,3,880.0,69.6,TRUE
2024,ST. ANDREWS,CARDALE (BW429),,,,FALSE
2024,ST. ANDREWS,GLENN,,,,FALSE
2024,ST. ANDREWS,SY TORACH <SYNGENTA>,,,,FALSE
2024,ST. CLEMENTS,AAC BRANDON (BW 932),11,2479.0,49.4,TRUE
2024,ST. CLEMENTS,AAC ELIE(BW931),4,1182.0,66.1,TRUE
2024,ST. CLEMENTS,AAC HOCKLEY |BW5044|,8,3222.0,74.3,TRUE
2024,ST. CLEMENTS,AAC HODGE |BW1069|,,,,FALSE
2024,ST. CLEMENTS,AAC LEROY VB <ALLIANCE>,3,1140.0,46.0,TRUE
2024,ST. CLEMENTS,AAC STARBUCK <SECAN>,3,831.0,43.6,TRUE
2024,ST. CLEMENTS,AAC VIEWFIELD <FP GENETICS>|BW965| EXP,14,4468.0,66.7,TRUE
2024,ST. CLEMENTS,GLENN,,,,FALSE
2024,ST. CLEMENTS,KANE (BW342),,,,FALSE
2024,ST. FRANCIS XAVIER,AAC BRANDON (BW 932),7,1828.0,69.2,TRUE
2024,ST. FRANCIS XAVIER,AAC HOCKLEY |BW5044|,,,,FALSE
2024,ST. FRANCIS XAVIER,AAC HODGE |BW1069|,,,,FALSE
2024,ST. FRANCIS XAVIER,AAC STARBUCK <SECAN>,15,7094.0,73.1,TRUE
2024,ST. FRANCIS XAVIER,SY MANNESS,,,,FALSE
2024,ST. LAURENT,AAC HOCKLEY |BW5044|,,,,FALSE
2024,ST. LAURENT,AAC STARBUCK <SECAN>,,,,FALSE
2024,STANLEY,AAC BRANDON (BW 932),45,8919.0,71.4,TRUE
2024,STANLEY,AAC BROADACRES <PROVEN>,6,1523.0,66.2,TRUE
2024,STANLEY,AAC ELIE(BW931),,,,FALSE
2024,STANLEY,AAC STARBUCK <SECAN>,42,7067.0,70.9,TRUE
2024,STANLEY,AAC WESTKING,,,,FALSE
2024,STANLEY,AAC WHEATLAND <SECAN>,6,599.0,75.1,TRUE
2024,STANLEY,SY CAST,4,1273.0,70.4,TRUE
2024,STANLEY,SY MANNESS,5,855.0,71.1,TRUE
2024,STE. ANNE,AAC BRANDON (BW 932),18,3480.0,73.7,TRUE
2024,STE. ANNE,AAC HOCKLEY |BW5044|,,,,FALSE
2024,STE. ANNE,AAC STARBUCK <SECAN>,,,,FALSE
2024,STE. ANNE,CARDALE (BW429),,,,FALSE
2024,STE. ROSE,AAC BRANDON (BW 932),13,8620.1,60.6,TRUE
2024,STE. ROSE,AAC HOCKLEY |BW5044|,,,,FALSE
2024,STE. ROSE,AAC HODGE |BW1069|,,,,FALSE
2024,STE. ROSE,AAC STARBUCK <SECAN>,9,3672.0,66.2,TRUE
2024,STE. ROSE,AAC TISDALE (PT250),,,,FALSE
2024,STE. ROSE,AAC VIEWFIELD <FP GENETICS>|BW965| EXP,,,,FALSE
2024,STE. ROSE,CARDALE (BW429),4,2757.0,60.8,TRUE
2024,STE. ROSE,SY MANNESS,,,,FALSE
2024,STUARTBURN,AAC BRANDON (BW 932),,,,FALSE
2024,STUARTBURN,AAC HOCKLEY |BW5044|,,,,FALSE
2024,STUARTBURN,AAC STARBUCK <SECAN>,,,,FALSE
2024,SWAN VALLEY WEST,AAC CONNERY |PT245|,,,,FALSE
2024,SWAN VALLEY WEST,AAC HOCKLEY |BW5044|,32,15425.0,71.6,TRUE
2024,SWAN VALLEY WEST,AAC HODGE |BW1069|,4,3477.0,74.7,TRUE
2024,SWAN VALLEY WEST,AAC LEROY VB <ALLIANCE>,,,,FALSE
2024,SWAN VALLEY WEST,AAC REDBERRY,,,,FALSE
2024,SWAN VALLEY WEST,AAC REDSTAR <SECAN> |PT488|,,,,FALSE
2024,SWAN VALLEY WEST,AAC STARBUCK <SECAN>,,,,FALSE
2024,SWAN VALLEY WEST,AAC STOUGHTON,,,,FALSE
2024,SWAN VALLEY WEST,AAC TISDALE (PT250),,,,FALSE
2024,SWAN VALLEY WEST,AAC VIEWFIELD <FP GENETICS>|BW965| EXP,53,40458.0,77.7,TRUE
2024,SWAN VALLEY WEST,AAC WESTKING,,,,FALSE
2024,SWAN VALLEY WEST,AAC WHEATLAND <SECAN>,29,13634.0,70.3,TRUE
2024,SWAN VALLEY WEST,AC DOMAIN (BW 148),,,,FALSE
2024,SWAN VALLEY WEST,BOLLES <SEED DEPOT>,3,991.0,73.4,TRUE
2024,SWAN VALLEY WEST,BW5089,,,,FALSE
2024,SWAN VALLEY WEST,CDC ENVY,,,,FALSE
2024,SWAN VALLEY WEST,CDC PLENTIFUL (PT580),,,,FALSE
2024,SWAN VALLEY WEST,SY GABBRO <SYNGENTA>,,,,FALSE
2024,SWAN VALLEY WEST,SY MANNESS,19,8022.0,78.7,TRUE
2024,TACHE,AAC BRANDON (BW 932),36,8390.0,69.6,TRUE
2024,TACHE,AAC ELIE(BW931),,,,FALSE
2024,TACHE,AAC HOCKLEY |BW5044|,6,797.0,49.4,TRUE
2024,TACHE,AAC HODGE |BW1069|,,,,FALSE
2024,TACHE,AAC LEROY VB <ALLIANCE>,,,,FALSE
2024,TACHE,AAC STARBUCK <SECAN>,,,,FALSE
2024,TACHE,AAC WHEATLAND <SECAN>,,,,FALSE
2024,TACHE,CDC STANLEY (BW880),,,,FALSE
2024,TACHE,SY MANNESS,,,,FALSE
2024,THOMPSON,AAC BRANDON (BW 932),22,6307.0,72.1,TRUE
2024,THOMPSON,AAC BROADACRES <PROVEN>,,,,FALSE
2024,THOMPSON,AAC HOCKLEY |BW5044|,,,,FALSE
2024,THOMPSON,AAC STARBUCK <SECAN>,27,8020.0,69.5,TRUE
2024,THOMPSON,AAC WHEATLAND <SECAN>,,,,FALSE
2024,THOMPSON,AC BARRIE (BW 661),,,,FALSE
2024,THOMPSON,CARBERRY (BW874),,,,FALSE
2024,THOMPSON,SY MANNESS,,,,FALSE
2024,TWO BORDERS,AAC BRANDON (BW 932),57,40253.0,61.6,TRUE
2024,TWO BORDERS,AAC BROADACRES <PROVEN>,3,1256.0,59.9,TRUE
2024,TWO BORDERS,AAC ELIE(BW931),26,16188.0,54.5,TRUE
2024,TWO BORDERS,AAC HOCKLEY |BW5044|,11,4177.0,66.2,TRUE
2024,TWO BORDERS,AAC HODGE |BW1069|,8,3513.0,57.5,TRUE
2024,TWO BORDERS,AAC LEROY VB <ALLIANCE>,16,9680.0,55.5,TRUE
2024,TWO BORDERS,AAC REDBERRY,,,,FALSE
2024,TWO BORDERS,AAC STARBUCK <SECAN>,18,6935.0,65.0,TRUE
2024,TWO BORDERS,AAC VIEWFIELD <FP GENETICS>|BW965| EXP,,,,FALSE
2024,TWO BORDERS,AAC WHEATLAND <SECAN>,13,6318.0,67.4,TRUE
2024,TWO BORDERS,BOLLES <SEED DEPOT>,,,,FALSE
2024,TWO BORDERS,CARBERRY (BW874),,,,FALSE
2024,TWO BORDERS,CDC ADAMANT (BW488),,,,FALSE
2024,TWO BORDERS,CDC HUGHES <CPSC> |PT588|,,,,FALSE
2024,TWO BORDERS,SY BRAWN,,,,FALSE
2024,TWO BORDERS,SY MANNESS,,,,FALSE
2024,TWO BORDERS,SY TORACH <SYNGENTA>,,,,FALSE
2024,UNORG TERRITORY,AAC HODGE |BW1069|,,,,FALSE
2024,UNORG TERRITORY,AAC VIEWFIELD <FP GENETICS>|BW965| EXP,,,,FALSE
2024,VICTORIA,5605HR CL (BW918),,,,FALSE
2024,VICTORIA,AAC BRANDON (BW 932),12,4832.0,71.7,TRUE
2024,VICTORIA,AAC ELIE(BW931),7,1057.0,47.6,TRUE
2024,VICTORIA,AAC HODGE |BW1069|,,,,FALSE
2024,VICTORIA,AAC LEROY VB <ALLIANCE>,8,1585.0,59.6,TRUE
2024,VICTORIA,AAC REDBERRY,,,,FALSE
2024,VICTORIA,AAC STARBUCK <SECAN>,10,2543.0,77.3,TRUE
2024,VICTORIA,AAC WHEATLAND <SECAN>,6,2023.0,74.3,TRUE
2024,VICTORIA,AC BARRIE (BW 661),,,,FALSE
2024,VICTORIA,CDC ENVY,,,,FALSE
2024,VICTORIA,SY CAST,,,,FALSE
2024,VICTORIA,SY MANNESS,,,,FALSE
2024,WALLACE-WOODWORTH,AAC BRANDON (BW 932),49,19736.0,55.0,TRUE
2024,WALLACE-WOODWORTH,AAC BROADACRES <PROVEN>,,,,FALSE
2024,WALLACE-WOODWORTH,AAC ELIE(BW931),,,,FALSE
2024,WALLACE-WOODWORTH,AAC HOCKLEY |BW5044|,15,5998.0,64.5,TRUE
2024,WALLACE-WOODWORTH,AAC HODGE |BW1069|,31,8406.0,59.6,TRUE
2024,WALLACE-WOODWORTH,AAC LEROY VB <ALLIANCE>,,,,FALSE
2024,WALLACE-WOODWORTH,AAC REDBERRY,,,,FALSE
2024,WALLACE-WOODWORTH,AAC REDSTAR <SECAN> |PT488|,,,,FALSE
2024,WALLACE-WOODWORTH,AAC STARBUCK <SECAN>,55,22903.0,57.5,TRUE
2024,WALLACE-WOODWORTH,AAC VIEWFIELD <FP GENETICS>|BW965| EXP,,,,FALSE
2024,WALLACE-WOODWORTH,AAC WESTKING,,,,FALSE
2024,WALLACE-WOODWORTH,AAC WHEATLAND <SECAN>,34,17893.0,56.4,TRUE
2024,WALLACE-WOODWORTH,BOLLES <SEED DEPOT>,,,,FALSE
2024,WALLACE-WOODWORTH,CDC ENVY,,,,FALSE
2024,WALLACE-WOODWORTH,CDC HUGHES <CPSC> |PT588|,,,,FALSE
2024,WALLACE-WOODWORTH,GLENN,,,,FALSE
2024,WALLACE-WOODWORTH,SY MANNESS,7,1746.0,71.6,TRUE
2024,WALLACE-WOODWORTH,SY TORACH <SYNGENTA>,7,2120.0,47.9,TRUE
2024,WEST INTERLAKE,AAC BRANDON (BW 932),,,,FALSE
2024,WEST INTERLAKE,AAC HOCKLEY |BW5044|,3,713.0,52.1,TRUE
2024,WEST INTERLAKE,AAC HODGE |BW1069|,,,,FALSE
2024,WEST INTERLAKE,CARDALE (BW429),,,,FALSE
2024,WEST INTERLAKE,SY MANNESS,,,,FALSE
2024,WEST ST. PAUL,AAC BRANDON (BW 932),,,,FALSE
2024,WEST ST. PAUL,AAC STARBUCK <SECAN>,4,1485.0,55.7,TRUE
2024,WESTLAKE-GLADSTONE,AAC BRANDON (BW 932),46,37028.0,63.1,TRUE
2024,WESTLAKE-GLADSTONE,AAC ELIE(BW931),,,,FALSE
2024,WESTLAKE-GLADSTONE,AAC HOCKLEY |BW5044|,9,1487.0,46.8,TRUE
2024,WESTLAKE-GLADSTONE,AAC HODGE |BW1069|,3,761.0,64.4,TRUE
2024,WESTLAKE-GLADSTONE,AAC LEROY VB <ALLIANCE>,,,,FALSE
2024,WESTLAKE-GLADSTONE,AAC REDBERRY,3,1432.0,56.2,TRUE
2024,WESTLAKE-GLADSTONE,AAC STARBUCK <SECAN>,31,17912.0,69.9,TRUE
2024,WESTLAKE-GLADSTONE,AAC WHEATLAND <SECAN>,3,3222.0,63.3,TRUE
2024,WESTLAKE-GLADSTONE,BOLLES <SEED DEPOT>,,,,FALSE
2024,WHITEHEAD,AAC BRANDON (BW 932),26,11521.0,57.7,TRUE
2024,WHITEHEAD,AAC BROADACRES <PROVEN>,4,677.0,66.1,TRUE
2024,WHITEHEAD,AAC ELIE(BW931),,,,FALSE
2024,WHITEHEAD,AAC HOCKLEY |BW5044|,,,,FALSE
2024,WHITEHEAD,AAC LEROY VB <ALLIANCE>,,,,FALSE
2024,WHITEHEAD,AAC STARBUCK <SECAN>,7,3199.0,62.7,TRUE
2024,WHITEHEAD,AAC WHEATLAND <SECAN>,11,7047.0,64.2,TRUE
2024,WHITEHEAD,SY MANNESS,3,1032.0,60.6,TRUE
2024,WHITEMOUTH,AAC BRANDON (BW 932),10,1580.0,62.2,TRUE
2024,WHITEMOUTH,AAC HOCKLEY |BW5044|,3,1133.0,63.9,TRUE
2024,WHITEMOUTH,AAC LEROY VB <ALLIANCE>,,,,FALSE
2024,WHITEMOUTH,AAC STARBUCK <SECAN>,,,,FALSE
2024,WHITEMOUTH,GLENN,,,,FALSE
2024,WINNIPEG,AAC BRANDON (BW 932),,,,FALSE
2024,WINNIPEG,AAC HOCKLEY |BW5044|,4,767.0,67.7,TRUE
2024,WINNIPEG,AAC STARBUCK <SECAN>,3,946.0,55.2,TRUE
2024,WOODLANDS,AAC BRANDON (BW 932),21,8941.0,54.2,TRUE
2024,WOODLANDS,AAC HOCKLEY |BW5044|,4,1509.0,71.6,TRUE
2024,WOODLANDS,AAC LEROY VB <ALLIANCE>,3,740.0,48.5,TRUE
2024,WOODLANDS,AAC STARBUCK <SECAN>,32,10161.0,62.7,TRUE
2024,WOODLANDS,AAC STOUGHTON,,,,FALSE
2024,WOODLANDS,AAC WESTKING,,,,FALSE
2024,YELLOWHEAD,AAC BRANDON (BW 932),7,1913.2,55.8,TRUE
2024,YELLOWHEAD,AAC BROADACRES <PROVEN>,,,,FALSE
2024,YELLOWHEAD,AAC HOCKLEY |BW5044|,13,4475.0,67.5,TRUE
2024,YELLOWHEAD,AAC HODGE |BW1069|,13,8134.0,64.1,TRUE
2024,YELLOWHEAD,AAC LEROY VB <ALLIANCE>,,,,FALSE
2024,YELLOWHEAD,"AAC MAGNET |BW 1045, BJ14*A01135|",,,,FALSE
2024,YELLOWHEAD,AAC REDBERRY,9,3673.0,55.7,TRUE
2024,YELLOWHEAD,AAC STARBUCK <SECAN>,27,9570.1,68.9,TRUE
2024,YELLOWHEAD,AAC WESTKING,,,,FALSE
2024,YELLOWHEAD,AAC WHEATLAND <SECAN>,20,12479.0,76.3,TRUE
2024,YELLOWHEAD,BOLLES <SEED DEPOT>,3,1515.0,72.7,TRUE
2024,YELLOWHEAD,CDC ENVY,,,,FALSE
2024,YELLOWHEAD,SY MANNESS,24,8803.0,74.1,TRUE
2024,YELLOWHEAD,SY TORACH <SYNGENTA>,,,,FALSE
2025,ALEXANDER,AAC BRANDON (BW 932),4,835.0,70.2,TRUE
2025,ALEXANDER,AAC BROADACRES <PROVEN>,,,,FALSE
2025,ALEXANDER,AAC ELIE(BW931),3,1226.0,87.6,TRUE
2025,ALEXANDER,AAC HOCKLEY |BW5044|,,,,FALSE
2025,ALEXANDER,AAC STARBUCK <SECAN>,4,1354.0,82.2,TRUE
2025,ALEXANDER,AAC VIEWFIELD <FP GENETICS>|BW965| EXP,3,1850.0,68.0,TRUE
2025,ALEXANDER,CARDALE (BW429),,,,FALSE
2025,ALEXANDER,GLENN,,,,FALSE
2025,ALEXANDER,SY MANNESS,,,,FALSE
2025,ALONSA,AAC BRANDON (BW 932),12,9408.0,50.7,TRUE
2025,ALONSA,AAC HOCKLEY |BW5044|,5,6469.0,45.1,TRUE
2025,ALONSA,AAC HODGE |BW1069|,,,,FALSE
2025,ALONSA,AAC STARBUCK <SECAN>,6,1976.0,45.1,TRUE
2025,ARGYLE,AAC BRANDON (BW 932),44,17232.0,67.7,TRUE
2025,ARGYLE,AAC HOCKLEY |BW5044|,,,,FALSE
2025,ARGYLE,AAC HODGE |BW1069|,,,,FALSE
2025,ARGYLE,AAC STARBUCK <SECAN>,27,9522.0,64.1,TRUE
2025,ARGYLE,AAC WESTKING,,,,FALSE
2025,ARGYLE,AAC WHEATLAND <SECAN>,3,1205.0,66.8,TRUE
2025,ARGYLE,AC BARRIE (BW 661),,,,FALSE
2025,ARGYLE,SY MANNESS,12,3170.0,66.9,TRUE
2025,ARMSTRONG,AAC BRANDON (BW 932),9,1177.0,22.3,TRUE
2025,ARMSTRONG,AAC HOCKLEY |BW5044|,,,,FALSE
2025,ARMSTRONG,AAC LEROY VB <ALLIANCE>,,,,FALSE
2025,ARMSTRONG,CDC HUGHES <CPSC> |PT588|,,,,FALSE
2025,ARMSTRONG,NEEPAWA,,,,FALSE
2025,ARMSTRONG,SY MANNESS,3,601.0,42.9,TRUE
2025,BIFROST-RIVERTON,AAC BRANDON (BW 932),21,7390.0,50.9,TRUE
2025,BIFROST-RIVERTON,AAC BROADACRES <PROVEN>,3,632.0,55.2,TRUE
2025,BIFROST-RIVERTON,AAC HOCKLEY |BW5044|,25,6777.0,57.2,TRUE
2025,BIFROST-RIVERTON,AAC HODGE |BW1069|,,,,FALSE
2025,BIFROST-RIVERTON,AAC LEROY VB <ALLIANCE>,,,,FALSE
2025,BIFROST-RIVERTON,AAC SPIKE,3,613.0,55.3,TRUE
2025,BIFROST-RIVERTON,AAC STARBUCK <SECAN>,7,1837.0,59.1,TRUE
2025,BIFROST-RIVERTON,AAC VIEWFIELD <FP GENETICS>|BW965| EXP,4,1262.0,58.6,TRUE
2025,BIFROST-RIVERTON,AAC WALSH,,,,FALSE
2025,BIFROST-RIVERTON,AAC WESTKING,,,,FALSE
2025,BIFROST-RIVERTON,AC BARRIE (BW 661),,,,FALSE
2025,BIFROST-RIVERTON,CS DAYBREAK <CANTERRA>,,,,FALSE
2025,BIFROST-RIVERTON,SY MANNESS,37,15691.0,57.3,TRUE
2025,BIFROST-RIVERTON,SY TORACH <SYNGENTA>,11,1367.8,53.6,TRUE
2025,BOISSEVAIN-MORTON,AAC BRANDON (BW 932),21,8651.0,71.2,TRUE
2025,BOISSEVAIN-MORTON,AAC BROADACRES <PROVEN>,,,,FALSE
2025,BOISSEVAIN-MORTON,AAC ELIE(BW931),,,,FALSE
2025,BOISSEVAIN-MORTON,AAC HOCKLEY |BW5044|,6,1507.0,68.3,TRUE
2025,BOISSEVAIN-MORTON,AAC HODGE |BW1069|,6,2449.0,66.6,TRUE
2025,BOISSEVAIN-MORTON,AAC LEROY VB <ALLIANCE>,,,,FALSE
2025,BOISSEVAIN-MORTON,AAC STARBUCK <SECAN>,14,5675.0,67.9,TRUE
2025,BOISSEVAIN-MORTON,AAC WALKER,,,,FALSE
2025,BOISSEVAIN-MORTON,AAC WALSH,,,,FALSE
2025,BOISSEVAIN-MORTON,AAC WESTKING,3,950.0,66.8,TRUE
2025,BOISSEVAIN-MORTON,AAC WHEATLAND <SECAN>,31,17017.0,78.7,TRUE
2025,BOISSEVAIN-MORTON,BOLLES <SEED DEPOT>,,,,FALSE
2025,BOISSEVAIN-MORTON,SY MANNESS,3,745.0,90.9,TRUE
2025,BRENDA-WASKADA,AAC BRANDON (BW 932),35,21742.0,60.3,TRUE
2025,BRENDA-WASKADA,AAC BROADACRES <PROVEN>,,,,FALSE
2025,BRENDA-WASKADA,AAC ELIE(BW931),8,3020.0,47.5,TRUE
2025,BRENDA-WASKADA,AAC HOCKLEY |BW5044|,5,3199.0,46.2,TRUE
2025,BRENDA-WASKADA,AAC HODGE |BW1069|,,,,FALSE
2025,BRENDA-WASKADA,AAC LEROY VB <ALLIANCE>,,,,FALSE
2025,BRENDA-WASKADA,AAC REDBERRY,,,,FALSE
2025,BRENDA-WASKADA,AAC STARBUCK <SECAN>,3,2333.0,63.6,TRUE
2025,BRENDA-WASKADA,AAC WESTKING,,,,FALSE
2025,BRENDA-WASKADA,AAC WHEATLAND <SECAN>,21,11764.0,61.1,TRUE
2025,BRENDA-WASKADA,BOLLES <SEED DEPOT>,,,,FALSE
2025,BRENDA-WASKADA,SY MANNESS,,,,FALSE
2025,BRENDA-WASKADA,SY TORACH <SYNGENTA>,,,,FALSE
2025,BROKENHEAD,AAC BRANDON (BW 932),17,3534.0,66.7,TRUE
2025,BROKENHEAD,AAC BROADACRES <PROVEN>,17,2564.0,57.4,TRUE
2025,BROKENHEAD,AAC HOCKLEY |BW5044|,8,1932.0,57.5,TRUE
2025,BROKENHEAD,AAC LEROY VB <ALLIANCE>,,,,FALSE
2025,BROKENHEAD,AAC STARBUCK <SECAN>,7,2315.0,65.8,TRUE
2025,BROKENHEAD,AAC VIEWFIELD <FP GENETICS>|BW965| EXP,18,5840.0,72.4,TRUE
2025,BROKENHEAD,BOLLES <SEED DEPOT>,6,1895.0,57.5,TRUE
2025,BROKENHEAD,CARBERRY (BW874),,,,FALSE
2025,BROKENHEAD,GLENN,,,,FALSE
2025,BROKENHEAD,ROBLIN,,,,FALSE
2025,BROKENHEAD,SY CAST,,,,FALSE
2025,BROKENHEAD,SY MANNESS,14,3255.0,67.9,TRUE
2025,CARTIER,AAC BRANDON (BW 932),18,4935.0,74.7,TRUE
2025,CARTIER,AAC HOCKLEY |BW5044|,9,3030.0,83.6,TRUE
2025,CARTIER,AAC STARBUCK <SECAN>,19,7447.0,77.1,TRUE
2025,CARTIER,SY GABBRO <SYNGENTA>,,,,FALSE
2025,CARTIER,SY MANNESS,19,8174.0,78.6,TRUE
2025,CARTWRIGHT-ROBLIN,AAC BRANDON (BW 932),24,6181.0,69.0,TRUE
2025,CARTWRIGHT-ROBLIN,AAC BROADACRES <PROVEN>,,,,FALSE
2025,CARTWRIGHT-ROBLIN,AAC HOCKLEY |BW5044|,,,,FALSE
2025,CARTWRIGHT-ROBLIN,AAC HODGE |BW1069|,,,,FALSE
2025,CARTWRIGHT-ROBLIN,AAC LEROY VB <ALLIANCE>,3,528.0,58.0,TRUE
2025,CARTWRIGHT-ROBLIN,AAC STARBUCK <SECAN>,17,6826.0,69.2,TRUE
2025,CARTWRIGHT-ROBLIN,AAC WHEATLAND <SECAN>,23,7313.0,66.2,TRUE
2025,CARTWRIGHT-ROBLIN,AC BARRIE (BW 661),,,,FALSE
2025,CARTWRIGHT-ROBLIN,CDC ENVY,,,,FALSE
2025,CARTWRIGHT-ROBLIN,SY MANNESS,5,1310.0,79.3,TRUE
2025,CLANWILLIAM-ERICKSON,AAC BRANDON (BW 932),3,617.0,46.0,TRUE
2025,CLANWILLIAM-ERICKSON,AAC BROADACRES <PROVEN>,,,,FALSE
2025,CLANWILLIAM-ERICKSON,AAC CAMERON VB <CANTERRA>,,,,FALSE
2025,CLANWILLIAM-ERICKSON,AAC HOCKLEY |BW5044|,3,1460.0,63.0,TRUE
2025,CLANWILLIAM-ERICKSON,AAC HODGE |BW1069|,,,,FALSE
2025,CLANWILLIAM-ERICKSON,AAC REDBERRY,,,,FALSE
2025,CLANWILLIAM-ERICKSON,AAC STARBUCK <SECAN>,7,2064.0,65.0,TRUE
2025,CLANWILLIAM-ERICKSON,AAC WHEATLAND <SECAN>,,,,FALSE
2025,CLANWILLIAM-ERICKSON,AC BARRIE (BW 661),,,,FALSE
2025,CLANWILLIAM-ERICKSON,SY MANNESS,,,,FALSE
2025,COLDWELL,AAC BRANDON (BW 932),,,,FALSE
2025,COLDWELL,AAC HOCKLEY |BW5044|,,,,FALSE
2025,COLDWELL,SY MANNESS,,,,FALSE
2025,CORNWALLIS,AAC BRANDON (BW 932),21,6556.0,60.1,TRUE
2025,CORNWALLIS,AAC ELIE(BW931),,,,FALSE
2025,CORNWALLIS,AAC HOCKLEY |BW5044|,,,,FALSE
2025,CORNWALLIS,AAC STARBUCK <SECAN>,6,1525.0,51.2,TRUE
2025,CORNWALLIS,AAC WHEATLAND <SECAN>,6,3734.0,81.4,TRUE
2025,CORNWALLIS,SY MANNESS,,,,FALSE
2025,DAUPHIN,AAC BRANDON (BW 932),39,13697.7,63.7,TRUE
2025,DAUPHIN,AAC HOCKLEY |BW5044|,4,505.0,72.9,TRUE
2025,DAUPHIN,AAC REDBERRY,,,,FALSE
2025,DAUPHIN,AAC SPIKE,,,,FALSE
2025,DAUPHIN,AAC STARBUCK <SECAN>,19,8089.0,71.8,TRUE
2025,DAUPHIN,AAC VIEWFIELD <FP GENETICS>|BW965| EXP,5,2622.0,84.5,TRUE
2025,DAUPHIN,AAC WESTKING,,,,FALSE
2025,DAUPHIN,AAC WHEATLAND <SECAN>,13,5108.0,64.6,TRUE
2025,DAUPHIN,AC DOMAIN (BW 148),,,,FALSE
2025,DAUPHIN,BAKER,,,,FALSE
2025,DAUPHIN,CARBERRY (BW874),,,,FALSE
2025,DAUPHIN,CARDALE (BW429),3,2316.0,49.0,TRUE
2025,DAUPHIN,SY MANNESS,26,9779.0,74.4,TRUE
2025,DELORAINE-WINCHESTER,AAC BRANDON (BW 932),25,14116.0,67.8,TRUE
2025,DELORAINE-WINCHESTER,AAC BROADACRES <PROVEN>,5,3865.0,55.1,TRUE
2025,DELORAINE-WINCHESTER,AAC ELIE(BW931),7,5064.0,74.5,TRUE
2025,DELORAINE-WINCHESTER,AAC STARBUCK <SECAN>,,,,FALSE
2025,DELORAINE-WINCHESTER,AAC WESTKING,,,,FALSE
2025,DELORAINE-WINCHESTER,AAC WHEATLAND <SECAN>,8,4306.0,61.2,TRUE
2025,DELORAINE-WINCHESTER,SY MANNESS,3,1553.0,73.2,TRUE
2025,DESALABERRY,AAC BRANDON (BW 932),21,7934.0,70.6,TRUE
2025,DESALABERRY,AAC HOCKLEY |BW5044|,3,696.0,71.3,TRUE
2025,DESALABERRY,AAC STARBUCK <SECAN>,15,9646.0,78.1,TRUE
2025,DESALABERRY,AAC TISDALE (PT250),3,579.0,68.0,TRUE
2025,DESALABERRY,AAC VIEWFIELD <FP GENETICS>|BW965| EXP,,,,FALSE
2025,DESALABERRY,AAC WESTKING,3,748.0,82.4,TRUE
2025,DESALABERRY,AC DOMAIN (BW 148),,,,FALSE
2025,DESALABERRY,CARDALE (BW429),,,,FALSE
2025,DESALABERRY,SY MANNESS,6,1921.0,83.6,TRUE
2025,DUFFERIN,AAC BRANDON (BW 932),22,6656.0,76.8,TRUE
2025,DUFFERIN,AAC HOCKLEY |BW5044|,22,4335.0,78.4,TRUE
2025,DUFFERIN,AAC HODGE |BW1069|,,,,FALSE
2025,DUFFERIN,AAC STARBUCK <SECAN>,15,2605.0,80.8,TRUE
2025,DUFFERIN,AAC WESTKING,3,592.0,90.8,TRUE
2025,DUFFERIN,BOLLES <SEED DEPOT>,,,,FALSE
2025,DUFFERIN,SY GABBRO <SYNGENTA>,,,,FALSE
2025,DUFFERIN,SY MANNESS,12,2331.5,78.2,TRUE
2025,EAST ST PAUL,AAC STARBUCK <SECAN>,,,,FALSE
2025,ELLICE-ARCHIE,AAC BRANDON (BW 932),7,1966.0,63.7,TRUE
2025,ELLICE-ARCHIE,AAC BROADACRES <PROVEN>,,,,FALSE
2025,ELLICE-ARCHIE,AAC ELIE(BW931),,,,FALSE
2025,ELLICE-ARCHIE,AAC HOCKLEY |BW5044|,8,4703.0,69.1,TRUE
2025,ELLICE-ARCHIE,AAC LEROY VB <ALLIANCE>,,,,FALSE
2025,ELLICE-ARCHIE,AAC STARBUCK <SECAN>,15,6785.0,67.2,TRUE
2025,ELLICE-ARCHIE,AAC WALKER,,,,FALSE
2025,ELLICE-ARCHIE,AAC WESTKING,5,1952.0,87.7,TRUE
2025,ELLICE-ARCHIE,AAC WHEATLAND <SECAN>,20,11691.0,65.1,TRUE
2025,ELLICE-ARCHIE,BOLLES <SEED DEPOT>,3,817.0,63.9,TRUE
2025,ELLICE-ARCHIE,CDC ENVY,,,,FALSE
2025,ELTON,AAC BRANDON (BW 932),35,18599.0,78.0,TRUE
2025,ELTON,AAC HOCKLEY |BW5044|,,,,FALSE
2025,ELTON,AAC STARBUCK <SECAN>,24,11531.0,75.2,TRUE
2025,ELTON,AAC WESTKING,,,,FALSE
2025,ELTON,AAC WHEATLAND <SECAN>,7,3936.0,80.6,TRUE
2025,ELTON,SY MANNESS,7,1516.0,73.2,TRUE
2025,EMERSON-FRANKLIN,AAC BRANDON (BW 932),27,13525.0,76.5,TRUE
2025,EMERSON-FRANKLIN,AAC STARBUCK <SECAN>,14,4928.0,74.1,TRUE
2025,EMERSON-FRANKLIN,AAC WESTKING,,,,FALSE
2025,EMERSON-FRANKLIN,AAC WHEATLAND <SECAN>,,,,FALSE
2025,EMERSON-FRANKLIN,AC DOMAIN (BW 148),,,,FALSE
2025,EMERSON-FRANKLIN,SY MANNESS,7,3083.0,86.5,TRUE
2025,ETHELBERT,AAC BRANDON (BW 932),11,2601.0,53.3,TRUE
2025,ETHELBERT,AAC HOCKLEY |BW5044|,,,,FALSE
2025,ETHELBERT,AAC REDBERRY,,,,FALSE
2025,ETHELBERT,AAC STARBUCK <SECAN>,,,,FALSE
2025,ETHELBERT,AAC WHEATLAND <SECAN>,,,,FALSE
2025,ETHELBERT,CDC ORTONA <PROVEN>,,,,FALSE
2025,ETHELBERT,CDC STANLEY (BW880),,,,FALSE
2025,ETHELBERT,CDC VR MORRIS (BW423),,,,FALSE
2025,ETHELBERT,SY MANNESS,3,1150.0,57.9,TRUE
2025,FISHER,AAC BRANDON (BW 932),20,7267.0,45.5,TRUE
2025,FISHER,AAC HOCKLEY |BW5044|,11,2462.0,62.1,TRUE
2025,FISHER,AAC HODGE |BW1069|,,,,FALSE
2025,FISHER,AAC STARBUCK <SECAN>,,,,FALSE
2025,FISHER,AAC WESTKING,,,,FALSE
2025,FISHER,AC BARRIE (BW 661),,,,FALSE
2025,FISHER,CDC ORTONA <PROVEN>,,,,FALSE
2025,FISHER,CDC STANLEY (BW880),,,,FALSE
2025,FISHER,CDC TEAL (BW 616),,,,FALSE
2025,FISHER,SY MANNESS,8,2256.0,47.9,TRUE
2025,FISHER,SY TORACH <SYNGENTA>,,,,FALSE
2025,GILBERT PLAINS,5605HR CL (BW918),,,,FALSE
2025,GILBERT PLAINS,AAC BRANDON (BW 932),20,7342.0,74.9,TRUE
2025,GILBERT PLAINS,AAC HOCKLEY |BW5044|,18,6897.0,72.3,TRUE
2025,GILBERT PLAINS,AAC LEROY VB <ALLIANCE>,,,,FALSE
2025,GILBERT PLAINS,AAC REDBERRY,15,10344.0,78.4,TRUE
2025,GILBERT PLAINS,AAC REDWATER (PT457),,,,FALSE
2025,GILBERT PLAINS,AAC STARBUCK <SECAN>,15,7842.0,80.2,TRUE
2025,GILBERT PLAINS,AAC VIEWFIELD <FP GENETICS>|BW965| EXP,14,6336.0,71.2,TRUE
2025,GILBERT PLAINS,AAC WESTKING,3,755.0,91.7,TRUE
2025,GILBERT PLAINS,AAC WHEATLAND <SECAN>,15,7512.0,80.9,TRUE
2025,GILBERT PLAINS,CARDALE (BW429),3,868.0,66.7,TRUE
2025,GILBERT PLAINS,SY MANNESS,7,1529.0,63.9,TRUE
2025,GIMLI,AAC BRANDON (BW 932),9,3155.0,65.4,TRUE
2025,GIMLI,AAC BROADACRES <PROVEN>,,,,FALSE
2025,GIMLI,AAC STARBUCK <SECAN>,,,,FALSE
2025,GIMLI,BOLLES <SEED DEPOT>,,,,FALSE
2025,GIMLI,CARDALE (BW429),,,,FALSE
2025,GIMLI,SY MANNESS,,,,FALSE
2025,GIMLI,SY TORACH <SYNGENTA>,,,,FALSE
2025,GLENBORO-SOUTH CYPRESS,AAC BRANDON (BW 932),16,4400.0,53.8,TRUE
2025,GLENBORO-SOUTH CYPRESS,AAC STARBUCK <SECAN>,9,3732.0,63.0,TRUE
2025,GLENBORO-SOUTH CYPRESS,AAC WESTKING,,,,FALSE
2025,GLENBORO-SOUTH CYPRESS,AAC WHEATLAND <SECAN>,,,,FALSE
2025,GLENBORO-SOUTH CYPRESS,GLENN,,,,FALSE
2025,GLENBORO-SOUTH CYPRESS,SY MANNESS,5,1009.0,52.3,TRUE
2025,GLENELLA-LANSDOWNE,AAC BRANDON (BW 932),31,20515.0,54.0,TRUE
2025,GLENELLA-LANSDOWNE,AAC ELIE(BW931),,,,FALSE
2025,GLENELLA-LANSDOWNE,AAC HOCKLEY |BW5044|,11,8058.0,47.6,TRUE
2025,GLENELLA-LANSDOWNE,AAC HODGE |BW1069|,3,679.0,49.0,TRUE
2025,GLENELLA-LANSDOWNE,AAC STARBUCK <SECAN>,28,12565.0,58.1,TRUE
2025,GLENELLA-LANSDOWNE,AAC WHEATLAND <SECAN>,3,3504.0,78.5,TRUE
2025,GLENELLA-LANSDOWNE,BOLLES <SEED DEPOT>,,,,FALSE
2025,GRAHAMDALE,AAC HOCKLEY |BW5044|,8,3593.0,39.8,TRUE
2025,GRAHAMDALE,AAC STARBUCK <SECAN>,4,2245.0,26.8,TRUE
2025,GRANDVIEW,AAC BRANDON (BW 932),26,12672.0,86.4,TRUE
2025,GRANDVIEW,AAC HOCKLEY |BW5044|,21,11299.0,71.1,TRUE
2025,GRANDVIEW,AAC HODGE |BW1069|,4,861.0,58.4,TRUE
2025,GRANDVIEW,AAC LEROY VB <ALLIANCE>,,,,FALSE
2025,GRANDVIEW,AAC REDBERRY,5,2873.0,75.6,TRUE
2025,GRANDVIEW,AAC STARBUCK <SECAN>,10,4456.0,90.2,TRUE
2025,GRANDVIEW,AAC STOUGHTON,,,,FALSE
2025,GRANDVIEW,AAC VIEWFIELD <FP GENETICS>|BW965| EXP,7,2765.0,77.5,TRUE
2025,GRANDVIEW,AAC WESTKING,,,,FALSE
2025,GRANDVIEW,AAC WHEATLAND <SECAN>,25,10655.0,79.9,TRUE
2025,GRANDVIEW,BOLLES <SEED DEPOT>,6,1099.0,70.7,TRUE
2025,GRANDVIEW,CARDALE (BW429),,,,FALSE
2025,GRANDVIEW,SY MANNESS,10,3420.0,75.5,TRUE
2025,GRASSLAND,AAC BRANDON (BW 932),36,24847.0,65.4,TRUE
2025,GRASSLAND,AAC ELIE(BW931),,,,FALSE
2025,GRASSLAND,AAC HOCKLEY |BW5044|,12,5737.0,64.7,TRUE
2025,GRASSLAND,AAC HODGE |BW1069|,,,,FALSE
2025,GRASSLAND,AAC LEROY VB <ALLIANCE>,3,1258.0,28.5,TRUE
2025,GRASSLAND,AAC STARBUCK <SECAN>,10,4461.0,66.1,TRUE
2025,GRASSLAND,AAC WESTKING,,,,FALSE
2025,GRASSLAND,AAC WHEATLAND <SECAN>,25,11929.0,68.4,TRUE
2025,GRASSLAND,BOLLES <SEED DEPOT>,,,,FALSE
2025,GRASSLAND,CARBERRY (BW874),,,,FALSE
2025,GRASSLAND,CDC ENVY,3,776.0,57.6,TRUE
2025,GRASSLAND,HARVEST (BW259),,,,FALSE
2025,GRASSLAND,SY MANNESS,,,,FALSE
2025,GREY,AAC BRANDON (BW 932),15,6720.0,81.5,TRUE
2025,GREY,AAC HOCKLEY |BW5044|,20,7355.0,77.2,TRUE
2025,GREY,AAC STARBUCK <SECAN>,19,4389.0,71.0,TRUE
2025,GREY,AAC WHEATLAND <SECAN>,6,2194.0,68.2,TRUE
2025,GREY,CARDALE (BW429),,,,FALSE
2025,GREY,SY GABBRO <SYNGENTA>,,,,FALSE
2025,GREY,SY MANNESS,21,6739.0,75.8,TRUE
2025,HAMIOTA,AAC BRANDON (BW 932),5,1711.0,59.4,TRUE
2025,HAMIOTA,AAC BROADACRES <PROVEN>,3,1711.0,73.5,TRUE
2025,HAMIOTA,AAC HOCKLEY |BW5044|,10,3705.0,67.9,TRUE
2025,HAMIOTA,AAC HODGE |BW1069|,,,,FALSE
2025,HAMIOTA,AAC STARBUCK <SECAN>,18,7056.0,72.1,TRUE
2025,HAMIOTA,AAC VIEWFIELD <FP GENETICS>|BW965| EXP,,,,FALSE
2025,HAMIOTA,AAC WALKER,,,,FALSE
2025,HAMIOTA,AAC WESTKING,,,,FALSE
2025,HAMIOTA,AAC WHEATLAND <SECAN>,20,9046.0,74.2,TRUE
2025,HAMIOTA,BOLLES <SEED DEPOT>,,,,FALSE
2025,HAMIOTA,CDC ENVY,,,,FALSE
2025,HAMIOTA,SY MANNESS,18,5329.0,71.9,TRUE
2025,HANOVER,AAC BRANDON (BW 932),20,7419.0,68.5,TRUE
2025,HANOVER,AAC HOCKLEY |BW5044|,,,,FALSE
2025,HANOVER,AAC HODGE |BW1069|,,,,FALSE
2025,HANOVER,AAC STARBUCK <SECAN>,3,564.0,75.9,TRUE
2025,HANOVER,AAC WESTKING,,,,FALSE
2025,HANOVER,CARDALE (BW429),,,,FALSE
2025,HANOVER,SY MANNESS,,,,FALSE
2025,HARRISON PARK,AAC BRANDON (BW 932),7,2033.0,63.6,TRUE
2025,HARRISON PARK,AAC BROADACRES <PROVEN>,,,,FALSE
2025,HARRISON PARK,AAC HOCKLEY |BW5044|,11,4910.0,67.0,TRUE
2025,HARRISON PARK,AAC LEROY VB <ALLIANCE>,,,,FALSE
2025,HARRISON PARK,"AAC MAGNET |BW 1045, BJ14*A01135|",,,,FALSE
2025,HARRISON PARK,AAC REDBERRY,11,2852.0,54.0,TRUE
2025,HARRISON PARK,AAC STARBUCK <SECAN>,18,6715.0,63.3,TRUE
2025,HARRISON PARK,AAC WHEATLAND <SECAN>,9,3358.0,67.3,TRUE
2025,HARRISON PARK,AC BARRIE (BW 661),,,,FALSE
2025,HARRISON PARK,AC SPLENDOR (BW 191),,,,FALSE
2025,HARRISON PARK,CDC ENVY,4,1274.0,68.4,TRUE
2025,HARRISON PARK,SY MANNESS,12,5834.0,70.1,TRUE
2025,HARRISON PARK,SY TORACH <SYNGENTA>,,,,FALSE
2025,HEADINGLEY,AAC BRANDON (BW 932),,,,FALSE
2025,HEADINGLEY,AAC HOCKLEY |BW5044|,,,,FALSE
2025,HEADINGLEY,AAC STARBUCK <SECAN>,,,,FALSE
2025,HEADINGLEY,SY MANNESS,5,2714.0,72.4,TRUE
2025,HILLSBURG-ROBLIN-SHELL RIVER,AAC BRANDON (BW 932),,,,FALSE
2025,HILLSBURG-ROBLIN-SHELL RIVER,AAC HOCKLEY |BW5044|,32,16688.0,70.9,TRUE
2025,HILLSBURG-ROBLIN-SHELL RIVER,AAC HODGE |BW1069|,,,,FALSE
2025,HILLSBURG-ROBLIN-SHELL RIVER,AAC STARBUCK <SECAN>,,,,FALSE
2025,HILLSBURG-ROBLIN-SHELL RIVER,AAC VIEWFIELD <FP GENETICS>|BW965| EXP,8,3498.0,70.4,TRUE
2025,HILLSBURG-ROBLIN-SHELL RIVER,AAC WHEATLAND <SECAN>,36,19772.0,76.3,TRUE
2025,HILLSBURG-ROBLIN-SHELL RIVER,AC CADILLAC (BW 689),3,653.0,47.3,TRUE
2025,HILLSBURG-ROBLIN-SHELL RIVER,BOLLES <SEED DEPOT>,,,,FALSE
2025,HILLSBURG-ROBLIN-SHELL RIVER,CDC LANDMARK,,,,FALSE
2025,HILLSBURG-ROBLIN-SHELL RIVER,CDC PLENTIFUL (PT580),,,,FALSE
2025,HILLSBURG-ROBLIN-SHELL RIVER,HARVEST (BW259),,,,FALSE
2025,HILLSBURG-ROBLIN-SHELL RIVER,SY MANNESS,7,2279.0,82.1,TRUE
2025,KELSEY,AAC HOCKLEY |BW5044|,3,1308.0,68.8,TRUE
2025,KELSEY,AAC HODGE |BW1069|,,,,FALSE
2025,KELSEY,AAC REDBERRY,4,3840.0,80.9,TRUE
2025,KELSEY,AAC VIEWFIELD <FP GENETICS>|BW965| EXP,,,,FALSE
2025,KELSEY,AAC WHEATLAND <SECAN>,,,,FALSE
2025,KELSEY,CDC ENVY,,,,FALSE
2025,KELSEY,CDC LANDMARK,,,,FALSE
2025,KILLARNEY-TURTLE MTN,AAC BRANDON (BW 932),20,11558.0,68.5,TRUE
2025,KILLARNEY-TURTLE MTN,AAC BROADACRES <PROVEN>,,,,FALSE
2025,KILLARNEY-TURTLE MTN,AAC HOCKLEY |BW5044|,3,1126.0,36.0,TRUE
2025,KILLARNEY-TURTLE MTN,AAC HODGE |BW1069|,,,,FALSE
2025,KILLARNEY-TURTLE MTN,AAC LEROY VB <ALLIANCE>,,,,FALSE
2025,KILLARNEY-TURTLE MTN,AAC STARBUCK <SECAN>,17,14837.0,71.7,TRUE
2025,KILLARNEY-TURTLE MTN,AAC WALSH,,,,FALSE
2025,KILLARNEY-TURTLE MTN,AAC WESTKING,,,,FALSE
2025,KILLARNEY-TURTLE MTN,AAC WHEATLAND <SECAN>,24,13854.7,72.8,TRUE
2025,KILLARNEY-TURTLE MTN,BAKER,,,,FALSE
2025,KILLARNEY-TURTLE MTN,CDC ENVY,,,,FALSE
2025,KILLARNEY-TURTLE MTN,SY MANNESS,7,4363.0,76.1,TRUE
2025,LA BROQUERIE,AAC BRANDON (BW 932),,,,FALSE
2025,LA BROQUERIE,AAC STARBUCK <SECAN>,,,,FALSE
2025,LA BROQUERIE,CARDALE (BW429),,,,FALSE
2025,LAC DU BONNET,AAC BRANDON (BW 932),,,,FALSE
2025,LAC DU BONNET,AAC BROADACRES <PROVEN>,,,,FALSE
2025,LAC DU BONNET,AAC ELIE(BW931),4,2477.0,83.8,TRUE
2025,LAC DU BONNET,AAC HOCKLEY |BW5044|,5,2105.0,64.9,TRUE
2025,LAC DU BONNET,AAC STARBUCK <SECAN>,4,2776.0,61.2,TRUE
2025,LAC DU BONNET,AAC TISDALE (PT250),,,,FALSE
2025,LAC DU BONNET,AAC VIEWFIELD <FP GENETICS>|BW965| EXP,6,2027.0,68.1,TRUE
2025,LAC DU BONNET,GLENN,,,,FALSE
2025,LAC DU BONNET,SY MANNESS,9,3675.0,68.3,TRUE
2025,LAKESHORE,AAC BRANDON (BW 932),24,10565.0,61.9,TRUE
2025,LAKESHORE,AAC HOCKLEY |BW5044|,6,1585.0,51.0,TRUE
2025,LAKESHORE,AAC HODGE |BW1069|,,,,FALSE
2025,LAKESHORE,AAC STARBUCK <SECAN>,11,4623.0,55.6,TRUE
2025,LAKESHORE,AAC WHEATLAND <SECAN>,,,,FALSE
2025,LAKESHORE,CARBERRY (BW874),,,,FALSE
2025,LAKESHORE,CARDALE (BW429),4,2128.0,50.6,TRUE
2025,LAKESHORE,SY MANNESS,3,1315.0,51.2,TRUE
2025,LORNE,AAC BRANDON (BW 932),70,24140.2,80.4,TRUE
2025,LORNE,AAC HOCKLEY |BW5044|,4,878.0,75.5,TRUE
2025,LORNE,AAC HODGE |BW1069|,7,1165.0,69.2,TRUE
2025,LORNE,AAC LEROY VB <ALLIANCE>,4,621.0,71.9,TRUE
2025,LORNE,AAC STARBUCK <SECAN>,40,11731.0,76.5,TRUE
2025,LORNE,AAC STOUGHTON,,,,FALSE
2025,LORNE,AAC WESTKING,3,1184.0,90.7,TRUE
2025,LORNE,AAC WHEATLAND <SECAN>,14,2640.0,76.0,TRUE
2025,LORNE,AC BARRIE (BW 661),,,,FALSE
2025,LORNE,CARDALE (BW429),,,,FALSE
2025,LORNE,CDC VR MORRIS (BW423),,,,FALSE
2025,LORNE,HARVEST (BW259),,,,FALSE
2025,LORNE,SY MANNESS,7,1080.0,74.3,TRUE
2025,LOUISE,AAC BRANDON (BW 932),68,24274.0,81.4,TRUE
2025,LOUISE,AAC BROADACRES <PROVEN>,,,,FALSE
2025,LOUISE,AAC CONNERY |PT245|,,,,FALSE
2025,LOUISE,AAC HODGE |BW1069|,,,,FALSE
2025,LOUISE,AAC STARBUCK <SECAN>,28,12761.0,84.4,TRUE
2025,LOUISE,AAC WESTKING,5,979.0,91.3,TRUE
2025,LOUISE,AAC WHEATLAND <SECAN>,26,12945.0,83.0,TRUE
2025,LOUISE,BAKER,,,,FALSE
2025,LOUISE,SY MANNESS,14,3252.0,96.3,TRUE
2025,MACDONALD,AAC BRANDON (BW 932),40,14831.0,69.6,TRUE
2025,MACDONALD,AAC HOCKLEY |BW5044|,32,11822.0,71.4,TRUE
2025,MACDONALD,AAC HODGE |BW1069|,,,,FALSE
2025,MACDONALD,AAC LEROY VB <ALLIANCE>,,,,FALSE
2025,MACDONALD,AAC STARBUCK <SECAN>,23,10765.0,74.1,TRUE
2025,MACDONALD,AAC TISDALE (PT250),,,,FALSE
2025,MACDONALD,AAC VIEWFIELD <FP GENETICS>|BW965| EXP,5,1272.0,70.4,TRUE
2025,MACDONALD,AAC WALKER,,,,FALSE
2025,MACDONALD,AAC WALSH,,,,FALSE
2025,MACDONALD,AAC WESTKING,,,,FALSE
2025,MACDONALD,SY GABBRO <SYNGENTA>,,,,FALSE
2025,MACDONALD,SY MANNESS,62,25298.0,73.3,TRUE
2025,MCCREARY,AAC BRANDON (BW 932),15,7623.0,50.3,TRUE
2025,MCCREARY,AAC HOCKLEY |BW5044|,3,1058.0,61.4,TRUE
2025,MCCREARY,AAC HODGE |BW1069|,,,,FALSE
2025,MCCREARY,AAC STARBUCK <SECAN>,10,2959.0,51.1,TRUE
2025,MCCREARY,AAC WHEATLAND <SECAN>,,,,FALSE
2025,MCCREARY,AC BARRIE (BW 661),,,,FALSE
2025,MCCREARY,CARBERRY (BW874),,,,FALSE
2025,MCCREARY,GLENN,,,,FALSE
2025,MCCREARY,SY MANNESS,,,,FALSE
2025,MINITONAS-BOWSMAN,AAC BRANDON (BW 932),4,3842.0,93.0,TRUE
2025,MINITONAS-BOWSMAN,AAC BROADACRES <PROVEN>,,,,FALSE
2025,MINITONAS-BOWSMAN,AAC HOCKLEY |BW5044|,5,1548.0,78.9,TRUE
2025,MINITONAS-BOWSMAN,AAC HODGE |BW1069|,,,,FALSE
2025,MINITONAS-BOWSMAN,AAC REDBERRY,,,,FALSE
2025,MINITONAS-BOWSMAN,AAC VIEWFIELD <FP GENETICS>|BW965| EXP,72,40771.0,75.7,TRUE
2025,MINITONAS-BOWSMAN,AAC WHEATLAND <SECAN>,6,2288.0,73.3,TRUE
2025,MINITONAS-BOWSMAN,CARDALE (BW429),3,680.0,63.8,TRUE
2025,MINITONAS-BOWSMAN,SY MANNESS,8,3419.0,67.3,TRUE
2025,MINTO-ODANAH,AAC BRANDON (BW 932),18,6330.0,70.6,TRUE
2025,MINTO-ODANAH,AAC HOCKLEY |BW5044|,9,1993.0,63.8,TRUE
2025,MINTO-ODANAH,AAC HODGE |BW1069|,,,,FALSE
2025,MINTO-ODANAH,AAC LEROY VB <ALLIANCE>,,,,FALSE
2025,MINTO-ODANAH,AAC STARBUCK <SECAN>,34,19497.0,77.8,TRUE
2025,MINTO-ODANAH,AAC WHEATLAND <SECAN>,9,3204.0,71.7,TRUE
2025,MINTO-ODANAH,BOLLES <SEED DEPOT>,,,,FALSE
2025,MINTO-ODANAH,SY MANNESS,8,3146.0,74.2,TRUE
2025,MONTCALM,AAC BRANDON (BW 932),18,7482.0,82.6,TRUE
2025,MONTCALM,AAC BROADACRES <PROVEN>,,,,FALSE
2025,MONTCALM,AAC HOCKLEY |BW5044|,3,504.0,72.1,TRUE
2025,MONTCALM,AAC STARBUCK <SECAN>,9,2685.0,74.3,TRUE
2025,MONTCALM,AAC TISDALE (PT250),,,,FALSE
2025,MONTCALM,AAC VIEWFIELD <FP GENETICS>|BW965| EXP,,,,FALSE
2025,MONTCALM,AAC WESTKING,,,,FALSE
2025,MONTCALM,AAC WHEATLAND <SECAN>,,,,FALSE
2025,MONTCALM,COLUMBUS,,,,FALSE
2025,MONTCALM,SHELLY,,,,FALSE
2025,MONTCALM,SY MANNESS,11,2262.0,80.3,TRUE
2025,MORRIS,AAC BRANDON (BW 932),44,14420.0,71.0,TRUE
2025,MORRIS,AAC HOCKLEY |BW5044|,11,3646.0,65.0,TRUE
2025,MORRIS,AAC STARBUCK <SECAN>,18,4185.0,77.5,TRUE
2025,MORRIS,AAC TISDALE (PT250),,,,FALSE
2025,MORRIS,AAC VIEWFIELD <FP GENETICS>|BW965| EXP,18,6480.0,81.3,TRUE
2025,MORRIS,AAC WESTKING,,,,FALSE
2025,MORRIS,AAC WHEATLAND <SECAN>,,,,FALSE
2025,MORRIS,BAKER,,,,FALSE
2025,MORRIS,CARDALE (BW429),,,,FALSE
2025,MORRIS,CS DAYBREAK <CANTERRA>,,,,FALSE
2025,MORRIS,SY GABBRO <SYNGENTA>,3,1120.0,71.0,TRUE
2025,MORRIS,SY MANNESS,50,15324.0,76.4,TRUE
2025,MOSSEY RIVER,AAC BRANDON (BW 932),5,1778.0,52.0,TRUE
2025,MOSSEY RIVER,AAC STARBUCK <SECAN>,4,682.0,64.5,TRUE
2025,MOSSEY RIVER,AAC VIEWFIELD <FP GENETICS>|BW965| EXP,3,1263.0,74.7,TRUE
2025,MOSSEY RIVER,AAC WHEATLAND <SECAN>,4,1081.0,72.3,TRUE
2025,MOSSEY RIVER,CARDALE (BW429),,,,FALSE
2025,MOSSEY RIVER,CDC ORTONA <PROVEN>,3,588.0,65.9,TRUE
2025,MOSSEY RIVER,SY MANNESS,,,,FALSE
2025,MOUNTAIN,AAC BRANDON (BW 932),,,,FALSE
2025,MOUNTAIN,AAC ELIE(BW931),,,,FALSE
2025,MOUNTAIN,AAC HOCKLEY |BW5044|,,,,FALSE
2025,MOUNTAIN,AAC REDBERRY,,,,FALSE
2025,MOUNTAIN,AAC STARBUCK <SECAN>,,,,FALSE
2025,MOUNTAIN,AAC TISDALE (PT250),,,,FALSE
2025,MOUNTAIN,AAC VIEWFIELD <FP GENETICS>|BW965| EXP,30,18827.0,73.3,TRUE
2025,MOUNTAIN,AAC WHEATLAND <SECAN>,,,,FALSE
2025,MOUNTAIN,AC INTREPID (BW 693),,,,FALSE
2025,MOUNTAIN,CARDALE (BW429),,,,FALSE
2025,MOUNTAIN,CDC ENVY,,,,FALSE
2025,MOUNTAIN,CDC GO (BW781),,,,FALSE
2025,MOUNTAIN,CDC IMBUE CLPLUS |BW5062|,,,,FALSE
2025,MOUNTAIN,CDC ORTONA <PROVEN>,,,,FALSE
2025,MOUNTAIN,SY MANNESS,3,4761.0,77.8,TRUE
2025,NORFOLK-TREHERNE,AAC BRANDON (BW 932),32,12048.3,76.8,TRUE
2025,NORFOLK-TREHERNE,AAC BROADACRES <PROVEN>,,,,FALSE
2025,NORFOLK-TREHERNE,AAC HODGE |BW1069|,,,,FALSE
2025,NORFOLK-TREHERNE,AAC STARBUCK <SECAN>,12,2687.0,69.3,TRUE
2025,NORFOLK-TREHERNE,AAC WHEATLAND <SECAN>,12,5401.0,77.8,TRUE
2025,NORTH CYPRESS-LANGFORD,AAC BRANDON (BW 932),55,38897.0,63.4,TRUE
2025,NORTH CYPRESS-LANGFORD,AAC BROADACRES <PROVEN>,,,,FALSE
2025,NORTH CYPRESS-LANGFORD,AAC ELIE(BW931),,,,FALSE
2025,NORTH CYPRESS-LANGFORD,AAC HOCKLEY |BW5044|,3,1401.0,81.6,TRUE
2025,NORTH CYPRESS-LANGFORD,AAC HODGE |BW1069|,,,,FALSE
2025,NORTH CYPRESS-LANGFORD,AAC STARBUCK <SECAN>,26,12498.0,70.7,TRUE
2025,NORTH CYPRESS-LANGFORD,AAC WESTKING,,,,FALSE
2025,NORTH CYPRESS-LANGFORD,AAC WHEATLAND <SECAN>,5,7228.0,76.6,TRUE
2025,NORTH CYPRESS-LANGFORD,CARBERRY (BW874),,,,FALSE
2025,NORTH CYPRESS-LANGFORD,SY MANNESS,,,,FALSE
2025,NORTH NORFOLK,AAC BRANDON (BW 932),29,10137.0,67.4,TRUE
2025,NORTH NORFOLK,AAC ELIE(BW931),4,1147.0,57.9,TRUE
2025,NORTH NORFOLK,AAC HOCKLEY |BW5044|,,,,FALSE
2025,NORTH NORFOLK,AAC STARBUCK <SECAN>,21,5827.0,62.8,TRUE
2025,NORTH NORFOLK,AAC WESTKING,,,,FALSE
2025,NORTH NORFOLK,AAC WHEATLAND <SECAN>,5,2070.0,62.8,TRUE
2025,NORTH NORFOLK,BOLLES <SEED DEPOT>,8,4500.0,71.6,TRUE
2025,NORTH NORFOLK,CARDALE (BW429),,,,FALSE
2025,NORTH NORFOLK,PEMBINA,,,,FALSE
2025,OAKLAND-WAWANESA,AAC BRANDON (BW 932),19,10262.0,68.1,TRUE
2025,OAKLAND-WAWANESA,AAC CAMERON VB <CANTERRA>,,,,FALSE
2025,OAKLAND-WAWANESA,AAC ELIE(BW931),,,,FALSE
2025,OAKLAND-WAWANESA,AAC HOCKLEY |BW5044|,,,,FALSE
2025,OAKLAND-WAWANESA,AAC HODGE |BW1069|,,,,FALSE
2025,OAKLAND-WAWANESA,AAC STARBUCK <SECAN>,10,2843.0,73.6,TRUE
2025,OAKLAND-WAWANESA,AAC WESTKING,,,,FALSE
2025,OAKLAND-WAWANESA,AAC WHEATLAND <SECAN>,14,6550.0,70.0,TRUE
2025,OAKLAND-WAWANESA,CARDALE (BW429),,,,FALSE
2025,OAKLAND-WAWANESA,CDC PLENTIFUL (PT580),,,,FALSE
2025,OAKLAND-WAWANESA,HARVEST (BW259),,,,FALSE
2025,OAKLAND-WAWANESA,SY MANNESS,,,,FALSE
2025,OAKVIEW,AAC BRANDON (BW 932),11,5994.0,64.0,TRUE
2025,OAKVIEW,AAC BROADACRES <PROVEN>,,,,FALSE
2025,OAKVIEW,AAC HOCKLEY |BW5044|,10,3450.0,72.6,TRUE
2025,OAKVIEW,AAC HODGE |BW1069|,5,1490.0,50.9,TRUE
2025,OAKVIEW,AAC REDBERRY,4,943.0,64.0,TRUE
2025,OAKVIEW,AAC STARBUCK <SECAN>,46,20927.0,69.7,TRUE
2025,OAKVIEW,AAC VIEWFIELD <FP GENETICS>|BW965| EXP,,,,FALSE
2025,OAKVIEW,AAC WALKER,,,,FALSE
2025,OAKVIEW,AAC WESTKING,3,909.0,74.3,TRUE
2025,OAKVIEW,AAC WHEATLAND <SECAN>,26,13423.0,73.2,TRUE
2025,OAKVIEW,BOLLES <SEED DEPOT>,,,,FALSE
2025,OAKVIEW,CDC LANDMARK,,,,FALSE
2025,OAKVIEW,CDC UTMOST (BW 883),,,,FALSE
2025,OAKVIEW,GLENN,,,,FALSE
2025,OAKVIEW,SY MANNESS,14,5158.0,72.4,TRUE
2025,PEMBINA,AAC BRANDON (BW 932),54,21224.0,78.4,TRUE
2025,PEMBINA,AAC BROADACRES <PROVEN>,4,816.0,64.1,TRUE
2025,PEMBINA,AAC HOCKLEY |BW5044|,7,4119.0,70.5,TRUE
2025,PEMBINA,AAC STARBUCK <SECAN>,30,9064.0,74.1,TRUE
2025,PEMBINA,AAC STOUGHTON,,,,FALSE
2025,PEMBINA,AAC WALSH,,,,FALSE
2025,PEMBINA,AAC WESTKING,4,840.0,95.9,TRUE
2025,PEMBINA,AAC WHEATLAND <SECAN>,26,8137.0,78.4,TRUE
2025,PEMBINA,BREADWINNER,,,,FALSE
2025,PEMBINA,CARBERRY (BW874),,,,FALSE
2025,PEMBINA,SY MANNESS,7,1555.0,88.0,TRUE
2025,PINEY,AAC BRANDON (BW 932),5,1730.0,58.9,TRUE
2025,PINEY,AAC LEROY VB <ALLIANCE>,,,,FALSE
2025,PINEY,AAC STARBUCK <SECAN>,,,,FALSE
2025,PIPESTONE,AAC BRANDON (BW 932),28,16686.0,60.9,TRUE
2025,PIPESTONE,AAC ELIE(BW931),,,,FALSE
2025,PIPESTONE,AAC HOCKLEY |BW5044|,16,5411.0,65.9,TRUE
2025,PIPESTONE,AAC HODGE |BW1069|,5,1515.0,46.5,TRUE
2025,PIPESTONE,AAC LEROY VB <ALLIANCE>,,,,FALSE
2025,PIPESTONE,AAC STARBUCK <SECAN>,33,21873.0,63.0,TRUE
2025,PIPESTONE,AAC VIEWFIELD <FP GENETICS>|BW965| EXP,,,,FALSE
2025,PIPESTONE,AAC WESTKING,,,,FALSE
2025,PIPESTONE,AAC WHEATLAND <SECAN>,12,11376.0,65.0,TRUE
2025,PIPESTONE,BOLLES <SEED DEPOT>,,,,FALSE
2025,PIPESTONE,CDC HUGHES <CPSC> |PT588|,,,,FALSE
2025,PIPESTONE,SY MANNESS,8,1978.0,65.4,TRUE
2025,PORTAGE LA PRAIRIE,AAC BRANDON (BW 932),83,45210.0,75.3,TRUE
2025,PORTAGE LA PRAIRIE,AAC BROADACRES <PROVEN>,,,,FALSE
2025,PORTAGE LA PRAIRIE,AAC HOCKLEY |BW5044|,13,5221.0,80.1,TRUE
2025,PORTAGE LA PRAIRIE,AAC LEROY VB <ALLIANCE>,,,,FALSE
2025,PORTAGE LA PRAIRIE,AAC STARBUCK <SECAN>,29,14235.0,83.3,TRUE
2025,PORTAGE LA PRAIRIE,AAC VIEWFIELD <FP GENETICS>|BW965| EXP,,,,FALSE
2025,PORTAGE LA PRAIRIE,AAC WESTKING,5,1285.0,68.4,TRUE
2025,PORTAGE LA PRAIRIE,AAC WHEATLAND <SECAN>,4,2814.0,63.4,TRUE
2025,PORTAGE LA PRAIRIE,BOLLES <SEED DEPOT>,5,2191.0,55.2,TRUE
2025,PORTAGE LA PRAIRIE,CARBERRY (BW874),,,,FALSE
2025,PORTAGE LA PRAIRIE,CARDALE (BW429),,,,FALSE
2025,PORTAGE LA PRAIRIE,CDC BRADWELL <SECAN> |BW472|,,,,FALSE
2025,PORTAGE LA PRAIRIE,SY GABBRO <SYNGENTA>,,,,FALSE
2025,PORTAGE LA PRAIRIE,SY MANNESS,16,4184.0,81.4,TRUE
2025,PRAIRIE LAKES,AAC BRANDON (BW 932),37,21892.0,68.9,TRUE
2025,PRAIRIE LAKES,AAC ELIE(BW931),,,,FALSE
2025,PRAIRIE LAKES,AAC HOCKLEY |BW5044|,4,1986.8,14.4,TRUE
2025,PRAIRIE LAKES,AAC HODGE |BW1069|,,,,FALSE
2025,PRAIRIE LAKES,AAC STARBUCK <SECAN>,22,9467.0,70.4,TRUE
2025,PRAIRIE LAKES,AAC WHEATLAND <SECAN>,26,10022.0,72.7,TRUE
2025,PRAIRIE LAKES,CDC ENVY,,,,FALSE
2025,PRAIRIE LAKES,COLUMBUS,,,,FALSE
2025,PRAIRIE LAKES,GLENN,,,,FALSE
2025,PRAIRIE LAKES,SY MANNESS,13,4768.0,64.7,TRUE
2025,PRAIRIE VIEW,AAC BRANDON (BW 932),7,2912.9,64.3,TRUE
2025,PRAIRIE VIEW,AAC HOCKLEY |BW5044|,13,5681.0,76.5,TRUE
2025,PRAIRIE VIEW,AAC HODGE |BW1069|,6,1975.0,62.3,TRUE
2025,PRAIRIE VIEW,AAC LEROY VB <ALLIANCE>,,,,FALSE
2025,PRAIRIE VIEW,AAC REDBERRY,,,,FALSE
2025,PRAIRIE VIEW,AAC STARBUCK <SECAN>,35,16272.0,73.5,TRUE
2025,PRAIRIE VIEW,AAC STOUGHTON,,,,FALSE
2025,PRAIRIE VIEW,AAC VIEWFIELD <FP GENETICS>|BW965| EXP,,,,FALSE
2025,PRAIRIE VIEW,AAC WESTKING,5,1611.0,80.3,TRUE
2025,PRAIRIE VIEW,AAC WHEATLAND <SECAN>,72,37970.5,71.8,TRUE
2025,PRAIRIE VIEW,BOLLES <SEED DEPOT>,5,5110.0,60.1,TRUE
2025,PRAIRIE VIEW,CDC ENVY,,,,FALSE
2025,PRAIRIE VIEW,SY MANNESS,19,6517.5,66.8,TRUE
2025,REYNOLDS,AAC BRANDON (BW 932),,,,FALSE
2025,REYNOLDS,AAC BROADACRES <PROVEN>,,,,FALSE
2025,REYNOLDS,AAC HOCKLEY |BW5044|,,,,FALSE
2025,RHINELAND,AAC BRANDON (BW 932),44,8420.0,80.2,TRUE
2025,RHINELAND,AAC BROADACRES <PROVEN>,,,,FALSE
2025,RHINELAND,AAC LEROY VB <ALLIANCE>,,,,FALSE
2025,RHINELAND,AAC STARBUCK <SECAN>,38,8823.0,77.4,TRUE
2025,RHINELAND,AAC VIEWFIELD <FP GENETICS>|BW965| EXP,,,,FALSE
2025,RHINELAND,AAC WALSH,,,,FALSE
2025,RHINELAND,AAC WESTKING,4,685.0,91.8,TRUE
2025,RHINELAND,AAC WHEATLAND <SECAN>,5,943.0,73.7,TRUE
2025,RHINELAND,AC DOMAIN (BW 148),,,,FALSE
2025,RHINELAND,COLUMBUS,,,,FALSE
2025,RHINELAND,SY MANNESS,15,3159.0,80.1,TRUE
2025,RIDING MOUNTAIN WEST,AAC BRANDON (BW 932),6,2736.0,71.2,TRUE
2025,RIDING MOUNTAIN WEST,AAC DARBY,,,,FALSE
2025,RIDING MOUNTAIN WEST,AAC HOCKLEY |BW5044|,37,17060.0,72.1,TRUE
2025,RIDING MOUNTAIN WEST,AAC HODGE |BW1069|,10,2182.0,65.2,TRUE
2025,RIDING MOUNTAIN WEST,AAC REDBERRY,5,1282.7,59.1,TRUE
2025,RIDING MOUNTAIN WEST,AAC RUSSELL <FP GENETICS>,,,,FALSE
2025,RIDING MOUNTAIN WEST,AAC SPIKE,,,,FALSE
2025,RIDING MOUNTAIN WEST,AAC STARBUCK <SECAN>,11,5497.0,79.7,TRUE
2025,RIDING MOUNTAIN WEST,AAC STOUGHTON,,,,FALSE
2025,RIDING MOUNTAIN WEST,AAC TISDALE (PT250),,,,FALSE
2025,RIDING MOUNTAIN WEST,AAC VIEWFIELD <FP GENETICS>|BW965| EXP,5,2285.5,87.3,TRUE
2025,RIDING MOUNTAIN WEST,AAC WALKER,,,,FALSE
2025,RIDING MOUNTAIN WEST,AAC WESTKING,3,1239.0,87.7,TRUE
2025,RIDING MOUNTAIN WEST,AAC WHEATLAND <SECAN>,53,25379.0,72.7,TRUE
2025,RIDING MOUNTAIN WEST,BOLLES <SEED DEPOT>,3,1745.0,43.4,TRUE
2025,RIDING MOUNTAIN WEST,CDC ENVY,,,,FALSE
2025,RIDING MOUNTAIN WEST,CDC LANDMARK,3,2200.0,72.3,TRUE
2025,RIDING MOUNTAIN WEST,SY MANNESS,29,13808.0,77.7,TRUE
2025,RITCHOT,AAC BRANDON (BW 932),14,3106.3,75.9,TRUE
2025,RITCHOT,AAC HOCKLEY |BW5044|,5,1119.0,74.6,TRUE
2025,RITCHOT,AAC STARBUCK <SECAN>,6,2267.0,66.8,TRUE
2025,RITCHOT,AAC VIEWFIELD <FP GENETICS>|BW965| EXP,,,,FALSE
2025,RITCHOT,SY MANNESS,11,2514.0,76.6,TRUE
2025,RIVERDALE,AAC BRANDON (BW 932),14,5958.0,48.3,TRUE
2025,RIVERDALE,AAC BROADACRES <PROVEN>,,,,FALSE
2025,RIVERDALE,AAC STARBUCK <SECAN>,26,9954.0,65.8,TRUE
2025,RIVERDALE,AAC WESTKING,,,,FALSE
2025,RIVERDALE,AAC WHEATLAND <SECAN>,11,3304.0,57.4,TRUE
2025,RIVERDALE,SY MANNESS,4,1953.0,73.8,TRUE
2025,ROCKWOOD,AAC BRANDON (BW 932),21,4779.0,56.3,TRUE
2025,ROCKWOOD,AAC ELIE(BW931),,,,FALSE
2025,ROCKWOOD,AAC HOCKLEY |BW5044|,8,2373.0,55.1,TRUE
2025,ROCKWOOD,AAC LEROY VB <ALLIANCE>,3,913.0,55.1,TRUE
2025,ROCKWOOD,AAC STARBUCK <SECAN>,44,18212.0,55.4,TRUE
2025,ROCKWOOD,AAC WALSH,,,,FALSE
2025,ROCKWOOD,AAC WESTKING,,,,FALSE
2025,ROCKWOOD,AC BARRIE (BW 661),,,,FALSE
2025,ROCKWOOD,BAKER,,,,FALSE
2025,ROCKWOOD,BOLLES <SEED DEPOT>,4,4363.0,66.6,TRUE
2025,ROCKWOOD,CARDALE (BW429),,,,FALSE
2025,ROCKWOOD,FIELDSTAR VB,,,,FALSE
2025,ROCKWOOD,SY MANNESS,4,720.0,59.1,TRUE
2025,ROLAND,AAC BRANDON (BW 932),30,7619.0,79.2,TRUE
2025,ROLAND,AAC BROADACRES <PROVEN>,4,1205.0,84.3,TRUE
2025,ROLAND,AAC HOCKLEY |BW5044|,10,2652.0,82.8,TRUE
2025,ROLAND,AAC LEROY VB <ALLIANCE>,,,,FALSE
2025,ROLAND,AAC STARBUCK <SECAN>,13,3035.0,79.6,TRUE
2025,ROLAND,AAC WESTKING,,,,FALSE
2025,ROLAND,AAC WHEATLAND <SECAN>,,,,FALSE
2025,ROLAND,BOLLES <SEED DEPOT>,,,,FALSE
2025,ROLAND,SY GABBRO <SYNGENTA>,,,,FALSE
2025,ROLAND,SY MANNESS,11,2986.0,88.6,TRUE
2025,ROSEDALE,AAC BRANDON (BW 932),17,6600.0,65.9,TRUE
2025,ROSEDALE,AAC ELIE(BW931),3,893.0,59.9,TRUE
2025,ROSEDALE,AAC HOCKLEY |BW5044|,6,1688.0,57.0,TRUE
2025,ROSEDALE,AAC HODGE |BW1069|,,,,FALSE
2025,ROSEDALE,AAC REDBERRY,,,,FALSE
2025,ROSEDALE,AAC STARBUCK <SECAN>,28,11371.0,66.5,TRUE
2025,ROSEDALE,AAC WHEATLAND <SECAN>,6,1373.0,69.1,TRUE
2025,ROSEDALE,BOLLES <SEED DEPOT>,,,,FALSE
2025,ROSEDALE,SY MANNESS,,,,FALSE
2025,ROSEDALE,WASKADA (BW 357),,,,FALSE
2025,ROSSBURN,AAC BRANDON (BW 932),12,4342.9,65.7,TRUE
2025,ROSSBURN,AAC CAMERON VB <CANTERRA>,,,,FALSE
2025,ROSSBURN,AAC HOCKLEY |BW5044|,4,2635.0,56.5,TRUE
2025,ROSSBURN,AAC HODGE |BW1069|,5,1286.0,71.5,TRUE
2025,ROSSBURN,AAC REDBERRY,6,2222.0,49.1,TRUE
2025,ROSSBURN,AAC STARBUCK <SECAN>,17,6103.7,76.9,TRUE
2025,ROSSBURN,AAC WHEATLAND <SECAN>,22,9427.0,81.7,TRUE
2025,ROSSBURN,CDC ENVY,,,,FALSE
2025,ROSSBURN,SY MANNESS,10,3351.0,75.9,TRUE
2025,ROSSER,AAC BRANDON (BW 932),6,3397.0,62.1,TRUE
2025,ROSSER,AAC HOCKLEY |BW5044|,9,3490.0,64.9,TRUE
2025,ROSSER,AAC LEROY VB <ALLIANCE>,,,,FALSE
2025,ROSSER,AAC STARBUCK <SECAN>,34,15059.0,63.0,TRUE
2025,ROSSER,AAC WESTKING,,,,FALSE
2025,ROSSER,SY MANNESS,,,,FALSE
2025,RUSSELL-BINSCARTH,AAC BRANDON (BW 932),,,,FALSE
2025,RUSSELL-BINSCARTH,AAC DARBY,,,,FALSE
2025,RUSSELL-BINSCARTH,AAC HOCKLEY |BW5044|,10,6214.0,83.0,TRUE
2025,RUSSELL-BINSCARTH,AAC HODGE |BW1069|,,,,FALSE
2025,RUSSELL-BINSCARTH,AAC REDBERRY,,,,FALSE
2025,RUSSELL-BINSCARTH,AAC STARBUCK <SECAN>,9,4924.0,60.4,TRUE
2025,RUSSELL-BINSCARTH,AAC VIEWFIELD <FP GENETICS>|BW965| EXP,,,,FALSE
2025,RUSSELL-BINSCARTH,AAC WHEATLAND <SECAN>,14,7644.0,84.0,TRUE
2025,RUSSELL-BINSCARTH,CARDALE (BW429),,,,FALSE
2025,RUSSELL-BINSCARTH,CDC LANDMARK,,,,FALSE
2025,RUSSELL-BINSCARTH,SY MANNESS,8,2842.0,79.8,TRUE
2025,SIFTON,AAC BRANDON (BW 932),6,993.0,39.8,TRUE
2025,SIFTON,AAC HOCKLEY |BW5044|,,,,FALSE
2025,SIFTON,AAC HODGE |BW1069|,,,,FALSE
2025,SIFTON,AAC LEROY VB <ALLIANCE>,,,,FALSE
2025,SIFTON,AAC STARBUCK <SECAN>,5,584.0,32.7,TRUE
2025,SIFTON,AAC WHEATLAND <SECAN>,3,969.0,52.6,TRUE
2025,SOURIS-GLENWOOD,AAC BRANDON (BW 932),20,11332.0,66.2,TRUE
2025,SOURIS-GLENWOOD,AAC BROADACRES <PROVEN>,3,1903.0,77.4,TRUE
2025,SOURIS-GLENWOOD,AAC HOCKLEY |BW5044|,10,2279.0,66.7,TRUE
2025,SOURIS-GLENWOOD,AAC LEROY VB <ALLIANCE>,,,,FALSE
2025,SOURIS-GLENWOOD,AAC STARBUCK <SECAN>,3,846.0,74.8,TRUE
2025,SOURIS-GLENWOOD,AAC WALSH,,,,FALSE
2025,SOURIS-GLENWOOD,AAC WHEATLAND <SECAN>,5,2615.0,70.2,TRUE
2025,SOURIS-GLENWOOD,AC BARRIE (BW 661),,,,FALSE
2025,SOURIS-GLENWOOD,BOLLES <SEED DEPOT>,,,,FALSE
2025,SOURIS-GLENWOOD,SY MANNESS,7,1608.0,55.6,TRUE
2025,SPRINGFIELD,AAC BRANDON (BW 932),27,6920.0,69.5,TRUE
2025,SPRINGFIELD,AAC BROADACRES <PROVEN>,,,,FALSE
2025,SPRINGFIELD,AAC HOCKLEY |BW5044|,8,2195.0,71.8,TRUE
2025,SPRINGFIELD,AAC LEROY VB <ALLIANCE>,,,,FALSE
2025,SPRINGFIELD,AAC SPIKE,7,748.0,91.0,TRUE
2025,SPRINGFIELD,AAC STARBUCK <SECAN>,16,3740.0,79.2,TRUE
2025,SPRINGFIELD,AAC VIEWFIELD <FP GENETICS>|BW965| EXP,,,,FALSE
2025,SPRINGFIELD,AAC WESTKING,4,764.0,78.4,TRUE
2025,SPRINGFIELD,AC DOMAIN (BW 148),,,,FALSE
2025,SPRINGFIELD,BOLLES <SEED DEPOT>,,,,FALSE
2025,SPRINGFIELD,CARBERRY (BW874),,,,FALSE
2025,SPRINGFIELD,CARDALE (BW429),,,,FALSE
2025,SPRINGFIELD,CS DAYBREAK <CANTERRA>,,,,FALSE
2025,SPRINGFIELD,ROBLIN,,,,FALSE
2025,SPRINGFIELD,SY MANNESS,14,5624.0,83.4,TRUE
2025,ST. ANDREWS,AAC BRANDON (BW 932),17,7553.0,72.3,TRUE
2025,ST. ANDREWS,AAC BROADACRES <PROVEN>,,,,FALSE
2025,ST. ANDREWS,AAC ELIE(BW931),4,875.0,64.1,TRUE
2025,ST. ANDREWS,AAC HOCKLEY |BW5044|,7,1821.0,62.2,TRUE
2025,ST. ANDREWS,AAC HODGE |BW1069|,,,,FALSE
2025,ST. ANDREWS,AAC LEROY VB <ALLIANCE>,,,,FALSE
2025,ST. ANDREWS,AAC STARBUCK <SECAN>,19,12697.0,72.1,TRUE
2025,ST. ANDREWS,BOLLES <SEED DEPOT>,5,1686.0,57.3,TRUE
2025,ST. ANDREWS,GLENN,,,,FALSE
2025,ST. ANDREWS,SY MANNESS,3,964.0,49.8,TRUE
2025,ST. ANDREWS,SY TORACH <SYNGENTA>,,,,FALSE
2025,ST. CLEMENTS,AAC BRANDON (BW 932),15,3007.0,60.4,TRUE
2025,ST. CLEMENTS,AAC BROADACRES <PROVEN>,,,,FALSE
2025,ST. CLEMENTS,AAC ELIE(BW931),5,1025.0,60.1,TRUE
2025,ST. CLEMENTS,AAC HOCKLEY |BW5044|,7,2827.0,60.5,TRUE
2025,ST. CLEMENTS,AAC HODGE |BW1069|,,,,FALSE
2025,ST. CLEMENTS,AAC LEROY VB <ALLIANCE>,,,,FALSE
2025,ST. CLEMENTS,AAC STARBUCK <SECAN>,8,1515.0,69.9,TRUE
2025,ST. CLEMENTS,AAC VIEWFIELD <FP GENETICS>|BW965| EXP,6,2996.0,78.7,TRUE
2025,ST. CLEMENTS,GLENN,,,,FALSE
2025,ST. CLEMENTS,KANE (BW342),,,,FALSE
2025,ST. CLEMENTS,SY MANNESS,4,785.0,88.8,TRUE
2025,ST. FRANCIS XAVIER,AAC BRANDON (BW 932),5,2864.0,68.4,TRUE
2025,ST. FRANCIS XAVIER,AAC HOCKLEY |BW5044|,,,,FALSE
2025,ST. FRANCIS XAVIER,AAC STARBUCK <SECAN>,13,4931.0,70.1,TRUE
2025,ST. FRANCIS XAVIER,SY MANNESS,3,2420.0,76.6,TRUE
2025,ST. LAURENT,AAC BRANDON (BW 932),,,,FALSE
2025,ST. LAURENT,AAC STARBUCK <SECAN>,,,,FALSE
2025,STANLEY,AAC BRANDON (BW 932),32,8089.0,75.3,TRUE
2025,STANLEY,AAC BROADACRES <PROVEN>,9,1522.0,80.8,TRUE
2025,STANLEY,AAC HOCKLEY |BW5044|,,,,FALSE
2025,STANLEY,AAC STARBUCK <SECAN>,45,8689.0,72.3,TRUE
2025,STANLEY,AAC WESTKING,,,,FALSE
2025,STANLEY,AAC WHEATLAND <SECAN>,11,1883.0,76.3,TRUE
2025,STANLEY,COLUMBUS,,,,FALSE
2025,STANLEY,SY CAST,,,,FALSE
2025,STANLEY,SY MANNESS,4,701.0,78.8,TRUE
2025,STANLEY,TCG-HEARTLAND,,,,FALSE
2025,STE. ANNE,AAC BRANDON (BW 932),17,2445.0,87.9,TRUE
2025,STE. ANNE,AAC HOCKLEY |BW5044|,6,1111.0,59.5,TRUE
2025,STE. ANNE,AAC STARBUCK <SECAN>,,,,FALSE
2025,STE. ANNE,AAC WESTKING,,,,FALSE
2025,STE. ANNE,SY MANNESS,,,,FALSE
2025,STE. ROSE,AAC BRANDON (BW 932),10,7098.0,66.6,TRUE
2025,STE. ROSE,AAC HOCKLEY |BW5044|,7,2796.0,64.9,TRUE
2025,STE. ROSE,AAC HODGE |BW1069|,,,,FALSE
2025,STE. ROSE,AAC STARBUCK <SECAN>,10,2751.0,70.6,TRUE
2025,STE. ROSE,CARDALE (BW429),,,,FALSE
2025,STE. ROSE,SY MANNESS,3,1537.0,71.9,TRUE
2025,STUARTBURN,AAC BRANDON (BW 932),,,,FALSE
2025,STUARTBURN,NEEPAWA,,,,FALSE
2025,SWAN VALLEY WEST,AAC HOCKLEY |BW5044|,27,13062.1,59.8,TRUE
2025,SWAN VALLEY WEST,AAC HODGE |BW1069|,,,,FALSE
2025,SWAN VALLEY WEST,AAC REDBERRY,3,1019.0,31.8,TRUE
2025,SWAN VALLEY WEST,AAC REDSTAR <SECAN> |PT488|,,,,FALSE
2025,SWAN VALLEY WEST,AAC STOUGHTON,,,,FALSE
2025,SWAN VALLEY WEST,AAC TISDALE (PT250),,,,FALSE
2025,SWAN VALLEY WEST,AAC VIEWFIELD <FP GENETICS>|BW965| EXP,47,40677.0,64.4,TRUE
2025,SWAN VALLEY WEST,AAC WALSH,,,,FALSE
2025,SWAN VALLEY WEST,AAC WESTKING,3,544.0,55.3,TRUE
2025,SWAN VALLEY WEST,AAC WHEATLAND <SECAN>,29,11080.0,60.6,TRUE
2025,SWAN VALLEY WEST,AC DOMAIN (BW 148),,,,FALSE
2025,SWAN VALLEY WEST,BOLLES <SEED DEPOT>,,,,FALSE
2025,SWAN VALLEY WEST,CDC ENVY,,,,FALSE
2025,SWAN VALLEY WEST,CDC IMBUE CLPLUS |BW5062|,,,,FALSE
2025,SWAN VALLEY WEST,CDC PLENTIFUL (PT580),,,,FALSE
2025,SWAN VALLEY WEST,HARVEST (BW259),,,,FALSE
2025,SWAN VALLEY WEST,SY GABBRO <SYNGENTA>,,,,FALSE
2025,SWAN VALLEY WEST,SY MANNESS,23,16860.0,59.2,TRUE
2025,TACHE,AAC BRANDON (BW 932),35,10262.0,78.6,TRUE
2025,TACHE,AAC ELIE(BW931),,,,FALSE
2025,TACHE,AAC HOCKLEY |BW5044|,8,2197.0,80.2,TRUE
2025,TACHE,AAC HODGE |BW1069|,,,,FALSE
2025,TACHE,AAC STARBUCK <SECAN>,,,,FALSE
2025,TACHE,CARDALE (BW429),,,,FALSE
2025,TACHE,CDC STANLEY (BW880),,,,FALSE
2025,TACHE,SY MANNESS,8,1580.0,74.8,TRUE
2025,THOMPSON,AAC BRANDON (BW 932),19,6255.0,77.9,TRUE
2025,THOMPSON,AAC BROADACRES <PROVEN>,,,,FALSE
2025,THOMPSON,AAC HOCKLEY |BW5044|,5,1743.0,92.8,TRUE
2025,THOMPSON,AAC STARBUCK <SECAN>,17,6192.0,77.0,TRUE
2025,THOMPSON,AAC WESTKING,,,,FALSE
2025,THOMPSON,AAC WHEATLAND <SECAN>,6,875.0,79.8,TRUE
2025,THOMPSON,BOLLES <SEED DEPOT>,,,,FALSE
2025,THOMPSON,CARBERRY (BW874),,,,FALSE
2025,THOMPSON,SY MANNESS,4,1236.0,86.2,TRUE
2025,TWO BORDERS,AAC BRANDON (BW 932),51,30906.0,59.5,TRUE
2025,TWO BORDERS,AAC BROADACRES <PROVEN>,3,1604.0,47.6,TRUE
2025,TWO BORDERS,AAC CAMERON VB <CANTERRA>,,,,FALSE
2025,TWO BORDERS,AAC ELIE(BW931),25,14317.0,57.9,TRUE
2025,TWO BORDERS,AAC HOCKLEY |BW5044|,17,8635.0,49.9,TRUE
2025,TWO BORDERS,AAC HODGE |BW1069|,4,1745.0,50.9,TRUE
2025,TWO BORDERS,AAC LEROY VB <ALLIANCE>,11,10233.0,51.1,TRUE
2025,TWO BORDERS,AAC REDBERRY,,,,FALSE
2025,TWO BORDERS,AAC STARBUCK <SECAN>,20,12076.0,62.9,TRUE
2025,TWO BORDERS,AAC VIEWFIELD <FP GENETICS>|BW965| EXP,,,,FALSE
2025,TWO BORDERS,AAC WESTKING,,,,FALSE
2025,TWO BORDERS,AAC WHEATLAND <SECAN>,12,5780.0,65.8,TRUE
2025,TWO BORDERS,AC BARRIE (BW 661),,,,FALSE
2025,TWO BORDERS,BOLLES <SEED DEPOT>,,,,FALSE
2025,TWO BORDERS,BREADWINNER,,,,FALSE
2025,TWO BORDERS,CARBERRY (BW874),,,,FALSE
2025,TWO BORDERS,SY MANNESS,5,1571.0,67.1,TRUE
2025,TWO BORDERS,SY TORACH <SYNGENTA>,,,,FALSE
2025,UNORG TERRITORY,CARBERRY (BW874),,,,FALSE
2025,UNORG TERRITORY,CDC TEAL (BW 616),,,,FALSE
2025,VICTORIA,AAC BRANDON (BW 932),14,3723.0,66.6,TRUE
2025,VICTORIA,AAC BROADACRES <PROVEN>,,,,FALSE
2025,VICTORIA,AAC ELIE(BW931),8,1023.0,57.3,TRUE
2025,VICTORIA,AAC HODGE |BW1069|,,,,FALSE
2025,VICTORIA,AAC LEROY VB <ALLIANCE>,,,,FALSE
2025,VICTORIA,AAC STARBUCK <SECAN>,19,4205.0,72.6,TRUE
2025,VICTORIA,AAC WESTKING,,,,FALSE
2025,VICTORIA,AAC WHEATLAND <SECAN>,7,2084.0,78.3,TRUE
2025,VICTORIA,AC BARRIE (BW 661),3,527.0,57.2,TRUE
2025,VICTORIA,CDC ORTONA <PROVEN>,,,,FALSE
2025,VICTORIA,NEEPAWA,,,,FALSE
2025,VICTORIA,SY MANNESS,4,622.0,77.4,TRUE
2025,WALLACE-WOODWORTH,AAC BRANDON (BW 932),41,15287.0,64.9,TRUE
2025,WALLACE-WOODWORTH,AAC BROADACRES <PROVEN>,,,,FALSE
2025,WALLACE-WOODWORTH,AAC ELIE(BW931),,,,FALSE
2025,WALLACE-WOODWORTH,AAC HOCKLEY |BW5044|,13,6217.0,69.1,TRUE
2025,WALLACE-WOODWORTH,AAC HODGE |BW1069|,16,3442.0,52.4,TRUE
2025,WALLACE-WOODWORTH,AAC STARBUCK <SECAN>,56,22242.0,66.6,TRUE
2025,WALLACE-WOODWORTH,AAC VIEWFIELD <FP GENETICS>|BW965| EXP,,,,FALSE
2025,WALLACE-WOODWORTH,AAC WESTKING,3,874.0,61.2,TRUE
2025,WALLACE-WOODWORTH,AAC WHEATLAND <SECAN>,39,18898.0,70.8,TRUE
2025,WALLACE-WOODWORTH,BAKER,,,,FALSE
2025,WALLACE-WOODWORTH,BOLLES <SEED DEPOT>,4,1320.0,60.3,TRUE
2025,WALLACE-WOODWORTH,CDC ENVY,,,,FALSE
2025,WALLACE-WOODWORTH,GLENN,,,,FALSE
2025,WALLACE-WOODWORTH,SY CAST,,,,FALSE
2025,WALLACE-WOODWORTH,SY MANNESS,5,1866.0,72.1,TRUE
2025,WALLACE-WOODWORTH,SY TORACH <SYNGENTA>,3,547.0,71.4,TRUE
2025,WEST INTERLAKE,AAC HOCKLEY |BW5044|,,,,FALSE
2025,WEST INTERLAKE,AAC STARBUCK <SECAN>,,,,FALSE
2025,WEST INTERLAKE,CARDALE (BW429),,,,FALSE
2025,WEST INTERLAKE,SY MANNESS,,,,FALSE
2025,WEST ST. PAUL,AAC BRANDON (BW 932),,,,FALSE
2025,WEST ST. PAUL,AAC HOCKLEY |BW5044|,,,,FALSE
2025,WEST ST. PAUL,AAC STARBUCK <SECAN>,4,1932.0,59.3,TRUE
2025,WESTLAKE-GLADSTONE,AAC BRANDON (BW 932),42,26701.0,64.1,TRUE
2025,WESTLAKE-GLADSTONE,AAC ELIE(BW931),,,,FALSE
2025,WESTLAKE-GLADSTONE,AAC HOCKLEY |BW5044|,5,2152.0,63.5,TRUE
2025,WESTLAKE-GLADSTONE,AAC HODGE |BW1069|,3,1326.0,69.9,TRUE
2025,WESTLAKE-GLADSTONE,AAC LEROY VB <ALLIANCE>,4,3084.0,60.1,TRUE
2025,WESTLAKE-GLADSTONE,AAC STARBUCK <SECAN>,35,17888.0,67.5,TRUE
2025,WESTLAKE-GLADSTONE,AAC WESTKING,,,,FALSE
2025,WESTLAKE-GLADSTONE,AAC WHEATLAND <SECAN>,3,4483.0,68.6,TRUE
2025,WESTLAKE-GLADSTONE,BOLLES <SEED DEPOT>,3,1733.0,75.0,TRUE
2025,WESTLAKE-GLADSTONE,SY MANNESS,,,,FALSE
2025,WHITEHEAD,AAC BRANDON (BW 932),18,10067.0,62.5,TRUE
2025,WHITEHEAD,AAC BROADACRES <PROVEN>,4,2212.0,73.0,TRUE
2025,WHITEHEAD,AAC ELIE(BW931),,,,FALSE
2025,WHITEHEAD,AAC HOCKLEY |BW5044|,,,,FALSE
2025,WHITEHEAD,AAC LEROY VB <ALLIANCE>,,,,FALSE
2025,WHITEHEAD,AAC STARBUCK <SECAN>,10,3843.0,63.5,TRUE
2025,WHITEHEAD,AAC WHEATLAND <SECAN>,18,6674.0,61.7,TRUE
2025,WHITEHEAD,SY MANNESS,,,,FALSE
2025,WHITEMOUTH,AAC BRANDON (BW 932),4,948.0,69.0,TRUE
2025,WHITEMOUTH,AAC BROADACRES <PROVEN>,,,,FALSE
2025,WHITEMOUTH,AAC HOCKLEY |BW5044|,,,,FALSE
2025,WHITEMOUTH,AAC STARBUCK <SECAN>,,,,FALSE
2025,WHITEMOUTH,GLENN,,,,FALSE
2025,WHITEMOUTH,SY MANNESS,,,,FALSE
2025,WINNIPEG,AAC BRANDON (BW 932),,,,FALSE
2025,WINNIPEG,AAC BROADACRES <PROVEN>,,,,FALSE
2025,WINNIPEG,AAC HOCKLEY |BW5044|,,,,FALSE
2025,WINNIPEG,AAC STARBUCK <SECAN>,,,,FALSE
2025,WINNIPEG,AAC WESTKING,,,,FALSE
2025,WINNIPEG,SY MANNESS,,,,FALSE
2025,WOODLANDS,AAC BRANDON (BW 932),13,4719.0,56.4,TRUE
2025,WOODLANDS,AAC ELIE(BW931),,,,FALSE
2025,WOODLANDS,AAC HOCKLEY |BW5044|,4,853.0,41.7,TRUE
2025,WOODLANDS,AAC LEROY VB <ALLIANCE>,3,1271.0,54.5,TRUE
2025,WOODLANDS,AAC RIVERS,,,,FALSE
2025,WOODLANDS,AAC STARBUCK <SECAN>,41,14849.0,56.2,TRUE
2025,WOODLANDS,AAC WESTKING,3,816.0,52.0,TRUE
2025,WOODLANDS,SY MANNESS,,,,FALSE
2025,YELLOWHEAD,AAC BRANDON (BW 932),8,1714.1,56.2,TRUE
2025,YELLOWHEAD,AAC CAMERON VB <CANTERRA>,,,,FALSE
2025,YELLOWHEAD,AAC HOCKLEY |BW5044|,8,5144.0,68.4,TRUE
2025,YELLOWHEAD,AAC HODGE |BW1069|,8,2132.0,61.8,TRUE
2025,YELLOWHEAD,AAC REDBERRY,5,1720.0,50.3,TRUE
2025,YELLOWHEAD,AAC STARBUCK <SECAN>,22,8835.0,68.8,TRUE
2025,YELLOWHEAD,AAC WESTKING,,,,FALSE
2025,YELLOWHEAD,AAC WHEATLAND <SECAN>,38,21956.5,72.9,TRUE
2025,YELLOWHEAD,BOLLES <SEED DEPOT>,,,,FALSE
2025,YELLOWHEAD,CDC ENVY,,,,FALSE
2025,YELLOWHEAD,SY MANNESS,25,13545.0,74.0,TRUE
2025,YELLOWHEAD,SY TORACH <SYNGENTA>,,,,FALSE
