Year,Municipality,Variety,Farms,Acres,Yield_bu_ac,Reported
2020,ALEXANDER,AAC BRANDON (BW 932),5,1411,50.3,TRUE
2020,ALEXANDER,AAC VIEWFIELD <FP GENETICS>|BW965| EXP,3,1448,73.1,TRUE
2020,ALONSA,AAC BRANDON (BW 932),11,5732,65.1,TRUE
2020,ARGYLE,AAC BRANDON (BW 932),67,28908,59.4,TRUE
2020,ARGYLE,AAC REDBERRY,7,1590,47.8,TRUE
2020,ARGYLE,CARDALE (BW429),3,537,30,TRUE
2020,ARMSTRONG,AAC BRANDON (BW 932),9,1790,58.6,TRUE
2020,BIFROST-RIVERTON,AAC BRANDON (BW 932),71,26811,68.5,TRUE
2020,BIFROST-RIVERTON,AAC VIEWFIELD <FP GENETICS>|BW965| EXP,12,5035,79.1,TRUE
2020,BIFROST-RIVERTON,CS DAYBREAK <CANTERRA>,3,782,72.3,TRUE
2020,BIFROST-RIVERTON,SY TORACH <SYNGENTA>,3,710,77.3,TRUE
2020,BOISSEVAIN-MORTON,AAC BRANDON (BW 932),45,23424,71.5,TRUE
2020,BOISSEVAIN-MORTON,AAC ELIE(BW931),6,3739,74.2,TRUE
2020,BOISSEVAIN-MORTON,AAC REDBERRY,8,1634,68.3,TRUE
2020,BOISSEVAIN-MORTON,AAC STARBUCK <SECAN>,3,701,69.5,TRUE
2020,BOISSEVAIN-MORTON,AAC VIEWFIELD <FP GENETICS>|BW965| EXP,3,1473,67.6,TRUE
2020,BOISSEVAIN-MORTON,AAC WHEATLAND <SECAN>,3,745,75.7,TRUE
2020,BRENDA-WASKADA,AAC BRANDON (BW 932),48,32563,64.7,TRUE
2020,BRENDA-WASKADA,AAC CAMERON VB <CANTERRA>,3,1079,63,TRUE
2020,BRENDA-WASKADA,AAC ELIE(BW931),22,10997,62,TRUE
2020,BRENDA-WASKADA,AAC REDBERRY,4,892,64.7,TRUE
2020,BROKENHEAD,AAC BRANDON (BW 932),35,8067,65.2,TRUE
2020,BROKENHEAD,AAC ELIE(BW931),14,3526,68.9,TRUE
2020,BROKENHEAD,AAC VIEWFIELD <FP GENETICS>|BW965| EXP,25,6821,77.2,TRUE
2020,BROKENHEAD,CARDALE (BW429),6,792,64.6,TRUE
2020,BROKENHEAD,CDC STANLEY (BW880),4,1287,46.6,TRUE
2020,CARTIER,AAC BRANDON (BW 932),49,22335,67.8,TRUE
2020,CARTIER,AAC VIEWFIELD <FP GENETICS>|BW965| EXP,3,875,64,TRUE
2020,CARTWRIGHT-ROBLIN,AAC BRANDON (BW 932),41,14566,61.9,TRUE
2020,CARTWRIGHT-ROBLIN,AAC ELIE(BW931),7,1593,56,TRUE
2020,CARTWRIGHT-ROBLIN,AAC REDBERRY,9,2716,59.6,TRUE
2020,CARTWRIGHT-ROBLIN,CDC PLENTIFUL (PT580),6,1542,53.8,TRUE
2020,CLANWILLIAM-ERICKSON,AAC REDBERRY,8,2360,45.8,TRUE
2020,CLANWILLIAM-ERICKSON,AAC VIEWFIELD <FP GENETICS>|BW965| EXP,4,1656,47.5,TRUE
2020,CORNWALLIS,AAC BRANDON (BW 932),27,10116,49.4,TRUE
2020,DAUPHIN,AAC BRANDON (BW 932),64,32850.5,65.7,TRUE
2020,DAUPHIN,AAC CAMERON VB <CANTERRA>,5,1562,62.8,TRUE
2020,DAUPHIN,AAC REDBERRY,5,1094,72.8,TRUE
2020,DAUPHIN,AAC TISDALE (PT250),12,2458,52.6,TRUE
2020,DAUPHIN,AAC VIEWFIELD <FP GENETICS>|BW965| EXP,16,5681,69.3,TRUE
2020,DAUPHIN,CARDALE (BW429),11,3893,68.9,TRUE
2020,DAUPHIN,GLENN,3,731,60.9,TRUE
2020,DELORAINE-WINCHESTER,AAC BRANDON (BW 932),40,18106,61.8,TRUE
2020,DELORAINE-WINCHESTER,AAC ELIE(BW931),5,2930,73.6,TRUE
2020,DELORAINE-WINCHESTER,AAC REDBERRY,9,4381,74.4,TRUE
2020,DELORAINE-WINCHESTER,BOLLES <SEED DEPOT>,3,503,63.8,TRUE
2020,DELORAINE-WINCHESTER,CARBERRY (BW874),3,1206,47.6,TRUE
2020,DESALABERRY,AAC BRANDON (BW 932),52,16404,68.3,TRUE
2020,DESALABERRY,AAC ELIE(BW931),3,1020,64.2,TRUE
2020,DESALABERRY,AAC TISDALE (PT250),7,1618,70,TRUE
2020,DESALABERRY,CARDALE (BW429),5,3379,68.9,TRUE
2020,DUFFERIN,AAC BRANDON (BW 932),73,19379,69.8,TRUE
2020,DUFFERIN,AAC ELIE(BW931),4,1105,72.9,TRUE
2020,DUFFERIN,AAC VIEWFIELD <FP GENETICS>|BW965| EXP,3,1257,51.6,TRUE
2020,DUFFERIN,BOLLES <SEED DEPOT>,10,1441,74.9,TRUE
2020,DUFFERIN,CARDALE (BW429),4,772,75.3,TRUE
2020,ELLICE-ARCHIE,AAC ALIDA (BW980),3,822,55.3,TRUE
2020,ELLICE-ARCHIE,AAC BRANDON (BW 932),21,7868,59.2,TRUE
2020,ELLICE-ARCHIE,AAC ELIE(BW931),6,2854,54.3,TRUE
2020,ELLICE-ARCHIE,AAC REDBERRY,5,883,65.7,TRUE
2020,ELLICE-ARCHIE,AAC VIEWFIELD <FP GENETICS>|BW965| EXP,4,4606,63.2,TRUE
2020,ELLICE-ARCHIE,AAC WHEATLAND <SECAN>,3,1219,74.8,TRUE
2020,ELLICE-ARCHIE,BOLLES <SEED DEPOT>,6,1323,60.3,TRUE
2020,ELLICE-ARCHIE,CDC LANDMARK,6,1691,65.2,TRUE
2020,ELLICE-ARCHIE,CDC PLENTIFUL (PT580),4,713,65,TRUE
2020,ELTON,AAC BRANDON (BW 932),65,34229,65.3,TRUE
2020,ELTON,AAC VIEWFIELD <FP GENETICS>|BW965| EXP,10,2119,62.2,TRUE
2020,EMERSON-FRANKLIN,AAC BRANDON (BW 932),49,26321,57.8,TRUE
2020,EMERSON-FRANKLIN,AAC VIEWFIELD <FP GENETICS>|BW965| EXP,3,1105,69.5,TRUE
2020,ETHELBERT,AAC BRANDON (BW 932),7,3494,53,TRUE
2020,FISHER,AAC BRANDON (BW 932),37,9562,57.9,TRUE
2020,FISHER,AAC VIEWFIELD <FP GENETICS>|BW965| EXP,7,2684,75.1,TRUE
2020,FISHER,CARDALE (BW429),3,1242,45.9,TRUE
2020,FISHER,CDC STANLEY (BW880),5,1925,45.2,TRUE
2020,GILBERT PLAINS,AAC BRANDON (BW 932),29,12886,64,TRUE
2020,GILBERT PLAINS,AAC CAMERON VB <CANTERRA>,6,2651,56.8,TRUE
2020,GILBERT PLAINS,AAC ELIE(BW931),3,1256,71.2,TRUE
2020,GILBERT PLAINS,AAC REDBERRY,30,16744,68.4,TRUE
2020,GILBERT PLAINS,AAC TISDALE (PT250),6,592,70,TRUE
2020,GILBERT PLAINS,AAC VIEWFIELD <FP GENETICS>|BW965| EXP,13,4386,73.9,TRUE
2020,GILBERT PLAINS,AC DOMAIN (BW 148),9,2290,50,TRUE
2020,GILBERT PLAINS,CARDALE (BW429),4,3104,65.3,TRUE
2020,GILBERT PLAINS,CDC STANLEY (BW880),5,2730,63.8,TRUE
2020,GIMLI,AAC BRANDON (BW 932),11,3119,70,TRUE
2020,GIMLI,CARDALE (BW429),3,1095,62.4,TRUE
2020,GLENBORO-SOUTH CYPRESS,AAC BRANDON (BW 932),34,9422,59.3,TRUE
2020,GLENELLA-LANSDOWNE,AAC BRANDON (BW 932),43,28011,63.4,TRUE
2020,GLENELLA-LANSDOWNE,AAC ELIE(BW931),6,2649,59.6,TRUE
2020,GLENELLA-LANSDOWNE,AAC VIEWFIELD <FP GENETICS>|BW965| EXP,8,2109,65.5,TRUE
2020,GRAHAMDALE,AAC BRANDON (BW 932),7,3955,47.6,TRUE
2020,GRAHAMDALE,AAC VIEWFIELD <FP GENETICS>|BW965| EXP,4,1173,41.7,TRUE
2020,GRANDVIEW,AAC BRANDON (BW 932),40,15079,68.6,TRUE
2020,GRANDVIEW,AAC CAMERON VB <CANTERRA>,4,1475,69.9,TRUE
2020,GRANDVIEW,AAC ELIE(BW931),4,1415,65.8,TRUE
2020,GRANDVIEW,AAC REDBERRY,12,7574,70.9,TRUE
2020,GRANDVIEW,AAC VIEWFIELD <FP GENETICS>|BW965| EXP,23,9185,73.1,TRUE
2020,GRANDVIEW,BOLLES <SEED DEPOT>,7,1265,70.9,TRUE
2020,GRANDVIEW,CARDALE (BW429),5,1030,68.4,TRUE
2020,GRANDVIEW,CDC HUGHES <CPSC> |PT588|,4,580,66.3,TRUE
2020,GRANDVIEW,CDC PLENTIFUL (PT580),10,3751,62.7,TRUE
2020,GRASSLAND,AAC BRANDON (BW 932),82,36916,61.5,TRUE
2020,GRASSLAND,AAC ELIE(BW931),10,4698,61.2,TRUE
2020,GRASSLAND,AAC REDBERRY,5,1657,54.6,TRUE
2020,GRASSLAND,AAC STARBUCK <SECAN>,3,1504,54.9,TRUE
2020,GRASSLAND,AAC TISDALE (PT250),3,1230,52.7,TRUE
2020,GRASSLAND,AAC VIEWFIELD <FP GENETICS>|BW965| EXP,7,4078,48.5,TRUE
2020,GRASSLAND,CARDALE (BW429),3,1622,46.5,TRUE
2020,GREY,AAC BRANDON (BW 932),57,19876,71.7,TRUE
2020,GREY,AAC TISDALE (PT250),4,583,64,TRUE
2020,GREY,AAC VIEWFIELD <FP GENETICS>|BW965| EXP,6,4160,66.5,TRUE
2020,GREY,CARDALE (BW429),6,1138,65.3,TRUE
2020,HAMIOTA,AAC BRANDON (BW 932),28,11397,63.3,TRUE
2020,HAMIOTA,AAC ELIE(BW931),3,987,61,TRUE
2020,HAMIOTA,AAC REDBERRY,9,1608,55.2,TRUE
2020,HAMIOTA,AAC VIEWFIELD <FP GENETICS>|BW965| EXP,35,12699,53.1,TRUE
2020,HAMIOTA,CDC LANDMARK,4,2530,76.2,TRUE
2020,HANOVER,AAC BRANDON (BW 932),34,9060,69.5,TRUE
2020,HANOVER,AAC ELIE(BW931),3,522,65.2,TRUE
2020,HARRISON PARK,AAC BRANDON (BW 932),20,6381,57.5,TRUE
2020,HARRISON PARK,AAC ELIE(BW931),3,550,45.6,TRUE
2020,HARRISON PARK,AAC REDBERRY,26,8721,56.7,TRUE
2020,HARRISON PARK,AAC VIEWFIELD <FP GENETICS>|BW965| EXP,16,4040,56.6,TRUE
2020,HARRISON PARK,AC DOMAIN (BW 148),3,607,29.1,TRUE
2020,HEADINGLEY,AAC BRANDON (BW 932),8,2971,72,TRUE
2020,HILLSBURG-ROBLIN-SHELL RIVER,AAC BRANDON (BW 932),20,9436,72.6,TRUE
2020,HILLSBURG-ROBLIN-SHELL RIVER,AAC REDBERRY,5,1501,60.9,TRUE
2020,HILLSBURG-ROBLIN-SHELL RIVER,AAC VIEWFIELD <FP GENETICS>|BW965| EXP,22,9653,73,TRUE
2020,HILLSBURG-ROBLIN-SHELL RIVER,BOLLES <SEED DEPOT>,5,2214,67.3,TRUE
2020,HILLSBURG-ROBLIN-SHELL RIVER,CDC PLENTIFUL (PT580),3,3134,68.4,TRUE
2020,KELSEY,AAC REDBERRY,6,3205,45.7,TRUE
2020,KELSEY,AAC VIEWFIELD <FP GENETICS>|BW965| EXP,4,3307,46.2,TRUE
2020,KELSEY,CARDALE (BW429),3,1697,28.2,TRUE
2020,KELSEY,CDC LANDMARK,7,5222,33.2,TRUE
2020,KELSEY,CDC PLENTIFUL (PT580),3,910,33.4,TRUE
2020,KILLARNEY-TURTLE MTN,AAC BRANDON (BW 932),55,31668,66.4,TRUE
2020,KILLARNEY-TURTLE MTN,AAC CAMERON VB <CANTERRA>,8,3125,67.7,TRUE
2020,KILLARNEY-TURTLE MTN,AAC ELIE(BW931),3,995,66.1,TRUE
2020,KILLARNEY-TURTLE MTN,AAC REDBERRY,7,3737,66.5,TRUE
2020,KILLARNEY-TURTLE MTN,AAC VIEWFIELD <FP GENETICS>|BW965| EXP,3,1337,55.4,TRUE
2020,KILLARNEY-TURTLE MTN,CDC PLENTIFUL (PT580),9,3138,60.3,TRUE
2020,LA BROQUERIE,AAC BRANDON (BW 932),6,1211,45.6,TRUE
2020,LAC DU BONNET,AAC BRANDON (BW 932),12,5280,61.6,TRUE
2020,LAC DU BONNET,AAC ELIE(BW931),4,1710,83.8,TRUE
2020,LAC DU BONNET,AAC VIEWFIELD <FP GENETICS>|BW965| EXP,5,558,78.7,TRUE
2020,LAC DU BONNET,GLENN,4,1033,82.4,TRUE
2020,LAKESHORE,AAC BRANDON (BW 932),28,11365,63.7,TRUE
2020,LAKESHORE,AAC TISDALE (PT250),4,1311,52,TRUE
2020,LAKESHORE,AAC VIEWFIELD <FP GENETICS>|BW965| EXP,3,1618,65.8,TRUE
2020,LAKESHORE,CARDALE (BW429),3,2155,49.9,TRUE
2020,LORNE,AAC BRANDON (BW 932),112,37936,71.6,TRUE
2020,LORNE,AAC ELIE(BW931),6,1739,66.5,TRUE
2020,LORNE,AAC REDBERRY,3,1013,64.2,TRUE
2020,LORNE,AAC STARBUCK <SECAN>,3,532,75.7,TRUE
2020,LORNE,AAC TISDALE (PT250),10,1831,61.8,TRUE
2020,LORNE,CARDALE (BW429),8,2524,60.4,TRUE
2020,LORNE,HARVEST (BW259),3,1045,64.4,TRUE
2020,LOUISE,AAC BRANDON (BW 932),101,43376,73,TRUE
2020,LOUISE,AAC ELIE(BW931),4,1293,65.2,TRUE
2020,LOUISE,AAC REDBERRY,14,2965,65.3,TRUE
2020,MACDONALD,AAC BRANDON (BW 932),115,55103.6,71.6,TRUE
2020,MACDONALD,AAC ELIE(BW931),5,847,74.8,TRUE
2020,MACDONALD,AAC STARBUCK <SECAN>,5,1262,80.1,TRUE
2020,MACDONALD,AAC VIEWFIELD <FP GENETICS>|BW965| EXP,16,4563,77.6,TRUE
2020,MACDONALD,CS DAYBREAK <CANTERRA>,4,863,75,TRUE
2020,MCCREARY,AAC BRANDON (BW 932),23,12056,57.2,TRUE
2020,MCCREARY,AAC TISDALE (PT250),6,955,48.5,TRUE
2020,MINITONAS-BOWSMAN,AAC BRANDON (BW 932),19,9606,72.6,TRUE
2020,MINITONAS-BOWSMAN,AAC CONNERY |PT245|,3,1185,68.9,TRUE
2020,MINITONAS-BOWSMAN,AAC REDBERRY,10,1597,59.5,TRUE
2020,MINITONAS-BOWSMAN,AAC VIEWFIELD <FP GENETICS>|BW965| EXP,64,28807,76.6,TRUE
2020,MINITONAS-BOWSMAN,CARDALE (BW429),12,4776,68,TRUE
2020,MINTO-ODANAH,AAC BRANDON (BW 932),41,20136,60.5,TRUE
2020,MINTO-ODANAH,AAC ELIE(BW931),4,1013,60.4,TRUE
2020,MINTO-ODANAH,AAC REDBERRY,9,3297,54.8,TRUE
2020,MINTO-ODANAH,AAC VIEWFIELD <FP GENETICS>|BW965| EXP,10,5470,59.8,TRUE
2020,MINTO-ODANAH,BOLLES <SEED DEPOT>,3,1388,54.8,TRUE
2020,MONTCALM,AAC BRANDON (BW 932),60,18390,68.1,TRUE
2020,MONTCALM,AAC VIEWFIELD <FP GENETICS>|BW965| EXP,4,1250,71.2,TRUE
2020,MORRIS,AAC BRANDON (BW 932),110,39754.1,66.8,TRUE
2020,MORRIS,AAC ELIE(BW931),4,1029,68.6,TRUE
2020,MORRIS,AAC VIEWFIELD <FP GENETICS>|BW965| EXP,12,4668,74.4,TRUE
2020,MORRIS,CARDALE (BW429),10,2301,55,TRUE
2020,MORRIS,CS DAYBREAK <CANTERRA>,3,726,74.6,TRUE
2020,MOSSEY RIVER,AAC BRANDON (BW 932),9,3948,58.3,TRUE
2020,MOSSEY RIVER,AAC TISDALE (PT250),4,924,60,TRUE
2020,MOSSEY RIVER,AAC VIEWFIELD <FP GENETICS>|BW965| EXP,3,964,67.7,TRUE
2020,MOSSEY RIVER,CARDALE (BW429),5,1204,65.9,TRUE
2020,MOUNTAIN,AAC BRANDON (BW 932),8,2144,66.6,TRUE
2020,MOUNTAIN,AAC ELIE(BW931),3,998,65.9,TRUE
2020,MOUNTAIN,AAC VIEWFIELD <FP GENETICS>|BW965| EXP,18,6113,71.6,TRUE
2020,MOUNTAIN,CARDALE (BW429),5,2927,61.7,TRUE
2020,MOUNTAIN,CDC GO (BW781),3,2074,77.5,TRUE
2020,MOUNTAIN,CDC IMAGINE (BW758)(IMI),4,2171,62.9,TRUE
2020,MOUNTAIN,CDC STANLEY (BW880),3,1028,64.7,TRUE
2020,NORFOLK-TREHERNE,AAC BRANDON (BW 932),46,20475,62.9,TRUE
2020,NORFOLK-TREHERNE,AAC TISDALE (PT250),9,1357,66.6,TRUE
2020,NORFOLK-TREHERNE,CARDALE (BW429),3,943,62.8,TRUE
2020,NORTH CYPRESS-LANGFORD,AAC BRANDON (BW 932),74,47996.3,61.2,TRUE
2020,NORTH CYPRESS-LANGFORD,AAC ELIE(BW931),9,5111,58.8,TRUE
2020,NORTH CYPRESS-LANGFORD,AAC REDBERRY,3,580,58.5,TRUE
2020,NORTH CYPRESS-LANGFORD,AAC VIEWFIELD <FP GENETICS>|BW965| EXP,5,1657,63.9,TRUE
2020,NORTH NORFOLK,AAC BRANDON (BW 932),55,21789,59.6,TRUE
2020,NORTH NORFOLK,AAC ELIE(BW931),5,1649,56.5,TRUE
2020,NORTH NORFOLK,BOLLES <SEED DEPOT>,6,1644,67.2,TRUE
2020,NORTH NORFOLK,CARDALE (BW429),15,4803,57.5,TRUE
2020,OAKLAND-WAWANESA,AAC BRANDON (BW 932),40,16525,63.8,TRUE
2020,OAKLAND-WAWANESA,AAC ELIE(BW931),3,2469,70.7,TRUE
2020,OAKLAND-WAWANESA,CARDALE (BW429),6,2136,55.9,TRUE
2020,OAKVIEW,AAC ALIDA (BW980),4,1248,53.4,TRUE
2020,OAKVIEW,AAC BRANDON (BW 932),59,24693,57.9,TRUE
2020,OAKVIEW,AAC ELIE(BW931),5,1503,60.1,TRUE
2020,OAKVIEW,AAC REDBERRY,19,4582,54.8,TRUE
2020,OAKVIEW,AAC VIEWFIELD <FP GENETICS>|BW965| EXP,38,14749,56.2,TRUE
2020,OAKVIEW,BOLLES <SEED DEPOT>,3,503,59.1,TRUE
2020,OAKVIEW,CDC LANDMARK,7,2006,45.6,TRUE
2020,PEMBINA,AAC BRANDON (BW 932),114,37560,69.8,TRUE
2020,PEMBINA,AAC TISDALE (PT250),13,1752,59,TRUE
2020,PEMBINA,CDC HUGHES <CPSC> |PT588|,8,1341,55.6,TRUE
2020,PEMBINA,SY TORACH <SYNGENTA>,7,1476,78.3,TRUE
2020,PINEY,AAC BRANDON (BW 932),3,2676,43.2,TRUE
2020,PIPESTONE,AAC BRANDON (BW 932),54,32104,53.9,TRUE
2020,PIPESTONE,AAC ELIE(BW931),10,5246,55.9,TRUE
2020,PIPESTONE,AAC REDBERRY,3,896,51.3,TRUE
2020,PIPESTONE,AAC TISDALE (PT250),5,1610,48.7,TRUE
2020,PIPESTONE,AAC VIEWFIELD <FP GENETICS>|BW965| EXP,13,4818,56.6,TRUE
2020,PIPESTONE,CDC HUGHES <CPSC> |PT588|,6,1540,51.6,TRUE
2020,PIPESTONE,SY TORACH <SYNGENTA>,4,1360,54.6,TRUE
2020,PORTAGE LA PRAIRIE,AAC BRANDON (BW 932),122,74604,68.8,TRUE
2020,PORTAGE LA PRAIRIE,AAC STARBUCK <SECAN>,5,930,73.2,TRUE
2020,PORTAGE LA PRAIRIE,AAC VIEWFIELD <FP GENETICS>|BW965| EXP,11,3160,61.5,TRUE
2020,PORTAGE LA PRAIRIE,BOLLES <SEED DEPOT>,4,1225,71,TRUE
2020,PORTAGE LA PRAIRIE,CARBERRY (BW874),3,902,54.9,TRUE
2020,PORTAGE LA PRAIRIE,CARDALE (BW429),11,1922,57.4,TRUE
2020,PRAIRIE LAKES,AAC BRANDON (BW 932),69,36273,61.9,TRUE
2020,PRAIRIE LAKES,AAC CAMERON VB <CANTERRA>,10,2094,54.9,TRUE
2020,PRAIRIE LAKES,AAC ELIE(BW931),3,1318,74.8,TRUE
2020,PRAIRIE LAKES,AAC REDBERRY,4,1092,65,TRUE
2020,PRAIRIE LAKES,CARDALE (BW429),5,2084,48.7,TRUE
2020,PRAIRIE VIEW,AAC ALIDA (BW980),5,2505,64,TRUE
2020,PRAIRIE VIEW,AAC BRANDON (BW 932),44,12737,56.2,TRUE
2020,PRAIRIE VIEW,AAC CAMERON VB <CANTERRA>,3,1151,70,TRUE
2020,PRAIRIE VIEW,AAC REDBERRY,35,13933,61.7,TRUE
2020,PRAIRIE VIEW,AAC REDWATER (PT457),5,1034,42.8,TRUE
2020,PRAIRIE VIEW,AAC VIEWFIELD <FP GENETICS>|BW965| EXP,46,23464,54.1,TRUE
2020,PRAIRIE VIEW,BOLLES <SEED DEPOT>,20,11257,63.1,TRUE
2020,PRAIRIE VIEW,CDC LANDMARK,14,4191,62.2,TRUE
2020,PRAIRIE VIEW,GLENN,3,1464,61.2,TRUE
2020,REYNOLDS,AAC BRANDON (BW 932),6,1158,47.3,TRUE
2020,RHINELAND,AAC BRANDON (BW 932),148,30732,67.5,TRUE
2020,RHINELAND,AAC ELIE(BW931),5,1093,66.3,TRUE
2020,RIDING MOUNTAIN WEST,AAC ALIDA (BW980),4,1878,62.8,TRUE
2020,RIDING MOUNTAIN WEST,AAC BRANDON (BW 932),40,17131,64.9,TRUE
2020,RIDING MOUNTAIN WEST,AAC ELIE(BW931),3,1490,55.6,TRUE
2020,RIDING MOUNTAIN WEST,AAC REDBERRY,23,6653,63.9,TRUE
2020,RIDING MOUNTAIN WEST,AAC VIEWFIELD <FP GENETICS>|BW965| EXP,22,8347,65.7,TRUE
2020,RIDING MOUNTAIN WEST,BOLLES <SEED DEPOT>,23,8425,65,TRUE
2020,RIDING MOUNTAIN WEST,CDC LANDMARK,31,15421,63.7,TRUE
2020,RIDING MOUNTAIN WEST,CDC PLENTIFUL (PT580),4,697,73.5,TRUE
2020,RITCHOT,AAC BRANDON (BW 932),27,10518,70.7,TRUE
2020,RITCHOT,AAC VIEWFIELD <FP GENETICS>|BW965| EXP,7,642,73.2,TRUE
2020,RIVERDALE,AAC BRANDON (BW 932),45,20224,57.6,TRUE
2020,RIVERDALE,AAC VIEWFIELD <FP GENETICS>|BW965| EXP,5,1405,48.6,TRUE
2020,ROCKWOOD,AAC BRANDON (BW 932),62,22658.2,61.1,TRUE
2020,ROCKWOOD,AAC ELIE(BW931),8,2524,65.8,TRUE
2020,ROCKWOOD,BOLLES <SEED DEPOT>,4,910,60.6,TRUE
2020,ROLAND,AAC BRANDON (BW 932),61,17558,67.8,TRUE
2020,ROLAND,BOLLES <SEED DEPOT>,5,518,77.6,TRUE
2020,ROLAND,CARDALE (BW429),9,3143,66.6,TRUE
2020,ROSEDALE,AAC BRANDON (BW 932),34,12072,66.4,TRUE
2020,ROSEDALE,AAC ELIE(BW931),4,2922,60.3,TRUE
2020,ROSEDALE,AAC REDBERRY,5,2113,68.5,TRUE
2020,ROSEDALE,AAC VIEWFIELD <FP GENETICS>|BW965| EXP,10,4819,63.7,TRUE
2020,ROSEDALE,BOLLES <SEED DEPOT>,4,684,74.5,TRUE
2020,ROSSBURN,AAC BRANDON (BW 932),36,14125,61.4,TRUE
2020,ROSSBURN,AAC REDBERRY,9,2994,57.9,TRUE
2020,ROSSBURN,AAC VIEWFIELD <FP GENETICS>|BW965| EXP,7,2664,57.9,TRUE
2020,ROSSBURN,BOLLES <SEED DEPOT>,10,1904,63.1,TRUE
2020,ROSSER,AAC BRANDON (BW 932),35,16118,71.1,TRUE
2020,ROSSER,AAC ELIE(BW931),5,1842,62.8,TRUE
2020,ROSSER,AAC VIEWFIELD <FP GENETICS>|BW965| EXP,3,1970,81.6,TRUE
2020,RUSSELL-BINSCARTH,AAC BRANDON (BW 932),13,3443,64.8,TRUE
2020,RUSSELL-BINSCARTH,AAC ELIE(BW931),3,1139,60.2,TRUE
2020,RUSSELL-BINSCARTH,AAC REDBERRY,10,4798,66.7,TRUE
2020,RUSSELL-BINSCARTH,BOLLES <SEED DEPOT>,4,535,68.3,TRUE
2020,RUSSELL-BINSCARTH,CDC LANDMARK,10,5875,60.5,TRUE
2020,RUSSELL-BINSCARTH,CDC PLENTIFUL (PT580),3,710,63.5,TRUE
2020,SIFTON,AAC BRANDON (BW 932),18,4883,50.9,TRUE
2020,SOURIS-GLENWOOD,AAC BRANDON (BW 932),30,17478,63.7,TRUE
2020,SOURIS-GLENWOOD,AAC TISDALE (PT250),3,2205,57.9,TRUE
2020,SOURIS-GLENWOOD,AAC VIEWFIELD <FP GENETICS>|BW965| EXP,9,3374,61.6,TRUE
2020,SPRINGFIELD,AAC BRANDON (BW 932),46,14143,69.3,TRUE
2020,SPRINGFIELD,AAC ELIE(BW931),3,705,69.7,TRUE
2020,SPRINGFIELD,AAC VIEWFIELD <FP GENETICS>|BW965| EXP,4,1690,84.7,TRUE
2020,SPRINGFIELD,BOLLES <SEED DEPOT>,8,1480,72.1,TRUE
2020,ST. ANDREWS,AAC BRANDON (BW 932),34,16459,70.8,TRUE
2020,ST. ANDREWS,AAC ELIE(BW931),11,4938,60.4,TRUE
2020,ST. ANDREWS,BOLLES <SEED DEPOT>,5,932,70.2,TRUE
2020,ST. ANDREWS,CARDALE (BW429),4,1395,76,TRUE
2020,ST. ANDREWS,CS DAYBREAK <CANTERRA>,3,990,64.8,TRUE
2020,ST. CLEMENTS,AAC BRANDON (BW 932),28,7973,63.8,TRUE
2020,ST. CLEMENTS,AAC ELIE(BW931),9,3122,71.1,TRUE
2020,ST. CLEMENTS,AAC VIEWFIELD <FP GENETICS>|BW965| EXP,8,2318,76.9,TRUE
2020,ST. FRANCIS XAVIER,AAC BRANDON (BW 932),20,6457,66.7,TRUE
2020,ST. LAURENT,AAC BRANDON (BW 932),3,871,27.6,TRUE
2020,STANLEY,AAC BRANDON (BW 932),84,15544,68.2,TRUE
2020,STANLEY,AAC ELIE(BW931),12,3147,67.2,TRUE
2020,STANLEY,AAC TISDALE (PT250),3,879,55.8,TRUE
2020,STANLEY,CARDALE (BW429),5,708,69.3,TRUE
2020,STE. ANNE,AAC BRANDON (BW 932),25,4097,68.2,TRUE
2020,STE. ROSE,AAC BRANDON (BW 932),19,8740,64.3,TRUE
2020,STE. ROSE,AAC TISDALE (PT250),9,2168,56.8,TRUE
2020,SWAN VALLEY WEST,AAC BRANDON (BW 932),26,11111,66.5,TRUE
2020,SWAN VALLEY WEST,AAC CONNERY |PT245|,5,2039,59.2,TRUE
2020,SWAN VALLEY WEST,AAC REDBERRY,9,3112,57.7,TRUE
2020,SWAN VALLEY WEST,AAC TISDALE (PT250),8,1140,56,TRUE
2020,SWAN VALLEY WEST,AAC VIEWFIELD <FP GENETICS>|BW965| EXP,77,42496,72.4,TRUE
2020,SWAN VALLEY WEST,AC STETTLER <SECAN> |BW867|,4,962,59,TRUE
2020,SWAN VALLEY WEST,BOLLES <SEED DEPOT>,6,1374,67.8,TRUE
2020,SWAN VALLEY WEST,CDC LANDMARK,4,981,63.6,TRUE
2020,SWAN VALLEY WEST,CDC PLENTIFUL (PT580),4,828,52.1,TRUE
2020,TACHE,AAC BRANDON (BW 932),52,12553,67.8,TRUE
2020,THOMPSON,AAC BRANDON (BW 932),51,15441,66.1,TRUE
2020,TWO BORDERS,AAC BRANDON (BW 932),80,44332.5,58.8,TRUE
2020,TWO BORDERS,AAC CAMERON VB <CANTERRA>,4,2177,48.5,TRUE
2020,TWO BORDERS,AAC ELIE(BW931),49,27266.5,56.7,TRUE
2020,TWO BORDERS,AAC VIEWFIELD <FP GENETICS>|BW965| EXP,8,3244,52.6,TRUE
2020,TWO BORDERS,CARBERRY (BW874),6,2885,50.7,TRUE
2020,TWO BORDERS,SY TORACH <SYNGENTA>,13,3359,57.6,TRUE
2020,UNORG TERRITORY,AAC BRANDON (BW 932),3,882,59.5,TRUE
2020,VICTORIA,AAC BRANDON (BW 932),27,8419,67.6,TRUE
2020,VICTORIA,AAC ELIE(BW931),6,1841,62.6,TRUE
2020,VICTORIA,AAC TISDALE (PT250),4,742,65.5,TRUE
2020,VICTORIA,CARDALE (BW429),4,737,43.9,TRUE
2020,WALLACE-WOODWORTH,AAC ALIDA (BW980),3,739,76,TRUE
2020,WALLACE-WOODWORTH,AAC BRANDON (BW 932),106,48658,65.2,TRUE
2020,WALLACE-WOODWORTH,AAC ELIE(BW931),9,3615,68.1,TRUE
2020,WALLACE-WOODWORTH,AAC REDBERRY,8,1525,59,TRUE
2020,WALLACE-WOODWORTH,AAC TISDALE (PT250),14,3543,54.7,TRUE
2020,WALLACE-WOODWORTH,AAC VIEWFIELD <FP GENETICS>|BW965| EXP,26,10614,59.4,TRUE
2020,WALLACE-WOODWORTH,BOLLES <SEED DEPOT>,15,3536,53.8,TRUE
2020,WALLACE-WOODWORTH,CDC LANDMARK,3,608,63.7,TRUE
2020,WALLACE-WOODWORTH,GLENN,3,1565,53.4,TRUE
2020,WALLACE-WOODWORTH,SY TORACH <SYNGENTA>,4,955,68.2,TRUE
2020,WEST INTERLAKE,AAC BRANDON (BW 932),6,2094,43.4,TRUE
2020,WEST ST. PAUL,AAC BRANDON (BW 932),4,724,53.9,TRUE
2020,WESTLAKE-GLADSTONE,AAC BRANDON (BW 932),75,49160,65.5,TRUE
2020,WESTLAKE-GLADSTONE,AAC ELIE(BW931),11,5654,57.4,TRUE
2020,WESTLAKE-GLADSTONE,AAC REDBERRY,5,1370,51.7,TRUE
2020,WESTLAKE-GLADSTONE,BOLLES <SEED DEPOT>,4,1432,77,TRUE
2020,WESTLAKE-GLADSTONE,CARBERRY (BW874),3,835,62.2,TRUE
2020,WHITEHEAD,AAC BRANDON (BW 932),52,22899,54.8,TRUE
2020,WHITEHEAD,AAC CAMERON VB <CANTERRA>,3,520,72.4,TRUE
2020,WHITEHEAD,AAC ELIE(BW931),3,1825,40.2,TRUE
2020,WHITEHEAD,AAC VIEWFIELD <FP GENETICS>|BW965| EXP,5,1544,40.3,TRUE
2020,WHITEMOUTH,AAC BRANDON (BW 932),10,2496,54,TRUE
2020,WINNIPEG,AAC BRANDON (BW 932),9,2620,71.4,TRUE
2020,WINNIPEG,AAC VIEWFIELD <FP GENETICS>|BW965| EXP,3,714,68.8,TRUE
2020,WOODLANDS,AAC BRANDON (BW 932),46,19037,61.2,TRUE
2020,YELLOWHEAD,AAC BRANDON (BW 932),23,9768,59.2,TRUE
2020,YELLOWHEAD,AAC ELIE(BW931),7,2935,58.8,TRUE
2020,YELLOWHEAD,AAC REDBERRY,28,11502,57.8,TRUE
2020,YELLOWHEAD,AAC VIEWFIELD <FP GENETICS>|BW965| EXP,22,13757,54.3,TRUE
2020,YELLOWHEAD,BOLLES <SEED DEPOT>,10,5241,70.5,TRUE
2021,ALEXANDER,AAC ELIE(BW931),3,1872,90.9,TRUE
2021,ALEXANDER,AAC VIEWFIELD <FP GENETICS>|BW965| EXP,3,1983,77.3,TRUE
2021,ALONSA,AAC BRANDON (BW 932),10,3283,34.6,TRUE
2021,ALONSA,AAC STARBUCK <SECAN>,3,2216,28.1,TRUE
2021,ARGYLE,AAC BRANDON (BW 932),61,25595.3,46.8,TRUE
2021,ARGYLE,AAC STARBUCK <SECAN>,13,2076,52.5,TRUE
2021,ARMSTRONG,AAC BRANDON (BW 932),5,883,20.7,TRUE
2021,BIFROST-RIVERTON,AAC BRANDON (BW 932),33,12482,31.4,TRUE
2021,BIFROST-RIVERTON,AAC LEROY VB <ALLIANCE>,10,1553,38.2,TRUE
2021,BIFROST-RIVERTON,AAC STARBUCK <SECAN>,29,7417,37.9,TRUE
2021,BIFROST-RIVERTON,AAC VIEWFIELD <FP GENETICS>|BW965| EXP,36,12621,40.2,TRUE
2021,BIFROST-RIVERTON,AC BARRIE (BW 661),3,1380,36.2,TRUE
2021,BIFROST-RIVERTON,SY TORACH <SYNGENTA>,6,1016,37.2,TRUE
2021,BOISSEVAIN-MORTON,AAC BRANDON (BW 932),40,18659,50.7,TRUE
2021,BOISSEVAIN-MORTON,AAC ELIE(BW931),7,3082,54.8,TRUE
2021,BOISSEVAIN-MORTON,AAC LEROY VB <ALLIANCE>,3,612,55.5,TRUE
2021,BOISSEVAIN-MORTON,AAC REDBERRY,4,1313,47.7,TRUE
2021,BOISSEVAIN-MORTON,AAC STARBUCK <SECAN>,17,7056,52.9,TRUE
2021,BOISSEVAIN-MORTON,AAC WHEATLAND <SECAN>,16,4908,53.7,TRUE
2021,BRENDA-WASKADA,AAC BRANDON (BW 932),49,32141.5,48.9,TRUE
2021,BRENDA-WASKADA,AAC ELIE(BW931),17,10407,43.5,TRUE
2021,BRENDA-WASKADA,AAC REDBERRY,4,1425,49.5,TRUE
2021,BRENDA-WASKADA,AAC STARBUCK <SECAN>,5,1813,46.2,TRUE
2021,BROKENHEAD,AAC BRANDON (BW 932),21,6343,61.3,TRUE
2021,BROKENHEAD,AAC ELIE(BW931),6,1582,72.5,TRUE
2021,BROKENHEAD,AAC LEROY VB <ALLIANCE>,4,757,60,TRUE
2021,BROKENHEAD,AAC STARBUCK <SECAN>,4,604,50.6,TRUE
2021,BROKENHEAD,AAC VIEWFIELD <FP GENETICS>|BW965| EXP,32,8762,67.7,TRUE
2021,BROKENHEAD,BOLLES <SEED DEPOT>,3,814,57.7,TRUE
2021,BROKENHEAD,CARDALE (BW429),3,748,48.9,TRUE
2021,BROKENHEAD,CDC ORTONA <PROVEN>,5,819,53.1,TRUE
2021,CARTIER,AAC BRANDON (BW 932),38,16612,52.4,TRUE
2021,CARTIER,AAC STARBUCK <SECAN>,21,4853,50.8,TRUE
2021,CARTIER,SY GABBRO <SYNGENTA>,3,905,42.6,TRUE
2021,CARTWRIGHT-ROBLIN,AAC BRANDON (BW 932),39,15843,53.1,TRUE
2021,CARTWRIGHT-ROBLIN,AAC REDBERRY,5,829,51.6,TRUE
2021,CARTWRIGHT-ROBLIN,AAC STARBUCK <SECAN>,16,3808,55.2,TRUE
2021,CARTWRIGHT-ROBLIN,AAC WHEATLAND <SECAN>,8,2152,50.6,TRUE
2021,CLANWILLIAM-ERICKSON,AAC BRANDON (BW 932),3,1199,64.8,TRUE
2021,CLANWILLIAM-ERICKSON,AAC REDBERRY,8,2482,48.8,TRUE
2021,CORNWALLIS,AAC BRANDON (BW 932),26,10113,55.4,TRUE
2021,CORNWALLIS,AAC WHEATLAND <SECAN>,3,590,56.2,TRUE
2021,DAUPHIN,AAC BRANDON (BW 932),63,29141,47.7,TRUE
2021,DAUPHIN,AAC CAMERON VB <CANTERRA>,9,2101,35.5,TRUE
2021,DAUPHIN,AAC REDBERRY,8,1617,49.3,TRUE
2021,DAUPHIN,AAC STARBUCK <SECAN>,6,1402,61.6,TRUE
2021,DAUPHIN,AAC TISDALE (PT250),4,1197,41.3,TRUE
2021,DAUPHIN,AAC VIEWFIELD <FP GENETICS>|BW965| EXP,14,3934,53.9,TRUE
2021,DAUPHIN,AAC WHEATLAND <SECAN>,12,2046,44.5,TRUE
2021,DAUPHIN,CARDALE (BW429),5,2484,44.8,TRUE
2021,DAUPHIN,CS DAYBREAK <CANTERRA>,3,841,71.3,TRUE
2021,DELORAINE-WINCHESTER,AAC BRANDON (BW 932),37,15006,53.3,TRUE
2021,DELORAINE-WINCHESTER,AAC ELIE(BW931),5,5763,62.5,TRUE
2021,DELORAINE-WINCHESTER,AAC LEROY VB <ALLIANCE>,3,1288,61.4,TRUE
2021,DELORAINE-WINCHESTER,AAC REDBERRY,3,1365,55.2,TRUE
2021,DELORAINE-WINCHESTER,AAC STARBUCK <SECAN>,5,1199,41.1,TRUE
2021,DELORAINE-WINCHESTER,AAC WHEATLAND <SECAN>,5,1063,38.7,TRUE
2021,DESALABERRY,AAC BRANDON (BW 932),38,13361,60.8,TRUE
2021,DESALABERRY,AAC STARBUCK <SECAN>,13,1784,63.9,TRUE
2021,DESALABERRY,AAC TISDALE (PT250),10,2291,58.9,TRUE
2021,DESALABERRY,CARDALE (BW429),4,3230,56.8,TRUE
2021,DUFFERIN,AAC BRANDON (BW 932),48,12065,39.7,TRUE
2021,DUFFERIN,AAC ELIE(BW931),3,585,29.3,TRUE
2021,DUFFERIN,AAC STARBUCK <SECAN>,15,2527,35.7,TRUE
2021,DUFFERIN,SY GABBRO <SYNGENTA>,3,1065,32.2,TRUE
2021,ELLICE-ARCHIE,AAC BRANDON (BW 932),12,5888,45.1,TRUE
2021,ELLICE-ARCHIE,AAC REDBERRY,6,1784,51.1,TRUE
2021,ELLICE-ARCHIE,AAC STARBUCK <SECAN>,11,3539,56.2,TRUE
2021,ELLICE-ARCHIE,AAC WHEATLAND <SECAN>,9,5344,49.7,TRUE
2021,ELLICE-ARCHIE,BOLLES <SEED DEPOT>,4,1643,49.9,TRUE
2021,ELTON,AAC BRANDON (BW 932),55,26041,64.1,TRUE
2021,ELTON,AAC CAMERON VB <CANTERRA>,4,910,67.8,TRUE
2021,ELTON,AAC STARBUCK <SECAN>,18,4981,67.4,TRUE
2021,ELTON,AAC WHEATLAND <SECAN>,6,1483,78.6,TRUE
2021,EMERSON-FRANKLIN,AAC BRANDON (BW 932),38,18732,65.1,TRUE
2021,EMERSON-FRANKLIN,AAC STARBUCK <SECAN>,10,1803,64.9,TRUE
2021,EMERSON-FRANKLIN,CS DAYBREAK <CANTERRA>,3,564,49.7,TRUE
2021,ETHELBERT,AAC BRANDON (BW 932),7,1983,45.5,TRUE
2021,ETHELBERT,AAC REDBERRY,3,517,41.9,TRUE
2021,ETHELBERT,AAC VIEWFIELD <FP GENETICS>|BW965| EXP,5,1787,38.9,TRUE
2021,ETHELBERT,CARDALE (BW429),3,585,41.1,TRUE
2021,FISHER,AAC BRANDON (BW 932),26,6876,27.9,TRUE
2021,FISHER,AAC STARBUCK <SECAN>,5,1446,16.8,TRUE
2021,FISHER,AAC VIEWFIELD <FP GENETICS>|BW965| EXP,9,3367,37.4,TRUE
2021,FISHER,CDC STANLEY (BW880),4,1039,20.7,TRUE
2021,FISHER,CS DAYBREAK <CANTERRA>,4,715,12.9,TRUE
2021,FISHER,SY TORACH <SYNGENTA>,4,1153,43.1,TRUE
2021,GILBERT PLAINS,AAC BRANDON (BW 932),26,8780,51.5,TRUE
2021,GILBERT PLAINS,AAC CAMERON VB <CANTERRA>,6,1887,44.6,TRUE
2021,GILBERT PLAINS,AAC ELIE(BW931),3,655,57.9,TRUE
2021,GILBERT PLAINS,AAC LEROY VB <ALLIANCE>,3,656,50,TRUE
2021,GILBERT PLAINS,AAC REDBERRY,35,19004,50.1,TRUE
2021,GILBERT PLAINS,AAC VIEWFIELD <FP GENETICS>|BW965| EXP,13,5334,53.1,TRUE
2021,GILBERT PLAINS,BOLLES <SEED DEPOT>,3,1585,46.7,TRUE
2021,GILBERT PLAINS,CDC STANLEY (BW880),4,2750,39,TRUE
2021,GIMLI,AAC BRANDON (BW 932),4,1541,44.5,TRUE
2021,GLENBORO-SOUTH CYPRESS,AAC BRANDON (BW 932),27,7053,42.8,TRUE
2021,GLENBORO-SOUTH CYPRESS,AAC STARBUCK <SECAN>,6,1076,41.8,TRUE
2021,GLENELLA-LANSDOWNE,AAC BRANDON (BW 932),42,22964,36.6,TRUE
2021,GLENELLA-LANSDOWNE,AAC ELIE(BW931),4,1690,35.5,TRUE
2021,GLENELLA-LANSDOWNE,AAC REDBERRY,4,1370,30.8,TRUE
2021,GLENELLA-LANSDOWNE,AAC STARBUCK <SECAN>,13,7844,30.5,TRUE
2021,GLENELLA-LANSDOWNE,AAC VIEWFIELD <FP GENETICS>|BW965| EXP,7,1345,45,TRUE
2021,GLENELLA-LANSDOWNE,BOLLES <SEED DEPOT>,7,2381,30.7,TRUE
2021,GRAHAMDALE,AAC BRANDON (BW 932),6,2829,14.3,TRUE
2021,GRANDVIEW,AAC BRANDON (BW 932),41,16828.4,56.7,TRUE
2021,GRANDVIEW,AAC CAMERON VB <CANTERRA>,7,2551,49.3,TRUE
2021,GRANDVIEW,AAC ELIE(BW931),5,1163,49.2,TRUE
2021,GRANDVIEW,AAC REDBERRY,19,7099,54.3,TRUE
2021,GRANDVIEW,AAC VIEWFIELD <FP GENETICS>|BW965| EXP,19,7238,51.6,TRUE
2021,GRANDVIEW,AAC WHEATLAND <SECAN>,10,2042,51.9,TRUE
2021,GRANDVIEW,BOLLES <SEED DEPOT>,13,3937,49.2,TRUE
2021,GRANDVIEW,CDC PLENTIFUL (PT580),5,2026,52.3,TRUE
2021,GRASSLAND,AAC BRANDON (BW 932),69,28879,48.1,TRUE
2021,GRASSLAND,AAC ELIE(BW931),3,581,51.3,TRUE
2021,GRASSLAND,AAC STARBUCK <SECAN>,15,6028,48.8,TRUE
2021,GRASSLAND,AAC WHEATLAND <SECAN>,22,6536,50.9,TRUE
2021,GREY,AAC BRANDON (BW 932),51,16538,45.7,TRUE
2021,GREY,AAC STARBUCK <SECAN>,24,6882,44.2,TRUE
2021,GREY,BOLLES <SEED DEPOT>,3,616,24,TRUE
2021,HAMIOTA,AAC BRANDON (BW 932),30,10294,54.2,TRUE
2021,HAMIOTA,AAC REDBERRY,8,2443,59.4,TRUE
2021,HAMIOTA,AAC STARBUCK <SECAN>,24,5597,55.3,TRUE
2021,HAMIOTA,AAC WHEATLAND <SECAN>,20,6295,59.1,TRUE
2021,HAMIOTA,CDC LANDMARK,9,2204,52,TRUE
2021,HANOVER,AAC BRANDON (BW 932),25,6921,64.3,TRUE
2021,HANOVER,AAC STARBUCK <SECAN>,7,1164,56.5,TRUE
2021,HARRISON PARK,AAC BRANDON (BW 932),14,6139,53.7,TRUE
2021,HARRISON PARK,AAC LEROY VB <ALLIANCE>,5,1212,60.3,TRUE
2021,HARRISON PARK,AAC REDBERRY,27,8818,48,TRUE
2021,HARRISON PARK,AAC STARBUCK <SECAN>,4,1275,72.8,TRUE
2021,HARRISON PARK,AAC VIEWFIELD <FP GENETICS>|BW965| EXP,5,1141,60,TRUE
2021,HARRISON PARK,AAC WHEATLAND <SECAN>,5,2967,64.8,TRUE
2021,HARRISON PARK,AC SPLENDOR (BW 191),3,592,27,TRUE
2021,HARRISON PARK,BOLLES <SEED DEPOT>,11,3163,48.6,TRUE
2021,HARRISON PARK,SY TORACH <SYNGENTA>,3,626,57.6,TRUE
2021,HEADINGLEY,AAC BRANDON (BW 932),8,3069,47.1,TRUE
2021,HEADINGLEY,AAC STARBUCK <SECAN>,4,638,40.7,TRUE
2021,HILLSBURG-ROBLIN-SHELL RIVER,AAC BRANDON (BW 932),20,9785,52,TRUE
2021,HILLSBURG-ROBLIN-SHELL RIVER,AAC VIEWFIELD <FP GENETICS>|BW965| EXP,17,5697,50.5,TRUE
2021,HILLSBURG-ROBLIN-SHELL RIVER,AAC WHEATLAND <SECAN>,7,2460,55.9,TRUE
2021,HILLSBURG-ROBLIN-SHELL RIVER,BOLLES <SEED DEPOT>,9,3497,51,TRUE
2021,KELSEY,AAC REDBERRY,8,5001,33.4,TRUE
2021,KELSEY,AAC VIEWFIELD <FP GENETICS>|BW965| EXP,4,3868,64.2,TRUE
2021,KELSEY,CDC LANDMARK,3,1707,56.7,TRUE
2021,KILLARNEY-TURTLE MTN,AAC BRANDON (BW 932),53,29184,47.7,TRUE
2021,KILLARNEY-TURTLE MTN,AAC CAMERON VB <CANTERRA>,8,3267,46.4,TRUE
2021,KILLARNEY-TURTLE MTN,AAC LEROY VB <ALLIANCE>,5,974,46.4,TRUE
2021,KILLARNEY-TURTLE MTN,"AAC MAGNET |BW 1045, BJ14*A01135|",4,892,45.5,TRUE
2021,KILLARNEY-TURTLE MTN,AAC REDBERRY,3,1655,48.1,TRUE
2021,KILLARNEY-TURTLE MTN,AAC STARBUCK <SECAN>,11,2964,50.4,TRUE
2021,KILLARNEY-TURTLE MTN,AAC WHEATLAND <SECAN>,6,1983,44.5,TRUE
2021,LAC DU BONNET,AAC BRANDON (BW 932),6,2297,72.8,TRUE
2021,LAC DU BONNET,AAC ELIE(BW931),6,1320,89.8,TRUE
2021,LAC DU BONNET,AAC STARBUCK <SECAN>,3,768,65,TRUE
2021,LAC DU BONNET,AAC VIEWFIELD <FP GENETICS>|BW965| EXP,11,2131,81.8,TRUE
2021,LAKESHORE,AAC BRANDON (BW 932),29,12081,44,TRUE
2021,LAKESHORE,AAC REDBERRY,3,770,46.8,TRUE
2021,LAKESHORE,AAC STARBUCK <SECAN>,3,1631,48.3,TRUE
2021,LAKESHORE,AAC TISDALE (PT250),6,1292,35.7,TRUE
2021,LAKESHORE,AAC VIEWFIELD <FP GENETICS>|BW965| EXP,5,1911,41,TRUE
2021,LAKESHORE,BOLLES <SEED DEPOT>,3,748,46.8,TRUE
2021,LORNE,AAC BRANDON (BW 932),98,30531,62.1,TRUE
2021,LORNE,AAC ELIE(BW931),3,621,53.9,TRUE
2021,LORNE,AAC STARBUCK <SECAN>,34,5831,64.4,TRUE
2021,LORNE,AAC TISDALE (PT250),5,705,44.9,TRUE
2021,LORNE,CARDALE (BW429),6,2279,58.8,TRUE
2021,LOUISE,AAC BRANDON (BW 932),88,39614.4,61.5,TRUE
2021,LOUISE,AAC ELIE(BW931),3,670,63.6,TRUE
2021,LOUISE,AAC REDBERRY,4,861,55.7,TRUE
2021,LOUISE,AAC STARBUCK <SECAN>,43,9589,64,TRUE
2021,LOUISE,AAC WHEATLAND <SECAN>,4,785.8,60.3,TRUE
2021,MACDONALD,AAC BRANDON (BW 932),91,37660,35.5,TRUE
2021,MACDONALD,AAC STARBUCK <SECAN>,49,13846,35.6,TRUE
2021,MACDONALD,AAC VIEWFIELD <FP GENETICS>|BW965| EXP,13,4684,34.8,TRUE
2021,MACDONALD,CS DAYBREAK <CANTERRA>,3,786,39.7,TRUE
2021,MACDONALD,SY GABBRO <SYNGENTA>,7,1060,36.3,TRUE
2021,MCCREARY,AAC BRANDON (BW 932),16,6878,39.7,TRUE
2021,MCCREARY,AAC TISDALE (PT250),6,1036,31.1,TRUE
2021,MINITONAS-BOWSMAN,AAC BRANDON (BW 932),10,3653,61.6,TRUE
2021,MINITONAS-BOWSMAN,AAC REDBERRY,4,1264,55.8,TRUE
2021,MINITONAS-BOWSMAN,AAC TISDALE (PT250),7,1976,47.3,TRUE
2021,MINITONAS-BOWSMAN,AAC VIEWFIELD <FP GENETICS>|BW965| EXP,69,32091,59.9,TRUE
2021,MINITONAS-BOWSMAN,AAC WHEATLAND <SECAN>,4,592,77.8,TRUE
2021,MINITONAS-BOWSMAN,CARDALE (BW429),8,3489,56.8,TRUE
2021,MINTO-ODANAH,AAC BRANDON (BW 932),42,16938.3,59.2,TRUE
2021,MINTO-ODANAH,AAC REDBERRY,6,1257,56.1,TRUE
2021,MINTO-ODANAH,AAC STARBUCK <SECAN>,10,3093,66.2,TRUE
2021,MINTO-ODANAH,AAC VIEWFIELD <FP GENETICS>|BW965| EXP,3,1195,61.3,TRUE
2021,MINTO-ODANAH,AAC WHEATLAND <SECAN>,7,2326,69.5,TRUE
2021,MINTO-ODANAH,BOLLES <SEED DEPOT>,9,2464,60.3,TRUE
2021,MONTCALM,AAC BRANDON (BW 932),40,11694,66.3,TRUE
2021,MONTCALM,AAC STARBUCK <SECAN>,18,4157,61.8,TRUE
2021,MORRIS,AAC BRANDON (BW 932),84,25388,52.2,TRUE
2021,MORRIS,AAC STARBUCK <SECAN>,37,9076,56.3,TRUE
2021,MORRIS,AAC VIEWFIELD <FP GENETICS>|BW965| EXP,12,4456,58.8,TRUE
2021,MORRIS,CARDALE (BW429),4,1320,55.3,TRUE
2021,MORRIS,CS DAYBREAK <CANTERRA>,5,1557,58.3,TRUE
2021,MORRIS,SY GABBRO <SYNGENTA>,4,1468,25.9,TRUE
2021,MOSSEY RIVER,AAC BRANDON (BW 932),4,1402,54.1,TRUE
2021,MOSSEY RIVER,AAC VIEWFIELD <FP GENETICS>|BW965| EXP,4,2356,49.5,TRUE
2021,MOSSEY RIVER,CARDALE (BW429),5,1548,52,TRUE
2021,MOUNTAIN,AAC BRANDON (BW 932),3,2055,50.9,TRUE
2021,MOUNTAIN,AAC VIEWFIELD <FP GENETICS>|BW965| EXP,19,11501,62.8,TRUE
2021,MOUNTAIN,CARDALE (BW429),6,3006,60.7,TRUE
2021,NORFOLK-TREHERNE,AAC BRANDON (BW 932),41,13993.3,62.2,TRUE
2021,NORFOLK-TREHERNE,AAC STARBUCK <SECAN>,8,1633,65.7,TRUE
2021,NORFOLK-TREHERNE,AAC TISDALE (PT250),5,949,55,TRUE
2021,NORFOLK-TREHERNE,AAC WHEATLAND <SECAN>,3,879,67.7,TRUE
2021,NORFOLK-TREHERNE,SY TORACH <SYNGENTA>,3,640,73.1,TRUE
2021,NORTH CYPRESS-LANGFORD,AAC BRANDON (BW 932),72,41348.8,48.7,TRUE
2021,NORTH CYPRESS-LANGFORD,AAC REDBERRY,3,2112,57.8,TRUE
2021,NORTH CYPRESS-LANGFORD,AAC STARBUCK <SECAN>,14,3841.4,47.2,TRUE
2021,NORTH CYPRESS-LANGFORD,AAC VIEWFIELD <FP GENETICS>|BW965| EXP,3,853,32,TRUE
2021,NORTH CYPRESS-LANGFORD,BOLLES <SEED DEPOT>,3,1072,43.3,TRUE
2021,NORTH NORFOLK,AAC BRANDON (BW 932),36,12366,43.2,TRUE
2021,NORTH NORFOLK,AAC ELIE(BW931),6,1632,38.4,TRUE
2021,NORTH NORFOLK,AAC STARBUCK <SECAN>,6,2389,47.6,TRUE
2021,NORTH NORFOLK,BOLLES <SEED DEPOT>,8,4571,42.5,TRUE
2021,NORTH NORFOLK,CARDALE (BW429),8,1333,34.1,TRUE
2021,OAKLAND-WAWANESA,AAC BRANDON (BW 932),29,11725,58.2,TRUE
2021,OAKLAND-WAWANESA,AAC CAMERON VB <CANTERRA>,5,535,46.4,TRUE
2021,OAKLAND-WAWANESA,AAC STARBUCK <SECAN>,15,2533,52.1,TRUE
2021,OAKLAND-WAWANESA,AAC WHEATLAND <SECAN>,10,3845,54,TRUE
2021,OAKVIEW,AAC ALIDA (BW980),5,1231,57,TRUE
2021,OAKVIEW,AAC BRANDON (BW 932),43,16387.9,60.3,TRUE
2021,OAKVIEW,AAC REDBERRY,17,3746,56.7,TRUE
2021,OAKVIEW,AAC STARBUCK <SECAN>,32,9142,59.6,TRUE
2021,OAKVIEW,AAC VIEWFIELD <FP GENETICS>|BW965| EXP,3,871,51.4,TRUE
2021,OAKVIEW,AAC WHEATLAND <SECAN>,14,6047,51.6,TRUE
2021,OAKVIEW,BOLLES <SEED DEPOT>,6,1017,63.5,TRUE
2021,OAKVIEW,CDC LANDMARK,4,1328,61.2,TRUE
2021,PEMBINA,AAC BRANDON (BW 932),96,32280,52.2,TRUE
2021,PEMBINA,AAC STARBUCK <SECAN>,21,4645,58.4,TRUE
2021,PEMBINA,AAC WHEATLAND <SECAN>,5,1203,44.8,TRUE
2021,PEMBINA,SY TORACH <SYNGENTA>,5,1007,55.8,TRUE
2021,PINEY,AAC BRANDON (BW 932),4,1326,58.1,TRUE
2021,PIPESTONE,AAC BRANDON (BW 932),59,32551,41.8,TRUE
2021,PIPESTONE,AAC ELIE(BW931),4,3587,41.7,TRUE
2021,PIPESTONE,AAC REDBERRY,6,1031,37.2,TRUE
2021,PIPESTONE,AAC STARBUCK <SECAN>,8,1976,38.1,TRUE
2021,PIPESTONE,AAC TISDALE (PT250),3,999,38.5,TRUE
2021,PIPESTONE,AAC VIEWFIELD <FP GENETICS>|BW965| EXP,7,2119,36.6,TRUE
2021,PIPESTONE,AAC WHEATLAND <SECAN>,8,4606,45,TRUE
2021,PORTAGE LA PRAIRIE,AAC BRANDON (BW 932),106,52284,55.5,TRUE
2021,PORTAGE LA PRAIRIE,AAC STARBUCK <SECAN>,35,13351,59.2,TRUE
2021,PORTAGE LA PRAIRIE,BOLLES <SEED DEPOT>,8,2256,42.8,TRUE
2021,PRAIRIE LAKES,AAC BRANDON (BW 932),67,30677,55.8,TRUE
2021,PRAIRIE LAKES,AAC CAMERON VB <CANTERRA>,4,635,50,TRUE
2021,PRAIRIE LAKES,AAC STARBUCK <SECAN>,10,2028,54.7,TRUE
2021,PRAIRIE LAKES,AAC WHEATLAND <SECAN>,18,4254,56.1,TRUE
2021,PRAIRIE LAKES,BOLLES <SEED DEPOT>,4,1100,41.3,TRUE
2021,PRAIRIE VIEW,AAC BRANDON (BW 932),41,12184,46,TRUE
2021,PRAIRIE VIEW,AAC CAMERON VB <CANTERRA>,3,1118,70.3,TRUE
2021,PRAIRIE VIEW,AAC LEROY VB <ALLIANCE>,3,560,55.3,TRUE
2021,PRAIRIE VIEW,AAC REDBERRY,29,13210,52.6,TRUE
2021,PRAIRIE VIEW,AAC STARBUCK <SECAN>,26,12525,58.8,TRUE
2021,PRAIRIE VIEW,AAC WHEATLAND <SECAN>,40,16251,58.1,TRUE
2021,PRAIRIE VIEW,BOLLES <SEED DEPOT>,28,13441,53.4,TRUE
2021,PRAIRIE VIEW,CDC LANDMARK,6,2284,57.9,TRUE
2021,RHINELAND,AAC BRANDON (BW 932),77,11634,57,TRUE
2021,RHINELAND,AAC STARBUCK <SECAN>,38,7832,63.2,TRUE
2021,RHINELAND,AAC WHEATLAND <SECAN>,10,1758,71.5,TRUE
2021,RIDING MOUNTAIN WEST,AAC BRANDON (BW 932),26,11964,61,TRUE
2021,RIDING MOUNTAIN WEST,AAC ELIE(BW931),5,1765,46.6,TRUE
2021,RIDING MOUNTAIN WEST,AAC LEROY VB <ALLIANCE>,4,1030,63.8,TRUE
2021,RIDING MOUNTAIN WEST,AAC REDBERRY,17,3690,57.6,TRUE
2021,RIDING MOUNTAIN WEST,AAC STARBUCK <SECAN>,15,5795,62.2,TRUE
2021,RIDING MOUNTAIN WEST,AAC VIEWFIELD <FP GENETICS>|BW965| EXP,16,6526,67.3,TRUE
2021,RIDING MOUNTAIN WEST,AAC WHEATLAND <SECAN>,13,5522,59.6,TRUE
2021,RIDING MOUNTAIN WEST,BOLLES <SEED DEPOT>,29,12586,57.6,TRUE
2021,RIDING MOUNTAIN WEST,CDC LANDMARK,19,10037,58.1,TRUE
2021,RITCHOT,AAC BRANDON (BW 932),26,7564.1,51.4,TRUE
2021,RITCHOT,AAC STARBUCK <SECAN>,10,2239,51.7,TRUE
2021,RIVERDALE,AAC BRANDON (BW 932),40,15023,51.6,TRUE
2021,RIVERDALE,AAC STARBUCK <SECAN>,12,3139,58.6,TRUE
2021,ROCKWOOD,AAC BRANDON (BW 932),54,17685.1,33.3,TRUE
2021,ROCKWOOD,AAC ELIE(BW931),3,926,41,TRUE
2021,ROCKWOOD,AAC LEROY VB <ALLIANCE>,3,810,29.8,TRUE
2021,ROCKWOOD,AAC STARBUCK <SECAN>,30,7950,33.2,TRUE
2021,ROCKWOOD,BOLLES <SEED DEPOT>,7,2880,31,TRUE
2021,ROLAND,AAC BRANDON (BW 932),41,11169,38.7,TRUE
2021,ROLAND,AAC STARBUCK <SECAN>,24,4404,38.6,TRUE
2021,ROLAND,CARDALE (BW429),7,1681,33.9,TRUE
2021,ROSEDALE,AAC BRANDON (BW 932),25,9404,44.2,TRUE
2021,ROSEDALE,AAC ELIE(BW931),3,1485,41.8,TRUE
2021,ROSEDALE,AAC REDBERRY,5,2485.1,42.6,TRUE
2021,ROSEDALE,AAC VIEWFIELD <FP GENETICS>|BW965| EXP,4,699,60,TRUE
2021,ROSEDALE,BOLLES <SEED DEPOT>,7,3083,38.7,TRUE
2021,ROSSBURN,AAC BRANDON (BW 932),20,8742,60.1,TRUE
2021,ROSSBURN,AAC LEROY VB <ALLIANCE>,3,563,52.2,TRUE
2021,ROSSBURN,AAC REDBERRY,12,2392,62.3,TRUE
2021,ROSSBURN,AAC STARBUCK <SECAN>,8,1838,52.9,TRUE
2021,ROSSBURN,AAC WHEATLAND <SECAN>,8,2287,62.4,TRUE
2021,ROSSBURN,BOLLES <SEED DEPOT>,16,3453,54.7,TRUE
2021,ROSSBURN,SY GABBRO <SYNGENTA>,3,1277,49.2,TRUE
2021,ROSSER,AAC BRANDON (BW 932),22,6615,39.8,TRUE
2021,ROSSER,AAC ELIE(BW931),4,712,38.8,TRUE
2021,ROSSER,AAC STARBUCK <SECAN>,19,6540,43,TRUE
2021,ROSSER,AAC VIEWFIELD <FP GENETICS>|BW965| EXP,4,2824,42,TRUE
2021,RUSSELL-BINSCARTH,AAC BRANDON (BW 932),5,3562,61,TRUE
2021,RUSSELL-BINSCARTH,AAC REDBERRY,6,2067,58.6,TRUE
2021,RUSSELL-BINSCARTH,AAC STARBUCK <SECAN>,9,4435,59,TRUE
2021,RUSSELL-BINSCARTH,AAC WHEATLAND <SECAN>,8,2335,66.2,TRUE
2021,RUSSELL-BINSCARTH,CDC LANDMARK,5,1561,61.6,TRUE
2021,SIFTON,AAC BRANDON (BW 932),12,3423,40.9,TRUE
2021,SIFTON,AAC WHEATLAND <SECAN>,3,608,44.7,TRUE
2021,SOURIS-GLENWOOD,AAC BRANDON (BW 932),26,12408,57.6,TRUE
2021,SOURIS-GLENWOOD,AAC STARBUCK <SECAN>,5,680,62.8,TRUE
2021,SOURIS-GLENWOOD,AAC TISDALE (PT250),3,950,56.4,TRUE
2021,SOURIS-GLENWOOD,AAC WHEATLAND <SECAN>,5,1020,73.4,TRUE
2021,SPRINGFIELD,AAC BRANDON (BW 932),34,10065,46.5,TRUE
2021,SPRINGFIELD,AAC STARBUCK <SECAN>,7,2977,44.2,TRUE
2021,SPRINGFIELD,AAC VIEWFIELD <FP GENETICS>|BW965| EXP,4,1021,44.8,TRUE
2021,SPRINGFIELD,BOLLES <SEED DEPOT>,8,1499,49.4,TRUE
2021,SPRINGFIELD,CS DAYBREAK <CANTERRA>,8,1089,47.2,TRUE
2021,ST. ANDREWS,AAC BRANDON (BW 932),21,9784,46.6,TRUE
2021,ST. ANDREWS,AAC ELIE(BW931),9,2805,45,TRUE
2021,ST. ANDREWS,AAC LEROY VB <ALLIANCE>,3,1223,39.3,TRUE
2021,ST. ANDREWS,AAC REDBERRY,3,714,35.7,TRUE
2021,ST. ANDREWS,AAC STARBUCK <SECAN>,12,4953,51.8,TRUE
2021,ST. ANDREWS,BOLLES <SEED DEPOT>,8,1908,36.7,TRUE
2021,ST. ANDREWS,CARDALE (BW429),3,1355,46.4,TRUE
2021,ST. ANDREWS,SY TORACH <SYNGENTA>,4,1009,15.7,TRUE
2021,ST. CLEMENTS,AAC BRANDON (BW 932),21,6822,54.2,TRUE
2021,ST. CLEMENTS,AAC ELIE(BW931),3,1079,65.9,TRUE
2021,ST. CLEMENTS,AAC VIEWFIELD <FP GENETICS>|BW965| EXP,9,2400,71.2,TRUE
2021,ST. FRANCIS XAVIER,AAC BRANDON (BW 932),10,6152,49.9,TRUE
2021,ST. FRANCIS XAVIER,AAC STARBUCK <SECAN>,9,2986,57.1,TRUE
2021,STANLEY,AAC BRANDON (BW 932),70,13804,38.3,TRUE
2021,STANLEY,AAC ELIE(BW931),6,1590,29.5,TRUE
2021,STANLEY,AAC STARBUCK <SECAN>,24,4050,37.3,TRUE
2021,STANLEY,CARDALE (BW429),4,590,31.8,TRUE
2021,STANLEY,SY CAST,5,520,38.3,TRUE
2021,STE. ANNE,AAC BRANDON (BW 932),19,3468,62.6,TRUE
2021,STE. ROSE,AAC BRANDON (BW 932),13,7656,49.4,TRUE
2021,STE. ROSE,AAC TISDALE (PT250),4,1101,33.6,TRUE
2021,STE. ROSE,AAC VIEWFIELD <FP GENETICS>|BW965| EXP,5,1656,48.4,TRUE
2021,STE. ROSE,BOLLES <SEED DEPOT>,5,1208,45.4,TRUE
2021,SWAN VALLEY WEST,AAC BRANDON (BW 932),10,3638,56.7,TRUE
2021,SWAN VALLEY WEST,AAC REDBERRY,6,1627,34.3,TRUE
2021,SWAN VALLEY WEST,AAC STARBUCK <SECAN>,3,775,57,TRUE
2021,SWAN VALLEY WEST,AAC TISDALE (PT250),10,2453,49,TRUE
2021,SWAN VALLEY WEST,AAC VIEWFIELD <FP GENETICS>|BW965| EXP,64,40212,57.5,TRUE
2021,SWAN VALLEY WEST,AAC WHEATLAND <SECAN>,24,9296,55.5,TRUE
2021,SWAN VALLEY WEST,BOLLES <SEED DEPOT>,7,1798,46.8,TRUE
2021,SWAN VALLEY WEST,CDC LANDMARK,6,856,48.7,TRUE
2021,SWAN VALLEY WEST,CDC PLENTIFUL (PT580),5,926,32.9,TRUE
2021,SWAN VALLEY WEST,SY GABBRO <SYNGENTA>,11,2505,54.7,TRUE
2021,TACHE,AAC BRANDON (BW 932),42,11448,59.1,TRUE
2021,THOMPSON,AAC BRANDON (BW 932),42,12848,40.6,TRUE
2021,THOMPSON,AAC STARBUCK <SECAN>,13,2488,43.4,TRUE
2021,TWO BORDERS,AAC BRANDON (BW 932),54,39733.5,40,TRUE
2021,TWO BORDERS,AAC ELIE(BW931),41,19200,39.5,TRUE
2021,TWO BORDERS,AAC LEROY VB <ALLIANCE>,3,1763,30.9,TRUE
2021,TWO BORDERS,AAC REDBERRY,8,2582,31.6,TRUE
2021,TWO BORDERS,AAC STARBUCK <SECAN>,13,3415,42.8,TRUE
2021,TWO BORDERS,AAC VIEWFIELD <FP GENETICS>|BW965| EXP,3,1156,46.7,TRUE
2021,TWO BORDERS,AAC WHEATLAND <SECAN>,5,970,37.5,TRUE
2021,TWO BORDERS,SY TORACH <SYNGENTA>,6,3397,30.4,TRUE
2021,VICTORIA,AAC BRANDON (BW 932),25,7272,47.1,TRUE
2021,VICTORIA,AAC ELIE(BW931),9,2126,51.2,TRUE
2021,VICTORIA,AAC STARBUCK <SECAN>,11,1810,61.7,TRUE
2021,WALLACE-WOODWORTH,AAC BRANDON (BW 932),96,36886,45,TRUE
2021,WALLACE-WOODWORTH,AAC REDBERRY,16,3354,40.2,TRUE
2021,WALLACE-WOODWORTH,AAC STARBUCK <SECAN>,31,8812,45.2,TRUE
2021,WALLACE-WOODWORTH,AAC TISDALE (PT250),9,2328,34,TRUE
2021,WALLACE-WOODWORTH,AAC VIEWFIELD <FP GENETICS>|BW965| EXP,5,2472,39.1,TRUE
2021,WALLACE-WOODWORTH,AAC WHEATLAND <SECAN>,12,4730,56.1,TRUE
2021,WALLACE-WOODWORTH,BOLLES <SEED DEPOT>,17,3467,37.5,TRUE
2021,WALLACE-WOODWORTH,CDC LANDMARK,3,804,20.8,TRUE
2021,WALLACE-WOODWORTH,SY TORACH <SYNGENTA>,5,1305,35.2,TRUE
2021,WEST INTERLAKE,AAC BRANDON (BW 932),5,668,4.5,TRUE
2021,WEST ST. PAUL,AAC BRANDON (BW 932),4,982,51.4,TRUE
2021,WESTLAKE-GLADSTONE,AAC BRANDON (BW 932),52,34844,29.5,TRUE
2021,WESTLAKE-GLADSTONE,AAC ELIE(BW931),12,5754,30.9,TRUE
2021,WESTLAKE-GLADSTONE,AAC LEROY VB <ALLIANCE>,5,1360,34.6,TRUE
2021,WESTLAKE-GLADSTONE,AAC REDBERRY,5,650,36.4,TRUE
2021,WESTLAKE-GLADSTONE,AAC STARBUCK <SECAN>,27,10135,31.1,TRUE
2021,WESTLAKE-GLADSTONE,BOLLES <SEED DEPOT>,5,1628,21.6,TRUE
2021,WHITEHEAD,AAC BRANDON (BW 932),44,20715,49.4,TRUE
2021,WHITEHEAD,AAC CAMERON VB <CANTERRA>,5,1007,56.3,TRUE
2021,WHITEHEAD,AAC STARBUCK <SECAN>,7,1122,55.2,TRUE
2021,WHITEHEAD,AAC WHEATLAND <SECAN>,7,2526,55.2,TRUE
2021,WHITEMOUTH,AAC BRANDON (BW 932),8,1395,53.8,TRUE
2021,WHITEMOUTH,AAC STARBUCK <SECAN>,3,530,71.4,TRUE
2021,WINNIPEG,AAC BRANDON (BW 932),5,1296,38.5,TRUE
2021,WOODLANDS,AAC BRANDON (BW 932),39,12201,38.4,TRUE
2021,WOODLANDS,AAC STARBUCK <SECAN>,23,8388,34.1,TRUE
2021,YELLOWHEAD,AAC BRANDON (BW 932),21,5825,53.8,TRUE
2021,YELLOWHEAD,AAC ELIE(BW931),3,885,62.6,TRUE
2021,YELLOWHEAD,AAC LEROY VB <ALLIANCE>,6,3184,63.1,TRUE
2021,YELLOWHEAD,AAC REDBERRY,28,9514,50.2,TRUE
2021,YELLOWHEAD,AAC STARBUCK <SECAN>,15,5602,54.2,TRUE
2021,YELLOWHEAD,AAC WHEATLAND <SECAN>,15,8490,60.1,TRUE
2021,YELLOWHEAD,BOLLES <SEED DEPOT>,26,11931,57.1,TRUE
2022,ALEXANDER,AAC BRANDON (BW 932),5,1895,53.4,TRUE
2022,ALEXANDER,AAC ELIE(BW931),3,747,65.9,TRUE
2022,ALEXANDER,AAC STARBUCK <SECAN>,3,640,56.4,TRUE
2022,ALEXANDER,AAC VIEWFIELD <FP GENETICS>|BW965| EXP,4,2261,67.5,TRUE
2022,ALONSA,AAC BRANDON (BW 932),4,1167,49.6,TRUE
2022,ALONSA,AAC STARBUCK <SECAN>,3,1362,54.7,TRUE
2022,ARGYLE,AAC BRANDON (BW 932),59,24191.3,59.3,TRUE
2022,ARGYLE,AAC STARBUCK <SECAN>,20,4409.8,60.6,TRUE
2022,ARGYLE,CARDALE (BW429),3,608,42.9,TRUE
2022,BIFROST-RIVERTON,AAC BRANDON (BW 932),29,7981,40.5,TRUE
2022,BIFROST-RIVERTON,AAC STARBUCK <SECAN>,22,5657,38.4,TRUE
2022,BIFROST-RIVERTON,AAC VIEWFIELD <FP GENETICS>|BW965| EXP,16,6595,37.3,TRUE
2022,BIFROST-RIVERTON,CARBERRY (BW874),3,520,30.9,TRUE
2022,BIFROST-RIVERTON,CS DAYBREAK <CANTERRA>,10,2899,52.7,TRUE
2022,BIFROST-RIVERTON,SY TORACH <SYNGENTA>,7,1344,45.3,TRUE
2022,BOISSEVAIN-MORTON,AAC BRANDON (BW 932),36,19120.5,62.3,TRUE
2022,BOISSEVAIN-MORTON,AAC STARBUCK <SECAN>,17,7379.5,64.3,TRUE
2022,BOISSEVAIN-MORTON,AAC WHEATLAND <SECAN>,19,8197,68.7,TRUE
2022,BRENDA-WASKADA,AAC BRANDON (BW 932),46,35869,59.4,TRUE
2022,BRENDA-WASKADA,AAC ELIE(BW931),13,6230,55.3,TRUE
2022,BRENDA-WASKADA,AAC REDBERRY,4,1507,59.5,TRUE
2022,BRENDA-WASKADA,AAC STARBUCK <SECAN>,4,2352,53.5,TRUE
2022,BROKENHEAD,AAC BRANDON (BW 932),26,6423,62.9,TRUE
2022,BROKENHEAD,AAC ELIE(BW931),4,860,58.7,TRUE
2022,BROKENHEAD,AAC LEROY VB <ALLIANCE>,5,818,58.8,TRUE
2022,BROKENHEAD,AAC STARBUCK <SECAN>,4,1762,65.7,TRUE
2022,BROKENHEAD,AAC VIEWFIELD <FP GENETICS>|BW965| EXP,30,10028,63.6,TRUE
2022,BROKENHEAD,BOLLES <SEED DEPOT>,4,637,51.2,TRUE
2022,CARTIER,AAC BRANDON (BW 932),31,15299,63.2,TRUE
2022,CARTIER,AAC STARBUCK <SECAN>,27,12637,70,TRUE
2022,CARTIER,SY GABBRO <SYNGENTA>,3,1524,76.4,TRUE
2022,CARTWRIGHT-ROBLIN,AAC BRANDON (BW 932),24,10562,56.4,TRUE
2022,CARTWRIGHT-ROBLIN,AAC STARBUCK <SECAN>,15,3893,67.2,TRUE
2022,CARTWRIGHT-ROBLIN,AAC WHEATLAND <SECAN>,8,2901,63,TRUE
2022,CLANWILLIAM-ERICKSON,AAC BRANDON (BW 932),5,1626,56.6,TRUE
2022,CLANWILLIAM-ERICKSON,AAC VIEWFIELD <FP GENETICS>|BW965| EXP,3,1093,51.7,TRUE
2022,CORNWALLIS,AAC BRANDON (BW 932),25,9369,54.2,TRUE
2022,CORNWALLIS,AAC STARBUCK <SECAN>,8,1719,53.8,TRUE
2022,CORNWALLIS,AAC WHEATLAND <SECAN>,5,2187,64.7,TRUE
2022,DAUPHIN,AAC BRANDON (BW 932),57,22122,51.5,TRUE
2022,DAUPHIN,AAC REDBERRY,4,2405,55.1,TRUE
2022,DAUPHIN,AAC STARBUCK <SECAN>,14,4843,61.3,TRUE
2022,DAUPHIN,AAC TISDALE (PT250),3,825,50.7,TRUE
2022,DAUPHIN,AAC VIEWFIELD <FP GENETICS>|BW965| EXP,10,4008,67,TRUE
2022,DAUPHIN,AAC WHEATLAND <SECAN>,12,3270,59.6,TRUE
2022,DAUPHIN,CARDALE (BW429),4,2031,62,TRUE
2022,DELORAINE-WINCHESTER,AAC BRANDON (BW 932),39,22235,50.4,TRUE
2022,DELORAINE-WINCHESTER,AAC ELIE(BW931),5,3148,62.9,TRUE
2022,DELORAINE-WINCHESTER,AAC STARBUCK <SECAN>,5,1697,49,TRUE
2022,DESALABERRY,AAC BRANDON (BW 932),34,14096,66,TRUE
2022,DESALABERRY,AAC STARBUCK <SECAN>,20,7335,68.9,TRUE
2022,DESALABERRY,AAC TISDALE (PT250),5,659,70.5,TRUE
2022,DUFFERIN,AAC BRANDON (BW 932),41,9932,66.6,TRUE
2022,DUFFERIN,AAC STARBUCK <SECAN>,26,5613,68.5,TRUE
2022,DUFFERIN,BOLLES <SEED DEPOT>,4,510,63.8,TRUE
2022,DUFFERIN,SY GABBRO <SYNGENTA>,5,1093,71.1,TRUE
2022,ELLICE-ARCHIE,AAC BRANDON (BW 932),10,3196,50.4,TRUE
2022,ELLICE-ARCHIE,AAC LEROY VB <ALLIANCE>,8,1846,66.4,TRUE
2022,ELLICE-ARCHIE,AAC REDBERRY,6,1382,55.4,TRUE
2022,ELLICE-ARCHIE,AAC STARBUCK <SECAN>,18,10036,56.1,TRUE
2022,ELLICE-ARCHIE,AAC WHEATLAND <SECAN>,14,6865,47.7,TRUE
2022,ELTON,AAC BRANDON (BW 932),54,27379,60,TRUE
2022,ELTON,AAC STARBUCK <SECAN>,17,6471,63,TRUE
2022,ELTON,AAC WHEATLAND <SECAN>,8,3329.5,69.3,TRUE
2022,EMERSON-FRANKLIN,AAC BRANDON (BW 932),35,18489,56.7,TRUE
2022,EMERSON-FRANKLIN,AAC STARBUCK <SECAN>,16,5783,58.9,TRUE
2022,ETHELBERT,AAC BRANDON (BW 932),9,4688,52.6,TRUE
2022,FISHER,AAC BRANDON (BW 932),17,4212,23.4,TRUE
2022,FISHER,AAC STARBUCK <SECAN>,3,1016,40,TRUE
2022,FISHER,AAC VIEWFIELD <FP GENETICS>|BW965| EXP,4,878,33.3,TRUE
2022,FISHER,SY TORACH <SYNGENTA>,4,855,37,TRUE
2022,GILBERT PLAINS,AAC BRANDON (BW 932),19,7745,55.3,TRUE
2022,GILBERT PLAINS,AAC LEROY VB <ALLIANCE>,3,999,56.2,TRUE
2022,GILBERT PLAINS,AAC REDBERRY,27,17385,54.2,TRUE
2022,GILBERT PLAINS,AAC STARBUCK <SECAN>,6,1256,55.5,TRUE
2022,GILBERT PLAINS,AAC VIEWFIELD <FP GENETICS>|BW965| EXP,14,7415,59.7,TRUE
2022,GILBERT PLAINS,AAC WHEATLAND <SECAN>,12,3769,51.5,TRUE
2022,GILBERT PLAINS,AC DOMAIN (BW 148),3,1321,33.8,TRUE
2022,GILBERT PLAINS,CDC STANLEY (BW880),3,2262,50.8,TRUE
2022,GIMLI,AAC BRANDON (BW 932),4,1718,51.1,TRUE
2022,GIMLI,AAC STARBUCK <SECAN>,4,584,34,TRUE
2022,GIMLI,CARDALE (BW429),3,628,35.4,TRUE
2022,GLENBORO-SOUTH CYPRESS,AAC BRANDON (BW 932),18,4706,61.6,TRUE
2022,GLENBORO-SOUTH CYPRESS,AAC STARBUCK <SECAN>,9,2397,54.5,TRUE
2022,GLENBORO-SOUTH CYPRESS,AAC WHEATLAND <SECAN>,3,575,67,TRUE
2022,GLENELLA-LANSDOWNE,AAC BRANDON (BW 932),24,13004,49.1,TRUE
2022,GLENELLA-LANSDOWNE,AAC REDBERRY,4,1143,40,TRUE
2022,GLENELLA-LANSDOWNE,AAC STARBUCK <SECAN>,11,5440,48.2,TRUE
2022,GRANDVIEW,AAC BRANDON (BW 932),35,12788,60.4,TRUE
2022,GRANDVIEW,AAC CAMERON VB <CANTERRA>,3,1039,61.9,TRUE
2022,GRANDVIEW,AAC REDBERRY,15,5431,54.3,TRUE
2022,GRANDVIEW,AAC STARBUCK <SECAN>,10,2610,75.6,TRUE
2022,GRANDVIEW,AAC VIEWFIELD <FP GENETICS>|BW965| EXP,18,7529,51.6,TRUE
2022,GRANDVIEW,AAC WHEATLAND <SECAN>,15,5435,63,TRUE
2022,GRANDVIEW,BOLLES <SEED DEPOT>,12,4433,55.5,TRUE
2022,GRANDVIEW,CARDALE (BW429),3,550,62.1,TRUE
2022,GRANDVIEW,CDC PLENTIFUL (PT580),5,1665,58.8,TRUE
2022,GRASSLAND,AAC BRANDON (BW 932),56,22945.5,53.7,TRUE
2022,GRASSLAND,AAC ELIE(BW931),4,652,48,TRUE
2022,GRASSLAND,AAC LEROY VB <ALLIANCE>,3,1019,56.1,TRUE
2022,GRASSLAND,AAC REDBERRY,3,863,41.3,TRUE
2022,GRASSLAND,AAC STARBUCK <SECAN>,14,8742,52.8,TRUE
2022,GRASSLAND,AAC WHEATLAND <SECAN>,22,8533,60.4,TRUE
2022,GREY,AAC BRANDON (BW 932),42,11915,61.7,TRUE
2022,GREY,AAC STARBUCK <SECAN>,22,10978,66.1,TRUE
2022,GREY,CARDALE (BW429),4,1446,60.6,TRUE
2022,HAMIOTA,AAC BRANDON (BW 932),23,9674,73,TRUE
2022,HAMIOTA,AAC REDBERRY,9,3539,63.3,TRUE
2022,HAMIOTA,AAC STARBUCK <SECAN>,28,9231,70.5,TRUE
2022,HAMIOTA,AAC WHEATLAND <SECAN>,18,7376,57.4,TRUE
2022,HAMIOTA,CDC LANDMARK,4,728,60.2,TRUE
2022,HANOVER,AAC BRANDON (BW 932),39,10610,62.4,TRUE
2022,HANOVER,AAC STARBUCK <SECAN>,9,1057,56.1,TRUE
2022,HARRISON PARK,AAC BRANDON (BW 932),9,3901,50.3,TRUE
2022,HARRISON PARK,AAC LEROY VB <ALLIANCE>,3,1814,48,TRUE
2022,HARRISON PARK,AAC REDBERRY,27,7722,46.9,TRUE
2022,HARRISON PARK,AAC STARBUCK <SECAN>,13,3796,50.8,TRUE
2022,HARRISON PARK,AAC WHEATLAND <SECAN>,8,2351,53,TRUE
2022,HARRISON PARK,BOLLES <SEED DEPOT>,3,802,47.6,TRUE
2022,HEADINGLEY,AAC BRANDON (BW 932),7,4213,64.5,TRUE
2022,HILLSBURG-ROBLIN-SHELL RIVER,AAC BRANDON (BW 932),16,9674,58.4,TRUE
2022,HILLSBURG-ROBLIN-SHELL RIVER,AAC VIEWFIELD <FP GENETICS>|BW965| EXP,21,7106,79.8,TRUE
2022,HILLSBURG-ROBLIN-SHELL RIVER,AAC WHEATLAND <SECAN>,16,8037,73.9,TRUE
2022,HILLSBURG-ROBLIN-SHELL RIVER,BOLLES <SEED DEPOT>,5,1962,97.8,TRUE
2022,HILLSBURG-ROBLIN-SHELL RIVER,CDC LANDMARK,5,879,66.3,TRUE
2022,KELSEY,AAC REDBERRY,10,6807,69.1,TRUE
2022,KELSEY,AAC VIEWFIELD <FP GENETICS>|BW965| EXP,4,2322,70.3,TRUE
2022,KELSEY,CDC LANDMARK,4,1857,71,TRUE
2022,KILLARNEY-TURTLE MTN,AAC BRANDON (BW 932),40,22416,62.2,TRUE
2022,KILLARNEY-TURTLE MTN,AAC LEROY VB <ALLIANCE>,4,959,70,TRUE
2022,KILLARNEY-TURTLE MTN,AAC STARBUCK <SECAN>,14,9064,73.2,TRUE
2022,KILLARNEY-TURTLE MTN,AAC WHEATLAND <SECAN>,7,2049,74.8,TRUE
2022,LAC DU BONNET,AAC BRANDON (BW 932),4,1471,69.2,TRUE
2022,LAC DU BONNET,AAC ELIE(BW931),4,1944,79.5,TRUE
2022,LAC DU BONNET,AAC STARBUCK <SECAN>,4,1124,70.4,TRUE
2022,LAC DU BONNET,AAC VIEWFIELD <FP GENETICS>|BW965| EXP,11,3001.5,75.9,TRUE
2022,LAKESHORE,AAC BRANDON (BW 932),24,7260.1,57.1,TRUE
2022,LAKESHORE,AAC STARBUCK <SECAN>,5,2434,54.2,TRUE
2022,LAKESHORE,AAC WHEATLAND <SECAN>,4,619,61.7,TRUE
2022,LORNE,AAC BRANDON (BW 932),96,32254.2,70.3,TRUE
2022,LORNE,AAC LEROY VB <ALLIANCE>,4,996,66.5,TRUE
2022,LORNE,AAC STARBUCK <SECAN>,33,8554,72.3,TRUE
2022,LORNE,AAC WHEATLAND <SECAN>,7,1986,61.5,TRUE
2022,LORNE,CARDALE (BW429),3,638,62,TRUE
2022,LOUISE,AAC BRANDON (BW 932),76,29305,71.4,TRUE
2022,LOUISE,AAC STARBUCK <SECAN>,53,21295.7,73.1,TRUE
2022,LOUISE,AAC WHEATLAND <SECAN>,5,1702,67.4,TRUE
2022,MACDONALD,AAC BRANDON (BW 932),89,40395,62.8,TRUE
2022,MACDONALD,AAC STARBUCK <SECAN>,46,21130,66.1,TRUE
2022,MACDONALD,AAC TISDALE (PT250),3,885,58.1,TRUE
2022,MACDONALD,AAC VIEWFIELD <FP GENETICS>|BW965| EXP,12,2961,78.3,TRUE
2022,MACDONALD,SY GABBRO <SYNGENTA>,5,1131,70.1,TRUE
2022,MCCREARY,AAC BRANDON (BW 932),8,1752,41.1,TRUE
2022,MINITONAS-BOWSMAN,AAC BRANDON (BW 932),6,5587,78.1,TRUE
2022,MINITONAS-BOWSMAN,AAC VIEWFIELD <FP GENETICS>|BW965| EXP,74,42055,82.4,TRUE
2022,MINITONAS-BOWSMAN,AAC WHEATLAND <SECAN>,9,2814,83.4,TRUE
2022,MINITONAS-BOWSMAN,CARDALE (BW429),3,1668,74.4,TRUE
2022,MINITONAS-BOWSMAN,SY GABBRO <SYNGENTA>,3,623,65.9,TRUE
2022,MINTO-ODANAH,AAC BRANDON (BW 932),35,11745,56.7,TRUE
2022,MINTO-ODANAH,AAC STARBUCK <SECAN>,20,7375,62.6,TRUE
2022,MINTO-ODANAH,AAC WHEATLAND <SECAN>,6,2513,67.5,TRUE
2022,MINTO-ODANAH,BOLLES <SEED DEPOT>,7,2503,54,TRUE
2022,MONTCALM,AAC BRANDON (BW 932),32,10317,61.6,TRUE
2022,MONTCALM,AAC STARBUCK <SECAN>,16,2914,62.5,TRUE
2022,MONTCALM,SHELLY,3,657,62.6,TRUE
2022,MORRIS,AAC BRANDON (BW 932),65,22191,61.6,TRUE
2022,MORRIS,AAC STARBUCK <SECAN>,37,11708,66.9,TRUE
2022,MORRIS,AAC VIEWFIELD <FP GENETICS>|BW965| EXP,21,9195,64.2,TRUE
2022,MORRIS,CARDALE (BW429),6,1084.1,65.1,TRUE
2022,MORRIS,SY GABBRO <SYNGENTA>,4,1952,72.9,TRUE
2022,MOSSEY RIVER,AAC BRANDON (BW 932),8,2067,51.4,TRUE
2022,MOSSEY RIVER,AAC VIEWFIELD <FP GENETICS>|BW965| EXP,3,862,52.2,TRUE
2022,MOSSEY RIVER,CARDALE (BW429),4,1170,63,TRUE
2022,MOUNTAIN,AAC BRANDON (BW 932),4,2343,48.8,TRUE
2022,MOUNTAIN,AAC REDBERRY,4,1072,36.9,TRUE
2022,MOUNTAIN,AAC VIEWFIELD <FP GENETICS>|BW965| EXP,27,14496,72.5,TRUE
2022,MOUNTAIN,AAC WHEATLAND <SECAN>,7,2119,65.8,TRUE
2022,MOUNTAIN,CARDALE (BW429),3,1432,63.6,TRUE
2022,NORFOLK-TREHERNE,AAC BRANDON (BW 932),33,14477,66.6,TRUE
2022,NORFOLK-TREHERNE,AAC LEROY VB <ALLIANCE>,4,696,67.4,TRUE
2022,NORFOLK-TREHERNE,AAC STARBUCK <SECAN>,11,2757,68,TRUE
2022,NORFOLK-TREHERNE,AAC WHEATLAND <SECAN>,8,3151,74,TRUE
2022,NORTH CYPRESS-LANGFORD,AAC BRANDON (BW 932),69,41662,58,TRUE
2022,NORTH CYPRESS-LANGFORD,AAC ELIE(BW931),3,1724,68.8,TRUE
2022,NORTH CYPRESS-LANGFORD,AAC REDBERRY,3,814,64.9,TRUE
2022,NORTH CYPRESS-LANGFORD,AAC STARBUCK <SECAN>,22,9753,62.3,TRUE
2022,NORTH NORFOLK,AAC BRANDON (BW 932),38,10122,42.5,TRUE
2022,NORTH NORFOLK,AAC ELIE(BW931),3,580,39.3,TRUE
2022,NORTH NORFOLK,AAC STARBUCK <SECAN>,13,4743,52.9,TRUE
2022,NORTH NORFOLK,BOLLES <SEED DEPOT>,8,4985,61,TRUE
2022,NORTH NORFOLK,CARDALE (BW429),7,1572,55.2,TRUE
2022,OAKLAND-WAWANESA,AAC BRANDON (BW 932),26,11815,59.5,TRUE
2022,OAKLAND-WAWANESA,AAC STARBUCK <SECAN>,14,4044,53.1,TRUE
2022,OAKLAND-WAWANESA,AAC WHEATLAND <SECAN>,12,3277,60.7,TRUE
2022,OAKVIEW,AAC BRANDON (BW 932),31,10491.8,54.4,TRUE
2022,OAKVIEW,AAC REDBERRY,13,4885,53.8,TRUE
2022,OAKVIEW,AAC STARBUCK <SECAN>,50,17417.3,62.9,TRUE
2022,OAKVIEW,AAC WHEATLAND <SECAN>,28,9323,57.9,TRUE
2022,OAKVIEW,BOLLES <SEED DEPOT>,9,2305,59.9,TRUE
2022,PEMBINA,AAC BRANDON (BW 932),82,30426,69,TRUE
2022,PEMBINA,AAC STARBUCK <SECAN>,40,10677,68.9,TRUE
2022,PEMBINA,AAC WHEATLAND <SECAN>,5,1180,51.4,TRUE
2022,PEMBINA,SY CAST,6,1037,66.6,TRUE
2022,PEMBINA,SY TORACH <SYNGENTA>,4,960,68.2,TRUE
2022,PINEY,AAC BRANDON (BW 932),8,1991,50.1,TRUE
2022,PIPESTONE,AAC BRANDON (BW 932),48,22129,49.4,TRUE
2022,PIPESTONE,AAC ELIE(BW931),5,4325,54.2,TRUE
2022,PIPESTONE,AAC REDBERRY,5,1936,42.6,TRUE
2022,PIPESTONE,AAC STARBUCK <SECAN>,19,9440,52.8,TRUE
2022,PIPESTONE,AAC VIEWFIELD <FP GENETICS>|BW965| EXP,7,1374,42.4,TRUE
2022,PIPESTONE,AAC WHEATLAND <SECAN>,10,5764,56.5,TRUE
2022,PIPESTONE,CDC HUGHES <CPSC> |PT588|,3,698,52.2,TRUE
2022,PORTAGE LA PRAIRIE,AAC BRANDON (BW 932),86,51489,63.1,TRUE
2022,PORTAGE LA PRAIRIE,AAC STARBUCK <SECAN>,48,21024,66.5,TRUE
2022,PORTAGE LA PRAIRIE,AAC VIEWFIELD <FP GENETICS>|BW965| EXP,3,640,51.7,TRUE
2022,PORTAGE LA PRAIRIE,BOLLES <SEED DEPOT>,4,2481,50.5,TRUE
2022,PORTAGE LA PRAIRIE,CARDALE (BW429),6,1187,36,TRUE
2022,PRAIRIE LAKES,AAC BRANDON (BW 932),63,28424.5,55.9,TRUE
2022,PRAIRIE LAKES,AAC STARBUCK <SECAN>,22,9805.5,59.1,TRUE
2022,PRAIRIE LAKES,AAC WHEATLAND <SECAN>,15,2726,61.9,TRUE
2022,PRAIRIE VIEW,AAC BRANDON (BW 932),24,7718,49.6,TRUE
2022,PRAIRIE VIEW,AAC LEROY VB <ALLIANCE>,6,1663,66.3,TRUE
2022,PRAIRIE VIEW,AAC REDBERRY,19,7228,52.1,TRUE
2022,PRAIRIE VIEW,AAC STARBUCK <SECAN>,44,18232,63.8,TRUE
2022,PRAIRIE VIEW,AAC WHEATLAND <SECAN>,60,28859,64.6,TRUE
2022,PRAIRIE VIEW,BOLLES <SEED DEPOT>,7,4103,58,TRUE
2022,PRAIRIE VIEW,CDC LANDMARK,4,1317,74.9,TRUE
2022,RHINELAND,AAC BRANDON (BW 932),68,17392,63.3,TRUE
2022,RHINELAND,AAC STARBUCK <SECAN>,60,10926,65.4,TRUE
2022,RHINELAND,AAC WHEATLAND <SECAN>,10,2463,65.4,TRUE
2022,RHINELAND,SY CAST,4,523,56.4,TRUE
2022,RIDING MOUNTAIN WEST,AAC BRANDON (BW 932),23,7141.5,61.9,TRUE
2022,RIDING MOUNTAIN WEST,AAC HOCKLEY |BW5044|,3,1551,78,TRUE
2022,RIDING MOUNTAIN WEST,AAC LEROY VB <ALLIANCE>,6,1751,60.1,TRUE
2022,RIDING MOUNTAIN WEST,AAC REDBERRY,18,5332.2,53.4,TRUE
2022,RIDING MOUNTAIN WEST,AAC STARBUCK <SECAN>,29,11628,63.2,TRUE
2022,RIDING MOUNTAIN WEST,AAC VIEWFIELD <FP GENETICS>|BW965| EXP,12,5191,66.7,TRUE
2022,RIDING MOUNTAIN WEST,AAC WHEATLAND <SECAN>,35,14554,67.8,TRUE
2022,RIDING MOUNTAIN WEST,BOLLES <SEED DEPOT>,12,6333,60.4,TRUE
2022,RIDING MOUNTAIN WEST,CDC LANDMARK,14,7231,69.5,TRUE
2022,RITCHOT,AAC BRANDON (BW 932),27,8697,55.5,TRUE
2022,RITCHOT,AAC STARBUCK <SECAN>,14,4706.2,62.5,TRUE
2022,RITCHOT,CS DAYBREAK <CANTERRA>,4,1509,71.1,TRUE
2022,RIVERDALE,AAC BRANDON (BW 932),24,10500,58.1,TRUE
2022,RIVERDALE,AAC STARBUCK <SECAN>,20,5966,60.9,TRUE
2022,RIVERDALE,AAC WHEATLAND <SECAN>,3,1034,59.9,TRUE
2022,ROCKWOOD,AAC BRANDON (BW 932),40,12915,56,TRUE
2022,ROCKWOOD,AAC ELIE(BW931),3,948,67.9,TRUE
2022,ROCKWOOD,AAC LEROY VB <ALLIANCE>,8,2252,65.2,TRUE
2022,ROCKWOOD,AAC STARBUCK <SECAN>,27,14307,64,TRUE
2022,ROCKWOOD,AAC VIEWFIELD <FP GENETICS>|BW965| EXP,4,501,57.4,TRUE
2022,ROCKWOOD,BOLLES <SEED DEPOT>,3,1345,58.3,TRUE
2022,ROLAND,AAC BRANDON (BW 932),39,11035,71.8,TRUE
2022,ROLAND,AAC STARBUCK <SECAN>,35,9259,60.3,TRUE
2022,ROSEDALE,AAC BRANDON (BW 932),25,10998,59.3,TRUE
2022,ROSEDALE,AAC REDBERRY,5,2569,70.6,TRUE
2022,ROSEDALE,AAC STARBUCK <SECAN>,12,2570,51.8,TRUE
2022,ROSEDALE,AAC WHEATLAND <SECAN>,3,879,61.3,TRUE
2022,ROSSBURN,AAC BRANDON (BW 932),16,5287,60.3,TRUE
2022,ROSSBURN,AAC REDBERRY,11,2518,57,TRUE
2022,ROSSBURN,AAC STARBUCK <SECAN>,20,7301.5,61.2,TRUE
2022,ROSSBURN,AAC WHEATLAND <SECAN>,13,4367,63,TRUE
2022,ROSSBURN,SY GABBRO <SYNGENTA>,3,1023,51.4,TRUE
2022,ROSSER,AAC BRANDON (BW 932),17,7337,64.5,TRUE
2022,ROSSER,AAC LEROY VB <ALLIANCE>,4,964,64.5,TRUE
2022,ROSSER,AAC STARBUCK <SECAN>,25,11542,72.3,TRUE
2022,ROSSER,AAC VIEWFIELD <FP GENETICS>|BW965| EXP,3,981,64.8,TRUE
2022,RUSSELL-BINSCARTH,AAC BRANDON (BW 932),8,1661,54.8,TRUE
2022,RUSSELL-BINSCARTH,AAC LEROY VB <ALLIANCE>,3,759,70.6,TRUE
2022,RUSSELL-BINSCARTH,AAC REDBERRY,4,1693,61.2,TRUE
2022,RUSSELL-BINSCARTH,AAC STARBUCK <SECAN>,10,4743,62.4,TRUE
2022,RUSSELL-BINSCARTH,AAC WHEATLAND <SECAN>,17,7186,65.9,TRUE
2022,RUSSELL-BINSCARTH,CDC LANDMARK,3,1819,68.9,TRUE
2022,SIFTON,AAC BRANDON (BW 932),9,2709,41.7,TRUE
2022,SIFTON,AAC WHEATLAND <SECAN>,5,2305,52.6,TRUE
2022,SOURIS-GLENWOOD,AAC BRANDON (BW 932),28,15854,53.4,TRUE
2022,SOURIS-GLENWOOD,AAC WHEATLAND <SECAN>,5,1490,56.3,TRUE
2022,SPRINGFIELD,AAC BRANDON (BW 932),33,11896,57.7,TRUE
2022,SPRINGFIELD,AAC LEROY VB <ALLIANCE>,6,1051,62.4,TRUE
2022,SPRINGFIELD,AAC STARBUCK <SECAN>,11,4115,64.1,TRUE
2022,SPRINGFIELD,BOLLES <SEED DEPOT>,3,1342,44.7,TRUE
2022,SPRINGFIELD,CS DAYBREAK <CANTERRA>,11,3646,66.8,TRUE
2022,ST. ANDREWS,AAC BRANDON (BW 932),15,6034,61.6,TRUE
2022,ST. ANDREWS,AAC ELIE(BW931),6,2352,55.6,TRUE
2022,ST. ANDREWS,AAC LEROY VB <ALLIANCE>,7,1695,63.4,TRUE
2022,ST. ANDREWS,AAC STARBUCK <SECAN>,12,9393,73.8,TRUE
2022,ST. ANDREWS,BOLLES <SEED DEPOT>,5,2084,47.7,TRUE
2022,ST. CLEMENTS,AAC BRANDON (BW 932),19,8181,61,TRUE
2022,ST. CLEMENTS,AAC ELIE(BW931),3,1141,58.8,TRUE
2022,ST. CLEMENTS,AAC VIEWFIELD <FP GENETICS>|BW965| EXP,9,3209.5,72.1,TRUE
2022,ST. FRANCIS XAVIER,AAC BRANDON (BW 932),5,2432,67.5,TRUE
2022,ST. FRANCIS XAVIER,AAC STARBUCK <SECAN>,13,5940,66.3,TRUE
2022,STANLEY,AAC BRANDON (BW 932),60,13332,64.4,TRUE
2022,STANLEY,AAC STARBUCK <SECAN>,38,6071,65.3,TRUE
2022,STANLEY,SY CAST,7,1207,60.7,TRUE
2022,STE. ANNE,AAC BRANDON (BW 932),23,4711,64.4,TRUE
2022,STE. ROSE,AAC BRANDON (BW 932),12,4662,44.9,TRUE
2022,STE. ROSE,AAC STARBUCK <SECAN>,4,1127,59,TRUE
2022,STE. ROSE,AAC VIEWFIELD <FP GENETICS>|BW965| EXP,3,785,65.7,TRUE
2022,STE. ROSE,BOLLES <SEED DEPOT>,3,1267,60.3,TRUE
2022,SWAN VALLEY WEST,AAC BRANDON (BW 932),9,3835,66.5,TRUE
2022,SWAN VALLEY WEST,AAC HOCKLEY |BW5044|,3,1026,69.6,TRUE
2022,SWAN VALLEY WEST,AAC REDBERRY,6,2121,53.5,TRUE
2022,SWAN VALLEY WEST,AAC STARBUCK <SECAN>,5,2234,93.5,TRUE
2022,SWAN VALLEY WEST,AAC TISDALE (PT250),11,3572,68.2,TRUE
2022,SWAN VALLEY WEST,AAC VIEWFIELD <FP GENETICS>|BW965| EXP,71,42788,74.6,TRUE
2022,SWAN VALLEY WEST,AAC WHEATLAND <SECAN>,34,18418,75.8,TRUE
2022,SWAN VALLEY WEST,CDC LANDMARK,4,1038,81,TRUE
2022,SWAN VALLEY WEST,CDC PLENTIFUL (PT580),4,922,48.8,TRUE
2022,SWAN VALLEY WEST,SY GABBRO <SYNGENTA>,6,1146,68.9,TRUE
2022,TACHE,AAC BRANDON (BW 932),47,12481,64.5,TRUE
2022,TACHE,AAC STARBUCK <SECAN>,4,1194,75.9,TRUE
2022,THOMPSON,AAC BRANDON (BW 932),30,9454,66.4,TRUE
2022,THOMPSON,AAC STARBUCK <SECAN>,22,6180,65.7,TRUE
2022,TWO BORDERS,AAC BRANDON (BW 932),62,36731.7,52.2,TRUE
2022,TWO BORDERS,AAC ELIE(BW931),35,17238.5,50.2,TRUE
2022,TWO BORDERS,AAC LEROY VB <ALLIANCE>,8,5691,55.9,TRUE
2022,TWO BORDERS,AAC REDBERRY,4,1495,41.4,TRUE
2022,TWO BORDERS,AAC STARBUCK <SECAN>,21,6372,49.1,TRUE
2022,TWO BORDERS,AAC VIEWFIELD <FP GENETICS>|BW965| EXP,4,1864,39,TRUE
2022,TWO BORDERS,AAC WHEATLAND <SECAN>,7,6592,55.6,TRUE
2022,TWO BORDERS,CARBERRY (BW874),3,910,43.3,TRUE
2022,TWO BORDERS,SY TORACH <SYNGENTA>,3,2092,61,TRUE
2022,VICTORIA,AAC BRANDON (BW 932),17,6042,61.3,TRUE
2022,VICTORIA,AAC ELIE(BW931),10,2012,45.5,TRUE
2022,VICTORIA,AAC LEROY VB <ALLIANCE>,7,1045,54.7,TRUE
2022,VICTORIA,AAC STARBUCK <SECAN>,8,2636,68.3,TRUE
2022,WALLACE-WOODWORTH,AAC BRANDON (BW 932),73,31277,61.9,TRUE
2022,WALLACE-WOODWORTH,"AAC MAGNET |BW 1045, BJ14*A01135|",3,680,50.9,TRUE
2022,WALLACE-WOODWORTH,AAC REDBERRY,8,4120,50,TRUE
2022,WALLACE-WOODWORTH,AAC STARBUCK <SECAN>,40,15684,76.9,TRUE
2022,WALLACE-WOODWORTH,AAC WHEATLAND <SECAN>,32,11089,62.7,TRUE
2022,WALLACE-WOODWORTH,BOLLES <SEED DEPOT>,8,2026,51.4,TRUE
2022,WALLACE-WOODWORTH,SY TORACH <SYNGENTA>,5,1730,65.1,TRUE
2022,WESTLAKE-GLADSTONE,AAC BRANDON (BW 932),48,34074,54.7,TRUE
2022,WESTLAKE-GLADSTONE,AAC ELIE(BW931),3,905,48.1,TRUE
2022,WESTLAKE-GLADSTONE,AAC LEROY VB <ALLIANCE>,6,3478,59,TRUE
2022,WESTLAKE-GLADSTONE,AAC REDBERRY,5,2220,46.4,TRUE
2022,WESTLAKE-GLADSTONE,AAC STARBUCK <SECAN>,23,10504,60.8,TRUE
2022,WESTLAKE-GLADSTONE,BOLLES <SEED DEPOT>,4,1370,56.5,TRUE
2022,WHITEHEAD,AAC BRANDON (BW 932),43,16014,53.5,TRUE
2022,WHITEHEAD,AAC STARBUCK <SECAN>,9,2334,57.9,TRUE
2022,WHITEHEAD,AAC WHEATLAND <SECAN>,7,4644,60.8,TRUE
2022,WHITEMOUTH,AAC BRANDON (BW 932),4,831,43.2,TRUE
2022,WHITEMOUTH,AAC STARBUCK <SECAN>,4,2608,57.6,TRUE
2022,WHITEMOUTH,SY CAST,4,629,48.9,TRUE
2022,WINNIPEG,AAC BRANDON (BW 932),6,1467,63.7,TRUE
2022,WINNIPEG,AAC STARBUCK <SECAN>,6,2149,68.5,TRUE
2022,WOODLANDS,AAC BRANDON (BW 932),32,9569,65.7,TRUE
2022,WOODLANDS,AAC LEROY VB <ALLIANCE>,5,628,62.6,TRUE
2022,WOODLANDS,AAC STARBUCK <SECAN>,29,9903,67.7,TRUE
2022,YELLOWHEAD,AAC BRANDON (BW 932),15,6490.1,51.6,TRUE
2022,YELLOWHEAD,AAC LEROY VB <ALLIANCE>,4,2339,57.8,TRUE
2022,YELLOWHEAD,AAC REDBERRY,21,5059,56.6,TRUE
2022,YELLOWHEAD,AAC STARBUCK <SECAN>,22,9682,61.8,TRUE
2022,YELLOWHEAD,AAC WHEATLAND <SECAN>,25,14236,70.4,TRUE
2022,YELLOWHEAD,BOLLES <SEED DEPOT>,9,6288,65,TRUE
2023,ALEXANDER,AAC VIEWFIELD <FP GENETICS>|BW965| EXP,4,2949,84.2,TRUE
2023,ALONSA,AAC BRANDON (BW 932),12,4572,55.7,TRUE
2023,ARGYLE,AAC BRANDON (BW 932),50,20205.2,57.6,TRUE
2023,ARGYLE,AAC HOCKLEY |BW5044|,3,588,64.6,TRUE
2023,ARGYLE,AAC HODGE |BW1069|,8,1514,67.8,TRUE
2023,ARGYLE,AAC STARBUCK <SECAN>,22,10506,59.3,TRUE
2023,ARMSTRONG,AAC BRANDON (BW 932),8,1136,46.3,TRUE
2023,BIFROST-RIVERTON,AAC BRANDON (BW 932),32,11680,60.3,TRUE
2023,BIFROST-RIVERTON,AAC HOCKLEY |BW5044|,28,8005.3,60.2,TRUE
2023,BIFROST-RIVERTON,AAC STARBUCK <SECAN>,14,6383,58.9,TRUE
2023,BIFROST-RIVERTON,AAC VIEWFIELD <FP GENETICS>|BW965| EXP,15,5118,69.9,TRUE
2023,BIFROST-RIVERTON,CS DAYBREAK <CANTERRA>,15,7374,58.3,TRUE
2023,BIFROST-RIVERTON,SY MANNESS,4,1070,68.8,TRUE
2023,BIFROST-RIVERTON,SY TORACH <SYNGENTA>,5,871,73.9,TRUE
2023,BOISSEVAIN-MORTON,AAC BRANDON (BW 932),32,16341,69.9,TRUE
2023,BOISSEVAIN-MORTON,AAC ELIE(BW931),3,1355,70.8,TRUE
2023,BOISSEVAIN-MORTON,AAC HOCKLEY |BW5044|,18,5407,68.3,TRUE
2023,BOISSEVAIN-MORTON,AAC HODGE |BW1069|,13,3162,71.3,TRUE
2023,BOISSEVAIN-MORTON,AAC LEROY VB <ALLIANCE>,3,619,62.4,TRUE
2023,BOISSEVAIN-MORTON,AAC STARBUCK <SECAN>,11,6235,70.2,TRUE
2023,BOISSEVAIN-MORTON,AAC WHEATLAND <SECAN>,26,14031,70.3,TRUE
2023,BRENDA-WASKADA,AAC BRANDON (BW 932),43,32477,56.7,TRUE
2023,BRENDA-WASKADA,AAC ELIE(BW931),13,5053,44.5,TRUE
2023,BRENDA-WASKADA,AAC HODGE |BW1069|,4,1376,49.6,TRUE
2023,BRENDA-WASKADA,AAC REDBERRY,4,1875,48.7,TRUE
2023,BRENDA-WASKADA,AAC STARBUCK <SECAN>,4,2643,61,TRUE
2023,BRENDA-WASKADA,AAC WHEATLAND <SECAN>,9,4974,57.3,TRUE
2023,BROKENHEAD,AAC BRANDON (BW 932),18,4101,50.5,TRUE
2023,BROKENHEAD,AAC HOCKLEY |BW5044|,5,599,74.4,TRUE
2023,BROKENHEAD,AAC STARBUCK <SECAN>,4,2263,74.7,TRUE
2023,BROKENHEAD,AAC VIEWFIELD <FP GENETICS>|BW965| EXP,27,9412,73.9,TRUE
2023,BROKENHEAD,BOLLES <SEED DEPOT>,4,597,58.5,TRUE
2023,BROKENHEAD,CARBERRY (BW874),3,930,53.5,TRUE
2023,BROKENHEAD,SY CAST,8,844,40.3,TRUE
2023,CARTIER,AAC BRANDON (BW 932),28,14254,68.3,TRUE
2023,CARTIER,AAC HOCKLEY |BW5044|,5,1285,70.9,TRUE
2023,CARTIER,AAC STARBUCK <SECAN>,23,8367,75,TRUE
2023,CARTWRIGHT-ROBLIN,AAC BRANDON (BW 932),26,10441,54.6,TRUE
2023,CARTWRIGHT-ROBLIN,AAC HODGE |BW1069|,3,572,54.5,TRUE
2023,CARTWRIGHT-ROBLIN,AAC REDBERRY,3,727,53.9,TRUE
2023,CARTWRIGHT-ROBLIN,AAC STARBUCK <SECAN>,19,5995,59.5,TRUE
2023,CARTWRIGHT-ROBLIN,AAC WHEATLAND <SECAN>,17,4859,52.5,TRUE
2023,CLANWILLIAM-ERICKSON,AAC BRANDON (BW 932),4,1236,68.5,TRUE
2023,CLANWILLIAM-ERICKSON,AAC HOCKLEY |BW5044|,3,1620,58.7,TRUE
2023,CLANWILLIAM-ERICKSON,AAC REDBERRY,3,685,38.4,TRUE
2023,CLANWILLIAM-ERICKSON,AAC STARBUCK <SECAN>,7,2789,73,TRUE
2023,CORNWALLIS,AAC BRANDON (BW 932),27,7387,57.5,TRUE
2023,CORNWALLIS,AAC STARBUCK <SECAN>,5,1173,48.7,TRUE
2023,CORNWALLIS,AAC WHEATLAND <SECAN>,5,2349,82.8,TRUE
2023,DAUPHIN,AAC BRANDON (BW 932),42,19270,54.6,TRUE
2023,DAUPHIN,AAC REDBERRY,5,2923,58.6,TRUE
2023,DAUPHIN,AAC STARBUCK <SECAN>,22,7882,60.6,TRUE
2023,DAUPHIN,AAC TISDALE (PT250),4,745,53.1,TRUE
2023,DAUPHIN,AAC VIEWFIELD <FP GENETICS>|BW965| EXP,11,5115,60.8,TRUE
2023,DAUPHIN,AAC WHEATLAND <SECAN>,18,7000.5,54.1,TRUE
2023,DAUPHIN,CARDALE (BW429),3,2312,66.1,TRUE
2023,DELORAINE-WINCHESTER,AAC BRANDON (BW 932),32,15475,61.8,TRUE
2023,DELORAINE-WINCHESTER,AAC ELIE(BW931),4,5994,82.2,TRUE
2023,DELORAINE-WINCHESTER,AAC HOCKLEY |BW5044|,4,1318,61.9,TRUE
2023,DELORAINE-WINCHESTER,AAC STARBUCK <SECAN>,5,2053,72.3,TRUE
2023,DELORAINE-WINCHESTER,AAC WHEATLAND <SECAN>,5,949,73.5,TRUE
2023,DESALABERRY,AAC BRANDON (BW 932),29,10848,48.6,TRUE
2023,DESALABERRY,AAC STARBUCK <SECAN>,20,9153,52.6,TRUE
2023,DUFFERIN,AAC BRANDON (BW 932),39,11133,51,TRUE
2023,DUFFERIN,AAC HOCKLEY |BW5044|,18,4886,54.2,TRUE
2023,DUFFERIN,AAC LEROY VB <ALLIANCE>,8,1830,45.2,TRUE
2023,DUFFERIN,AAC STARBUCK <SECAN>,23,5168,53.7,TRUE
2023,ELLICE-ARCHIE,AAC BRANDON (BW 932),7,3726,53.8,TRUE
2023,ELLICE-ARCHIE,AAC HOCKLEY |BW5044|,3,1023,72,TRUE
2023,ELLICE-ARCHIE,AAC LEROY VB <ALLIANCE>,6,1190,48.4,TRUE
2023,ELLICE-ARCHIE,AAC STARBUCK <SECAN>,15,8047,53.9,TRUE
2023,ELLICE-ARCHIE,AAC WHEATLAND <SECAN>,12,8328,57,TRUE
2023,ELTON,AAC BRANDON (BW 932),39,19214,78.6,TRUE
2023,ELTON,AAC HOCKLEY |BW5044|,5,988,76.1,TRUE
2023,ELTON,AAC HODGE |BW1069|,3,773,77.6,TRUE
2023,ELTON,AAC STARBUCK <SECAN>,24,12285,75.9,TRUE
2023,ELTON,AAC WHEATLAND <SECAN>,6,1954,79.2,TRUE
2023,EMERSON-FRANKLIN,AAC BRANDON (BW 932),34,15284,70.2,TRUE
2023,EMERSON-FRANKLIN,AAC STARBUCK <SECAN>,15,5021,69.1,TRUE
2023,EMERSON-FRANKLIN,AAC WHEATLAND <SECAN>,3,1475,80.6,TRUE
2023,ETHELBERT,AAC BRANDON (BW 932),10,4111,52.8,TRUE
2023,ETHELBERT,AAC STARBUCK <SECAN>,6,2466,45.4,TRUE
2023,ETHELBERT,AAC VIEWFIELD <FP GENETICS>|BW965| EXP,5,913,33.1,TRUE
2023,FISHER,AAC BRANDON (BW 932),26,5350,58.9,TRUE
2023,FISHER,AAC HOCKLEY |BW5044|,7,2749,59.1,TRUE
2023,FISHER,AAC STARBUCK <SECAN>,8,2460,76.1,TRUE
2023,FISHER,AAC VIEWFIELD <FP GENETICS>|BW965| EXP,3,1482,77.5,TRUE
2023,FISHER,CS DAYBREAK <CANTERRA>,9,1941,42.9,TRUE
2023,FISHER,SY TORACH <SYNGENTA>,3,815,39.1,TRUE
2023,GILBERT PLAINS,AAC BRANDON (BW 932),22,7501,64.1,TRUE
2023,GILBERT PLAINS,AAC HOCKLEY |BW5044|,6,884,63.1,TRUE
2023,GILBERT PLAINS,AAC REDBERRY,22,14881,66.8,TRUE
2023,GILBERT PLAINS,AAC STARBUCK <SECAN>,13,5009,61.2,TRUE
2023,GILBERT PLAINS,AAC VIEWFIELD <FP GENETICS>|BW965| EXP,15,7231,61.7,TRUE
2023,GILBERT PLAINS,AAC WHEATLAND <SECAN>,13,4236,51.3,TRUE
2023,GILBERT PLAINS,BOLLES <SEED DEPOT>,4,1080,71.3,TRUE
2023,GIMLI,AAC BRANDON (BW 932),6,1806,73.3,TRUE
2023,GLENBORO-SOUTH CYPRESS,AAC BRANDON (BW 932),26,9115,56.4,TRUE
2023,GLENBORO-SOUTH CYPRESS,AAC STARBUCK <SECAN>,11,2245,61.5,TRUE
2023,GLENELLA-LANSDOWNE,AAC BRANDON (BW 932),37,19770,59,TRUE
2023,GLENELLA-LANSDOWNE,AAC HOCKLEY |BW5044|,5,969,60.9,TRUE
2023,GLENELLA-LANSDOWNE,AAC HODGE |BW1069|,9,2425,53.7,TRUE
2023,GLENELLA-LANSDOWNE,AAC REDBERRY,6,2726,50.9,TRUE
2023,GLENELLA-LANSDOWNE,AAC STARBUCK <SECAN>,17,5948,64.6,TRUE
2023,GLENELLA-LANSDOWNE,AAC VIEWFIELD <FP GENETICS>|BW965| EXP,4,931,48.4,TRUE
2023,GRAHAMDALE,AAC BRANDON (BW 932),4,1279,41.9,TRUE
2023,GRAHAMDALE,AAC STARBUCK <SECAN>,4,2130,50.5,TRUE
2023,GRANDVIEW,AAC BRANDON (BW 932),27,12815,68.9,TRUE
2023,GRANDVIEW,AAC HOCKLEY |BW5044|,12,2189,67.1,TRUE
2023,GRANDVIEW,AAC HODGE |BW1069|,5,892,61.7,TRUE
2023,GRANDVIEW,AAC REDBERRY,13,5540,61.9,TRUE
2023,GRANDVIEW,AAC STARBUCK <SECAN>,14,4347,64.2,TRUE
2023,GRANDVIEW,AAC VIEWFIELD <FP GENETICS>|BW965| EXP,17,8815,60.7,TRUE
2023,GRANDVIEW,AAC WHEATLAND <SECAN>,24,8153,61.3,TRUE
2023,GRANDVIEW,BOLLES <SEED DEPOT>,11,4288,58.4,TRUE
2023,GRASSLAND,AAC BRANDON (BW 932),50,28360,61.8,TRUE
2023,GRASSLAND,AAC HOCKLEY |BW5044|,10,2831,56.3,TRUE
2023,GRASSLAND,AAC HODGE |BW1069|,5,2600,63.6,TRUE
2023,GRASSLAND,AAC LEROY VB <ALLIANCE>,6,2281,59.6,TRUE
2023,GRASSLAND,AAC STARBUCK <SECAN>,7,4504,65.1,TRUE
2023,GRASSLAND,AAC WHEATLAND <SECAN>,24,10663,64.2,TRUE
2023,GREY,AAC BRANDON (BW 932),36,15549,56.9,TRUE
2023,GREY,AAC HOCKLEY |BW5044|,21,4256,54.7,TRUE
2023,GREY,AAC HODGE |BW1069|,3,840,60.8,TRUE
2023,GREY,AAC STARBUCK <SECAN>,31,10074,59,TRUE
2023,GREY,AAC WHEATLAND <SECAN>,5,1761,55.1,TRUE
2023,GREY,BOLLES <SEED DEPOT>,3,534,55.5,TRUE
2023,GREY,SY GABBRO <SYNGENTA>,4,612,61.2,TRUE
2023,GREY,SY MANNESS,5,673,54.8,TRUE
2023,HAMIOTA,AAC BRANDON (BW 932),10,2317,66.1,TRUE
2023,HAMIOTA,AAC HOCKLEY |BW5044|,18,5788.5,76.1,TRUE
2023,HAMIOTA,AAC HODGE |BW1069|,10,2209,67.4,TRUE
2023,HAMIOTA,AAC REDBERRY,5,1562,73.3,TRUE
2023,HAMIOTA,AAC STARBUCK <SECAN>,25,9063,77.8,TRUE
2023,HAMIOTA,AAC WHEATLAND <SECAN>,25,8983,77.3,TRUE
2023,HANOVER,AAC BRANDON (BW 932),28,8319,65,TRUE
2023,HANOVER,AAC HOCKLEY |BW5044|,3,572,78.4,TRUE
2023,HANOVER,AAC STARBUCK <SECAN>,4,788,72.7,TRUE
2023,HARRISON PARK,AAC BRANDON (BW 932),11,3744,63.8,TRUE
2023,HARRISON PARK,AAC HOCKLEY |BW5044|,8,3175,76.4,TRUE
2023,HARRISON PARK,AAC LEROY VB <ALLIANCE>,3,1306,56.8,TRUE
2023,HARRISON PARK,AAC REDBERRY,24,6910,53.4,TRUE
2023,HARRISON PARK,AAC STARBUCK <SECAN>,22,8577,73.1,TRUE
2023,HARRISON PARK,AAC WHEATLAND <SECAN>,8,3339,72,TRUE
2023,HARRISON PARK,BOLLES <SEED DEPOT>,3,606,52.1,TRUE
2023,HEADINGLEY,AAC BRANDON (BW 932),4,1129,65.4,TRUE
2023,HEADINGLEY,AAC STARBUCK <SECAN>,5,1451,71,TRUE
2023,HILLSBURG-ROBLIN-SHELL RIVER,AAC BRANDON (BW 932),15,10211,65.7,TRUE
2023,HILLSBURG-ROBLIN-SHELL RIVER,AAC HOCKLEY |BW5044|,17,4346,67.7,TRUE
2023,HILLSBURG-ROBLIN-SHELL RIVER,AAC HODGE |BW1069|,7,1561,66.3,TRUE
2023,HILLSBURG-ROBLIN-SHELL RIVER,AAC VIEWFIELD <FP GENETICS>|BW965| EXP,14,5165,62.9,TRUE
2023,HILLSBURG-ROBLIN-SHELL RIVER,AAC WHEATLAND <SECAN>,37,14927,65.1,TRUE
2023,KELSEY,AAC REDBERRY,6,2130,25.6,TRUE
2023,KELSEY,CDC LANDMARK,3,2474,56.1,TRUE
2023,KILLARNEY-TURTLE MTN,AAC BRANDON (BW 932),29,15839.2,65.2,TRUE
2023,KILLARNEY-TURTLE MTN,AAC HOCKLEY |BW5044|,5,2105,58,TRUE
2023,KILLARNEY-TURTLE MTN,AAC HODGE |BW1069|,4,954,63.9,TRUE
2023,KILLARNEY-TURTLE MTN,AAC LEROY VB <ALLIANCE>,4,1023,73.3,TRUE
2023,KILLARNEY-TURTLE MTN,AAC REDBERRY,4,2025,46.9,TRUE
2023,KILLARNEY-TURTLE MTN,AAC STARBUCK <SECAN>,22,12641,68.2,TRUE
2023,KILLARNEY-TURTLE MTN,AAC WHEATLAND <SECAN>,19,11645,68.2,TRUE
2023,LAC DU BONNET,AAC BRANDON (BW 932),8,2632,64,TRUE
2023,LAC DU BONNET,AAC STARBUCK <SECAN>,5,1516,66.1,TRUE
2023,LAC DU BONNET,AAC VIEWFIELD <FP GENETICS>|BW965| EXP,10,3137,76,TRUE
2023,LAKESHORE,AAC BRANDON (BW 932),26,6609,58.4,TRUE
2023,LAKESHORE,AAC STARBUCK <SECAN>,5,2802,47.1,TRUE
2023,LAKESHORE,AAC TISDALE (PT250),3,748,41.9,TRUE
2023,LAKESHORE,AAC VIEWFIELD <FP GENETICS>|BW965| EXP,8,4358,48.8,TRUE
2023,LORNE,AAC BRANDON (BW 932),87,27865,64.6,TRUE
2023,LORNE,AAC HOCKLEY |BW5044|,4,836,67.9,TRUE
2023,LORNE,AAC HODGE |BW1069|,5,527,60,TRUE
2023,LORNE,AAC LEROY VB <ALLIANCE>,5,1393,43.8,TRUE
2023,LORNE,AAC STARBUCK <SECAN>,46,15201,62.6,TRUE
2023,LOUISE,AAC BRANDON (BW 932),65,27045,70.2,TRUE
2023,LOUISE,AAC STARBUCK <SECAN>,48,20993.5,68.2,TRUE
2023,LOUISE,AAC WHEATLAND <SECAN>,12,4541,52.2,TRUE
2023,LOUISE,SY MANNESS,4,790,69.1,TRUE
2023,MACDONALD,AAC BRANDON (BW 932),77,32257,52.2,TRUE
2023,MACDONALD,AAC HOCKLEY |BW5044|,25,7343,52.7,TRUE
2023,MACDONALD,AAC HODGE |BW1069|,11,3235,51.5,TRUE
2023,MACDONALD,AAC STARBUCK <SECAN>,47,20535,57.5,TRUE
2023,MACDONALD,AAC VIEWFIELD <FP GENETICS>|BW965| EXP,9,2977,50,TRUE
2023,MACDONALD,SY MANNESS,5,1160,39.7,TRUE
2023,MCCREARY,AAC BRANDON (BW 932),22,8938,55.2,TRUE
2023,MCCREARY,AAC STARBUCK <SECAN>,5,843,68.2,TRUE
2023,MINITONAS-BOWSMAN,AAC BRANDON (BW 932),4,4648,66.1,TRUE
2023,MINITONAS-BOWSMAN,AAC HOCKLEY |BW5044|,16,2821,68.3,TRUE
2023,MINITONAS-BOWSMAN,AAC VIEWFIELD <FP GENETICS>|BW965| EXP,76,41856,64.2,TRUE
2023,MINITONAS-BOWSMAN,AAC WHEATLAND <SECAN>,8,1973,63,TRUE
2023,MINITONAS-BOWSMAN,CARDALE (BW429),4,1527,62.8,TRUE
2023,MINTO-ODANAH,AAC BRANDON (BW 932),29,9665,72.6,TRUE
2023,MINTO-ODANAH,AAC HOCKLEY |BW5044|,3,830,80,TRUE
2023,MINTO-ODANAH,AAC STARBUCK <SECAN>,27,12422,77.6,TRUE
2023,MINTO-ODANAH,AAC WHEATLAND <SECAN>,10,4284,82.9,TRUE
2023,MINTO-ODANAH,BOLLES <SEED DEPOT>,8,3083,68.7,TRUE
2023,MONTCALM,AAC BRANDON (BW 932),32,10388,61.6,TRUE
2023,MONTCALM,AAC STARBUCK <SECAN>,15,4112,60.7,TRUE
2023,MONTCALM,SHELLY,4,720,41.3,TRUE
2023,MORRIS,AAC BRANDON (BW 932),67,25265,41.3,TRUE
2023,MORRIS,AAC HOCKLEY |BW5044|,8,2444,41,TRUE
2023,MORRIS,AAC STARBUCK <SECAN>,29,10355,43.2,TRUE
2023,MORRIS,AAC VIEWFIELD <FP GENETICS>|BW965| EXP,16,4322,41.6,TRUE
2023,MORRIS,CARDALE (BW429),5,930,43.1,TRUE
2023,MORRIS,CS DAYBREAK <CANTERRA>,5,1315,29.4,TRUE
2023,MORRIS,SY GABBRO <SYNGENTA>,4,1149,32.6,TRUE
2023,MORRIS,SY MANNESS,16,3935,36.9,TRUE
2023,MOSSEY RIVER,AAC BRANDON (BW 932),8,1712,18.7,TRUE
2023,MOSSEY RIVER,CARDALE (BW429),5,1365,45.8,TRUE
2023,MOUNTAIN,AAC HOCKLEY |BW5044|,4,1216,67.5,TRUE
2023,MOUNTAIN,AAC REDBERRY,4,1139,43.4,TRUE
2023,MOUNTAIN,AAC VIEWFIELD <FP GENETICS>|BW965| EXP,28,15949,60.8,TRUE
2023,MOUNTAIN,AAC WHEATLAND <SECAN>,11,4678,67.4,TRUE
2023,NORFOLK-TREHERNE,AAC BRANDON (BW 932),30,13904,58.7,TRUE
2023,NORFOLK-TREHERNE,AAC STARBUCK <SECAN>,12,4044,61.2,TRUE
2023,NORFOLK-TREHERNE,AAC WHEATLAND <SECAN>,9,4232,63.2,TRUE
2023,NORTH CYPRESS-LANGFORD,AAC BRANDON (BW 932),58,36562,63.5,TRUE
2023,NORTH CYPRESS-LANGFORD,AAC HOCKLEY |BW5044|,4,890,72.3,TRUE
2023,NORTH CYPRESS-LANGFORD,AAC HODGE |BW1069|,5,1545,77.5,TRUE
2023,NORTH CYPRESS-LANGFORD,AAC REDBERRY,3,1057,77.1,TRUE
2023,NORTH CYPRESS-LANGFORD,AAC STARBUCK <SECAN>,29,14187,72.5,TRUE
2023,NORTH CYPRESS-LANGFORD,AAC WHEATLAND <SECAN>,4,3816,79.8,TRUE
2023,NORTH NORFOLK,AAC BRANDON (BW 932),41,13866,53.2,TRUE
2023,NORTH NORFOLK,AAC LEROY VB <ALLIANCE>,3,572,47.4,TRUE
2023,NORTH NORFOLK,AAC STARBUCK <SECAN>,22,7873,56.8,TRUE
2023,NORTH NORFOLK,BOLLES <SEED DEPOT>,8,4230,59.5,TRUE
2023,NORTH NORFOLK,CARDALE (BW429),3,641,57.1,TRUE
2023,NORTH NORFOLK,CDC SKRUSH |PT599|,3,1224,60.5,TRUE
2023,OAKLAND-WAWANESA,AAC BRANDON (BW 932),26,10514,68.4,TRUE
2023,OAKLAND-WAWANESA,AAC HOCKLEY |BW5044|,4,711,60.5,TRUE
2023,OAKLAND-WAWANESA,AAC HODGE |BW1069|,3,691,77.7,TRUE
2023,OAKLAND-WAWANESA,AAC STARBUCK <SECAN>,11,3756,67.9,TRUE
2023,OAKLAND-WAWANESA,AAC WHEATLAND <SECAN>,15,4600,75.6,TRUE
2023,OAKVIEW,AAC BRANDON (BW 932),23,10444,67.7,TRUE
2023,OAKVIEW,AAC HOCKLEY |BW5044|,7,2170,70.7,TRUE
2023,OAKVIEW,AAC HODGE |BW1069|,8,1498,72.3,TRUE
2023,OAKVIEW,AAC REDBERRY,12,2971,61.4,TRUE
2023,OAKVIEW,AAC STARBUCK <SECAN>,54,18715.4,72.3,TRUE
2023,OAKVIEW,AAC WHEATLAND <SECAN>,29,9656,74.3,TRUE
2023,OAKVIEW,BOLLES <SEED DEPOT>,6,2449,72,TRUE
2023,PEMBINA,AAC BRANDON (BW 932),71,25405,63.2,TRUE
2023,PEMBINA,AAC HOCKLEY |BW5044|,10,2728,69.6,TRUE
2023,PEMBINA,AAC HODGE |BW1069|,8,2462,60.7,TRUE
2023,PEMBINA,AAC STARBUCK <SECAN>,38,12215,55,TRUE
2023,PEMBINA,AAC WHEATLAND <SECAN>,12,3198,65.6,TRUE
2023,PEMBINA,SY CAST,4,696,70.6,TRUE
2023,PINEY,AAC BRANDON (BW 932),5,2251,57.1,TRUE
2023,PIPESTONE,AAC BRANDON (BW 932),33,16157,48.7,TRUE
2023,PIPESTONE,AAC ELIE(BW931),3,2299,48.4,TRUE
2023,PIPESTONE,AAC HOCKLEY |BW5044|,8,2405,48.5,TRUE
2023,PIPESTONE,AAC HODGE |BW1069|,4,2876,52.8,TRUE
2023,PIPESTONE,"AAC MAGNET |BW 1045, BJ14*A01135|",4,1348,43.9,TRUE
2023,PIPESTONE,AAC STARBUCK <SECAN>,25,14874,53.7,TRUE
2023,PIPESTONE,AAC WHEATLAND <SECAN>,12,12362,52.8,TRUE
2023,PIPESTONE,CDC HUGHES <CPSC> |PT588|,3,909,42.2,TRUE
2023,PORTAGE LA PRAIRIE,AAC BRANDON (BW 932),85,48876,67.5,TRUE
2023,PORTAGE LA PRAIRIE,AAC HOCKLEY |BW5044|,10,2212,68.9,TRUE
2023,PORTAGE LA PRAIRIE,AAC STARBUCK <SECAN>,45,20967,76.4,TRUE
2023,PORTAGE LA PRAIRIE,AC BARRIE (BW 661),3,917,67.3,TRUE
2023,PORTAGE LA PRAIRIE,BOLLES <SEED DEPOT>,4,1137,64.9,TRUE
2023,PORTAGE LA PRAIRIE,CARDALE (BW429),6,1022,55.8,TRUE
2023,PRAIRIE LAKES,AAC BRANDON (BW 932),50,24583,60.5,TRUE
2023,PRAIRIE LAKES,AAC HODGE |BW1069|,7,1446,65.7,TRUE
2023,PRAIRIE LAKES,AAC STARBUCK <SECAN>,18,6010,66.8,TRUE
2023,PRAIRIE LAKES,AAC WHEATLAND <SECAN>,26,8136,64.3,TRUE
2023,PRAIRIE VIEW,AAC BRANDON (BW 932),14,3977,54.6,TRUE
2023,PRAIRIE VIEW,AAC HOCKLEY |BW5044|,16,4776,66.5,TRUE
2023,PRAIRIE VIEW,AAC HODGE |BW1069|,20,9143,69.2,TRUE
2023,PRAIRIE VIEW,AAC LEROY VB <ALLIANCE>,5,775,62.9,TRUE
2023,PRAIRIE VIEW,AAC REDBERRY,8,3886,47.8,TRUE
2023,PRAIRIE VIEW,AAC STARBUCK <SECAN>,34,18460,70.7,TRUE
2023,PRAIRIE VIEW,AAC WHEATLAND <SECAN>,74,36383,66.7,TRUE
2023,PRAIRIE VIEW,BOLLES <SEED DEPOT>,7,6421,59.3,TRUE
2023,PRAIRIE VIEW,SY MANNESS,5,3264,82.4,TRUE
2023,RHINELAND,AAC BRANDON (BW 932),68,13816,59.5,TRUE
2023,RHINELAND,AAC STARBUCK <SECAN>,47,11416,59,TRUE
2023,RHINELAND,AAC WHEATLAND <SECAN>,11,2345,68.8,TRUE
2023,RHINELAND,SY MANNESS,4,752,68.3,TRUE
2023,RIDING MOUNTAIN WEST,AAC BRANDON (BW 932),12,3808,68.9,TRUE
2023,RIDING MOUNTAIN WEST,AAC HOCKLEY |BW5044|,19,6172,70,TRUE
2023,RIDING MOUNTAIN WEST,AAC HODGE |BW1069|,25,8721,71.6,TRUE
2023,RIDING MOUNTAIN WEST,AAC REDBERRY,9,2872,63.1,TRUE
2023,RIDING MOUNTAIN WEST,AAC STARBUCK <SECAN>,21,11622,71.2,TRUE
2023,RIDING MOUNTAIN WEST,AAC VIEWFIELD <FP GENETICS>|BW965| EXP,12,4531,71.8,TRUE
2023,RIDING MOUNTAIN WEST,AAC WHEATLAND <SECAN>,45,19895,65.6,TRUE
2023,RIDING MOUNTAIN WEST,BOLLES <SEED DEPOT>,6,3390,62,TRUE
2023,RIDING MOUNTAIN WEST,CDC LANDMARK,9,5875,69.6,TRUE
2023,RIDING MOUNTAIN WEST,SY MANNESS,6,1900,81.3,TRUE
2023,RITCHOT,AAC BRANDON (BW 932),20,5367,61.5,TRUE
2023,RITCHOT,AAC HOCKLEY |BW5044|,9,1554,59.9,TRUE
2023,RITCHOT,AAC STARBUCK <SECAN>,5,1193,61,TRUE
2023,RIVERDALE,AAC BRANDON (BW 932),21,9216,70.7,TRUE
2023,RIVERDALE,AAC HOCKLEY |BW5044|,3,1148,58.2,TRUE
2023,RIVERDALE,AAC HODGE |BW1069|,3,549,59.2,TRUE
2023,RIVERDALE,AAC STARBUCK <SECAN>,22,8343,60.6,TRUE
2023,RIVERDALE,AAC WHEATLAND <SECAN>,9,2707,75.9,TRUE
2023,ROCKWOOD,AAC BRANDON (BW 932),34,9767,57.5,TRUE
2023,ROCKWOOD,AAC HOCKLEY |BW5044|,11,2047,54.9,TRUE
2023,ROCKWOOD,AAC LEROY VB <ALLIANCE>,11,2644,59.3,TRUE
2023,ROCKWOOD,AAC STARBUCK <SECAN>,39,17622,58.4,TRUE
2023,ROCKWOOD,SY TORACH <SYNGENTA>,3,965,43.4,TRUE
2023,ROLAND,AAC BRANDON (BW 932),40,11738,49.2,TRUE
2023,ROLAND,AAC BROADACRES <PROVEN>,5,1340,58.1,TRUE
2023,ROLAND,AAC HOCKLEY |BW5044|,10,2236,45.4,TRUE
2023,ROLAND,AAC STARBUCK <SECAN>,22,6535,48.3,TRUE
2023,ROSEDALE,AAC BRANDON (BW 932),19,9577,72.8,TRUE
2023,ROSEDALE,AAC REDBERRY,6,2215,71.1,TRUE
2023,ROSEDALE,AAC STARBUCK <SECAN>,15,6500,72.9,TRUE
2023,ROSEDALE,AAC WHEATLAND <SECAN>,4,2265,77.9,TRUE
2023,ROSEDALE,BOLLES <SEED DEPOT>,5,1525,69.5,TRUE
2023,ROSSBURN,AAC BRANDON (BW 932),19,7966,66.5,TRUE
2023,ROSSBURN,AAC HODGE |BW1069|,3,619,70.2,TRUE
2023,ROSSBURN,AAC REDBERRY,8,2190,59.8,TRUE
2023,ROSSBURN,AAC STARBUCK <SECAN>,25,7961.5,67.4,TRUE
2023,ROSSBURN,AAC VIEWFIELD <FP GENETICS>|BW965| EXP,3,877,55.9,TRUE
2023,ROSSBURN,AAC WHEATLAND <SECAN>,10,3337,69.7,TRUE
2023,ROSSBURN,SY GABBRO <SYNGENTA>,3,706,43.7,TRUE
2023,ROSSER,AAC BRANDON (BW 932),7,3348,65.3,TRUE
2023,ROSSER,AAC HOCKLEY |BW5044|,6,1702,67.1,TRUE
2023,ROSSER,AAC LEROY VB <ALLIANCE>,5,1207,61.7,TRUE
2023,ROSSER,AAC STARBUCK <SECAN>,36,16718,62.6,TRUE
2023,RUSSELL-BINSCARTH,AAC HOCKLEY |BW5044|,7,2987,62.1,TRUE
2023,RUSSELL-BINSCARTH,AAC HODGE |BW1069|,9,3042,68.3,TRUE
2023,RUSSELL-BINSCARTH,AAC REDBERRY,3,1150,63.3,TRUE
2023,RUSSELL-BINSCARTH,AAC STARBUCK <SECAN>,12,4877,60.3,TRUE
2023,RUSSELL-BINSCARTH,AAC WHEATLAND <SECAN>,14,9261,63.4,TRUE
2023,RUSSELL-BINSCARTH,CDC LANDMARK,3,1225,69.3,TRUE
2023,RUSSELL-BINSCARTH,SY MANNESS,4,700,77.9,TRUE
2023,SIFTON,AAC BRANDON (BW 932),9,1586,50.1,TRUE
2023,SIFTON,AAC WHEATLAND <SECAN>,5,2314,34.2,TRUE
2023,SOURIS-GLENWOOD,AAC BRANDON (BW 932),22,12349,63.7,TRUE
2023,SOURIS-GLENWOOD,AAC HOCKLEY |BW5044|,14,4449,60.9,TRUE
2023,SOURIS-GLENWOOD,AAC STARBUCK <SECAN>,5,3041,59.5,TRUE
2023,SOURIS-GLENWOOD,AAC WHEATLAND <SECAN>,6,2340,74.9,TRUE
2023,SPRINGFIELD,AAC BRANDON (BW 932),30,11674,65.4,TRUE
2023,SPRINGFIELD,AAC HOCKLEY |BW5044|,7,1174,73.4,TRUE
2023,SPRINGFIELD,AAC HODGE |BW1069|,3,650,83,TRUE
2023,SPRINGFIELD,AAC LEROY VB <ALLIANCE>,5,1225,78.4,TRUE
2023,SPRINGFIELD,AAC STARBUCK <SECAN>,17,7009,71.3,TRUE
2023,SPRINGFIELD,AAC VIEWFIELD <FP GENETICS>|BW965| EXP,5,1510,76.6,TRUE
2023,SPRINGFIELD,CS DAYBREAK <CANTERRA>,11,2098,74.7,TRUE
2023,ST. ANDREWS,AAC BRANDON (BW 932),21,7972,69.4,TRUE
2023,ST. ANDREWS,AAC ELIE(BW931),6,1545,69.3,TRUE
2023,ST. ANDREWS,AAC LEROY VB <ALLIANCE>,5,1702,71.3,TRUE
2023,ST. ANDREWS,AAC STARBUCK <SECAN>,20,12831,70.1,TRUE
2023,ST. ANDREWS,BOLLES <SEED DEPOT>,5,2648,55.4,TRUE
2023,ST. ANDREWS,SY TORACH <SYNGENTA>,4,1228,55.8,TRUE
2023,ST. CLEMENTS,AAC BRANDON (BW 932),17,4432,54.6,TRUE
2023,ST. CLEMENTS,AAC ELIE(BW931),3,660,83.6,TRUE
2023,ST. CLEMENTS,AAC HOCKLEY |BW5044|,5,519,59.3,TRUE
2023,ST. CLEMENTS,AAC VIEWFIELD <FP GENETICS>|BW965| EXP,11,2138,68.7,TRUE
2023,ST. FRANCIS XAVIER,AAC BRANDON (BW 932),5,1495,67.8,TRUE
2023,ST. FRANCIS XAVIER,AAC STARBUCK <SECAN>,13,9371,68.4,TRUE
2023,STANLEY,AAC BRANDON (BW 932),48,11214,57,TRUE
2023,STANLEY,AAC STARBUCK <SECAN>,46,7565.5,57.4,TRUE
2023,STANLEY,AAC WHEATLAND <SECAN>,3,810,70.9,TRUE
2023,STANLEY,SY CAST,7,1825,60.8,TRUE
2023,STE. ANNE,AAC BRANDON (BW 932),23,2949,71,TRUE
2023,STE. ANNE,AAC HOCKLEY |BW5044|,4,783,37.8,TRUE
2023,STE. ROSE,AAC BRANDON (BW 932),12,7473,65.2,TRUE
2023,STE. ROSE,AAC STARBUCK <SECAN>,9,2625,65.4,TRUE
2023,STE. ROSE,CARDALE (BW429),3,2473,64.4,TRUE
2023,SWAN VALLEY WEST,AAC HOCKLEY |BW5044|,41,16353,67.8,TRUE
2023,SWAN VALLEY WEST,AAC REDBERRY,5,2149,40.6,TRUE
2023,SWAN VALLEY WEST,AAC REDSTAR <SECAN> |PT488|,3,532,57.8,TRUE
2023,SWAN VALLEY WEST,AAC STARBUCK <SECAN>,3,1435,73,TRUE
2023,SWAN VALLEY WEST,AAC TISDALE (PT250),8,2009,57.5,TRUE
2023,SWAN VALLEY WEST,AAC VIEWFIELD <FP GENETICS>|BW965| EXP,60,43855,66.2,TRUE
2023,SWAN VALLEY WEST,AAC WHEATLAND <SECAN>,29,16870,70.3,TRUE
2023,SWAN VALLEY WEST,CDC LANDMARK,3,521,46.2,TRUE
2023,SWAN VALLEY WEST,SY GABBRO <SYNGENTA>,4,1640,59.1,TRUE
2023,SWAN VALLEY WEST,SY MANNESS,11,3636,66,TRUE
2023,TACHE,AAC BRANDON (BW 932),46,13201,65.9,TRUE
2023,THOMPSON,AAC BRANDON (BW 932),27,9223.8,67.1,TRUE
2023,THOMPSON,AAC HOCKLEY |BW5044|,5,793,73.8,TRUE
2023,THOMPSON,AAC STARBUCK <SECAN>,19,6935,66,TRUE
2023,TWO BORDERS,AAC BRANDON (BW 932),56,42179,49.3,TRUE
2023,TWO BORDERS,AAC ELIE(BW931),33,21440,46.9,TRUE
2023,TWO BORDERS,AAC HOCKLEY |BW5044|,3,764,40.8,TRUE
2023,TWO BORDERS,AAC HODGE |BW1069|,3,553,4.5,TRUE
2023,TWO BORDERS,AAC LEROY VB <ALLIANCE>,13,9437,44,TRUE
2023,TWO BORDERS,AAC REDBERRY,5,1646,46.7,TRUE
2023,TWO BORDERS,AAC STARBUCK <SECAN>,16,5109,46.7,TRUE
2023,TWO BORDERS,AAC VIEWFIELD <FP GENETICS>|BW965| EXP,3,1593,44.1,TRUE
2023,TWO BORDERS,AAC WHEATLAND <SECAN>,8,3735,37.3,TRUE
2023,TWO BORDERS,CARBERRY (BW874),4,2327,50.3,TRUE
2023,VICTORIA,AAC BRANDON (BW 932),19,5488,60.4,TRUE
2023,VICTORIA,AAC ELIE(BW931),6,1368,57.3,TRUE
2023,VICTORIA,AAC LEROY VB <ALLIANCE>,3,592,57.3,TRUE
2023,VICTORIA,AAC STARBUCK <SECAN>,16,4659,61.6,TRUE
2023,WALLACE-WOODWORTH,AAC BRANDON (BW 932),59,23683,58.6,TRUE
2023,WALLACE-WOODWORTH,AAC HOCKLEY |BW5044|,14,3396,62,TRUE
2023,WALLACE-WOODWORTH,AAC HODGE |BW1069|,8,2118,54.2,TRUE
2023,WALLACE-WOODWORTH,AAC LEROY VB <ALLIANCE>,5,1555,60.5,TRUE
2023,WALLACE-WOODWORTH,AAC STARBUCK <SECAN>,50,21524.5,62.1,TRUE
2023,WALLACE-WOODWORTH,AAC WHEATLAND <SECAN>,41,15697,64.4,TRUE
2023,WALLACE-WOODWORTH,BOLLES <SEED DEPOT>,8,1594,41.6,TRUE
2023,WALLACE-WOODWORTH,SY TORACH <SYNGENTA>,6,1609,44.2,TRUE
2023,WEST INTERLAKE,CS DAYBREAK <CANTERRA>,3,551,22,TRUE
2023,WEST ST. PAUL,AAC STARBUCK <SECAN>,6,1822,61.7,TRUE
2023,WESTLAKE-GLADSTONE,AAC BRANDON (BW 932),55,33918,59.4,TRUE
2023,WESTLAKE-GLADSTONE,AAC HODGE |BW1069|,9,1551,58.1,TRUE
2023,WESTLAKE-GLADSTONE,AAC LEROY VB <ALLIANCE>,4,3532,58.5,TRUE
2023,WESTLAKE-GLADSTONE,AAC REDBERRY,5,3576,49.4,TRUE
2023,WESTLAKE-GLADSTONE,AAC STARBUCK <SECAN>,30,15704,61.5,TRUE
2023,WESTLAKE-GLADSTONE,AAC WHEATLAND <SECAN>,3,1827,64,TRUE
2023,WHITEHEAD,AAC BRANDON (BW 932),38,17947,60.8,TRUE
2023,WHITEHEAD,AAC HOCKLEY |BW5044|,5,1330,61.3,TRUE
2023,WHITEHEAD,AAC STARBUCK <SECAN>,9,3397,63.6,TRUE
2023,WHITEHEAD,AAC WHEATLAND <SECAN>,10,4930,71,TRUE
2023,WINNIPEG,AAC BRANDON (BW 932),3,730,53.2,TRUE
2023,WINNIPEG,AAC STARBUCK <SECAN>,4,1488,68.4,TRUE
2023,WOODLANDS,AAC BRANDON (BW 932),23,8892,56.1,TRUE
2023,WOODLANDS,AAC LEROY VB <ALLIANCE>,8,1795,55.1,TRUE
2023,WOODLANDS,AAC STARBUCK <SECAN>,33,11340,64.3,TRUE
2023,YELLOWHEAD,AAC BRANDON (BW 932),16,3455,62.3,TRUE
2023,YELLOWHEAD,AAC HOCKLEY |BW5044|,7,2636,77.8,TRUE
2023,YELLOWHEAD,AAC HODGE |BW1069|,14,3266,73.8,TRUE
2023,YELLOWHEAD,AAC LEROY VB <ALLIANCE>,3,778,78.4,TRUE
2023,YELLOWHEAD,AAC REDBERRY,11,3822,64.3,TRUE
2023,YELLOWHEAD,AAC STARBUCK <SECAN>,31,12908,70.5,TRUE
2023,YELLOWHEAD,AAC WHEATLAND <SECAN>,27,16842,74.2,TRUE
2023,YELLOWHEAD,BOLLES <SEED DEPOT>,7,5657,79.1,TRUE
2023,YELLOWHEAD,SY MANNESS,4,1306,79.1,TRUE
2024,ALEXANDER,AAC BRANDON (BW 932),3,657,69.3,TRUE
2024,ALEXANDER,AAC ELIE(BW931),3,2105,79.8,TRUE
2024,ALEXANDER,AAC STARBUCK <SECAN>,3,1365,69.8,TRUE
2024,ALEXANDER,AAC VIEWFIELD <FP GENETICS>|BW965| EXP,3,1219,67.2,TRUE
2024,ALONSA,AAC BRANDON (BW 932),10,3510,51.1,TRUE
2024,ALONSA,AAC HOCKLEY |BW5044|,5,3260,67.2,TRUE
2024,ALONSA,AAC REDBERRY,3,1028,48.4,TRUE
2024,ARGYLE,AAC BRANDON (BW 932),53,20613.2,64.6,TRUE
2024,ARGYLE,AAC HOCKLEY |BW5044|,6,1255,71.8,TRUE
2024,ARGYLE,AAC HODGE |BW1069|,3,709,71.6,TRUE
2024,ARGYLE,AAC STARBUCK <SECAN>,22,7857.5,71.3,TRUE
2024,ARGYLE,SY MANNESS,6,885,76.8,TRUE
2024,BIFROST-RIVERTON,AAC BRANDON (BW 932),16,5264,46.1,TRUE
2024,BIFROST-RIVERTON,AAC BROADACRES <PROVEN>,3,607,42.4,TRUE
2024,BIFROST-RIVERTON,AAC HOCKLEY |BW5044|,17,4471,50.8,TRUE
2024,BIFROST-RIVERTON,AAC STARBUCK <SECAN>,3,1255,63.5,TRUE
2024,BIFROST-RIVERTON,AAC VIEWFIELD <FP GENETICS>|BW965| EXP,7,1846,54.7,TRUE
2024,BIFROST-RIVERTON,CS DAYBREAK <CANTERRA>,6,1174,47,TRUE
2024,BIFROST-RIVERTON,SY MANNESS,24,6916,58.5,TRUE
2024,BOISSEVAIN-MORTON,AAC BRANDON (BW 932),19,8766,72.8,TRUE
2024,BOISSEVAIN-MORTON,AAC HOCKLEY |BW5044|,3,730,74.6,TRUE
2024,BOISSEVAIN-MORTON,AAC HODGE |BW1069|,13,5515,75.6,TRUE
2024,BOISSEVAIN-MORTON,AAC STARBUCK <SECAN>,12,6257,75.6,TRUE
2024,BOISSEVAIN-MORTON,AAC WHEATLAND <SECAN>,31,17316,76.5,TRUE
2024,BRENDA-WASKADA,AAC BRANDON (BW 932),47,32843,65.9,TRUE
2024,BRENDA-WASKADA,AAC ELIE(BW931),11,5405,62.5,TRUE
2024,BRENDA-WASKADA,AAC STARBUCK <SECAN>,6,2325,77,TRUE
2024,BRENDA-WASKADA,AAC WHEATLAND <SECAN>,14,6033,73.1,TRUE
2024,BROKENHEAD,AAC BRANDON (BW 932),11,2840,59.3,TRUE
2024,BROKENHEAD,AAC BROADACRES <PROVEN>,3,587,53,TRUE
2024,BROKENHEAD,AAC HOCKLEY |BW5044|,12,1964,67.6,TRUE
2024,BROKENHEAD,AAC REDBERRY,3,580,53.8,TRUE
2024,BROKENHEAD,AAC STARBUCK <SECAN>,6,3541,71,TRUE
2024,BROKENHEAD,AAC VIEWFIELD <FP GENETICS>|BW965| EXP,29,10448,65.4,TRUE
2024,BROKENHEAD,BOLLES <SEED DEPOT>,3,804,60.7,TRUE
2024,CARTIER,AAC BRANDON (BW 932),23,9332,67.6,TRUE
2024,CARTIER,AAC HOCKLEY |BW5044|,8,3316,69.4,TRUE
2024,CARTIER,AAC STARBUCK <SECAN>,20,9338,72.5,TRUE
2024,CARTIER,SY MANNESS,3,1252,91.4,TRUE
2024,CARTWRIGHT-ROBLIN,AAC BRANDON (BW 932),24,8218,67.9,TRUE
2024,CARTWRIGHT-ROBLIN,AAC HOCKLEY |BW5044|,3,2947,61.3,TRUE
2024,CARTWRIGHT-ROBLIN,AAC HODGE |BW1069|,5,841,60.8,TRUE
2024,CARTWRIGHT-ROBLIN,AAC STARBUCK <SECAN>,11,4613,74.2,TRUE
2024,CARTWRIGHT-ROBLIN,AAC WHEATLAND <SECAN>,17,5123,66.8,TRUE
2024,CLANWILLIAM-ERICKSON,AAC BRANDON (BW 932),6,1968,40.3,TRUE
2024,CLANWILLIAM-ERICKSON,AAC HOCKLEY |BW5044|,3,1536,53.6,TRUE
2024,CLANWILLIAM-ERICKSON,AAC STARBUCK <SECAN>,5,1450,53.2,TRUE
2024,CLANWILLIAM-ERICKSON,AAC WHEATLAND <SECAN>,3,1614,60.9,TRUE
2024,CORNWALLIS,AAC BRANDON (BW 932),23,7734,60.8,TRUE
2024,CORNWALLIS,AAC STARBUCK <SECAN>,8,2520,57.2,TRUE
2024,CORNWALLIS,AAC WHEATLAND <SECAN>,5,3138,69.9,TRUE
2024,DAUPHIN,AAC BRANDON (BW 932),43,18259.5,49.7,TRUE
2024,DAUPHIN,AAC HOCKLEY |BW5044|,6,1319,52.5,TRUE
2024,DAUPHIN,AAC REDBERRY,5,1333,46.4,TRUE
2024,DAUPHIN,AAC STARBUCK <SECAN>,25,7947,53.1,TRUE
2024,DAUPHIN,AAC VIEWFIELD <FP GENETICS>|BW965| EXP,7,2739,49.5,TRUE
2024,DAUPHIN,AAC WHEATLAND <SECAN>,15,6345,49.6,TRUE
2024,DAUPHIN,SY MANNESS,14,3152,61.6,TRUE
2024,DELORAINE-WINCHESTER,AAC BRANDON (BW 932),40,24659,68.1,TRUE
2024,DELORAINE-WINCHESTER,AAC ELIE(BW931),4,3974,75,TRUE
2024,DELORAINE-WINCHESTER,AAC HOCKLEY |BW5044|,3,1045,65.5,TRUE
2024,DELORAINE-WINCHESTER,AAC STARBUCK <SECAN>,4,1710,64.6,TRUE
2024,DELORAINE-WINCHESTER,AAC WHEATLAND <SECAN>,9,4344,71.2,TRUE
2024,DESALABERRY,AAC BRANDON (BW 932),21,9662,74.7,TRUE
2024,DESALABERRY,AAC HODGE |BW1069|,3,939,71.5,TRUE
2024,DESALABERRY,AAC STARBUCK <SECAN>,20,8379,78.4,TRUE
2024,DUFFERIN,AAC BRANDON (BW 932),33,8591,76.5,TRUE
2024,DUFFERIN,AAC HOCKLEY |BW5044|,15,4690,71.4,TRUE
2024,DUFFERIN,AAC LEROY VB <ALLIANCE>,4,1201,75.7,TRUE
2024,DUFFERIN,AAC STARBUCK <SECAN>,28,5941,73.2,TRUE
2024,DUFFERIN,AAC WHEATLAND <SECAN>,4,744,65.3,TRUE
2024,DUFFERIN,SY MANNESS,4,842,52.3,TRUE
2024,ELLICE-ARCHIE,AAC BRANDON (BW 932),5,4048,58.6,TRUE
2024,ELLICE-ARCHIE,AAC HOCKLEY |BW5044|,4,1672,79.6,TRUE
2024,ELLICE-ARCHIE,AAC HODGE |BW1069|,5,2242,68.9,TRUE
2024,ELLICE-ARCHIE,AAC LEROY VB <ALLIANCE>,5,1322,64.7,TRUE
2024,ELLICE-ARCHIE,AAC STARBUCK <SECAN>,13,6705,69.7,TRUE
2024,ELLICE-ARCHIE,AAC WHEATLAND <SECAN>,14,7614,60.6,TRUE
2024,ELLICE-ARCHIE,BOLLES <SEED DEPOT>,3,882,60,TRUE
2024,ELLICE-ARCHIE,SY MANNESS,3,1146,69.5,TRUE
2024,ELTON,AAC BRANDON (BW 932),36,18457,66.3,TRUE
2024,ELTON,AAC HODGE |BW1069|,4,1228,60.8,TRUE
2024,ELTON,AAC STARBUCK <SECAN>,22,12074,69.6,TRUE
2024,ELTON,AAC WHEATLAND <SECAN>,4,1905,70.9,TRUE
2024,ELTON,SY MANNESS,4,755,66,TRUE
2024,EMERSON-FRANKLIN,AAC BRANDON (BW 932),29,15680,72,TRUE
2024,EMERSON-FRANKLIN,AAC STARBUCK <SECAN>,19,7854,76.8,TRUE
2024,EMERSON-FRANKLIN,SY MANNESS,4,1330,73.2,TRUE
2024,ETHELBERT,AAC BRANDON (BW 932),3,860,18.3,TRUE
2024,ETHELBERT,AAC STARBUCK <SECAN>,4,1207,33.9,TRUE
2024,FISHER,AAC BRANDON (BW 932),10,1409,44.9,TRUE
2024,FISHER,AAC HOCKLEY |BW5044|,9,2602,56,TRUE
2024,FISHER,CS DAYBREAK <CANTERRA>,3,1064,24.7,TRUE
2024,GILBERT PLAINS,AAC BRANDON (BW 932),22,7312,50.9,TRUE
2024,GILBERT PLAINS,AAC HOCKLEY |BW5044|,19,6152,58.7,TRUE
2024,GILBERT PLAINS,AAC REDBERRY,18,15553,51.2,TRUE
2024,GILBERT PLAINS,AAC STARBUCK <SECAN>,8,3906,56.3,TRUE
2024,GILBERT PLAINS,AAC VIEWFIELD <FP GENETICS>|BW965| EXP,15,6754,55.3,TRUE
2024,GILBERT PLAINS,AAC WHEATLAND <SECAN>,13,4646,50.6,TRUE
2024,GIMLI,AAC BRANDON (BW 932),7,2989,56.1,TRUE
2024,GLENBORO-SOUTH CYPRESS,AAC BRANDON (BW 932),25,5973.1,65.5,TRUE
2024,GLENBORO-SOUTH CYPRESS,AAC HODGE |BW1069|,3,527,56,TRUE
2024,GLENBORO-SOUTH CYPRESS,AAC STARBUCK <SECAN>,7,1006,66.3,TRUE
2024,GLENELLA-LANSDOWNE,AAC BRANDON (BW 932),36,16805,60.2,TRUE
2024,GLENELLA-LANSDOWNE,AAC HOCKLEY |BW5044|,10,3629,61.9,TRUE
2024,GLENELLA-LANSDOWNE,AAC HODGE |BW1069|,4,1265,68.6,TRUE
2024,GLENELLA-LANSDOWNE,AAC REDBERRY,4,1597,56.5,TRUE
2024,GLENELLA-LANSDOWNE,AAC STARBUCK <SECAN>,25,8782,66.8,TRUE
2024,GRAHAMDALE,AAC HOCKLEY |BW5044|,4,1330,46.3,TRUE
2024,GRAHAMDALE,AAC STARBUCK <SECAN>,3,1231,45.8,TRUE
2024,GRANDVIEW,AAC BRANDON (BW 932),26,12512,53.1,TRUE
2024,GRANDVIEW,AAC HOCKLEY |BW5044|,22,8747,57.5,TRUE
2024,GRANDVIEW,AAC HODGE |BW1069|,3,855,53.7,TRUE
2024,GRANDVIEW,AAC REDBERRY,7,2687,29,TRUE
2024,GRANDVIEW,AAC STARBUCK <SECAN>,9,4199,68.8,TRUE
2024,GRANDVIEW,AAC VIEWFIELD <FP GENETICS>|BW965| EXP,14,4457,61.4,TRUE
2024,GRANDVIEW,AAC WHEATLAND <SECAN>,22,10951,52.2,TRUE
2024,GRANDVIEW,BOLLES <SEED DEPOT>,6,2501,45.4,TRUE
2024,GRANDVIEW,SY MANNESS,4,1354,48.1,TRUE
2024,GRASSLAND,AAC BRANDON (BW 932),51,29413.5,65.3,TRUE
2024,GRASSLAND,AAC HOCKLEY |BW5044|,9,4623,66.7,TRUE
2024,GRASSLAND,AAC HODGE |BW1069|,4,1064,63.2,TRUE
2024,GRASSLAND,AAC LEROY VB <ALLIANCE>,5,2723,60.4,TRUE
2024,GRASSLAND,AAC STARBUCK <SECAN>,10,6464,74.8,TRUE
2024,GRASSLAND,AAC WHEATLAND <SECAN>,29,12742,74,TRUE
2024,GREY,AAC BRANDON (BW 932),21,6193,73.8,TRUE
2024,GREY,AAC HOCKLEY |BW5044|,18,5101,75.9,TRUE
2024,GREY,AAC STARBUCK <SECAN>,21,7518,68.4,TRUE
2024,GREY,AAC WHEATLAND <SECAN>,10,3176.4,60.3,TRUE
2024,GREY,SY MANNESS,8,2073,71.6,TRUE
2024,HAMIOTA,AAC BRANDON (BW 932),7,2258,62.7,TRUE
2024,HAMIOTA,AAC HOCKLEY |BW5044|,11,3228,76.1,TRUE
2024,HAMIOTA,AAC HODGE |BW1069|,8,1727,69.8,TRUE
2024,HAMIOTA,AAC REDBERRY,5,1455,60.9,TRUE
2024,HAMIOTA,AAC STARBUCK <SECAN>,24,7994,71.6,TRUE
2024,HAMIOTA,AAC WHEATLAND <SECAN>,22,8489,67.5,TRUE
2024,HAMIOTA,SY MANNESS,17,5960,75.1,TRUE
2024,HANOVER,AAC BRANDON (BW 932),23,6556,69.8,TRUE
2024,HANOVER,AAC HOCKLEY |BW5044|,5,986,58.8,TRUE
2024,HANOVER,AAC STARBUCK <SECAN>,7,1007,75.1,TRUE
2024,HARRISON PARK,AAC BRANDON (BW 932),8,3422,55.1,TRUE
2024,HARRISON PARK,AAC HOCKLEY |BW5044|,12,4527,63.2,TRUE
2024,HARRISON PARK,AAC REDBERRY,18,5973,48.3,TRUE
2024,HARRISON PARK,AAC STARBUCK <SECAN>,26,9787,56.7,TRUE
2024,HARRISON PARK,AAC WHEATLAND <SECAN>,11,3921,60.6,TRUE
2024,HARRISON PARK,SY MANNESS,3,795,75,TRUE
2024,HEADINGLEY,AAC BRANDON (BW 932),4,2051,72.6,TRUE
2024,HEADINGLEY,AAC HOCKLEY |BW5044|,3,1615,71.4,TRUE
2024,HEADINGLEY,AAC STARBUCK <SECAN>,6,2272,61.7,TRUE
2024,HILLSBURG-ROBLIN-SHELL RIVER,AAC BRANDON (BW 932),12,5227,63.4,TRUE
2024,HILLSBURG-ROBLIN-SHELL RIVER,AAC HOCKLEY |BW5044|,25,12018,73.9,TRUE
2024,HILLSBURG-ROBLIN-SHELL RIVER,AAC HODGE |BW1069|,4,4187,73.9,TRUE
2024,HILLSBURG-ROBLIN-SHELL RIVER,AAC VIEWFIELD <FP GENETICS>|BW965| EXP,7,2357,68.8,TRUE
2024,HILLSBURG-ROBLIN-SHELL RIVER,AAC WHEATLAND <SECAN>,29,12795,71.6,TRUE
2024,HILLSBURG-ROBLIN-SHELL RIVER,SY MANNESS,7,2900,66.2,TRUE
2024,KELSEY,AAC HOCKLEY |BW5044|,3,1130,49.6,TRUE
2024,KELSEY,AAC REDBERRY,7,4618,69.3,TRUE
2024,KILLARNEY-TURTLE MTN,AAC BRANDON (BW 932),22,11367,65.9,TRUE
2024,KILLARNEY-TURTLE MTN,AAC HOCKLEY |BW5044|,3,675,63.6,TRUE
2024,KILLARNEY-TURTLE MTN,AAC HODGE |BW1069|,5,1853,76.5,TRUE
2024,KILLARNEY-TURTLE MTN,AAC STARBUCK <SECAN>,16,9431,76.1,TRUE
2024,KILLARNEY-TURTLE MTN,AAC WHEATLAND <SECAN>,23,14385,77.5,TRUE
2024,LAC DU BONNET,AAC BRANDON (BW 932),7,1511,67.5,TRUE
2024,LAC DU BONNET,AAC ELIE(BW931),4,1265,35.7,TRUE
2024,LAC DU BONNET,AAC HOCKLEY |BW5044|,6,942,70.3,TRUE
2024,LAC DU BONNET,AAC STARBUCK <SECAN>,5,2498,72.8,TRUE
2024,LAC DU BONNET,AAC VIEWFIELD <FP GENETICS>|BW965| EXP,7,3899,78.9,TRUE
2024,LAKESHORE,AAC BRANDON (BW 932),30,10379.5,56.4,TRUE
2024,LAKESHORE,AAC HOCKLEY |BW5044|,4,945,50.1,TRUE
2024,LAKESHORE,AAC STARBUCK <SECAN>,6,2608,66,TRUE
2024,LORNE,AAC BRANDON (BW 932),86,28463.1,73.4,TRUE
2024,LORNE,AAC HOCKLEY |BW5044|,3,712,49.9,TRUE
2024,LORNE,AAC HODGE |BW1069|,9,1390,66.8,TRUE
2024,LORNE,AAC STARBUCK <SECAN>,37,13107,73.1,TRUE
2024,LORNE,AAC WHEATLAND <SECAN>,6,1664,73.3,TRUE
2024,LORNE,SY MANNESS,4,761,69.6,TRUE
2024,LOUISE,AAC BRANDON (BW 932),70,28211,78.2,TRUE
2024,LOUISE,AAC HOCKLEY |BW5044|,4,683,73.1,TRUE
2024,LOUISE,AAC HODGE |BW1069|,4,1075,68.6,TRUE
2024,LOUISE,AAC STARBUCK <SECAN>,43,15979,78.2,TRUE
2024,LOUISE,AAC WHEATLAND <SECAN>,19,7576,86.9,TRUE
2024,LOUISE,SY MANNESS,8,2971,92.7,TRUE
2024,MACDONALD,AAC BRANDON (BW 932),56,25088,69.1,TRUE
2024,MACDONALD,AAC HOCKLEY |BW5044|,26,8530,73.8,TRUE
2024,MACDONALD,AAC STARBUCK <SECAN>,34,16639,78,TRUE
2024,MACDONALD,AAC TISDALE (PT250),3,1162,54.3,TRUE
2024,MACDONALD,AAC VIEWFIELD <FP GENETICS>|BW965| EXP,6,1771,77.2,TRUE
2024,MACDONALD,SY MANNESS,21,7776,84.1,TRUE
2024,MCCREARY,AAC BRANDON (BW 932),15,7441,54.9,TRUE
2024,MCCREARY,AAC STARBUCK <SECAN>,9,2895,48.4,TRUE
2024,MINITONAS-BOWSMAN,AAC BRANDON (BW 932),5,5315,70.7,TRUE
2024,MINITONAS-BOWSMAN,AAC HOCKLEY |BW5044|,6,1852,72.5,TRUE
2024,MINITONAS-BOWSMAN,AAC REDBERRY,3,1077.1,51.1,TRUE
2024,MINITONAS-BOWSMAN,AAC VIEWFIELD <FP GENETICS>|BW965| EXP,62,36565,77.2,TRUE
2024,MINITONAS-BOWSMAN,AAC WHEATLAND <SECAN>,11,2975,73,TRUE
2024,MINITONAS-BOWSMAN,SY MANNESS,7,1419,82.3,TRUE
2024,MINTO-ODANAH,AAC BRANDON (BW 932),21,5294,51.8,TRUE
2024,MINTO-ODANAH,AAC HOCKLEY |BW5044|,8,2496,66.9,TRUE
2024,MINTO-ODANAH,AAC HODGE |BW1069|,4,972,56.5,TRUE
2024,MINTO-ODANAH,AAC STARBUCK <SECAN>,29,14376,65.7,TRUE
2024,MINTO-ODANAH,AAC WHEATLAND <SECAN>,10,4669,59.7,TRUE
2024,MINTO-ODANAH,SY MANNESS,10,3220,61.8,TRUE
2024,MONTCALM,AAC BRANDON (BW 932),27,8747,75.1,TRUE
2024,MONTCALM,AAC STARBUCK <SECAN>,10,2226,74.3,TRUE
2024,MORRIS,AAC BRANDON (BW 932),57,22019.3,73.1,TRUE
2024,MORRIS,AAC HOCKLEY |BW5044|,6,2673,76.1,TRUE
2024,MORRIS,AAC STARBUCK <SECAN>,21,7357,74.8,TRUE
2024,MORRIS,AAC VIEWFIELD <FP GENETICS>|BW965| EXP,15,6115,75.9,TRUE
2024,MORRIS,SY GABBRO <SYNGENTA>,5,2227,83.4,TRUE
2024,MORRIS,SY MANNESS,28,5288,84.6,TRUE
2024,MOSSEY RIVER,AAC STARBUCK <SECAN>,5,1420,49.7,TRUE
2024,MOSSEY RIVER,AAC VIEWFIELD <FP GENETICS>|BW965| EXP,3,1402,76.6,TRUE
2024,MOUNTAIN,AAC BRANDON (BW 932),3,610,36.6,TRUE
2024,MOUNTAIN,AAC VIEWFIELD <FP GENETICS>|BW965| EXP,29,16742,74.5,TRUE
2024,MOUNTAIN,AAC WHEATLAND <SECAN>,5,2298,63.8,TRUE
2024,MOUNTAIN,SY MANNESS,3,1176,71.4,TRUE
2024,NORFOLK-TREHERNE,AAC BRANDON (BW 932),21,9149,73.9,TRUE
2024,NORFOLK-TREHERNE,AAC LEROY VB <ALLIANCE>,3,961,69.8,TRUE
2024,NORFOLK-TREHERNE,AAC STARBUCK <SECAN>,11,2843,64.6,TRUE
2024,NORFOLK-TREHERNE,AAC WHEATLAND <SECAN>,14,5433,73.7,TRUE
2024,NORTH CYPRESS-LANGFORD,AAC BRANDON (BW 932),55,37146,58.2,TRUE
2024,NORTH CYPRESS-LANGFORD,AAC HODGE |BW1069|,3,854,52.7,TRUE
2024,NORTH CYPRESS-LANGFORD,AAC STARBUCK <SECAN>,36,12835.1,59.7,TRUE
2024,NORTH CYPRESS-LANGFORD,AAC WHEATLAND <SECAN>,4,3073,75.3,TRUE
2024,NORTH NORFOLK,AAC BRANDON (BW 932),33,10048,56.4,TRUE
2024,NORTH NORFOLK,AAC ELIE(BW931),4,1360,51.6,TRUE
2024,NORTH NORFOLK,AAC HOCKLEY |BW5044|,3,1468,62.6,TRUE
2024,NORTH NORFOLK,AAC HODGE |BW1069|,5,656,43.5,TRUE
2024,NORTH NORFOLK,AAC STARBUCK <SECAN>,12,4517,54.5,TRUE
2024,NORTH NORFOLK,AAC WHEATLAND <SECAN>,5,2323,59.7,TRUE
2024,NORTH NORFOLK,BOLLES <SEED DEPOT>,9,4069,73.1,TRUE
2024,OAKLAND-WAWANESA,AAC BRANDON (BW 932),23,10028,63.6,TRUE
2024,OAKLAND-WAWANESA,AAC HODGE |BW1069|,3,704,52,TRUE
2024,OAKLAND-WAWANESA,AAC STARBUCK <SECAN>,16,5440,68.8,TRUE
2024,OAKLAND-WAWANESA,AAC WHEATLAND <SECAN>,15,5481,71.5,TRUE
2024,OAKVIEW,AAC BRANDON (BW 932),11,5251,61,TRUE
2024,OAKVIEW,AAC HOCKLEY |BW5044|,8,3438,66,TRUE
2024,OAKVIEW,AAC HODGE |BW1069|,7,1527,59.9,TRUE
2024,OAKVIEW,AAC REDBERRY,8,2822,53.8,TRUE
2024,OAKVIEW,AAC STARBUCK <SECAN>,49,24521,66.8,TRUE
2024,OAKVIEW,AAC WHEATLAND <SECAN>,31,13141,71.3,TRUE
2024,OAKVIEW,SY MANNESS,10,3674,70.6,TRUE
2024,PEMBINA,AAC BRANDON (BW 932),66,24519,72.2,TRUE
2024,PEMBINA,AAC BROADACRES <PROVEN>,8,2402,78.8,TRUE
2024,PEMBINA,AAC HOCKLEY |BW5044|,14,3819,75.8,TRUE
2024,PEMBINA,AAC HODGE |BW1069|,4,1513,67.9,TRUE
2024,PEMBINA,AAC STARBUCK <SECAN>,33,11740,79.4,TRUE
2024,PEMBINA,AAC WHEATLAND <SECAN>,24,5608.3,75.8,TRUE
2024,PEMBINA,SY CAST,3,738,82.1,TRUE
2024,PEMBINA,SY MANNESS,4,584,87.4,TRUE
2024,PINEY,AAC BRANDON (BW 932),5,705,43.8,TRUE
2024,PIPESTONE,AAC BRANDON (BW 932),24,12536,57.8,TRUE
2024,PIPESTONE,AAC HOCKLEY |BW5044|,13,4995,51.9,TRUE
2024,PIPESTONE,AAC HODGE |BW1069|,13,7218.5,42.5,TRUE
2024,PIPESTONE,AAC STARBUCK <SECAN>,22,13503,54.1,TRUE
2024,PIPESTONE,AAC VIEWFIELD <FP GENETICS>|BW965| EXP,3,1191,52.7,TRUE
2024,PIPESTONE,AAC WHEATLAND <SECAN>,13,7259,64.7,TRUE
2024,PORTAGE LA PRAIRIE,AAC BRANDON (BW 932),84,51923,67,TRUE
2024,PORTAGE LA PRAIRIE,AAC HOCKLEY |BW5044|,12,4760,68.1,TRUE
2024,PORTAGE LA PRAIRIE,AAC STARBUCK <SECAN>,35,14963,63.9,TRUE
2024,PORTAGE LA PRAIRIE,AAC WHEATLAND <SECAN>,4,1909,54.7,TRUE
2024,PORTAGE LA PRAIRIE,BOLLES <SEED DEPOT>,5,1994,70.5,TRUE
2024,PRAIRIE LAKES,AAC BRANDON (BW 932),49,26668,60.6,TRUE
2024,PRAIRIE LAKES,AAC HOCKLEY |BW5044|,3,698,62,TRUE
2024,PRAIRIE LAKES,AAC HODGE |BW1069|,5,1238,62.3,TRUE
2024,PRAIRIE LAKES,AAC STARBUCK <SECAN>,20,8751,66.6,TRUE
2024,PRAIRIE LAKES,AAC WHEATLAND <SECAN>,23,8287,66.8,TRUE
2024,PRAIRIE VIEW,AAC BRANDON (BW 932),9,2080,60.9,TRUE
2024,PRAIRIE VIEW,AAC HOCKLEY |BW5044|,10,3031,57,TRUE
2024,PRAIRIE VIEW,AAC HODGE |BW1069|,13,6882,70,TRUE
2024,PRAIRIE VIEW,AAC REDBERRY,7,3146,59,TRUE
2024,PRAIRIE VIEW,AAC STARBUCK <SECAN>,39,16830,66.7,TRUE
2024,PRAIRIE VIEW,AAC WHEATLAND <SECAN>,61,32092,69.9,TRUE
2024,PRAIRIE VIEW,BOLLES <SEED DEPOT>,9,6286,62,TRUE
2024,PRAIRIE VIEW,SY MANNESS,25,10443,72.2,TRUE
2024,RHINELAND,AAC BRANDON (BW 932),71,14591,78.9,TRUE
2024,RHINELAND,AAC STARBUCK <SECAN>,41,10123,75.9,TRUE
2024,RHINELAND,AAC WHEATLAND <SECAN>,11,2544,73.4,TRUE
2024,RHINELAND,SY MANNESS,7,856,85.8,TRUE
2024,RIDING MOUNTAIN WEST,AAC BRANDON (BW 932),14,3684.1,59.8,TRUE
2024,RIDING MOUNTAIN WEST,AAC HOCKLEY |BW5044|,27,11192,70.8,TRUE
2024,RIDING MOUNTAIN WEST,AAC HODGE |BW1069|,25,11663,69.6,TRUE
2024,RIDING MOUNTAIN WEST,AAC REDBERRY,8,1278,54,TRUE
2024,RIDING MOUNTAIN WEST,AAC STARBUCK <SECAN>,12,4611,67.1,TRUE
2024,RIDING MOUNTAIN WEST,AAC VIEWFIELD <FP GENETICS>|BW965| EXP,6,3538,57.9,TRUE
2024,RIDING MOUNTAIN WEST,AAC WHEATLAND <SECAN>,56,21183,66.7,TRUE
2024,RIDING MOUNTAIN WEST,BOLLES <SEED DEPOT>,4,1718,46.7,TRUE
2024,RIDING MOUNTAIN WEST,CDC LANDMARK,7,5486,65.8,TRUE
2024,RIDING MOUNTAIN WEST,SY MANNESS,26,9700,73,TRUE
2024,RITCHOT,AAC BRANDON (BW 932),17,5493.1,63.8,TRUE
2024,RITCHOT,AAC HOCKLEY |BW5044|,6,1114.1,75.8,TRUE
2024,RITCHOT,AAC STARBUCK <SECAN>,6,2399,73.4,TRUE
2024,RIVERDALE,AAC BRANDON (BW 932),19,6222,68.5,TRUE
2024,RIVERDALE,AAC STARBUCK <SECAN>,26,11465,68.5,TRUE
2024,RIVERDALE,AAC WHEATLAND <SECAN>,8,3315,69.7,TRUE
2024,ROCKWOOD,AAC BRANDON (BW 932),27,6848,60,TRUE
2024,ROCKWOOD,AAC HOCKLEY |BW5044|,12,3304,66.4,TRUE
2024,ROCKWOOD,AAC LEROY VB <ALLIANCE>,7,1675,64.8,TRUE
2024,ROCKWOOD,AAC STARBUCK <SECAN>,42,15447,67.8,TRUE
2024,ROLAND,AAC BRANDON (BW 932),30,9458,78.5,TRUE
2024,ROLAND,AAC BROADACRES <PROVEN>,4,1299,76.8,TRUE
2024,ROLAND,AAC HOCKLEY |BW5044|,7,1630,81.9,TRUE
2024,ROLAND,AAC LEROY VB <ALLIANCE>,3,880,66.9,TRUE
2024,ROLAND,AAC STARBUCK <SECAN>,17,3677,74.1,TRUE
2024,ROLAND,SY MANNESS,7,2047,85.9,TRUE
2024,ROSEDALE,AAC BRANDON (BW 932),22,9450,65.1,TRUE
2024,ROSEDALE,AAC ELIE(BW931),3,1289,60.8,TRUE
2024,ROSEDALE,AAC HOCKLEY |BW5044|,3,600,68,TRUE
2024,ROSEDALE,AAC STARBUCK <SECAN>,25,9961,71.1,TRUE
2024,ROSEDALE,AAC WHEATLAND <SECAN>,7,3124,81.3,TRUE
2024,ROSSBURN,AAC BRANDON (BW 932),15,5278.1,62,TRUE
2024,ROSSBURN,AAC HODGE |BW1069|,11,3861,63.9,TRUE
2024,ROSSBURN,AAC REDBERRY,7,2811,45,TRUE
2024,ROSSBURN,AAC STARBUCK <SECAN>,11,4205,63.8,TRUE
2024,ROSSBURN,AAC WHEATLAND <SECAN>,16,7085,59.9,TRUE
2024,ROSSBURN,SY MANNESS,10,2566,61.1,TRUE
2024,ROSSER,AAC BRANDON (BW 932),5,3109,58.3,TRUE
2024,ROSSER,AAC HOCKLEY |BW5044|,8,3325,69.6,TRUE
2024,ROSSER,AAC STARBUCK <SECAN>,30,11152,63.8,TRUE
2024,RUSSELL-BINSCARTH,AAC HOCKLEY |BW5044|,9,3664,83,TRUE
2024,RUSSELL-BINSCARTH,AAC HODGE |BW1069|,8,4285,67.1,TRUE
2024,RUSSELL-BINSCARTH,AAC STARBUCK <SECAN>,9,3663,61.6,TRUE
2024,RUSSELL-BINSCARTH,AAC WHEATLAND <SECAN>,14,10242,68.2,TRUE
2024,RUSSELL-BINSCARTH,SY MANNESS,9,2389,84.5,TRUE
2024,SIFTON,AAC BRANDON (BW 932),6,2577,52.8,TRUE
2024,SIFTON,AAC HOCKLEY |BW5044|,4,1275,69.4,TRUE
2024,SIFTON,AAC WHEATLAND <SECAN>,3,1076,55.5,TRUE
2024,SOURIS-GLENWOOD,AAC BRANDON (BW 932),15,9175,67,TRUE
2024,SOURIS-GLENWOOD,AAC HOCKLEY |BW5044|,8,3089,66.1,TRUE
2024,SOURIS-GLENWOOD,AAC STARBUCK <SECAN>,4,2804,66.3,TRUE
2024,SOURIS-GLENWOOD,AAC WHEATLAND <SECAN>,6,2835,74.3,TRUE
2024,SOURIS-GLENWOOD,SY MANNESS,6,1649,69,TRUE
2024,SPRINGFIELD,AAC BRANDON (BW 932),25,7256,54.4,TRUE
2024,SPRINGFIELD,AAC HOCKLEY |BW5044|,11,2509,60,TRUE
2024,SPRINGFIELD,AAC LEROY VB <ALLIANCE>,4,539,56.2,TRUE
2024,SPRINGFIELD,AAC STARBUCK <SECAN>,15,3654,64.9,TRUE
2024,SPRINGFIELD,AAC VIEWFIELD <FP GENETICS>|BW965| EXP,7,1628,58.5,TRUE
2024,SPRINGFIELD,SY MANNESS,8,3808,83.2,TRUE
2024,ST. ANDREWS,AAC BRANDON (BW 932),20,7305,65.1,TRUE
2024,ST. ANDREWS,AAC ELIE(BW931),4,781,41.3,TRUE
2024,ST. ANDREWS,AAC HOCKLEY |BW5044|,4,1020,57.1,TRUE
2024,ST. ANDREWS,AAC LEROY VB <ALLIANCE>,5,1243,49.3,TRUE
2024,ST. ANDREWS,AAC STARBUCK <SECAN>,26,14487,64.9,TRUE
2024,ST. ANDREWS,BOLLES <SEED DEPOT>,3,880,69.6,TRUE
2024,ST. CLEMENTS,AAC BRANDON (BW 932),11,2479,49.4,TRUE
2024,ST. CLEMENTS,AAC ELIE(BW931),4,1182,66.1,TRUE
2024,ST. CLEMENTS,AAC HOCKLEY |BW5044|,8,3222,74.3,TRUE
2024,ST. CLEMENTS,AAC LEROY VB <ALLIANCE>,3,1140,46,TRUE
2024,ST. CLEMENTS,AAC STARBUCK <SECAN>,3,831,43.6,TRUE
2024,ST. CLEMENTS,AAC VIEWFIELD <FP GENETICS>|BW965| EXP,14,4468,66.7,TRUE
2024,ST. FRANCIS XAVIER,AAC BRANDON (BW 932),7,1828,69.2,TRUE
2024,ST. FRANCIS XAVIER,AAC STARBUCK <SECAN>,15,7094,73.1,TRUE
2024,STANLEY,AAC BRANDON (BW 932),45,8919,71.4,TRUE
2024,STANLEY,AAC BROADACRES <PROVEN>,6,1523,66.2,TRUE
2024,STANLEY,AAC STARBUCK <SECAN>,42,7067,70.9,TRUE
2024,STANLEY,AAC WHEATLAND <SECAN>,6,599,75.1,TRUE
2024,STANLEY,SY CAST,4,1273,70.4,TRUE
2024,STANLEY,SY MANNESS,5,855,71.1,TRUE
2024,STE. ANNE,AAC BRANDON (BW 932),18,3480,73.7,TRUE
2024,STE. ROSE,AAC BRANDON (BW 932),13,8620.1,60.6,TRUE
2024,STE. ROSE,AAC STARBUCK <SECAN>,9,3672,66.2,TRUE
2024,STE. ROSE,CARDALE (BW429),4,2757,60.8,TRUE
2024,SWAN VALLEY WEST,AAC HOCKLEY |BW5044|,32,15425,71.6,TRUE
2024,SWAN VALLEY WEST,AAC HODGE |BW1069|,4,3477,74.7,TRUE
2024,SWAN VALLEY WEST,AAC VIEWFIELD <FP GENETICS>|BW965| EXP,53,40458,77.7,TRUE
2024,SWAN VALLEY WEST,AAC WHEATLAND <SECAN>,29,13634,70.3,TRUE
2024,SWAN VALLEY WEST,BOLLES <SEED DEPOT>,3,991,73.4,TRUE
2024,SWAN VALLEY WEST,SY MANNESS,19,8022,78.7,TRUE
2024,TACHE,AAC BRANDON (BW 932),36,8390,69.6,TRUE
2024,TACHE,AAC HOCKLEY |BW5044|,6,797,49.4,TRUE
2024,THOMPSON,AAC BRANDON (BW 932),22,6307,72.1,TRUE
2024,THOMPSON,AAC STARBUCK <SECAN>,27,8020,69.5,TRUE
2024,TWO BORDERS,AAC BRANDON (BW 932),57,40253,61.6,TRUE
2024,TWO BORDERS,AAC BROADACRES <PROVEN>,3,1256,59.9,TRUE
2024,TWO BORDERS,AAC ELIE(BW931),26,16188,54.5,TRUE
2024,TWO BORDERS,AAC HOCKLEY |BW5044|,11,4177,66.2,TRUE
2024,TWO BORDERS,AAC HODGE |BW1069|,8,3513,57.5,TRUE
2024,TWO BORDERS,AAC LEROY VB <ALLIANCE>,16,9680,55.5,TRUE
2024,TWO BORDERS,AAC STARBUCK <SECAN>,18,6935,65,TRUE
2024,TWO BORDERS,AAC WHEATLAND <SECAN>,13,6318,67.4,TRUE
2024,VICTORIA,AAC BRANDON (BW 932),12,4832,71.7,TRUE
2024,VICTORIA,AAC ELIE(BW931),7,1057,47.6,TRUE
2024,VICTORIA,AAC LEROY VB <ALLIANCE>,8,1585,59.6,TRUE
2024,VICTORIA,AAC STARBUCK <SECAN>,10,2543,77.3,TRUE
2024,VICTORIA,AAC WHEATLAND <SECAN>,6,2023,74.3,TRUE
2024,WALLACE-WOODWORTH,AAC BRANDON (BW 932),49,19736,55,TRUE
2024,WALLACE-WOODWORTH,AAC HOCKLEY |BW5044|,15,5998,64.5,TRUE
2024,WALLACE-WOODWORTH,AAC HODGE |BW1069|,31,8406,59.6,TRUE
2024,WALLACE-WOODWORTH,AAC STARBUCK <SECAN>,55,22903,57.5,TRUE
2024,WALLACE-WOODWORTH,AAC WHEATLAND <SECAN>,34,17893,56.4,TRUE
2024,WALLACE-WOODWORTH,SY MANNESS,7,1746,71.6,TRUE
2024,WALLACE-WOODWORTH,SY TORACH <SYNGENTA>,7,2120,47.9,TRUE
2024,WEST INTERLAKE,AAC HOCKLEY |BW5044|,3,713,52.1,TRUE
2024,WEST ST. PAUL,AAC STARBUCK <SECAN>,4,1485,55.7,TRUE
2024,WESTLAKE-GLADSTONE,AAC BRANDON (BW 932),46,37028,63.1,TRUE
2024,WESTLAKE-GLADSTONE,AAC HOCKLEY |BW5044|,9,1487,46.8,TRUE
2024,WESTLAKE-GLADSTONE,AAC HODGE |BW1069|,3,761,64.4,TRUE
2024,WESTLAKE-GLADSTONE,AAC REDBERRY,3,1432,56.2,TRUE
2024,WESTLAKE-GLADSTONE,AAC STARBUCK <SECAN>,31,17912,69.9,TRUE
2024,WESTLAKE-GLADSTONE,AAC WHEATLAND <SECAN>,3,3222,63.3,TRUE
2024,WHITEHEAD,AAC BRANDON (BW 932),26,11521,57.7,TRUE
2024,WHITEHEAD,AAC BROADACRES <PROVEN>,4,677,66.1,TRUE
2024,WHITEHEAD,AAC STARBUCK <SECAN>,7,3199,62.7,TRUE
2024,WHITEHEAD,AAC WHEATLAND <SECAN>,11,7047,64.2,TRUE
2024,WHITEHEAD,SY MANNESS,3,1032,60.6,TRUE
2024,WHITEMOUTH,AAC BRANDON (BW 932),10,1580,62.2,TRUE
2024,WHITEMOUTH,AAC HOCKLEY |BW5044|,3,1133,63.9,TRUE
2024,WINNIPEG,AAC HOCKLEY |BW5044|,4,767,67.7,TRUE
2024,WINNIPEG,AAC STARBUCK <SECAN>,3,946,55.2,TRUE
2024,WOODLANDS,AAC BRANDON (BW 932),21,8941,54.2,TRUE
2024,WOODLANDS,AAC HOCKLEY |BW5044|,4,1509,71.6,TRUE
2024,WOODLANDS,AAC LEROY VB <ALLIANCE>,3,740,48.5,TRUE
2024,WOODLANDS,AAC STARBUCK <SECAN>,32,10161,62.7,TRUE
2024,YELLOWHEAD,AAC BRANDON (BW 932),7,1913.2,55.8,TRUE
2024,YELLOWHEAD,AAC HOCKLEY |BW5044|,13,4475,67.5,TRUE
2024,YELLOWHEAD,AAC HODGE |BW1069|,13,8134,64.1,TRUE
2024,YELLOWHEAD,AAC REDBERRY,9,3673,55.7,TRUE
2024,YELLOWHEAD,AAC STARBUCK <SECAN>,27,9570.1,68.9,TRUE
2024,YELLOWHEAD,AAC WHEATLAND <SECAN>,20,12479,76.3,TRUE
2024,YELLOWHEAD,BOLLES <SEED DEPOT>,3,1515,72.7,TRUE
2024,YELLOWHEAD,SY MANNESS,24,8803,74.1,TRUE
2025,ALEXANDER,AAC BRANDON (BW 932),4,835,70.2,TRUE
2025,ALEXANDER,AAC ELIE(BW931),3,1226,87.6,TRUE
2025,ALEXANDER,AAC STARBUCK <SECAN>,4,1354,82.2,TRUE
2025,ALEXANDER,AAC VIEWFIELD <FP GENETICS>|BW965| EXP,3,1850,68,TRUE
2025,ALONSA,AAC BRANDON (BW 932),12,9408,50.7,TRUE
2025,ALONSA,AAC HOCKLEY |BW5044|,5,6469,45.1,TRUE
2025,ALONSA,AAC STARBUCK <SECAN>,6,1976,45.1,TRUE
2025,ARGYLE,AAC BRANDON (BW 932),44,17232,67.7,TRUE
2025,ARGYLE,AAC STARBUCK <SECAN>,27,9522,64.1,TRUE
2025,ARGYLE,AAC WHEATLAND <SECAN>,3,1205,66.8,TRUE
2025,ARGYLE,SY MANNESS,12,3170,66.9,TRUE
2025,ARMSTRONG,AAC BRANDON (BW 932),9,1177,22.3,TRUE
2025,ARMSTRONG,SY MANNESS,3,601,42.9,TRUE
2025,BIFROST-RIVERTON,AAC BRANDON (BW 932),21,7390,50.9,TRUE
2025,BIFROST-RIVERTON,AAC BROADACRES <PROVEN>,3,632,55.2,TRUE
2025,BIFROST-RIVERTON,AAC HOCKLEY |BW5044|,25,6777,57.2,TRUE
2025,BIFROST-RIVERTON,AAC SPIKE,3,613,55.3,TRUE
2025,BIFROST-RIVERTON,AAC STARBUCK <SECAN>,7,1837,59.1,TRUE
2025,BIFROST-RIVERTON,AAC VIEWFIELD <FP GENETICS>|BW965| EXP,4,1262,58.6,TRUE
2025,BIFROST-RIVERTON,SY MANNESS,37,15691,57.3,TRUE
2025,BIFROST-RIVERTON,SY TORACH <SYNGENTA>,11,1367.8,53.6,TRUE
2025,BOISSEVAIN-MORTON,AAC BRANDON (BW 932),21,8651,71.2,TRUE
2025,BOISSEVAIN-MORTON,AAC HOCKLEY |BW5044|,6,1507,68.3,TRUE
2025,BOISSEVAIN-MORTON,AAC HODGE |BW1069|,6,2449,66.6,TRUE
2025,BOISSEVAIN-MORTON,AAC STARBUCK <SECAN>,14,5675,67.9,TRUE
2025,BOISSEVAIN-MORTON,AAC WESTKING,3,950,66.8,TRUE
2025,BOISSEVAIN-MORTON,AAC WHEATLAND <SECAN>,31,17017,78.7,TRUE
2025,BOISSEVAIN-MORTON,SY MANNESS,3,745,90.9,TRUE
2025,BRENDA-WASKADA,AAC BRANDON (BW 932),35,21742,60.3,TRUE
2025,BRENDA-WASKADA,AAC ELIE(BW931),8,3020,47.5,TRUE
2025,BRENDA-WASKADA,AAC HOCKLEY |BW5044|,5,3199,46.2,TRUE
2025,BRENDA-WASKADA,AAC STARBUCK <SECAN>,3,2333,63.6,TRUE
2025,BRENDA-WASKADA,AAC WHEATLAND <SECAN>,21,11764,61.1,TRUE
2025,BROKENHEAD,AAC BRANDON (BW 932),17,3534,66.7,TRUE
2025,BROKENHEAD,AAC BROADACRES <PROVEN>,17,2564,57.4,TRUE
2025,BROKENHEAD,AAC HOCKLEY |BW5044|,8,1932,57.5,TRUE
2025,BROKENHEAD,AAC STARBUCK <SECAN>,7,2315,65.8,TRUE
2025,BROKENHEAD,AAC VIEWFIELD <FP GENETICS>|BW965| EXP,18,5840,72.4,TRUE
2025,BROKENHEAD,BOLLES <SEED DEPOT>,6,1895,57.5,TRUE
2025,BROKENHEAD,SY MANNESS,14,3255,67.9,TRUE
2025,CARTIER,AAC BRANDON (BW 932),18,4935,74.7,TRUE
2025,CARTIER,AAC HOCKLEY |BW5044|,9,3030,83.6,TRUE
2025,CARTIER,AAC STARBUCK <SECAN>,19,7447,77.1,TRUE
2025,CARTIER,SY MANNESS,19,8174,78.6,TRUE
2025,CARTWRIGHT-ROBLIN,AAC BRANDON (BW 932),24,6181,69,TRUE
2025,CARTWRIGHT-ROBLIN,AAC LEROY VB <ALLIANCE>,3,528,58,TRUE
2025,CARTWRIGHT-ROBLIN,AAC STARBUCK <SECAN>,17,6826,69.2,TRUE
2025,CARTWRIGHT-ROBLIN,AAC WHEATLAND <SECAN>,23,7313,66.2,TRUE
2025,CARTWRIGHT-ROBLIN,SY MANNESS,5,1310,79.3,TRUE
2025,CLANWILLIAM-ERICKSON,AAC BRANDON (BW 932),3,617,46,TRUE
2025,CLANWILLIAM-ERICKSON,AAC HOCKLEY |BW5044|,3,1460,63,TRUE
2025,CLANWILLIAM-ERICKSON,AAC STARBUCK <SECAN>,7,2064,65,TRUE
2025,CORNWALLIS,AAC BRANDON (BW 932),21,6556,60.1,TRUE
2025,CORNWALLIS,AAC STARBUCK <SECAN>,6,1525,51.2,TRUE
2025,CORNWALLIS,AAC WHEATLAND <SECAN>,6,3734,81.4,TRUE
2025,DAUPHIN,AAC BRANDON (BW 932),39,13697.7,63.7,TRUE
2025,DAUPHIN,AAC HOCKLEY |BW5044|,4,505,72.9,TRUE
2025,DAUPHIN,AAC STARBUCK <SECAN>,19,8089,71.8,TRUE
2025,DAUPHIN,AAC VIEWFIELD <FP GENETICS>|BW965| EXP,5,2622,84.5,TRUE
2025,DAUPHIN,AAC WHEATLAND <SECAN>,13,5108,64.6,TRUE
2025,DAUPHIN,CARDALE (BW429),3,2316,49,TRUE
2025,DAUPHIN,SY MANNESS,26,9779,74.4,TRUE
2025,DELORAINE-WINCHESTER,AAC BRANDON (BW 932),25,14116,67.8,TRUE
2025,DELORAINE-WINCHESTER,AAC BROADACRES <PROVEN>,5,3865,55.1,TRUE
2025,DELORAINE-WINCHESTER,AAC ELIE(BW931),7,5064,74.5,TRUE
2025,DELORAINE-WINCHESTER,AAC WHEATLAND <SECAN>,8,4306,61.2,TRUE
2025,DELORAINE-WINCHESTER,SY MANNESS,3,1553,73.2,TRUE
2025,DESALABERRY,AAC BRANDON (BW 932),21,7934,70.6,TRUE
2025,DESALABERRY,AAC HOCKLEY |BW5044|,3,696,71.3,TRUE
2025,DESALABERRY,AAC STARBUCK <SECAN>,15,9646,78.1,TRUE
2025,DESALABERRY,AAC TISDALE (PT250),3,579,68,TRUE
2025,DESALABERRY,AAC WESTKING,3,748,82.4,TRUE
2025,DESALABERRY,SY MANNESS,6,1921,83.6,TRUE
2025,DUFFERIN,AAC BRANDON (BW 932),22,6656,76.8,TRUE
2025,DUFFERIN,AAC HOCKLEY |BW5044|,22,4335,78.4,TRUE
2025,DUFFERIN,AAC STARBUCK <SECAN>,15,2605,80.8,TRUE
2025,DUFFERIN,AAC WESTKING,3,592,90.8,TRUE
2025,DUFFERIN,SY MANNESS,12,2331.5,78.2,TRUE
2025,ELLICE-ARCHIE,AAC BRANDON (BW 932),7,1966,63.7,TRUE
2025,ELLICE-ARCHIE,AAC HOCKLEY |BW5044|,8,4703,69.1,TRUE
2025,ELLICE-ARCHIE,AAC STARBUCK <SECAN>,15,6785,67.2,TRUE
2025,ELLICE-ARCHIE,AAC WESTKING,5,1952,87.7,TRUE
2025,ELLICE-ARCHIE,AAC WHEATLAND <SECAN>,20,11691,65.1,TRUE
2025,ELLICE-ARCHIE,BOLLES <SEED DEPOT>,3,817,63.9,TRUE
2025,ELTON,AAC BRANDON (BW 932),35,18599,78,TRUE
2025,ELTON,AAC STARBUCK <SECAN>,24,11531,75.2,TRUE
2025,ELTON,AAC WHEATLAND <SECAN>,7,3936,80.6,TRUE
2025,ELTON,SY MANNESS,7,1516,73.2,TRUE
2025,EMERSON-FRANKLIN,AAC BRANDON (BW 932),27,13525,76.5,TRUE
2025,EMERSON-FRANKLIN,AAC STARBUCK <SECAN>,14,4928,74.1,TRUE
2025,EMERSON-FRANKLIN,SY MANNESS,7,3083,86.5,TRUE
2025,ETHELBERT,AAC BRANDON (BW 932),11,2601,53.3,TRUE
2025,ETHELBERT,SY MANNESS,3,1150,57.9,TRUE
2025,FISHER,AAC BRANDON (BW 932),20,7267,45.5,TRUE
2025,FISHER,AAC HOCKLEY |BW5044|,11,2462,62.1,TRUE
2025,FISHER,SY MANNESS,8,2256,47.9,TRUE
2025,GILBERT PLAINS,AAC BRANDON (BW 932),20,7342,74.9,TRUE
2025,GILBERT PLAINS,AAC HOCKLEY |BW5044|,18,6897,72.3,TRUE
2025,GILBERT PLAINS,AAC REDBERRY,15,10344,78.4,TRUE
2025,GILBERT PLAINS,AAC STARBUCK <SECAN>,15,7842,80.2,TRUE
2025,GILBERT PLAINS,AAC VIEWFIELD <FP GENETICS>|BW965| EXP,14,6336,71.2,TRUE
2025,GILBERT PLAINS,AAC WESTKING,3,755,91.7,TRUE
2025,GILBERT PLAINS,AAC WHEATLAND <SECAN>,15,7512,80.9,TRUE
2025,GILBERT PLAINS,CARDALE (BW429),3,868,66.7,TRUE
2025,GILBERT PLAINS,SY MANNESS,7,1529,63.9,TRUE
2025,GIMLI,AAC BRANDON (BW 932),9,3155,65.4,TRUE
2025,GLENBORO-SOUTH CYPRESS,AAC BRANDON (BW 932),16,4400,53.8,TRUE
2025,GLENBORO-SOUTH CYPRESS,AAC STARBUCK <SECAN>,9,3732,63,TRUE
2025,GLENBORO-SOUTH CYPRESS,SY MANNESS,5,1009,52.3,TRUE
2025,GLENELLA-LANSDOWNE,AAC BRANDON (BW 932),31,20515,54,TRUE
2025,GLENELLA-LANSDOWNE,AAC HOCKLEY |BW5044|,11,8058,47.6,TRUE
2025,GLENELLA-LANSDOWNE,AAC HODGE |BW1069|,3,679,49,TRUE
2025,GLENELLA-LANSDOWNE,AAC STARBUCK <SECAN>,28,12565,58.1,TRUE
2025,GLENELLA-LANSDOWNE,AAC WHEATLAND <SECAN>,3,3504,78.5,TRUE
2025,GRAHAMDALE,AAC HOCKLEY |BW5044|,8,3593,39.8,TRUE
2025,GRAHAMDALE,AAC STARBUCK <SECAN>,4,2245,26.8,TRUE
2025,GRANDVIEW,AAC BRANDON (BW 932),26,12672,86.4,TRUE
2025,GRANDVIEW,AAC HOCKLEY |BW5044|,21,11299,71.1,TRUE
2025,GRANDVIEW,AAC HODGE |BW1069|,4,861,58.4,TRUE
2025,GRANDVIEW,AAC REDBERRY,5,2873,75.6,TRUE
2025,GRANDVIEW,AAC STARBUCK <SECAN>,10,4456,90.2,TRUE
2025,GRANDVIEW,AAC VIEWFIELD <FP GENETICS>|BW965| EXP,7,2765,77.5,TRUE
2025,GRANDVIEW,AAC WHEATLAND <SECAN>,25,10655,79.9,TRUE
2025,GRANDVIEW,BOLLES <SEED DEPOT>,6,1099,70.7,TRUE
2025,GRANDVIEW,SY MANNESS,10,3420,75.5,TRUE
2025,GRASSLAND,AAC BRANDON (BW 932),36,24847,65.4,TRUE
2025,GRASSLAND,AAC HOCKLEY |BW5044|,12,5737,64.7,TRUE
2025,GRASSLAND,AAC LEROY VB <ALLIANCE>,3,1258,28.5,TRUE
2025,GRASSLAND,AAC STARBUCK <SECAN>,10,4461,66.1,TRUE
2025,GRASSLAND,AAC WHEATLAND <SECAN>,25,11929,68.4,TRUE
2025,GRASSLAND,CDC ENVY,3,776,57.6,TRUE
2025,GREY,AAC BRANDON (BW 932),15,6720,81.5,TRUE
2025,GREY,AAC HOCKLEY |BW5044|,20,7355,77.2,TRUE
2025,GREY,AAC STARBUCK <SECAN>,19,4389,71,TRUE
2025,GREY,AAC WHEATLAND <SECAN>,6,2194,68.2,TRUE
2025,GREY,SY MANNESS,21,6739,75.8,TRUE
2025,HAMIOTA,AAC BRANDON (BW 932),5,1711,59.4,TRUE
2025,HAMIOTA,AAC BROADACRES <PROVEN>,3,1711,73.5,TRUE
2025,HAMIOTA,AAC HOCKLEY |BW5044|,10,3705,67.9,TRUE
2025,HAMIOTA,AAC STARBUCK <SECAN>,18,7056,72.1,TRUE
2025,HAMIOTA,AAC WHEATLAND <SECAN>,20,9046,74.2,TRUE
2025,HAMIOTA,SY MANNESS,18,5329,71.9,TRUE
2025,HANOVER,AAC BRANDON (BW 932),20,7419,68.5,TRUE
2025,HANOVER,AAC STARBUCK <SECAN>,3,564,75.9,TRUE
2025,HARRISON PARK,AAC BRANDON (BW 932),7,2033,63.6,TRUE
2025,HARRISON PARK,AAC HOCKLEY |BW5044|,11,4910,67,TRUE
2025,HARRISON PARK,AAC REDBERRY,11,2852,54,TRUE
2025,HARRISON PARK,AAC STARBUCK <SECAN>,18,6715,63.3,TRUE
2025,HARRISON PARK,AAC WHEATLAND <SECAN>,9,3358,67.3,TRUE
2025,HARRISON PARK,CDC ENVY,4,1274,68.4,TRUE
2025,HARRISON PARK,SY MANNESS,12,5834,70.1,TRUE
2025,HEADINGLEY,SY MANNESS,5,2714,72.4,TRUE
2025,HILLSBURG-ROBLIN-SHELL RIVER,AAC HOCKLEY |BW5044|,32,16688,70.9,TRUE
2025,HILLSBURG-ROBLIN-SHELL RIVER,AAC VIEWFIELD <FP GENETICS>|BW965| EXP,8,3498,70.4,TRUE
2025,HILLSBURG-ROBLIN-SHELL RIVER,AAC WHEATLAND <SECAN>,36,19772,76.3,TRUE
2025,HILLSBURG-ROBLIN-SHELL RIVER,AC CADILLAC (BW 689),3,653,47.3,TRUE
2025,HILLSBURG-ROBLIN-SHELL RIVER,SY MANNESS,7,2279,82.1,TRUE
2025,KELSEY,AAC HOCKLEY |BW5044|,3,1308,68.8,TRUE
2025,KELSEY,AAC REDBERRY,4,3840,80.9,TRUE
2025,KILLARNEY-TURTLE MTN,AAC BRANDON (BW 932),20,11558,68.5,TRUE
2025,KILLARNEY-TURTLE MTN,AAC HOCKLEY |BW5044|,3,1126,36,TRUE
2025,KILLARNEY-TURTLE MTN,AAC STARBUCK <SECAN>,17,14837,71.7,TRUE
2025,KILLARNEY-TURTLE MTN,AAC WHEATLAND <SECAN>,24,13854.7,72.8,TRUE
2025,KILLARNEY-TURTLE MTN,SY MANNESS,7,4363,76.1,TRUE
2025,LAC DU BONNET,AAC ELIE(BW931),4,2477,83.8,TRUE
2025,LAC DU BONNET,AAC HOCKLEY |BW5044|,5,2105,64.9,TRUE
2025,LAC DU BONNET,AAC STARBUCK <SECAN>,4,2776,61.2,TRUE
2025,LAC DU BONNET,AAC VIEWFIELD <FP GENETICS>|BW965| EXP,6,2027,68.1,TRUE
2025,LAC DU BONNET,SY MANNESS,9,3675,68.3,TRUE
2025,LAKESHORE,AAC BRANDON (BW 932),24,10565,61.9,TRUE
2025,LAKESHORE,AAC HOCKLEY |BW5044|,6,1585,51,TRUE
2025,LAKESHORE,AAC STARBUCK <SECAN>,11,4623,55.6,TRUE
2025,LAKESHORE,CARDALE (BW429),4,2128,50.6,TRUE
2025,LAKESHORE,SY MANNESS,3,1315,51.2,TRUE
2025,LORNE,AAC BRANDON (BW 932),70,24140.2,80.4,TRUE
2025,LORNE,AAC HOCKLEY |BW5044|,4,878,75.5,TRUE
2025,LORNE,AAC HODGE |BW1069|,7,1165,69.2,TRUE
2025,LORNE,AAC LEROY VB <ALLIANCE>,4,621,71.9,TRUE
2025,LORNE,AAC STARBUCK <SECAN>,40,11731,76.5,TRUE
2025,LORNE,AAC WESTKING,3,1184,90.7,TRUE
2025,LORNE,AAC WHEATLAND <SECAN>,14,2640,76,TRUE
2025,LORNE,SY MANNESS,7,1080,74.3,TRUE
2025,LOUISE,AAC BRANDON (BW 932),68,24274,81.4,TRUE
2025,LOUISE,AAC STARBUCK <SECAN>,28,12761,84.4,TRUE
2025,LOUISE,AAC WESTKING,5,979,91.3,TRUE
2025,LOUISE,AAC WHEATLAND <SECAN>,26,12945,83,TRUE
2025,LOUISE,SY MANNESS,14,3252,96.3,TRUE
2025,MACDONALD,AAC BRANDON (BW 932),40,14831,69.6,TRUE
2025,MACDONALD,AAC HOCKLEY |BW5044|,32,11822,71.4,TRUE
2025,MACDONALD,AAC STARBUCK <SECAN>,23,10765,74.1,TRUE
2025,MACDONALD,AAC VIEWFIELD <FP GENETICS>|BW965| EXP,5,1272,70.4,TRUE
2025,MACDONALD,SY MANNESS,62,25298,73.3,TRUE
2025,MCCREARY,AAC BRANDON (BW 932),15,7623,50.3,TRUE
2025,MCCREARY,AAC HOCKLEY |BW5044|,3,1058,61.4,TRUE
2025,MCCREARY,AAC STARBUCK <SECAN>,10,2959,51.1,TRUE
2025,MINITONAS-BOWSMAN,AAC BRANDON (BW 932),4,3842,93,TRUE
2025,MINITONAS-BOWSMAN,AAC HOCKLEY |BW5044|,5,1548,78.9,TRUE
2025,MINITONAS-BOWSMAN,AAC VIEWFIELD <FP GENETICS>|BW965| EXP,72,40771,75.7,TRUE
2025,MINITONAS-BOWSMAN,AAC WHEATLAND <SECAN>,6,2288,73.3,TRUE
2025,MINITONAS-BOWSMAN,CARDALE (BW429),3,680,63.8,TRUE
2025,MINITONAS-BOWSMAN,SY MANNESS,8,3419,67.3,TRUE
2025,MINTO-ODANAH,AAC BRANDON (BW 932),18,6330,70.6,TRUE
2025,MINTO-ODANAH,AAC HOCKLEY |BW5044|,9,1993,63.8,TRUE
2025,MINTO-ODANAH,AAC STARBUCK <SECAN>,34,19497,77.8,TRUE
2025,MINTO-ODANAH,AAC WHEATLAND <SECAN>,9,3204,71.7,TRUE
2025,MINTO-ODANAH,SY MANNESS,8,3146,74.2,TRUE
2025,MONTCALM,AAC BRANDON (BW 932),18,7482,82.6,TRUE
2025,MONTCALM,AAC HOCKLEY |BW5044|,3,504,72.1,TRUE
2025,MONTCALM,AAC STARBUCK <SECAN>,9,2685,74.3,TRUE
2025,MONTCALM,SY MANNESS,11,2262,80.3,TRUE
2025,MORRIS,AAC BRANDON (BW 932),44,14420,71,TRUE
2025,MORRIS,AAC HOCKLEY |BW5044|,11,3646,65,TRUE
2025,MORRIS,AAC STARBUCK <SECAN>,18,4185,77.5,TRUE
2025,MORRIS,AAC VIEWFIELD <FP GENETICS>|BW965| EXP,18,6480,81.3,TRUE
2025,MORRIS,SY GABBRO <SYNGENTA>,3,1120,71,TRUE
2025,MORRIS,SY MANNESS,50,15324,76.4,TRUE
2025,MOSSEY RIVER,AAC BRANDON (BW 932),5,1778,52,TRUE
2025,MOSSEY RIVER,AAC STARBUCK <SECAN>,4,682,64.5,TRUE
2025,MOSSEY RIVER,AAC VIEWFIELD <FP GENETICS>|BW965| EXP,3,1263,74.7,TRUE
2025,MOSSEY RIVER,AAC WHEATLAND <SECAN>,4,1081,72.3,TRUE
2025,MOSSEY RIVER,CDC ORTONA <PROVEN>,3,588,65.9,TRUE
2025,MOUNTAIN,AAC VIEWFIELD <FP GENETICS>|BW965| EXP,30,18827,73.3,TRUE
2025,MOUNTAIN,SY MANNESS,3,4761,77.8,TRUE
2025,NORFOLK-TREHERNE,AAC BRANDON (BW 932),32,12048.3,76.8,TRUE
2025,NORFOLK-TREHERNE,AAC STARBUCK <SECAN>,12,2687,69.3,TRUE
2025,NORFOLK-TREHERNE,AAC WHEATLAND <SECAN>,12,5401,77.8,TRUE
2025,NORTH CYPRESS-LANGFORD,AAC BRANDON (BW 932),55,38897,63.4,TRUE
2025,NORTH CYPRESS-LANGFORD,AAC HOCKLEY |BW5044|,3,1401,81.6,TRUE
2025,NORTH CYPRESS-LANGFORD,AAC STARBUCK <SECAN>,26,12498,70.7,TRUE
2025,NORTH CYPRESS-LANGFORD,AAC WHEATLAND <SECAN>,5,7228,76.6,TRUE
2025,NORTH NORFOLK,AAC BRANDON (BW 932),29,10137,67.4,TRUE
2025,NORTH NORFOLK,AAC ELIE(BW931),4,1147,57.9,TRUE
2025,NORTH NORFOLK,AAC STARBUCK <SECAN>,21,5827,62.8,TRUE
2025,NORTH NORFOLK,AAC WHEATLAND <SECAN>,5,2070,62.8,TRUE
2025,NORTH NORFOLK,BOLLES <SEED DEPOT>,8,4500,71.6,TRUE
2025,OAKLAND-WAWANESA,AAC BRANDON (BW 932),19,10262,68.1,TRUE
2025,OAKLAND-WAWANESA,AAC STARBUCK <SECAN>,10,2843,73.6,TRUE
2025,OAKLAND-WAWANESA,AAC WHEATLAND <SECAN>,14,6550,70,TRUE
2025,OAKVIEW,AAC BRANDON (BW 932),11,5994,64,TRUE
2025,OAKVIEW,AAC HOCKLEY |BW5044|,10,3450,72.6,TRUE
2025,OAKVIEW,AAC HODGE |BW1069|,5,1490,50.9,TRUE
2025,OAKVIEW,AAC REDBERRY,4,943,64,TRUE
2025,OAKVIEW,AAC STARBUCK <SECAN>,46,20927,69.7,TRUE
2025,OAKVIEW,AAC WESTKING,3,909,74.3,TRUE
2025,OAKVIEW,AAC WHEATLAND <SECAN>,26,13423,73.2,TRUE
2025,OAKVIEW,SY MANNESS,14,5158,72.4,TRUE
2025,PEMBINA,AAC BRANDON (BW 932),54,21224,78.4,TRUE
2025,PEMBINA,AAC BROADACRES <PROVEN>,4,816,64.1,TRUE
2025,PEMBINA,AAC HOCKLEY |BW5044|,7,4119,70.5,TRUE
2025,PEMBINA,AAC STARBUCK <SECAN>,30,9064,74.1,TRUE
2025,PEMBINA,AAC WESTKING,4,840,95.9,TRUE
2025,PEMBINA,AAC WHEATLAND <SECAN>,26,8137,78.4,TRUE
2025,PEMBINA,SY MANNESS,7,1555,88,TRUE
2025,PINEY,AAC BRANDON (BW 932),5,1730,58.9,TRUE
2025,PIPESTONE,AAC BRANDON (BW 932),28,16686,60.9,TRUE
2025,PIPESTONE,AAC HOCKLEY |BW5044|,16,5411,65.9,TRUE
2025,PIPESTONE,AAC HODGE |BW1069|,5,1515,46.5,TRUE
2025,PIPESTONE,AAC STARBUCK <SECAN>,33,21873,63,TRUE
2025,PIPESTONE,AAC WHEATLAND <SECAN>,12,11376,65,TRUE
2025,PIPESTONE,SY MANNESS,8,1978,65.4,TRUE
2025,PORTAGE LA PRAIRIE,AAC BRANDON (BW 932),83,45210,75.3,TRUE
2025,PORTAGE LA PRAIRIE,AAC HOCKLEY |BW5044|,13,5221,80.1,TRUE
2025,PORTAGE LA PRAIRIE,AAC STARBUCK <SECAN>,29,14235,83.3,TRUE
2025,PORTAGE LA PRAIRIE,AAC WESTKING,5,1285,68.4,TRUE
2025,PORTAGE LA PRAIRIE,AAC WHEATLAND <SECAN>,4,2814,63.4,TRUE
2025,PORTAGE LA PRAIRIE,BOLLES <SEED DEPOT>,5,2191,55.2,TRUE
2025,PORTAGE LA PRAIRIE,SY MANNESS,16,4184,81.4,TRUE
2025,PRAIRIE LAKES,AAC BRANDON (BW 932),37,21892,68.9,TRUE
2025,PRAIRIE LAKES,AAC HOCKLEY |BW5044|,4,1986.8,14.4,TRUE
2025,PRAIRIE LAKES,AAC STARBUCK <SECAN>,22,9467,70.4,TRUE
2025,PRAIRIE LAKES,AAC WHEATLAND <SECAN>,26,10022,72.7,TRUE
2025,PRAIRIE LAKES,SY MANNESS,13,4768,64.7,TRUE
2025,PRAIRIE VIEW,AAC BRANDON (BW 932),7,2912.9,64.3,TRUE
2025,PRAIRIE VIEW,AAC HOCKLEY |BW5044|,13,5681,76.5,TRUE
2025,PRAIRIE VIEW,AAC HODGE |BW1069|,6,1975,62.3,TRUE
2025,PRAIRIE VIEW,AAC STARBUCK <SECAN>,35,16272,73.5,TRUE
2025,PRAIRIE VIEW,AAC WESTKING,5,1611,80.3,TRUE
2025,PRAIRIE VIEW,AAC WHEATLAND <SECAN>,72,37970.5,71.8,TRUE
2025,PRAIRIE VIEW,BOLLES <SEED DEPOT>,5,5110,60.1,TRUE
2025,PRAIRIE VIEW,SY MANNESS,19,6517.5,66.8,TRUE
2025,RHINELAND,AAC BRANDON (BW 932),44,8420,80.2,TRUE
2025,RHINELAND,AAC STARBUCK <SECAN>,38,8823,77.4,TRUE
2025,RHINELAND,AAC WESTKING,4,685,91.8,TRUE
2025,RHINELAND,AAC WHEATLAND <SECAN>,5,943,73.7,TRUE
2025,RHINELAND,SY MANNESS,15,3159,80.1,TRUE
2025,RIDING MOUNTAIN WEST,AAC BRANDON (BW 932),6,2736,71.2,TRUE
2025,RIDING MOUNTAIN WEST,AAC HOCKLEY |BW5044|,37,17060,72.1,TRUE
2025,RIDING MOUNTAIN WEST,AAC HODGE |BW1069|,10,2182,65.2,TRUE
2025,RIDING MOUNTAIN WEST,AAC REDBERRY,5,1282.7,59.1,TRUE
2025,RIDING MOUNTAIN WEST,AAC STARBUCK <SECAN>,11,5497,79.7,TRUE
2025,RIDING MOUNTAIN WEST,AAC VIEWFIELD <FP GENETICS>|BW965| EXP,5,2285.5,87.3,TRUE
2025,RIDING MOUNTAIN WEST,AAC WESTKING,3,1239,87.7,TRUE
2025,RIDING MOUNTAIN WEST,AAC WHEATLAND <SECAN>,53,25379,72.7,TRUE
2025,RIDING MOUNTAIN WEST,BOLLES <SEED DEPOT>,3,1745,43.4,TRUE
2025,RIDING MOUNTAIN WEST,CDC LANDMARK,3,2200,72.3,TRUE
2025,RIDING MOUNTAIN WEST,SY MANNESS,29,13808,77.7,TRUE
2025,RITCHOT,AAC BRANDON (BW 932),14,3106.3,75.9,TRUE
2025,RITCHOT,AAC HOCKLEY |BW5044|,5,1119,74.6,TRUE
2025,RITCHOT,AAC STARBUCK <SECAN>,6,2267,66.8,TRUE
2025,RITCHOT,SY MANNESS,11,2514,76.6,TRUE
2025,RIVERDALE,AAC BRANDON (BW 932),14,5958,48.3,TRUE
2025,RIVERDALE,AAC STARBUCK <SECAN>,26,9954,65.8,TRUE
2025,RIVERDALE,AAC WHEATLAND <SECAN>,11,3304,57.4,TRUE
2025,RIVERDALE,SY MANNESS,4,1953,73.8,TRUE
2025,ROCKWOOD,AAC BRANDON (BW 932),21,4779,56.3,TRUE
2025,ROCKWOOD,AAC HOCKLEY |BW5044|,8,2373,55.1,TRUE
2025,ROCKWOOD,AAC LEROY VB <ALLIANCE>,3,913,55.1,TRUE
2025,ROCKWOOD,AAC STARBUCK <SECAN>,44,18212,55.4,TRUE
2025,ROCKWOOD,BOLLES <SEED DEPOT>,4,4363,66.6,TRUE
2025,ROCKWOOD,SY MANNESS,4,720,59.1,TRUE
2025,ROLAND,AAC BRANDON (BW 932),30,7619,79.2,TRUE
2025,ROLAND,AAC BROADACRES <PROVEN>,4,1205,84.3,TRUE
2025,ROLAND,AAC HOCKLEY |BW5044|,10,2652,82.8,TRUE
2025,ROLAND,AAC STARBUCK <SECAN>,13,3035,79.6,TRUE
2025,ROLAND,SY MANNESS,11,2986,88.6,TRUE
2025,ROSEDALE,AAC BRANDON (BW 932),17,6600,65.9,TRUE
2025,ROSEDALE,AAC ELIE(BW931),3,893,59.9,TRUE
2025,ROSEDALE,AAC HOCKLEY |BW5044|,6,1688,57,TRUE
2025,ROSEDALE,AAC STARBUCK <SECAN>,28,11371,66.5,TRUE
2025,ROSEDALE,AAC WHEATLAND <SECAN>,6,1373,69.1,TRUE
2025,ROSSBURN,AAC BRANDON (BW 932),12,4342.9,65.7,TRUE
2025,ROSSBURN,AAC HOCKLEY |BW5044|,4,2635,56.5,TRUE
2025,ROSSBURN,AAC HODGE |BW1069|,5,1286,71.5,TRUE
2025,ROSSBURN,AAC REDBERRY,6,2222,49.1,TRUE
2025,ROSSBURN,AAC STARBUCK <SECAN>,17,6103.7,76.9,TRUE
2025,ROSSBURN,AAC WHEATLAND <SECAN>,22,9427,81.7,TRUE
2025,ROSSBURN,SY MANNESS,10,3351,75.9,TRUE
2025,ROSSER,AAC BRANDON (BW 932),6,3397,62.1,TRUE
2025,ROSSER,AAC HOCKLEY |BW5044|,9,3490,64.9,TRUE
2025,ROSSER,AAC STARBUCK <SECAN>,34,15059,63,TRUE
2025,RUSSELL-BINSCARTH,AAC HOCKLEY |BW5044|,10,6214,83,TRUE
2025,RUSSELL-BINSCARTH,AAC STARBUCK <SECAN>,9,4924,60.4,TRUE
2025,RUSSELL-BINSCARTH,AAC WHEATLAND <SECAN>,14,7644,84,TRUE
2025,RUSSELL-BINSCARTH,SY MANNESS,8,2842,79.8,TRUE
2025,SIFTON,AAC BRANDON (BW 932),6,993,39.8,TRUE
2025,SIFTON,AAC STARBUCK <SECAN>,5,584,32.7,TRUE
2025,SIFTON,AAC WHEATLAND <SECAN>,3,969,52.6,TRUE
2025,SOURIS-GLENWOOD,AAC BRANDON (BW 932),20,11332,66.2,TRUE
2025,SOURIS-GLENWOOD,AAC BROADACRES <PROVEN>,3,1903,77.4,TRUE
2025,SOURIS-GLENWOOD,AAC HOCKLEY |BW5044|,10,2279,66.7,TRUE
2025,SOURIS-GLENWOOD,AAC STARBUCK <SECAN>,3,846,74.8,TRUE
2025,SOURIS-GLENWOOD,AAC WHEATLAND <SECAN>,5,2615,70.2,TRUE
2025,SOURIS-GLENWOOD,SY MANNESS,7,1608,55.6,TRUE
2025,SPRINGFIELD,AAC BRANDON (BW 932),27,6920,69.5,TRUE
2025,SPRINGFIELD,AAC HOCKLEY |BW5044|,8,2195,71.8,TRUE
2025,SPRINGFIELD,AAC SPIKE,7,748,91,TRUE
2025,SPRINGFIELD,AAC STARBUCK <SECAN>,16,3740,79.2,TRUE
2025,SPRINGFIELD,AAC WESTKING,4,764,78.4,TRUE
2025,SPRINGFIELD,SY MANNESS,14,5624,83.4,TRUE
2025,ST. ANDREWS,AAC BRANDON (BW 932),17,7553,72.3,TRUE
2025,ST. ANDREWS,AAC ELIE(BW931),4,875,64.1,TRUE
2025,ST. ANDREWS,AAC HOCKLEY |BW5044|,7,1821,62.2,TRUE
2025,ST. ANDREWS,AAC STARBUCK <SECAN>,19,12697,72.1,TRUE
2025,ST. ANDREWS,BOLLES <SEED DEPOT>,5,1686,57.3,TRUE
2025,ST. ANDREWS,SY MANNESS,3,964,49.8,TRUE
2025,ST. CLEMENTS,AAC BRANDON (BW 932),15,3007,60.4,TRUE
2025,ST. CLEMENTS,AAC ELIE(BW931),5,1025,60.1,TRUE
2025,ST. CLEMENTS,AAC HOCKLEY |BW5044|,7,2827,60.5,TRUE
2025,ST. CLEMENTS,AAC STARBUCK <SECAN>,8,1515,69.9,TRUE
2025,ST. CLEMENTS,AAC VIEWFIELD <FP GENETICS>|BW965| EXP,6,2996,78.7,TRUE
2025,ST. CLEMENTS,SY MANNESS,4,785,88.8,TRUE
2025,ST. FRANCIS XAVIER,AAC BRANDON (BW 932),5,2864,68.4,TRUE
2025,ST. FRANCIS XAVIER,AAC STARBUCK <SECAN>,13,4931,70.1,TRUE
2025,ST. FRANCIS XAVIER,SY MANNESS,3,2420,76.6,TRUE
2025,STANLEY,AAC BRANDON (BW 932),32,8089,75.3,TRUE
2025,STANLEY,AAC BROADACRES <PROVEN>,9,1522,80.8,TRUE
2025,STANLEY,AAC STARBUCK <SECAN>,45,8689,72.3,TRUE
2025,STANLEY,AAC WHEATLAND <SECAN>,11,1883,76.3,TRUE
2025,STANLEY,SY MANNESS,4,701,78.8,TRUE
2025,STE. ANNE,AAC BRANDON (BW 932),17,2445,87.9,TRUE
2025,STE. ANNE,AAC HOCKLEY |BW5044|,6,1111,59.5,TRUE
2025,STE. ROSE,AAC BRANDON (BW 932),10,7098,66.6,TRUE
2025,STE. ROSE,AAC HOCKLEY |BW5044|,7,2796,64.9,TRUE
2025,STE. ROSE,AAC STARBUCK <SECAN>,10,2751,70.6,TRUE
2025,STE. ROSE,SY MANNESS,3,1537,71.9,TRUE
2025,SWAN VALLEY WEST,AAC HOCKLEY |BW5044|,27,13062.1,59.8,TRUE
2025,SWAN VALLEY WEST,AAC REDBERRY,3,1019,31.8,TRUE
2025,SWAN VALLEY WEST,AAC VIEWFIELD <FP GENETICS>|BW965| EXP,47,40677,64.4,TRUE
2025,SWAN VALLEY WEST,AAC WESTKING,3,544,55.3,TRUE
2025,SWAN VALLEY WEST,AAC WHEATLAND <SECAN>,29,11080,60.6,TRUE
2025,SWAN VALLEY WEST,SY MANNESS,23,16860,59.2,TRUE
2025,TACHE,AAC BRANDON (BW 932),35,10262,78.6,TRUE
2025,TACHE,AAC HOCKLEY |BW5044|,8,2197,80.2,TRUE
2025,TACHE,SY MANNESS,8,1580,74.8,TRUE
2025,THOMPSON,AAC BRANDON (BW 932),19,6255,77.9,TRUE
2025,THOMPSON,AAC HOCKLEY |BW5044|,5,1743,92.8,TRUE
2025,THOMPSON,AAC STARBUCK <SECAN>,17,6192,77,TRUE
2025,THOMPSON,AAC WHEATLAND <SECAN>,6,875,79.8,TRUE
2025,THOMPSON,SY MANNESS,4,1236,86.2,TRUE
2025,TWO BORDERS,AAC BRANDON (BW 932),51,30906,59.5,TRUE
2025,TWO BORDERS,AAC BROADACRES <PROVEN>,3,1604,47.6,TRUE
2025,TWO BORDERS,AAC ELIE(BW931),25,14317,57.9,TRUE
2025,TWO BORDERS,AAC HOCKLEY |BW5044|,17,8635,49.9,TRUE
2025,TWO BORDERS,AAC HODGE |BW1069|,4,1745,50.9,TRUE
2025,TWO BORDERS,AAC LEROY VB <ALLIANCE>,11,10233,51.1,TRUE
2025,TWO BORDERS,AAC STARBUCK <SECAN>,20,12076,62.9,TRUE
2025,TWO BORDERS,AAC WHEATLAND <SECAN>,12,5780,65.8,TRUE
2025,TWO BORDERS,SY MANNESS,5,1571,67.1,TRUE
2025,VICTORIA,AAC BRANDON (BW 932),14,3723,66.6,TRUE
2025,VICTORIA,AAC ELIE(BW931),8,1023,57.3,TRUE
2025,VICTORIA,AAC STARBUCK <SECAN>,19,4205,72.6,TRUE
2025,VICTORIA,AAC WHEATLAND <SECAN>,7,2084,78.3,TRUE
2025,VICTORIA,AC BARRIE (BW 661),3,527,57.2,TRUE
2025,VICTORIA,SY MANNESS,4,622,77.4,TRUE
2025,WALLACE-WOODWORTH,AAC BRANDON (BW 932),41,15287,64.9,TRUE
2025,WALLACE-WOODWORTH,AAC HOCKLEY |BW5044|,13,6217,69.1,TRUE
2025,WALLACE-WOODWORTH,AAC HODGE |BW1069|,16,3442,52.4,TRUE
2025,WALLACE-WOODWORTH,AAC STARBUCK <SECAN>,56,22242,66.6,TRUE
2025,WALLACE-WOODWORTH,AAC WESTKING,3,874,61.2,TRUE
2025,WALLACE-WOODWORTH,AAC WHEATLAND <SECAN>,39,18898,70.8,TRUE
2025,WALLACE-WOODWORTH,BOLLES <SEED DEPOT>,4,1320,60.3,TRUE
2025,WALLACE-WOODWORTH,SY MANNESS,5,1866,72.1,TRUE
2025,WALLACE-WOODWORTH,SY TORACH <SYNGENTA>,3,547,71.4,TRUE
2025,WEST ST. PAUL,AAC STARBUCK <SECAN>,4,1932,59.3,TRUE
2025,WESTLAKE-GLADSTONE,AAC BRANDON (BW 932),42,26701,64.1,TRUE
2025,WESTLAKE-GLADSTONE,AAC HOCKLEY |BW5044|,5,2152,63.5,TRUE
2025,WESTLAKE-GLADSTONE,AAC HODGE |BW1069|,3,1326,69.9,TRUE
2025,WESTLAKE-GLADSTONE,AAC LEROY VB <ALLIANCE>,4,3084,60.1,TRUE
2025,WESTLAKE-GLADSTONE,AAC STARBUCK <SECAN>,35,17888,67.5,TRUE
2025,WESTLAKE-GLADSTONE,AAC WHEATLAND <SECAN>,3,4483,68.6,TRUE
2025,WESTLAKE-GLADSTONE,BOLLES <SEED DEPOT>,3,1733,75,TRUE
2025,WHITEHEAD,AAC BRANDON (BW 932),18,10067,62.5,TRUE
2025,WHITEHEAD,AAC BROADACRES <PROVEN>,4,2212,73,TRUE
2025,WHITEHEAD,AAC STARBUCK <SECAN>,10,3843,63.5,TRUE
2025,WHITEHEAD,AAC WHEATLAND <SECAN>,18,6674,61.7,TRUE
2025,WHITEMOUTH,AAC BRANDON (BW 932),4,948,69,TRUE
2025,WOODLANDS,AAC BRANDON (BW 932),13,4719,56.4,TRUE
2025,WOODLANDS,AAC HOCKLEY |BW5044|,4,853,41.7,TRUE
2025,WOODLANDS,AAC LEROY VB <ALLIANCE>,3,1271,54.5,TRUE
2025,WOODLANDS,AAC STARBUCK <SECAN>,41,14849,56.2,TRUE
2025,WOODLANDS,AAC WESTKING,3,816,52,TRUE
2025,YELLOWHEAD,AAC BRANDON (BW 932),8,1714.1,56.2,TRUE
2025,YELLOWHEAD,AAC HOCKLEY |BW5044|,8,5144,68.4,TRUE
2025,YELLOWHEAD,AAC HODGE |BW1069|,8,2132,61.8,TRUE
2025,YELLOWHEAD,AAC REDBERRY,5,1720,50.3,TRUE
2025,YELLOWHEAD,AAC STARBUCK <SECAN>,22,8835,68.8,TRUE
2025,YELLOWHEAD,AAC WHEATLAND <SECAN>,38,21956.5,72.9,TRUE
2025,YELLOWHEAD,SY MANNESS,25,13545,74,TRUE
