Year,RM,Crop,Yield,Unit
1990,1,Canola,22,bu/ac
1991,1,Canola,24.1,bu/ac
1992,1,Canola,15,bu/ac
1993,1,Canola,25.3,bu/ac
1994,1,Canola,23.1,bu/ac
1995,1,Canola,15.9,bu/ac
1996,1,Canola,19.3,bu/ac
1997,1,Canola,18.1,bu/ac
1998,1,Canola,26.5,bu/ac
1999,1,Canola,25,bu/ac
2000,1,Canola,25.3,bu/ac
2001,1,Canola,22.1,bu/ac
2002,1,Canola,18.2,bu/ac
2003,1,Canola,15.9,bu/ac
2004,1,Canola,23.3,bu/ac
2005,1,Canola,27.3,bu/ac
2006,1,Canola,23.3,bu/ac
2007,1,Canola,22.5,bu/ac
2008,1,Canola,23.2,bu/ac
2009,1,Canola,34.2,bu/ac
2010,1,Canola,27.6,bu/ac
2011,1,Canola,17.2,bu/ac
2012,1,Canola,22.3,bu/ac
2013,1,Canola,32.1,bu/ac
2014,1,Canola,26.21,bu/ac
2015,1,Canola,28.65,bu/ac
2016,1,Canola,32.1,bu/ac
2017,1,Canola,39.19,bu/ac
2018,1,Canola,39.2,bu/ac
2019,1,Canola,32.4,bu/ac
2020,1,Canola,39.9,bu/ac
2021,1,Canola,33.2,bu/ac
2022,1,Canola,37.4,bu/ac
2023,1,Canola,36.8,bu/ac
2024,1,Canola,36.4,bu/ac
2025,1,Canola,48.3,bu/ac
1990,2,Canola,20,bu/ac
1991,2,Canola,24.8,bu/ac
1992,2,Canola,31.8,bu/ac
1993,2,Canola,30,bu/ac
1994,2,Canola,21,bu/ac
1995,2,Canola,17.5,bu/ac
1996,2,Canola,21.8,bu/ac
1997,2,Canola,21.8,bu/ac
1998,2,Canola,25.5,bu/ac
1999,2,Canola,21.6,bu/ac
2000,2,Canola,27,bu/ac
2001,2,Canola,23.5,bu/ac
2002,2,Canola,23,bu/ac
2003,2,Canola,18.6,bu/ac
2004,2,Canola,27.9,bu/ac
2005,2,Canola,26.8,bu/ac
2006,2,Canola,22.4,bu/ac
2007,2,Canola,24.4,bu/ac
2008,2,Canola,27.5,bu/ac
2009,2,Canola,36.4,bu/ac
2010,2,Canola,30,bu/ac
2011,2,Canola,26.4,bu/ac
2012,2,Canola,28.6,bu/ac
2013,2,Canola,33.2,bu/ac
2014,2,Canola,28.73,bu/ac
2015,2,Canola,29.45,bu/ac
2016,2,Canola,31,bu/ac
2017,2,Canola,33.77,bu/ac
2018,2,Canola,33.8,bu/ac
2019,2,Canola,34.4,bu/ac
2020,2,Canola,41.3,bu/ac
2021,2,Canola,30.4,bu/ac
2022,2,Canola,39.1,bu/ac
2023,2,Canola,34.4,bu/ac
2024,2,Canola,36.2,bu/ac
2025,2,Canola,44.6,bu/ac
1990,3,Canola,19,bu/ac
1991,3,Canola,23.5,bu/ac
1992,3,Canola,28.8,bu/ac
1993,3,Canola,30,bu/ac
1994,3,Canola,20.4,bu/ac
1995,3,Canola,18.8,bu/ac
1996,3,Canola,24.1,bu/ac
1997,3,Canola,16.6,bu/ac
1998,3,Canola,20.5,bu/ac
1999,3,Canola,20.3,bu/ac
2000,3,Canola,21.6,bu/ac
2001,3,Canola,21.2,bu/ac
2002,3,Canola,19.5,bu/ac
2003,3,Canola,13.4,bu/ac
2004,3,Canola,27.5,bu/ac
2005,3,Canola,25.9,bu/ac
2006,3,Canola,19.3,bu/ac
2007,3,Canola,22.7,bu/ac
2008,3,Canola,24.4,bu/ac
2009,3,Canola,28.1,bu/ac
2010,3,Canola,29.2,bu/ac
2011,3,Canola,20.1,bu/ac
2012,3,Canola,25.1,bu/ac
2013,3,Canola,35.2,bu/ac
2014,3,Canola,36.44,bu/ac
2015,3,Canola,31.04,bu/ac
2016,3,Canola,37.3,bu/ac
2017,3,Canola,32.55,bu/ac
2018,3,Canola,32.6,bu/ac
2019,3,Canola,33.1,bu/ac
2020,3,Canola,34.5,bu/ac
2021,3,Canola,26.1,bu/ac
2022,3,Canola,42.2,bu/ac
2023,3,Canola,31.5,bu/ac
2024,3,Canola,38.6,bu/ac
2025,3,Canola,48.2,bu/ac
1992,4,Canola,29.6,bu/ac
1994,4,Canola,20,bu/ac
1995,4,Canola,14.1,bu/ac
1996,4,Canola,16.8,bu/ac
1997,4,Canola,9.4,bu/ac
1998,4,Canola,19.4,bu/ac
1999,4,Canola,20.7,bu/ac
2000,4,Canola,23.8,bu/ac
2001,4,Canola,18.6,bu/ac
2002,4,Canola,19.8,bu/ac
2003,4,Canola,15.7,bu/ac
2004,4,Canola,23.4,bu/ac
2005,4,Canola,25.3,bu/ac
2006,4,Canola,18.9,bu/ac
2007,4,Canola,20.3,bu/ac
2008,4,Canola,22.9,bu/ac
2009,4,Canola,24.9,bu/ac
2010,4,Canola,27.9,bu/ac
2011,4,Canola,19.5,bu/ac
2012,4,Canola,21.6,bu/ac
2013,4,Canola,31.3,bu/ac
2014,4,Canola,32.7,bu/ac
2015,4,Canola,25.39,bu/ac
2016,4,Canola,35.6,bu/ac
2017,4,Canola,29.46,bu/ac
2018,4,Canola,36,bu/ac
2019,4,Canola,39.1,bu/ac
2020,4,Canola,33.3,bu/ac
2021,4,Canola,33.3,bu/ac
2022,4,Canola,34.8,bu/ac
2023,4,Canola,30.8,bu/ac
2024,4,Canola,28.8,bu/ac
2025,4,Canola,43.9,bu/ac
1992,5,Canola,30,bu/ac
1994,5,Canola,19.5,bu/ac
1995,5,Canola,17,bu/ac
1996,5,Canola,23.6,bu/ac
1997,5,Canola,15.1,bu/ac
1998,5,Canola,19.6,bu/ac
1999,5,Canola,18,bu/ac
2000,5,Canola,24.9,bu/ac
2001,5,Canola,17.9,bu/ac
2002,5,Canola,13.4,bu/ac
2003,5,Canola,7.7,bu/ac
2004,5,Canola,25.6,bu/ac
2005,5,Canola,24,bu/ac
2006,5,Canola,20.9,bu/ac
2007,5,Canola,22.1,bu/ac
2008,5,Canola,23.4,bu/ac
2009,5,Canola,33,bu/ac
2010,5,Canola,29.8,bu/ac
2011,5,Canola,17.2,bu/ac
2012,5,Canola,26.8,bu/ac
2013,5,Canola,35.1,bu/ac
2014,5,Canola,31.02,bu/ac
2015,5,Canola,30.6,bu/ac
2016,5,Canola,32.1,bu/ac
2017,5,Canola,24.72,bu/ac
2018,5,Canola,29.9,bu/ac
2019,5,Canola,33.9,bu/ac
2020,5,Canola,34.8,bu/ac
2021,5,Canola,28.7,bu/ac
2022,5,Canola,42.2,bu/ac
2023,5,Canola,23.9,bu/ac
2024,5,Canola,29.5,bu/ac
2025,5,Canola,47.6,bu/ac
1993,6,Canola,27.6,bu/ac
1994,6,Canola,19.9,bu/ac
1995,6,Canola,20.7,bu/ac
1996,6,Canola,28,bu/ac
1997,6,Canola,12.6,bu/ac
1998,6,Canola,17,bu/ac
1999,6,Canola,18.2,bu/ac
2000,6,Canola,29.9,bu/ac
2001,6,Canola,22.3,bu/ac
2002,6,Canola,15.6,bu/ac
2003,6,Canola,10.6,bu/ac
2004,6,Canola,30,bu/ac
2005,6,Canola,27,bu/ac
2006,6,Canola,10.8,bu/ac
2007,6,Canola,22.2,bu/ac
2008,6,Canola,26.9,bu/ac
2009,6,Canola,38.7,bu/ac
2010,6,Canola,25.6,bu/ac
2011,6,Canola,15.1,bu/ac
2012,6,Canola,22.3,bu/ac
2013,6,Canola,38.2,bu/ac
2014,6,Canola,35.04,bu/ac
2015,6,Canola,31.42,bu/ac
2016,6,Canola,34.8,bu/ac
2017,6,Canola,15.69,bu/ac
2018,6,Canola,24.8,bu/ac
2019,6,Canola,30.3,bu/ac
2020,6,Canola,35.3,bu/ac
2021,6,Canola,30.1,bu/ac
2022,6,Canola,39.2,bu/ac
2023,6,Canola,21,bu/ac
2024,6,Canola,30.6,bu/ac
2025,6,Canola,47,bu/ac
1993,7,Canola,25.9,bu/ac
1994,7,Canola,18.8,bu/ac
1995,7,Canola,22.9,bu/ac
1996,7,Canola,21.2,bu/ac
1997,7,Canola,13.1,bu/ac
1998,7,Canola,20.2,bu/ac
1999,7,Canola,19.4,bu/ac
2000,7,Canola,21.4,bu/ac
2001,7,Canola,18.4,bu/ac
2002,7,Canola,16.4,bu/ac
2003,7,Canola,12.8,bu/ac
2004,7,Canola,26.5,bu/ac
2005,7,Canola,26.4,bu/ac
2006,7,Canola,16.7,bu/ac
2007,7,Canola,21.9,bu/ac
2008,7,Canola,28.1,bu/ac
2009,7,Canola,33.2,bu/ac
2010,7,Canola,32.6,bu/ac
2011,7,Canola,21,bu/ac
2012,7,Canola,25.8,bu/ac
2013,7,Canola,42,bu/ac
2014,7,Canola,37.37,bu/ac
2015,7,Canola,33.19,bu/ac
2016,7,Canola,37.9,bu/ac
2017,7,Canola,14.08,bu/ac
2018,7,Canola,25,bu/ac
2019,7,Canola,29.3,bu/ac
2020,7,Canola,35.6,bu/ac
2021,7,Canola,27.2,bu/ac
2022,7,Canola,38.5,bu/ac
2023,7,Canola,21,bu/ac
2024,7,Canola,28.2,bu/ac
2025,7,Canola,45,bu/ac
1994,8,Canola,25,bu/ac
1995,8,Canola,15,bu/ac
1996,8,Canola,17,bu/ac
1997,8,Canola,13.1,bu/ac
1998,8,Canola,18.3,bu/ac
1999,8,Canola,26.3,bu/ac
2000,8,Canola,26.8,bu/ac
2001,8,Canola,21.4,bu/ac
2002,8,Canola,20,bu/ac
2003,8,Canola,6,bu/ac
2005,8,Canola,30,bu/ac
2006,8,Canola,30,bu/ac
2009,8,Canola,27.1,bu/ac
2010,8,Canola,31,bu/ac
2011,8,Canola,22.9,bu/ac
2012,8,Canola,23.7,bu/ac
2013,8,Canola,35.7,bu/ac
2014,8,Canola,30.49,bu/ac
2015,8,Canola,29.22,bu/ac
2016,8,Canola,40.4,bu/ac
2017,8,Canola,14.2,bu/ac
2018,8,Canola,23.6,bu/ac
2019,8,Canola,30.2,bu/ac
2020,8,Canola,34.4,bu/ac
2021,8,Canola,25.7,bu/ac
2022,8,Canola,30.9,bu/ac
2023,8,Canola,20.5,bu/ac
2024,8,Canola,17.7,bu/ac
2025,8,Canola,43.9,bu/ac
1994,9,Canola,20,bu/ac
1995,9,Canola,15,bu/ac
1998,9,Canola,20,bu/ac
1999,9,Canola,18.7,bu/ac
2000,9,Canola,20,bu/ac
2002,9,Canola,7.2,bu/ac
2007,9,Canola,20,bu/ac
2008,9,Canola,20,bu/ac
2010,9,Canola,25.9,bu/ac
2011,9,Canola,20.1,bu/ac
2012,9,Canola,22.5,bu/ac
2013,9,Canola,37.7,bu/ac
2014,9,Canola,35.71,bu/ac
2017,9,Canola,17.31,bu/ac
2018,9,Canola,39,bu/ac
2019,9,Canola,41.8,bu/ac
2020,9,Canola,42.2,bu/ac
2021,9,Canola,27.9,bu/ac
2022,9,Canola,31.8,bu/ac
2023,9,Canola,17.9,bu/ac
2024,9,Canola,9.3,bu/ac
2025,9,Canola,42.8,bu/ac
1995,10,Canola,14,bu/ac
1996,10,Canola,18,bu/ac
1997,10,Canola,15,bu/ac
1998,10,Canola,16,bu/ac
1999,10,Canola,19,bu/ac
2000,10,Canola,19.5,bu/ac
2001,10,Canola,16,bu/ac
2002,10,Canola,16,bu/ac
2003,10,Canola,7.5,bu/ac
2004,10,Canola,17,bu/ac
2005,10,Canola,16,bu/ac
2006,10,Canola,12,bu/ac
2007,10,Canola,11,bu/ac
2008,10,Canola,16,bu/ac
2009,10,Canola,18,bu/ac
2010,10,Canola,27.3,bu/ac
2011,10,Canola,20.9,bu/ac
2012,10,Canola,21.7,bu/ac
2013,10,Canola,31.8,bu/ac
2014,10,Canola,30.45,bu/ac
2015,10,Canola,28.18,bu/ac
2016,10,Canola,40.3,bu/ac
2017,10,Canola,11,bu/ac
2018,10,Canola,16,bu/ac
2019,10,Canola,27.9,bu/ac
2020,10,Canola,30.9,bu/ac
2021,10,Canola,27.5,bu/ac
2022,10,Canola,27.2,bu/ac
2023,10,Canola,18,bu/ac
2024,10,Canola,2.5,bu/ac
2025,10,Canola,28.2,bu/ac
1993,11,Canola,15,bu/ac
1994,11,Canola,15,bu/ac
1995,11,Canola,13.2,bu/ac
1997,11,Canola,9.3,bu/ac
1998,11,Canola,23.9,bu/ac
1999,11,Canola,21.1,bu/ac
2000,11,Canola,11.2,bu/ac
2001,11,Canola,13.2,bu/ac
2003,11,Canola,7.2,bu/ac
2004,11,Canola,23.9,bu/ac
2005,11,Canola,20,bu/ac
2006,11,Canola,9,bu/ac
2007,11,Canola,11.3,bu/ac
2010,11,Canola,31.5,bu/ac
2011,11,Canola,22.6,bu/ac
2012,11,Canola,24.6,bu/ac
2013,11,Canola,33,bu/ac
2014,11,Canola,32.52,bu/ac
2015,11,Canola,21.67,bu/ac
2016,11,Canola,42.6,bu/ac
2017,11,Canola,6.94,bu/ac
2018,11,Canola,21.3,bu/ac
2019,11,Canola,29,bu/ac
2020,11,Canola,35.6,bu/ac
2021,11,Canola,12.7,bu/ac
2022,11,Canola,24.6,bu/ac
2023,11,Canola,30.1,bu/ac
2024,11,Canola,10.6,bu/ac
2025,11,Canola,29.7,bu/ac
1995,12,Canola,15.5,bu/ac
1996,12,Canola,15.7,bu/ac
1997,12,Canola,11.3,bu/ac
1998,12,Canola,13.6,bu/ac
1999,12,Canola,26.9,bu/ac
2000,12,Canola,19.9,bu/ac
2001,12,Canola,10,bu/ac
2002,12,Canola,15.5,bu/ac
2003,12,Canola,12.5,bu/ac
2004,12,Canola,16.7,bu/ac
2005,12,Canola,17.7,bu/ac
2006,12,Canola,21.3,bu/ac
2007,12,Canola,12.6,bu/ac
2008,12,Canola,20.2,bu/ac
2009,12,Canola,40,bu/ac
2010,12,Canola,30.3,bu/ac
2011,12,Canola,15.9,bu/ac
2012,12,Canola,22.2,bu/ac
2013,12,Canola,33.9,bu/ac
2014,12,Canola,33.33,bu/ac
2015,12,Canola,33.4,bu/ac
2016,12,Canola,38.9,bu/ac
2017,12,Canola,12.05,bu/ac
2018,12,Canola,16.7,bu/ac
2019,12,Canola,32.6,bu/ac
2020,12,Canola,35.1,bu/ac
2021,12,Canola,12,bu/ac
2022,12,Canola,19.7,bu/ac
2023,12,Canola,30.1,bu/ac
2024,12,Canola,11.6,bu/ac
2025,12,Canola,32.1,bu/ac
1993,17,Canola,25,bu/ac
1994,17,Canola,25,bu/ac
1995,17,Canola,32.5,bu/ac
1996,17,Canola,14,bu/ac
1997,17,Canola,20,bu/ac
1998,17,Canola,23,bu/ac
1999,17,Canola,20,bu/ac
2000,17,Canola,20,bu/ac
2004,17,Canola,30.1,bu/ac
2006,17,Canola,16.7,bu/ac
2008,17,Canola,20,bu/ac
2009,17,Canola,27,bu/ac
2010,17,Canola,28.8,bu/ac
2011,17,Canola,16.5,bu/ac
2015,17,Canola,33.17,bu/ac
2016,17,Canola,44.7,bu/ac
2017,17,Canola,18.38,bu/ac
2018,17,Canola,28,bu/ac
2019,17,Canola,37.7,bu/ac
2020,17,Canola,26.2,bu/ac
2021,17,Canola,15,bu/ac
2022,17,Canola,10.9,bu/ac
2024,17,Canola,24.1,bu/ac
2025,17,Canola,16.4,bu/ac
1993,18,Canola,22.5,bu/ac
1994,18,Canola,17.5,bu/ac
1996,18,Canola,12,bu/ac
1997,18,Canola,14.5,bu/ac
1998,18,Canola,21.1,bu/ac
1999,18,Canola,24,bu/ac
2000,18,Canola,20,bu/ac
2010,18,Canola,18.7,bu/ac
2011,18,Canola,18.3,bu/ac
2013,18,Canola,32.4,bu/ac
2018,18,Canola,18,bu/ac
2019,18,Canola,27.2,bu/ac
2020,18,Canola,24.2,bu/ac
2022,18,Canola,1.9,bu/ac
2023,18,Canola,5.5,bu/ac
1993,19,Canola,20,bu/ac
1994,19,Canola,18,bu/ac
1995,19,Canola,25,bu/ac
1996,19,Canola,15.9,bu/ac
1997,19,Canola,16.9,bu/ac
1998,19,Canola,17.8,bu/ac
1999,19,Canola,22.5,bu/ac
2000,19,Canola,20.2,bu/ac
2001,19,Canola,12.5,bu/ac
2002,19,Canola,15.1,bu/ac
2004,19,Canola,32.6,bu/ac
2005,19,Canola,18.5,bu/ac
2010,19,Canola,22,bu/ac
2011,19,Canola,20.6,bu/ac
2012,19,Canola,16,bu/ac
2013,19,Canola,41.2,bu/ac
2014,19,Canola,30.98,bu/ac
2015,19,Canola,28.76,bu/ac
2016,19,Canola,44.6,bu/ac
2017,19,Canola,5.75,bu/ac
2018,19,Canola,5,bu/ac
2019,19,Canola,26.4,bu/ac
2020,19,Canola,29.2,bu/ac
2021,19,Canola,4.1,bu/ac
2022,19,Canola,6.4,bu/ac
2024,19,Canola,10.2,bu/ac
1990,31,Canola,18,bu/ac
1991,31,Canola,27.9,bu/ac
1992,31,Canola,19,bu/ac
1993,31,Canola,20.8,bu/ac
1994,31,Canola,18.9,bu/ac
1995,31,Canola,20.8,bu/ac
1996,31,Canola,22.2,bu/ac
1997,31,Canola,20.1,bu/ac
1998,31,Canola,20.9,bu/ac
1999,31,Canola,12.6,bu/ac
2000,31,Canola,25,bu/ac
2001,31,Canola,20.9,bu/ac
2002,31,Canola,13.3,bu/ac
2003,31,Canola,18.3,bu/ac
2004,31,Canola,28.3,bu/ac
2005,31,Canola,24,bu/ac
2006,31,Canola,23.5,bu/ac
2007,31,Canola,23.1,bu/ac
2008,31,Canola,26.8,bu/ac
2009,31,Canola,32.9,bu/ac
2010,31,Canola,29.3,bu/ac
2011,31,Canola,18.8,bu/ac
2012,31,Canola,25.1,bu/ac
2013,31,Canola,33.5,bu/ac
2014,31,Canola,23.88,bu/ac
2015,31,Canola,31.38,bu/ac
2016,31,Canola,36.6,bu/ac
2017,31,Canola,35.44,bu/ac
2018,31,Canola,35.4,bu/ac
2019,31,Canola,37.6,bu/ac
2020,31,Canola,40.7,bu/ac
2021,31,Canola,31.8,bu/ac
2022,31,Canola,42.7,bu/ac
2023,31,Canola,38.9,bu/ac
2024,31,Canola,40.5,bu/ac
2025,31,Canola,48,bu/ac
1990,32,Canola,21,bu/ac
1991,32,Canola,22.2,bu/ac
1992,32,Canola,19.1,bu/ac
1993,32,Canola,28.6,bu/ac
1994,32,Canola,17.4,bu/ac
1995,32,Canola,14.9,bu/ac
1996,32,Canola,24.6,bu/ac
1997,32,Canola,24.3,bu/ac
1998,32,Canola,22.2,bu/ac
1999,32,Canola,20.5,bu/ac
2000,32,Canola,27,bu/ac
2001,32,Canola,19.4,bu/ac
2002,32,Canola,21.1,bu/ac
2003,32,Canola,21.1,bu/ac
2004,32,Canola,24.1,bu/ac
2005,32,Canola,27.7,bu/ac
2006,32,Canola,22.6,bu/ac
2007,32,Canola,23.7,bu/ac
2008,32,Canola,27.8,bu/ac
2009,32,Canola,32.6,bu/ac
2010,32,Canola,28.7,bu/ac
2011,32,Canola,25.6,bu/ac
2012,32,Canola,24.7,bu/ac
2013,32,Canola,33.6,bu/ac
2014,32,Canola,24.8,bu/ac
2015,32,Canola,34.79,bu/ac
2016,32,Canola,35.8,bu/ac
2017,32,Canola,31.41,bu/ac
2018,32,Canola,32.3,bu/ac
2019,32,Canola,32.9,bu/ac
2020,32,Canola,38.5,bu/ac
2021,32,Canola,34.7,bu/ac
2022,32,Canola,40.5,bu/ac
2023,32,Canola,37.6,bu/ac
2024,32,Canola,36.3,bu/ac
2025,32,Canola,45.7,bu/ac
1990,33,Canola,20,bu/ac
1991,33,Canola,20,bu/ac
1992,33,Canola,27.9,bu/ac
1993,33,Canola,26.7,bu/ac
1994,33,Canola,21.6,bu/ac
1995,33,Canola,18.9,bu/ac
1996,33,Canola,25.3,bu/ac
1997,33,Canola,20.6,bu/ac
1998,33,Canola,23.5,bu/ac
1999,33,Canola,25.1,bu/ac
2000,33,Canola,26.7,bu/ac
2001,33,Canola,23.7,bu/ac
2002,33,Canola,23.2,bu/ac
2003,33,Canola,16.4,bu/ac
2004,33,Canola,22.2,bu/ac
2005,33,Canola,29.7,bu/ac
2006,33,Canola,20.6,bu/ac
2007,33,Canola,24.2,bu/ac
2008,33,Canola,25.8,bu/ac
2009,33,Canola,32.5,bu/ac
2010,33,Canola,29.2,bu/ac
2011,33,Canola,26.6,bu/ac
2012,33,Canola,25.5,bu/ac
2013,33,Canola,35.8,bu/ac
2014,33,Canola,31.84,bu/ac
2015,33,Canola,32.69,bu/ac
2016,33,Canola,40.5,bu/ac
2017,33,Canola,30.35,bu/ac
2018,33,Canola,32.9,bu/ac
2019,33,Canola,37.1,bu/ac
2020,33,Canola,41.8,bu/ac
2021,33,Canola,33.9,bu/ac
2022,33,Canola,43.7,bu/ac
2023,33,Canola,38.7,bu/ac
2024,33,Canola,38.5,bu/ac
2025,33,Canola,45.9,bu/ac
1990,34,Canola,24,bu/ac
1991,34,Canola,26.4,bu/ac
1992,34,Canola,30,bu/ac
1993,34,Canola,26.8,bu/ac
1994,34,Canola,22.8,bu/ac
1995,34,Canola,20.8,bu/ac
1996,34,Canola,20.7,bu/ac
1997,34,Canola,13.9,bu/ac
1998,34,Canola,20.1,bu/ac
1999,34,Canola,20.8,bu/ac
2000,34,Canola,24.2,bu/ac
2001,34,Canola,21.1,bu/ac
2002,34,Canola,22.9,bu/ac
2003,34,Canola,16.3,bu/ac
2004,34,Canola,16.7,bu/ac
2005,34,Canola,28.7,bu/ac
2006,34,Canola,21.7,bu/ac
2007,34,Canola,20.6,bu/ac
2008,34,Canola,23.5,bu/ac
2009,34,Canola,24,bu/ac
2010,34,Canola,30,bu/ac
2011,34,Canola,24.3,bu/ac
2012,34,Canola,28.2,bu/ac
2013,34,Canola,36.7,bu/ac
2014,34,Canola,31.44,bu/ac
2015,34,Canola,29.63,bu/ac
2016,34,Canola,35.5,bu/ac
2017,34,Canola,30.26,bu/ac
2018,34,Canola,36.4,bu/ac
2019,34,Canola,37.9,bu/ac
2020,34,Canola,37.9,bu/ac
2021,34,Canola,32.4,bu/ac
2022,34,Canola,40.7,bu/ac
2023,34,Canola,35.6,bu/ac
2024,34,Canola,37.8,bu/ac
2025,34,Canola,48.5,bu/ac
1990,35,Canola,25,bu/ac
1992,35,Canola,28,bu/ac
1993,35,Canola,35.2,bu/ac
1994,35,Canola,24.2,bu/ac
1995,35,Canola,19.4,bu/ac
1996,35,Canola,22.5,bu/ac
1997,35,Canola,17.5,bu/ac
1998,35,Canola,22.9,bu/ac
1999,35,Canola,20.5,bu/ac
2000,35,Canola,23.4,bu/ac
2001,35,Canola,20.6,bu/ac
2002,35,Canola,17.9,bu/ac
2003,35,Canola,13,bu/ac
2004,35,Canola,16.6,bu/ac
2005,35,Canola,15.5,bu/ac
2006,35,Canola,22,bu/ac
2007,35,Canola,17.1,bu/ac
2008,35,Canola,22,bu/ac
2009,35,Canola,30.5,bu/ac
2010,35,Canola,37.2,bu/ac
2011,35,Canola,12.5,bu/ac
2012,35,Canola,25.7,bu/ac
2013,35,Canola,36.3,bu/ac
2014,35,Canola,31.75,bu/ac
2015,35,Canola,27.35,bu/ac
2016,35,Canola,33,bu/ac
2017,35,Canola,35.58,bu/ac
2018,35,Canola,35.6,bu/ac
2019,35,Canola,35.5,bu/ac
2020,35,Canola,39.2,bu/ac
2021,35,Canola,27.6,bu/ac
2022,35,Canola,42.9,bu/ac
2023,35,Canola,30.2,bu/ac
2024,35,Canola,31.9,bu/ac
2025,35,Canola,48.9,bu/ac
1992,36,Canola,28.8,bu/ac
1993,36,Canola,30,bu/ac
1994,36,Canola,19,bu/ac
1995,36,Canola,22.4,bu/ac
1996,36,Canola,23.1,bu/ac
1997,36,Canola,14.1,bu/ac
1998,36,Canola,22.2,bu/ac
1999,36,Canola,24.4,bu/ac
2000,36,Canola,24.7,bu/ac
2001,36,Canola,19.9,bu/ac
2002,36,Canola,12.7,bu/ac
2003,36,Canola,9.3,bu/ac
2004,36,Canola,24.3,bu/ac
2005,36,Canola,26.1,bu/ac
2006,36,Canola,22.3,bu/ac
2007,36,Canola,20.8,bu/ac
2008,36,Canola,22.4,bu/ac
2009,36,Canola,31.4,bu/ac
2010,36,Canola,28.9,bu/ac
2011,36,Canola,16.8,bu/ac
2012,36,Canola,23.1,bu/ac
2013,36,Canola,39,bu/ac
2014,36,Canola,26.72,bu/ac
2015,36,Canola,29.27,bu/ac
2016,36,Canola,31,bu/ac
2017,36,Canola,26.94,bu/ac
2018,36,Canola,32,bu/ac
2019,36,Canola,33.4,bu/ac
2020,36,Canola,39,bu/ac
2021,36,Canola,23.3,bu/ac
2022,36,Canola,43.5,bu/ac
2023,36,Canola,27.4,bu/ac
2024,36,Canola,31.1,bu/ac
2025,36,Canola,46.1,bu/ac
1992,37,Canola,20,bu/ac
1993,37,Canola,20,bu/ac
1994,37,Canola,20,bu/ac
1995,37,Canola,16.3,bu/ac
1996,37,Canola,19.1,bu/ac
1997,37,Canola,11.8,bu/ac
1998,37,Canola,22.2,bu/ac
1999,37,Canola,19.3,bu/ac
2000,37,Canola,24.2,bu/ac
2001,37,Canola,16.8,bu/ac
2002,37,Canola,16,bu/ac
2003,37,Canola,8.2,bu/ac
2004,37,Canola,24.8,bu/ac
2005,37,Canola,20.4,bu/ac
2006,37,Canola,16.9,bu/ac
2007,37,Canola,17.7,bu/ac
2008,37,Canola,20.1,bu/ac
2009,37,Canola,28.7,bu/ac
2010,37,Canola,25.4,bu/ac
2011,37,Canola,13.6,bu/ac
2012,37,Canola,24.2,bu/ac
2013,37,Canola,33.6,bu/ac
2014,37,Canola,30.16,bu/ac
2015,37,Canola,31.82,bu/ac
2016,37,Canola,35.6,bu/ac
2017,37,Canola,15.44,bu/ac
2018,37,Canola,25.7,bu/ac
2019,37,Canola,20.2,bu/ac
2020,37,Canola,32.7,bu/ac
2021,37,Canola,21.5,bu/ac
2022,37,Canola,36.6,bu/ac
2023,37,Canola,24.6,bu/ac
2024,37,Canola,22.4,bu/ac
2025,37,Canola,42.1,bu/ac
1992,38,Canola,20,bu/ac
1993,38,Canola,25.7,bu/ac
1994,38,Canola,10.2,bu/ac
1995,38,Canola,14.3,bu/ac
1996,38,Canola,22,bu/ac
1997,38,Canola,14.7,bu/ac
1998,38,Canola,21.5,bu/ac
1999,38,Canola,20.8,bu/ac
2000,38,Canola,31.7,bu/ac
2001,38,Canola,25.2,bu/ac
2002,38,Canola,20.2,bu/ac
2003,38,Canola,12.1,bu/ac
2004,38,Canola,29.7,bu/ac
2005,38,Canola,27.9,bu/ac
2006,38,Canola,20.2,bu/ac
2007,38,Canola,22.5,bu/ac
2008,38,Canola,22.1,bu/ac
2009,38,Canola,33.5,bu/ac
2010,38,Canola,26.8,bu/ac
2011,38,Canola,20.3,bu/ac
2012,38,Canola,26.5,bu/ac
2013,38,Canola,38,bu/ac
2014,38,Canola,32.46,bu/ac
2015,38,Canola,29.45,bu/ac
2016,38,Canola,40.7,bu/ac
2017,38,Canola,13.34,bu/ac
2018,38,Canola,23.3,bu/ac
2019,38,Canola,27,bu/ac
2020,38,Canola,37.2,bu/ac
2021,38,Canola,23.8,bu/ac
2022,38,Canola,36.4,bu/ac
2023,38,Canola,24.5,bu/ac
2024,38,Canola,14.9,bu/ac
2025,38,Canola,38.4,bu/ac
1990,39,Canola,20,bu/ac
1992,39,Canola,30,bu/ac
1993,39,Canola,24.5,bu/ac
1994,39,Canola,20,bu/ac
1995,39,Canola,19.7,bu/ac
1996,39,Canola,22.5,bu/ac
1997,39,Canola,21.2,bu/ac
1998,39,Canola,19.6,bu/ac
1999,39,Canola,23.6,bu/ac
2000,39,Canola,20.9,bu/ac
2001,39,Canola,17.9,bu/ac
2002,39,Canola,17.9,bu/ac
2003,39,Canola,9.3,bu/ac
2004,39,Canola,20.5,bu/ac
2005,39,Canola,20.7,bu/ac
2006,39,Canola,18.8,bu/ac
2007,39,Canola,21.3,bu/ac
2008,39,Canola,28.5,bu/ac
2009,39,Canola,35.9,bu/ac
2010,39,Canola,32.1,bu/ac
2011,39,Canola,23.8,bu/ac
2012,39,Canola,26.5,bu/ac
2013,39,Canola,41,bu/ac
2014,39,Canola,40.45,bu/ac
2015,39,Canola,28.8,bu/ac
2016,39,Canola,46.6,bu/ac
2017,39,Canola,17.83,bu/ac
2018,39,Canola,31.6,bu/ac
2019,39,Canola,37.8,bu/ac
2020,39,Canola,40.7,bu/ac
2021,39,Canola,28.9,bu/ac
2022,39,Canola,30.3,bu/ac
2023,39,Canola,25.8,bu/ac
2024,39,Canola,11.1,bu/ac
2025,39,Canola,52.6,bu/ac
1994,40,Canola,15,bu/ac
1995,40,Canola,15,bu/ac
1996,40,Canola,15,bu/ac
1997,40,Canola,9.7,bu/ac
1998,40,Canola,14.5,bu/ac
1999,40,Canola,27.2,bu/ac
2000,40,Canola,22.7,bu/ac
2002,40,Canola,13.6,bu/ac
2003,40,Canola,8,bu/ac
2005,40,Canola,16,bu/ac
2006,40,Canola,7.1,bu/ac
2007,40,Canola,13.5,bu/ac
2009,40,Canola,25,bu/ac
2010,40,Canola,25.6,bu/ac
2011,40,Canola,24.7,bu/ac
2012,40,Canola,21.9,bu/ac
2013,40,Canola,27.6,bu/ac
2014,40,Canola,35.12,bu/ac
2015,40,Canola,26.86,bu/ac
2016,40,Canola,37.1,bu/ac
2017,40,Canola,11.57,bu/ac
2018,40,Canola,30,bu/ac
2019,40,Canola,29.9,bu/ac
2020,40,Canola,26.6,bu/ac
2021,40,Canola,20.6,bu/ac
2022,40,Canola,25.9,bu/ac
2023,40,Canola,18.8,bu/ac
2024,40,Canola,7.4,bu/ac
2025,40,Canola,44.2,bu/ac
1994,42,Canola,20,bu/ac
1995,42,Canola,18.9,bu/ac
1996,42,Canola,22,bu/ac
1997,42,Canola,17.4,bu/ac
1998,42,Canola,15.7,bu/ac
1999,42,Canola,25.7,bu/ac
2000,42,Canola,19.2,bu/ac
2001,42,Canola,14.8,bu/ac
2002,42,Canola,18,bu/ac
2003,42,Canola,10.5,bu/ac
2004,42,Canola,24.4,bu/ac
2005,42,Canola,21.5,bu/ac
2006,42,Canola,13.5,bu/ac
2007,42,Canola,8.5,bu/ac
2008,42,Canola,20,bu/ac
2009,42,Canola,24,bu/ac
2010,42,Canola,24.1,bu/ac
2011,42,Canola,22,bu/ac
2012,42,Canola,22.2,bu/ac
2013,42,Canola,35.5,bu/ac
2014,42,Canola,35.43,bu/ac
2015,42,Canola,37.93,bu/ac
2016,42,Canola,50.9,bu/ac
2017,42,Canola,14.91,bu/ac
2018,42,Canola,34,bu/ac
2019,42,Canola,37.6,bu/ac
2020,42,Canola,32.5,bu/ac
2021,42,Canola,13.6,bu/ac
2022,42,Canola,25.4,bu/ac
2023,42,Canola,27.4,bu/ac
2024,42,Canola,10.7,bu/ac
2025,42,Canola,25.6,bu/ac
1994,43,Canola,25,bu/ac
1995,43,Canola,20,bu/ac
1996,43,Canola,23.2,bu/ac
1997,43,Canola,18,bu/ac
1998,43,Canola,8.6,bu/ac
1999,43,Canola,17.5,bu/ac
2000,43,Canola,18,bu/ac
2001,43,Canola,20,bu/ac
2002,43,Canola,16,bu/ac
2003,43,Canola,11.6,bu/ac
2004,43,Canola,21.4,bu/ac
2006,43,Canola,20,bu/ac
2007,43,Canola,14,bu/ac
2008,43,Canola,15,bu/ac
2010,43,Canola,19.9,bu/ac
2011,43,Canola,17.4,bu/ac
2012,43,Canola,21.5,bu/ac
2013,43,Canola,30.3,bu/ac
2014,43,Canola,25.92,bu/ac
2015,43,Canola,20.48,bu/ac
2016,43,Canola,37.3,bu/ac
2017,43,Canola,9.49,bu/ac
2018,43,Canola,15.5,bu/ac
2019,43,Canola,18,bu/ac
2020,43,Canola,22.2,bu/ac
2021,43,Canola,6,bu/ac
2022,43,Canola,25.9,bu/ac
2023,43,Canola,11.8,bu/ac
2024,43,Canola,8,bu/ac
2025,43,Canola,18.1,bu/ac
1993,44,Canola,16,bu/ac
1994,44,Canola,15.4,bu/ac
1995,44,Canola,20,bu/ac
1996,44,Canola,17,bu/ac
1997,44,Canola,15.7,bu/ac
1998,44,Canola,16,bu/ac
1999,44,Canola,25,bu/ac
2000,44,Canola,25,bu/ac
2001,44,Canola,15,bu/ac
2003,44,Canola,8,bu/ac
2004,44,Canola,30,bu/ac
2005,44,Canola,16.1,bu/ac
2006,44,Canola,14,bu/ac
2007,44,Canola,5.5,bu/ac
2008,44,Canola,17.5,bu/ac
2009,44,Canola,23.4,bu/ac
2010,44,Canola,19,bu/ac
2011,44,Canola,21.1,bu/ac
2012,44,Canola,20,bu/ac
2013,44,Canola,32,bu/ac
2014,44,Canola,22.44,bu/ac
2015,44,Canola,37.74,bu/ac
2016,44,Canola,47.1,bu/ac
2017,44,Canola,17.56,bu/ac
2018,44,Canola,18,bu/ac
2019,44,Canola,35.5,bu/ac
2020,44,Canola,19.4,bu/ac
2022,44,Canola,17.3,bu/ac
2023,44,Canola,10.8,bu/ac
2024,44,Canola,10.3,bu/ac
2025,44,Canola,24.2,bu/ac
1993,45,Canola,30,bu/ac
1994,45,Canola,21.5,bu/ac
1995,45,Canola,13.9,bu/ac
1996,45,Canola,10.7,bu/ac
1997,45,Canola,9,bu/ac
1999,45,Canola,17.8,bu/ac
2002,45,Canola,13.9,bu/ac
2003,45,Canola,7.5,bu/ac
2004,45,Canola,14.6,bu/ac
2010,45,Canola,14.3,bu/ac
2011,45,Canola,14.8,bu/ac
2012,45,Canola,18.1,bu/ac
2015,45,Canola,32.5,bu/ac
2017,45,Canola,9.33,bu/ac
2018,45,Canola,30,bu/ac
2019,45,Canola,38.9,bu/ac
2020,45,Canola,24.4,bu/ac
2021,45,Canola,4,bu/ac
2022,45,Canola,11.4,bu/ac
2023,45,Canola,13.4,bu/ac
2024,45,Canola,13.5,bu/ac
2025,45,Canola,21,bu/ac
1994,46,Canola,20,bu/ac
1995,46,Canola,20,bu/ac
1996,46,Canola,15,bu/ac
1997,46,Canola,22.5,bu/ac
1998,46,Canola,15,bu/ac
1999,46,Canola,25.3,bu/ac
2012,46,Canola,13,bu/ac
2017,46,Canola,12.63,bu/ac
2019,46,Canola,36.9,bu/ac
2021,46,Canola,6,bu/ac
2022,46,Canola,15.4,bu/ac
2024,46,Canola,19.8,bu/ac
2025,46,Canola,24.6,bu/ac
1990,49,Canola,19,bu/ac
1992,49,Canola,22,bu/ac
1993,49,Canola,27,bu/ac
1994,49,Canola,18.5,bu/ac
1995,49,Canola,27.9,bu/ac
1996,49,Canola,24.4,bu/ac
1997,49,Canola,15,bu/ac
1998,49,Canola,21.8,bu/ac
1999,49,Canola,20.5,bu/ac
2000,49,Canola,17.8,bu/ac
2001,49,Canola,11.8,bu/ac
2002,49,Canola,23.1,bu/ac
2003,49,Canola,7.8,bu/ac
2004,49,Canola,17.2,bu/ac
2005,49,Canola,18.3,bu/ac
2007,49,Canola,12.1,bu/ac
2010,49,Canola,28,bu/ac
2011,49,Canola,18.9,bu/ac
2012,49,Canola,23.8,bu/ac
2013,49,Canola,42.8,bu/ac
2014,49,Canola,28.75,bu/ac
2015,49,Canola,28,bu/ac
2016,49,Canola,26.8,bu/ac
2017,49,Canola,17.52,bu/ac
2018,49,Canola,25,bu/ac
2019,49,Canola,33.9,bu/ac
2020,49,Canola,26.7,bu/ac
2021,49,Canola,18.3,bu/ac
2022,49,Canola,12.1,bu/ac
2023,49,Canola,12.7,bu/ac
2024,49,Canola,20.6,bu/ac
2025,49,Canola,35,bu/ac
1994,51,Canola,20,bu/ac
1995,51,Canola,18,bu/ac
1996,51,Canola,25,bu/ac
1997,51,Canola,18,bu/ac
1998,51,Canola,16,bu/ac
1999,51,Canola,20.5,bu/ac
2004,51,Canola,20,bu/ac
2005,51,Canola,17.7,bu/ac
2006,51,Canola,8.5,bu/ac
2007,51,Canola,8,bu/ac
2008,51,Canola,18,bu/ac
2009,51,Canola,13,bu/ac
2010,51,Canola,22.4,bu/ac
2011,51,Canola,22.5,bu/ac
2012,51,Canola,18.7,bu/ac
2013,51,Canola,29.2,bu/ac
2014,51,Canola,20.6,bu/ac
2015,51,Canola,15.67,bu/ac
2016,51,Canola,36,bu/ac
2017,51,Canola,14.48,bu/ac
2018,51,Canola,13.5,bu/ac
2019,51,Canola,19.5,bu/ac
2020,51,Canola,15.1,bu/ac
2021,51,Canola,4.6,bu/ac
2023,51,Canola,19,bu/ac
1990,61,Canola,23.2,bu/ac
1991,61,Canola,26.3,bu/ac
1992,61,Canola,19.4,bu/ac
1993,61,Canola,24,bu/ac
1994,61,Canola,20.7,bu/ac
1995,61,Canola,16.5,bu/ac
1996,61,Canola,26,bu/ac
1997,61,Canola,21.4,bu/ac
1998,61,Canola,21.3,bu/ac
1999,61,Canola,22.8,bu/ac
2000,61,Canola,27.6,bu/ac
2001,61,Canola,22.3,bu/ac
2002,61,Canola,24.6,bu/ac
2003,61,Canola,21.8,bu/ac
2004,61,Canola,23.1,bu/ac
2005,61,Canola,28.3,bu/ac
2006,61,Canola,25.3,bu/ac
2007,61,Canola,28.3,bu/ac
2008,61,Canola,34.4,bu/ac
2009,61,Canola,39.1,bu/ac
2010,61,Canola,29.2,bu/ac
2011,61,Canola,21.4,bu/ac
2012,61,Canola,24.8,bu/ac
2013,61,Canola,23.1,bu/ac
2014,61,Canola,22.25,bu/ac
2015,61,Canola,31.43,bu/ac
2016,61,Canola,33.6,bu/ac
2017,61,Canola,35.76,bu/ac
2018,61,Canola,34.6,bu/ac
2019,61,Canola,38.6,bu/ac
2020,61,Canola,40.6,bu/ac
2021,61,Canola,34.9,bu/ac
2022,61,Canola,38.8,bu/ac
2023,61,Canola,42.8,bu/ac
2024,61,Canola,39.5,bu/ac
2025,61,Canola,47.2,bu/ac
1990,63,Canola,21,bu/ac
1991,63,Canola,24.7,bu/ac
1992,63,Canola,25.8,bu/ac
1993,63,Canola,29,bu/ac
1994,63,Canola,22,bu/ac
1995,63,Canola,18.7,bu/ac
1996,63,Canola,23.2,bu/ac
1997,63,Canola,18.6,bu/ac
1998,63,Canola,21.6,bu/ac
1999,63,Canola,27,bu/ac
2000,63,Canola,22.3,bu/ac
2001,63,Canola,23.9,bu/ac
2002,63,Canola,23.1,bu/ac
2003,63,Canola,21.9,bu/ac
2004,63,Canola,20.7,bu/ac
2005,63,Canola,28.5,bu/ac
2006,63,Canola,25.4,bu/ac
2007,63,Canola,23.6,bu/ac
2008,63,Canola,30.1,bu/ac
2009,63,Canola,37.7,bu/ac
2010,63,Canola,25.8,bu/ac
2011,63,Canola,25.4,bu/ac
2012,63,Canola,26.8,bu/ac
2013,63,Canola,32.1,bu/ac
2014,63,Canola,28.74,bu/ac
2015,63,Canola,34.48,bu/ac
2016,63,Canola,38.5,bu/ac
2017,63,Canola,33.82,bu/ac
2018,63,Canola,39.4,bu/ac
2019,63,Canola,40,bu/ac
2020,63,Canola,46.3,bu/ac
2021,63,Canola,38.6,bu/ac
2022,63,Canola,44.6,bu/ac
2023,63,Canola,42,bu/ac
2024,63,Canola,41.1,bu/ac
2025,63,Canola,51.1,bu/ac
1990,64,Canola,20,bu/ac
1991,64,Canola,20,bu/ac
1992,64,Canola,30,bu/ac
1993,64,Canola,26.4,bu/ac
1994,64,Canola,22,bu/ac
1995,64,Canola,17.8,bu/ac
1996,64,Canola,21.8,bu/ac
1997,64,Canola,14.8,bu/ac
1998,64,Canola,16.9,bu/ac
1999,64,Canola,23,bu/ac
2000,64,Canola,26.7,bu/ac
2001,64,Canola,20.2,bu/ac
2002,64,Canola,27,bu/ac
2003,64,Canola,16.7,bu/ac
2004,64,Canola,22.3,bu/ac
2005,64,Canola,25.7,bu/ac
2006,64,Canola,24.4,bu/ac
2007,64,Canola,23.5,bu/ac
2008,64,Canola,24.5,bu/ac
2009,64,Canola,31.6,bu/ac
2010,64,Canola,34.3,bu/ac
2011,64,Canola,23.4,bu/ac
2012,64,Canola,28.7,bu/ac
2013,64,Canola,37,bu/ac
2014,64,Canola,37.1,bu/ac
2015,64,Canola,32.49,bu/ac
2016,64,Canola,37.9,bu/ac
2017,64,Canola,32.5,bu/ac
2018,64,Canola,38,bu/ac
2019,64,Canola,38.7,bu/ac
2020,64,Canola,39.7,bu/ac
2021,64,Canola,38.6,bu/ac
2022,64,Canola,39,bu/ac
2023,64,Canola,35.9,bu/ac
2024,64,Canola,38.3,bu/ac
2025,64,Canola,49.8,bu/ac
1990,65,Canola,20,bu/ac
1991,65,Canola,22,bu/ac
1992,65,Canola,28.1,bu/ac
1993,65,Canola,31.5,bu/ac
1994,65,Canola,20.2,bu/ac
1995,65,Canola,18.1,bu/ac
1996,65,Canola,25.4,bu/ac
1997,65,Canola,17.6,bu/ac
1998,65,Canola,20.6,bu/ac
1999,65,Canola,26.9,bu/ac
2000,65,Canola,36.9,bu/ac
2001,65,Canola,21.8,bu/ac
2002,65,Canola,17.2,bu/ac
2003,65,Canola,13.2,bu/ac
2004,65,Canola,26.5,bu/ac
2005,65,Canola,26.7,bu/ac
2006,65,Canola,22.6,bu/ac
2007,65,Canola,23.8,bu/ac
2008,65,Canola,21,bu/ac
2009,65,Canola,28.1,bu/ac
2010,65,Canola,37.7,bu/ac
2011,65,Canola,13.7,bu/ac
2012,65,Canola,30,bu/ac
2013,65,Canola,36,bu/ac
2014,65,Canola,23.58,bu/ac
2015,65,Canola,26.78,bu/ac
2016,65,Canola,34.1,bu/ac
2017,65,Canola,24.75,bu/ac
2018,65,Canola,33.6,bu/ac
2019,65,Canola,39.8,bu/ac
2020,65,Canola,42.4,bu/ac
2021,65,Canola,29,bu/ac
2022,65,Canola,42.1,bu/ac
2023,65,Canola,28.2,bu/ac
2024,65,Canola,33.9,bu/ac
2025,65,Canola,47.7,bu/ac
1990,66,Canola,15,bu/ac
1991,66,Canola,10,bu/ac
1992,66,Canola,20,bu/ac
1993,66,Canola,29.2,bu/ac
1994,66,Canola,23.4,bu/ac
1995,66,Canola,19.2,bu/ac
1996,66,Canola,26.6,bu/ac
1997,66,Canola,16.4,bu/ac
1998,66,Canola,20.1,bu/ac
1999,66,Canola,19,bu/ac
2000,66,Canola,25.3,bu/ac
2001,66,Canola,16.1,bu/ac
2002,66,Canola,17.9,bu/ac
2003,66,Canola,9.2,bu/ac
2004,66,Canola,21.7,bu/ac
2005,66,Canola,25.5,bu/ac
2006,66,Canola,19.9,bu/ac
2007,66,Canola,18.4,bu/ac
2008,66,Canola,22.2,bu/ac
2009,66,Canola,37.2,bu/ac
2010,66,Canola,28.9,bu/ac
2011,66,Canola,18.1,bu/ac
2012,66,Canola,22.1,bu/ac
2013,66,Canola,28.8,bu/ac
2014,66,Canola,26.62,bu/ac
2015,66,Canola,28.89,bu/ac
2016,66,Canola,39.5,bu/ac
2017,66,Canola,22.92,bu/ac
2018,66,Canola,31.5,bu/ac
2019,66,Canola,39,bu/ac
2020,66,Canola,38.6,bu/ac
2021,66,Canola,26.8,bu/ac
2022,66,Canola,43.6,bu/ac
2023,66,Canola,24.9,bu/ac
2024,66,Canola,29.8,bu/ac
2025,66,Canola,45.8,bu/ac
1993,67,Canola,30,bu/ac
1994,67,Canola,23,bu/ac
1995,67,Canola,23.1,bu/ac
1996,67,Canola,27,bu/ac
1997,67,Canola,9.4,bu/ac
1998,67,Canola,24.6,bu/ac
1999,67,Canola,24.6,bu/ac
2000,67,Canola,23.7,bu/ac
2001,67,Canola,20.4,bu/ac
2002,67,Canola,14.7,bu/ac
2003,67,Canola,7.6,bu/ac
2004,67,Canola,29.9,bu/ac
2005,67,Canola,27.7,bu/ac
2006,67,Canola,22.3,bu/ac
2007,67,Canola,27.5,bu/ac
2008,67,Canola,26.6,bu/ac
2009,67,Canola,33.6,bu/ac
2010,67,Canola,28.5,bu/ac
2011,67,Canola,18.9,bu/ac
2012,67,Canola,22.1,bu/ac
2013,67,Canola,37.9,bu/ac
2014,67,Canola,32.61,bu/ac
2015,67,Canola,27.13,bu/ac
2016,67,Canola,35.5,bu/ac
2017,67,Canola,19.96,bu/ac
2018,67,Canola,29.5,bu/ac
2019,67,Canola,30.2,bu/ac
2020,67,Canola,32.8,bu/ac
2021,67,Canola,20.6,bu/ac
2022,67,Canola,41.2,bu/ac
2023,67,Canola,29.8,bu/ac
2024,67,Canola,25.6,bu/ac
2025,67,Canola,44.7,bu/ac
1994,68,Canola,16,bu/ac
1995,68,Canola,15,bu/ac
1996,68,Canola,15,bu/ac
1997,68,Canola,8.3,bu/ac
1998,68,Canola,11.2,bu/ac
1999,68,Canola,20.3,bu/ac
2000,68,Canola,22.9,bu/ac
2001,68,Canola,23,bu/ac
2002,68,Canola,12.9,bu/ac
2003,68,Canola,12.4,bu/ac
2004,68,Canola,22.9,bu/ac
2005,68,Canola,25.5,bu/ac
2006,68,Canola,14.5,bu/ac
2007,68,Canola,20.6,bu/ac
2008,68,Canola,21.7,bu/ac
2009,68,Canola,27.1,bu/ac
2010,68,Canola,28.7,bu/ac
2011,68,Canola,15.5,bu/ac
2012,68,Canola,24.9,bu/ac
2013,68,Canola,38.3,bu/ac
2014,68,Canola,31.46,bu/ac
2015,68,Canola,25.7,bu/ac
2016,68,Canola,42.7,bu/ac
2017,68,Canola,17.01,bu/ac
2018,68,Canola,31.5,bu/ac
2019,68,Canola,27.7,bu/ac
2020,68,Canola,33,bu/ac
2021,68,Canola,21.5,bu/ac
2022,68,Canola,37.7,bu/ac
2023,68,Canola,26.3,bu/ac
2024,68,Canola,21,bu/ac
2025,68,Canola,44.1,bu/ac
1993,69,Canola,35,bu/ac
1994,69,Canola,18.4,bu/ac
1995,69,Canola,23.9,bu/ac
1996,69,Canola,22.6,bu/ac
1997,69,Canola,15,bu/ac
1998,69,Canola,23.2,bu/ac
1999,69,Canola,27.1,bu/ac
2000,69,Canola,20.1,bu/ac
2001,69,Canola,21.4,bu/ac
2002,69,Canola,30.7,bu/ac
2003,69,Canola,8.8,bu/ac
2004,69,Canola,26.3,bu/ac
2005,69,Canola,20.6,bu/ac
2006,69,Canola,16.7,bu/ac
2007,69,Canola,23.3,bu/ac
2008,69,Canola,24.1,bu/ac
2009,69,Canola,30.2,bu/ac
2010,69,Canola,30,bu/ac
2011,69,Canola,24.1,bu/ac
2012,69,Canola,20.7,bu/ac
2013,69,Canola,31.4,bu/ac
2014,69,Canola,27.82,bu/ac
2015,69,Canola,29.67,bu/ac
2016,69,Canola,37.6,bu/ac
2017,69,Canola,20.8,bu/ac
2018,69,Canola,24.9,bu/ac
2019,69,Canola,33,bu/ac
2020,69,Canola,37,bu/ac
2021,69,Canola,25.7,bu/ac
2022,69,Canola,33.7,bu/ac
2023,69,Canola,21.5,bu/ac
2024,69,Canola,15.6,bu/ac
2025,69,Canola,44.4,bu/ac
1993,70,Canola,20,bu/ac
1994,70,Canola,16.3,bu/ac
1995,70,Canola,19.4,bu/ac
1996,70,Canola,18.4,bu/ac
1997,70,Canola,17.9,bu/ac
1998,70,Canola,25.7,bu/ac
1999,70,Canola,31.8,bu/ac
2000,70,Canola,21,bu/ac
2001,70,Canola,23.2,bu/ac
2002,70,Canola,20.1,bu/ac
2003,70,Canola,10.1,bu/ac
2004,70,Canola,21.6,bu/ac
2005,70,Canola,28.5,bu/ac
2006,70,Canola,22.3,bu/ac
2007,70,Canola,16.8,bu/ac
2008,70,Canola,22.2,bu/ac
2009,70,Canola,33.5,bu/ac
2010,70,Canola,33.3,bu/ac
2011,70,Canola,25.2,bu/ac
2012,70,Canola,25.2,bu/ac
2013,70,Canola,31.3,bu/ac
2014,70,Canola,30.21,bu/ac
2015,70,Canola,32.81,bu/ac
2016,70,Canola,39.8,bu/ac
2017,70,Canola,16.86,bu/ac
2018,70,Canola,25,bu/ac
2019,70,Canola,34.1,bu/ac
2020,70,Canola,40.6,bu/ac
2021,70,Canola,24.2,bu/ac
2022,70,Canola,34.3,bu/ac
2023,70,Canola,27.3,bu/ac
2024,70,Canola,18.7,bu/ac
2025,70,Canola,41.9,bu/ac
1993,71,Canola,25,bu/ac
1994,71,Canola,25,bu/ac
1995,71,Canola,23.3,bu/ac
1996,71,Canola,25.9,bu/ac
1997,71,Canola,16.2,bu/ac
1998,71,Canola,26.4,bu/ac
1999,71,Canola,26,bu/ac
2000,71,Canola,31,bu/ac
2001,71,Canola,18.4,bu/ac
2002,71,Canola,26.5,bu/ac
2003,71,Canola,10.5,bu/ac
2004,71,Canola,32.2,bu/ac
2005,71,Canola,29,bu/ac
2006,71,Canola,19,bu/ac
2007,71,Canola,15.1,bu/ac
2008,71,Canola,25.9,bu/ac
2009,71,Canola,35.8,bu/ac
2010,71,Canola,31.3,bu/ac
2011,71,Canola,24.9,bu/ac
2012,71,Canola,26.5,bu/ac
2013,71,Canola,29.9,bu/ac
2014,71,Canola,30.47,bu/ac
2015,71,Canola,33.44,bu/ac
2016,71,Canola,40.1,bu/ac
2017,71,Canola,18.1,bu/ac
2018,71,Canola,26.5,bu/ac
2019,71,Canola,41,bu/ac
2020,71,Canola,34.2,bu/ac
2021,71,Canola,21.1,bu/ac
2022,71,Canola,34.7,bu/ac
2023,71,Canola,17.5,bu/ac
2024,71,Canola,9.7,bu/ac
2025,71,Canola,37.5,bu/ac
1994,72,Canola,23.3,bu/ac
1995,72,Canola,21,bu/ac
1996,72,Canola,21.6,bu/ac
1997,72,Canola,12,bu/ac
1998,72,Canola,18.5,bu/ac
1999,72,Canola,26.7,bu/ac
2000,72,Canola,31.1,bu/ac
2001,72,Canola,29,bu/ac
2002,72,Canola,18.9,bu/ac
2003,72,Canola,6.2,bu/ac
2004,72,Canola,27.9,bu/ac
2005,72,Canola,18.9,bu/ac
2006,72,Canola,13.9,bu/ac
2007,72,Canola,13.2,bu/ac
2008,72,Canola,23.4,bu/ac
2010,72,Canola,27.9,bu/ac
2011,72,Canola,27.8,bu/ac
2012,72,Canola,26.6,bu/ac
2013,72,Canola,38.6,bu/ac
2014,72,Canola,35.71,bu/ac
2015,72,Canola,31.94,bu/ac
2016,72,Canola,47.9,bu/ac
2017,72,Canola,24.84,bu/ac
2018,72,Canola,28.3,bu/ac
2019,72,Canola,43.4,bu/ac
2020,72,Canola,34.9,bu/ac
2021,72,Canola,14.2,bu/ac
2022,72,Canola,26.8,bu/ac
2023,72,Canola,17.9,bu/ac
2024,72,Canola,10.6,bu/ac
2025,72,Canola,28,bu/ac
1994,73,Canola,30,bu/ac
1995,73,Canola,18.4,bu/ac
1996,73,Canola,25,bu/ac
1997,73,Canola,9.9,bu/ac
1998,73,Canola,14.2,bu/ac
1999,73,Canola,28.1,bu/ac
2000,73,Canola,25.7,bu/ac
2001,73,Canola,25.2,bu/ac
2002,73,Canola,30,bu/ac
2003,73,Canola,8.3,bu/ac
2004,73,Canola,30,bu/ac
2005,73,Canola,26.7,bu/ac
2006,73,Canola,25.7,bu/ac
2007,73,Canola,17.7,bu/ac
2008,73,Canola,17.8,bu/ac
2009,73,Canola,27,bu/ac
2010,73,Canola,35.2,bu/ac
2011,73,Canola,32.9,bu/ac
2012,73,Canola,28.9,bu/ac
2013,73,Canola,35.3,bu/ac
2014,73,Canola,38.77,bu/ac
2015,73,Canola,36.82,bu/ac
2016,73,Canola,40.9,bu/ac
2017,73,Canola,24.44,bu/ac
2018,73,Canola,24.9,bu/ac
2019,73,Canola,39.8,bu/ac
2020,73,Canola,32.2,bu/ac
2021,73,Canola,7,bu/ac
2022,73,Canola,17.5,bu/ac
2023,73,Canola,15.9,bu/ac
2024,73,Canola,10.3,bu/ac
2025,73,Canola,25.6,bu/ac
1994,74,Canola,20,bu/ac
1995,74,Canola,15,bu/ac
1997,74,Canola,10.7,bu/ac
1998,74,Canola,18.6,bu/ac
1999,74,Canola,27.6,bu/ac
2000,74,Canola,25,bu/ac
2001,74,Canola,15.8,bu/ac
2002,74,Canola,20,bu/ac
2003,74,Canola,11.6,bu/ac
2007,74,Canola,10.6,bu/ac
2008,74,Canola,15,bu/ac
2009,74,Canola,13.5,bu/ac
2010,74,Canola,25.9,bu/ac
2011,74,Canola,27.2,bu/ac
2012,74,Canola,20.7,bu/ac
2013,74,Canola,33.5,bu/ac
2014,74,Canola,26.87,bu/ac
2015,74,Canola,35.17,bu/ac
2016,74,Canola,42.3,bu/ac
2017,74,Canola,24.66,bu/ac
2018,74,Canola,24.7,bu/ac
2019,74,Canola,34,bu/ac
2020,74,Canola,21.8,bu/ac
2021,74,Canola,5.2,bu/ac
2022,74,Canola,12.3,bu/ac
2023,74,Canola,12.3,bu/ac
2024,74,Canola,14.2,bu/ac
2025,74,Canola,30.1,bu/ac
1993,75,Canola,28,bu/ac
1994,75,Canola,18,bu/ac
1995,75,Canola,16,bu/ac
1996,75,Canola,15,bu/ac
1997,75,Canola,17.2,bu/ac
1998,75,Canola,13.5,bu/ac
1999,75,Canola,27.2,bu/ac
2000,75,Canola,21.6,bu/ac
2001,75,Canola,11.6,bu/ac
2002,75,Canola,21.6,bu/ac
2003,75,Canola,9.9,bu/ac
2004,75,Canola,33,bu/ac
2005,75,Canola,14.5,bu/ac
2006,75,Canola,13.9,bu/ac
2007,75,Canola,11.4,bu/ac
2008,75,Canola,14,bu/ac
2009,75,Canola,14,bu/ac
2010,75,Canola,32.5,bu/ac
2011,75,Canola,30.3,bu/ac
2012,75,Canola,23.7,bu/ac
2013,75,Canola,31.6,bu/ac
2014,75,Canola,29.74,bu/ac
2015,75,Canola,38.25,bu/ac
2016,75,Canola,48.3,bu/ac
2017,75,Canola,19.88,bu/ac
2018,75,Canola,24,bu/ac
2019,75,Canola,33.7,bu/ac
2020,75,Canola,27.6,bu/ac
2021,75,Canola,7.4,bu/ac
2022,75,Canola,14.6,bu/ac
2023,75,Canola,12.2,bu/ac
2024,75,Canola,13.7,bu/ac
2025,75,Canola,30.4,bu/ac
1994,76,Canola,17.8,bu/ac
1995,76,Canola,17.2,bu/ac
1997,76,Canola,18,bu/ac
1998,76,Canola,15.9,bu/ac
1999,76,Canola,19.5,bu/ac
2000,76,Canola,23.2,bu/ac
2001,76,Canola,10,bu/ac
2002,76,Canola,15,bu/ac
2003,76,Canola,10,bu/ac
2004,76,Canola,27.5,bu/ac
2005,76,Canola,20,bu/ac
2006,76,Canola,17,bu/ac
2007,76,Canola,10.7,bu/ac
2008,76,Canola,15,bu/ac
2009,76,Canola,15,bu/ac
2011,76,Canola,33.3,bu/ac
2012,76,Canola,25,bu/ac
2013,76,Canola,50,bu/ac
2014,76,Canola,33.5,bu/ac
2015,76,Canola,42.17,bu/ac
2016,76,Canola,46.1,bu/ac
2017,76,Canola,18.39,bu/ac
2018,76,Canola,15,bu/ac
2020,76,Canola,30.6,bu/ac
2021,76,Canola,7.3,bu/ac
2022,76,Canola,9,bu/ac
2023,76,Canola,13.8,bu/ac
2024,76,Canola,14.3,bu/ac
2025,76,Canola,36,bu/ac
1995,77,Canola,18,bu/ac
1996,77,Canola,11.4,bu/ac
1999,77,Canola,25.4,bu/ac
2002,77,Canola,13.1,bu/ac
2004,77,Canola,31.7,bu/ac
2005,77,Canola,34.8,bu/ac
2010,77,Canola,29,bu/ac
2011,77,Canola,26.4,bu/ac
2012,77,Canola,25.3,bu/ac
2013,77,Canola,38.6,bu/ac
2014,77,Canola,31.45,bu/ac
2015,77,Canola,36.87,bu/ac
2016,77,Canola,41.8,bu/ac
2017,77,Canola,20.62,bu/ac
2018,77,Canola,20.6,bu/ac
2019,77,Canola,35.5,bu/ac
2020,77,Canola,27.7,bu/ac
2021,77,Canola,5.9,bu/ac
2022,77,Canola,7,bu/ac
2023,77,Canola,8.8,bu/ac
2024,77,Canola,26.1,bu/ac
2025,77,Canola,33.8,bu/ac
1990,78,Canola,20,bu/ac
1991,78,Canola,18,bu/ac
1993,78,Canola,25,bu/ac
1994,78,Canola,18,bu/ac
1995,78,Canola,18,bu/ac
1996,78,Canola,21,bu/ac
1997,78,Canola,16.6,bu/ac
1998,78,Canola,18.6,bu/ac
1999,78,Canola,20.3,bu/ac
2000,78,Canola,23.2,bu/ac
2002,78,Canola,17.8,bu/ac
2003,78,Canola,13.9,bu/ac
2004,78,Canola,26.3,bu/ac
2005,78,Canola,22.2,bu/ac
2006,78,Canola,8,bu/ac
2007,78,Canola,13,bu/ac
2008,78,Canola,12.5,bu/ac
2009,78,Canola,23.5,bu/ac
2011,78,Canola,22.4,bu/ac
2012,78,Canola,22.2,bu/ac
2013,78,Canola,37.9,bu/ac
2014,78,Canola,27.37,bu/ac
2015,78,Canola,33.38,bu/ac
2016,78,Canola,51.6,bu/ac
2017,78,Canola,22.11,bu/ac
2018,78,Canola,22.1,bu/ac
2019,78,Canola,42.3,bu/ac
2020,78,Canola,28.3,bu/ac
2021,78,Canola,16.5,bu/ac
2022,78,Canola,14.7,bu/ac
2023,78,Canola,14.2,bu/ac
2024,78,Canola,23.6,bu/ac
2025,78,Canola,38.8,bu/ac
1990,79,Canola,20,bu/ac
1991,79,Canola,15,bu/ac
1992,79,Canola,20,bu/ac
1993,79,Canola,22.2,bu/ac
1994,79,Canola,16.8,bu/ac
1995,79,Canola,16,bu/ac
1996,79,Canola,14.9,bu/ac
1997,79,Canola,14.2,bu/ac
1998,79,Canola,23.3,bu/ac
1999,79,Canola,23.2,bu/ac
2000,79,Canola,31,bu/ac
2001,79,Canola,15.9,bu/ac
2002,79,Canola,14.8,bu/ac
2003,79,Canola,15.5,bu/ac
2004,79,Canola,28.9,bu/ac
2005,79,Canola,21.1,bu/ac
2007,79,Canola,19.5,bu/ac
2009,79,Canola,35.7,bu/ac
2010,79,Canola,22.7,bu/ac
2011,79,Canola,30.3,bu/ac
2012,79,Canola,27.9,bu/ac
2013,79,Canola,28.6,bu/ac
2014,79,Canola,29.39,bu/ac
2015,79,Canola,31.56,bu/ac
2016,79,Canola,48.7,bu/ac
2017,79,Canola,19.4,bu/ac
2018,79,Canola,24.5,bu/ac
2019,79,Canola,34,bu/ac
2020,79,Canola,22.7,bu/ac
2021,79,Canola,22.9,bu/ac
2022,79,Canola,17.5,bu/ac
2023,79,Canola,16.7,bu/ac
2024,79,Canola,22.4,bu/ac
2025,79,Canola,48.2,bu/ac
1990,91,Canola,24.3,bu/ac
1991,91,Canola,30.5,bu/ac
1992,91,Canola,18.2,bu/ac
1993,91,Canola,24.2,bu/ac
1994,91,Canola,27.8,bu/ac
1995,91,Canola,16.8,bu/ac
1996,91,Canola,26.8,bu/ac
1997,91,Canola,21.6,bu/ac
1998,91,Canola,21.3,bu/ac
1999,91,Canola,23,bu/ac
2000,91,Canola,23.3,bu/ac
2001,91,Canola,21.8,bu/ac
2002,91,Canola,23.9,bu/ac
2003,91,Canola,23.5,bu/ac
2004,91,Canola,18.6,bu/ac
2005,91,Canola,28.6,bu/ac
2006,91,Canola,25.1,bu/ac
2007,91,Canola,20.7,bu/ac
2008,91,Canola,33.7,bu/ac
2009,91,Canola,33.1,bu/ac
2010,91,Canola,30,bu/ac
2011,91,Canola,17.4,bu/ac
2012,91,Canola,24,bu/ac
2013,91,Canola,39.5,bu/ac
2014,91,Canola,27.95,bu/ac
2015,91,Canola,35.24,bu/ac
2016,91,Canola,36.7,bu/ac
2017,91,Canola,38.21,bu/ac
2018,91,Canola,38.9,bu/ac
2019,91,Canola,41.8,bu/ac
2020,91,Canola,45.9,bu/ac
2021,91,Canola,33.1,bu/ac
2022,91,Canola,40.8,bu/ac
2023,91,Canola,43,bu/ac
2024,91,Canola,38.5,bu/ac
2025,91,Canola,47.2,bu/ac
1990,92,Canola,24,bu/ac
1991,92,Canola,28.5,bu/ac
1992,92,Canola,25.6,bu/ac
1993,92,Canola,24.9,bu/ac
1994,92,Canola,18.7,bu/ac
1995,92,Canola,15.3,bu/ac
1996,92,Canola,22.7,bu/ac
1997,92,Canola,20.7,bu/ac
1998,92,Canola,25.5,bu/ac
1999,92,Canola,21.6,bu/ac
2000,92,Canola,31.7,bu/ac
2001,92,Canola,22.9,bu/ac
2002,92,Canola,30.4,bu/ac
2003,92,Canola,25.4,bu/ac
2004,92,Canola,16.6,bu/ac
2005,92,Canola,31.3,bu/ac
2006,92,Canola,31,bu/ac
2007,92,Canola,22.4,bu/ac
2008,92,Canola,36.5,bu/ac
2009,92,Canola,39.9,bu/ac
2010,92,Canola,34.8,bu/ac
2011,92,Canola,15.3,bu/ac
2012,92,Canola,23.3,bu/ac
2013,92,Canola,35.4,bu/ac
2014,92,Canola,25.4,bu/ac
2015,92,Canola,36.07,bu/ac
2016,92,Canola,40.3,bu/ac
2017,92,Canola,40.66,bu/ac
2018,92,Canola,40.7,bu/ac
2019,92,Canola,43.3,bu/ac
2020,92,Canola,45.6,bu/ac
2021,92,Canola,37,bu/ac
2022,92,Canola,37.5,bu/ac
2023,92,Canola,43.1,bu/ac
2024,92,Canola,39.1,bu/ac
2025,92,Canola,45.9,bu/ac
1990,93,Canola,27,bu/ac
1991,93,Canola,30.2,bu/ac
1992,93,Canola,25.6,bu/ac
1993,93,Canola,19.6,bu/ac
1994,93,Canola,19.4,bu/ac
1995,93,Canola,17.6,bu/ac
1996,93,Canola,22.8,bu/ac
1997,93,Canola,23.7,bu/ac
1998,93,Canola,24.8,bu/ac
1999,93,Canola,21.9,bu/ac
2000,93,Canola,29,bu/ac
2001,93,Canola,24.9,bu/ac
2002,93,Canola,24,bu/ac
2003,93,Canola,20.4,bu/ac
2004,93,Canola,15,bu/ac
2005,93,Canola,26.9,bu/ac
2006,93,Canola,28.4,bu/ac
2007,93,Canola,16,bu/ac
2008,93,Canola,35.7,bu/ac
2009,93,Canola,38.1,bu/ac
2010,93,Canola,28.2,bu/ac
2011,93,Canola,22.3,bu/ac
2012,93,Canola,18.6,bu/ac
2013,93,Canola,43.5,bu/ac
2014,93,Canola,28.3,bu/ac
2015,93,Canola,38.81,bu/ac
2016,93,Canola,39.3,bu/ac
2017,93,Canola,37.93,bu/ac
2018,93,Canola,40.5,bu/ac
2019,93,Canola,42.4,bu/ac
2020,93,Canola,45.1,bu/ac
2021,93,Canola,33.3,bu/ac
2022,93,Canola,42.8,bu/ac
2023,93,Canola,43.2,bu/ac
2024,93,Canola,39.9,bu/ac
2025,93,Canola,49.4,bu/ac
1990,94,Canola,25,bu/ac
1991,94,Canola,26.7,bu/ac
1992,94,Canola,17.2,bu/ac
1993,94,Canola,22.2,bu/ac
1994,94,Canola,15.6,bu/ac
1995,94,Canola,10.8,bu/ac
1996,94,Canola,23.5,bu/ac
1997,94,Canola,15.2,bu/ac
1998,94,Canola,22.1,bu/ac
1999,94,Canola,15.7,bu/ac
2000,94,Canola,26.9,bu/ac
2001,94,Canola,16.9,bu/ac
2003,94,Canola,17,bu/ac
2004,94,Canola,18,bu/ac
2005,94,Canola,29.1,bu/ac
2006,94,Canola,29.7,bu/ac
2007,94,Canola,28.2,bu/ac
2008,94,Canola,36.6,bu/ac
2009,94,Canola,31.7,bu/ac
2010,94,Canola,22.4,bu/ac
2011,94,Canola,20.2,bu/ac
2012,94,Canola,26.6,bu/ac
2013,94,Canola,37.1,bu/ac
2014,94,Canola,29.99,bu/ac
2015,94,Canola,26.07,bu/ac
2016,94,Canola,35.5,bu/ac
2017,94,Canola,28.88,bu/ac
2018,94,Canola,39.6,bu/ac
2019,94,Canola,44.1,bu/ac
2020,94,Canola,42.3,bu/ac
2021,94,Canola,27.7,bu/ac
2022,94,Canola,41.4,bu/ac
2023,94,Canola,34,bu/ac
2024,94,Canola,34.5,bu/ac
2025,94,Canola,42.6,bu/ac
1990,95,Canola,15.5,bu/ac
1991,95,Canola,20.1,bu/ac
1992,95,Canola,25.3,bu/ac
1993,95,Canola,24.7,bu/ac
1994,95,Canola,22.3,bu/ac
1995,95,Canola,14,bu/ac
1996,95,Canola,23.3,bu/ac
1997,95,Canola,19.1,bu/ac
1998,95,Canola,22.3,bu/ac
1999,95,Canola,24.7,bu/ac
2000,95,Canola,26.5,bu/ac
2001,95,Canola,23.8,bu/ac
2002,95,Canola,20.7,bu/ac
2003,95,Canola,19,bu/ac
2004,95,Canola,16.2,bu/ac
2005,95,Canola,28.6,bu/ac
2006,95,Canola,29.7,bu/ac
2007,95,Canola,26.4,bu/ac
2008,95,Canola,36.5,bu/ac
2009,95,Canola,34.6,bu/ac
2010,95,Canola,31.9,bu/ac
2011,95,Canola,23.8,bu/ac
2012,95,Canola,22.2,bu/ac
2013,95,Canola,40.3,bu/ac
2014,95,Canola,29.39,bu/ac
2015,95,Canola,37.53,bu/ac
2016,95,Canola,40.1,bu/ac
2017,95,Canola,31.97,bu/ac
2018,95,Canola,37,bu/ac
2019,95,Canola,42.4,bu/ac
2020,95,Canola,41.1,bu/ac
2021,95,Canola,27.5,bu/ac
2022,95,Canola,41.7,bu/ac
2023,95,Canola,29.2,bu/ac
2024,95,Canola,28.8,bu/ac
2025,95,Canola,44.5,bu/ac
1990,96,Canola,16,bu/ac
1991,96,Canola,29.5,bu/ac
1992,96,Canola,27.3,bu/ac
1993,96,Canola,23.8,bu/ac
1994,96,Canola,24.2,bu/ac
1995,96,Canola,16.3,bu/ac
1996,96,Canola,20.8,bu/ac
1997,96,Canola,14.3,bu/ac
1998,96,Canola,17.9,bu/ac
1999,96,Canola,22.7,bu/ac
2000,96,Canola,25.9,bu/ac
2001,96,Canola,24.2,bu/ac
2002,96,Canola,18.3,bu/ac
2003,96,Canola,13.4,bu/ac
2004,96,Canola,24.5,bu/ac
2005,96,Canola,31.5,bu/ac
2006,96,Canola,28.3,bu/ac
2007,96,Canola,21.4,bu/ac
2008,96,Canola,36.5,bu/ac
2009,96,Canola,35.1,bu/ac
2010,96,Canola,30.6,bu/ac
2011,96,Canola,17.6,bu/ac
2012,96,Canola,24.4,bu/ac
2013,96,Canola,40.6,bu/ac
2014,96,Canola,29.37,bu/ac
2015,96,Canola,32.58,bu/ac
2016,96,Canola,37.9,bu/ac
2017,96,Canola,31.44,bu/ac
2018,96,Canola,41.8,bu/ac
2019,96,Canola,43.3,bu/ac
2020,96,Canola,40.8,bu/ac
2021,96,Canola,26.1,bu/ac
2022,96,Canola,42.9,bu/ac
2023,96,Canola,29.2,bu/ac
2024,96,Canola,30.9,bu/ac
2025,96,Canola,47.2,bu/ac
1992,97,Canola,30,bu/ac
1993,97,Canola,29.5,bu/ac
1994,97,Canola,18.2,bu/ac
1995,97,Canola,14.9,bu/ac
1996,97,Canola,20.1,bu/ac
1997,97,Canola,8.5,bu/ac
1998,97,Canola,14.1,bu/ac
1999,97,Canola,22.2,bu/ac
2000,97,Canola,21.1,bu/ac
2001,97,Canola,17.8,bu/ac
2002,97,Canola,16.7,bu/ac
2003,97,Canola,10.1,bu/ac
2004,97,Canola,22.1,bu/ac
2005,97,Canola,25.2,bu/ac
2006,97,Canola,23.2,bu/ac
2007,97,Canola,24.1,bu/ac
2008,97,Canola,31,bu/ac
2009,97,Canola,36.4,bu/ac
2010,97,Canola,29.2,bu/ac
2011,97,Canola,14,bu/ac
2012,97,Canola,27.1,bu/ac
2013,97,Canola,37.6,bu/ac
2014,97,Canola,32.25,bu/ac
2015,97,Canola,38.06,bu/ac
2016,97,Canola,41.2,bu/ac
2017,97,Canola,28.3,bu/ac
2018,97,Canola,42.9,bu/ac
2019,97,Canola,33.6,bu/ac
2020,97,Canola,39.2,bu/ac
2021,97,Canola,29.1,bu/ac
2022,97,Canola,40,bu/ac
2023,97,Canola,31.6,bu/ac
2024,97,Canola,21.1,bu/ac
2025,97,Canola,46.2,bu/ac
1994,98,Canola,23.2,bu/ac
1995,98,Canola,10.2,bu/ac
1996,98,Canola,17.5,bu/ac
1997,98,Canola,20.8,bu/ac
1998,98,Canola,17,bu/ac
1999,98,Canola,20.3,bu/ac
2000,98,Canola,25.1,bu/ac
2001,98,Canola,23.6,bu/ac
2002,98,Canola,21.3,bu/ac
2003,98,Canola,12.9,bu/ac
2004,98,Canola,26.9,bu/ac
2005,98,Canola,36,bu/ac
2006,98,Canola,24.4,bu/ac
2007,98,Canola,26.6,bu/ac
2008,98,Canola,22.9,bu/ac
2009,98,Canola,40.5,bu/ac
2010,98,Canola,31.6,bu/ac
2011,98,Canola,13.2,bu/ac
2012,98,Canola,31.3,bu/ac
2013,98,Canola,42.1,bu/ac
2014,98,Canola,40.94,bu/ac
2015,98,Canola,37.4,bu/ac
2016,98,Canola,46.3,bu/ac
2017,98,Canola,26.61,bu/ac
2018,98,Canola,37.3,bu/ac
2019,98,Canola,33.9,bu/ac
2020,98,Canola,44.3,bu/ac
2021,98,Canola,30.3,bu/ac
2022,98,Canola,49,bu/ac
2023,98,Canola,32.1,bu/ac
2024,98,Canola,23.4,bu/ac
2025,98,Canola,53.8,bu/ac
1994,99,Canola,19.2,bu/ac
1995,99,Canola,15.9,bu/ac
1996,99,Canola,22.5,bu/ac
1997,99,Canola,10.8,bu/ac
1998,99,Canola,17.4,bu/ac
1999,99,Canola,16.3,bu/ac
2000,99,Canola,18.4,bu/ac
2001,99,Canola,18.9,bu/ac
2002,99,Canola,15,bu/ac
2003,99,Canola,3,bu/ac
2004,99,Canola,16.4,bu/ac
2005,99,Canola,26.5,bu/ac
2006,99,Canola,17.5,bu/ac
2007,99,Canola,18.9,bu/ac
2008,99,Canola,20,bu/ac
2009,99,Canola,39.9,bu/ac
2010,99,Canola,35.7,bu/ac
2011,99,Canola,21.3,bu/ac
2012,99,Canola,32.6,bu/ac
2013,99,Canola,41.9,bu/ac
2014,99,Canola,45.08,bu/ac
2015,99,Canola,40.25,bu/ac
2016,99,Canola,48.4,bu/ac
2017,99,Canola,27.03,bu/ac
2018,99,Canola,39,bu/ac
2019,99,Canola,36.4,bu/ac
2020,99,Canola,45.8,bu/ac
2021,99,Canola,26.4,bu/ac
2022,99,Canola,47.1,bu/ac
2023,99,Canola,31.9,bu/ac
2024,99,Canola,31.3,bu/ac
2025,99,Canola,47.8,bu/ac
1993,100,Canola,32,bu/ac
1994,100,Canola,20,bu/ac
1995,100,Canola,25.7,bu/ac
1996,100,Canola,23.9,bu/ac
1997,100,Canola,15.5,bu/ac
1998,100,Canola,18.5,bu/ac
1999,100,Canola,21.5,bu/ac
2000,100,Canola,21.9,bu/ac
2001,100,Canola,18.9,bu/ac
2002,100,Canola,12.1,bu/ac
2003,100,Canola,6.5,bu/ac
2004,100,Canola,25.7,bu/ac
2005,100,Canola,28.3,bu/ac
2006,100,Canola,22.8,bu/ac
2007,100,Canola,19,bu/ac
2008,100,Canola,23.4,bu/ac
2010,100,Canola,26.8,bu/ac
2011,100,Canola,26.4,bu/ac
2012,100,Canola,32,bu/ac
2013,100,Canola,42.7,bu/ac
2014,100,Canola,35.07,bu/ac
2015,100,Canola,24.95,bu/ac
2016,100,Canola,44.3,bu/ac
2017,100,Canola,29.08,bu/ac
2018,100,Canola,33.5,bu/ac
2019,100,Canola,42.1,bu/ac
2020,100,Canola,41.2,bu/ac
2021,100,Canola,28.5,bu/ac
2022,100,Canola,46,bu/ac
2023,100,Canola,31.1,bu/ac
2024,100,Canola,34.9,bu/ac
2025,100,Canola,42.7,bu/ac
1996,101,Canola,20,bu/ac
1997,101,Canola,16.3,bu/ac
1998,101,Canola,16.3,bu/ac
1999,101,Canola,22,bu/ac
2003,101,Canola,7,bu/ac
2004,101,Canola,30,bu/ac
2006,101,Canola,14,bu/ac
2007,101,Canola,15.3,bu/ac
2008,101,Canola,26.1,bu/ac
2009,101,Canola,31.5,bu/ac
2010,101,Canola,26.2,bu/ac
2011,101,Canola,24.2,bu/ac
2012,101,Canola,23.4,bu/ac
2013,101,Canola,36.7,bu/ac
2014,101,Canola,29.03,bu/ac
2015,101,Canola,23.98,bu/ac
2016,101,Canola,40.6,bu/ac
2017,101,Canola,23.55,bu/ac
2018,101,Canola,28.5,bu/ac
2019,101,Canola,33.2,bu/ac
2020,101,Canola,28.9,bu/ac
2021,101,Canola,24.2,bu/ac
2022,101,Canola,34.3,bu/ac
2023,101,Canola,24.9,bu/ac
2024,101,Canola,27,bu/ac
2025,101,Canola,36.8,bu/ac
1998,102,Canola,20.4,bu/ac
1999,102,Canola,29.4,bu/ac
2000,102,Canola,28.1,bu/ac
2001,102,Canola,23.5,bu/ac
2002,102,Canola,16,bu/ac
2003,102,Canola,8.2,bu/ac
2004,102,Canola,35,bu/ac
2005,102,Canola,28,bu/ac
2006,102,Canola,15.7,bu/ac
2007,102,Canola,19.1,bu/ac
2008,102,Canola,20.8,bu/ac
2009,102,Canola,32.5,bu/ac
2010,102,Canola,34.3,bu/ac
2011,102,Canola,34.1,bu/ac
2012,102,Canola,32.3,bu/ac
2013,102,Canola,45.7,bu/ac
2014,102,Canola,42.17,bu/ac
2015,102,Canola,39.37,bu/ac
2016,102,Canola,48.4,bu/ac
2017,102,Canola,21.89,bu/ac
2018,102,Canola,35,bu/ac
2019,102,Canola,37.6,bu/ac
2020,102,Canola,35.7,bu/ac
2021,102,Canola,23.2,bu/ac
2022,102,Canola,32.2,bu/ac
2023,102,Canola,20.9,bu/ac
2024,102,Canola,19.7,bu/ac
2025,102,Canola,29.3,bu/ac
1994,103,Canola,22.2,bu/ac
1995,103,Canola,22.2,bu/ac
1997,103,Canola,14,bu/ac
1998,103,Canola,20,bu/ac
1999,103,Canola,25.5,bu/ac
2000,103,Canola,20,bu/ac
2001,103,Canola,25,bu/ac
2002,103,Canola,18,bu/ac
2003,103,Canola,11.1,bu/ac
2004,103,Canola,27.5,bu/ac
2005,103,Canola,20.7,bu/ac
2006,103,Canola,22.4,bu/ac
2007,103,Canola,18.7,bu/ac
2008,103,Canola,28.2,bu/ac
2009,103,Canola,28.2,bu/ac
2010,103,Canola,32.3,bu/ac
2011,103,Canola,30.2,bu/ac
2012,103,Canola,28.4,bu/ac
2013,103,Canola,40.5,bu/ac
2014,103,Canola,41.15,bu/ac
2015,103,Canola,38.11,bu/ac
2016,103,Canola,44.4,bu/ac
2017,103,Canola,29.58,bu/ac
2018,103,Canola,29.6,bu/ac
2019,103,Canola,30,bu/ac
2020,103,Canola,35.6,bu/ac
2021,103,Canola,18.2,bu/ac
2022,103,Canola,22.2,bu/ac
2023,103,Canola,16.7,bu/ac
2024,103,Canola,17.5,bu/ac
2025,103,Canola,42.2,bu/ac
1993,104,Canola,23,bu/ac
1994,104,Canola,20,bu/ac
1995,104,Canola,16.1,bu/ac
1996,104,Canola,20.5,bu/ac
1997,104,Canola,13.3,bu/ac
1998,104,Canola,15.3,bu/ac
1999,104,Canola,27,bu/ac
2000,104,Canola,22.2,bu/ac
2001,104,Canola,16.6,bu/ac
2002,104,Canola,18.6,bu/ac
2003,104,Canola,9.6,bu/ac
2004,104,Canola,35.2,bu/ac
2005,104,Canola,18.5,bu/ac
2006,104,Canola,16.1,bu/ac
2007,104,Canola,14,bu/ac
2010,104,Canola,50.8,bu/ac
2011,104,Canola,31.9,bu/ac
2012,104,Canola,26.2,bu/ac
2013,104,Canola,37,bu/ac
2014,104,Canola,29.69,bu/ac
2015,104,Canola,37.41,bu/ac
2016,104,Canola,44.3,bu/ac
2017,104,Canola,33.1,bu/ac
2018,104,Canola,35.8,bu/ac
2019,104,Canola,35.1,bu/ac
2020,104,Canola,31.5,bu/ac
2021,104,Canola,8.5,bu/ac
2022,104,Canola,15,bu/ac
2023,104,Canola,22.7,bu/ac
2024,104,Canola,14.9,bu/ac
2025,104,Canola,37.7,bu/ac
1993,105,Canola,20,bu/ac
1994,105,Canola,25,bu/ac
1995,105,Canola,18.3,bu/ac
1996,105,Canola,18.1,bu/ac
1997,105,Canola,23.9,bu/ac
1998,105,Canola,18.5,bu/ac
1999,105,Canola,20,bu/ac
2000,105,Canola,24.8,bu/ac
2001,105,Canola,14.9,bu/ac
2002,105,Canola,11.3,bu/ac
2003,105,Canola,8.5,bu/ac
2004,105,Canola,24.6,bu/ac
2005,105,Canola,18.1,bu/ac
2006,105,Canola,21.6,bu/ac
2007,105,Canola,14.6,bu/ac
2008,105,Canola,10,bu/ac
2009,105,Canola,24,bu/ac
2010,105,Canola,31.5,bu/ac
2011,105,Canola,26.8,bu/ac
2012,105,Canola,24.5,bu/ac
2013,105,Canola,34.4,bu/ac
2014,105,Canola,28.54,bu/ac
2015,105,Canola,37.35,bu/ac
2016,105,Canola,39.9,bu/ac
2017,105,Canola,26.3,bu/ac
2018,105,Canola,27.6,bu/ac
2019,105,Canola,35.5,bu/ac
2020,105,Canola,34.6,bu/ac
2021,105,Canola,7,bu/ac
2022,105,Canola,16.8,bu/ac
2023,105,Canola,18.6,bu/ac
2024,105,Canola,16.6,bu/ac
2025,105,Canola,42,bu/ac
1991,106,Canola,28,bu/ac
1994,106,Canola,15,bu/ac
1995,106,Canola,16.3,bu/ac
1996,106,Canola,27,bu/ac
1997,106,Canola,18.2,bu/ac
1998,106,Canola,17.7,bu/ac
1999,106,Canola,16.2,bu/ac
2000,106,Canola,22.8,bu/ac
2001,106,Canola,26.2,bu/ac
2002,106,Canola,27.5,bu/ac
2003,106,Canola,10.1,bu/ac
2004,106,Canola,31.4,bu/ac
2005,106,Canola,16.1,bu/ac
2006,106,Canola,13.4,bu/ac
2007,106,Canola,15,bu/ac
2009,106,Canola,22,bu/ac
2010,106,Canola,34,bu/ac
2011,106,Canola,20.7,bu/ac
2012,106,Canola,29.2,bu/ac
2013,106,Canola,32.3,bu/ac
2014,106,Canola,28.97,bu/ac
2015,106,Canola,29.79,bu/ac
2016,106,Canola,29.1,bu/ac
2017,106,Canola,27.45,bu/ac
2018,106,Canola,23.7,bu/ac
2019,106,Canola,32.5,bu/ac
2020,106,Canola,24.7,bu/ac
2021,106,Canola,7.5,bu/ac
2022,106,Canola,19.4,bu/ac
2023,106,Canola,17,bu/ac
2024,106,Canola,15.6,bu/ac
2025,106,Canola,41.9,bu/ac
1991,107,Canola,22,bu/ac
1992,107,Canola,25,bu/ac
1997,107,Canola,21.9,bu/ac
1998,107,Canola,21.7,bu/ac
1999,107,Canola,14.7,bu/ac
2000,107,Canola,31.4,bu/ac
2001,107,Canola,10,bu/ac
2003,107,Canola,13.3,bu/ac
2004,107,Canola,48.3,bu/ac
2006,107,Canola,17.6,bu/ac
2007,107,Canola,12.6,bu/ac
2010,107,Canola,35.6,bu/ac
2011,107,Canola,28.9,bu/ac
2012,107,Canola,29.8,bu/ac
2013,107,Canola,41.1,bu/ac
2014,107,Canola,26.19,bu/ac
2015,107,Canola,36.44,bu/ac
2016,107,Canola,45,bu/ac
2017,107,Canola,30.03,bu/ac
2018,107,Canola,28.4,bu/ac
2019,107,Canola,43.3,bu/ac
2020,107,Canola,32.9,bu/ac
2021,107,Canola,9.8,bu/ac
2022,107,Canola,23.2,bu/ac
2023,107,Canola,15.3,bu/ac
2024,107,Canola,19,bu/ac
2025,107,Canola,46.9,bu/ac
1993,108,Canola,24,bu/ac
1994,108,Canola,17.6,bu/ac
1995,108,Canola,21.5,bu/ac
1996,108,Canola,20.6,bu/ac
1997,108,Canola,20.8,bu/ac
1998,108,Canola,20.1,bu/ac
1999,108,Canola,23.2,bu/ac
2000,108,Canola,25.8,bu/ac
2001,108,Canola,9.3,bu/ac
2002,108,Canola,20.5,bu/ac
2003,108,Canola,12.7,bu/ac
2004,108,Canola,27.2,bu/ac
2005,108,Canola,24.1,bu/ac
2006,108,Canola,18.1,bu/ac
2007,108,Canola,16,bu/ac
2008,108,Canola,27.2,bu/ac
2009,108,Canola,37.5,bu/ac
2010,108,Canola,26.3,bu/ac
2011,108,Canola,24.3,bu/ac
2012,108,Canola,27.9,bu/ac
2013,108,Canola,35.3,bu/ac
2014,108,Canola,36.28,bu/ac
2015,108,Canola,33.56,bu/ac
2016,108,Canola,44.7,bu/ac
2017,108,Canola,22.6,bu/ac
2018,108,Canola,26.5,bu/ac
2019,108,Canola,40.1,bu/ac
2020,108,Canola,22.6,bu/ac
2021,108,Canola,15.2,bu/ac
2022,108,Canola,20.8,bu/ac
2023,108,Canola,11.4,bu/ac
2024,108,Canola,15.5,bu/ac
2025,108,Canola,43.9,bu/ac
1990,109,Canola,18,bu/ac
1991,109,Canola,33.2,bu/ac
1993,109,Canola,30,bu/ac
1994,109,Canola,24.7,bu/ac
1995,109,Canola,28.3,bu/ac
1996,109,Canola,23.3,bu/ac
1997,109,Canola,22.7,bu/ac
1998,109,Canola,22.9,bu/ac
1999,109,Canola,26.3,bu/ac
2000,109,Canola,25,bu/ac
2001,109,Canola,8.2,bu/ac
2002,109,Canola,16.5,bu/ac
2003,109,Canola,12.1,bu/ac
2004,109,Canola,28.5,bu/ac
2005,109,Canola,21.6,bu/ac
2006,109,Canola,16.5,bu/ac
2007,109,Canola,15.2,bu/ac
2008,109,Canola,25.8,bu/ac
2009,109,Canola,23.1,bu/ac
2010,109,Canola,21.1,bu/ac
2011,109,Canola,32.6,bu/ac
2012,109,Canola,28.4,bu/ac
2013,109,Canola,39.6,bu/ac
2014,109,Canola,35.72,bu/ac
2015,109,Canola,33.81,bu/ac
2016,109,Canola,43.6,bu/ac
2017,109,Canola,27.65,bu/ac
2018,109,Canola,26.5,bu/ac
2019,109,Canola,43,bu/ac
2020,109,Canola,27,bu/ac
2021,109,Canola,20.5,bu/ac
2022,109,Canola,27.5,bu/ac
2023,109,Canola,14.7,bu/ac
2024,109,Canola,27.4,bu/ac
2025,109,Canola,37.5,bu/ac
1994,110,Canola,18,bu/ac
1995,110,Canola,33,bu/ac
1996,110,Canola,25.4,bu/ac
1998,110,Canola,34.5,bu/ac
1999,110,Canola,17.3,bu/ac
2003,110,Canola,5.9,bu/ac
2004,110,Canola,15,bu/ac
2006,110,Canola,13,bu/ac
2010,110,Canola,19.4,bu/ac
2012,110,Canola,23.2,bu/ac
2014,110,Canola,29.84,bu/ac
2015,110,Canola,32.74,bu/ac
2023,110,Canola,24.1,bu/ac
2024,110,Canola,17.4,bu/ac
1991,111,Canola,10,bu/ac
1993,111,Canola,40,bu/ac
1994,111,Canola,30,bu/ac
1995,111,Canola,33,bu/ac
1996,111,Canola,25,bu/ac
1997,111,Canola,14,bu/ac
1998,111,Canola,30,bu/ac
1999,111,Canola,30.7,bu/ac
2000,111,Canola,17.8,bu/ac
2001,111,Canola,4,bu/ac
2003,111,Canola,17,bu/ac
2004,111,Canola,30,bu/ac
2005,111,Canola,32.5,bu/ac
2008,111,Canola,24.3,bu/ac
2010,111,Canola,33.3,bu/ac
2011,111,Canola,41.2,bu/ac
2012,111,Canola,32.5,bu/ac
2013,111,Canola,31.6,bu/ac
2014,111,Canola,34.36,bu/ac
2015,111,Canola,17.79,bu/ac
2016,111,Canola,55.6,bu/ac
2017,111,Canola,33.47,bu/ac
2018,111,Canola,36,bu/ac
2019,111,Canola,22.7,bu/ac
2020,111,Canola,25.2,bu/ac
2021,111,Canola,19.4,bu/ac
2022,111,Canola,21.7,bu/ac
2023,111,Canola,17.1,bu/ac
2024,111,Canola,28.5,bu/ac
2025,111,Canola,33.9,bu/ac
1990,121,Canola,24.7,bu/ac
1991,121,Canola,25,bu/ac
1992,121,Canola,30.7,bu/ac
1993,121,Canola,23.6,bu/ac
1994,121,Canola,20.9,bu/ac
1995,121,Canola,17.9,bu/ac
1996,121,Canola,22.6,bu/ac
1997,121,Canola,22.4,bu/ac
1998,121,Canola,26.6,bu/ac
1999,121,Canola,18.8,bu/ac
2000,121,Canola,25.3,bu/ac
2001,121,Canola,21,bu/ac
2002,121,Canola,25.2,bu/ac
2003,121,Canola,20.4,bu/ac
2004,121,Canola,24.8,bu/ac
2005,121,Canola,28.8,bu/ac
2006,121,Canola,27.1,bu/ac
2007,121,Canola,23.4,bu/ac
2008,121,Canola,23.7,bu/ac
2009,121,Canola,29.1,bu/ac
2010,121,Canola,29.5,bu/ac
2011,121,Canola,16.9,bu/ac
2012,121,Canola,19.9,bu/ac
2013,121,Canola,40,bu/ac
2014,121,Canola,28.66,bu/ac
2015,121,Canola,37.75,bu/ac
2016,121,Canola,38.3,bu/ac
2017,121,Canola,43.71,bu/ac
2018,121,Canola,47,bu/ac
2019,121,Canola,48.3,bu/ac
2020,121,Canola,49.2,bu/ac
2021,121,Canola,33.1,bu/ac
2022,121,Canola,37.7,bu/ac
2023,121,Canola,49.4,bu/ac
2024,121,Canola,44,bu/ac
2025,121,Canola,53,bu/ac
1990,122,Canola,20,bu/ac
1991,122,Canola,26,bu/ac
1992,122,Canola,27.5,bu/ac
1993,122,Canola,19.5,bu/ac
1994,122,Canola,18.8,bu/ac
1995,122,Canola,12.6,bu/ac
1996,122,Canola,27,bu/ac
1997,122,Canola,18.1,bu/ac
1998,122,Canola,22.1,bu/ac
1999,122,Canola,22.6,bu/ac
2000,122,Canola,25.4,bu/ac
2001,122,Canola,20.3,bu/ac
2002,122,Canola,23.7,bu/ac
2003,122,Canola,20.9,bu/ac
2004,122,Canola,21.2,bu/ac
2005,122,Canola,30.8,bu/ac
2006,122,Canola,29.8,bu/ac
2007,122,Canola,21,bu/ac
2008,122,Canola,27,bu/ac
2009,122,Canola,27.9,bu/ac
2010,122,Canola,31,bu/ac
2011,122,Canola,18.2,bu/ac
2012,122,Canola,19,bu/ac
2013,122,Canola,37.3,bu/ac
2014,122,Canola,28.07,bu/ac
2015,122,Canola,37.33,bu/ac
2016,122,Canola,39.1,bu/ac
2017,122,Canola,31.48,bu/ac
2018,122,Canola,35,bu/ac
2019,122,Canola,40.2,bu/ac
2020,122,Canola,43.8,bu/ac
2021,122,Canola,28.5,bu/ac
2022,122,Canola,32.7,bu/ac
2023,122,Canola,35.9,bu/ac
2024,122,Canola,35.3,bu/ac
2025,122,Canola,42.3,bu/ac
1990,123,Canola,27,bu/ac
1991,123,Canola,33.4,bu/ac
1992,123,Canola,23.2,bu/ac
1993,123,Canola,25.3,bu/ac
1994,123,Canola,21.5,bu/ac
1995,123,Canola,16.2,bu/ac
1996,123,Canola,23.8,bu/ac
1997,123,Canola,23.8,bu/ac
1998,123,Canola,22.6,bu/ac
1999,123,Canola,22.5,bu/ac
2000,123,Canola,22.8,bu/ac
2001,123,Canola,21.5,bu/ac
2002,123,Canola,21.7,bu/ac
2003,123,Canola,20.7,bu/ac
2004,123,Canola,19.6,bu/ac
2005,123,Canola,27.5,bu/ac
2006,123,Canola,24.3,bu/ac
2007,123,Canola,21.1,bu/ac
2008,123,Canola,28.7,bu/ac
2009,123,Canola,33.7,bu/ac
2010,123,Canola,26,bu/ac
2011,123,Canola,15.6,bu/ac
2012,123,Canola,21.4,bu/ac
2013,123,Canola,39.6,bu/ac
2014,123,Canola,28.1,bu/ac
2015,123,Canola,34.43,bu/ac
2016,123,Canola,41.8,bu/ac
2017,123,Canola,35.85,bu/ac
2018,123,Canola,40.9,bu/ac
2019,123,Canola,45.2,bu/ac
2020,123,Canola,43.6,bu/ac
2021,123,Canola,30.9,bu/ac
2022,123,Canola,41.3,bu/ac
2023,123,Canola,36.2,bu/ac
2024,123,Canola,38.5,bu/ac
2025,123,Canola,49.5,bu/ac
1990,124,Canola,19,bu/ac
1991,124,Canola,28.4,bu/ac
1992,124,Canola,22,bu/ac
1993,124,Canola,23,bu/ac
1994,124,Canola,16.4,bu/ac
1995,124,Canola,12.6,bu/ac
1996,124,Canola,20.4,bu/ac
1997,124,Canola,17.3,bu/ac
1998,124,Canola,16.6,bu/ac
1999,124,Canola,18,bu/ac
2000,124,Canola,25.2,bu/ac
2001,124,Canola,21.4,bu/ac
2002,124,Canola,23.3,bu/ac
2003,124,Canola,19.5,bu/ac
2004,124,Canola,15.3,bu/ac
2005,124,Canola,29,bu/ac
2006,124,Canola,23.3,bu/ac
2007,124,Canola,19.8,bu/ac
2008,124,Canola,30.5,bu/ac
2009,124,Canola,32.7,bu/ac
2010,124,Canola,28.5,bu/ac
2011,124,Canola,17.9,bu/ac
2012,124,Canola,21.8,bu/ac
2013,124,Canola,36,bu/ac
2014,124,Canola,29.64,bu/ac
2015,124,Canola,35.47,bu/ac
2016,124,Canola,44,bu/ac
2017,124,Canola,33.34,bu/ac
2018,124,Canola,33.3,bu/ac
2019,124,Canola,38.2,bu/ac
2020,124,Canola,37.4,bu/ac
2021,124,Canola,22.8,bu/ac
2022,124,Canola,36.4,bu/ac
2023,124,Canola,35.5,bu/ac
2024,124,Canola,35,bu/ac
2025,124,Canola,45.4,bu/ac
1990,125,Canola,23,bu/ac
1991,125,Canola,25.5,bu/ac
1992,125,Canola,18.2,bu/ac
1993,125,Canola,23.4,bu/ac
1994,125,Canola,21.2,bu/ac
1995,125,Canola,16.2,bu/ac
1996,125,Canola,25.4,bu/ac
1997,125,Canola,22.7,bu/ac
1998,125,Canola,20.9,bu/ac
1999,125,Canola,23.5,bu/ac
2000,125,Canola,22.9,bu/ac
2001,125,Canola,21.9,bu/ac
2002,125,Canola,26.9,bu/ac
2003,125,Canola,22.8,bu/ac
2004,125,Canola,25.4,bu/ac
2005,125,Canola,28,bu/ac
2006,125,Canola,26.9,bu/ac
2007,125,Canola,24.8,bu/ac
2008,125,Canola,31.9,bu/ac
2009,125,Canola,31.2,bu/ac
2010,125,Canola,31.1,bu/ac
2011,125,Canola,20.9,bu/ac
2012,125,Canola,20.9,bu/ac
2013,125,Canola,38.5,bu/ac
2014,125,Canola,30.6,bu/ac
2015,125,Canola,34.87,bu/ac
2016,125,Canola,42.4,bu/ac
2017,125,Canola,35.72,bu/ac
2018,125,Canola,39.5,bu/ac
2019,125,Canola,47.5,bu/ac
2020,125,Canola,41.1,bu/ac
2021,125,Canola,32.1,bu/ac
2022,125,Canola,44.3,bu/ac
2023,125,Canola,39.6,bu/ac
2024,125,Canola,36.2,bu/ac
2025,125,Canola,50.2,bu/ac
1990,126,Canola,20,bu/ac
1991,126,Canola,26.9,bu/ac
1992,126,Canola,24.6,bu/ac
1993,126,Canola,26.5,bu/ac
1994,126,Canola,23.4,bu/ac
1995,126,Canola,15.6,bu/ac
1996,126,Canola,22.8,bu/ac
1997,126,Canola,15.8,bu/ac
1998,126,Canola,20.3,bu/ac
1999,126,Canola,23.9,bu/ac
2000,126,Canola,25.1,bu/ac
2001,126,Canola,23.3,bu/ac
2002,126,Canola,24,bu/ac
2003,126,Canola,24.9,bu/ac
2004,126,Canola,20.1,bu/ac
2005,126,Canola,26.8,bu/ac
2006,126,Canola,23.7,bu/ac
2007,126,Canola,24.6,bu/ac
2008,126,Canola,30,bu/ac
2009,126,Canola,34,bu/ac
2010,126,Canola,31.4,bu/ac
2011,126,Canola,21.7,bu/ac
2012,126,Canola,22.7,bu/ac
2013,126,Canola,34.1,bu/ac
2014,126,Canola,32.29,bu/ac
2015,126,Canola,31.47,bu/ac
2016,126,Canola,42.9,bu/ac
2017,126,Canola,31.22,bu/ac
2018,126,Canola,36.6,bu/ac
2019,126,Canola,40.5,bu/ac
2020,126,Canola,40.3,bu/ac
2021,126,Canola,27.4,bu/ac
2022,126,Canola,45.9,bu/ac
2023,126,Canola,40.9,bu/ac
2024,126,Canola,34.3,bu/ac
2025,126,Canola,44.1,bu/ac
1990,127,Canola,23,bu/ac
1991,127,Canola,25.3,bu/ac
1992,127,Canola,25.5,bu/ac
1993,127,Canola,27.4,bu/ac
1994,127,Canola,14.9,bu/ac
1995,127,Canola,19.2,bu/ac
1996,127,Canola,18.7,bu/ac
1997,127,Canola,14.3,bu/ac
1998,127,Canola,17.6,bu/ac
1999,127,Canola,25.6,bu/ac
2000,127,Canola,27.6,bu/ac
2001,127,Canola,20.8,bu/ac
2002,127,Canola,21.5,bu/ac
2003,127,Canola,17.7,bu/ac
2004,127,Canola,18.9,bu/ac
2005,127,Canola,30,bu/ac
2006,127,Canola,27,bu/ac
2007,127,Canola,21.4,bu/ac
2008,127,Canola,27.6,bu/ac
2009,127,Canola,33.7,bu/ac
2010,127,Canola,30.4,bu/ac
2011,127,Canola,28.7,bu/ac
2012,127,Canola,24.5,bu/ac
2013,127,Canola,42.2,bu/ac
2014,127,Canola,32.56,bu/ac
2015,127,Canola,33.44,bu/ac
2016,127,Canola,41.2,bu/ac
2017,127,Canola,26.14,bu/ac
2018,127,Canola,36.7,bu/ac
2019,127,Canola,36.3,bu/ac
2020,127,Canola,34.8,bu/ac
2021,127,Canola,28.5,bu/ac
2022,127,Canola,43.1,bu/ac
2023,127,Canola,38.7,bu/ac
2024,127,Canola,29.6,bu/ac
2025,127,Canola,43,bu/ac
1991,128,Canola,22,bu/ac
1992,128,Canola,30,bu/ac
1993,128,Canola,25.4,bu/ac
1994,128,Canola,17.1,bu/ac
1995,128,Canola,23.5,bu/ac
1996,128,Canola,24.2,bu/ac
1997,128,Canola,14.9,bu/ac
1998,128,Canola,22.3,bu/ac
1999,128,Canola,24.4,bu/ac
2000,128,Canola,32.7,bu/ac
2001,128,Canola,23.2,bu/ac
2002,128,Canola,20.2,bu/ac
2003,128,Canola,13.1,bu/ac
2004,128,Canola,16.2,bu/ac
2005,128,Canola,34,bu/ac
2006,128,Canola,27.6,bu/ac
2007,128,Canola,23.3,bu/ac
2008,128,Canola,27.6,bu/ac
2009,128,Canola,44,bu/ac
2010,128,Canola,34.9,bu/ac
2011,128,Canola,27.1,bu/ac
2012,128,Canola,32.6,bu/ac
2013,128,Canola,41.5,bu/ac
2014,128,Canola,41.7,bu/ac
2015,128,Canola,37.17,bu/ac
2016,128,Canola,48.9,bu/ac
2017,128,Canola,25.3,bu/ac
2018,128,Canola,37.2,bu/ac
2019,128,Canola,45.9,bu/ac
2020,128,Canola,40.4,bu/ac
2021,128,Canola,30.4,bu/ac
2022,128,Canola,50,bu/ac
2023,128,Canola,42.5,bu/ac
2024,128,Canola,33.4,bu/ac
2025,128,Canola,55.4,bu/ac
1992,129,Canola,25,bu/ac
1993,129,Canola,26.2,bu/ac
1994,129,Canola,21.8,bu/ac
1995,129,Canola,21.3,bu/ac
1996,129,Canola,25,bu/ac
1997,129,Canola,17.5,bu/ac
1998,129,Canola,24,bu/ac
1999,129,Canola,23.6,bu/ac
2000,129,Canola,22.4,bu/ac
2001,129,Canola,21.3,bu/ac
2002,129,Canola,20.4,bu/ac
2003,129,Canola,14.8,bu/ac
2004,129,Canola,18.4,bu/ac
2005,129,Canola,23.3,bu/ac
2006,129,Canola,29.4,bu/ac
2007,129,Canola,26.4,bu/ac
2008,129,Canola,27.7,bu/ac
2009,129,Canola,39.9,bu/ac
2010,129,Canola,30.2,bu/ac
2011,129,Canola,14.7,bu/ac
2012,129,Canola,31,bu/ac
2013,129,Canola,44.4,bu/ac
2014,129,Canola,36.31,bu/ac
2015,129,Canola,29.89,bu/ac
2016,129,Canola,44.5,bu/ac
2017,129,Canola,30.68,bu/ac
2018,129,Canola,43.5,bu/ac
2019,129,Canola,42.5,bu/ac
2020,129,Canola,39.3,bu/ac
2021,129,Canola,28.4,bu/ac
2022,129,Canola,50.6,bu/ac
2023,129,Canola,42.6,bu/ac
2024,129,Canola,41.9,bu/ac
2025,129,Canola,51,bu/ac
1992,130,Canola,25,bu/ac
1993,130,Canola,20,bu/ac
1994,130,Canola,22,bu/ac
1995,130,Canola,20.1,bu/ac
1996,130,Canola,24,bu/ac
1997,130,Canola,16,bu/ac
1998,130,Canola,19.4,bu/ac
1999,130,Canola,24.1,bu/ac
2000,130,Canola,24.4,bu/ac
2001,130,Canola,19.3,bu/ac
2002,130,Canola,6.1,bu/ac
2003,130,Canola,8.2,bu/ac
2004,130,Canola,20.9,bu/ac
2005,130,Canola,30.6,bu/ac
2006,130,Canola,26.6,bu/ac
2007,130,Canola,27.5,bu/ac
2008,130,Canola,27.2,bu/ac
2009,130,Canola,43.2,bu/ac
2010,130,Canola,34.9,bu/ac
2011,130,Canola,28.3,bu/ac
2012,130,Canola,35.6,bu/ac
2013,130,Canola,40.8,bu/ac
2014,130,Canola,28.09,bu/ac
2015,130,Canola,35.56,bu/ac
2016,130,Canola,47.9,bu/ac
2017,130,Canola,27.64,bu/ac
2018,130,Canola,33.3,bu/ac
2019,130,Canola,46.7,bu/ac
2020,130,Canola,45.6,bu/ac
2021,130,Canola,26.6,bu/ac
2022,130,Canola,50.6,bu/ac
2023,130,Canola,39.3,bu/ac
2024,130,Canola,35.7,bu/ac
2025,130,Canola,45,bu/ac
1990,131,Canola,20,bu/ac
1991,131,Canola,20,bu/ac
1992,131,Canola,25,bu/ac
1993,131,Canola,25,bu/ac
1994,131,Canola,22.3,bu/ac
1995,131,Canola,19.7,bu/ac
1996,131,Canola,23.9,bu/ac
1997,131,Canola,19.5,bu/ac
1998,131,Canola,21.1,bu/ac
1999,131,Canola,22.4,bu/ac
2000,131,Canola,23,bu/ac
2001,131,Canola,11.1,bu/ac
2002,131,Canola,4.5,bu/ac
2003,131,Canola,8,bu/ac
2004,131,Canola,33.4,bu/ac
2005,131,Canola,25.1,bu/ac
2006,131,Canola,35.2,bu/ac
2007,131,Canola,21,bu/ac
2008,131,Canola,19.4,bu/ac
2009,131,Canola,32.5,bu/ac
2010,131,Canola,30.2,bu/ac
2011,131,Canola,25.4,bu/ac
2012,131,Canola,30.3,bu/ac
2013,131,Canola,39.5,bu/ac
2014,131,Canola,35.61,bu/ac
2015,131,Canola,24.64,bu/ac
2016,131,Canola,42.4,bu/ac
2017,131,Canola,21.5,bu/ac
2018,131,Canola,25.5,bu/ac
2019,131,Canola,37.3,bu/ac
2020,131,Canola,36.1,bu/ac
2021,131,Canola,14.8,bu/ac
2022,131,Canola,36.1,bu/ac
2023,131,Canola,31.4,bu/ac
2024,131,Canola,37.5,bu/ac
2025,131,Canola,40.7,bu/ac
1995,132,Canola,28,bu/ac
2007,132,Canola,9,bu/ac
2011,132,Canola,34,bu/ac
2012,132,Canola,29,bu/ac
2013,132,Canola,42.8,bu/ac
2014,132,Canola,37.84,bu/ac
2015,132,Canola,20.12,bu/ac
2016,132,Canola,42.6,bu/ac
2017,132,Canola,19.81,bu/ac
2018,132,Canola,17,bu/ac
2019,132,Canola,34.4,bu/ac
2020,132,Canola,27.3,bu/ac
2021,132,Canola,20.8,bu/ac
2022,132,Canola,29.4,bu/ac
2023,132,Canola,21.8,bu/ac
2024,132,Canola,20.6,bu/ac
2025,132,Canola,38.6,bu/ac
1992,133,Canola,18,bu/ac
1993,133,Canola,25,bu/ac
1994,133,Canola,20,bu/ac
1995,133,Canola,18,bu/ac
1996,133,Canola,20,bu/ac
1997,133,Canola,11.3,bu/ac
1998,133,Canola,24.2,bu/ac
1999,133,Canola,29.4,bu/ac
2000,133,Canola,25.7,bu/ac
2001,133,Canola,12.1,bu/ac
2003,133,Canola,13,bu/ac
2004,133,Canola,30.4,bu/ac
2005,133,Canola,17.1,bu/ac
2006,133,Canola,22.4,bu/ac
2007,133,Canola,18.3,bu/ac
2010,133,Canola,28.2,bu/ac
2011,133,Canola,27.8,bu/ac
2012,133,Canola,20.7,bu/ac
2013,133,Canola,42.3,bu/ac
2014,133,Canola,39.86,bu/ac
2015,133,Canola,27.32,bu/ac
2016,133,Canola,54.2,bu/ac
2017,133,Canola,23.31,bu/ac
2018,133,Canola,37,bu/ac
2019,133,Canola,27.4,bu/ac
2020,133,Canola,35.1,bu/ac
2021,133,Canola,13,bu/ac
2022,133,Canola,24.1,bu/ac
2023,133,Canola,22.4,bu/ac
2024,133,Canola,23.9,bu/ac
2025,133,Canola,37.1,bu/ac
1992,134,Canola,15.5,bu/ac
1993,134,Canola,25,bu/ac
1995,134,Canola,12,bu/ac
1996,134,Canola,14.1,bu/ac
1997,134,Canola,23.8,bu/ac
1998,134,Canola,17.2,bu/ac
1999,134,Canola,31.2,bu/ac
2000,134,Canola,20.3,bu/ac
2001,134,Canola,14.7,bu/ac
2002,134,Canola,18.7,bu/ac
2003,134,Canola,11.9,bu/ac
2004,134,Canola,39.4,bu/ac
2005,134,Canola,20.9,bu/ac
2006,134,Canola,25.5,bu/ac
2007,134,Canola,19.3,bu/ac
2008,134,Canola,24.6,bu/ac
2009,134,Canola,27.1,bu/ac
2010,134,Canola,30.5,bu/ac
2011,134,Canola,31.7,bu/ac
2012,134,Canola,24.5,bu/ac
2013,134,Canola,36.3,bu/ac
2014,134,Canola,32.51,bu/ac
2015,134,Canola,30.86,bu/ac
2016,134,Canola,39.1,bu/ac
2017,134,Canola,22.4,bu/ac
2018,134,Canola,25.7,bu/ac
2019,134,Canola,30.1,bu/ac
2020,134,Canola,34.8,bu/ac
2021,134,Canola,10.3,bu/ac
2022,134,Canola,21.3,bu/ac
2023,134,Canola,22.4,bu/ac
2024,134,Canola,14.5,bu/ac
2025,134,Canola,39.8,bu/ac
1992,135,Canola,13,bu/ac
1993,135,Canola,15,bu/ac
1994,135,Canola,17.5,bu/ac
1995,135,Canola,11.8,bu/ac
1996,135,Canola,12.7,bu/ac
1997,135,Canola,12.6,bu/ac
1998,135,Canola,15.8,bu/ac
1999,135,Canola,27.1,bu/ac
2000,135,Canola,25.2,bu/ac
2001,135,Canola,18.2,bu/ac
2002,135,Canola,22.1,bu/ac
2003,135,Canola,11.2,bu/ac
2004,135,Canola,29.6,bu/ac
2005,135,Canola,25.7,bu/ac
2007,135,Canola,11.3,bu/ac
2008,135,Canola,20.9,bu/ac
2009,135,Canola,22,bu/ac
2010,135,Canola,30.4,bu/ac
2011,135,Canola,34.3,bu/ac
2012,135,Canola,25.7,bu/ac
2013,135,Canola,43.3,bu/ac
2014,135,Canola,30.62,bu/ac
2015,135,Canola,27.43,bu/ac
2016,135,Canola,45.4,bu/ac
2017,135,Canola,29.61,bu/ac
2018,135,Canola,25,bu/ac
2019,135,Canola,33.8,bu/ac
2020,135,Canola,40.7,bu/ac
2021,135,Canola,12.4,bu/ac
2022,135,Canola,29.1,bu/ac
2023,135,Canola,22.6,bu/ac
2024,135,Canola,17.4,bu/ac
2025,135,Canola,41.2,bu/ac
1993,136,Canola,45,bu/ac
1994,136,Canola,23.1,bu/ac
1995,136,Canola,16.5,bu/ac
1996,136,Canola,18.8,bu/ac
1997,136,Canola,13.8,bu/ac
1998,136,Canola,18.2,bu/ac
1999,136,Canola,24.9,bu/ac
2000,136,Canola,24.4,bu/ac
2001,136,Canola,18.4,bu/ac
2002,136,Canola,12.5,bu/ac
2003,136,Canola,18.6,bu/ac
2004,136,Canola,26,bu/ac
2005,136,Canola,16.4,bu/ac
2006,136,Canola,12.2,bu/ac
2007,136,Canola,10,bu/ac
2010,136,Canola,30.4,bu/ac
2011,136,Canola,27.6,bu/ac
2012,136,Canola,25,bu/ac
2013,136,Canola,33.6,bu/ac
2014,136,Canola,35.17,bu/ac
2015,136,Canola,32.37,bu/ac
2016,136,Canola,41.8,bu/ac
2017,136,Canola,28.23,bu/ac
2018,136,Canola,27,bu/ac
2019,136,Canola,37.5,bu/ac
2020,136,Canola,39.8,bu/ac
2021,136,Canola,14.9,bu/ac
2022,136,Canola,25.8,bu/ac
2023,136,Canola,20.2,bu/ac
2024,136,Canola,15.7,bu/ac
2025,136,Canola,37,bu/ac
1990,137,Canola,15,bu/ac
1992,137,Canola,15,bu/ac
1993,137,Canola,25,bu/ac
1994,137,Canola,19,bu/ac
1995,137,Canola,20.6,bu/ac
1996,137,Canola,27.4,bu/ac
1997,137,Canola,21.3,bu/ac
1998,137,Canola,21.9,bu/ac
1999,137,Canola,27.4,bu/ac
2000,137,Canola,27,bu/ac
2001,137,Canola,12.2,bu/ac
2002,137,Canola,25.1,bu/ac
2003,137,Canola,13.7,bu/ac
2004,137,Canola,31.1,bu/ac
2005,137,Canola,18.8,bu/ac
2006,137,Canola,20.6,bu/ac
2007,137,Canola,9.7,bu/ac
2008,137,Canola,35.3,bu/ac
2010,137,Canola,36.4,bu/ac
2011,137,Canola,36.6,bu/ac
2012,137,Canola,29,bu/ac
2013,137,Canola,40.4,bu/ac
2014,137,Canola,40.4,bu/ac
2015,137,Canola,39.42,bu/ac
2016,137,Canola,53.3,bu/ac
2017,137,Canola,30.31,bu/ac
2018,137,Canola,27,bu/ac
2019,137,Canola,44,bu/ac
2020,137,Canola,40.3,bu/ac
2021,137,Canola,15.9,bu/ac
2022,137,Canola,30.5,bu/ac
2023,137,Canola,19.7,bu/ac
2024,137,Canola,17.7,bu/ac
2025,137,Canola,44.1,bu/ac
1993,138,Canola,30,bu/ac
1994,138,Canola,23,bu/ac
1995,138,Canola,19.8,bu/ac
1996,138,Canola,29.4,bu/ac
1997,138,Canola,22.4,bu/ac
1998,138,Canola,26.2,bu/ac
1999,138,Canola,30.9,bu/ac
2000,138,Canola,25.6,bu/ac
2001,138,Canola,17,bu/ac
2002,138,Canola,18.5,bu/ac
2003,138,Canola,24.4,bu/ac
2004,138,Canola,38.7,bu/ac
2005,138,Canola,30.1,bu/ac
2006,138,Canola,20.4,bu/ac
2007,138,Canola,14.8,bu/ac
2008,138,Canola,30,bu/ac
2010,138,Canola,27.9,bu/ac
2011,138,Canola,31.2,bu/ac
2012,138,Canola,29.9,bu/ac
2013,138,Canola,43.2,bu/ac
2014,138,Canola,45.38,bu/ac
2015,138,Canola,39.63,bu/ac
2016,138,Canola,47.4,bu/ac
2017,138,Canola,28.5,bu/ac
2018,138,Canola,28.5,bu/ac
2019,138,Canola,45,bu/ac
2020,138,Canola,34,bu/ac
2021,138,Canola,18.2,bu/ac
2022,138,Canola,25.1,bu/ac
2023,138,Canola,18.2,bu/ac
2024,138,Canola,23.5,bu/ac
2025,138,Canola,43.5,bu/ac
1993,139,Canola,30,bu/ac
1994,139,Canola,27.8,bu/ac
1995,139,Canola,25,bu/ac
1996,139,Canola,21.2,bu/ac
1997,139,Canola,15.8,bu/ac
1998,139,Canola,23.5,bu/ac
1999,139,Canola,20.2,bu/ac
2000,139,Canola,28.5,bu/ac
2001,139,Canola,7,bu/ac
2003,139,Canola,17.6,bu/ac
2004,139,Canola,36.7,bu/ac
2007,139,Canola,18,bu/ac
2009,139,Canola,20,bu/ac
2010,139,Canola,26.3,bu/ac
2011,139,Canola,31.4,bu/ac
2012,139,Canola,29.6,bu/ac
2013,139,Canola,34.8,bu/ac
2014,139,Canola,34.1,bu/ac
2015,139,Canola,30.71,bu/ac
2016,139,Canola,44.2,bu/ac
2017,139,Canola,26.02,bu/ac
2018,139,Canola,26,bu/ac
2019,139,Canola,31.1,bu/ac
2020,139,Canola,28.4,bu/ac
2021,139,Canola,12.7,bu/ac
2022,139,Canola,9.8,bu/ac
2023,139,Canola,6.9,bu/ac
2024,139,Canola,15.9,bu/ac
2025,139,Canola,23.8,bu/ac
1994,141,Canola,22,bu/ac
1995,141,Canola,20,bu/ac
2010,141,Canola,50,bu/ac
2011,141,Canola,40.1,bu/ac
2012,141,Canola,35,bu/ac
2013,141,Canola,47.9,bu/ac
2014,141,Canola,32.56,bu/ac
2015,141,Canola,32.85,bu/ac
2016,141,Canola,52.9,bu/ac
2017,141,Canola,22.02,bu/ac
2021,141,Canola,5.8,bu/ac
2022,141,Canola,7.5,bu/ac
2023,141,Canola,3.4,bu/ac
2024,141,Canola,2.1,bu/ac
1995,142,Canola,27.5,bu/ac
1997,142,Canola,19,bu/ac
1998,142,Canola,18.9,bu/ac
1999,142,Canola,27.5,bu/ac
2000,142,Canola,16,bu/ac
2003,142,Canola,8.2,bu/ac
2004,142,Canola,27.5,bu/ac
2006,142,Canola,15.5,bu/ac
2010,142,Canola,30,bu/ac
2011,142,Canola,24.2,bu/ac
2012,142,Canola,33.2,bu/ac
2013,142,Canola,30.2,bu/ac
2014,142,Canola,33.12,bu/ac
2015,142,Canola,25.7,bu/ac
2016,142,Canola,42.1,bu/ac
2017,142,Canola,17.71,bu/ac
2018,142,Canola,20.4,bu/ac
2019,142,Canola,14.9,bu/ac
2020,142,Canola,14.6,bu/ac
2021,142,Canola,9.8,bu/ac
2022,142,Canola,19.9,bu/ac
2023,142,Canola,4.8,bu/ac
2024,142,Canola,12.5,bu/ac
2025,142,Canola,15.3,bu/ac
1990,151,Canola,23,bu/ac
1991,151,Canola,26.2,bu/ac
1992,151,Canola,26.4,bu/ac
1993,151,Canola,24.7,bu/ac
1994,151,Canola,17.5,bu/ac
1995,151,Canola,15,bu/ac
1996,151,Canola,25.7,bu/ac
1997,151,Canola,22.6,bu/ac
1998,151,Canola,21.3,bu/ac
1999,151,Canola,21,bu/ac
2000,151,Canola,24.4,bu/ac
2001,151,Canola,26.1,bu/ac
2002,151,Canola,25.6,bu/ac
2003,151,Canola,14.9,bu/ac
2004,151,Canola,19.1,bu/ac
2005,151,Canola,27.8,bu/ac
2006,151,Canola,26.8,bu/ac
2007,151,Canola,21.2,bu/ac
2008,151,Canola,31.9,bu/ac
2009,151,Canola,32,bu/ac
2010,151,Canola,22.9,bu/ac
2011,151,Canola,15.3,bu/ac
2012,151,Canola,21.3,bu/ac
2013,151,Canola,40.2,bu/ac
2014,151,Canola,28.71,bu/ac
2015,151,Canola,39.18,bu/ac
2016,151,Canola,38.3,bu/ac
2017,151,Canola,39.56,bu/ac
2018,151,Canola,42.6,bu/ac
2019,151,Canola,46.2,bu/ac
2020,151,Canola,42.8,bu/ac
2021,151,Canola,30.6,bu/ac
2022,151,Canola,41.2,bu/ac
2023,151,Canola,41.9,bu/ac
2024,151,Canola,44.6,bu/ac
2025,151,Canola,51.9,bu/ac
1990,152,Canola,25.4,bu/ac
1991,152,Canola,26.1,bu/ac
1992,152,Canola,19.6,bu/ac
1993,152,Canola,21,bu/ac
1994,152,Canola,19.7,bu/ac
1995,152,Canola,12.9,bu/ac
1996,152,Canola,29,bu/ac
1997,152,Canola,22.2,bu/ac
1998,152,Canola,23.9,bu/ac
1999,152,Canola,21.1,bu/ac
2000,152,Canola,24.9,bu/ac
2001,152,Canola,18.6,bu/ac
2002,152,Canola,24.6,bu/ac
2003,152,Canola,18.5,bu/ac
2004,152,Canola,18.3,bu/ac
2005,152,Canola,22.3,bu/ac
2006,152,Canola,22.7,bu/ac
2007,152,Canola,24.4,bu/ac
2008,152,Canola,36,bu/ac
2009,152,Canola,42.4,bu/ac
2010,152,Canola,26.1,bu/ac
2011,152,Canola,17.3,bu/ac
2012,152,Canola,20,bu/ac
2013,152,Canola,41.3,bu/ac
2014,152,Canola,29.49,bu/ac
2015,152,Canola,43.27,bu/ac
2016,152,Canola,38.7,bu/ac
2017,152,Canola,37.45,bu/ac
2018,152,Canola,40.6,bu/ac
2019,152,Canola,45.2,bu/ac
2020,152,Canola,41.8,bu/ac
2021,152,Canola,28.1,bu/ac
2022,152,Canola,36.1,bu/ac
2023,152,Canola,40.3,bu/ac
2024,152,Canola,34.2,bu/ac
2025,152,Canola,42.9,bu/ac
1990,153,Canola,22,bu/ac
1991,153,Canola,30,bu/ac
1992,153,Canola,18.5,bu/ac
1993,153,Canola,22.9,bu/ac
1994,153,Canola,12.4,bu/ac
1995,153,Canola,13.5,bu/ac
1996,153,Canola,23.4,bu/ac
1997,153,Canola,18.7,bu/ac
1998,153,Canola,19.8,bu/ac
1999,153,Canola,19.7,bu/ac
2000,153,Canola,18,bu/ac
2001,153,Canola,20.5,bu/ac
2002,153,Canola,20.7,bu/ac
2003,153,Canola,15.1,bu/ac
2004,153,Canola,14.7,bu/ac
2005,153,Canola,23.6,bu/ac
2006,153,Canola,30.2,bu/ac
2007,153,Canola,18,bu/ac
2008,153,Canola,30,bu/ac
2009,153,Canola,36,bu/ac
2010,153,Canola,23.7,bu/ac
2011,153,Canola,18.1,bu/ac
2012,153,Canola,15.9,bu/ac
2013,153,Canola,33.1,bu/ac
2014,153,Canola,25.69,bu/ac
2015,153,Canola,34.06,bu/ac
2016,153,Canola,40.9,bu/ac
2017,153,Canola,31.03,bu/ac
2018,153,Canola,34.8,bu/ac
2019,153,Canola,44,bu/ac
2020,153,Canola,43.1,bu/ac
2021,153,Canola,27.4,bu/ac
2022,153,Canola,41.3,bu/ac
2023,153,Canola,37.4,bu/ac
2024,153,Canola,40.9,bu/ac
2025,153,Canola,48.6,bu/ac
1990,154,Canola,26.8,bu/ac
1991,154,Canola,24.6,bu/ac
1992,154,Canola,20.7,bu/ac
1993,154,Canola,22.3,bu/ac
1994,154,Canola,20.6,bu/ac
1995,154,Canola,12.6,bu/ac
1996,154,Canola,26.7,bu/ac
1997,154,Canola,19.3,bu/ac
1998,154,Canola,19.3,bu/ac
1999,154,Canola,22.4,bu/ac
2000,154,Canola,20.9,bu/ac
2001,154,Canola,23.2,bu/ac
2002,154,Canola,19.7,bu/ac
2003,154,Canola,18.8,bu/ac
2004,154,Canola,20.6,bu/ac
2005,154,Canola,24.3,bu/ac
2006,154,Canola,29.4,bu/ac
2007,154,Canola,22.2,bu/ac
2008,154,Canola,31.2,bu/ac
2009,154,Canola,32.5,bu/ac
2010,154,Canola,30.3,bu/ac
2011,154,Canola,17.9,bu/ac
2012,154,Canola,22.9,bu/ac
2013,154,Canola,35.9,bu/ac
2014,154,Canola,31.47,bu/ac
2015,154,Canola,36.44,bu/ac
2016,154,Canola,41.5,bu/ac
2017,154,Canola,37.78,bu/ac
2018,154,Canola,37.8,bu/ac
2019,154,Canola,44.1,bu/ac
2020,154,Canola,38.9,bu/ac
2021,154,Canola,24.2,bu/ac
2022,154,Canola,38.6,bu/ac
2023,154,Canola,35,bu/ac
2024,154,Canola,33.7,bu/ac
2025,154,Canola,40.3,bu/ac
1990,155,Canola,23.8,bu/ac
1991,155,Canola,31.4,bu/ac
1992,155,Canola,21.4,bu/ac
1993,155,Canola,24.8,bu/ac
1994,155,Canola,19.2,bu/ac
1995,155,Canola,15,bu/ac
1996,155,Canola,27,bu/ac
1997,155,Canola,18.2,bu/ac
1998,155,Canola,21.4,bu/ac
1999,155,Canola,25.4,bu/ac
2000,155,Canola,27.5,bu/ac
2001,155,Canola,22.3,bu/ac
2002,155,Canola,21.6,bu/ac
2003,155,Canola,17.2,bu/ac
2004,155,Canola,21.8,bu/ac
2005,155,Canola,30.8,bu/ac
2006,155,Canola,29.1,bu/ac
2007,155,Canola,26,bu/ac
2008,155,Canola,33.5,bu/ac
2009,155,Canola,37.8,bu/ac
2010,155,Canola,26.3,bu/ac
2011,155,Canola,18,bu/ac
2012,155,Canola,22.2,bu/ac
2013,155,Canola,35.5,bu/ac
2014,155,Canola,30.84,bu/ac
2015,155,Canola,36.07,bu/ac
2016,155,Canola,43.6,bu/ac
2017,155,Canola,38.91,bu/ac
2018,155,Canola,39.7,bu/ac
2019,155,Canola,49.3,bu/ac
2020,155,Canola,39.6,bu/ac
2021,155,Canola,30.1,bu/ac
2022,155,Canola,44.1,bu/ac
2023,155,Canola,42.8,bu/ac
2024,155,Canola,38.5,bu/ac
2025,155,Canola,46.9,bu/ac
1990,156,Canola,22,bu/ac
1991,156,Canola,27.3,bu/ac
1992,156,Canola,29.1,bu/ac
1993,156,Canola,20.1,bu/ac
1994,156,Canola,21.6,bu/ac
1995,156,Canola,13.7,bu/ac
1996,156,Canola,24,bu/ac
1997,156,Canola,16.6,bu/ac
1998,156,Canola,20.9,bu/ac
1999,156,Canola,25.2,bu/ac
2000,156,Canola,25.5,bu/ac
2001,156,Canola,17.5,bu/ac
2002,156,Canola,24.9,bu/ac
2003,156,Canola,17.3,bu/ac
2004,156,Canola,28.8,bu/ac
2005,156,Canola,36.6,bu/ac
2006,156,Canola,30,bu/ac
2007,156,Canola,31.3,bu/ac
2008,156,Canola,41.4,bu/ac
2009,156,Canola,33.2,bu/ac
2010,156,Canola,29.5,bu/ac
2011,156,Canola,30.6,bu/ac
2012,156,Canola,26.9,bu/ac
2013,156,Canola,42.3,bu/ac
2014,156,Canola,36.5,bu/ac
2015,156,Canola,44.32,bu/ac
2016,156,Canola,47.5,bu/ac
2017,156,Canola,41.83,bu/ac
2018,156,Canola,42,bu/ac
2019,156,Canola,45,bu/ac
2020,156,Canola,42.8,bu/ac
2021,156,Canola,34.4,bu/ac
2022,156,Canola,54.5,bu/ac
2023,156,Canola,45.8,bu/ac
2024,156,Canola,37.3,bu/ac
2025,156,Canola,50.1,bu/ac
1990,157,Canola,23.5,bu/ac
1991,157,Canola,30.5,bu/ac
1992,157,Canola,28,bu/ac
1993,157,Canola,28.7,bu/ac
1994,157,Canola,20.4,bu/ac
1995,157,Canola,15.8,bu/ac
1996,157,Canola,22.9,bu/ac
1997,157,Canola,16.1,bu/ac
1998,157,Canola,23.6,bu/ac
1999,157,Canola,25.5,bu/ac
2000,157,Canola,23.9,bu/ac
2001,157,Canola,17.2,bu/ac
2002,157,Canola,22.6,bu/ac
2003,157,Canola,17,bu/ac
2004,157,Canola,26.7,bu/ac
2005,157,Canola,30.4,bu/ac
2006,157,Canola,24.1,bu/ac
2007,157,Canola,25.4,bu/ac
2008,157,Canola,33.4,bu/ac
2009,157,Canola,41.1,bu/ac
2010,157,Canola,26.5,bu/ac
2011,157,Canola,30.4,bu/ac
2012,157,Canola,24.7,bu/ac
2013,157,Canola,39.8,bu/ac
2014,157,Canola,30,bu/ac
2015,157,Canola,40.16,bu/ac
2016,157,Canola,41.2,bu/ac
2017,157,Canola,30.26,bu/ac
2018,157,Canola,37.1,bu/ac
2019,157,Canola,41.7,bu/ac
2020,157,Canola,39.2,bu/ac
2021,157,Canola,27.5,bu/ac
2022,157,Canola,43.4,bu/ac
2023,157,Canola,47.8,bu/ac
2024,157,Canola,34.5,bu/ac
2025,157,Canola,45.2,bu/ac
1990,158,Canola,19.8,bu/ac
1991,158,Canola,31.5,bu/ac
1992,158,Canola,30,bu/ac
1993,158,Canola,24.5,bu/ac
1994,158,Canola,23.4,bu/ac
1995,158,Canola,19.4,bu/ac
1996,158,Canola,23,bu/ac
1997,158,Canola,18.3,bu/ac
1998,158,Canola,21.6,bu/ac
1999,158,Canola,25.2,bu/ac
2000,158,Canola,26.7,bu/ac
2001,158,Canola,22,bu/ac
2002,158,Canola,19,bu/ac
2003,158,Canola,13.1,bu/ac
2004,158,Canola,24.5,bu/ac
2005,158,Canola,29.8,bu/ac
2006,158,Canola,26.4,bu/ac
2007,158,Canola,22.3,bu/ac
2008,158,Canola,25.6,bu/ac
2009,158,Canola,41.9,bu/ac
2010,158,Canola,33.5,bu/ac
2011,158,Canola,26.2,bu/ac
2012,158,Canola,26.2,bu/ac
2013,158,Canola,40.7,bu/ac
2014,158,Canola,28.48,bu/ac
2015,158,Canola,38.63,bu/ac
2016,158,Canola,46,bu/ac
2017,158,Canola,30.45,bu/ac
2018,158,Canola,37.2,bu/ac
2019,158,Canola,47.4,bu/ac
2020,158,Canola,37.5,bu/ac
2021,158,Canola,19.7,bu/ac
2022,158,Canola,42.8,bu/ac
2023,158,Canola,44.9,bu/ac
2024,158,Canola,30.8,bu/ac
2025,158,Canola,44.8,bu/ac
1992,159,Canola,30,bu/ac
1993,159,Canola,20,bu/ac
1994,159,Canola,26.2,bu/ac
1995,159,Canola,19.9,bu/ac
1996,159,Canola,24.9,bu/ac
1997,159,Canola,18.9,bu/ac
1998,159,Canola,14.6,bu/ac
1999,159,Canola,30.3,bu/ac
2000,159,Canola,24.6,bu/ac
2001,159,Canola,20.5,bu/ac
2002,159,Canola,11.1,bu/ac
2003,159,Canola,17.6,bu/ac
2004,159,Canola,37,bu/ac
2005,159,Canola,38.8,bu/ac
2006,159,Canola,28.4,bu/ac
2007,159,Canola,26.3,bu/ac
2008,159,Canola,39.4,bu/ac
2009,159,Canola,37.9,bu/ac
2010,159,Canola,36,bu/ac
2011,159,Canola,27.7,bu/ac
2012,159,Canola,33,bu/ac
2013,159,Canola,42.5,bu/ac
2014,159,Canola,32.07,bu/ac
2015,159,Canola,41.81,bu/ac
2016,159,Canola,48.2,bu/ac
2017,159,Canola,27.52,bu/ac
2018,159,Canola,38.8,bu/ac
2019,159,Canola,49.2,bu/ac
2020,159,Canola,46.4,bu/ac
2021,159,Canola,17.8,bu/ac
2022,159,Canola,48.1,bu/ac
2023,159,Canola,47.4,bu/ac
2024,159,Canola,42.9,bu/ac
2025,159,Canola,52.4,bu/ac
1992,160,Canola,18,bu/ac
1993,160,Canola,25,bu/ac
1994,160,Canola,22.9,bu/ac
1995,160,Canola,23.1,bu/ac
1996,160,Canola,24.5,bu/ac
1997,160,Canola,22.1,bu/ac
1998,160,Canola,18.8,bu/ac
1999,160,Canola,22.3,bu/ac
2000,160,Canola,24.1,bu/ac
2001,160,Canola,20,bu/ac
2002,160,Canola,14.5,bu/ac
2003,160,Canola,12.2,bu/ac
2004,160,Canola,24.2,bu/ac
2005,160,Canola,23.6,bu/ac
2006,160,Canola,28.8,bu/ac
2007,160,Canola,25.6,bu/ac
2008,160,Canola,33.8,bu/ac
2009,160,Canola,35.3,bu/ac
2010,160,Canola,42.3,bu/ac
2011,160,Canola,39.5,bu/ac
2012,160,Canola,37,bu/ac
2013,160,Canola,45.6,bu/ac
2014,160,Canola,41.66,bu/ac
2015,160,Canola,32.18,bu/ac
2016,160,Canola,46.4,bu/ac
2017,160,Canola,34.64,bu/ac
2018,160,Canola,37.3,bu/ac
2019,160,Canola,41.4,bu/ac
2020,160,Canola,50,bu/ac
2021,160,Canola,21.8,bu/ac
2022,160,Canola,41.5,bu/ac
2023,160,Canola,42.4,bu/ac
2024,160,Canola,43.5,bu/ac
2025,160,Canola,48.3,bu/ac
1993,161,Canola,25,bu/ac
1994,161,Canola,15.6,bu/ac
1995,161,Canola,19.9,bu/ac
1996,161,Canola,25.4,bu/ac
1997,161,Canola,22.5,bu/ac
1998,161,Canola,19.1,bu/ac
1999,161,Canola,28.7,bu/ac
2000,161,Canola,27.9,bu/ac
2001,161,Canola,14.3,bu/ac
2003,161,Canola,5.8,bu/ac
2006,161,Canola,28,bu/ac
2007,161,Canola,19.4,bu/ac
2008,161,Canola,30.5,bu/ac
2009,161,Canola,34.9,bu/ac
2010,161,Canola,38.2,bu/ac
2011,161,Canola,34.6,bu/ac
2012,161,Canola,31.9,bu/ac
2013,161,Canola,47.2,bu/ac
2014,161,Canola,42.36,bu/ac
2015,161,Canola,31.69,bu/ac
2016,161,Canola,46.6,bu/ac
2017,161,Canola,33.76,bu/ac
2018,161,Canola,37.4,bu/ac
2019,161,Canola,45.7,bu/ac
2020,161,Canola,40.1,bu/ac
2021,161,Canola,25.3,bu/ac
2022,161,Canola,44.9,bu/ac
2023,161,Canola,36.3,bu/ac
2024,161,Canola,44.4,bu/ac
2025,161,Canola,52,bu/ac
1993,162,Canola,30,bu/ac
1994,162,Canola,10.6,bu/ac
1995,162,Canola,23,bu/ac
1996,162,Canola,25.7,bu/ac
1997,162,Canola,13.4,bu/ac
1998,162,Canola,21,bu/ac
1999,162,Canola,23.2,bu/ac
2000,162,Canola,20.4,bu/ac
2001,162,Canola,11.4,bu/ac
2007,162,Canola,30.4,bu/ac
2010,162,Canola,35.9,bu/ac
2011,162,Canola,33.9,bu/ac
2012,162,Canola,24.5,bu/ac
2013,162,Canola,48.7,bu/ac
2014,162,Canola,47.83,bu/ac
2015,162,Canola,23.39,bu/ac
2016,162,Canola,50.7,bu/ac
2017,162,Canola,34.19,bu/ac
2018,162,Canola,49,bu/ac
2019,162,Canola,53,bu/ac
2020,162,Canola,42.8,bu/ac
2021,162,Canola,22.5,bu/ac
2022,162,Canola,38.6,bu/ac
2023,162,Canola,36.8,bu/ac
2024,162,Canola,43.8,bu/ac
2025,162,Canola,48.1,bu/ac
1994,163,Canola,24,bu/ac
1995,163,Canola,30.3,bu/ac
1996,163,Canola,24.5,bu/ac
1997,163,Canola,17.4,bu/ac
1998,163,Canola,19.8,bu/ac
1999,163,Canola,22.3,bu/ac
2001,163,Canola,15.4,bu/ac
2002,163,Canola,5.7,bu/ac
2003,163,Canola,13.5,bu/ac
2004,163,Canola,19.5,bu/ac
2005,163,Canola,23,bu/ac
2010,163,Canola,23.7,bu/ac
2011,163,Canola,27.6,bu/ac
2012,163,Canola,17.5,bu/ac
2013,163,Canola,37,bu/ac
2014,163,Canola,36.56,bu/ac
2015,163,Canola,23.15,bu/ac
2016,163,Canola,47.8,bu/ac
2017,163,Canola,27.04,bu/ac
2018,163,Canola,44,bu/ac
2019,163,Canola,27.6,bu/ac
2020,163,Canola,35.9,bu/ac
2021,163,Canola,15.7,bu/ac
2022,163,Canola,24.3,bu/ac
2023,163,Canola,24.3,bu/ac
2024,163,Canola,20.5,bu/ac
2025,163,Canola,35.2,bu/ac
1993,164,Canola,20,bu/ac
1994,164,Canola,10,bu/ac
1995,164,Canola,26,bu/ac
1996,164,Canola,14.4,bu/ac
1997,164,Canola,5.1,bu/ac
2003,164,Canola,18,bu/ac
2004,164,Canola,30,bu/ac
2005,164,Canola,16.2,bu/ac
2007,164,Canola,21.6,bu/ac
2010,164,Canola,22.7,bu/ac
2011,164,Canola,21.1,bu/ac
2012,164,Canola,24.5,bu/ac
2013,164,Canola,22.8,bu/ac
2014,164,Canola,35.12,bu/ac
2015,164,Canola,29.51,bu/ac
2016,164,Canola,38.4,bu/ac
2017,164,Canola,24.44,bu/ac
2018,164,Canola,30,bu/ac
2019,164,Canola,32.8,bu/ac
2020,164,Canola,30.9,bu/ac
2021,164,Canola,11.8,bu/ac
2022,164,Canola,22.6,bu/ac
2023,164,Canola,20.2,bu/ac
2024,164,Canola,19.9,bu/ac
2025,164,Canola,49,bu/ac
1993,165,Canola,14.8,bu/ac
1994,165,Canola,14,bu/ac
1995,165,Canola,16.2,bu/ac
1996,165,Canola,18.3,bu/ac
1997,165,Canola,13.1,bu/ac
1998,165,Canola,17.5,bu/ac
1999,165,Canola,19.7,bu/ac
2000,165,Canola,20,bu/ac
2001,165,Canola,13.1,bu/ac
2002,165,Canola,8.2,bu/ac
2003,165,Canola,11.7,bu/ac
2004,165,Canola,26.2,bu/ac
2005,165,Canola,25.4,bu/ac
2006,165,Canola,22.8,bu/ac
2007,165,Canola,14.4,bu/ac
2008,165,Canola,19.6,bu/ac
2010,165,Canola,28.3,bu/ac
2011,165,Canola,33.2,bu/ac
2012,165,Canola,26.8,bu/ac
2013,165,Canola,37.4,bu/ac
2014,165,Canola,32.48,bu/ac
2015,165,Canola,34.72,bu/ac
2016,165,Canola,41,bu/ac
2017,165,Canola,27.58,bu/ac
2018,165,Canola,31.9,bu/ac
2019,165,Canola,32.5,bu/ac
2020,165,Canola,36.3,bu/ac
2021,165,Canola,10.6,bu/ac
2022,165,Canola,18.8,bu/ac
2023,165,Canola,19.8,bu/ac
2024,165,Canola,15.7,bu/ac
2025,165,Canola,37.7,bu/ac
1990,166,Canola,25,bu/ac
1992,166,Canola,20,bu/ac
1994,166,Canola,13.6,bu/ac
1995,166,Canola,13.6,bu/ac
1996,166,Canola,15,bu/ac
1997,166,Canola,18.8,bu/ac
1998,166,Canola,19.7,bu/ac
1999,166,Canola,33.2,bu/ac
2000,166,Canola,29,bu/ac
2001,166,Canola,18,bu/ac
2002,166,Canola,17.5,bu/ac
2003,166,Canola,17,bu/ac
2004,166,Canola,34.5,bu/ac
2005,166,Canola,30.8,bu/ac
2006,166,Canola,27,bu/ac
2007,166,Canola,14.8,bu/ac
2008,166,Canola,25,bu/ac
2009,166,Canola,25,bu/ac
2010,166,Canola,25.4,bu/ac
2011,166,Canola,33.3,bu/ac
2012,166,Canola,28.7,bu/ac
2013,166,Canola,41.7,bu/ac
2014,166,Canola,36.25,bu/ac
2015,166,Canola,25.24,bu/ac
2016,166,Canola,45.2,bu/ac
2017,166,Canola,25.37,bu/ac
2018,166,Canola,28.2,bu/ac
2019,166,Canola,40.6,bu/ac
2020,166,Canola,39.6,bu/ac
2021,166,Canola,13.6,bu/ac
2022,166,Canola,16.4,bu/ac
2023,166,Canola,15.8,bu/ac
2024,166,Canola,15.8,bu/ac
2025,166,Canola,32.5,bu/ac
1992,167,Canola,25,bu/ac
1993,167,Canola,20,bu/ac
1994,167,Canola,15,bu/ac
1995,167,Canola,18.8,bu/ac
1996,167,Canola,29.8,bu/ac
1997,167,Canola,23.7,bu/ac
1998,167,Canola,26.6,bu/ac
1999,167,Canola,32,bu/ac
2000,167,Canola,26.1,bu/ac
2001,167,Canola,23.5,bu/ac
2002,167,Canola,23,bu/ac
2003,167,Canola,16.3,bu/ac
2004,167,Canola,32.5,bu/ac
2005,167,Canola,29.2,bu/ac
2006,167,Canola,26.7,bu/ac
2007,167,Canola,26.2,bu/ac
2008,167,Canola,39.5,bu/ac
2009,167,Canola,29.2,bu/ac
2010,167,Canola,29.3,bu/ac
2011,167,Canola,39,bu/ac
2012,167,Canola,27.8,bu/ac
2013,167,Canola,41.5,bu/ac
2014,167,Canola,40,bu/ac
2015,167,Canola,32.59,bu/ac
2016,167,Canola,41.3,bu/ac
2017,167,Canola,34.9,bu/ac
2018,167,Canola,33.4,bu/ac
2019,167,Canola,41.1,bu/ac
2020,167,Canola,42.3,bu/ac
2021,167,Canola,16.8,bu/ac
2022,167,Canola,27,bu/ac
2023,167,Canola,18.6,bu/ac
2024,167,Canola,22.3,bu/ac
2025,167,Canola,38.7,bu/ac
1991,168,Canola,20,bu/ac
1992,168,Canola,20,bu/ac
1993,168,Canola,25,bu/ac
1994,168,Canola,20,bu/ac
1995,168,Canola,25,bu/ac
1996,168,Canola,20,bu/ac
1997,168,Canola,24.7,bu/ac
1998,168,Canola,12.2,bu/ac
1999,168,Canola,34.3,bu/ac
2000,168,Canola,35,bu/ac
2001,168,Canola,14.6,bu/ac
2002,168,Canola,15.8,bu/ac
2003,168,Canola,10.8,bu/ac
2004,168,Canola,31.8,bu/ac
2005,168,Canola,28.9,bu/ac
2006,168,Canola,16.4,bu/ac
2007,168,Canola,21.3,bu/ac
2008,168,Canola,26.7,bu/ac
2009,168,Canola,25.1,bu/ac
2010,168,Canola,32.3,bu/ac
2011,168,Canola,33,bu/ac
2012,168,Canola,26.3,bu/ac
2013,168,Canola,42.8,bu/ac
2014,168,Canola,41.15,bu/ac
2015,168,Canola,32.41,bu/ac
2016,168,Canola,51.4,bu/ac
2017,168,Canola,30.68,bu/ac
2018,168,Canola,33.4,bu/ac
2019,168,Canola,35.5,bu/ac
2020,168,Canola,32.2,bu/ac
2021,168,Canola,14.2,bu/ac
2022,168,Canola,16.6,bu/ac
2023,168,Canola,9.5,bu/ac
2024,168,Canola,18.3,bu/ac
2025,168,Canola,30.9,bu/ac
1993,169,Canola,20,bu/ac
1994,169,Canola,16.5,bu/ac
1995,169,Canola,20,bu/ac
1996,169,Canola,18.5,bu/ac
1997,169,Canola,25,bu/ac
1998,169,Canola,15.9,bu/ac
1999,169,Canola,26.6,bu/ac
2000,169,Canola,26,bu/ac
2001,169,Canola,15,bu/ac
2004,169,Canola,20.5,bu/ac
2005,169,Canola,35,bu/ac
2006,169,Canola,21.4,bu/ac
2007,169,Canola,24.6,bu/ac
2009,169,Canola,30,bu/ac
2010,169,Canola,33.8,bu/ac
2011,169,Canola,35.1,bu/ac
2012,169,Canola,30.7,bu/ac
2013,169,Canola,37.9,bu/ac
2014,169,Canola,49.75,bu/ac
2015,169,Canola,31.48,bu/ac
2016,169,Canola,56.6,bu/ac
2017,169,Canola,37.59,bu/ac
2018,169,Canola,33,bu/ac
2019,169,Canola,28,bu/ac
2020,169,Canola,33.5,bu/ac
2021,169,Canola,15.6,bu/ac
2022,169,Canola,17.5,bu/ac
2023,169,Canola,10.4,bu/ac
2024,169,Canola,16.1,bu/ac
2025,169,Canola,24.4,bu/ac
1995,171,Canola,30,bu/ac
1996,171,Canola,20,bu/ac
1997,171,Canola,30,bu/ac
1998,171,Canola,22.5,bu/ac
1999,171,Canola,31.4,bu/ac
2000,171,Canola,22.5,bu/ac
2001,171,Canola,7.5,bu/ac
2002,171,Canola,5,bu/ac
2003,171,Canola,20,bu/ac
2010,171,Canola,30,bu/ac
2011,171,Canola,35.2,bu/ac
2012,171,Canola,26.9,bu/ac
2013,171,Canola,38.8,bu/ac
2014,171,Canola,30.49,bu/ac
2015,171,Canola,23.32,bu/ac
2016,171,Canola,39.2,bu/ac
2017,171,Canola,22.07,bu/ac
2018,171,Canola,22.1,bu/ac
2019,171,Canola,20.4,bu/ac
2020,171,Canola,16,bu/ac
2021,171,Canola,8.4,bu/ac
2022,171,Canola,10.9,bu/ac
2024,171,Canola,7.7,bu/ac
2025,171,Canola,14.5,bu/ac
1990,181,Canola,27.4,bu/ac
1991,181,Canola,27.4,bu/ac
1992,181,Canola,23.7,bu/ac
1993,181,Canola,24.3,bu/ac
1994,181,Canola,23.6,bu/ac
1995,181,Canola,20.4,bu/ac
1996,181,Canola,28.5,bu/ac
1997,181,Canola,24,bu/ac
1998,181,Canola,26.7,bu/ac
1999,181,Canola,28.7,bu/ac
2000,181,Canola,28.5,bu/ac
2001,181,Canola,24.9,bu/ac
2002,181,Canola,29.2,bu/ac
2003,181,Canola,20.4,bu/ac
2004,181,Canola,23.2,bu/ac
2005,181,Canola,33.1,bu/ac
2006,181,Canola,34.5,bu/ac
2007,181,Canola,25,bu/ac
2008,181,Canola,37.6,bu/ac
2009,181,Canola,39.9,bu/ac
2010,181,Canola,28.3,bu/ac
2011,181,Canola,17.2,bu/ac
2012,181,Canola,20.8,bu/ac
2013,181,Canola,43.9,bu/ac
2014,181,Canola,32.49,bu/ac
2015,181,Canola,41.11,bu/ac
2016,181,Canola,37.1,bu/ac
2017,181,Canola,39.57,bu/ac
2018,181,Canola,39.6,bu/ac
2019,181,Canola,48.8,bu/ac
2020,181,Canola,43.6,bu/ac
2021,181,Canola,34.1,bu/ac
2022,181,Canola,38.2,bu/ac
2023,181,Canola,40.1,bu/ac
2024,181,Canola,36.7,bu/ac
2025,181,Canola,46.2,bu/ac
1990,183,Canola,27.9,bu/ac
1991,183,Canola,25.1,bu/ac
1992,183,Canola,27.1,bu/ac
1993,183,Canola,23.9,bu/ac
1994,183,Canola,22.1,bu/ac
1995,183,Canola,10.7,bu/ac
1996,183,Canola,25,bu/ac
1997,183,Canola,20.6,bu/ac
1998,183,Canola,22.8,bu/ac
1999,183,Canola,27.3,bu/ac
2000,183,Canola,24.4,bu/ac
2001,183,Canola,21.6,bu/ac
2002,183,Canola,22.5,bu/ac
2003,183,Canola,22.7,bu/ac
2004,183,Canola,16.2,bu/ac
2005,183,Canola,25.4,bu/ac
2006,183,Canola,27.3,bu/ac
2007,183,Canola,22.7,bu/ac
2008,183,Canola,34.2,bu/ac
2009,183,Canola,37,bu/ac
2010,183,Canola,29.6,bu/ac
2011,183,Canola,25.6,bu/ac
2012,183,Canola,18.8,bu/ac
2013,183,Canola,40.5,bu/ac
2014,183,Canola,29.1,bu/ac
2015,183,Canola,36.55,bu/ac
2016,183,Canola,35.7,bu/ac
2017,183,Canola,32.62,bu/ac
2018,183,Canola,37.5,bu/ac
2019,183,Canola,43.6,bu/ac
2020,183,Canola,35.4,bu/ac
2021,183,Canola,20.7,bu/ac
2022,183,Canola,36.3,bu/ac
2023,183,Canola,39,bu/ac
2024,183,Canola,35.8,bu/ac
2025,183,Canola,53.1,bu/ac
1990,184,Canola,25.7,bu/ac
1991,184,Canola,24.4,bu/ac
1992,184,Canola,19.7,bu/ac
1993,184,Canola,18.4,bu/ac
1994,184,Canola,17.3,bu/ac
1995,184,Canola,12.8,bu/ac
1996,184,Canola,24.9,bu/ac
1997,184,Canola,17.3,bu/ac
1998,184,Canola,22.5,bu/ac
1999,184,Canola,23.1,bu/ac
2000,184,Canola,28.1,bu/ac
2001,184,Canola,16,bu/ac
2002,184,Canola,16.7,bu/ac
2003,184,Canola,14.1,bu/ac
2004,184,Canola,21.4,bu/ac
2005,184,Canola,26.3,bu/ac
2006,184,Canola,17.5,bu/ac
2007,184,Canola,19.9,bu/ac
2008,184,Canola,29.7,bu/ac
2009,184,Canola,29,bu/ac
2010,184,Canola,27.8,bu/ac
2011,184,Canola,23,bu/ac
2012,184,Canola,19.9,bu/ac
2013,184,Canola,33.7,bu/ac
2014,184,Canola,26.02,bu/ac
2015,184,Canola,34.18,bu/ac
2016,184,Canola,32.8,bu/ac
2017,184,Canola,32.02,bu/ac
2018,184,Canola,32,bu/ac
2019,184,Canola,41.7,bu/ac
2020,184,Canola,29.9,bu/ac
2021,184,Canola,26.7,bu/ac
2022,184,Canola,37,bu/ac
2023,184,Canola,36.9,bu/ac
2024,184,Canola,33.5,bu/ac
2025,184,Canola,43.7,bu/ac
1990,185,Canola,25.2,bu/ac
1991,185,Canola,27.5,bu/ac
1992,185,Canola,25.2,bu/ac
1993,185,Canola,27.5,bu/ac
1994,185,Canola,19.3,bu/ac
1995,185,Canola,11.6,bu/ac
1996,185,Canola,27.8,bu/ac
1997,185,Canola,19.8,bu/ac
1998,185,Canola,22.6,bu/ac
1999,185,Canola,26.3,bu/ac
2000,185,Canola,24.5,bu/ac
2001,185,Canola,20.4,bu/ac
2002,185,Canola,20.9,bu/ac
2003,185,Canola,13.7,bu/ac
2004,185,Canola,16,bu/ac
2005,185,Canola,29,bu/ac
2006,185,Canola,26.1,bu/ac
2007,185,Canola,24.1,bu/ac
2008,185,Canola,36,bu/ac
2009,185,Canola,40,bu/ac
2010,185,Canola,28,bu/ac
2011,185,Canola,23.6,bu/ac
2012,185,Canola,21.6,bu/ac
2013,185,Canola,38,bu/ac
2014,185,Canola,22.51,bu/ac
2015,185,Canola,36.81,bu/ac
2016,185,Canola,36,bu/ac
2017,185,Canola,33.29,bu/ac
2018,185,Canola,36.8,bu/ac
2019,185,Canola,47,bu/ac
2020,185,Canola,37.1,bu/ac
2021,185,Canola,35.8,bu/ac
2022,185,Canola,44.4,bu/ac
2023,185,Canola,43.8,bu/ac
2024,185,Canola,39.1,bu/ac
2025,185,Canola,45.5,bu/ac
1990,186,Canola,21.8,bu/ac
1991,186,Canola,26.4,bu/ac
1992,186,Canola,28.6,bu/ac
1993,186,Canola,21,bu/ac
1994,186,Canola,20,bu/ac
1995,186,Canola,16,bu/ac
1996,186,Canola,24,bu/ac
1997,186,Canola,19.6,bu/ac
1998,186,Canola,24.5,bu/ac
1999,186,Canola,30.4,bu/ac
2000,186,Canola,31.4,bu/ac
2001,186,Canola,21.9,bu/ac
2002,186,Canola,13.4,bu/ac
2003,186,Canola,15.8,bu/ac
2004,186,Canola,24.2,bu/ac
2005,186,Canola,31,bu/ac
2006,186,Canola,32.7,bu/ac
2007,186,Canola,32.6,bu/ac
2008,186,Canola,37.2,bu/ac
2009,186,Canola,38.1,bu/ac
2010,186,Canola,29.3,bu/ac
2011,186,Canola,31.7,bu/ac
2012,186,Canola,25.1,bu/ac
2013,186,Canola,42.7,bu/ac
2014,186,Canola,24.57,bu/ac
2015,186,Canola,41.2,bu/ac
2016,186,Canola,44.2,bu/ac
2017,186,Canola,38.59,bu/ac
2018,186,Canola,41.3,bu/ac
2019,186,Canola,52,bu/ac
2020,186,Canola,41.3,bu/ac
2021,186,Canola,27.9,bu/ac
2022,186,Canola,51.7,bu/ac
2023,186,Canola,46.7,bu/ac
2024,186,Canola,34.3,bu/ac
2025,186,Canola,43.5,bu/ac
1990,187,Canola,19,bu/ac
1992,187,Canola,25,bu/ac
1993,187,Canola,24.9,bu/ac
1994,187,Canola,21.6,bu/ac
1995,187,Canola,15,bu/ac
1996,187,Canola,20.5,bu/ac
1997,187,Canola,19,bu/ac
1998,187,Canola,23.7,bu/ac
1999,187,Canola,22.7,bu/ac
2000,187,Canola,24,bu/ac
2001,187,Canola,21.3,bu/ac
2002,187,Canola,18.9,bu/ac
2003,187,Canola,12.6,bu/ac
2004,187,Canola,22.7,bu/ac
2005,187,Canola,27.7,bu/ac
2006,187,Canola,28.5,bu/ac
2007,187,Canola,35.3,bu/ac
2008,187,Canola,31.7,bu/ac
2009,187,Canola,36.3,bu/ac
2010,187,Canola,30.8,bu/ac
2011,187,Canola,28.5,bu/ac
2012,187,Canola,25.4,bu/ac
2013,187,Canola,48.2,bu/ac
2014,187,Canola,38.13,bu/ac
2015,187,Canola,39.5,bu/ac
2016,187,Canola,43.6,bu/ac
2017,187,Canola,37,bu/ac
2018,187,Canola,38.4,bu/ac
2019,187,Canola,44,bu/ac
2020,187,Canola,41.7,bu/ac
2021,187,Canola,23.7,bu/ac
2022,187,Canola,48.8,bu/ac
2023,187,Canola,48.8,bu/ac
2024,187,Canola,36.8,bu/ac
2025,187,Canola,45.7,bu/ac
1990,189,Canola,18,bu/ac
1991,189,Canola,25,bu/ac
1992,189,Canola,27.5,bu/ac
1993,189,Canola,30.4,bu/ac
1994,189,Canola,26.1,bu/ac
1995,189,Canola,19.5,bu/ac
1996,189,Canola,22.8,bu/ac
1997,189,Canola,19.9,bu/ac
1998,189,Canola,21.8,bu/ac
1999,189,Canola,28.1,bu/ac
2000,189,Canola,27.3,bu/ac
2001,189,Canola,17.7,bu/ac
2002,189,Canola,12.8,bu/ac
2003,189,Canola,13.5,bu/ac
2004,189,Canola,24.1,bu/ac
2005,189,Canola,26.9,bu/ac
2006,189,Canola,29.7,bu/ac
2007,189,Canola,22.6,bu/ac
2008,189,Canola,32.9,bu/ac
2009,189,Canola,35.5,bu/ac
2010,189,Canola,38.9,bu/ac
2011,189,Canola,27,bu/ac
2012,189,Canola,28,bu/ac
2013,189,Canola,46.3,bu/ac
2014,189,Canola,28.55,bu/ac
2015,189,Canola,36.52,bu/ac
2016,189,Canola,42.5,bu/ac
2017,189,Canola,27.16,bu/ac
2018,189,Canola,32.1,bu/ac
2019,189,Canola,43.8,bu/ac
2020,189,Canola,41.2,bu/ac
2021,189,Canola,24.9,bu/ac
2022,189,Canola,46.4,bu/ac
2023,189,Canola,40.1,bu/ac
2024,189,Canola,31.6,bu/ac
2025,189,Canola,41,bu/ac
1990,190,Canola,7,bu/ac
1991,190,Canola,30.7,bu/ac
1992,190,Canola,30,bu/ac
1993,190,Canola,27.5,bu/ac
1994,190,Canola,22.5,bu/ac
1995,190,Canola,16.3,bu/ac
1996,190,Canola,22.6,bu/ac
1997,190,Canola,18.4,bu/ac
1998,190,Canola,19,bu/ac
1999,190,Canola,26.4,bu/ac
2000,190,Canola,25.1,bu/ac
2001,190,Canola,14.1,bu/ac
2002,190,Canola,7,bu/ac
2003,190,Canola,8.6,bu/ac
2004,190,Canola,18.8,bu/ac
2005,190,Canola,25.6,bu/ac
2006,190,Canola,22.2,bu/ac
2007,190,Canola,17.1,bu/ac
2008,190,Canola,22.1,bu/ac
2009,190,Canola,22.8,bu/ac
2010,190,Canola,31.9,bu/ac
2011,190,Canola,25.6,bu/ac
2012,190,Canola,24.8,bu/ac
2013,190,Canola,32.6,bu/ac
2014,190,Canola,24.93,bu/ac
2015,190,Canola,32.4,bu/ac
2016,190,Canola,36.3,bu/ac
2017,190,Canola,25.21,bu/ac
2018,190,Canola,25.2,bu/ac
2019,190,Canola,27.9,bu/ac
2020,190,Canola,30.5,bu/ac
2021,190,Canola,18,bu/ac
2022,190,Canola,39,bu/ac
2023,190,Canola,25,bu/ac
2024,190,Canola,26.1,bu/ac
2025,190,Canola,31.6,bu/ac
1992,191,Canola,29.8,bu/ac
1993,191,Canola,20,bu/ac
1994,191,Canola,14.9,bu/ac
1995,191,Canola,18.9,bu/ac
1996,191,Canola,26,bu/ac
1997,191,Canola,18.3,bu/ac
1998,191,Canola,25.1,bu/ac
1999,191,Canola,27.2,bu/ac
2000,191,Canola,27.2,bu/ac
2001,191,Canola,12.2,bu/ac
2002,191,Canola,12.4,bu/ac
2003,191,Canola,14.9,bu/ac
2004,191,Canola,37.6,bu/ac
2005,191,Canola,32.3,bu/ac
2006,191,Canola,32.2,bu/ac
2007,191,Canola,26.6,bu/ac
2008,191,Canola,32.2,bu/ac
2009,191,Canola,33.9,bu/ac
2010,191,Canola,41,bu/ac
2011,191,Canola,44.1,bu/ac
2012,191,Canola,25.7,bu/ac
2013,191,Canola,53.7,bu/ac
2014,191,Canola,31.82,bu/ac
2015,191,Canola,34.07,bu/ac
2016,191,Canola,48.8,bu/ac
2017,191,Canola,35.51,bu/ac
2018,191,Canola,46.5,bu/ac
2019,191,Canola,46.5,bu/ac
2020,191,Canola,40.7,bu/ac
2021,191,Canola,23.7,bu/ac
2022,191,Canola,41.7,bu/ac
2023,191,Canola,29.5,bu/ac
2024,191,Canola,43.2,bu/ac
2025,191,Canola,49.3,bu/ac
1991,193,Canola,30,bu/ac
1992,193,Canola,29.7,bu/ac
1993,193,Canola,29.9,bu/ac
1994,193,Canola,19.6,bu/ac
1995,193,Canola,19.1,bu/ac
1996,193,Canola,21.9,bu/ac
1997,193,Canola,19.6,bu/ac
1998,193,Canola,21.9,bu/ac
1999,193,Canola,25.3,bu/ac
2000,193,Canola,23.2,bu/ac
2001,193,Canola,15.6,bu/ac
2002,193,Canola,10.2,bu/ac
2003,193,Canola,8.6,bu/ac
2004,193,Canola,29.4,bu/ac
2005,193,Canola,25,bu/ac
2006,193,Canola,20.8,bu/ac
2007,193,Canola,16.9,bu/ac
2008,193,Canola,25.5,bu/ac
2009,193,Canola,27.4,bu/ac
2010,193,Canola,28.2,bu/ac
2011,193,Canola,33.7,bu/ac
2012,193,Canola,27.7,bu/ac
2013,193,Canola,42.1,bu/ac
2014,193,Canola,32.67,bu/ac
2015,193,Canola,32.12,bu/ac
2016,193,Canola,46.2,bu/ac
2017,193,Canola,32.69,bu/ac
2018,193,Canola,38.5,bu/ac
2019,193,Canola,36.1,bu/ac
2020,193,Canola,34,bu/ac
2021,193,Canola,13.9,bu/ac
2022,193,Canola,23.9,bu/ac
2023,193,Canola,19.5,bu/ac
2024,193,Canola,29.6,bu/ac
2025,193,Canola,34.8,bu/ac
1990,194,Canola,11,bu/ac
1991,194,Canola,25,bu/ac
1992,194,Canola,23,bu/ac
1993,194,Canola,32,bu/ac
1994,194,Canola,18.3,bu/ac
1995,194,Canola,21,bu/ac
1996,194,Canola,22.2,bu/ac
1997,194,Canola,18.5,bu/ac
1998,194,Canola,22.7,bu/ac
1999,194,Canola,22.7,bu/ac
2000,194,Canola,22.2,bu/ac
2001,194,Canola,11.6,bu/ac
2002,194,Canola,10.1,bu/ac
2003,194,Canola,8,bu/ac
2004,194,Canola,20.1,bu/ac
2005,194,Canola,24,bu/ac
2006,194,Canola,17.9,bu/ac
2007,194,Canola,15.5,bu/ac
2008,194,Canola,19.4,bu/ac
2009,194,Canola,20.6,bu/ac
2010,194,Canola,23.5,bu/ac
2011,194,Canola,28.9,bu/ac
2012,194,Canola,21.5,bu/ac
2013,194,Canola,38.8,bu/ac
2014,194,Canola,32.8,bu/ac
2015,194,Canola,28.68,bu/ac
2016,194,Canola,44.2,bu/ac
2017,194,Canola,30.64,bu/ac
2018,194,Canola,40,bu/ac
2019,194,Canola,41.1,bu/ac
2020,194,Canola,37.1,bu/ac
2021,194,Canola,14.7,bu/ac
2022,194,Canola,19.4,bu/ac
2023,194,Canola,18.3,bu/ac
2024,194,Canola,31.9,bu/ac
2025,194,Canola,32.1,bu/ac
1990,211,Canola,28.1,bu/ac
1991,211,Canola,26,bu/ac
1992,211,Canola,20.9,bu/ac
1993,211,Canola,21.8,bu/ac
1994,211,Canola,17.7,bu/ac
1995,211,Canola,15.6,bu/ac
1996,211,Canola,26,bu/ac
1997,211,Canola,23,bu/ac
1998,211,Canola,23.6,bu/ac
1999,211,Canola,25.6,bu/ac
2000,211,Canola,27.4,bu/ac
2001,211,Canola,24.3,bu/ac
2002,211,Canola,25.1,bu/ac
2003,211,Canola,22.4,bu/ac
2004,211,Canola,24.1,bu/ac
2005,211,Canola,25.6,bu/ac
2006,211,Canola,33,bu/ac
2007,211,Canola,26.7,bu/ac
2008,211,Canola,32.2,bu/ac
2009,211,Canola,35.4,bu/ac
2010,211,Canola,28,bu/ac
2011,211,Canola,22,bu/ac
2012,211,Canola,19.1,bu/ac
2013,211,Canola,38.3,bu/ac
2014,211,Canola,26.97,bu/ac
2015,211,Canola,39,bu/ac
2016,211,Canola,44,bu/ac
2017,211,Canola,41.76,bu/ac
2018,211,Canola,36.9,bu/ac
2019,211,Canola,47.2,bu/ac
2020,211,Canola,43.6,bu/ac
2021,211,Canola,32.7,bu/ac
2022,211,Canola,46.8,bu/ac
2023,211,Canola,46.7,bu/ac
2024,211,Canola,36.7,bu/ac
2025,211,Canola,49.9,bu/ac
1990,213,Canola,23.4,bu/ac
1991,213,Canola,22.6,bu/ac
1992,213,Canola,19.1,bu/ac
1993,213,Canola,23.2,bu/ac
1994,213,Canola,21.6,bu/ac
1995,213,Canola,15.9,bu/ac
1996,213,Canola,24.7,bu/ac
1997,213,Canola,24.1,bu/ac
1998,213,Canola,22.6,bu/ac
1999,213,Canola,24.4,bu/ac
2000,213,Canola,24.4,bu/ac
2001,213,Canola,21.3,bu/ac
2002,213,Canola,24.5,bu/ac
2003,213,Canola,21.6,bu/ac
2004,213,Canola,16.7,bu/ac
2005,213,Canola,28.6,bu/ac
2006,213,Canola,23.3,bu/ac
2007,213,Canola,23.2,bu/ac
2008,213,Canola,34,bu/ac
2009,213,Canola,38.3,bu/ac
2010,213,Canola,29.6,bu/ac
2011,213,Canola,28.8,bu/ac
2012,213,Canola,20.5,bu/ac
2013,213,Canola,33.6,bu/ac
2014,213,Canola,28.87,bu/ac
2015,213,Canola,41.08,bu/ac
2016,213,Canola,39.7,bu/ac
2017,213,Canola,35.85,bu/ac
2018,213,Canola,35.9,bu/ac
2019,213,Canola,45.8,bu/ac
2020,213,Canola,40.3,bu/ac
2021,213,Canola,28.8,bu/ac
2022,213,Canola,42.9,bu/ac
2023,213,Canola,43.1,bu/ac
2024,213,Canola,35.9,bu/ac
2025,213,Canola,50.3,bu/ac
1990,214,Canola,17,bu/ac
1991,214,Canola,18.1,bu/ac
1992,214,Canola,17.2,bu/ac
1993,214,Canola,18.6,bu/ac
1994,214,Canola,20.4,bu/ac
1995,214,Canola,13.5,bu/ac
1996,214,Canola,26.8,bu/ac
1997,214,Canola,19.3,bu/ac
1998,214,Canola,19.8,bu/ac
1999,214,Canola,27.1,bu/ac
2000,214,Canola,25.3,bu/ac
2001,214,Canola,19,bu/ac
2002,214,Canola,25.3,bu/ac
2003,214,Canola,22.4,bu/ac
2004,214,Canola,19.4,bu/ac
2005,214,Canola,24.7,bu/ac
2006,214,Canola,27,bu/ac
2007,214,Canola,23.8,bu/ac
2008,214,Canola,30,bu/ac
2009,214,Canola,39.4,bu/ac
2010,214,Canola,26.1,bu/ac
2011,214,Canola,29.5,bu/ac
2012,214,Canola,20.4,bu/ac
2013,214,Canola,33,bu/ac
2014,214,Canola,27.04,bu/ac
2015,214,Canola,32.76,bu/ac
2016,214,Canola,38,bu/ac
2017,214,Canola,31.24,bu/ac
2018,214,Canola,36.1,bu/ac
2019,214,Canola,46.4,bu/ac
2020,214,Canola,35.7,bu/ac
2021,214,Canola,26.6,bu/ac
2022,214,Canola,42.4,bu/ac
2023,214,Canola,43.5,bu/ac
2024,214,Canola,33.9,bu/ac
2025,214,Canola,44.5,bu/ac
1990,215,Canola,16,bu/ac
1991,215,Canola,26.2,bu/ac
1992,215,Canola,20,bu/ac
1993,215,Canola,23.9,bu/ac
1994,215,Canola,18,bu/ac
1995,215,Canola,11.9,bu/ac
1996,215,Canola,24.1,bu/ac
1997,215,Canola,20.6,bu/ac
1998,215,Canola,26.4,bu/ac
1999,215,Canola,26.7,bu/ac
2000,215,Canola,27.3,bu/ac
2001,215,Canola,21.7,bu/ac
2002,215,Canola,25.2,bu/ac
2003,215,Canola,19.2,bu/ac
2004,215,Canola,14.5,bu/ac
2005,215,Canola,27.9,bu/ac
2006,215,Canola,24,bu/ac
2008,215,Canola,25.6,bu/ac
2009,215,Canola,38.5,bu/ac
2010,215,Canola,24.1,bu/ac
2011,215,Canola,25.5,bu/ac
2012,215,Canola,23.5,bu/ac
2013,215,Canola,35.9,bu/ac
2014,215,Canola,22.84,bu/ac
2015,215,Canola,31.91,bu/ac
2016,215,Canola,40.8,bu/ac
2017,215,Canola,30.1,bu/ac
2018,215,Canola,35.5,bu/ac
2019,215,Canola,46,bu/ac
2020,215,Canola,36,bu/ac
2021,215,Canola,30.2,bu/ac
2022,215,Canola,45.5,bu/ac
2023,215,Canola,44,bu/ac
2024,215,Canola,36.8,bu/ac
2025,215,Canola,51,bu/ac
1990,216,Canola,23.3,bu/ac
1991,216,Canola,25.5,bu/ac
1992,216,Canola,19.6,bu/ac
1993,216,Canola,25.3,bu/ac
1994,216,Canola,18.1,bu/ac
1995,216,Canola,15.9,bu/ac
1996,216,Canola,26.6,bu/ac
1997,216,Canola,24.1,bu/ac
1998,216,Canola,19.4,bu/ac
1999,216,Canola,27.5,bu/ac
2000,216,Canola,29.1,bu/ac
2001,216,Canola,17.3,bu/ac
2002,216,Canola,17.4,bu/ac
2003,216,Canola,18,bu/ac
2004,216,Canola,18.1,bu/ac
2005,216,Canola,32.9,bu/ac
2006,216,Canola,23.2,bu/ac
2007,216,Canola,22,bu/ac
2008,216,Canola,33.3,bu/ac
2009,216,Canola,30.7,bu/ac
2010,216,Canola,23.3,bu/ac
2011,216,Canola,25.7,bu/ac
2012,216,Canola,19.5,bu/ac
2013,216,Canola,37.2,bu/ac
2014,216,Canola,28.56,bu/ac
2015,216,Canola,36.41,bu/ac
2016,216,Canola,34.2,bu/ac
2017,216,Canola,32.5,bu/ac
2018,216,Canola,36.2,bu/ac
2019,216,Canola,40.3,bu/ac
2020,216,Canola,39.5,bu/ac
2021,216,Canola,27.3,bu/ac
2022,216,Canola,47.4,bu/ac
2023,216,Canola,37.2,bu/ac
2024,216,Canola,34.4,bu/ac
2025,216,Canola,45.3,bu/ac
1990,217,Canola,17.5,bu/ac
1991,217,Canola,25,bu/ac
1992,217,Canola,19.5,bu/ac
1993,217,Canola,25.8,bu/ac
1994,217,Canola,18.1,bu/ac
1995,217,Canola,11.7,bu/ac
1996,217,Canola,24,bu/ac
1997,217,Canola,17.9,bu/ac
1998,217,Canola,23.1,bu/ac
1999,217,Canola,27.1,bu/ac
2000,217,Canola,26.1,bu/ac
2001,217,Canola,21.7,bu/ac
2002,217,Canola,15.4,bu/ac
2003,217,Canola,20.4,bu/ac
2004,217,Canola,15.4,bu/ac
2005,217,Canola,25.7,bu/ac
2006,217,Canola,26.1,bu/ac
2007,217,Canola,25.3,bu/ac
2008,217,Canola,33.8,bu/ac
2009,217,Canola,31.1,bu/ac
2010,217,Canola,30.1,bu/ac
2011,217,Canola,24.8,bu/ac
2012,217,Canola,21.2,bu/ac
2013,217,Canola,37.3,bu/ac
2014,217,Canola,26.84,bu/ac
2015,217,Canola,34.23,bu/ac
2016,217,Canola,41.9,bu/ac
2017,217,Canola,35.71,bu/ac
2018,217,Canola,40.9,bu/ac
2019,217,Canola,40,bu/ac
2020,217,Canola,40.7,bu/ac
2021,217,Canola,31.2,bu/ac
2022,217,Canola,52.3,bu/ac
2023,217,Canola,40.3,bu/ac
2024,217,Canola,37.5,bu/ac
2025,217,Canola,45.1,bu/ac
1990,218,Canola,14,bu/ac
1991,218,Canola,21.7,bu/ac
1992,218,Canola,30,bu/ac
1993,218,Canola,24.7,bu/ac
1994,218,Canola,23.7,bu/ac
1995,218,Canola,14.4,bu/ac
1996,218,Canola,25.2,bu/ac
1997,218,Canola,18.9,bu/ac
1998,218,Canola,21.2,bu/ac
1999,218,Canola,23,bu/ac
2000,218,Canola,24.6,bu/ac
2001,218,Canola,15.5,bu/ac
2002,218,Canola,13.5,bu/ac
2003,218,Canola,18.1,bu/ac
2004,218,Canola,28.3,bu/ac
2005,218,Canola,31.6,bu/ac
2006,218,Canola,23.6,bu/ac
2007,218,Canola,18.8,bu/ac
2008,218,Canola,30.7,bu/ac
2009,218,Canola,31.7,bu/ac
2010,218,Canola,28.6,bu/ac
2011,218,Canola,29,bu/ac
2012,218,Canola,22.6,bu/ac
2013,218,Canola,37.3,bu/ac
2014,218,Canola,29.46,bu/ac
2015,218,Canola,35.89,bu/ac
2016,218,Canola,34.2,bu/ac
2017,218,Canola,34.95,bu/ac
2018,218,Canola,34.6,bu/ac
2019,218,Canola,44.7,bu/ac
2020,218,Canola,44.5,bu/ac
2021,218,Canola,27.9,bu/ac
2022,218,Canola,45.2,bu/ac
2023,218,Canola,43.5,bu/ac
2024,218,Canola,38.5,bu/ac
2025,218,Canola,43.9,bu/ac
1990,219,Canola,22,bu/ac
1991,219,Canola,25.6,bu/ac
1992,219,Canola,36,bu/ac
1993,219,Canola,20.4,bu/ac
1994,219,Canola,22.1,bu/ac
1995,219,Canola,22,bu/ac
1996,219,Canola,20.5,bu/ac
1997,219,Canola,16.4,bu/ac
1998,219,Canola,21.2,bu/ac
1999,219,Canola,26.1,bu/ac
2000,219,Canola,25.7,bu/ac
2001,219,Canola,15,bu/ac
2002,219,Canola,10.5,bu/ac
2003,219,Canola,13.7,bu/ac
2004,219,Canola,29.2,bu/ac
2005,219,Canola,27.7,bu/ac
2006,219,Canola,19.6,bu/ac
2007,219,Canola,18.7,bu/ac
2008,219,Canola,26.9,bu/ac
2009,219,Canola,34.4,bu/ac
2010,219,Canola,27.3,bu/ac
2011,219,Canola,27.8,bu/ac
2012,219,Canola,21.6,bu/ac
2013,219,Canola,39.5,bu/ac
2014,219,Canola,28.27,bu/ac
2015,219,Canola,31.65,bu/ac
2016,219,Canola,37.1,bu/ac
2017,219,Canola,33.74,bu/ac
2018,219,Canola,33.7,bu/ac
2019,219,Canola,40.9,bu/ac
2020,219,Canola,35,bu/ac
2021,219,Canola,23.8,bu/ac
2022,219,Canola,41.1,bu/ac
2023,219,Canola,37.8,bu/ac
2024,219,Canola,35.1,bu/ac
2025,219,Canola,42.6,bu/ac
1990,220,Canola,24,bu/ac
1991,220,Canola,21.9,bu/ac
1992,220,Canola,28,bu/ac
1993,220,Canola,27.8,bu/ac
1994,220,Canola,19,bu/ac
1995,220,Canola,19.8,bu/ac
1996,220,Canola,25.3,bu/ac
1997,220,Canola,19.6,bu/ac
1998,220,Canola,19.9,bu/ac
1999,220,Canola,24.9,bu/ac
2000,220,Canola,27,bu/ac
2001,220,Canola,14.8,bu/ac
2002,220,Canola,12.1,bu/ac
2003,220,Canola,18.2,bu/ac
2004,220,Canola,29.8,bu/ac
2005,220,Canola,29.9,bu/ac
2006,220,Canola,27,bu/ac
2007,220,Canola,22.7,bu/ac
2008,220,Canola,29.5,bu/ac
2009,220,Canola,31.5,bu/ac
2010,220,Canola,33.3,bu/ac
2011,220,Canola,34.4,bu/ac
2012,220,Canola,23.2,bu/ac
2013,220,Canola,40.3,bu/ac
2014,220,Canola,24.52,bu/ac
2015,220,Canola,36.87,bu/ac
2016,220,Canola,41.4,bu/ac
2017,220,Canola,29.91,bu/ac
2018,220,Canola,33.3,bu/ac
2019,220,Canola,44.4,bu/ac
2020,220,Canola,31.6,bu/ac
2021,220,Canola,23.4,bu/ac
2022,220,Canola,42.5,bu/ac
2023,220,Canola,35.1,bu/ac
2024,220,Canola,31.3,bu/ac
2025,220,Canola,37.7,bu/ac
1990,221,Canola,20,bu/ac
1991,221,Canola,25.3,bu/ac
1992,221,Canola,32,bu/ac
1993,221,Canola,27.4,bu/ac
1994,221,Canola,22.1,bu/ac
1995,221,Canola,18,bu/ac
1996,221,Canola,21.3,bu/ac
1997,221,Canola,17.4,bu/ac
1998,221,Canola,24,bu/ac
1999,221,Canola,25.8,bu/ac
2000,221,Canola,24.4,bu/ac
2001,221,Canola,10.7,bu/ac
2002,221,Canola,12.2,bu/ac
2003,221,Canola,11,bu/ac
2004,221,Canola,15.1,bu/ac
2005,221,Canola,23.3,bu/ac
2006,221,Canola,22.1,bu/ac
2007,221,Canola,18.8,bu/ac
2008,221,Canola,24.6,bu/ac
2009,221,Canola,31.5,bu/ac
2010,221,Canola,29.7,bu/ac
2011,221,Canola,32.1,bu/ac
2012,221,Canola,23.3,bu/ac
2013,221,Canola,36.1,bu/ac
2014,221,Canola,26.92,bu/ac
2015,221,Canola,36.17,bu/ac
2016,221,Canola,35.3,bu/ac
2017,221,Canola,35.93,bu/ac
2018,221,Canola,35.9,bu/ac
2019,221,Canola,42.5,bu/ac
2020,221,Canola,31.1,bu/ac
2021,221,Canola,14.6,bu/ac
2022,221,Canola,33.5,bu/ac
2023,221,Canola,26.4,bu/ac
2024,221,Canola,30.7,bu/ac
2025,221,Canola,30.6,bu/ac
1990,222,Canola,25.5,bu/ac
1991,222,Canola,35,bu/ac
1992,222,Canola,37,bu/ac
1993,222,Canola,35.2,bu/ac
1994,222,Canola,26.2,bu/ac
1995,222,Canola,21.6,bu/ac
1996,222,Canola,22.9,bu/ac
1997,222,Canola,21,bu/ac
1998,222,Canola,23.9,bu/ac
1999,222,Canola,28.5,bu/ac
2000,222,Canola,24.4,bu/ac
2001,222,Canola,16.4,bu/ac
2002,222,Canola,13.6,bu/ac
2003,222,Canola,14.5,bu/ac
2004,222,Canola,23.5,bu/ac
2005,222,Canola,29.5,bu/ac
2006,222,Canola,24.9,bu/ac
2007,222,Canola,21.4,bu/ac
2008,222,Canola,26.5,bu/ac
2009,222,Canola,36.5,bu/ac
2010,222,Canola,32.8,bu/ac
2011,222,Canola,33.2,bu/ac
2012,222,Canola,22.9,bu/ac
2013,222,Canola,44.7,bu/ac
2014,222,Canola,32.6,bu/ac
2015,222,Canola,41.79,bu/ac
2016,222,Canola,46.5,bu/ac
2017,222,Canola,31.08,bu/ac
2018,222,Canola,37,bu/ac
2019,222,Canola,48.9,bu/ac
2020,222,Canola,41.5,bu/ac
2021,222,Canola,16.7,bu/ac
2022,222,Canola,33.6,bu/ac
2023,222,Canola,25.2,bu/ac
2024,222,Canola,33.4,bu/ac
2025,222,Canola,31.8,bu/ac
1990,223,Canola,14,bu/ac
1991,223,Canola,21.4,bu/ac
1992,223,Canola,32,bu/ac
1993,223,Canola,35,bu/ac
1994,223,Canola,23.4,bu/ac
1995,223,Canola,17.9,bu/ac
1996,223,Canola,23.5,bu/ac
1997,223,Canola,21.4,bu/ac
1998,223,Canola,25.2,bu/ac
1999,223,Canola,35.2,bu/ac
2000,223,Canola,25,bu/ac
2001,223,Canola,11.4,bu/ac
2002,223,Canola,6.7,bu/ac
2003,223,Canola,13.5,bu/ac
2004,223,Canola,20.3,bu/ac
2005,223,Canola,27.5,bu/ac
2006,223,Canola,22,bu/ac
2007,223,Canola,13.7,bu/ac
2008,223,Canola,22.1,bu/ac
2009,223,Canola,30.1,bu/ac
2010,223,Canola,28.6,bu/ac
2011,223,Canola,25.6,bu/ac
2012,223,Canola,26.3,bu/ac
2013,223,Canola,37.5,bu/ac
2014,223,Canola,30.91,bu/ac
2015,223,Canola,39.04,bu/ac
2016,223,Canola,44.3,bu/ac
2017,223,Canola,27.36,bu/ac
2018,223,Canola,34.1,bu/ac
2019,223,Canola,40.3,bu/ac
2020,223,Canola,34,bu/ac
2021,223,Canola,12.4,bu/ac
2022,223,Canola,20.5,bu/ac
2023,223,Canola,16.2,bu/ac
2024,223,Canola,33.8,bu/ac
2025,223,Canola,39.2,bu/ac
1990,224,Canola,20,bu/ac
1991,224,Canola,37.8,bu/ac
1992,224,Canola,36.9,bu/ac
1993,224,Canola,30.3,bu/ac
1994,224,Canola,23.5,bu/ac
1995,224,Canola,21,bu/ac
1996,224,Canola,23.2,bu/ac
1997,224,Canola,26.8,bu/ac
1998,224,Canola,22.7,bu/ac
1999,224,Canola,31.1,bu/ac
2000,224,Canola,27.5,bu/ac
2001,224,Canola,17.1,bu/ac
2002,224,Canola,10.1,bu/ac
2003,224,Canola,11,bu/ac
2004,224,Canola,26.6,bu/ac
2005,224,Canola,21.8,bu/ac
2006,224,Canola,32.8,bu/ac
2007,224,Canola,14.4,bu/ac
2008,224,Canola,23.3,bu/ac
2009,224,Canola,20.7,bu/ac
2010,224,Canola,31.4,bu/ac
2011,224,Canola,31,bu/ac
2012,224,Canola,23.4,bu/ac
2013,224,Canola,40.3,bu/ac
2014,224,Canola,24.23,bu/ac
2015,224,Canola,34.82,bu/ac
2016,224,Canola,50.7,bu/ac
2017,224,Canola,37.22,bu/ac
2018,224,Canola,42,bu/ac
2019,224,Canola,48.4,bu/ac
2020,224,Canola,42.6,bu/ac
2021,224,Canola,26,bu/ac
2022,224,Canola,29.3,bu/ac
2023,224,Canola,25.4,bu/ac
2024,224,Canola,39,bu/ac
2025,224,Canola,44.7,bu/ac
1990,225,Canola,18,bu/ac
1991,225,Canola,30.4,bu/ac
1992,225,Canola,20,bu/ac
1993,225,Canola,28.1,bu/ac
1994,225,Canola,21.4,bu/ac
1995,225,Canola,22.6,bu/ac
1996,225,Canola,24.6,bu/ac
1997,225,Canola,17.1,bu/ac
1998,225,Canola,21.9,bu/ac
1999,225,Canola,29.6,bu/ac
2000,225,Canola,24.1,bu/ac
2001,225,Canola,12,bu/ac
2002,225,Canola,26,bu/ac
2003,225,Canola,11.6,bu/ac
2004,225,Canola,25,bu/ac
2005,225,Canola,23.4,bu/ac
2006,225,Canola,23.9,bu/ac
2007,225,Canola,20.6,bu/ac
2008,225,Canola,21,bu/ac
2009,225,Canola,27.9,bu/ac
2010,225,Canola,26.4,bu/ac
2011,225,Canola,34.3,bu/ac
2012,225,Canola,26.2,bu/ac
2013,225,Canola,32.7,bu/ac
2014,225,Canola,35.47,bu/ac
2015,225,Canola,32.35,bu/ac
2016,225,Canola,41.5,bu/ac
2017,225,Canola,28.98,bu/ac
2018,225,Canola,31.8,bu/ac
2019,225,Canola,31.9,bu/ac
2020,225,Canola,37.3,bu/ac
2021,225,Canola,11.4,bu/ac
2022,225,Canola,16.9,bu/ac
2023,225,Canola,13.9,bu/ac
2024,225,Canola,30,bu/ac
2025,225,Canola,54.8,bu/ac
1990,226,Canola,20,bu/ac
1991,226,Canola,22,bu/ac
1992,226,Canola,20,bu/ac
1993,226,Canola,30,bu/ac
1994,226,Canola,23,bu/ac
1995,226,Canola,19.7,bu/ac
1996,226,Canola,22.5,bu/ac
1997,226,Canola,22.6,bu/ac
1998,226,Canola,24.2,bu/ac
1999,226,Canola,31.9,bu/ac
2000,226,Canola,25.5,bu/ac
2001,226,Canola,15.5,bu/ac
2002,226,Canola,16.4,bu/ac
2003,226,Canola,6.2,bu/ac
2004,226,Canola,18.9,bu/ac
2005,226,Canola,28.8,bu/ac
2006,226,Canola,21,bu/ac
2007,226,Canola,17.7,bu/ac
2008,226,Canola,22.5,bu/ac
2010,226,Canola,38.4,bu/ac
2011,226,Canola,36.4,bu/ac
2012,226,Canola,26.7,bu/ac
2013,226,Canola,36.5,bu/ac
2014,226,Canola,41.99,bu/ac
2015,226,Canola,35.96,bu/ac
2016,226,Canola,46.7,bu/ac
2017,226,Canola,28.03,bu/ac
2018,226,Canola,28,bu/ac
2019,226,Canola,34.8,bu/ac
2020,226,Canola,34,bu/ac
2021,226,Canola,12.5,bu/ac
2022,226,Canola,11.6,bu/ac
2023,226,Canola,15.9,bu/ac
2024,226,Canola,30.5,bu/ac
2025,226,Canola,51.6,bu/ac
1991,228,Canola,30,bu/ac
1992,228,Canola,20,bu/ac
1993,228,Canola,19,bu/ac
1994,228,Canola,20.5,bu/ac
1995,228,Canola,22.9,bu/ac
1997,228,Canola,21.7,bu/ac
1998,228,Canola,8,bu/ac
1999,228,Canola,29.3,bu/ac
2000,228,Canola,27.8,bu/ac
2001,228,Canola,9.9,bu/ac
2002,228,Canola,16.1,bu/ac
2003,228,Canola,11.9,bu/ac
2004,228,Canola,45.5,bu/ac
2005,228,Canola,31.7,bu/ac
2006,228,Canola,22.2,bu/ac
2007,228,Canola,25.7,bu/ac
2008,228,Canola,37.1,bu/ac
2009,228,Canola,37.9,bu/ac
2010,228,Canola,43.9,bu/ac
2011,228,Canola,42.2,bu/ac
2012,228,Canola,30.1,bu/ac
2013,228,Canola,39,bu/ac
2014,228,Canola,44.18,bu/ac
2015,228,Canola,37.07,bu/ac
2016,228,Canola,37.8,bu/ac
2017,228,Canola,32.21,bu/ac
2018,228,Canola,32.2,bu/ac
2019,228,Canola,24.4,bu/ac
2020,228,Canola,28.7,bu/ac
2021,228,Canola,9.9,bu/ac
2022,228,Canola,8,bu/ac
2023,228,Canola,13,bu/ac
2024,228,Canola,19.1,bu/ac
2025,228,Canola,46.6,bu/ac
1993,229,Canola,22,bu/ac
1994,229,Canola,23.1,bu/ac
1995,229,Canola,22.2,bu/ac
1996,229,Canola,28,bu/ac
1997,229,Canola,21.4,bu/ac
1998,229,Canola,13.6,bu/ac
1999,229,Canola,39.9,bu/ac
2000,229,Canola,39,bu/ac
2003,229,Canola,22.1,bu/ac
2004,229,Canola,33.5,bu/ac
2005,229,Canola,34.9,bu/ac
2006,229,Canola,28.6,bu/ac
2007,229,Canola,30.6,bu/ac
2008,229,Canola,37,bu/ac
2009,229,Canola,37.9,bu/ac
2010,229,Canola,37.2,bu/ac
2011,229,Canola,38.4,bu/ac
2012,229,Canola,32,bu/ac
2013,229,Canola,42,bu/ac
2014,229,Canola,41.33,bu/ac
2015,229,Canola,30.21,bu/ac
2016,229,Canola,55.5,bu/ac
2017,229,Canola,28.52,bu/ac
2018,229,Canola,28.5,bu/ac
2019,229,Canola,24.6,bu/ac
2020,229,Canola,27.9,bu/ac
2021,229,Canola,10.5,bu/ac
2022,229,Canola,9,bu/ac
2023,229,Canola,7.6,bu/ac
2024,229,Canola,21.2,bu/ac
2025,229,Canola,38.1,bu/ac
1994,230,Canola,20,bu/ac
1995,230,Canola,25,bu/ac
1996,230,Canola,23,bu/ac
1997,230,Canola,16.6,bu/ac
1998,230,Canola,20,bu/ac
1999,230,Canola,33.2,bu/ac
2000,230,Canola,23.5,bu/ac
2001,230,Canola,10,bu/ac
2004,230,Canola,33.4,bu/ac
2005,230,Canola,32.3,bu/ac
2006,230,Canola,23.3,bu/ac
2007,230,Canola,12.4,bu/ac
2010,230,Canola,40.1,bu/ac
2011,230,Canola,37.2,bu/ac
2012,230,Canola,27.1,bu/ac
2013,230,Canola,40.7,bu/ac
2014,230,Canola,32.91,bu/ac
2015,230,Canola,20.58,bu/ac
2016,230,Canola,50.8,bu/ac
2017,230,Canola,23.29,bu/ac
2018,230,Canola,22.8,bu/ac
2019,230,Canola,19.4,bu/ac
2020,230,Canola,24.5,bu/ac
2021,230,Canola,12.8,bu/ac
2022,230,Canola,16.2,bu/ac
2023,230,Canola,11.6,bu/ac
2024,230,Canola,16.6,bu/ac
2025,230,Canola,38.6,bu/ac
1993,231,Canola,35,bu/ac
1994,231,Canola,22,bu/ac
1995,231,Canola,30,bu/ac
1997,231,Canola,24.8,bu/ac
1999,231,Canola,31.6,bu/ac
2000,231,Canola,27.3,bu/ac
2004,231,Canola,31.2,bu/ac
2005,231,Canola,40.2,bu/ac
2006,231,Canola,35.1,bu/ac
2007,231,Canola,33.4,bu/ac
2009,231,Canola,39,bu/ac
2010,231,Canola,35.5,bu/ac
2011,231,Canola,38.2,bu/ac
2012,231,Canola,29.1,bu/ac
2013,231,Canola,36.2,bu/ac
2014,231,Canola,36.96,bu/ac
2015,231,Canola,27.82,bu/ac
2016,231,Canola,50.5,bu/ac
2017,231,Canola,32.71,bu/ac
2018,231,Canola,36,bu/ac
2019,231,Canola,21.9,bu/ac
2020,231,Canola,20.5,bu/ac
2021,231,Canola,20.7,bu/ac
2022,231,Canola,22.2,bu/ac
2023,231,Canola,9.8,bu/ac
2024,231,Canola,20.3,bu/ac
2025,231,Canola,19.6,bu/ac
1993,232,Canola,30,bu/ac
1994,232,Canola,20,bu/ac
1995,232,Canola,30,bu/ac
1996,232,Canola,23,bu/ac
1997,232,Canola,14.5,bu/ac
1998,232,Canola,6.5,bu/ac
2001,232,Canola,6,bu/ac
2002,232,Canola,10,bu/ac
2003,232,Canola,24,bu/ac
2004,232,Canola,33.8,bu/ac
2005,232,Canola,40.7,bu/ac
2006,232,Canola,32.2,bu/ac
2007,232,Canola,20,bu/ac
2008,232,Canola,37.5,bu/ac
2009,232,Canola,23.7,bu/ac
2010,232,Canola,38.8,bu/ac
2011,232,Canola,31.7,bu/ac
2012,232,Canola,32.2,bu/ac
2013,232,Canola,37.9,bu/ac
2014,232,Canola,37.16,bu/ac
2015,232,Canola,32.34,bu/ac
2016,232,Canola,43.9,bu/ac
2017,232,Canola,30,bu/ac
2018,232,Canola,38,bu/ac
2019,232,Canola,21.2,bu/ac
2020,232,Canola,18.5,bu/ac
2021,232,Canola,14.3,bu/ac
2022,232,Canola,18.4,bu/ac
2023,232,Canola,14.3,bu/ac
2024,232,Canola,20.6,bu/ac
2025,232,Canola,39.7,bu/ac
1990,241,Canola,26.6,bu/ac
1991,241,Canola,18.6,bu/ac
1992,241,Canola,13.8,bu/ac
1993,241,Canola,23.3,bu/ac
1994,241,Canola,16.9,bu/ac
1995,241,Canola,13.9,bu/ac
1996,241,Canola,25.2,bu/ac
1997,241,Canola,21.2,bu/ac
1998,241,Canola,23.8,bu/ac
1999,241,Canola,29.2,bu/ac
2000,241,Canola,27.7,bu/ac
2001,241,Canola,24.6,bu/ac
2002,241,Canola,20.9,bu/ac
2003,241,Canola,19.6,bu/ac
2004,241,Canola,18.2,bu/ac
2005,241,Canola,23.1,bu/ac
2006,241,Canola,23.3,bu/ac
2007,241,Canola,27.6,bu/ac
2008,241,Canola,33.5,bu/ac
2009,241,Canola,28.4,bu/ac
2010,241,Canola,21,bu/ac
2011,241,Canola,27.5,bu/ac
2012,241,Canola,16,bu/ac
2013,241,Canola,37.6,bu/ac
2014,241,Canola,27.02,bu/ac
2015,241,Canola,36.05,bu/ac
2016,241,Canola,39.1,bu/ac
2017,241,Canola,39.16,bu/ac
2018,241,Canola,39.2,bu/ac
2019,241,Canola,40,bu/ac
2020,241,Canola,39.5,bu/ac
2021,241,Canola,25.8,bu/ac
2022,241,Canola,42.9,bu/ac
2023,241,Canola,38.8,bu/ac
2024,241,Canola,36,bu/ac
2025,241,Canola,50.4,bu/ac
1990,243,Canola,26.4,bu/ac
1991,243,Canola,26.9,bu/ac
1992,243,Canola,19.7,bu/ac
1993,243,Canola,22.7,bu/ac
1994,243,Canola,20.3,bu/ac
1995,243,Canola,13.4,bu/ac
1996,243,Canola,24.5,bu/ac
1997,243,Canola,22.4,bu/ac
1998,243,Canola,21.1,bu/ac
1999,243,Canola,28.8,bu/ac
2000,243,Canola,28.5,bu/ac
2001,243,Canola,21.3,bu/ac
2002,243,Canola,21.7,bu/ac
2003,243,Canola,20.9,bu/ac
2004,243,Canola,18.6,bu/ac
2005,243,Canola,29.5,bu/ac
2006,243,Canola,25.1,bu/ac
2007,243,Canola,25.8,bu/ac
2008,243,Canola,32.9,bu/ac
2009,243,Canola,38.5,bu/ac
2010,243,Canola,25.1,bu/ac
2011,243,Canola,32.7,bu/ac
2012,243,Canola,21.6,bu/ac
2013,243,Canola,38,bu/ac
2014,243,Canola,37.28,bu/ac
2015,243,Canola,41.19,bu/ac
2016,243,Canola,51.8,bu/ac
2017,243,Canola,47.97,bu/ac
2018,243,Canola,48,bu/ac
2019,243,Canola,45.2,bu/ac
2020,243,Canola,42.8,bu/ac
2021,243,Canola,25.3,bu/ac
2022,243,Canola,43.9,bu/ac
2023,243,Canola,40.8,bu/ac
2024,243,Canola,36,bu/ac
2025,243,Canola,46.6,bu/ac
1990,244,Canola,22,bu/ac
1991,244,Canola,25.9,bu/ac
1992,244,Canola,21.5,bu/ac
1993,244,Canola,24.9,bu/ac
1994,244,Canola,20,bu/ac
1995,244,Canola,17.9,bu/ac
1996,244,Canola,23.8,bu/ac
1997,244,Canola,24.6,bu/ac
1998,244,Canola,23.6,bu/ac
1999,244,Canola,27.2,bu/ac
2000,244,Canola,29,bu/ac
2001,244,Canola,21.9,bu/ac
2002,244,Canola,29.8,bu/ac
2003,244,Canola,20.6,bu/ac
2004,244,Canola,25.8,bu/ac
2005,244,Canola,30.5,bu/ac
2006,244,Canola,41.5,bu/ac
2007,244,Canola,24.9,bu/ac
2008,244,Canola,33.5,bu/ac
2009,244,Canola,41.9,bu/ac
2010,244,Canola,24.3,bu/ac
2011,244,Canola,31,bu/ac
2012,244,Canola,25.7,bu/ac
2013,244,Canola,39.7,bu/ac
2014,244,Canola,31.5,bu/ac
2015,244,Canola,38.5,bu/ac
2016,244,Canola,41.3,bu/ac
2017,244,Canola,41.96,bu/ac
2018,244,Canola,42,bu/ac
2019,244,Canola,50,bu/ac
2020,244,Canola,39.5,bu/ac
2021,244,Canola,28.8,bu/ac
2022,244,Canola,47.6,bu/ac
2023,244,Canola,43.9,bu/ac
2024,244,Canola,38.8,bu/ac
2025,244,Canola,50.3,bu/ac
1990,245,Canola,21.3,bu/ac
1991,245,Canola,23.6,bu/ac
1992,245,Canola,24.1,bu/ac
1993,245,Canola,20.4,bu/ac
1994,245,Canola,16.8,bu/ac
1995,245,Canola,11.9,bu/ac
1996,245,Canola,22.7,bu/ac
1997,245,Canola,18.8,bu/ac
1998,245,Canola,22.4,bu/ac
1999,245,Canola,27,bu/ac
2000,245,Canola,18.3,bu/ac
2001,245,Canola,19.8,bu/ac
2002,245,Canola,25.3,bu/ac
2003,245,Canola,25.3,bu/ac
2004,245,Canola,21.4,bu/ac
2005,245,Canola,27,bu/ac
2006,245,Canola,23.2,bu/ac
2007,245,Canola,20.4,bu/ac
2008,245,Canola,31.1,bu/ac
2009,245,Canola,29.4,bu/ac
2010,245,Canola,21.3,bu/ac
2011,245,Canola,25.8,bu/ac
2012,245,Canola,21.2,bu/ac
2013,245,Canola,38.1,bu/ac
2014,245,Canola,24.81,bu/ac
2015,245,Canola,32.91,bu/ac
2016,245,Canola,39.6,bu/ac
2017,245,Canola,35.89,bu/ac
2018,245,Canola,39.5,bu/ac
2019,245,Canola,44.8,bu/ac
2020,245,Canola,40.5,bu/ac
2021,245,Canola,27,bu/ac
2022,245,Canola,42.8,bu/ac
2023,245,Canola,40.6,bu/ac
2024,245,Canola,36.9,bu/ac
2025,245,Canola,47.5,bu/ac
1990,246,Canola,14.2,bu/ac
1991,246,Canola,21,bu/ac
1992,246,Canola,17.5,bu/ac
1993,246,Canola,18.1,bu/ac
1994,246,Canola,17,bu/ac
1995,246,Canola,13.4,bu/ac
1996,246,Canola,22.2,bu/ac
1997,246,Canola,19.2,bu/ac
1998,246,Canola,22.5,bu/ac
1999,246,Canola,20.3,bu/ac
2000,246,Canola,23.4,bu/ac
2001,246,Canola,19.7,bu/ac
2002,246,Canola,19.2,bu/ac
2003,246,Canola,25,bu/ac
2004,246,Canola,15.9,bu/ac
2005,246,Canola,23.7,bu/ac
2006,246,Canola,15.4,bu/ac
2007,246,Canola,15.5,bu/ac
2008,246,Canola,34.8,bu/ac
2009,246,Canola,32.4,bu/ac
2010,246,Canola,21.7,bu/ac
2011,246,Canola,27.8,bu/ac
2012,246,Canola,17.7,bu/ac
2013,246,Canola,36.1,bu/ac
2014,246,Canola,24.55,bu/ac
2015,246,Canola,28.34,bu/ac
2016,246,Canola,48.1,bu/ac
2017,246,Canola,34,bu/ac
2018,246,Canola,34.3,bu/ac
2019,246,Canola,31,bu/ac
2020,246,Canola,38.7,bu/ac
2021,246,Canola,30.6,bu/ac
2022,246,Canola,41.7,bu/ac
2023,246,Canola,42.6,bu/ac
2024,246,Canola,35.3,bu/ac
2025,246,Canola,42.1,bu/ac
1990,247,Canola,21.4,bu/ac
1991,247,Canola,20.9,bu/ac
1992,247,Canola,13.9,bu/ac
1993,247,Canola,18.3,bu/ac
1994,247,Canola,24,bu/ac
1995,247,Canola,14.5,bu/ac
1996,247,Canola,23.6,bu/ac
1997,247,Canola,21.4,bu/ac
1998,247,Canola,20.3,bu/ac
1999,247,Canola,24,bu/ac
2000,247,Canola,24.8,bu/ac
2001,247,Canola,18,bu/ac
2002,247,Canola,17.3,bu/ac
2003,247,Canola,20.5,bu/ac
2004,247,Canola,15.6,bu/ac
2005,247,Canola,32.5,bu/ac
2006,247,Canola,18.1,bu/ac
2007,247,Canola,25.5,bu/ac
2008,247,Canola,31.1,bu/ac
2009,247,Canola,32.6,bu/ac
2010,247,Canola,30.1,bu/ac
2011,247,Canola,28.8,bu/ac
2012,247,Canola,25.8,bu/ac
2013,247,Canola,38.1,bu/ac
2014,247,Canola,26.99,bu/ac
2015,247,Canola,30.06,bu/ac
2016,247,Canola,37.6,bu/ac
2017,247,Canola,31.77,bu/ac
2018,247,Canola,37.3,bu/ac
2019,247,Canola,39.2,bu/ac
2020,247,Canola,42.7,bu/ac
2021,247,Canola,27.7,bu/ac
2022,247,Canola,43.2,bu/ac
2023,247,Canola,45,bu/ac
2024,247,Canola,35.7,bu/ac
2025,247,Canola,46.2,bu/ac
1990,248,Canola,13.3,bu/ac
1991,248,Canola,20,bu/ac
1992,248,Canola,17.4,bu/ac
1993,248,Canola,12.7,bu/ac
1994,248,Canola,15.2,bu/ac
1995,248,Canola,15.6,bu/ac
1996,248,Canola,20,bu/ac
1997,248,Canola,16.5,bu/ac
1998,248,Canola,17.1,bu/ac
1999,248,Canola,23.3,bu/ac
2000,248,Canola,19.5,bu/ac
2001,248,Canola,13.5,bu/ac
2002,248,Canola,16.1,bu/ac
2003,248,Canola,16.3,bu/ac
2004,248,Canola,19.5,bu/ac
2005,248,Canola,26.6,bu/ac
2006,248,Canola,22.4,bu/ac
2007,248,Canola,21.9,bu/ac
2008,248,Canola,29.1,bu/ac
2009,248,Canola,33.3,bu/ac
2010,248,Canola,29.5,bu/ac
2011,248,Canola,29,bu/ac
2012,248,Canola,24.7,bu/ac
2013,248,Canola,37.6,bu/ac
2014,248,Canola,24.66,bu/ac
2015,248,Canola,32.19,bu/ac
2016,248,Canola,39.4,bu/ac
2017,248,Canola,27.59,bu/ac
2018,248,Canola,32.9,bu/ac
2019,248,Canola,39.2,bu/ac
2020,248,Canola,34.7,bu/ac
2021,248,Canola,27.9,bu/ac
2022,248,Canola,38.5,bu/ac
2023,248,Canola,38.1,bu/ac
2024,248,Canola,30.7,bu/ac
2025,248,Canola,41.8,bu/ac
1990,250,Canola,22.7,bu/ac
1991,250,Canola,23.5,bu/ac
1992,250,Canola,18.1,bu/ac
1993,250,Canola,27.7,bu/ac
1994,250,Canola,23.3,bu/ac
1995,250,Canola,19.3,bu/ac
1996,250,Canola,25.8,bu/ac
1997,250,Canola,18.1,bu/ac
1998,250,Canola,22.7,bu/ac
1999,250,Canola,25.1,bu/ac
2000,250,Canola,26.3,bu/ac
2001,250,Canola,15.4,bu/ac
2002,250,Canola,7.2,bu/ac
2003,250,Canola,25.3,bu/ac
2004,250,Canola,27.5,bu/ac
2005,250,Canola,34.4,bu/ac
2006,250,Canola,25.7,bu/ac
2007,250,Canola,23.7,bu/ac
2008,250,Canola,29.9,bu/ac
2009,250,Canola,35.5,bu/ac
2010,250,Canola,31.4,bu/ac
2011,250,Canola,31.9,bu/ac
2012,250,Canola,26.4,bu/ac
2013,250,Canola,40.1,bu/ac
2014,250,Canola,27.06,bu/ac
2015,250,Canola,35.22,bu/ac
2016,250,Canola,42.3,bu/ac
2017,250,Canola,31.87,bu/ac
2018,250,Canola,31.9,bu/ac
2019,250,Canola,39.1,bu/ac
2020,250,Canola,31.5,bu/ac
2021,250,Canola,17.9,bu/ac
2022,250,Canola,35.4,bu/ac
2023,250,Canola,30.2,bu/ac
2024,250,Canola,34.5,bu/ac
2025,250,Canola,38.4,bu/ac
1990,251,Canola,15,bu/ac
1991,251,Canola,24,bu/ac
1992,251,Canola,20,bu/ac
1993,251,Canola,22.8,bu/ac
1994,251,Canola,25.4,bu/ac
1995,251,Canola,16.5,bu/ac
1996,251,Canola,17.5,bu/ac
1997,251,Canola,13.5,bu/ac
1998,251,Canola,23.7,bu/ac
1999,251,Canola,25.7,bu/ac
2000,251,Canola,22.7,bu/ac
2001,251,Canola,10.5,bu/ac
2002,251,Canola,17,bu/ac
2003,251,Canola,20.8,bu/ac
2004,251,Canola,19.5,bu/ac
2005,251,Canola,30.7,bu/ac
2006,251,Canola,23.2,bu/ac
2007,251,Canola,19.6,bu/ac
2008,251,Canola,24.4,bu/ac
2009,251,Canola,35.8,bu/ac
2010,251,Canola,25.5,bu/ac
2011,251,Canola,33.5,bu/ac
2012,251,Canola,28.9,bu/ac
2013,251,Canola,38.3,bu/ac
2014,251,Canola,21.67,bu/ac
2015,251,Canola,33.4,bu/ac
2016,251,Canola,43.4,bu/ac
2017,251,Canola,33.79,bu/ac
2018,251,Canola,33.8,bu/ac
2019,251,Canola,41.4,bu/ac
2020,251,Canola,35.4,bu/ac
2021,251,Canola,12.9,bu/ac
2022,251,Canola,34.2,bu/ac
2023,251,Canola,27.9,bu/ac
2024,251,Canola,34.6,bu/ac
2025,251,Canola,38.8,bu/ac
1990,252,Canola,20,bu/ac
1991,252,Canola,23,bu/ac
1992,252,Canola,25,bu/ac
1993,252,Canola,30,bu/ac
1994,252,Canola,30,bu/ac
1995,252,Canola,19.7,bu/ac
1996,252,Canola,21.1,bu/ac
1997,252,Canola,21.5,bu/ac
1998,252,Canola,23,bu/ac
1999,252,Canola,24.7,bu/ac
2000,252,Canola,22.3,bu/ac
2001,252,Canola,13.2,bu/ac
2002,252,Canola,10.2,bu/ac
2003,252,Canola,18.3,bu/ac
2004,252,Canola,17.5,bu/ac
2005,252,Canola,25,bu/ac
2006,252,Canola,21.9,bu/ac
2007,252,Canola,17.9,bu/ac
2008,252,Canola,26.6,bu/ac
2009,252,Canola,30.2,bu/ac
2010,252,Canola,27.1,bu/ac
2011,252,Canola,30.5,bu/ac
2012,252,Canola,25.9,bu/ac
2013,252,Canola,39.5,bu/ac
2014,252,Canola,28.15,bu/ac
2015,252,Canola,35.59,bu/ac
2016,252,Canola,38.4,bu/ac
2017,252,Canola,30.81,bu/ac
2018,252,Canola,38.6,bu/ac
2019,252,Canola,45.8,bu/ac
2020,252,Canola,35.1,bu/ac
2021,252,Canola,14.4,bu/ac
2022,252,Canola,31.3,bu/ac
2023,252,Canola,29,bu/ac
2024,252,Canola,36.3,bu/ac
2025,252,Canola,41.1,bu/ac
1990,253,Canola,15,bu/ac
1991,253,Canola,23,bu/ac
1992,253,Canola,24.2,bu/ac
1993,253,Canola,30,bu/ac
1994,253,Canola,22,bu/ac
1995,253,Canola,19.8,bu/ac
1996,253,Canola,25.7,bu/ac
1997,253,Canola,19.5,bu/ac
1998,253,Canola,22.9,bu/ac
1999,253,Canola,25.3,bu/ac
2000,253,Canola,23.8,bu/ac
2001,253,Canola,12.3,bu/ac
2002,253,Canola,8.9,bu/ac
2003,253,Canola,17.3,bu/ac
2004,253,Canola,26.8,bu/ac
2005,253,Canola,25.9,bu/ac
2006,253,Canola,22.7,bu/ac
2007,253,Canola,17,bu/ac
2008,253,Canola,24.5,bu/ac
2009,253,Canola,26.9,bu/ac
2010,253,Canola,34,bu/ac
2011,253,Canola,32.5,bu/ac
2012,253,Canola,25.3,bu/ac
2013,253,Canola,37.1,bu/ac
2014,253,Canola,26.47,bu/ac
2015,253,Canola,35.81,bu/ac
2016,253,Canola,35.6,bu/ac
2017,253,Canola,32.93,bu/ac
2018,253,Canola,32.9,bu/ac
2019,253,Canola,42.5,bu/ac
2020,253,Canola,33,bu/ac
2021,253,Canola,14,bu/ac
2022,253,Canola,23.4,bu/ac
2023,253,Canola,17.8,bu/ac
2024,253,Canola,30.6,bu/ac
2025,253,Canola,34.1,bu/ac
1990,254,Canola,22.5,bu/ac
1991,254,Canola,27.5,bu/ac
1992,254,Canola,23.4,bu/ac
1993,254,Canola,31.9,bu/ac
1994,254,Canola,27.3,bu/ac
1995,254,Canola,21.6,bu/ac
1996,254,Canola,19.4,bu/ac
1997,254,Canola,18.6,bu/ac
1998,254,Canola,17.9,bu/ac
1999,254,Canola,24.8,bu/ac
2000,254,Canola,27,bu/ac
2001,254,Canola,16.2,bu/ac
2002,254,Canola,6,bu/ac
2003,254,Canola,13.9,bu/ac
2004,254,Canola,27.3,bu/ac
2005,254,Canola,26.9,bu/ac
2006,254,Canola,22,bu/ac
2007,254,Canola,18.9,bu/ac
2008,254,Canola,25.4,bu/ac
2009,254,Canola,32.5,bu/ac
2010,254,Canola,28.6,bu/ac
2011,254,Canola,31.2,bu/ac
2012,254,Canola,23.1,bu/ac
2013,254,Canola,35.5,bu/ac
2014,254,Canola,31.21,bu/ac
2015,254,Canola,36.89,bu/ac
2016,254,Canola,39.8,bu/ac
2017,254,Canola,33.56,bu/ac
2018,254,Canola,33.6,bu/ac
2019,254,Canola,40.7,bu/ac
2020,254,Canola,32.1,bu/ac
2021,254,Canola,14.2,bu/ac
2022,254,Canola,20.8,bu/ac
2023,254,Canola,14.9,bu/ac
2024,254,Canola,29.2,bu/ac
2025,254,Canola,37.3,bu/ac
1990,255,Canola,23,bu/ac
1991,255,Canola,25.7,bu/ac
1992,255,Canola,30,bu/ac
1993,255,Canola,24.3,bu/ac
1994,255,Canola,28.3,bu/ac
1995,255,Canola,25.4,bu/ac
1996,255,Canola,28.8,bu/ac
1997,255,Canola,18.8,bu/ac
1998,255,Canola,22,bu/ac
1999,255,Canola,24.4,bu/ac
2000,255,Canola,24.1,bu/ac
2001,255,Canola,13.9,bu/ac
2002,255,Canola,11.7,bu/ac
2003,255,Canola,12.2,bu/ac
2004,255,Canola,32.3,bu/ac
2005,255,Canola,37.2,bu/ac
2006,255,Canola,34.9,bu/ac
2007,255,Canola,18.7,bu/ac
2008,255,Canola,37.7,bu/ac
2009,255,Canola,34,bu/ac
2010,255,Canola,32.5,bu/ac
2011,255,Canola,38.4,bu/ac
2012,255,Canola,26.1,bu/ac
2013,255,Canola,39.9,bu/ac
2014,255,Canola,37.88,bu/ac
2015,255,Canola,40.13,bu/ac
2016,255,Canola,44.3,bu/ac
2017,255,Canola,29.07,bu/ac
2018,255,Canola,32.5,bu/ac
2019,255,Canola,47.8,bu/ac
2020,255,Canola,40.1,bu/ac
2021,255,Canola,22,bu/ac
2022,255,Canola,23,bu/ac
2023,255,Canola,19.7,bu/ac
2024,255,Canola,32.5,bu/ac
2025,255,Canola,51.1,bu/ac
1990,256,Canola,22.6,bu/ac
1991,256,Canola,25,bu/ac
1992,256,Canola,23.5,bu/ac
1993,256,Canola,23.4,bu/ac
1994,256,Canola,23.9,bu/ac
1995,256,Canola,21.5,bu/ac
1996,256,Canola,23.3,bu/ac
1997,256,Canola,17.5,bu/ac
1998,256,Canola,23,bu/ac
1999,256,Canola,30.6,bu/ac
2000,256,Canola,23.8,bu/ac
2001,256,Canola,10.6,bu/ac
2002,256,Canola,12,bu/ac
2003,256,Canola,6.3,bu/ac
2004,256,Canola,17.6,bu/ac
2005,256,Canola,23.6,bu/ac
2006,256,Canola,21,bu/ac
2007,256,Canola,15.7,bu/ac
2008,256,Canola,16.6,bu/ac
2009,256,Canola,18.7,bu/ac
2010,256,Canola,25.9,bu/ac
2011,256,Canola,27.9,bu/ac
2012,256,Canola,20.9,bu/ac
2013,256,Canola,31.2,bu/ac
2014,256,Canola,28.26,bu/ac
2015,256,Canola,31.67,bu/ac
2016,256,Canola,39.2,bu/ac
2017,256,Canola,26.99,bu/ac
2018,256,Canola,31,bu/ac
2019,256,Canola,41.1,bu/ac
2020,256,Canola,35.1,bu/ac
2021,256,Canola,11.3,bu/ac
2022,256,Canola,13,bu/ac
2023,256,Canola,11.5,bu/ac
2024,256,Canola,25,bu/ac
2025,256,Canola,45.2,bu/ac
1994,257,Canola,21,bu/ac
1995,257,Canola,24.4,bu/ac
1996,257,Canola,26.6,bu/ac
1997,257,Canola,19.5,bu/ac
1998,257,Canola,17.5,bu/ac
1999,257,Canola,24.4,bu/ac
2000,257,Canola,26,bu/ac
2001,257,Canola,6.8,bu/ac
2003,257,Canola,10.5,bu/ac
2004,257,Canola,19.7,bu/ac
2005,257,Canola,30.7,bu/ac
2006,257,Canola,27,bu/ac
2007,257,Canola,24.1,bu/ac
2008,257,Canola,25,bu/ac
2009,257,Canola,37.1,bu/ac
2010,257,Canola,38,bu/ac
2011,257,Canola,38.4,bu/ac
2012,257,Canola,23.7,bu/ac
2013,257,Canola,44.6,bu/ac
2014,257,Canola,42.28,bu/ac
2015,257,Canola,37.83,bu/ac
2016,257,Canola,47.8,bu/ac
2017,257,Canola,36.53,bu/ac
2018,257,Canola,36.5,bu/ac
2019,257,Canola,35.5,bu/ac
2020,257,Canola,31.7,bu/ac
2021,257,Canola,6.8,bu/ac
2022,257,Canola,10.7,bu/ac
2023,257,Canola,13.2,bu/ac
2024,257,Canola,31.6,bu/ac
2025,257,Canola,56.7,bu/ac
1994,259,Canola,20,bu/ac
1995,259,Canola,18.2,bu/ac
1996,259,Canola,19,bu/ac
1997,259,Canola,18.4,bu/ac
1998,259,Canola,23.3,bu/ac
1999,259,Canola,30.7,bu/ac
2000,259,Canola,26.3,bu/ac
2001,259,Canola,10.1,bu/ac
2003,259,Canola,16.2,bu/ac
2004,259,Canola,27.6,bu/ac
2005,259,Canola,38.8,bu/ac
2006,259,Canola,25,bu/ac
2007,259,Canola,27.4,bu/ac
2008,259,Canola,28.8,bu/ac
2009,259,Canola,29.3,bu/ac
2010,259,Canola,42.3,bu/ac
2011,259,Canola,43,bu/ac
2012,259,Canola,27,bu/ac
2013,259,Canola,43.9,bu/ac
2014,259,Canola,41.7,bu/ac
2015,259,Canola,37.12,bu/ac
2016,259,Canola,44.1,bu/ac
2017,259,Canola,33.9,bu/ac
2018,259,Canola,33.9,bu/ac
2019,259,Canola,34.7,bu/ac
2020,259,Canola,38.5,bu/ac
2021,259,Canola,15.3,bu/ac
2022,259,Canola,15.7,bu/ac
2023,259,Canola,17,bu/ac
2024,259,Canola,32.3,bu/ac
2025,259,Canola,56,bu/ac
1994,260,Canola,21.5,bu/ac
1995,260,Canola,20.4,bu/ac
1996,260,Canola,14.2,bu/ac
1997,260,Canola,15.6,bu/ac
1998,260,Canola,24,bu/ac
1999,260,Canola,29.3,bu/ac
2000,260,Canola,27.7,bu/ac
2004,260,Canola,14.6,bu/ac
2005,260,Canola,36.2,bu/ac
2006,260,Canola,25.3,bu/ac
2007,260,Canola,22.7,bu/ac
2010,260,Canola,39.1,bu/ac
2011,260,Canola,41.5,bu/ac
2012,260,Canola,25.6,bu/ac
2013,260,Canola,42.2,bu/ac
2014,260,Canola,45.38,bu/ac
2015,260,Canola,32.16,bu/ac
2016,260,Canola,44.1,bu/ac
2017,260,Canola,28.27,bu/ac
2018,260,Canola,32.1,bu/ac
2019,260,Canola,18.8,bu/ac
2020,260,Canola,34.5,bu/ac
2021,260,Canola,14.2,bu/ac
2022,260,Canola,19.7,bu/ac
2023,260,Canola,17.9,bu/ac
2024,260,Canola,32.5,bu/ac
2025,260,Canola,54.5,bu/ac
1993,261,Canola,29,bu/ac
1994,261,Canola,21.8,bu/ac
1995,261,Canola,20.5,bu/ac
1996,261,Canola,15.5,bu/ac
1997,261,Canola,12.4,bu/ac
1998,261,Canola,26.9,bu/ac
1999,261,Canola,44.1,bu/ac
2003,261,Canola,18.3,bu/ac
2005,261,Canola,32.9,bu/ac
2006,261,Canola,25.2,bu/ac
2007,261,Canola,20.1,bu/ac
2009,261,Canola,39.3,bu/ac
2010,261,Canola,41.3,bu/ac
2011,261,Canola,37.6,bu/ac
2012,261,Canola,26.5,bu/ac
2013,261,Canola,36.7,bu/ac
2014,261,Canola,35.28,bu/ac
2015,261,Canola,29.14,bu/ac
2016,261,Canola,47.7,bu/ac
2017,261,Canola,30.78,bu/ac
2018,261,Canola,36.2,bu/ac
2019,261,Canola,22.7,bu/ac
2020,261,Canola,38.8,bu/ac
2021,261,Canola,16.4,bu/ac
2022,261,Canola,18.9,bu/ac
2023,261,Canola,18.5,bu/ac
2024,261,Canola,21.8,bu/ac
2025,261,Canola,41.7,bu/ac
1990,271,Canola,26.5,bu/ac
1991,271,Canola,22.7,bu/ac
1992,271,Canola,17,bu/ac
1993,271,Canola,20.3,bu/ac
1994,271,Canola,18.6,bu/ac
1995,271,Canola,17.9,bu/ac
1996,271,Canola,29.3,bu/ac
1997,271,Canola,24.7,bu/ac
1998,271,Canola,25.4,bu/ac
1999,271,Canola,29.5,bu/ac
2000,271,Canola,28.6,bu/ac
2001,271,Canola,26.4,bu/ac
2002,271,Canola,23.8,bu/ac
2003,271,Canola,33.3,bu/ac
2004,271,Canola,18.3,bu/ac
2005,271,Canola,34.7,bu/ac
2006,271,Canola,33,bu/ac
2007,271,Canola,24.6,bu/ac
2008,271,Canola,35,bu/ac
2009,271,Canola,34.7,bu/ac
2010,271,Canola,32.6,bu/ac
2011,271,Canola,39.2,bu/ac
2012,271,Canola,23.3,bu/ac
2013,271,Canola,45.8,bu/ac
2014,271,Canola,38.46,bu/ac
2015,271,Canola,41.62,bu/ac
2016,271,Canola,52.5,bu/ac
2017,271,Canola,51.46,bu/ac
2018,271,Canola,54.9,bu/ac
2019,271,Canola,56.3,bu/ac
2020,271,Canola,49.1,bu/ac
2021,271,Canola,39.4,bu/ac
2022,271,Canola,54.8,bu/ac
2023,271,Canola,48.2,bu/ac
2024,271,Canola,41.9,bu/ac
2025,271,Canola,45.5,bu/ac
1990,273,Canola,24.1,bu/ac
1991,273,Canola,22.3,bu/ac
1992,273,Canola,14.4,bu/ac
1993,273,Canola,20.6,bu/ac
1994,273,Canola,16.8,bu/ac
1995,273,Canola,13.7,bu/ac
1996,273,Canola,25.2,bu/ac
1997,273,Canola,23,bu/ac
1998,273,Canola,24.9,bu/ac
1999,273,Canola,29.5,bu/ac
2000,273,Canola,26.9,bu/ac
2001,273,Canola,24.8,bu/ac
2002,273,Canola,23.3,bu/ac
2003,273,Canola,27,bu/ac
2004,273,Canola,22.7,bu/ac
2005,273,Canola,32.4,bu/ac
2006,273,Canola,32.5,bu/ac
2007,273,Canola,23.5,bu/ac
2008,273,Canola,34.6,bu/ac
2009,273,Canola,37.1,bu/ac
2010,273,Canola,27.3,bu/ac
2011,273,Canola,35.8,bu/ac
2012,273,Canola,20.8,bu/ac
2013,273,Canola,38.4,bu/ac
2014,273,Canola,31.72,bu/ac
2015,273,Canola,40.12,bu/ac
2016,273,Canola,43.3,bu/ac
2017,273,Canola,44.52,bu/ac
2018,273,Canola,48.3,bu/ac
2019,273,Canola,52.8,bu/ac
2020,273,Canola,41.7,bu/ac
2021,273,Canola,32.6,bu/ac
2022,273,Canola,53,bu/ac
2023,273,Canola,47.9,bu/ac
2024,273,Canola,38.1,bu/ac
2025,273,Canola,50,bu/ac
1990,274,Canola,23.6,bu/ac
1991,274,Canola,20.3,bu/ac
1992,274,Canola,27.7,bu/ac
1993,274,Canola,22.9,bu/ac
1994,274,Canola,17,bu/ac
1995,274,Canola,12.6,bu/ac
1996,274,Canola,26.9,bu/ac
1997,274,Canola,24.6,bu/ac
1998,274,Canola,25.3,bu/ac
1999,274,Canola,33,bu/ac
2000,274,Canola,34.7,bu/ac
2001,274,Canola,26.4,bu/ac
2002,274,Canola,27.4,bu/ac
2003,274,Canola,21.2,bu/ac
2004,274,Canola,17.8,bu/ac
2005,274,Canola,35.5,bu/ac
2006,274,Canola,27.3,bu/ac
2008,274,Canola,30.8,bu/ac
2009,274,Canola,36.4,bu/ac
2010,274,Canola,20.1,bu/ac
2011,274,Canola,32.1,bu/ac
2012,274,Canola,19.9,bu/ac
2013,274,Canola,41,bu/ac
2014,274,Canola,29.52,bu/ac
2015,274,Canola,40.98,bu/ac
2016,274,Canola,44.6,bu/ac
2017,274,Canola,46.36,bu/ac
2018,274,Canola,46.4,bu/ac
2019,274,Canola,50.6,bu/ac
2020,274,Canola,45.4,bu/ac
2021,274,Canola,33.9,bu/ac
2022,274,Canola,50.7,bu/ac
2023,274,Canola,51.5,bu/ac
2024,274,Canola,38,bu/ac
2025,274,Canola,51.1,bu/ac
1990,275,Canola,23.8,bu/ac
1991,275,Canola,22,bu/ac
1992,275,Canola,26.4,bu/ac
1993,275,Canola,21.3,bu/ac
1994,275,Canola,17.2,bu/ac
1995,275,Canola,16.4,bu/ac
1996,275,Canola,24.3,bu/ac
1997,275,Canola,21.9,bu/ac
1998,275,Canola,24,bu/ac
1999,275,Canola,29.7,bu/ac
2000,275,Canola,27.9,bu/ac
2001,275,Canola,21.4,bu/ac
2002,275,Canola,27,bu/ac
2003,275,Canola,21.9,bu/ac
2004,275,Canola,23.3,bu/ac
2005,275,Canola,30.7,bu/ac
2007,275,Canola,20.4,bu/ac
2008,275,Canola,30.7,bu/ac
2009,275,Canola,35.5,bu/ac
2010,275,Canola,24.1,bu/ac
2011,275,Canola,32.8,bu/ac
2012,275,Canola,17.1,bu/ac
2013,275,Canola,36.7,bu/ac
2014,275,Canola,23.96,bu/ac
2015,275,Canola,40.16,bu/ac
2016,275,Canola,35.7,bu/ac
2017,275,Canola,41.08,bu/ac
2018,275,Canola,41.1,bu/ac
2019,275,Canola,44.7,bu/ac
2020,275,Canola,42.2,bu/ac
2021,275,Canola,29.6,bu/ac
2022,275,Canola,45.9,bu/ac
2023,275,Canola,42.2,bu/ac
2024,275,Canola,38.4,bu/ac
2025,275,Canola,49,bu/ac
1990,276,Canola,19.5,bu/ac
1991,276,Canola,17.2,bu/ac
1992,276,Canola,20.7,bu/ac
1993,276,Canola,20.3,bu/ac
1994,276,Canola,18.1,bu/ac
1995,276,Canola,15.7,bu/ac
1996,276,Canola,21.3,bu/ac
1997,276,Canola,22.5,bu/ac
1998,276,Canola,25.5,bu/ac
1999,276,Canola,24.5,bu/ac
2000,276,Canola,25.8,bu/ac
2001,276,Canola,14.6,bu/ac
2002,276,Canola,21.3,bu/ac
2003,276,Canola,19.1,bu/ac
2004,276,Canola,20,bu/ac
2005,276,Canola,22.9,bu/ac
2006,276,Canola,22.6,bu/ac
2007,276,Canola,18.3,bu/ac
2008,276,Canola,26.4,bu/ac
2009,276,Canola,30.4,bu/ac
2010,276,Canola,18.1,bu/ac
2011,276,Canola,26.6,bu/ac
2012,276,Canola,21.1,bu/ac
2013,276,Canola,35.9,bu/ac
2014,276,Canola,26,bu/ac
2015,276,Canola,30.3,bu/ac
2016,276,Canola,35.9,bu/ac
2017,276,Canola,37.27,bu/ac
2018,276,Canola,38.2,bu/ac
2019,276,Canola,44.3,bu/ac
2020,276,Canola,41.4,bu/ac
2021,276,Canola,30.4,bu/ac
2022,276,Canola,50.2,bu/ac
2023,276,Canola,48.6,bu/ac
2024,276,Canola,40.3,bu/ac
2025,276,Canola,54.6,bu/ac
1990,277,Canola,24.3,bu/ac
1991,277,Canola,17.1,bu/ac
1992,277,Canola,16.5,bu/ac
1993,277,Canola,18.5,bu/ac
1994,277,Canola,20.4,bu/ac
1995,277,Canola,12.8,bu/ac
1996,277,Canola,27.2,bu/ac
1997,277,Canola,20.2,bu/ac
1998,277,Canola,25,bu/ac
1999,277,Canola,26.9,bu/ac
2000,277,Canola,28.4,bu/ac
2001,277,Canola,20.4,bu/ac
2002,277,Canola,18,bu/ac
2003,277,Canola,17.7,bu/ac
2004,277,Canola,19.9,bu/ac
2005,277,Canola,27.7,bu/ac
2006,277,Canola,21.3,bu/ac
2007,277,Canola,18.1,bu/ac
2008,277,Canola,28.8,bu/ac
2009,277,Canola,30.6,bu/ac
2010,277,Canola,17.1,bu/ac
2011,277,Canola,28,bu/ac
2012,277,Canola,18.4,bu/ac
2013,277,Canola,33.9,bu/ac
2014,277,Canola,27.73,bu/ac
2015,277,Canola,31.71,bu/ac
2016,277,Canola,36.4,bu/ac
2017,277,Canola,37.34,bu/ac
2018,277,Canola,33.1,bu/ac
2019,277,Canola,41.3,bu/ac
2020,277,Canola,35.5,bu/ac
2021,277,Canola,21.5,bu/ac
2022,277,Canola,41.6,bu/ac
2023,277,Canola,38.7,bu/ac
2024,277,Canola,41.7,bu/ac
2025,277,Canola,34.7,bu/ac
1990,278,Canola,19.8,bu/ac
1991,278,Canola,22.1,bu/ac
1992,278,Canola,25.9,bu/ac
1993,278,Canola,16,bu/ac
1994,278,Canola,18.9,bu/ac
1995,278,Canola,19.4,bu/ac
1996,278,Canola,24.3,bu/ac
1997,278,Canola,15.4,bu/ac
1998,278,Canola,21.3,bu/ac
1999,278,Canola,24.6,bu/ac
2000,278,Canola,25.8,bu/ac
2001,278,Canola,21.8,bu/ac
2002,278,Canola,19.8,bu/ac
2003,278,Canola,15.5,bu/ac
2004,278,Canola,14.9,bu/ac
2005,278,Canola,32.5,bu/ac
2006,278,Canola,17.5,bu/ac
2007,278,Canola,28.4,bu/ac
2008,278,Canola,30.9,bu/ac
1990,279,Canola,18.6,bu/ac
1991,279,Canola,23.1,bu/ac
1992,279,Canola,25,bu/ac
1993,279,Canola,24.4,bu/ac
1994,279,Canola,23.3,bu/ac
1995,279,Canola,19.4,bu/ac
1996,279,Canola,24.6,bu/ac
1997,279,Canola,21.6,bu/ac
1998,279,Canola,25.6,bu/ac
1999,279,Canola,28.6,bu/ac
2000,279,Canola,26.7,bu/ac
2001,279,Canola,16.9,bu/ac
2002,279,Canola,18.1,bu/ac
2003,279,Canola,21.4,bu/ac
2004,279,Canola,26.2,bu/ac
2005,279,Canola,32.7,bu/ac
2006,279,Canola,27.3,bu/ac
2007,279,Canola,25.9,bu/ac
2008,279,Canola,28.9,bu/ac
2009,279,Canola,35,bu/ac
2010,279,Canola,30.8,bu/ac
2011,279,Canola,30.1,bu/ac
2012,279,Canola,30,bu/ac
2013,279,Canola,41.3,bu/ac
2024,279,Canola,39.2,bu/ac
2025,279,Canola,48.7,bu/ac
1990,280,Canola,12.3,bu/ac
1991,280,Canola,13.2,bu/ac
1992,280,Canola,28,bu/ac
1993,280,Canola,26.3,bu/ac
1994,280,Canola,24.4,bu/ac
1995,280,Canola,20.5,bu/ac
1996,280,Canola,20.8,bu/ac
1997,280,Canola,19.4,bu/ac
1998,280,Canola,25.5,bu/ac
1999,280,Canola,26.4,bu/ac
2000,280,Canola,25.3,bu/ac
2001,280,Canola,21.3,bu/ac
2002,280,Canola,25,bu/ac
2003,280,Canola,28,bu/ac
2004,280,Canola,24.6,bu/ac
2005,280,Canola,40.7,bu/ac
2006,280,Canola,31.5,bu/ac
2007,280,Canola,26.8,bu/ac
2008,280,Canola,32.2,bu/ac
2009,280,Canola,40.9,bu/ac
2010,280,Canola,29.3,bu/ac
2011,280,Canola,34.8,bu/ac
2012,280,Canola,28.3,bu/ac
2013,280,Canola,39.8,bu/ac
2014,280,Canola,26.77,bu/ac
2015,280,Canola,37.95,bu/ac
2016,280,Canola,42.7,bu/ac
2017,280,Canola,35.2,bu/ac
2018,280,Canola,39.1,bu/ac
2019,280,Canola,42.1,bu/ac
2020,280,Canola,37.3,bu/ac
2021,280,Canola,17.6,bu/ac
2022,280,Canola,40.8,bu/ac
2023,280,Canola,42.8,bu/ac
2024,280,Canola,39,bu/ac
2025,280,Canola,43.7,bu/ac
1990,281,Canola,12,bu/ac
1991,281,Canola,16.6,bu/ac
1992,281,Canola,29.4,bu/ac
1993,281,Canola,27.7,bu/ac
1994,281,Canola,24.8,bu/ac
1995,281,Canola,18.1,bu/ac
1996,281,Canola,22.6,bu/ac
1997,281,Canola,18.9,bu/ac
1998,281,Canola,24.5,bu/ac
1999,281,Canola,24.2,bu/ac
2000,281,Canola,25.4,bu/ac
2001,281,Canola,15.5,bu/ac
2002,281,Canola,22,bu/ac
2003,281,Canola,23.8,bu/ac
2004,281,Canola,20.5,bu/ac
2005,281,Canola,32,bu/ac
2006,281,Canola,25.4,bu/ac
2007,281,Canola,21.6,bu/ac
2008,281,Canola,33.5,bu/ac
2009,281,Canola,35.5,bu/ac
2010,281,Canola,27.8,bu/ac
2011,281,Canola,32.3,bu/ac
2012,281,Canola,26.2,bu/ac
2013,281,Canola,39,bu/ac
2014,281,Canola,19.14,bu/ac
2015,281,Canola,35.76,bu/ac
2016,281,Canola,37.1,bu/ac
2017,281,Canola,38.54,bu/ac
2018,281,Canola,43.3,bu/ac
2019,281,Canola,44.9,bu/ac
2020,281,Canola,34.5,bu/ac
2021,281,Canola,17.3,bu/ac
2022,281,Canola,37.4,bu/ac
2023,281,Canola,34.4,bu/ac
2024,281,Canola,41.6,bu/ac
2025,281,Canola,40.8,bu/ac
1990,282,Canola,20,bu/ac
1991,282,Canola,11.1,bu/ac
1992,282,Canola,20,bu/ac
1993,282,Canola,28,bu/ac
1994,282,Canola,21,bu/ac
1995,282,Canola,18.4,bu/ac
1996,282,Canola,24.5,bu/ac
1997,282,Canola,17,bu/ac
1998,282,Canola,19.1,bu/ac
1999,282,Canola,21.4,bu/ac
2000,282,Canola,23.4,bu/ac
2001,282,Canola,12.9,bu/ac
2002,282,Canola,11.1,bu/ac
2003,282,Canola,14.6,bu/ac
2004,282,Canola,20.8,bu/ac
2005,282,Canola,25.6,bu/ac
2006,282,Canola,26.5,bu/ac
2007,282,Canola,17.9,bu/ac
2008,282,Canola,24.7,bu/ac
2009,282,Canola,30.6,bu/ac
2010,282,Canola,24.6,bu/ac
2011,282,Canola,28.5,bu/ac
2012,282,Canola,21.7,bu/ac
2013,282,Canola,39.9,bu/ac
2014,282,Canola,27.07,bu/ac
2015,282,Canola,32.43,bu/ac
2016,282,Canola,32.5,bu/ac
2017,282,Canola,34.7,bu/ac
2018,282,Canola,38.3,bu/ac
2019,282,Canola,40.1,bu/ac
2020,282,Canola,35.9,bu/ac
2021,282,Canola,17.4,bu/ac
2022,282,Canola,30.1,bu/ac
2023,282,Canola,27.7,bu/ac
2024,282,Canola,36.8,bu/ac
2025,282,Canola,33,bu/ac
1990,283,Canola,12.3,bu/ac
1991,283,Canola,6.4,bu/ac
1992,283,Canola,28,bu/ac
1993,283,Canola,27.9,bu/ac
1994,283,Canola,24.3,bu/ac
1995,283,Canola,15.8,bu/ac
1996,283,Canola,25.7,bu/ac
1997,283,Canola,20.1,bu/ac
1998,283,Canola,20,bu/ac
1999,283,Canola,25.3,bu/ac
2000,283,Canola,24.4,bu/ac
2001,283,Canola,11.1,bu/ac
2002,283,Canola,7.5,bu/ac
2003,283,Canola,15.4,bu/ac
2004,283,Canola,29.7,bu/ac
2005,283,Canola,31.6,bu/ac
2006,283,Canola,20.8,bu/ac
2007,283,Canola,19.6,bu/ac
2008,283,Canola,28.1,bu/ac
2009,283,Canola,31,bu/ac
2010,283,Canola,26.8,bu/ac
2011,283,Canola,33.5,bu/ac
2012,283,Canola,26.2,bu/ac
2013,283,Canola,38.2,bu/ac
2014,283,Canola,33.64,bu/ac
2015,283,Canola,40.43,bu/ac
2016,283,Canola,43.7,bu/ac
2017,283,Canola,31.87,bu/ac
2018,283,Canola,30,bu/ac
2019,283,Canola,40.1,bu/ac
2020,283,Canola,28.6,bu/ac
2021,283,Canola,13.1,bu/ac
2022,283,Canola,20.4,bu/ac
2023,283,Canola,16.5,bu/ac
2024,283,Canola,29.6,bu/ac
2025,283,Canola,52,bu/ac
1990,284,Canola,22,bu/ac
1991,284,Canola,26.2,bu/ac
1992,284,Canola,28,bu/ac
1993,284,Canola,26,bu/ac
1994,284,Canola,25,bu/ac
1995,284,Canola,18.7,bu/ac
1996,284,Canola,20.5,bu/ac
1997,284,Canola,18.3,bu/ac
1998,284,Canola,25,bu/ac
1999,284,Canola,29.9,bu/ac
2000,284,Canola,30.6,bu/ac
2001,284,Canola,19,bu/ac
2002,284,Canola,9.9,bu/ac
2003,284,Canola,15.6,bu/ac
2004,284,Canola,28.9,bu/ac
2005,284,Canola,35.5,bu/ac
2006,284,Canola,20.7,bu/ac
2007,284,Canola,21.1,bu/ac
2008,284,Canola,31.4,bu/ac
2009,284,Canola,35.1,bu/ac
2010,284,Canola,29.3,bu/ac
2011,284,Canola,38.8,bu/ac
2012,284,Canola,27.4,bu/ac
2013,284,Canola,39.2,bu/ac
2014,284,Canola,33.22,bu/ac
2015,284,Canola,39.6,bu/ac
2016,284,Canola,39.3,bu/ac
2017,284,Canola,39.3,bu/ac
2018,284,Canola,32.1,bu/ac
2019,284,Canola,36.2,bu/ac
2020,284,Canola,34.6,bu/ac
2021,284,Canola,16.5,bu/ac
2022,284,Canola,30.3,bu/ac
2023,284,Canola,13.7,bu/ac
2024,284,Canola,33.2,bu/ac
2025,284,Canola,44.8,bu/ac
1990,285,Canola,20,bu/ac
1992,285,Canola,24,bu/ac
1993,285,Canola,32,bu/ac
1994,285,Canola,19.7,bu/ac
1995,285,Canola,21.5,bu/ac
1996,285,Canola,21.5,bu/ac
1997,285,Canola,17.2,bu/ac
1998,285,Canola,22,bu/ac
1999,285,Canola,27.8,bu/ac
2000,285,Canola,26.2,bu/ac
2001,285,Canola,11.8,bu/ac
2002,285,Canola,6.8,bu/ac
2003,285,Canola,12.6,bu/ac
2004,285,Canola,28.4,bu/ac
2005,285,Canola,29.3,bu/ac
2006,285,Canola,25.1,bu/ac
2007,285,Canola,24.2,bu/ac
2008,285,Canola,28.5,bu/ac
2009,285,Canola,32.7,bu/ac
2010,285,Canola,33.8,bu/ac
2011,285,Canola,34.7,bu/ac
2012,285,Canola,22.7,bu/ac
2013,285,Canola,37.1,bu/ac
2014,285,Canola,32.61,bu/ac
2015,285,Canola,36.21,bu/ac
2016,285,Canola,41.2,bu/ac
2017,285,Canola,33.72,bu/ac
2018,285,Canola,29.4,bu/ac
2019,285,Canola,38.1,bu/ac
2020,285,Canola,31,bu/ac
2021,285,Canola,13.8,bu/ac
2022,285,Canola,17.3,bu/ac
2023,285,Canola,16.4,bu/ac
2024,285,Canola,33.3,bu/ac
2025,285,Canola,45.9,bu/ac
1990,286,Canola,25,bu/ac
1992,286,Canola,20,bu/ac
1993,286,Canola,30,bu/ac
1994,286,Canola,27.1,bu/ac
1995,286,Canola,25.4,bu/ac
1996,286,Canola,28.5,bu/ac
1997,286,Canola,18.7,bu/ac
1998,286,Canola,13.7,bu/ac
1999,286,Canola,27.2,bu/ac
2000,286,Canola,28.5,bu/ac
2001,286,Canola,8,bu/ac
2002,286,Canola,15,bu/ac
2003,286,Canola,6.5,bu/ac
2004,286,Canola,14.5,bu/ac
2005,286,Canola,31.4,bu/ac
2006,286,Canola,26.9,bu/ac
2007,286,Canola,22.3,bu/ac
2008,286,Canola,25,bu/ac
2009,286,Canola,25,bu/ac
2010,286,Canola,31.8,bu/ac
2011,286,Canola,31.7,bu/ac
2012,286,Canola,22.5,bu/ac
2013,286,Canola,42.5,bu/ac
2014,286,Canola,37.63,bu/ac
2015,286,Canola,39.21,bu/ac
2016,286,Canola,33.1,bu/ac
2017,286,Canola,33.75,bu/ac
2018,286,Canola,29.9,bu/ac
2019,286,Canola,41.2,bu/ac
2020,286,Canola,39.1,bu/ac
2021,286,Canola,14.1,bu/ac
2022,286,Canola,18.7,bu/ac
2023,286,Canola,21.2,bu/ac
2024,286,Canola,36,bu/ac
2025,286,Canola,51.7,bu/ac
1990,287,Canola,25,bu/ac
1991,287,Canola,25,bu/ac
1992,287,Canola,20,bu/ac
1993,287,Canola,25.3,bu/ac
1994,287,Canola,31.1,bu/ac
1995,287,Canola,24.8,bu/ac
1996,287,Canola,31.6,bu/ac
1997,287,Canola,16.8,bu/ac
1998,287,Canola,8.3,bu/ac
1999,287,Canola,28.6,bu/ac
2000,287,Canola,23,bu/ac
2001,287,Canola,5.7,bu/ac
2003,287,Canola,16,bu/ac
2004,287,Canola,13,bu/ac
2005,287,Canola,33.9,bu/ac
2006,287,Canola,24.8,bu/ac
2007,287,Canola,20.8,bu/ac
2009,287,Canola,19.4,bu/ac
2010,287,Canola,41.8,bu/ac
2011,287,Canola,40.6,bu/ac
2012,287,Canola,25.1,bu/ac
2013,287,Canola,42.1,bu/ac
2014,287,Canola,32.4,bu/ac
2015,287,Canola,39.42,bu/ac
2016,287,Canola,42.2,bu/ac
2017,287,Canola,41.82,bu/ac
2018,287,Canola,37.7,bu/ac
2019,287,Canola,47.1,bu/ac
2020,287,Canola,41.4,bu/ac
2021,287,Canola,9.4,bu/ac
2022,287,Canola,15.7,bu/ac
2023,287,Canola,20.2,bu/ac
2024,287,Canola,37.5,bu/ac
2025,287,Canola,61,bu/ac
1990,288,Canola,20,bu/ac
1991,288,Canola,25,bu/ac
1992,288,Canola,20,bu/ac
1993,288,Canola,25,bu/ac
1994,288,Canola,23,bu/ac
1995,288,Canola,21.7,bu/ac
1996,288,Canola,25.2,bu/ac
1997,288,Canola,18.5,bu/ac
1998,288,Canola,14.9,bu/ac
1999,288,Canola,28.5,bu/ac
2000,288,Canola,20,bu/ac
2001,288,Canola,16.7,bu/ac
2002,288,Canola,3,bu/ac
2003,288,Canola,10.7,bu/ac
2004,288,Canola,19.1,bu/ac
2005,288,Canola,29,bu/ac
2006,288,Canola,17.8,bu/ac
2007,288,Canola,19.7,bu/ac
2008,288,Canola,21.6,bu/ac
2009,288,Canola,20.8,bu/ac
2010,288,Canola,36.6,bu/ac
2011,288,Canola,36.6,bu/ac
2012,288,Canola,21.1,bu/ac
2013,288,Canola,44,bu/ac
2014,288,Canola,34.49,bu/ac
2015,288,Canola,35.31,bu/ac
2016,288,Canola,39.4,bu/ac
2017,288,Canola,36.15,bu/ac
2018,288,Canola,32.5,bu/ac
2019,288,Canola,33.4,bu/ac
2020,288,Canola,31.3,bu/ac
2021,288,Canola,7.4,bu/ac
2022,288,Canola,10.2,bu/ac
2023,288,Canola,18.5,bu/ac
2024,288,Canola,31,bu/ac
2025,288,Canola,48.8,bu/ac
1993,290,Canola,20.7,bu/ac
1994,290,Canola,17.5,bu/ac
1995,290,Canola,17.4,bu/ac
1996,290,Canola,25,bu/ac
1997,290,Canola,22.8,bu/ac
1998,290,Canola,23.9,bu/ac
1999,290,Canola,29.8,bu/ac
2000,290,Canola,19,bu/ac
2001,290,Canola,8.7,bu/ac
2003,290,Canola,16.4,bu/ac
2004,290,Canola,28.9,bu/ac
2005,290,Canola,32.3,bu/ac
2006,290,Canola,22.1,bu/ac
2007,290,Canola,16.6,bu/ac
2008,290,Canola,34.1,bu/ac
2009,290,Canola,24.4,bu/ac
2010,290,Canola,34.9,bu/ac
2011,290,Canola,34.1,bu/ac
2012,290,Canola,23.2,bu/ac
2013,290,Canola,41.4,bu/ac
2014,290,Canola,42.78,bu/ac
2015,290,Canola,33.86,bu/ac
2016,290,Canola,37.5,bu/ac
2017,290,Canola,31.04,bu/ac
2018,290,Canola,38,bu/ac
2019,290,Canola,31.8,bu/ac
2020,290,Canola,42.1,bu/ac
2021,290,Canola,13.5,bu/ac
2022,290,Canola,31.5,bu/ac
2023,290,Canola,26.8,bu/ac
2024,290,Canola,36.6,bu/ac
2025,290,Canola,47.7,bu/ac
1993,292,Canola,25,bu/ac
1994,292,Canola,30,bu/ac
1995,292,Canola,13.6,bu/ac
1996,292,Canola,14,bu/ac
1997,292,Canola,15.5,bu/ac
1998,292,Canola,18,bu/ac
1999,292,Canola,31.9,bu/ac
2000,292,Canola,18.8,bu/ac
2001,292,Canola,7,bu/ac
2002,292,Canola,5,bu/ac
2003,292,Canola,9.5,bu/ac
2004,292,Canola,15,bu/ac
2005,292,Canola,22.8,bu/ac
2006,292,Canola,24.7,bu/ac
2007,292,Canola,23.1,bu/ac
2008,292,Canola,27,bu/ac
2010,292,Canola,29.8,bu/ac
2011,292,Canola,28.5,bu/ac
2012,292,Canola,19.7,bu/ac
2013,292,Canola,32,bu/ac
2014,292,Canola,35.19,bu/ac
2015,292,Canola,18.93,bu/ac
2016,292,Canola,45.5,bu/ac
2017,292,Canola,27.98,bu/ac
2018,292,Canola,37.3,bu/ac
2019,292,Canola,23.5,bu/ac
2020,292,Canola,41.8,bu/ac
2021,292,Canola,15.4,bu/ac
2022,292,Canola,26.4,bu/ac
2023,292,Canola,22.5,bu/ac
2024,292,Canola,30.9,bu/ac
2025,292,Canola,57.3,bu/ac
1990,301,Canola,26.5,bu/ac
1991,301,Canola,23,bu/ac
1992,301,Canola,23,bu/ac
1993,301,Canola,14.2,bu/ac
1994,301,Canola,9,bu/ac
1995,301,Canola,12.6,bu/ac
1996,301,Canola,19.8,bu/ac
1997,301,Canola,19.1,bu/ac
1998,301,Canola,19,bu/ac
1999,301,Canola,26,bu/ac
2000,301,Canola,25.7,bu/ac
2001,301,Canola,9.4,bu/ac
2003,301,Canola,33,bu/ac
2004,301,Canola,16.8,bu/ac
2006,301,Canola,33.8,bu/ac
2008,301,Canola,39.3,bu/ac
2009,301,Canola,37.7,bu/ac
2010,301,Canola,30,bu/ac
2011,301,Canola,30.4,bu/ac
2012,301,Canola,12.7,bu/ac
2013,301,Canola,42.3,bu/ac
2014,301,Canola,24.96,bu/ac
2015,301,Canola,40,bu/ac
2016,301,Canola,46.2,bu/ac
2017,301,Canola,48.92,bu/ac
2018,301,Canola,46.2,bu/ac
2019,301,Canola,54.5,bu/ac
2020,301,Canola,47.8,bu/ac
2021,301,Canola,32.9,bu/ac
2022,301,Canola,46.4,bu/ac
2023,301,Canola,48.5,bu/ac
2024,301,Canola,38.4,bu/ac
2025,301,Canola,39.7,bu/ac
1990,303,Canola,25.4,bu/ac
1991,303,Canola,22.4,bu/ac
1992,303,Canola,19.8,bu/ac
1993,303,Canola,20,bu/ac
1994,303,Canola,20,bu/ac
1995,303,Canola,15,bu/ac
1997,303,Canola,21.8,bu/ac
1998,303,Canola,26.1,bu/ac
1999,303,Canola,28.9,bu/ac
2000,303,Canola,22.2,bu/ac
2001,303,Canola,22.7,bu/ac
2002,303,Canola,26.3,bu/ac
2003,303,Canola,35,bu/ac
2004,303,Canola,23.3,bu/ac
2005,303,Canola,33.6,bu/ac
2006,303,Canola,33.6,bu/ac
2007,303,Canola,24.7,bu/ac
2008,303,Canola,32.4,bu/ac
2009,303,Canola,39.5,bu/ac
2010,303,Canola,34.9,bu/ac
2011,303,Canola,42.3,bu/ac
2012,303,Canola,20.7,bu/ac
2013,303,Canola,43.9,bu/ac
2014,303,Canola,36.88,bu/ac
2015,303,Canola,43.87,bu/ac
2016,303,Canola,47.5,bu/ac
2017,303,Canola,52.89,bu/ac
2018,303,Canola,52.7,bu/ac
2019,303,Canola,54.8,bu/ac
2020,303,Canola,47.5,bu/ac
2021,303,Canola,35.5,bu/ac
2022,303,Canola,52.3,bu/ac
2023,303,Canola,60.1,bu/ac
2024,303,Canola,40.5,bu/ac
2025,303,Canola,43.6,bu/ac
1990,304,Canola,25.7,bu/ac
1991,304,Canola,23.7,bu/ac
1992,304,Canola,19,bu/ac
1993,304,Canola,19.6,bu/ac
1994,304,Canola,18.4,bu/ac
1995,304,Canola,16.1,bu/ac
1996,304,Canola,25.7,bu/ac
1997,304,Canola,28.8,bu/ac
1998,304,Canola,22.8,bu/ac
1999,304,Canola,24.5,bu/ac
2000,304,Canola,25.7,bu/ac
2001,304,Canola,20.3,bu/ac
2002,304,Canola,25.6,bu/ac
2003,304,Canola,25.9,bu/ac
2004,304,Canola,21.9,bu/ac
2005,304,Canola,31.4,bu/ac
2006,304,Canola,27.7,bu/ac
2007,304,Canola,20.2,bu/ac
2008,304,Canola,31.8,bu/ac
2009,304,Canola,42.7,bu/ac
2010,304,Canola,14,bu/ac
2011,304,Canola,35.5,bu/ac
2012,304,Canola,20.5,bu/ac
2013,304,Canola,42.2,bu/ac
2014,304,Canola,31.55,bu/ac
2015,304,Canola,42.18,bu/ac
2016,304,Canola,44,bu/ac
2017,304,Canola,47.36,bu/ac
2018,304,Canola,46.5,bu/ac
2019,304,Canola,53,bu/ac
2020,304,Canola,47.6,bu/ac
2021,304,Canola,32.3,bu/ac
2022,304,Canola,50.7,bu/ac
2023,304,Canola,57,bu/ac
2024,304,Canola,40.3,bu/ac
2025,304,Canola,46.3,bu/ac
1990,305,Canola,23.7,bu/ac
1991,305,Canola,16.8,bu/ac
1992,305,Canola,18.9,bu/ac
1993,305,Canola,15.8,bu/ac
1994,305,Canola,14.9,bu/ac
1995,305,Canola,10.9,bu/ac
1996,305,Canola,19.3,bu/ac
1997,305,Canola,20.5,bu/ac
1998,305,Canola,20.4,bu/ac
1999,305,Canola,23.7,bu/ac
2000,305,Canola,25.2,bu/ac
2001,305,Canola,10,bu/ac
2002,305,Canola,21.5,bu/ac
2003,305,Canola,27.8,bu/ac
2004,305,Canola,14.9,bu/ac
2005,305,Canola,20.8,bu/ac
2006,305,Canola,20,bu/ac
2007,305,Canola,16.7,bu/ac
2008,305,Canola,30.1,bu/ac
2009,305,Canola,31.9,bu/ac
2010,305,Canola,11.6,bu/ac
2011,305,Canola,35.3,bu/ac
2012,305,Canola,21,bu/ac
2013,305,Canola,39.7,bu/ac
2014,305,Canola,27.77,bu/ac
2015,305,Canola,38.67,bu/ac
2016,305,Canola,41.2,bu/ac
2017,305,Canola,47.64,bu/ac
2018,305,Canola,43.7,bu/ac
2019,305,Canola,49.2,bu/ac
2020,305,Canola,46.9,bu/ac
2021,305,Canola,31.8,bu/ac
2022,305,Canola,47.5,bu/ac
2023,305,Canola,53.9,bu/ac
2024,305,Canola,39.5,bu/ac
2025,305,Canola,49.9,bu/ac
1990,307,Canola,23.1,bu/ac
1991,307,Canola,23.5,bu/ac
1992,307,Canola,24.9,bu/ac
1993,307,Canola,20.8,bu/ac
1994,307,Canola,23.1,bu/ac
1995,307,Canola,17.8,bu/ac
1996,307,Canola,25.3,bu/ac
1997,307,Canola,22.8,bu/ac
1998,307,Canola,24,bu/ac
1999,307,Canola,27,bu/ac
2000,307,Canola,27.3,bu/ac
2001,307,Canola,16.6,bu/ac
2002,307,Canola,30,bu/ac
2003,307,Canola,22.4,bu/ac
2004,307,Canola,25.4,bu/ac
2005,307,Canola,28.6,bu/ac
2006,307,Canola,26.1,bu/ac
2007,307,Canola,23.4,bu/ac
2008,307,Canola,29.5,bu/ac
2009,307,Canola,34.7,bu/ac
2010,307,Canola,15.3,bu/ac
2011,307,Canola,30.6,bu/ac
2012,307,Canola,25.9,bu/ac
2013,307,Canola,43.1,bu/ac
2014,307,Canola,23.71,bu/ac
2015,307,Canola,36.48,bu/ac
2016,307,Canola,37.5,bu/ac
2017,307,Canola,38.72,bu/ac
2018,307,Canola,38.7,bu/ac
2019,307,Canola,41.1,bu/ac
2020,307,Canola,42.1,bu/ac
2021,307,Canola,27.1,bu/ac
2022,307,Canola,45,bu/ac
2023,307,Canola,44.5,bu/ac
2024,307,Canola,41.1,bu/ac
2025,307,Canola,47.2,bu/ac
1990,308,Canola,17.7,bu/ac
1991,308,Canola,18.1,bu/ac
1992,308,Canola,19.6,bu/ac
1993,308,Canola,23,bu/ac
1994,308,Canola,24.8,bu/ac
1995,308,Canola,17.4,bu/ac
1996,308,Canola,24.4,bu/ac
1997,308,Canola,21,bu/ac
1998,308,Canola,28.4,bu/ac
1999,308,Canola,24,bu/ac
2000,308,Canola,20.1,bu/ac
2001,308,Canola,20.3,bu/ac
2002,308,Canola,22.3,bu/ac
2003,308,Canola,21.5,bu/ac
2004,308,Canola,23.7,bu/ac
2005,308,Canola,35.7,bu/ac
2006,308,Canola,24.9,bu/ac
2007,308,Canola,24.6,bu/ac
2008,308,Canola,35.3,bu/ac
2009,308,Canola,36.9,bu/ac
2010,308,Canola,24.3,bu/ac
2011,308,Canola,33.7,bu/ac
2012,308,Canola,25.2,bu/ac
2013,308,Canola,37.4,bu/ac
2014,308,Canola,29.67,bu/ac
2015,308,Canola,35.68,bu/ac
2016,308,Canola,39.3,bu/ac
2017,308,Canola,46.56,bu/ac
2018,308,Canola,42.9,bu/ac
2019,308,Canola,49.3,bu/ac
2020,308,Canola,41.4,bu/ac
2021,308,Canola,23.3,bu/ac
2022,308,Canola,44.5,bu/ac
2023,308,Canola,47.3,bu/ac
2024,308,Canola,42.6,bu/ac
2025,308,Canola,47.6,bu/ac
1990,309,Canola,15.3,bu/ac
1991,309,Canola,12,bu/ac
1992,309,Canola,22,bu/ac
1993,309,Canola,28.7,bu/ac
1994,309,Canola,27.5,bu/ac
1995,309,Canola,19.4,bu/ac
1996,309,Canola,25.4,bu/ac
1997,309,Canola,21.4,bu/ac
1998,309,Canola,27.6,bu/ac
1999,309,Canola,32.3,bu/ac
2000,309,Canola,28.3,bu/ac
2001,309,Canola,19.8,bu/ac
2002,309,Canola,24.5,bu/ac
2003,309,Canola,32.8,bu/ac
2004,309,Canola,21.4,bu/ac
2005,309,Canola,37.3,bu/ac
2006,309,Canola,38.8,bu/ac
2007,309,Canola,32.8,bu/ac
2008,309,Canola,35,bu/ac
2009,309,Canola,38.9,bu/ac
2010,309,Canola,23.8,bu/ac
2011,309,Canola,37.4,bu/ac
2012,309,Canola,30.9,bu/ac
2013,309,Canola,40.5,bu/ac
2014,309,Canola,32.77,bu/ac
2015,309,Canola,41.94,bu/ac
2016,309,Canola,40.8,bu/ac
2017,309,Canola,40.52,bu/ac
2018,309,Canola,44.3,bu/ac
2019,309,Canola,50.4,bu/ac
2020,309,Canola,41.7,bu/ac
2021,309,Canola,24.2,bu/ac
2022,309,Canola,48.2,bu/ac
2023,309,Canola,48.9,bu/ac
2024,309,Canola,42.1,bu/ac
2025,309,Canola,47.4,bu/ac
1990,310,Canola,10,bu/ac
1991,310,Canola,11.9,bu/ac
1992,310,Canola,22.5,bu/ac
1993,310,Canola,26.6,bu/ac
1994,310,Canola,25.7,bu/ac
1995,310,Canola,19.9,bu/ac
1996,310,Canola,22.7,bu/ac
1997,310,Canola,17.7,bu/ac
1998,310,Canola,25.6,bu/ac
1999,310,Canola,28.9,bu/ac
2000,310,Canola,28.2,bu/ac
2001,310,Canola,20.1,bu/ac
2002,310,Canola,15.7,bu/ac
2003,310,Canola,26.2,bu/ac
2004,310,Canola,27.8,bu/ac
2005,310,Canola,40,bu/ac
2006,310,Canola,32.2,bu/ac
2007,310,Canola,25.7,bu/ac
2008,310,Canola,33.9,bu/ac
2009,310,Canola,37.9,bu/ac
2010,310,Canola,28.7,bu/ac
2011,310,Canola,35.2,bu/ac
2012,310,Canola,27.9,bu/ac
2013,310,Canola,42.9,bu/ac
2014,310,Canola,32.27,bu/ac
2015,310,Canola,41.18,bu/ac
2016,310,Canola,39.9,bu/ac
2017,310,Canola,38.95,bu/ac
2018,310,Canola,42.5,bu/ac
2019,310,Canola,45,bu/ac
2020,310,Canola,38.7,bu/ac
2021,310,Canola,19.4,bu/ac
2022,310,Canola,42.5,bu/ac
2023,310,Canola,43.7,bu/ac
2024,310,Canola,40.8,bu/ac
2025,310,Canola,45.9,bu/ac
1990,312,Canola,11.3,bu/ac
1991,312,Canola,20,bu/ac
1992,312,Canola,25,bu/ac
1993,312,Canola,25.9,bu/ac
1994,312,Canola,23.8,bu/ac
1995,312,Canola,20.3,bu/ac
1996,312,Canola,23.3,bu/ac
1997,312,Canola,17.2,bu/ac
1998,312,Canola,22.3,bu/ac
1999,312,Canola,21.2,bu/ac
2000,312,Canola,25.4,bu/ac
2001,312,Canola,16.7,bu/ac
2002,312,Canola,20.5,bu/ac
2003,312,Canola,24.8,bu/ac
2004,312,Canola,21.9,bu/ac
2005,312,Canola,31.7,bu/ac
2006,312,Canola,27.5,bu/ac
2007,312,Canola,25.6,bu/ac
2008,312,Canola,35.5,bu/ac
2009,312,Canola,36.7,bu/ac
2010,312,Canola,25.4,bu/ac
2011,312,Canola,35,bu/ac
2012,312,Canola,27.6,bu/ac
2013,312,Canola,36.5,bu/ac
2014,312,Canola,27.69,bu/ac
2015,312,Canola,37.37,bu/ac
2016,312,Canola,38.7,bu/ac
2017,312,Canola,36.97,bu/ac
2018,312,Canola,40.8,bu/ac
2019,312,Canola,41.2,bu/ac
2020,312,Canola,32.7,bu/ac
2021,312,Canola,15.6,bu/ac
2022,312,Canola,37.7,bu/ac
2023,312,Canola,31.4,bu/ac
2024,312,Canola,40.8,bu/ac
2025,312,Canola,42.2,bu/ac
1990,313,Canola,20,bu/ac
1991,313,Canola,11,bu/ac
1992,313,Canola,30,bu/ac
1993,313,Canola,35.1,bu/ac
1994,313,Canola,26.6,bu/ac
1995,313,Canola,22.3,bu/ac
1996,313,Canola,24.4,bu/ac
1997,313,Canola,18.7,bu/ac
1998,313,Canola,17.5,bu/ac
1999,313,Canola,23.7,bu/ac
2000,313,Canola,20.3,bu/ac
2001,313,Canola,11.4,bu/ac
2002,313,Canola,11.9,bu/ac
2003,313,Canola,21.3,bu/ac
2004,313,Canola,21.2,bu/ac
2005,313,Canola,32.3,bu/ac
2006,313,Canola,22.8,bu/ac
2007,313,Canola,21.2,bu/ac
2008,313,Canola,34.7,bu/ac
2009,313,Canola,31.9,bu/ac
2010,313,Canola,22.7,bu/ac
2011,313,Canola,33.1,bu/ac
2012,313,Canola,26.5,bu/ac
2013,313,Canola,34.2,bu/ac
2014,313,Canola,28.98,bu/ac
2015,313,Canola,32.88,bu/ac
2016,313,Canola,37.1,bu/ac
2017,313,Canola,35.82,bu/ac
2018,313,Canola,34.4,bu/ac
2019,313,Canola,44.3,bu/ac
2020,313,Canola,31.1,bu/ac
2021,313,Canola,12.4,bu/ac
2022,313,Canola,25.9,bu/ac
2023,313,Canola,26,bu/ac
2024,313,Canola,35.2,bu/ac
2025,313,Canola,44,bu/ac
1990,314,Canola,16,bu/ac
1991,314,Canola,25,bu/ac
1992,314,Canola,33.5,bu/ac
1993,314,Canola,36,bu/ac
1994,314,Canola,27,bu/ac
1995,314,Canola,16,bu/ac
1996,314,Canola,28.6,bu/ac
1997,314,Canola,21.4,bu/ac
1998,314,Canola,19.3,bu/ac
1999,314,Canola,25,bu/ac
2000,314,Canola,28,bu/ac
2001,314,Canola,15.4,bu/ac
2002,314,Canola,17.5,bu/ac
2003,314,Canola,22.4,bu/ac
2004,314,Canola,27.1,bu/ac
2005,314,Canola,28.1,bu/ac
2006,314,Canola,27.5,bu/ac
2007,314,Canola,21.4,bu/ac
2008,314,Canola,25.6,bu/ac
2009,314,Canola,29.5,bu/ac
2010,314,Canola,28,bu/ac
2011,314,Canola,34.6,bu/ac
2012,314,Canola,23.5,bu/ac
2013,314,Canola,37.6,bu/ac
2014,314,Canola,35.44,bu/ac
2015,314,Canola,40.72,bu/ac
2016,314,Canola,44,bu/ac
2017,314,Canola,32.64,bu/ac
2018,314,Canola,33,bu/ac
2019,314,Canola,34,bu/ac
2020,314,Canola,43.3,bu/ac
2021,314,Canola,12.8,bu/ac
2022,314,Canola,28.7,bu/ac
2023,314,Canola,26.4,bu/ac
2024,314,Canola,34,bu/ac
2025,314,Canola,45.5,bu/ac
1990,315,Canola,30.6,bu/ac
1991,315,Canola,19.7,bu/ac
1992,315,Canola,30,bu/ac
1993,315,Canola,29.6,bu/ac
1994,315,Canola,29.4,bu/ac
1995,315,Canola,22.6,bu/ac
1996,315,Canola,27.7,bu/ac
1997,315,Canola,20.5,bu/ac
1998,315,Canola,25.5,bu/ac
1999,315,Canola,33.6,bu/ac
2000,315,Canola,28.5,bu/ac
2001,315,Canola,13.5,bu/ac
2002,315,Canola,11.4,bu/ac
2003,315,Canola,16.2,bu/ac
2004,315,Canola,26,bu/ac
2005,315,Canola,35.9,bu/ac
2006,315,Canola,24.5,bu/ac
2007,315,Canola,28.3,bu/ac
2008,315,Canola,31.2,bu/ac
2009,315,Canola,37.1,bu/ac
2010,315,Canola,40.2,bu/ac
2011,315,Canola,40.8,bu/ac
2012,315,Canola,25.6,bu/ac
2013,315,Canola,51.3,bu/ac
2014,315,Canola,46.09,bu/ac
2015,315,Canola,46.58,bu/ac
2016,315,Canola,46.1,bu/ac
2017,315,Canola,40.12,bu/ac
2018,315,Canola,37,bu/ac
2019,315,Canola,45.7,bu/ac
2020,315,Canola,37.1,bu/ac
2021,315,Canola,15.2,bu/ac
2022,315,Canola,19.9,bu/ac
2023,315,Canola,21.8,bu/ac
2024,315,Canola,32.7,bu/ac
2025,315,Canola,54,bu/ac
1990,316,Canola,10.2,bu/ac
1991,316,Canola,21.6,bu/ac
1992,316,Canola,22,bu/ac
1993,316,Canola,25,bu/ac
1994,316,Canola,30,bu/ac
1995,316,Canola,18,bu/ac
1996,316,Canola,20,bu/ac
1997,316,Canola,8.6,bu/ac
1998,316,Canola,10.5,bu/ac
1999,316,Canola,32.4,bu/ac
2000,316,Canola,32.5,bu/ac
2001,316,Canola,24.2,bu/ac
2002,316,Canola,12.6,bu/ac
2003,316,Canola,12.6,bu/ac
2004,316,Canola,22.8,bu/ac
2005,316,Canola,41.1,bu/ac
2006,316,Canola,31.7,bu/ac
2007,316,Canola,31.1,bu/ac
2008,316,Canola,32.1,bu/ac
2009,316,Canola,37.4,bu/ac
2010,316,Canola,34.6,bu/ac
2011,316,Canola,34.7,bu/ac
2012,316,Canola,24.6,bu/ac
2013,316,Canola,48.1,bu/ac
2014,316,Canola,40.45,bu/ac
2015,316,Canola,39.73,bu/ac
2016,316,Canola,44.7,bu/ac
2017,316,Canola,37.08,bu/ac
2018,316,Canola,34.5,bu/ac
2019,316,Canola,42.1,bu/ac
2020,316,Canola,38,bu/ac
2021,316,Canola,12.5,bu/ac
2022,316,Canola,12,bu/ac
2023,316,Canola,25.5,bu/ac
2024,316,Canola,33.8,bu/ac
2025,316,Canola,54.2,bu/ac
1990,317,Canola,20,bu/ac
1991,317,Canola,20.1,bu/ac
1992,317,Canola,18,bu/ac
1993,317,Canola,28.3,bu/ac
1994,317,Canola,27.3,bu/ac
1995,317,Canola,15.2,bu/ac
1996,317,Canola,22.9,bu/ac
1997,317,Canola,18.5,bu/ac
1998,317,Canola,12.3,bu/ac
1999,317,Canola,29.2,bu/ac
2000,317,Canola,28,bu/ac
2001,317,Canola,14.6,bu/ac
2002,317,Canola,12,bu/ac
2003,317,Canola,11.9,bu/ac
2004,317,Canola,25.4,bu/ac
2005,317,Canola,36.9,bu/ac
2006,317,Canola,26.9,bu/ac
2007,317,Canola,26.2,bu/ac
2008,317,Canola,27.7,bu/ac
2009,317,Canola,36.1,bu/ac
2010,317,Canola,31.5,bu/ac
2011,317,Canola,36.9,bu/ac
2012,317,Canola,24.7,bu/ac
2013,317,Canola,44.3,bu/ac
2014,317,Canola,32.12,bu/ac
2015,317,Canola,34.62,bu/ac
2016,317,Canola,37.8,bu/ac
2017,317,Canola,37.27,bu/ac
2018,317,Canola,42.7,bu/ac
2019,317,Canola,41.1,bu/ac
2020,317,Canola,33.9,bu/ac
2021,317,Canola,14.5,bu/ac
2022,317,Canola,21.4,bu/ac
2023,317,Canola,26.4,bu/ac
2024,317,Canola,36.7,bu/ac
2025,317,Canola,54.3,bu/ac
1990,318,Canola,18.5,bu/ac
1991,318,Canola,23,bu/ac
1992,318,Canola,20,bu/ac
1993,318,Canola,30,bu/ac
1994,318,Canola,25.1,bu/ac
1995,318,Canola,20.8,bu/ac
1996,318,Canola,28.8,bu/ac
1997,318,Canola,21,bu/ac
1998,318,Canola,12.2,bu/ac
1999,318,Canola,25.8,bu/ac
2000,318,Canola,25.3,bu/ac
2001,318,Canola,9.7,bu/ac
2003,318,Canola,16,bu/ac
2004,318,Canola,29.1,bu/ac
2005,318,Canola,37.6,bu/ac
2006,318,Canola,28.7,bu/ac
2007,318,Canola,26.8,bu/ac
2008,318,Canola,35,bu/ac
2009,318,Canola,39.8,bu/ac
2010,318,Canola,31.9,bu/ac
2011,318,Canola,39,bu/ac
2012,318,Canola,26,bu/ac
2013,318,Canola,40.4,bu/ac
2014,318,Canola,29.69,bu/ac
2015,318,Canola,38.62,bu/ac
2016,318,Canola,42.2,bu/ac
2017,318,Canola,44.29,bu/ac
2018,318,Canola,39.4,bu/ac
2019,318,Canola,42.3,bu/ac
2020,318,Canola,41.1,bu/ac
2021,318,Canola,14.7,bu/ac
2022,318,Canola,20.1,bu/ac
2023,318,Canola,24,bu/ac
2024,318,Canola,37,bu/ac
2025,318,Canola,51.8,bu/ac
1992,319,Canola,30,bu/ac
1993,319,Canola,27.3,bu/ac
1994,319,Canola,25.5,bu/ac
1995,319,Canola,17.7,bu/ac
1996,319,Canola,27.1,bu/ac
1997,319,Canola,20.5,bu/ac
1998,319,Canola,19.8,bu/ac
1999,319,Canola,28.9,bu/ac
2000,319,Canola,18.7,bu/ac
2001,319,Canola,14.8,bu/ac
2002,319,Canola,8.7,bu/ac
2003,319,Canola,12.3,bu/ac
2004,319,Canola,20.5,bu/ac
2005,319,Canola,24,bu/ac
2006,319,Canola,28.2,bu/ac
2007,319,Canola,22,bu/ac
2008,319,Canola,27.8,bu/ac
2009,319,Canola,31.8,bu/ac
2010,319,Canola,29.7,bu/ac
2011,319,Canola,30.3,bu/ac
2012,319,Canola,22.7,bu/ac
2013,319,Canola,40.1,bu/ac
2014,319,Canola,35.42,bu/ac
2015,319,Canola,33.56,bu/ac
2016,319,Canola,40.2,bu/ac
2017,319,Canola,40.22,bu/ac
2018,319,Canola,37.5,bu/ac
2019,319,Canola,37.9,bu/ac
2020,319,Canola,42.9,bu/ac
2021,319,Canola,15.9,bu/ac
2022,319,Canola,27,bu/ac
2023,319,Canola,26.3,bu/ac
2024,319,Canola,34.2,bu/ac
2025,319,Canola,47.8,bu/ac
1990,320,Canola,10,bu/ac
1991,320,Canola,15,bu/ac
1992,320,Canola,20.4,bu/ac
1993,320,Canola,20,bu/ac
1994,320,Canola,19.7,bu/ac
1995,320,Canola,14,bu/ac
1996,320,Canola,22.1,bu/ac
1997,320,Canola,21,bu/ac
1998,320,Canola,21,bu/ac
1999,320,Canola,23.3,bu/ac
2000,320,Canola,13.3,bu/ac
2001,320,Canola,9.6,bu/ac
2002,320,Canola,5.1,bu/ac
2003,320,Canola,11.9,bu/ac
2004,320,Canola,44,bu/ac
2005,320,Canola,33.9,bu/ac
2006,320,Canola,25.7,bu/ac
2007,320,Canola,17.3,bu/ac
2008,320,Canola,30.4,bu/ac
2009,320,Canola,28.8,bu/ac
2010,320,Canola,37.9,bu/ac
2011,320,Canola,34.4,bu/ac
2012,320,Canola,20.4,bu/ac
2013,320,Canola,40.7,bu/ac
2014,320,Canola,34.81,bu/ac
2015,320,Canola,29.81,bu/ac
2016,320,Canola,40,bu/ac
2017,320,Canola,32.35,bu/ac
2018,320,Canola,35.1,bu/ac
2019,320,Canola,21.8,bu/ac
2020,320,Canola,37.2,bu/ac
2021,320,Canola,15.6,bu/ac
2022,320,Canola,34,bu/ac
2023,320,Canola,25.3,bu/ac
2024,320,Canola,31.8,bu/ac
2025,320,Canola,47.9,bu/ac
1993,321,Canola,20,bu/ac
1994,321,Canola,25.1,bu/ac
1995,321,Canola,19.6,bu/ac
1996,321,Canola,20,bu/ac
1997,321,Canola,15.4,bu/ac
1998,321,Canola,21.3,bu/ac
1999,321,Canola,30.8,bu/ac
2000,321,Canola,21.3,bu/ac
2001,321,Canola,3.3,bu/ac
2002,321,Canola,15,bu/ac
2003,321,Canola,10.5,bu/ac
2004,321,Canola,25.9,bu/ac
2005,321,Canola,29.6,bu/ac
2006,321,Canola,18.5,bu/ac
2007,321,Canola,22.9,bu/ac
2008,321,Canola,36.8,bu/ac
2009,321,Canola,22,bu/ac
2010,321,Canola,29.8,bu/ac
2011,321,Canola,35.6,bu/ac
2012,321,Canola,18.7,bu/ac
2013,321,Canola,38.2,bu/ac
2014,321,Canola,34.06,bu/ac
2015,321,Canola,30.43,bu/ac
2016,321,Canola,40.7,bu/ac
2017,321,Canola,24.91,bu/ac
2018,321,Canola,32.1,bu/ac
2019,321,Canola,19.7,bu/ac
2020,321,Canola,31.9,bu/ac
2021,321,Canola,16.5,bu/ac
2022,321,Canola,37.6,bu/ac
2023,321,Canola,29.8,bu/ac
2024,321,Canola,26.7,bu/ac
2025,321,Canola,49.5,bu/ac
1993,322,Canola,25,bu/ac
1994,322,Canola,19.3,bu/ac
1995,322,Canola,21.7,bu/ac
1996,322,Canola,25,bu/ac
1997,322,Canola,14.5,bu/ac
1998,322,Canola,18.1,bu/ac
1999,322,Canola,28,bu/ac
2000,322,Canola,26.5,bu/ac
2001,322,Canola,6,bu/ac
2003,322,Canola,21.8,bu/ac
2004,322,Canola,21,bu/ac
2005,322,Canola,26.3,bu/ac
2006,322,Canola,20.8,bu/ac
2010,322,Canola,26.6,bu/ac
2011,322,Canola,24,bu/ac
2012,322,Canola,31.5,bu/ac
2013,322,Canola,34,bu/ac
2014,322,Canola,32.34,bu/ac
2015,322,Canola,21.56,bu/ac
2016,322,Canola,42.6,bu/ac
2017,322,Canola,21.77,bu/ac
2018,322,Canola,35,bu/ac
2019,322,Canola,29.1,bu/ac
2020,322,Canola,33.7,bu/ac
2021,322,Canola,14.9,bu/ac
2022,322,Canola,36.1,bu/ac
2023,322,Canola,22.7,bu/ac
2024,322,Canola,32.5,bu/ac
2025,322,Canola,53.1,bu/ac
1990,331,Canola,22.7,bu/ac
1991,331,Canola,26.4,bu/ac
1992,331,Canola,16.3,bu/ac
1993,331,Canola,16.3,bu/ac
1994,331,Canola,13.6,bu/ac
1995,331,Canola,25,bu/ac
1996,331,Canola,21.4,bu/ac
1997,331,Canola,28.1,bu/ac
1998,331,Canola,22.9,bu/ac
1999,331,Canola,24.7,bu/ac
2000,331,Canola,33.3,bu/ac
2001,331,Canola,23.8,bu/ac
2002,331,Canola,24.2,bu/ac
2003,331,Canola,32.3,bu/ac
2004,331,Canola,28,bu/ac
2005,331,Canola,39.7,bu/ac
2006,331,Canola,30,bu/ac
2007,331,Canola,31.8,bu/ac
2008,331,Canola,34.5,bu/ac
2009,331,Canola,36.9,bu/ac
2010,331,Canola,27.8,bu/ac
2011,331,Canola,36.1,bu/ac
2012,331,Canola,15.8,bu/ac
2013,331,Canola,36.3,bu/ac
2014,331,Canola,30.37,bu/ac
2015,331,Canola,40.08,bu/ac
2016,331,Canola,49.2,bu/ac
2017,331,Canola,49.19,bu/ac
2018,331,Canola,49.2,bu/ac
2019,331,Canola,47.9,bu/ac
2020,331,Canola,41.1,bu/ac
2021,331,Canola,29,bu/ac
2022,331,Canola,41.7,bu/ac
2023,331,Canola,43.7,bu/ac
2024,331,Canola,31.6,bu/ac
2025,331,Canola,36.7,bu/ac
1990,333,Canola,22.5,bu/ac
1991,333,Canola,20.8,bu/ac
1992,333,Canola,17.9,bu/ac
1993,333,Canola,14.6,bu/ac
1994,333,Canola,14.8,bu/ac
1995,333,Canola,22.5,bu/ac
1996,333,Canola,26.2,bu/ac
1997,333,Canola,30.5,bu/ac
1998,333,Canola,24.6,bu/ac
1999,333,Canola,26.5,bu/ac
2000,333,Canola,23.6,bu/ac
2001,333,Canola,26.4,bu/ac
2002,333,Canola,29,bu/ac
2003,333,Canola,37.8,bu/ac
2004,333,Canola,15.1,bu/ac
2005,333,Canola,38,bu/ac
2006,333,Canola,34.8,bu/ac
2007,333,Canola,27.8,bu/ac
2008,333,Canola,38,bu/ac
2009,333,Canola,42.7,bu/ac
2010,333,Canola,34.6,bu/ac
2011,333,Canola,40.9,bu/ac
2012,333,Canola,21.4,bu/ac
2013,333,Canola,40.3,bu/ac
2014,333,Canola,39.25,bu/ac
2015,333,Canola,37.97,bu/ac
2016,333,Canola,45.8,bu/ac
2017,333,Canola,49.42,bu/ac
2018,333,Canola,49.4,bu/ac
2019,333,Canola,30.2,bu/ac
2020,333,Canola,49.3,bu/ac
2021,333,Canola,37.2,bu/ac
2022,333,Canola,48,bu/ac
2023,333,Canola,58.6,bu/ac
2024,333,Canola,34.9,bu/ac
2025,333,Canola,46.4,bu/ac
1990,334,Canola,24.5,bu/ac
1991,334,Canola,21.2,bu/ac
1992,334,Canola,17,bu/ac
1993,334,Canola,14.2,bu/ac
1994,334,Canola,16.8,bu/ac
1995,334,Canola,12.5,bu/ac
1996,334,Canola,18.3,bu/ac
1997,334,Canola,25.1,bu/ac
1998,334,Canola,24.7,bu/ac
1999,334,Canola,29.4,bu/ac
2000,334,Canola,22.2,bu/ac
2001,334,Canola,25.1,bu/ac
2002,334,Canola,23.3,bu/ac
2003,334,Canola,33,bu/ac
2004,334,Canola,20.1,bu/ac
2005,334,Canola,33.1,bu/ac
2006,334,Canola,29.4,bu/ac
2007,334,Canola,25.1,bu/ac
2008,334,Canola,36,bu/ac
2009,334,Canola,36.8,bu/ac
2010,334,Canola,23,bu/ac
2011,334,Canola,38.2,bu/ac
2012,334,Canola,24.5,bu/ac
2013,334,Canola,41.7,bu/ac
2014,334,Canola,35.32,bu/ac
2015,334,Canola,37.87,bu/ac
2016,334,Canola,41.1,bu/ac
2017,334,Canola,47.26,bu/ac
2018,334,Canola,47.3,bu/ac
2019,334,Canola,52.5,bu/ac
2020,334,Canola,52.1,bu/ac
2021,334,Canola,34.8,bu/ac
2022,334,Canola,45.2,bu/ac
2023,334,Canola,56.6,bu/ac
2024,334,Canola,34.7,bu/ac
2025,334,Canola,44.2,bu/ac
1990,335,Canola,23,bu/ac
1991,335,Canola,18.2,bu/ac
1992,335,Canola,19.9,bu/ac
1993,335,Canola,16.6,bu/ac
1994,335,Canola,11.7,bu/ac
1995,335,Canola,12.7,bu/ac
1996,335,Canola,14.1,bu/ac
1997,335,Canola,19.2,bu/ac
1998,335,Canola,23.8,bu/ac
1999,335,Canola,19,bu/ac
2000,335,Canola,23.8,bu/ac
2001,335,Canola,24.9,bu/ac
2002,335,Canola,23.5,bu/ac
2003,335,Canola,22,bu/ac
2004,335,Canola,8.2,bu/ac
2005,335,Canola,30.3,bu/ac
2006,335,Canola,26.8,bu/ac
2007,335,Canola,26.1,bu/ac
2008,335,Canola,34.9,bu/ac
2009,335,Canola,31.6,bu/ac
2010,335,Canola,19.9,bu/ac
2011,335,Canola,31.9,bu/ac
2012,335,Canola,19.2,bu/ac
2013,335,Canola,34.9,bu/ac
2014,335,Canola,26.85,bu/ac
2015,335,Canola,40.15,bu/ac
2016,335,Canola,44,bu/ac
2017,335,Canola,43.42,bu/ac
2018,335,Canola,43.4,bu/ac
2019,335,Canola,46.5,bu/ac
2020,335,Canola,43.4,bu/ac
2021,335,Canola,34.8,bu/ac
2022,335,Canola,46.4,bu/ac
2023,335,Canola,55.9,bu/ac
2024,335,Canola,41.3,bu/ac
2025,335,Canola,48.6,bu/ac
1990,336,Canola,22.5,bu/ac
1991,336,Canola,21.2,bu/ac
1992,336,Canola,20.3,bu/ac
1993,336,Canola,17.2,bu/ac
1994,336,Canola,18.8,bu/ac
1995,336,Canola,16.5,bu/ac
1996,336,Canola,22.3,bu/ac
1997,336,Canola,20.9,bu/ac
1998,336,Canola,27.2,bu/ac
1999,336,Canola,27.8,bu/ac
2000,336,Canola,26,bu/ac
2001,336,Canola,22,bu/ac
2002,336,Canola,19.2,bu/ac
2003,336,Canola,28,bu/ac
2004,336,Canola,12.8,bu/ac
2005,336,Canola,29.5,bu/ac
2006,336,Canola,25.2,bu/ac
2007,336,Canola,21.6,bu/ac
2008,336,Canola,37,bu/ac
2009,336,Canola,33.9,bu/ac
2010,336,Canola,20.4,bu/ac
2011,336,Canola,32.5,bu/ac
2012,336,Canola,26.4,bu/ac
2013,336,Canola,40.9,bu/ac
2014,336,Canola,35.67,bu/ac
2015,336,Canola,41.87,bu/ac
2016,336,Canola,40.1,bu/ac
2017,336,Canola,44.19,bu/ac
2018,336,Canola,40.2,bu/ac
2019,336,Canola,49,bu/ac
2020,336,Canola,47.5,bu/ac
2021,336,Canola,30.2,bu/ac
2022,336,Canola,49.5,bu/ac
2023,336,Canola,55.3,bu/ac
2024,336,Canola,39.3,bu/ac
2025,336,Canola,45.8,bu/ac
1990,337,Canola,16.2,bu/ac
1991,337,Canola,20.4,bu/ac
1992,337,Canola,13.4,bu/ac
1993,337,Canola,20.1,bu/ac
1994,337,Canola,22.2,bu/ac
1995,337,Canola,16.8,bu/ac
1996,337,Canola,23.7,bu/ac
1997,337,Canola,19.9,bu/ac
1998,337,Canola,24.4,bu/ac
1999,337,Canola,27.2,bu/ac
2000,337,Canola,23.8,bu/ac
2001,337,Canola,20.1,bu/ac
2002,337,Canola,20.4,bu/ac
2003,337,Canola,24.4,bu/ac
2004,337,Canola,17,bu/ac
2005,337,Canola,30.8,bu/ac
2006,337,Canola,25.8,bu/ac
2007,337,Canola,22,bu/ac
2008,337,Canola,31.6,bu/ac
2009,337,Canola,31.1,bu/ac
2010,337,Canola,23.9,bu/ac
2011,337,Canola,31.4,bu/ac
2012,337,Canola,25.2,bu/ac
2013,337,Canola,39,bu/ac
2014,337,Canola,29.99,bu/ac
2015,337,Canola,40.37,bu/ac
2016,337,Canola,38.3,bu/ac
2017,337,Canola,47.3,bu/ac
2018,337,Canola,47.3,bu/ac
2019,337,Canola,49,bu/ac
2020,337,Canola,46.7,bu/ac
2021,337,Canola,26.6,bu/ac
2022,337,Canola,47.6,bu/ac
2023,337,Canola,52,bu/ac
2024,337,Canola,44.1,bu/ac
2025,337,Canola,50,bu/ac
1990,338,Canola,13.4,bu/ac
1991,338,Canola,20.1,bu/ac
1992,338,Canola,21.2,bu/ac
1993,338,Canola,19.2,bu/ac
1994,338,Canola,22.7,bu/ac
1995,338,Canola,25,bu/ac
1996,338,Canola,26.5,bu/ac
1997,338,Canola,23.1,bu/ac
1998,338,Canola,28.3,bu/ac
1999,338,Canola,29.2,bu/ac
2000,338,Canola,27.9,bu/ac
2001,338,Canola,24.1,bu/ac
2002,338,Canola,18.5,bu/ac
2003,338,Canola,28.1,bu/ac
2004,338,Canola,18.7,bu/ac
2005,338,Canola,30.8,bu/ac
2006,338,Canola,32.6,bu/ac
2007,338,Canola,26.7,bu/ac
2008,338,Canola,35.8,bu/ac
2009,338,Canola,37.9,bu/ac
2010,338,Canola,26.1,bu/ac
2011,338,Canola,40.3,bu/ac
2012,338,Canola,32.7,bu/ac
2013,338,Canola,43.7,bu/ac
2014,338,Canola,36.57,bu/ac
2015,338,Canola,44.19,bu/ac
2016,338,Canola,47.4,bu/ac
2017,338,Canola,52.95,bu/ac
2018,338,Canola,52.9,bu/ac
2019,338,Canola,51.2,bu/ac
2020,338,Canola,44.3,bu/ac
2021,338,Canola,22.9,bu/ac
2022,338,Canola,50.6,bu/ac
2023,338,Canola,54.1,bu/ac
2024,338,Canola,42.1,bu/ac
2025,338,Canola,48.7,bu/ac
1990,339,Canola,15,bu/ac
1991,339,Canola,21,bu/ac
1992,339,Canola,27.2,bu/ac
1993,339,Canola,22.6,bu/ac
1994,339,Canola,24.3,bu/ac
1995,339,Canola,25.4,bu/ac
1996,339,Canola,27.9,bu/ac
1997,339,Canola,21.8,bu/ac
1998,339,Canola,27.4,bu/ac
1999,339,Canola,26.8,bu/ac
2000,339,Canola,27.5,bu/ac
2001,339,Canola,19.7,bu/ac
2002,339,Canola,18.7,bu/ac
2003,339,Canola,24.2,bu/ac
2004,339,Canola,20.6,bu/ac
2005,339,Canola,33.4,bu/ac
2006,339,Canola,25.8,bu/ac
2007,339,Canola,22.9,bu/ac
2008,339,Canola,31.4,bu/ac
2009,339,Canola,29,bu/ac
2010,339,Canola,16.5,bu/ac
2011,339,Canola,33.3,bu/ac
2012,339,Canola,24.3,bu/ac
2013,339,Canola,36.4,bu/ac
2014,339,Canola,25.65,bu/ac
2015,339,Canola,38.52,bu/ac
2016,339,Canola,42.1,bu/ac
2017,339,Canola,42.28,bu/ac
2018,339,Canola,42.3,bu/ac
2019,339,Canola,36.3,bu/ac
2020,339,Canola,34.7,bu/ac
2021,339,Canola,17.2,bu/ac
2022,339,Canola,49.2,bu/ac
2023,339,Canola,50.4,bu/ac
2024,339,Canola,34.2,bu/ac
2025,339,Canola,44.3,bu/ac
1990,340,Canola,12,bu/ac
1991,340,Canola,18.6,bu/ac
1992,340,Canola,26.4,bu/ac
1993,340,Canola,27.6,bu/ac
1994,340,Canola,23.6,bu/ac
1995,340,Canola,21.2,bu/ac
1996,340,Canola,25.8,bu/ac
1997,340,Canola,19.6,bu/ac
1998,340,Canola,25.7,bu/ac
1999,340,Canola,27.4,bu/ac
2000,340,Canola,25.6,bu/ac
2001,340,Canola,19.5,bu/ac
2002,340,Canola,25.9,bu/ac
2003,340,Canola,20.8,bu/ac
2004,340,Canola,21.9,bu/ac
2005,340,Canola,32.1,bu/ac
2006,340,Canola,27,bu/ac
2007,340,Canola,27,bu/ac
2008,340,Canola,30.6,bu/ac
2009,340,Canola,30.7,bu/ac
2010,340,Canola,18.6,bu/ac
2011,340,Canola,30.9,bu/ac
2012,340,Canola,25.3,bu/ac
2013,340,Canola,33.3,bu/ac
2014,340,Canola,24.44,bu/ac
2015,340,Canola,37.56,bu/ac
2016,340,Canola,37.7,bu/ac
2017,340,Canola,32.53,bu/ac
2018,340,Canola,36.8,bu/ac
2019,340,Canola,43.4,bu/ac
2020,340,Canola,39,bu/ac
2021,340,Canola,18.4,bu/ac
2022,340,Canola,48.9,bu/ac
2023,340,Canola,50.6,bu/ac
2024,340,Canola,37.1,bu/ac
2025,340,Canola,44.8,bu/ac
1990,341,Canola,15,bu/ac
1991,341,Canola,20,bu/ac
1992,341,Canola,21,bu/ac
1993,341,Canola,23.2,bu/ac
1994,341,Canola,23.6,bu/ac
1995,341,Canola,21.8,bu/ac
1996,341,Canola,25.2,bu/ac
1997,341,Canola,16.1,bu/ac
1998,341,Canola,24,bu/ac
1999,341,Canola,28.1,bu/ac
2000,341,Canola,21,bu/ac
2001,341,Canola,14.6,bu/ac
2002,341,Canola,17.9,bu/ac
2003,341,Canola,19.3,bu/ac
2004,341,Canola,17.7,bu/ac
2005,341,Canola,31.8,bu/ac
2006,341,Canola,27.9,bu/ac
2007,341,Canola,26,bu/ac
2008,341,Canola,32.7,bu/ac
2009,341,Canola,34.6,bu/ac
2010,341,Canola,24.8,bu/ac
2011,341,Canola,32.5,bu/ac
2012,341,Canola,26.1,bu/ac
2013,341,Canola,32.9,bu/ac
2014,341,Canola,28.4,bu/ac
2015,341,Canola,34,bu/ac
2016,341,Canola,36.7,bu/ac
2017,341,Canola,42.64,bu/ac
2018,341,Canola,42.6,bu/ac
2019,341,Canola,42.8,bu/ac
2020,341,Canola,35.4,bu/ac
2021,341,Canola,15.8,bu/ac
2022,341,Canola,44.5,bu/ac
2023,341,Canola,40.5,bu/ac
2024,341,Canola,34.8,bu/ac
2025,341,Canola,41.8,bu/ac
1990,342,Canola,13,bu/ac
1991,342,Canola,17.5,bu/ac
1992,342,Canola,29.5,bu/ac
1993,342,Canola,29.3,bu/ac
1994,342,Canola,28.2,bu/ac
1995,342,Canola,23,bu/ac
1996,342,Canola,26.8,bu/ac
1997,342,Canola,18,bu/ac
1998,342,Canola,23.1,bu/ac
1999,342,Canola,27.6,bu/ac
2000,342,Canola,27.8,bu/ac
2001,342,Canola,11.8,bu/ac
2002,342,Canola,14.6,bu/ac
2003,342,Canola,21.7,bu/ac
2004,342,Canola,22.3,bu/ac
2005,342,Canola,27.7,bu/ac
2006,342,Canola,25.9,bu/ac
2007,342,Canola,18.3,bu/ac
2008,342,Canola,31.8,bu/ac
2009,342,Canola,31,bu/ac
2010,342,Canola,24.1,bu/ac
2011,342,Canola,33.1,bu/ac
2012,342,Canola,28.2,bu/ac
2013,342,Canola,35.9,bu/ac
2014,342,Canola,32.76,bu/ac
2015,342,Canola,40.42,bu/ac
2016,342,Canola,41.5,bu/ac
2017,342,Canola,40.73,bu/ac
2018,342,Canola,37.4,bu/ac
2019,342,Canola,45.2,bu/ac
2020,342,Canola,33.7,bu/ac
2021,342,Canola,15.8,bu/ac
2022,342,Canola,42,bu/ac
2023,342,Canola,33.2,bu/ac
2024,342,Canola,32.6,bu/ac
2025,342,Canola,43.2,bu/ac
1990,343,Canola,13.5,bu/ac
1991,343,Canola,18.9,bu/ac
1992,343,Canola,23,bu/ac
1993,343,Canola,26.8,bu/ac
1994,343,Canola,23,bu/ac
1995,343,Canola,20.7,bu/ac
1996,343,Canola,20.9,bu/ac
1997,343,Canola,20.1,bu/ac
1998,343,Canola,23,bu/ac
1999,343,Canola,29.4,bu/ac
2000,343,Canola,26.7,bu/ac
2001,343,Canola,8.1,bu/ac
2002,343,Canola,11.3,bu/ac
2003,343,Canola,23,bu/ac
2004,343,Canola,26.5,bu/ac
2005,343,Canola,31.4,bu/ac
2006,343,Canola,25.3,bu/ac
2007,343,Canola,26.2,bu/ac
2008,343,Canola,32,bu/ac
2009,343,Canola,33.7,bu/ac
2010,343,Canola,31.2,bu/ac
2011,343,Canola,37.3,bu/ac
2012,343,Canola,27.3,bu/ac
2013,343,Canola,44.4,bu/ac
2014,343,Canola,33.33,bu/ac
2015,343,Canola,38.84,bu/ac
2016,343,Canola,39.6,bu/ac
2017,343,Canola,45.42,bu/ac
2018,343,Canola,45.4,bu/ac
2019,343,Canola,41.6,bu/ac
2020,343,Canola,33.9,bu/ac
2021,343,Canola,12.9,bu/ac
2022,343,Canola,33.4,bu/ac
2023,343,Canola,28.5,bu/ac
2024,343,Canola,32.6,bu/ac
2025,343,Canola,46.3,bu/ac
1990,344,Canola,18.3,bu/ac
1991,344,Canola,20.3,bu/ac
1992,344,Canola,18.9,bu/ac
1993,344,Canola,28.4,bu/ac
1994,344,Canola,23.4,bu/ac
1995,344,Canola,25.2,bu/ac
1996,344,Canola,24.7,bu/ac
1997,344,Canola,19.7,bu/ac
1998,344,Canola,19.6,bu/ac
1999,344,Canola,29.4,bu/ac
2000,344,Canola,24.9,bu/ac
2001,344,Canola,16,bu/ac
2002,344,Canola,9.5,bu/ac
2003,344,Canola,16.7,bu/ac
2004,344,Canola,25.4,bu/ac
2005,344,Canola,33.8,bu/ac
2006,344,Canola,28.1,bu/ac
2007,344,Canola,23.6,bu/ac
2008,344,Canola,32.9,bu/ac
2009,344,Canola,34.5,bu/ac
2010,344,Canola,26.8,bu/ac
2011,344,Canola,33.3,bu/ac
2012,344,Canola,20.3,bu/ac
2013,344,Canola,36.8,bu/ac
2014,344,Canola,33.15,bu/ac
2015,344,Canola,32.63,bu/ac
2016,344,Canola,38.5,bu/ac
2017,344,Canola,41.63,bu/ac
2018,344,Canola,37.9,bu/ac
2019,344,Canola,38,bu/ac
2020,344,Canola,33.2,bu/ac
2021,344,Canola,10.7,bu/ac
2022,344,Canola,20.4,bu/ac
2023,344,Canola,28.4,bu/ac
2024,344,Canola,41.7,bu/ac
2025,344,Canola,46.2,bu/ac
1990,345,Canola,23,bu/ac
1991,345,Canola,26.3,bu/ac
1992,345,Canola,20,bu/ac
1993,345,Canola,33.4,bu/ac
1994,345,Canola,29.8,bu/ac
1995,345,Canola,30.4,bu/ac
1996,345,Canola,25.7,bu/ac
1997,345,Canola,24,bu/ac
1998,345,Canola,15.5,bu/ac
1999,345,Canola,34,bu/ac
2000,345,Canola,29.1,bu/ac
2001,345,Canola,20.5,bu/ac
2002,345,Canola,18.4,bu/ac
2003,345,Canola,20.4,bu/ac
2004,345,Canola,25,bu/ac
2005,345,Canola,37.3,bu/ac
2006,345,Canola,32.4,bu/ac
2007,345,Canola,23,bu/ac
2008,345,Canola,32.5,bu/ac
2009,345,Canola,35.9,bu/ac
2010,345,Canola,32.2,bu/ac
2011,345,Canola,34.4,bu/ac
2012,345,Canola,28.3,bu/ac
2013,345,Canola,43,bu/ac
2014,345,Canola,39.75,bu/ac
2015,345,Canola,40.76,bu/ac
2016,345,Canola,41.2,bu/ac
2017,345,Canola,42.25,bu/ac
2018,345,Canola,42.2,bu/ac
2019,345,Canola,42.1,bu/ac
2020,345,Canola,43.9,bu/ac
2021,345,Canola,13.7,bu/ac
2022,345,Canola,21.5,bu/ac
2023,345,Canola,29.2,bu/ac
2024,345,Canola,36.6,bu/ac
2025,345,Canola,54.9,bu/ac
1990,346,Canola,33.2,bu/ac
1991,346,Canola,25.1,bu/ac
1992,346,Canola,24.3,bu/ac
1993,346,Canola,31.1,bu/ac
1994,346,Canola,26.8,bu/ac
1995,346,Canola,32.6,bu/ac
1996,346,Canola,25,bu/ac
1997,346,Canola,23.5,bu/ac
1998,346,Canola,19.5,bu/ac
1999,346,Canola,34.1,bu/ac
2000,346,Canola,36.8,bu/ac
2001,346,Canola,24.1,bu/ac
2002,346,Canola,11.2,bu/ac
2003,346,Canola,17.6,bu/ac
2004,346,Canola,28.7,bu/ac
2005,346,Canola,34.5,bu/ac
2006,346,Canola,31.8,bu/ac
2007,346,Canola,20.4,bu/ac
2008,346,Canola,29.3,bu/ac
2009,346,Canola,36.5,bu/ac
2010,346,Canola,33.3,bu/ac
2011,346,Canola,33.6,bu/ac
2012,346,Canola,23.1,bu/ac
2013,346,Canola,40,bu/ac
2014,346,Canola,38.48,bu/ac
2015,346,Canola,37.92,bu/ac
2016,346,Canola,44.2,bu/ac
2017,346,Canola,43.86,bu/ac
2018,346,Canola,48,bu/ac
2019,346,Canola,44.7,bu/ac
2020,346,Canola,40.9,bu/ac
2021,346,Canola,11.5,bu/ac
2022,346,Canola,15.3,bu/ac
2023,346,Canola,25,bu/ac
2024,346,Canola,32.1,bu/ac
2025,346,Canola,53.4,bu/ac
1990,347,Canola,21.3,bu/ac
1991,347,Canola,19.8,bu/ac
1992,347,Canola,23.5,bu/ac
1993,347,Canola,24.1,bu/ac
1994,347,Canola,27.6,bu/ac
1995,347,Canola,17.9,bu/ac
1996,347,Canola,25.7,bu/ac
1997,347,Canola,16.8,bu/ac
1998,347,Canola,11.7,bu/ac
1999,347,Canola,30.1,bu/ac
2000,347,Canola,24.8,bu/ac
2001,347,Canola,22.9,bu/ac
2002,347,Canola,16.2,bu/ac
2003,347,Canola,16.8,bu/ac
2004,347,Canola,19.1,bu/ac
2005,347,Canola,35.4,bu/ac
2006,347,Canola,31.1,bu/ac
2007,347,Canola,28.9,bu/ac
2008,347,Canola,31,bu/ac
2009,347,Canola,40.3,bu/ac
2010,347,Canola,29.8,bu/ac
2011,347,Canola,32.4,bu/ac
2012,347,Canola,25.8,bu/ac
2013,347,Canola,40,bu/ac
2014,347,Canola,37.46,bu/ac
2015,347,Canola,37.44,bu/ac
2016,347,Canola,40.7,bu/ac
2017,347,Canola,35.17,bu/ac
2018,347,Canola,39.4,bu/ac
2019,347,Canola,41.1,bu/ac
2020,347,Canola,38.9,bu/ac
2021,347,Canola,13.9,bu/ac
2022,347,Canola,26.5,bu/ac
2023,347,Canola,28.1,bu/ac
2024,347,Canola,37.1,bu/ac
2025,347,Canola,47.8,bu/ac
1990,349,Canola,23.3,bu/ac
1991,349,Canola,24.6,bu/ac
1992,349,Canola,23.8,bu/ac
1993,349,Canola,26.1,bu/ac
1994,349,Canola,21.5,bu/ac
1995,349,Canola,17.8,bu/ac
1996,349,Canola,23.8,bu/ac
1997,349,Canola,19.3,bu/ac
1998,349,Canola,17.1,bu/ac
1999,349,Canola,31.1,bu/ac
2000,349,Canola,22.2,bu/ac
2001,349,Canola,17.2,bu/ac
2002,349,Canola,10.1,bu/ac
2003,349,Canola,10.8,bu/ac
2004,349,Canola,22.2,bu/ac
2005,349,Canola,32.1,bu/ac
2006,349,Canola,26.6,bu/ac
2007,349,Canola,22.5,bu/ac
2008,349,Canola,31.8,bu/ac
2009,349,Canola,26.9,bu/ac
2010,349,Canola,36.9,bu/ac
2011,349,Canola,38.5,bu/ac
2012,349,Canola,22.4,bu/ac
2013,349,Canola,39.2,bu/ac
2014,349,Canola,39.04,bu/ac
2015,349,Canola,30.45,bu/ac
2016,349,Canola,44.3,bu/ac
2017,349,Canola,36.21,bu/ac
2018,349,Canola,36.2,bu/ac
2019,349,Canola,39.5,bu/ac
2020,349,Canola,43.8,bu/ac
2021,349,Canola,14.9,bu/ac
2022,349,Canola,28.1,bu/ac
2023,349,Canola,32.6,bu/ac
2024,349,Canola,33.2,bu/ac
2025,349,Canola,50.1,bu/ac
1990,350,Canola,15,bu/ac
1991,350,Canola,25,bu/ac
1992,350,Canola,30,bu/ac
1993,350,Canola,25.7,bu/ac
1994,350,Canola,27.3,bu/ac
1995,350,Canola,13.9,bu/ac
1996,350,Canola,26.5,bu/ac
1997,350,Canola,18.1,bu/ac
1998,350,Canola,17.6,bu/ac
1999,350,Canola,30,bu/ac
2000,350,Canola,19.1,bu/ac
2001,350,Canola,9.9,bu/ac
2002,350,Canola,3.6,bu/ac
2003,350,Canola,9.3,bu/ac
2004,350,Canola,28.9,bu/ac
2005,350,Canola,32.6,bu/ac
2006,350,Canola,25,bu/ac
2007,350,Canola,20,bu/ac
2008,350,Canola,29.6,bu/ac
2009,350,Canola,30.7,bu/ac
2010,350,Canola,36.5,bu/ac
2011,350,Canola,37.2,bu/ac
2012,350,Canola,24.7,bu/ac
2013,350,Canola,44.2,bu/ac
2014,350,Canola,36.24,bu/ac
2015,350,Canola,34.21,bu/ac
2016,350,Canola,37.9,bu/ac
2017,350,Canola,37.33,bu/ac
2018,350,Canola,32.9,bu/ac
2019,350,Canola,41.4,bu/ac
2020,350,Canola,45.1,bu/ac
2021,350,Canola,15.5,bu/ac
2022,350,Canola,33,bu/ac
2023,350,Canola,25.2,bu/ac
2024,350,Canola,31.5,bu/ac
2025,350,Canola,45.8,bu/ac
1990,351,Canola,20,bu/ac
1991,351,Canola,23,bu/ac
1992,351,Canola,29,bu/ac
1993,351,Canola,29.8,bu/ac
1994,351,Canola,24.9,bu/ac
1995,351,Canola,21.7,bu/ac
1996,351,Canola,24.5,bu/ac
1997,351,Canola,22.6,bu/ac
1998,351,Canola,22,bu/ac
1999,351,Canola,31.6,bu/ac
2000,351,Canola,23.5,bu/ac
2001,351,Canola,16.1,bu/ac
2002,351,Canola,17,bu/ac
2003,351,Canola,13.2,bu/ac
2004,351,Canola,32.3,bu/ac
2005,351,Canola,33.7,bu/ac
2006,351,Canola,25.7,bu/ac
2007,351,Canola,26.3,bu/ac
2008,351,Canola,34.7,bu/ac
2009,351,Canola,35.6,bu/ac
2010,351,Canola,35.3,bu/ac
2011,351,Canola,37,bu/ac
2012,351,Canola,22.1,bu/ac
2013,351,Canola,36.8,bu/ac
2014,351,Canola,34.17,bu/ac
2015,351,Canola,29.52,bu/ac
2016,351,Canola,37.8,bu/ac
2017,351,Canola,30.05,bu/ac
2018,351,Canola,36.5,bu/ac
2019,351,Canola,34.2,bu/ac
2020,351,Canola,38.4,bu/ac
2021,351,Canola,18.9,bu/ac
2022,351,Canola,32.1,bu/ac
2023,351,Canola,30.3,bu/ac
2024,351,Canola,38.5,bu/ac
2025,351,Canola,48.5,bu/ac
1990,352,Canola,8.5,bu/ac
1991,352,Canola,25,bu/ac
1992,352,Canola,25.1,bu/ac
1993,352,Canola,29.1,bu/ac
1994,352,Canola,31.4,bu/ac
1995,352,Canola,25.3,bu/ac
1996,352,Canola,28.3,bu/ac
1997,352,Canola,21.6,bu/ac
1998,352,Canola,19.6,bu/ac
1999,352,Canola,29.4,bu/ac
2000,352,Canola,21.6,bu/ac
2001,352,Canola,14.4,bu/ac
2002,352,Canola,11.1,bu/ac
2003,352,Canola,12.7,bu/ac
2004,352,Canola,21.2,bu/ac
2005,352,Canola,35.1,bu/ac
2006,352,Canola,22.6,bu/ac
2007,352,Canola,26.6,bu/ac
2008,352,Canola,34.9,bu/ac
2009,352,Canola,25.2,bu/ac
2010,352,Canola,34.7,bu/ac
2011,352,Canola,34.6,bu/ac
2012,352,Canola,25.5,bu/ac
2013,352,Canola,36,bu/ac
2014,352,Canola,33.62,bu/ac
2015,352,Canola,31.37,bu/ac
2016,352,Canola,41.7,bu/ac
2017,352,Canola,29.86,bu/ac
2018,352,Canola,38.3,bu/ac
2019,352,Canola,33.1,bu/ac
2020,352,Canola,44,bu/ac
2021,352,Canola,9.5,bu/ac
2022,352,Canola,27.1,bu/ac
2023,352,Canola,35,bu/ac
2024,352,Canola,35.4,bu/ac
2025,352,Canola,46.1,bu/ac
1990,366,Canola,20.7,bu/ac
1991,366,Canola,22.9,bu/ac
1992,366,Canola,15,bu/ac
1993,366,Canola,15.4,bu/ac
1994,366,Canola,17.1,bu/ac
1995,366,Canola,18.5,bu/ac
1996,366,Canola,18.9,bu/ac
1997,366,Canola,23.7,bu/ac
1998,366,Canola,25.9,bu/ac
1999,366,Canola,28.1,bu/ac
2000,366,Canola,27,bu/ac
2001,366,Canola,22.6,bu/ac
2002,366,Canola,19.9,bu/ac
2003,366,Canola,25.3,bu/ac
2004,366,Canola,8.7,bu/ac
2005,366,Canola,30.3,bu/ac
2006,366,Canola,26.7,bu/ac
2007,366,Canola,23.1,bu/ac
2008,366,Canola,32.8,bu/ac
2009,366,Canola,32.8,bu/ac
2010,366,Canola,22.5,bu/ac
2011,366,Canola,30.8,bu/ac
2012,366,Canola,16.2,bu/ac
2013,366,Canola,35.9,bu/ac
2014,366,Canola,31.76,bu/ac
2015,366,Canola,38.94,bu/ac
2016,366,Canola,29.9,bu/ac
2017,366,Canola,33.66,bu/ac
2018,366,Canola,38.2,bu/ac
2019,366,Canola,43.4,bu/ac
2020,366,Canola,45.3,bu/ac
2021,366,Canola,35.2,bu/ac
2022,366,Canola,44.9,bu/ac
2023,366,Canola,48.6,bu/ac
2024,366,Canola,38.1,bu/ac
2025,366,Canola,42.3,bu/ac
1990,367,Canola,19.6,bu/ac
1991,367,Canola,21.1,bu/ac
1992,367,Canola,18.8,bu/ac
1993,367,Canola,16.6,bu/ac
1994,367,Canola,16.6,bu/ac
1995,367,Canola,16.5,bu/ac
1996,367,Canola,23.8,bu/ac
1997,367,Canola,25.2,bu/ac
1998,367,Canola,26.3,bu/ac
1999,367,Canola,28.1,bu/ac
2000,367,Canola,24.5,bu/ac
2001,367,Canola,21.5,bu/ac
2002,367,Canola,17.7,bu/ac
2003,367,Canola,22.9,bu/ac
2004,367,Canola,17.7,bu/ac
2005,367,Canola,31.4,bu/ac
2006,367,Canola,31.3,bu/ac
2007,367,Canola,24.6,bu/ac
2008,367,Canola,35.1,bu/ac
2009,367,Canola,26.9,bu/ac
2010,367,Canola,20.6,bu/ac
2011,367,Canola,34.5,bu/ac
2012,367,Canola,20.8,bu/ac
2013,367,Canola,39.8,bu/ac
2014,367,Canola,30.07,bu/ac
2015,367,Canola,43.38,bu/ac
2016,367,Canola,41.5,bu/ac
2017,367,Canola,43.97,bu/ac
2018,367,Canola,45.3,bu/ac
2019,367,Canola,50.7,bu/ac
2020,367,Canola,47.2,bu/ac
2021,367,Canola,30.2,bu/ac
2022,367,Canola,52.7,bu/ac
2023,367,Canola,56.6,bu/ac
2024,367,Canola,42.4,bu/ac
2025,367,Canola,51.4,bu/ac
1990,368,Canola,17.2,bu/ac
1991,368,Canola,27.6,bu/ac
1992,368,Canola,21.7,bu/ac
1993,368,Canola,16.6,bu/ac
1994,368,Canola,20.5,bu/ac
1995,368,Canola,21.9,bu/ac
1996,368,Canola,24.1,bu/ac
1997,368,Canola,24.9,bu/ac
1998,368,Canola,27.9,bu/ac
1999,368,Canola,29,bu/ac
2000,368,Canola,27.9,bu/ac
2001,368,Canola,29.2,bu/ac
2002,368,Canola,22.3,bu/ac
2003,368,Canola,25.1,bu/ac
2004,368,Canola,18.5,bu/ac
2005,368,Canola,29.5,bu/ac
2006,368,Canola,30.1,bu/ac
2007,368,Canola,26.7,bu/ac
2008,368,Canola,36.2,bu/ac
2009,368,Canola,35,bu/ac
2010,368,Canola,21.7,bu/ac
2011,368,Canola,38,bu/ac
2012,368,Canola,28.1,bu/ac
2013,368,Canola,41.9,bu/ac
2014,368,Canola,31.58,bu/ac
2015,368,Canola,41.38,bu/ac
2016,368,Canola,44.5,bu/ac
2017,368,Canola,44.07,bu/ac
2018,368,Canola,44.1,bu/ac
2019,368,Canola,51.6,bu/ac
2020,368,Canola,48.5,bu/ac
2021,368,Canola,23.4,bu/ac
2022,368,Canola,55.1,bu/ac
2023,368,Canola,58.3,bu/ac
2024,368,Canola,43.6,bu/ac
2025,368,Canola,51.5,bu/ac
1990,369,Canola,15.8,bu/ac
1991,369,Canola,25.8,bu/ac
1992,369,Canola,23.6,bu/ac
1993,369,Canola,22,bu/ac
1994,369,Canola,28.2,bu/ac
1995,369,Canola,27.6,bu/ac
1996,369,Canola,29.8,bu/ac
1997,369,Canola,27.3,bu/ac
1998,369,Canola,28.6,bu/ac
1999,369,Canola,30.3,bu/ac
2000,369,Canola,31.3,bu/ac
2001,369,Canola,29.7,bu/ac
2002,369,Canola,18.2,bu/ac
2003,369,Canola,27.7,bu/ac
2004,369,Canola,21.4,bu/ac
2005,369,Canola,38.5,bu/ac
2006,369,Canola,28,bu/ac
2007,369,Canola,28.4,bu/ac
2008,369,Canola,37.5,bu/ac
2009,369,Canola,35.2,bu/ac
2010,369,Canola,15.1,bu/ac
2011,369,Canola,41,bu/ac
2012,369,Canola,27.5,bu/ac
2013,369,Canola,37.9,bu/ac
2014,369,Canola,33.35,bu/ac
2015,369,Canola,39.4,bu/ac
2016,369,Canola,44.3,bu/ac
2017,369,Canola,49.57,bu/ac
2018,369,Canola,49.6,bu/ac
2019,369,Canola,51.5,bu/ac
2020,369,Canola,50,bu/ac
2021,369,Canola,24.5,bu/ac
2022,369,Canola,56.5,bu/ac
2023,369,Canola,55,bu/ac
2024,369,Canola,45.3,bu/ac
2025,369,Canola,54.5,bu/ac
1990,370,Canola,18.1,bu/ac
1991,370,Canola,23.7,bu/ac
1992,370,Canola,26,bu/ac
1993,370,Canola,23.6,bu/ac
1994,370,Canola,21.8,bu/ac
1995,370,Canola,23,bu/ac
1996,370,Canola,30.1,bu/ac
1997,370,Canola,24.8,bu/ac
1998,370,Canola,25.2,bu/ac
1999,370,Canola,26.8,bu/ac
2000,370,Canola,26.4,bu/ac
2001,370,Canola,18.8,bu/ac
2002,370,Canola,15.5,bu/ac
2003,370,Canola,24,bu/ac
2004,370,Canola,21.2,bu/ac
2005,370,Canola,36.8,bu/ac
2006,370,Canola,31.4,bu/ac
2007,370,Canola,29.1,bu/ac
2008,370,Canola,36.7,bu/ac
2009,370,Canola,36,bu/ac
2010,370,Canola,17.7,bu/ac
2011,370,Canola,38.2,bu/ac
2012,370,Canola,25.9,bu/ac
2013,370,Canola,39.8,bu/ac
2014,370,Canola,31.29,bu/ac
2015,370,Canola,39.38,bu/ac
2016,370,Canola,43.8,bu/ac
2017,370,Canola,46.3,bu/ac
2018,370,Canola,38.9,bu/ac
2019,370,Canola,48.9,bu/ac
2020,370,Canola,44.3,bu/ac
2021,370,Canola,21.2,bu/ac
2022,370,Canola,55,bu/ac
2023,370,Canola,50.6,bu/ac
2024,370,Canola,38,bu/ac
2025,370,Canola,48.2,bu/ac
1990,371,Canola,27,bu/ac
1991,371,Canola,17.6,bu/ac
1992,371,Canola,26.4,bu/ac
1993,371,Canola,25.6,bu/ac
1994,371,Canola,25.7,bu/ac
1995,371,Canola,22.1,bu/ac
1996,371,Canola,29,bu/ac
1997,371,Canola,21.6,bu/ac
1998,371,Canola,22.7,bu/ac
1999,371,Canola,27.1,bu/ac
2000,371,Canola,25.9,bu/ac
2001,371,Canola,17.7,bu/ac
2002,371,Canola,9.4,bu/ac
2003,371,Canola,21.4,bu/ac
2004,371,Canola,22.8,bu/ac
2005,371,Canola,32,bu/ac
2006,371,Canola,27.1,bu/ac
2007,371,Canola,25.5,bu/ac
2008,371,Canola,32,bu/ac
2009,371,Canola,34.6,bu/ac
2010,371,Canola,20.3,bu/ac
2011,371,Canola,34.5,bu/ac
2012,371,Canola,24.7,bu/ac
2013,371,Canola,33.8,bu/ac
2014,371,Canola,30.18,bu/ac
2015,371,Canola,37.7,bu/ac
2016,371,Canola,39.2,bu/ac
2017,371,Canola,38.46,bu/ac
2018,371,Canola,38.5,bu/ac
2019,371,Canola,45,bu/ac
2020,371,Canola,38,bu/ac
2021,371,Canola,14.7,bu/ac
2022,371,Canola,44.9,bu/ac
2023,371,Canola,45.1,bu/ac
2024,371,Canola,36.7,bu/ac
2025,371,Canola,45.6,bu/ac
1990,372,Canola,20,bu/ac
1991,372,Canola,17.9,bu/ac
1992,372,Canola,29.8,bu/ac
1993,372,Canola,31.2,bu/ac
1994,372,Canola,22.8,bu/ac
1995,372,Canola,21.1,bu/ac
1996,372,Canola,23.8,bu/ac
1997,372,Canola,19.3,bu/ac
1998,372,Canola,21.9,bu/ac
1999,372,Canola,31.5,bu/ac
2000,372,Canola,25.3,bu/ac
2001,372,Canola,12.5,bu/ac
2002,372,Canola,7.9,bu/ac
2003,372,Canola,17.3,bu/ac
2004,372,Canola,23.3,bu/ac
2005,372,Canola,30.4,bu/ac
2006,372,Canola,25.8,bu/ac
2007,372,Canola,22.5,bu/ac
2008,372,Canola,28.8,bu/ac
2009,372,Canola,27.7,bu/ac
2010,372,Canola,23.8,bu/ac
2011,372,Canola,30.3,bu/ac
2012,372,Canola,26.1,bu/ac
2013,372,Canola,31.1,bu/ac
2014,372,Canola,29.28,bu/ac
2015,372,Canola,35.01,bu/ac
2016,372,Canola,39.6,bu/ac
2017,372,Canola,36.99,bu/ac
2018,372,Canola,37,bu/ac
2019,372,Canola,40.7,bu/ac
2020,372,Canola,35.1,bu/ac
2021,372,Canola,15.2,bu/ac
2022,372,Canola,35.3,bu/ac
2023,372,Canola,34.3,bu/ac
2024,372,Canola,34.1,bu/ac
2025,372,Canola,37.6,bu/ac
1990,373,Canola,14.6,bu/ac
1991,373,Canola,22.2,bu/ac
1992,373,Canola,18.6,bu/ac
1993,373,Canola,27.8,bu/ac
1994,373,Canola,21.7,bu/ac
1995,373,Canola,19.8,bu/ac
1996,373,Canola,24.8,bu/ac
1997,373,Canola,17.9,bu/ac
1998,373,Canola,22.1,bu/ac
1999,373,Canola,27,bu/ac
2000,373,Canola,26.5,bu/ac
2001,373,Canola,12.4,bu/ac
2002,373,Canola,6.8,bu/ac
2003,373,Canola,21.6,bu/ac
2004,373,Canola,22.7,bu/ac
2005,373,Canola,35.4,bu/ac
2006,373,Canola,27.9,bu/ac
2007,373,Canola,24.8,bu/ac
2008,373,Canola,29.2,bu/ac
2009,373,Canola,29.8,bu/ac
2010,373,Canola,22,bu/ac
2011,373,Canola,29.2,bu/ac
2012,373,Canola,20.8,bu/ac
2013,373,Canola,35.3,bu/ac
2014,373,Canola,33.48,bu/ac
2015,373,Canola,40.92,bu/ac
2016,373,Canola,39.1,bu/ac
2017,373,Canola,30.76,bu/ac
2018,373,Canola,29.3,bu/ac
2019,373,Canola,46,bu/ac
2020,373,Canola,36.2,bu/ac
2021,373,Canola,15.1,bu/ac
2022,373,Canola,29.8,bu/ac
2023,373,Canola,36.2,bu/ac
2024,373,Canola,35.4,bu/ac
2025,373,Canola,43.7,bu/ac
1990,376,Canola,21.5,bu/ac
1991,376,Canola,29,bu/ac
1992,376,Canola,23,bu/ac
1993,376,Canola,25.5,bu/ac
1994,376,Canola,24,bu/ac
1995,376,Canola,20,bu/ac
1996,376,Canola,22.2,bu/ac
1997,376,Canola,17.4,bu/ac
1998,376,Canola,17.3,bu/ac
1999,376,Canola,25.2,bu/ac
2000,376,Canola,22.3,bu/ac
2001,376,Canola,14.7,bu/ac
2002,376,Canola,13.7,bu/ac
2003,376,Canola,10.9,bu/ac
2004,376,Canola,27.3,bu/ac
2005,376,Canola,32.2,bu/ac
2006,376,Canola,29.7,bu/ac
2007,376,Canola,23.5,bu/ac
2008,376,Canola,26,bu/ac
2009,376,Canola,31.4,bu/ac
2010,376,Canola,26.7,bu/ac
2011,376,Canola,30.6,bu/ac
2012,376,Canola,21.7,bu/ac
2013,376,Canola,36.6,bu/ac
2014,376,Canola,33.95,bu/ac
2015,376,Canola,35.03,bu/ac
2016,376,Canola,35.4,bu/ac
2017,376,Canola,35.93,bu/ac
2018,376,Canola,41.5,bu/ac
2019,376,Canola,33.6,bu/ac
2020,376,Canola,38.1,bu/ac
2021,376,Canola,12.5,bu/ac
2022,376,Canola,13.6,bu/ac
2023,376,Canola,21.6,bu/ac
2024,376,Canola,35.6,bu/ac
2025,376,Canola,40.1,bu/ac
1990,377,Canola,27.1,bu/ac
1991,377,Canola,22,bu/ac
1992,377,Canola,28.2,bu/ac
1993,377,Canola,26.8,bu/ac
1994,377,Canola,25.8,bu/ac
1995,377,Canola,22.2,bu/ac
1996,377,Canola,30.9,bu/ac
1997,377,Canola,16,bu/ac
1998,377,Canola,25.2,bu/ac
1999,377,Canola,28.7,bu/ac
2000,377,Canola,27.8,bu/ac
2001,377,Canola,15.7,bu/ac
2002,377,Canola,8.5,bu/ac
2003,377,Canola,15,bu/ac
2004,377,Canola,24.3,bu/ac
2005,377,Canola,29.8,bu/ac
2006,377,Canola,30.7,bu/ac
2007,377,Canola,24.4,bu/ac
2008,377,Canola,25.6,bu/ac
2009,377,Canola,29,bu/ac
2010,377,Canola,29.3,bu/ac
2011,377,Canola,35.3,bu/ac
2012,377,Canola,26.9,bu/ac
2013,377,Canola,38.7,bu/ac
2014,377,Canola,42.52,bu/ac
2015,377,Canola,42.17,bu/ac
2016,377,Canola,48.4,bu/ac
2017,377,Canola,40.92,bu/ac
2018,377,Canola,40.9,bu/ac
2019,377,Canola,45.4,bu/ac
2020,377,Canola,46,bu/ac
2021,377,Canola,18,bu/ac
2022,377,Canola,25.2,bu/ac
2023,377,Canola,32.9,bu/ac
2024,377,Canola,35.2,bu/ac
2025,377,Canola,49.1,bu/ac
1990,378,Canola,26.2,bu/ac
1991,378,Canola,17.6,bu/ac
1992,378,Canola,28.7,bu/ac
1993,378,Canola,25.3,bu/ac
1994,378,Canola,19.2,bu/ac
1995,378,Canola,18.9,bu/ac
1996,378,Canola,26.2,bu/ac
1997,378,Canola,19.5,bu/ac
1998,378,Canola,19.5,bu/ac
1999,378,Canola,31.1,bu/ac
2000,378,Canola,22.4,bu/ac
2001,378,Canola,14.6,bu/ac
2002,378,Canola,6.8,bu/ac
2003,378,Canola,11.2,bu/ac
2004,378,Canola,20.4,bu/ac
2005,378,Canola,24.5,bu/ac
2006,378,Canola,22.1,bu/ac
2007,378,Canola,22.3,bu/ac
2008,378,Canola,25.8,bu/ac
2009,378,Canola,26.7,bu/ac
2010,378,Canola,31.9,bu/ac
2011,378,Canola,33.4,bu/ac
2012,378,Canola,25.7,bu/ac
2013,378,Canola,34.2,bu/ac
2014,378,Canola,33.57,bu/ac
2015,378,Canola,35.7,bu/ac
2016,378,Canola,39.4,bu/ac
2017,378,Canola,36.8,bu/ac
2018,378,Canola,36.8,bu/ac
2019,378,Canola,38,bu/ac
2020,378,Canola,41.1,bu/ac
2021,378,Canola,20.9,bu/ac
2022,378,Canola,35.3,bu/ac
2023,378,Canola,34.5,bu/ac
2024,378,Canola,34,bu/ac
2025,378,Canola,45.1,bu/ac
1990,379,Canola,26.3,bu/ac
1991,379,Canola,21.8,bu/ac
1992,379,Canola,24.4,bu/ac
1993,379,Canola,22.9,bu/ac
1994,379,Canola,23.8,bu/ac
1995,379,Canola,20.4,bu/ac
1996,379,Canola,25.7,bu/ac
1997,379,Canola,19.8,bu/ac
1998,379,Canola,17,bu/ac
1999,379,Canola,31.3,bu/ac
2000,379,Canola,26.5,bu/ac
2001,379,Canola,15.9,bu/ac
2002,379,Canola,5.4,bu/ac
2003,379,Canola,9.3,bu/ac
2004,379,Canola,19.2,bu/ac
2005,379,Canola,32.2,bu/ac
2006,379,Canola,23.7,bu/ac
2007,379,Canola,25.3,bu/ac
2008,379,Canola,29.4,bu/ac
2009,379,Canola,24.8,bu/ac
2010,379,Canola,36.4,bu/ac
2011,379,Canola,38.3,bu/ac
2012,379,Canola,25.4,bu/ac
2013,379,Canola,45.7,bu/ac
2014,379,Canola,36.44,bu/ac
2015,379,Canola,37.31,bu/ac
2016,379,Canola,46.1,bu/ac
2017,379,Canola,38,bu/ac
2018,379,Canola,38,bu/ac
2019,379,Canola,45.6,bu/ac
2020,379,Canola,47.5,bu/ac
2021,379,Canola,22.5,bu/ac
2022,379,Canola,35.2,bu/ac
2023,379,Canola,38.6,bu/ac
2024,379,Canola,36.5,bu/ac
2025,379,Canola,53.1,bu/ac
1990,380,Canola,23.6,bu/ac
1991,380,Canola,23.9,bu/ac
1992,380,Canola,21.4,bu/ac
1993,380,Canola,23.3,bu/ac
1994,380,Canola,24.4,bu/ac
1995,380,Canola,16.6,bu/ac
1996,380,Canola,25.8,bu/ac
1997,380,Canola,19.1,bu/ac
1998,380,Canola,21.2,bu/ac
1999,380,Canola,31,bu/ac
2000,380,Canola,28.4,bu/ac
2001,380,Canola,14.6,bu/ac
2002,380,Canola,7.6,bu/ac
2003,380,Canola,11.4,bu/ac
2004,380,Canola,20.5,bu/ac
2005,380,Canola,36.7,bu/ac
2006,380,Canola,27.6,bu/ac
2007,380,Canola,27.9,bu/ac
2008,380,Canola,32.8,bu/ac
2009,380,Canola,28,bu/ac
2010,380,Canola,30.3,bu/ac
2011,380,Canola,36.2,bu/ac
2012,380,Canola,28.2,bu/ac
2013,380,Canola,36.8,bu/ac
2014,380,Canola,36.83,bu/ac
2015,380,Canola,39.62,bu/ac
2016,380,Canola,43.3,bu/ac
2017,380,Canola,46.18,bu/ac
2018,380,Canola,46.2,bu/ac
2019,380,Canola,51.3,bu/ac
2020,380,Canola,49.4,bu/ac
2021,380,Canola,23.1,bu/ac
2022,380,Canola,35,bu/ac
2023,380,Canola,35.5,bu/ac
2024,380,Canola,35.6,bu/ac
2025,380,Canola,55.6,bu/ac
1990,381,Canola,15.9,bu/ac
1991,381,Canola,18.8,bu/ac
1992,381,Canola,23.7,bu/ac
1993,381,Canola,27.8,bu/ac
1994,381,Canola,22.1,bu/ac
1995,381,Canola,17.2,bu/ac
1996,381,Canola,24.5,bu/ac
1997,381,Canola,21,bu/ac
1998,381,Canola,15.9,bu/ac
1999,381,Canola,30.9,bu/ac
2000,381,Canola,24.1,bu/ac
2001,381,Canola,11.4,bu/ac
2002,381,Canola,9.3,bu/ac
2003,381,Canola,12.2,bu/ac
2004,381,Canola,26.5,bu/ac
2005,381,Canola,27,bu/ac
2006,381,Canola,34.7,bu/ac
2007,381,Canola,25.9,bu/ac
2008,381,Canola,34.1,bu/ac
2009,381,Canola,31.7,bu/ac
2010,381,Canola,33.9,bu/ac
2011,381,Canola,35,bu/ac
2012,381,Canola,22.9,bu/ac
2013,381,Canola,35.7,bu/ac
2014,381,Canola,31.42,bu/ac
2015,381,Canola,29.26,bu/ac
2016,381,Canola,44.1,bu/ac
2017,381,Canola,41.7,bu/ac
2018,381,Canola,41.7,bu/ac
2019,381,Canola,49.1,bu/ac
2020,381,Canola,45.6,bu/ac
2021,381,Canola,23.6,bu/ac
2022,381,Canola,32.7,bu/ac
2023,381,Canola,32,bu/ac
2024,381,Canola,35,bu/ac
2025,381,Canola,52.8,bu/ac
1990,382,Canola,21,bu/ac
1991,382,Canola,17.6,bu/ac
1992,382,Canola,25.5,bu/ac
1993,382,Canola,25.6,bu/ac
1994,382,Canola,21.6,bu/ac
1995,382,Canola,18,bu/ac
1996,382,Canola,27.3,bu/ac
1997,382,Canola,19.4,bu/ac
1998,382,Canola,16.9,bu/ac
1999,382,Canola,27.9,bu/ac
2000,382,Canola,26.4,bu/ac
2001,382,Canola,12.2,bu/ac
2002,382,Canola,11.5,bu/ac
2003,382,Canola,12.5,bu/ac
2004,382,Canola,27.9,bu/ac
2005,382,Canola,34.5,bu/ac
2006,382,Canola,33.6,bu/ac
2007,382,Canola,26,bu/ac
2008,382,Canola,35.3,bu/ac
2009,382,Canola,26,bu/ac
2010,382,Canola,35.8,bu/ac
2011,382,Canola,36.4,bu/ac
2012,382,Canola,25.3,bu/ac
2013,382,Canola,35.3,bu/ac
2014,382,Canola,30.7,bu/ac
2015,382,Canola,32.29,bu/ac
2016,382,Canola,42.3,bu/ac
2017,382,Canola,26.1,bu/ac
2018,382,Canola,38.7,bu/ac
2019,382,Canola,40.7,bu/ac
2020,382,Canola,42.5,bu/ac
2021,382,Canola,19.1,bu/ac
2022,382,Canola,30.3,bu/ac
2023,382,Canola,36.4,bu/ac
2024,382,Canola,36.7,bu/ac
2025,382,Canola,48.4,bu/ac
1990,394,Canola,15.7,bu/ac
1991,394,Canola,25.5,bu/ac
1992,394,Canola,8.8,bu/ac
1993,394,Canola,11.6,bu/ac
1994,394,Canola,19.7,bu/ac
1995,394,Canola,17.6,bu/ac
1996,394,Canola,19.3,bu/ac
1997,394,Canola,25.5,bu/ac
1998,394,Canola,17.3,bu/ac
1999,394,Canola,20.7,bu/ac
2000,394,Canola,22.4,bu/ac
2001,394,Canola,21.2,bu/ac
2002,394,Canola,26.3,bu/ac
2003,394,Canola,33.6,bu/ac
2004,394,Canola,20.6,bu/ac
2005,394,Canola,40.5,bu/ac
2006,394,Canola,31.8,bu/ac
2007,394,Canola,22.4,bu/ac
2008,394,Canola,36.1,bu/ac
2009,394,Canola,34.4,bu/ac
2010,394,Canola,24.6,bu/ac
2011,394,Canola,35.5,bu/ac
2012,394,Canola,21.9,bu/ac
2013,394,Canola,46.9,bu/ac
2014,394,Canola,35.53,bu/ac
2015,394,Canola,36.33,bu/ac
2016,394,Canola,33.7,bu/ac
2017,394,Canola,37.59,bu/ac
2018,394,Canola,34.5,bu/ac
2019,394,Canola,44.2,bu/ac
2020,394,Canola,34.9,bu/ac
2021,394,Canola,31.8,bu/ac
2022,394,Canola,42.5,bu/ac
2023,394,Canola,41.1,bu/ac
2024,394,Canola,28.9,bu/ac
2025,394,Canola,39.4,bu/ac
1990,395,Canola,23.6,bu/ac
1991,395,Canola,23.1,bu/ac
1992,395,Canola,16.7,bu/ac
1993,395,Canola,14.8,bu/ac
1994,395,Canola,21.4,bu/ac
1995,395,Canola,23.7,bu/ac
1996,395,Canola,25.8,bu/ac
1997,395,Canola,24.7,bu/ac
1998,395,Canola,25.8,bu/ac
1999,395,Canola,24,bu/ac
2000,395,Canola,25.1,bu/ac
2001,395,Canola,19.1,bu/ac
2002,395,Canola,23.8,bu/ac
2003,395,Canola,25.7,bu/ac
2004,395,Canola,20.7,bu/ac
2005,395,Canola,33.6,bu/ac
2006,395,Canola,23.7,bu/ac
2007,395,Canola,24.5,bu/ac
2008,395,Canola,36.1,bu/ac
2009,395,Canola,35.8,bu/ac
2010,395,Canola,26,bu/ac
2011,395,Canola,30.6,bu/ac
2012,395,Canola,21.4,bu/ac
2013,395,Canola,38.8,bu/ac
2014,395,Canola,35.28,bu/ac
2015,395,Canola,48.57,bu/ac
2016,395,Canola,31.9,bu/ac
2017,395,Canola,39.49,bu/ac
2018,395,Canola,39.5,bu/ac
2019,395,Canola,46.9,bu/ac
2020,395,Canola,38.5,bu/ac
2021,395,Canola,30.4,bu/ac
2022,395,Canola,42.4,bu/ac
2023,395,Canola,53.9,bu/ac
2024,395,Canola,34.8,bu/ac
2025,395,Canola,45.3,bu/ac
1990,397,Canola,19.3,bu/ac
1991,397,Canola,20.8,bu/ac
1992,397,Canola,18.6,bu/ac
1993,397,Canola,12.2,bu/ac
1994,397,Canola,18.7,bu/ac
1995,397,Canola,16.9,bu/ac
1996,397,Canola,17,bu/ac
1997,397,Canola,22,bu/ac
1998,397,Canola,23.2,bu/ac
1999,397,Canola,21.7,bu/ac
2000,397,Canola,23.8,bu/ac
2001,397,Canola,20.1,bu/ac
2002,397,Canola,16.5,bu/ac
2003,397,Canola,23.6,bu/ac
2004,397,Canola,14.6,bu/ac
2005,397,Canola,29.7,bu/ac
2006,397,Canola,29.2,bu/ac
2007,397,Canola,24.8,bu/ac
2008,397,Canola,34.7,bu/ac
2009,397,Canola,35,bu/ac
2010,397,Canola,23,bu/ac
2011,397,Canola,33.6,bu/ac
2012,397,Canola,18.6,bu/ac
2013,397,Canola,44.4,bu/ac
2014,397,Canola,30.82,bu/ac
2015,397,Canola,52.19,bu/ac
2016,397,Canola,46.6,bu/ac
2017,397,Canola,43.83,bu/ac
2018,397,Canola,43.8,bu/ac
2019,397,Canola,45.8,bu/ac
2020,397,Canola,43.4,bu/ac
2021,397,Canola,26.1,bu/ac
2022,397,Canola,43,bu/ac
2023,397,Canola,47,bu/ac
2024,397,Canola,36.4,bu/ac
2025,397,Canola,44.1,bu/ac
1990,398,Canola,17.5,bu/ac
1991,398,Canola,19.1,bu/ac
1992,398,Canola,19.6,bu/ac
1993,398,Canola,18.2,bu/ac
1994,398,Canola,21.5,bu/ac
1995,398,Canola,18.2,bu/ac
1996,398,Canola,25.3,bu/ac
1997,398,Canola,25.2,bu/ac
1998,398,Canola,26.7,bu/ac
1999,398,Canola,30.1,bu/ac
2000,398,Canola,27.5,bu/ac
2001,398,Canola,27.6,bu/ac
2002,398,Canola,16.6,bu/ac
2003,398,Canola,24.8,bu/ac
2004,398,Canola,25.1,bu/ac
2005,398,Canola,38.9,bu/ac
2006,398,Canola,25.3,bu/ac
2007,398,Canola,31.4,bu/ac
2008,398,Canola,35.9,bu/ac
2009,398,Canola,33.7,bu/ac
2010,398,Canola,20.4,bu/ac
2011,398,Canola,33.1,bu/ac
2012,398,Canola,24,bu/ac
2013,398,Canola,39.9,bu/ac
2014,398,Canola,29.43,bu/ac
2015,398,Canola,56.69,bu/ac
2016,398,Canola,41.6,bu/ac
2017,398,Canola,42.86,bu/ac
2018,398,Canola,44.5,bu/ac
2019,398,Canola,48.4,bu/ac
2020,398,Canola,47,bu/ac
2021,398,Canola,22.1,bu/ac
2022,398,Canola,51.4,bu/ac
2023,398,Canola,53.7,bu/ac
2024,398,Canola,40.9,bu/ac
2025,398,Canola,48.1,bu/ac
1990,399,Canola,15,bu/ac
1991,399,Canola,18.7,bu/ac
1992,399,Canola,20.4,bu/ac
1993,399,Canola,19.2,bu/ac
1994,399,Canola,18.7,bu/ac
1995,399,Canola,24.6,bu/ac
1996,399,Canola,26.5,bu/ac
1997,399,Canola,24.5,bu/ac
1998,399,Canola,24.9,bu/ac
1999,399,Canola,25.7,bu/ac
2000,399,Canola,23.1,bu/ac
2001,399,Canola,24.3,bu/ac
2002,399,Canola,10.4,bu/ac
2003,399,Canola,23.7,bu/ac
2004,399,Canola,15.3,bu/ac
2005,399,Canola,27.5,bu/ac
2006,399,Canola,24.2,bu/ac
2007,399,Canola,24,bu/ac
2008,399,Canola,40.4,bu/ac
2009,399,Canola,35.6,bu/ac
2010,399,Canola,20,bu/ac
2011,399,Canola,39.1,bu/ac
2012,399,Canola,27.5,bu/ac
2013,399,Canola,32.2,bu/ac
2014,399,Canola,35.25,bu/ac
2015,399,Canola,57.93,bu/ac
2016,399,Canola,46.9,bu/ac
2017,399,Canola,48.22,bu/ac
2018,399,Canola,48.2,bu/ac
2019,399,Canola,51,bu/ac
2020,399,Canola,45.9,bu/ac
2021,399,Canola,24.7,bu/ac
2022,399,Canola,50.4,bu/ac
2023,399,Canola,51.8,bu/ac
2024,399,Canola,42.7,bu/ac
2025,399,Canola,48.6,bu/ac
1990,400,Canola,22.6,bu/ac
1991,400,Canola,24.3,bu/ac
1992,400,Canola,20.4,bu/ac
1993,400,Canola,23.1,bu/ac
1994,400,Canola,25.8,bu/ac
1995,400,Canola,24.6,bu/ac
1996,400,Canola,30.6,bu/ac
1997,400,Canola,22.5,bu/ac
1998,400,Canola,24.5,bu/ac
1999,400,Canola,26.9,bu/ac
2000,400,Canola,27.1,bu/ac
2001,400,Canola,18.9,bu/ac
2002,400,Canola,17.7,bu/ac
2003,400,Canola,22.2,bu/ac
2004,400,Canola,25.4,bu/ac
2005,400,Canola,32.9,bu/ac
2006,400,Canola,26,bu/ac
2007,400,Canola,24.7,bu/ac
2008,400,Canola,32.7,bu/ac
2009,400,Canola,34.4,bu/ac
2010,400,Canola,22,bu/ac
2011,400,Canola,37.2,bu/ac
2012,400,Canola,22.3,bu/ac
2013,400,Canola,38.3,bu/ac
2014,400,Canola,29.1,bu/ac
2015,400,Canola,53.16,bu/ac
2016,400,Canola,44.2,bu/ac
2017,400,Canola,39.97,bu/ac
2018,400,Canola,40,bu/ac
2019,400,Canola,47.1,bu/ac
2020,400,Canola,42.5,bu/ac
2021,400,Canola,24,bu/ac
2022,400,Canola,49.4,bu/ac
2023,400,Canola,47.8,bu/ac
2024,400,Canola,43.1,bu/ac
2025,400,Canola,50.4,bu/ac
1990,401,Canola,18.6,bu/ac
1991,401,Canola,26.7,bu/ac
1992,401,Canola,21.3,bu/ac
1993,401,Canola,25.9,bu/ac
1994,401,Canola,28.2,bu/ac
1995,401,Canola,23.9,bu/ac
1996,401,Canola,28.8,bu/ac
1997,401,Canola,25.1,bu/ac
1998,401,Canola,23.8,bu/ac
1999,401,Canola,28.8,bu/ac
2000,401,Canola,27.8,bu/ac
2001,401,Canola,20.2,bu/ac
2002,401,Canola,10.2,bu/ac
2003,401,Canola,22.7,bu/ac
2004,401,Canola,23.9,bu/ac
2005,401,Canola,31,bu/ac
2006,401,Canola,28,bu/ac
2007,401,Canola,26.3,bu/ac
2008,401,Canola,34.9,bu/ac
2009,401,Canola,34.2,bu/ac
2010,401,Canola,28.5,bu/ac
2011,401,Canola,37.1,bu/ac
2012,401,Canola,24.2,bu/ac
2013,401,Canola,36.1,bu/ac
2014,401,Canola,31.18,bu/ac
2015,401,Canola,40.89,bu/ac
2016,401,Canola,40.6,bu/ac
2017,401,Canola,43.9,bu/ac
2018,401,Canola,43.4,bu/ac
2019,401,Canola,48.7,bu/ac
2020,401,Canola,43.7,bu/ac
2021,401,Canola,21.6,bu/ac
2022,401,Canola,47.6,bu/ac
2023,401,Canola,44.9,bu/ac
2024,401,Canola,44.4,bu/ac
2025,401,Canola,50,bu/ac
1990,402,Canola,21,bu/ac
1991,402,Canola,23,bu/ac
1992,402,Canola,15,bu/ac
1993,402,Canola,21.6,bu/ac
1994,402,Canola,23.4,bu/ac
1995,402,Canola,20.4,bu/ac
1996,402,Canola,25.4,bu/ac
1997,402,Canola,19.2,bu/ac
1998,402,Canola,19.1,bu/ac
1999,402,Canola,23.6,bu/ac
2000,402,Canola,26.6,bu/ac
2001,402,Canola,13.6,bu/ac
2002,402,Canola,9.5,bu/ac
2003,402,Canola,17.6,bu/ac
2004,402,Canola,23.5,bu/ac
2005,402,Canola,28.9,bu/ac
2006,402,Canola,25.1,bu/ac
2007,402,Canola,27.7,bu/ac
2008,402,Canola,29.3,bu/ac
2009,402,Canola,34.4,bu/ac
2010,402,Canola,27.3,bu/ac
2011,402,Canola,29.5,bu/ac
2012,402,Canola,21.4,bu/ac
2013,402,Canola,34.3,bu/ac
2014,402,Canola,30.74,bu/ac
2015,402,Canola,48.81,bu/ac
2016,402,Canola,33.1,bu/ac
2017,402,Canola,40.19,bu/ac
2018,402,Canola,40.2,bu/ac
2019,402,Canola,43,bu/ac
2020,402,Canola,38.2,bu/ac
2021,402,Canola,18.1,bu/ac
2022,402,Canola,39.7,bu/ac
2023,402,Canola,38.2,bu/ac
2024,402,Canola,36.8,bu/ac
2025,402,Canola,44.8,bu/ac
1990,403,Canola,26.5,bu/ac
1991,403,Canola,24.8,bu/ac
1992,403,Canola,25.7,bu/ac
1993,403,Canola,23.5,bu/ac
1994,403,Canola,19.3,bu/ac
1995,403,Canola,23.4,bu/ac
1996,403,Canola,28.6,bu/ac
1997,403,Canola,18.5,bu/ac
1998,403,Canola,28.1,bu/ac
1999,403,Canola,27.8,bu/ac
2000,403,Canola,26.8,bu/ac
2001,403,Canola,19.6,bu/ac
2002,403,Canola,6.2,bu/ac
2003,403,Canola,19.5,bu/ac
2004,403,Canola,22.4,bu/ac
2005,403,Canola,36.2,bu/ac
2006,403,Canola,30.6,bu/ac
2007,403,Canola,35.2,bu/ac
2008,403,Canola,41.7,bu/ac
2009,403,Canola,38.3,bu/ac
2010,403,Canola,40.1,bu/ac
2011,403,Canola,40.1,bu/ac
2012,403,Canola,29.4,bu/ac
2013,403,Canola,36.9,bu/ac
2014,403,Canola,43.68,bu/ac
2015,403,Canola,42.06,bu/ac
2016,403,Canola,46.9,bu/ac
2017,403,Canola,43.36,bu/ac
2018,403,Canola,49.5,bu/ac
2019,403,Canola,46.6,bu/ac
2020,403,Canola,43.2,bu/ac
2021,403,Canola,15,bu/ac
2022,403,Canola,37.5,bu/ac
2023,403,Canola,46.7,bu/ac
2024,403,Canola,42.5,bu/ac
2025,403,Canola,50.5,bu/ac
1990,404,Canola,28.2,bu/ac
1991,404,Canola,24.6,bu/ac
1992,404,Canola,19.3,bu/ac
1993,404,Canola,31.8,bu/ac
1994,404,Canola,26.4,bu/ac
1995,404,Canola,29.7,bu/ac
1996,404,Canola,27.7,bu/ac
1997,404,Canola,21.5,bu/ac
1998,404,Canola,24.5,bu/ac
1999,404,Canola,30.1,bu/ac
2000,404,Canola,24.3,bu/ac
2001,404,Canola,17,bu/ac
2002,404,Canola,7.4,bu/ac
2003,404,Canola,14,bu/ac
2004,404,Canola,23.8,bu/ac
2005,404,Canola,38.4,bu/ac
2006,404,Canola,33.5,bu/ac
2007,404,Canola,32.4,bu/ac
2008,404,Canola,40.1,bu/ac
2009,404,Canola,41.3,bu/ac
2010,404,Canola,42.2,bu/ac
2011,404,Canola,42.4,bu/ac
2012,404,Canola,28.9,bu/ac
2013,404,Canola,42.8,bu/ac
2014,404,Canola,40.62,bu/ac
2015,404,Canola,50.09,bu/ac
2016,404,Canola,48.2,bu/ac
2017,404,Canola,49.18,bu/ac
2018,404,Canola,49.2,bu/ac
2019,404,Canola,45.2,bu/ac
2020,404,Canola,46.7,bu/ac
2021,404,Canola,14.4,bu/ac
2022,404,Canola,34.3,bu/ac
2023,404,Canola,46.3,bu/ac
2024,404,Canola,38.9,bu/ac
2025,404,Canola,49.7,bu/ac
1990,405,Canola,18.8,bu/ac
1991,405,Canola,26.7,bu/ac
1992,405,Canola,22.4,bu/ac
1993,405,Canola,28.2,bu/ac
1994,405,Canola,22.5,bu/ac
1995,405,Canola,21.8,bu/ac
1996,405,Canola,25,bu/ac
1997,405,Canola,16.8,bu/ac
1998,405,Canola,16,bu/ac
1999,405,Canola,32.4,bu/ac
2000,405,Canola,24.8,bu/ac
2001,405,Canola,12,bu/ac
2002,405,Canola,5.7,bu/ac
2003,405,Canola,11.7,bu/ac
2004,405,Canola,28.3,bu/ac
2005,405,Canola,32.5,bu/ac
2006,405,Canola,29.8,bu/ac
2007,405,Canola,25.8,bu/ac
2008,405,Canola,31.5,bu/ac
2009,405,Canola,36.5,bu/ac
2010,405,Canola,31.3,bu/ac
2011,405,Canola,39.2,bu/ac
2012,405,Canola,22,bu/ac
2013,405,Canola,42.2,bu/ac
2014,405,Canola,36.79,bu/ac
2015,405,Canola,39.67,bu/ac
2016,405,Canola,41.2,bu/ac
2017,405,Canola,43.32,bu/ac
2018,405,Canola,43.3,bu/ac
2019,405,Canola,34.3,bu/ac
2020,405,Canola,40.6,bu/ac
2021,405,Canola,14.8,bu/ac
2022,405,Canola,24,bu/ac
2023,405,Canola,32.1,bu/ac
2024,405,Canola,35.8,bu/ac
2025,405,Canola,45.2,bu/ac
1990,406,Canola,22.4,bu/ac
1991,406,Canola,21.8,bu/ac
1992,406,Canola,26,bu/ac
1993,406,Canola,19.8,bu/ac
1994,406,Canola,20.8,bu/ac
1995,406,Canola,20.4,bu/ac
1996,406,Canola,23.8,bu/ac
1997,406,Canola,16.6,bu/ac
1998,406,Canola,21.2,bu/ac
1999,406,Canola,31.4,bu/ac
2000,406,Canola,24.7,bu/ac
2001,406,Canola,15.9,bu/ac
2002,406,Canola,12.5,bu/ac
2003,406,Canola,12.1,bu/ac
2004,406,Canola,28.2,bu/ac
2005,406,Canola,35.4,bu/ac
2006,406,Canola,31.2,bu/ac
2007,406,Canola,27.2,bu/ac
2008,406,Canola,28.7,bu/ac
2009,406,Canola,32.3,bu/ac
2010,406,Canola,33.7,bu/ac
2011,406,Canola,34.4,bu/ac
2012,406,Canola,26.1,bu/ac
2013,406,Canola,41.1,bu/ac
2014,406,Canola,38.24,bu/ac
2015,406,Canola,42.91,bu/ac
2016,406,Canola,42.4,bu/ac
2017,406,Canola,37.69,bu/ac
2018,406,Canola,37.7,bu/ac
2019,406,Canola,41.6,bu/ac
2020,406,Canola,44.3,bu/ac
2021,406,Canola,14.1,bu/ac
2022,406,Canola,25.3,bu/ac
2023,406,Canola,30.8,bu/ac
2024,406,Canola,32.3,bu/ac
2025,406,Canola,50.4,bu/ac
1990,408,Canola,27.9,bu/ac
1991,408,Canola,27.4,bu/ac
1992,408,Canola,21.3,bu/ac
1993,408,Canola,20.6,bu/ac
1994,408,Canola,22.6,bu/ac
1995,408,Canola,20.2,bu/ac
1996,408,Canola,28.7,bu/ac
1997,408,Canola,19.8,bu/ac
1998,408,Canola,22.7,bu/ac
1990,409,Canola,24.4,bu/ac
1991,409,Canola,21.5,bu/ac
1992,409,Canola,23,bu/ac
1993,409,Canola,25.3,bu/ac
1994,409,Canola,26,bu/ac
1995,409,Canola,23.4,bu/ac
1996,409,Canola,27,bu/ac
1997,409,Canola,19.2,bu/ac
1998,409,Canola,23.4,bu/ac
1999,409,Canola,31.5,bu/ac
2000,409,Canola,26.1,bu/ac
2001,409,Canola,17.4,bu/ac
2002,409,Canola,12.7,bu/ac
2003,409,Canola,11.9,bu/ac
2004,409,Canola,26.7,bu/ac
2005,409,Canola,39.8,bu/ac
2006,409,Canola,31.9,bu/ac
2007,409,Canola,30.8,bu/ac
2008,409,Canola,32.9,bu/ac
2009,409,Canola,31,bu/ac
2010,409,Canola,30.7,bu/ac
2011,409,Canola,39.6,bu/ac
2012,409,Canola,22.9,bu/ac
2013,409,Canola,37.9,bu/ac
2014,409,Canola,39.21,bu/ac
2015,409,Canola,41.67,bu/ac
2016,409,Canola,47,bu/ac
2017,409,Canola,43.98,bu/ac
2018,409,Canola,44,bu/ac
2019,409,Canola,51.2,bu/ac
2020,409,Canola,48.1,bu/ac
2021,409,Canola,28,bu/ac
2022,409,Canola,37,bu/ac
2023,409,Canola,39.7,bu/ac
2024,409,Canola,38,bu/ac
2025,409,Canola,49.8,bu/ac
1990,410,Canola,24.8,bu/ac
1991,410,Canola,17.2,bu/ac
1992,410,Canola,20.9,bu/ac
1993,410,Canola,21.4,bu/ac
1994,410,Canola,24.1,bu/ac
1995,410,Canola,20.7,bu/ac
1996,410,Canola,25.9,bu/ac
1997,410,Canola,17.7,bu/ac
1998,410,Canola,17.1,bu/ac
1999,410,Canola,32.1,bu/ac
2000,410,Canola,25,bu/ac
2001,410,Canola,18.3,bu/ac
2002,410,Canola,10,bu/ac
2003,410,Canola,13.7,bu/ac
2004,410,Canola,22.1,bu/ac
2005,410,Canola,37.7,bu/ac
2006,410,Canola,32.4,bu/ac
2007,410,Canola,30,bu/ac
2008,410,Canola,34.1,bu/ac
2009,410,Canola,26.8,bu/ac
2010,410,Canola,39,bu/ac
2011,410,Canola,38.1,bu/ac
2012,410,Canola,29,bu/ac
2013,410,Canola,44.3,bu/ac
2014,410,Canola,37.25,bu/ac
2015,410,Canola,43.48,bu/ac
2016,410,Canola,45.7,bu/ac
2017,410,Canola,46,bu/ac
2018,410,Canola,46,bu/ac
2019,410,Canola,51.8,bu/ac
2020,410,Canola,51.4,bu/ac
2021,410,Canola,27.3,bu/ac
2022,410,Canola,42.4,bu/ac
2023,410,Canola,42.1,bu/ac
2024,410,Canola,33,bu/ac
2025,410,Canola,53.2,bu/ac
1990,411,Canola,20.5,bu/ac
1991,411,Canola,16.2,bu/ac
1992,411,Canola,22.2,bu/ac
1993,411,Canola,21.4,bu/ac
1994,411,Canola,22.6,bu/ac
1995,411,Canola,16.5,bu/ac
1996,411,Canola,17.1,bu/ac
1997,411,Canola,15.9,bu/ac
1998,411,Canola,13.3,bu/ac
1999,411,Canola,30.2,bu/ac
2000,411,Canola,25.6,bu/ac
2001,411,Canola,16.1,bu/ac
2002,411,Canola,13.8,bu/ac
2003,411,Canola,16.7,bu/ac
2004,411,Canola,29.1,bu/ac
2005,411,Canola,30.1,bu/ac
2006,411,Canola,31.7,bu/ac
2007,411,Canola,25.7,bu/ac
2008,411,Canola,26.2,bu/ac
2009,411,Canola,25.9,bu/ac
2010,411,Canola,37.1,bu/ac
2011,411,Canola,31.5,bu/ac
2012,411,Canola,25,bu/ac
2013,411,Canola,36.3,bu/ac
2014,411,Canola,37.46,bu/ac
2015,411,Canola,38.75,bu/ac
2016,411,Canola,48.5,bu/ac
2017,411,Canola,40.94,bu/ac
2018,411,Canola,43.5,bu/ac
2019,411,Canola,49.2,bu/ac
2020,411,Canola,45.1,bu/ac
2021,411,Canola,28.8,bu/ac
2022,411,Canola,33.2,bu/ac
2023,411,Canola,32.8,bu/ac
2024,411,Canola,29.9,bu/ac
2025,411,Canola,44,bu/ac
1990,426,Canola,22.2,bu/ac
1991,426,Canola,22.6,bu/ac
1992,426,Canola,12.5,bu/ac
1993,426,Canola,17.8,bu/ac
1994,426,Canola,22.2,bu/ac
1995,426,Canola,23.5,bu/ac
1996,426,Canola,28.3,bu/ac
1997,426,Canola,26.8,bu/ac
1998,426,Canola,27.2,bu/ac
1999,426,Canola,26.1,bu/ac
2000,426,Canola,26.6,bu/ac
2001,426,Canola,21,bu/ac
2002,426,Canola,14.4,bu/ac
2003,426,Canola,26.5,bu/ac
2004,426,Canola,17.5,bu/ac
2005,426,Canola,31.4,bu/ac
2006,426,Canola,26.3,bu/ac
2007,426,Canola,25.6,bu/ac
2008,426,Canola,36.8,bu/ac
2009,426,Canola,34.6,bu/ac
2010,426,Canola,21.1,bu/ac
2011,426,Canola,32.1,bu/ac
2012,426,Canola,20.4,bu/ac
2013,426,Canola,42.1,bu/ac
2014,426,Canola,34.27,bu/ac
2015,426,Canola,37.5,bu/ac
2016,426,Canola,37.8,bu/ac
2017,426,Canola,45.2,bu/ac
2018,426,Canola,49.1,bu/ac
2019,426,Canola,49.4,bu/ac
2020,426,Canola,43.8,bu/ac
2021,426,Canola,26.6,bu/ac
2022,426,Canola,48.1,bu/ac
2023,426,Canola,49.7,bu/ac
2024,426,Canola,38,bu/ac
2025,426,Canola,44.5,bu/ac
1990,427,Canola,20.3,bu/ac
1991,427,Canola,26.6,bu/ac
1992,427,Canola,21,bu/ac
1993,427,Canola,19.2,bu/ac
1994,427,Canola,20.3,bu/ac
1995,427,Canola,22.8,bu/ac
1996,427,Canola,26.4,bu/ac
1997,427,Canola,26.1,bu/ac
1998,427,Canola,22.9,bu/ac
1999,427,Canola,28.8,bu/ac
2000,427,Canola,28.7,bu/ac
2001,427,Canola,16.4,bu/ac
2002,427,Canola,12.9,bu/ac
2003,427,Canola,22.7,bu/ac
2004,427,Canola,23.3,bu/ac
2005,427,Canola,36,bu/ac
2006,427,Canola,26.9,bu/ac
2007,427,Canola,27.2,bu/ac
2008,427,Canola,38.5,bu/ac
2009,427,Canola,35.1,bu/ac
2010,427,Canola,26.1,bu/ac
2011,427,Canola,38.2,bu/ac
2012,427,Canola,21.6,bu/ac
2013,427,Canola,42,bu/ac
2014,427,Canola,32.36,bu/ac
2015,427,Canola,40.37,bu/ac
2016,427,Canola,45.1,bu/ac
2017,427,Canola,42.48,bu/ac
2018,427,Canola,52.6,bu/ac
2019,427,Canola,48.9,bu/ac
2020,427,Canola,51.1,bu/ac
2021,427,Canola,22.8,bu/ac
2022,427,Canola,46.7,bu/ac
2023,427,Canola,47.7,bu/ac
2024,427,Canola,43.3,bu/ac
2025,427,Canola,45.1,bu/ac
1990,428,Canola,20.4,bu/ac
1991,428,Canola,25.7,bu/ac
1992,428,Canola,25.1,bu/ac
1993,428,Canola,19.7,bu/ac
1994,428,Canola,19.9,bu/ac
1995,428,Canola,26.9,bu/ac
1996,428,Canola,31,bu/ac
1997,428,Canola,28.7,bu/ac
1998,428,Canola,28.3,bu/ac
1999,428,Canola,30.6,bu/ac
2000,428,Canola,28.4,bu/ac
2001,428,Canola,19.8,bu/ac
2002,428,Canola,18.7,bu/ac
2003,428,Canola,27.5,bu/ac
2004,428,Canola,22.1,bu/ac
2005,428,Canola,40.5,bu/ac
2006,428,Canola,30.3,bu/ac
2007,428,Canola,27.1,bu/ac
2008,428,Canola,37.1,bu/ac
2009,428,Canola,35.7,bu/ac
2010,428,Canola,24.1,bu/ac
2011,428,Canola,36.6,bu/ac
2012,428,Canola,22.8,bu/ac
2013,428,Canola,35.6,bu/ac
2014,428,Canola,27.86,bu/ac
2015,428,Canola,43.37,bu/ac
2016,428,Canola,43,bu/ac
2017,428,Canola,42.69,bu/ac
2018,428,Canola,46.6,bu/ac
2019,428,Canola,43.9,bu/ac
2020,428,Canola,40.4,bu/ac
2021,428,Canola,21.8,bu/ac
2022,428,Canola,45.9,bu/ac
2023,428,Canola,45.6,bu/ac
2024,428,Canola,38.2,bu/ac
2025,428,Canola,49.3,bu/ac
1990,429,Canola,25.4,bu/ac
1991,429,Canola,28.4,bu/ac
1992,429,Canola,25,bu/ac
1993,429,Canola,20.4,bu/ac
1994,429,Canola,16.3,bu/ac
1995,429,Canola,27.6,bu/ac
1996,429,Canola,29.6,bu/ac
1997,429,Canola,31.5,bu/ac
1998,429,Canola,27.3,bu/ac
1999,429,Canola,29.4,bu/ac
2000,429,Canola,26.6,bu/ac
2001,429,Canola,19.2,bu/ac
2002,429,Canola,10.2,bu/ac
2003,429,Canola,31.6,bu/ac
2004,429,Canola,18.6,bu/ac
2005,429,Canola,37,bu/ac
2006,429,Canola,30.6,bu/ac
2007,429,Canola,28,bu/ac
2008,429,Canola,37.4,bu/ac
2009,429,Canola,35.6,bu/ac
2010,429,Canola,27.9,bu/ac
2011,429,Canola,36.2,bu/ac
2012,429,Canola,21.7,bu/ac
2013,429,Canola,26.9,bu/ac
2014,429,Canola,25.49,bu/ac
2015,429,Canola,39.92,bu/ac
2016,429,Canola,42.1,bu/ac
2017,429,Canola,39.42,bu/ac
2018,429,Canola,47.1,bu/ac
2019,429,Canola,44,bu/ac
2020,429,Canola,42.1,bu/ac
2021,429,Canola,18.1,bu/ac
2022,429,Canola,43.6,bu/ac
2023,429,Canola,41.4,bu/ac
2024,429,Canola,44.3,bu/ac
2025,429,Canola,49.6,bu/ac
1990,430,Canola,22.8,bu/ac
1991,430,Canola,25.3,bu/ac
1992,430,Canola,23.5,bu/ac
1993,430,Canola,24.9,bu/ac
1994,430,Canola,22.4,bu/ac
1995,430,Canola,21.9,bu/ac
1996,430,Canola,27.4,bu/ac
1997,430,Canola,23.2,bu/ac
1998,430,Canola,26.5,bu/ac
1999,430,Canola,25.6,bu/ac
2000,430,Canola,25.2,bu/ac
2001,430,Canola,17.7,bu/ac
2002,430,Canola,8.6,bu/ac
2003,430,Canola,27.8,bu/ac
2004,430,Canola,23.8,bu/ac
2005,430,Canola,33.8,bu/ac
2006,430,Canola,27.6,bu/ac
2007,430,Canola,24.2,bu/ac
2008,430,Canola,35.7,bu/ac
2009,430,Canola,37,bu/ac
2010,430,Canola,26.3,bu/ac
2011,430,Canola,34.7,bu/ac
2012,430,Canola,18.5,bu/ac
2013,430,Canola,27.5,bu/ac
2014,430,Canola,26.86,bu/ac
2015,430,Canola,40.53,bu/ac
2016,430,Canola,40.7,bu/ac
2017,430,Canola,40.81,bu/ac
2018,430,Canola,38.2,bu/ac
2019,430,Canola,46.9,bu/ac
2020,430,Canola,41.2,bu/ac
2021,430,Canola,23.6,bu/ac
2022,430,Canola,46.1,bu/ac
2023,430,Canola,45.2,bu/ac
2024,430,Canola,37.8,bu/ac
2025,430,Canola,46.9,bu/ac
1990,431,Canola,28.1,bu/ac
1991,431,Canola,23.9,bu/ac
1992,431,Canola,18,bu/ac
1993,431,Canola,24.1,bu/ac
1994,431,Canola,22.9,bu/ac
1995,431,Canola,24,bu/ac
1996,431,Canola,26.3,bu/ac
1997,431,Canola,20.9,bu/ac
1998,431,Canola,25.9,bu/ac
1999,431,Canola,29.2,bu/ac
2000,431,Canola,27.5,bu/ac
2001,431,Canola,15.6,bu/ac
2002,431,Canola,16.6,bu/ac
2003,431,Canola,20.5,bu/ac
2004,431,Canola,24,bu/ac
2005,431,Canola,38.8,bu/ac
2006,431,Canola,32.4,bu/ac
2007,431,Canola,33.5,bu/ac
2008,431,Canola,36.5,bu/ac
2009,431,Canola,33.1,bu/ac
2010,431,Canola,31.5,bu/ac
2011,431,Canola,33.3,bu/ac
2012,431,Canola,21.7,bu/ac
2013,431,Canola,36.4,bu/ac
2014,431,Canola,34,bu/ac
2015,431,Canola,44.08,bu/ac
2016,431,Canola,44.4,bu/ac
2017,431,Canola,51.42,bu/ac
2018,431,Canola,51.4,bu/ac
2019,431,Canola,50.1,bu/ac
2020,431,Canola,46.6,bu/ac
2021,431,Canola,27.1,bu/ac
2022,431,Canola,48.7,bu/ac
2023,431,Canola,46.1,bu/ac
2024,431,Canola,42.4,bu/ac
2025,431,Canola,52.1,bu/ac
1990,434,Canola,29.6,bu/ac
1991,434,Canola,25.6,bu/ac
1992,434,Canola,12.6,bu/ac
1993,434,Canola,20.8,bu/ac
1994,434,Canola,19.5,bu/ac
1995,434,Canola,19.5,bu/ac
1996,434,Canola,24.5,bu/ac
1997,434,Canola,19.1,bu/ac
1998,434,Canola,24.9,bu/ac
1999,434,Canola,28.6,bu/ac
2000,434,Canola,23.5,bu/ac
2001,434,Canola,16.9,bu/ac
2003,434,Canola,15.5,bu/ac
2004,434,Canola,20.2,bu/ac
2005,434,Canola,38,bu/ac
2006,434,Canola,28.7,bu/ac
2007,434,Canola,30.4,bu/ac
2008,434,Canola,29.7,bu/ac
2009,434,Canola,38.6,bu/ac
2010,434,Canola,35.7,bu/ac
2011,434,Canola,37.4,bu/ac
2012,434,Canola,25.7,bu/ac
2013,434,Canola,42.1,bu/ac
2014,434,Canola,39.47,bu/ac
2015,434,Canola,41.77,bu/ac
2016,434,Canola,51.3,bu/ac
2017,434,Canola,47.14,bu/ac
2018,434,Canola,48,bu/ac
2019,434,Canola,52.2,bu/ac
2020,434,Canola,49.8,bu/ac
2021,434,Canola,21.2,bu/ac
2022,434,Canola,46.7,bu/ac
2023,434,Canola,50.4,bu/ac
2024,434,Canola,34,bu/ac
2025,434,Canola,43.6,bu/ac
1990,435,Canola,27.6,bu/ac
1991,435,Canola,21.3,bu/ac
1992,435,Canola,24.2,bu/ac
1993,435,Canola,19.6,bu/ac
1994,435,Canola,23.9,bu/ac
1995,435,Canola,20.3,bu/ac
1996,435,Canola,21.1,bu/ac
1997,435,Canola,19.3,bu/ac
1998,435,Canola,21.5,bu/ac
1999,435,Canola,25.6,bu/ac
2000,435,Canola,21.6,bu/ac
2001,435,Canola,13,bu/ac
2002,435,Canola,8.9,bu/ac
2003,435,Canola,12.9,bu/ac
2004,435,Canola,21.3,bu/ac
2005,435,Canola,25.4,bu/ac
2006,435,Canola,24.5,bu/ac
2007,435,Canola,27.2,bu/ac
2008,435,Canola,34.9,bu/ac
2009,435,Canola,33.1,bu/ac
2010,435,Canola,27.3,bu/ac
2011,435,Canola,31.2,bu/ac
2012,435,Canola,23.4,bu/ac
2013,435,Canola,32.8,bu/ac
2014,435,Canola,33.67,bu/ac
2015,435,Canola,32.93,bu/ac
2016,435,Canola,42.5,bu/ac
2017,435,Canola,39.01,bu/ac
2018,435,Canola,42,bu/ac
2019,435,Canola,42.4,bu/ac
2020,435,Canola,42.8,bu/ac
2021,435,Canola,16.9,bu/ac
2022,435,Canola,32.2,bu/ac
2023,435,Canola,39.7,bu/ac
2024,435,Canola,30.2,bu/ac
2025,435,Canola,47.2,bu/ac
1990,436,Canola,28,bu/ac
1991,436,Canola,19.1,bu/ac
1992,436,Canola,19.1,bu/ac
1993,436,Canola,30.2,bu/ac
1994,436,Canola,22.8,bu/ac
1995,436,Canola,23,bu/ac
1996,436,Canola,28.3,bu/ac
1997,436,Canola,21.7,bu/ac
1998,436,Canola,24.4,bu/ac
1999,436,Canola,27.2,bu/ac
2000,436,Canola,26.2,bu/ac
2001,436,Canola,22.3,bu/ac
2002,436,Canola,12.7,bu/ac
2003,436,Canola,19.5,bu/ac
2004,436,Canola,24.9,bu/ac
2005,436,Canola,32.5,bu/ac
2006,436,Canola,32.2,bu/ac
2007,436,Canola,28.9,bu/ac
2008,436,Canola,29.7,bu/ac
2009,436,Canola,34.4,bu/ac
2010,436,Canola,35,bu/ac
2011,436,Canola,34.1,bu/ac
2012,436,Canola,26.2,bu/ac
2013,436,Canola,37.6,bu/ac
2014,436,Canola,34.79,bu/ac
2015,436,Canola,39.06,bu/ac
2016,436,Canola,41.9,bu/ac
2017,436,Canola,34.51,bu/ac
2018,436,Canola,34.5,bu/ac
2019,436,Canola,41.6,bu/ac
2020,436,Canola,40.6,bu/ac
2021,436,Canola,15.2,bu/ac
2022,436,Canola,35,bu/ac
2023,436,Canola,31.7,bu/ac
2024,436,Canola,29.9,bu/ac
2025,436,Canola,50.5,bu/ac
1990,437,Canola,24.3,bu/ac
1991,437,Canola,20.8,bu/ac
1992,437,Canola,22.5,bu/ac
1993,437,Canola,23.3,bu/ac
1994,437,Canola,22.1,bu/ac
1995,437,Canola,22.4,bu/ac
1996,437,Canola,28,bu/ac
1997,437,Canola,20.9,bu/ac
1998,437,Canola,26.5,bu/ac
1999,437,Canola,28.2,bu/ac
2000,437,Canola,24.7,bu/ac
2001,437,Canola,20.8,bu/ac
2002,437,Canola,9,bu/ac
2003,437,Canola,13.9,bu/ac
2004,437,Canola,22.2,bu/ac
2005,437,Canola,29,bu/ac
2006,437,Canola,30.5,bu/ac
2007,437,Canola,28.9,bu/ac
2008,437,Canola,29,bu/ac
2009,437,Canola,35.5,bu/ac
2010,437,Canola,40.5,bu/ac
2011,437,Canola,37.6,bu/ac
2012,437,Canola,27.8,bu/ac
2013,437,Canola,43.7,bu/ac
2014,437,Canola,39.21,bu/ac
2015,437,Canola,42.02,bu/ac
2016,437,Canola,43.7,bu/ac
2017,437,Canola,41.25,bu/ac
2018,437,Canola,42.3,bu/ac
2019,437,Canola,45,bu/ac
2020,437,Canola,47.1,bu/ac
2021,437,Canola,17.6,bu/ac
2022,437,Canola,40.7,bu/ac
2023,437,Canola,32.3,bu/ac
2024,437,Canola,34.7,bu/ac
2025,437,Canola,51.5,bu/ac
1990,438,Canola,26,bu/ac
1991,438,Canola,19.6,bu/ac
1992,438,Canola,24.6,bu/ac
1993,438,Canola,33,bu/ac
1994,438,Canola,15,bu/ac
1995,438,Canola,16.8,bu/ac
1996,438,Canola,24,bu/ac
1997,438,Canola,21.2,bu/ac
1998,438,Canola,25.4,bu/ac
1999,438,Canola,30.8,bu/ac
2000,438,Canola,27.7,bu/ac
2001,438,Canola,16.3,bu/ac
2002,438,Canola,10.4,bu/ac
2003,438,Canola,12.7,bu/ac
2004,438,Canola,26.9,bu/ac
2005,438,Canola,34.5,bu/ac
2006,438,Canola,29.8,bu/ac
2007,438,Canola,27.7,bu/ac
2008,438,Canola,33.5,bu/ac
2009,438,Canola,33.7,bu/ac
2010,438,Canola,32,bu/ac
2011,438,Canola,38.7,bu/ac
2012,438,Canola,28.6,bu/ac
2013,438,Canola,39.7,bu/ac
2014,438,Canola,41.15,bu/ac
2015,438,Canola,37.83,bu/ac
2016,438,Canola,44.5,bu/ac
2017,438,Canola,37.1,bu/ac
2018,438,Canola,43.4,bu/ac
2019,438,Canola,47.2,bu/ac
2020,438,Canola,46.9,bu/ac
2021,438,Canola,24.3,bu/ac
2022,438,Canola,43.6,bu/ac
2023,438,Canola,40.8,bu/ac
2024,438,Canola,33.4,bu/ac
2025,438,Canola,49,bu/ac
1990,439,Canola,24.8,bu/ac
1991,439,Canola,22,bu/ac
1992,439,Canola,12.1,bu/ac
1993,439,Canola,19.9,bu/ac
1994,439,Canola,19.9,bu/ac
1995,439,Canola,16.1,bu/ac
1996,439,Canola,17.6,bu/ac
1997,439,Canola,19,bu/ac
1998,439,Canola,21,bu/ac
1999,439,Canola,32.2,bu/ac
2000,439,Canola,30.6,bu/ac
2001,439,Canola,22.9,bu/ac
2002,439,Canola,6.8,bu/ac
2003,439,Canola,12.9,bu/ac
2004,439,Canola,25,bu/ac
2005,439,Canola,44.4,bu/ac
2006,439,Canola,32,bu/ac
2007,439,Canola,26.9,bu/ac
2008,439,Canola,37.9,bu/ac
2009,439,Canola,40.1,bu/ac
2010,439,Canola,37.8,bu/ac
2011,439,Canola,41.9,bu/ac
2012,439,Canola,30.7,bu/ac
2013,439,Canola,40.7,bu/ac
2014,439,Canola,47.03,bu/ac
2015,439,Canola,46.22,bu/ac
2016,439,Canola,48.9,bu/ac
2017,439,Canola,47.81,bu/ac
2018,439,Canola,49.1,bu/ac
2019,439,Canola,55.6,bu/ac
2020,439,Canola,53.4,bu/ac
2021,439,Canola,21.7,bu/ac
2022,439,Canola,43.1,bu/ac
2023,439,Canola,48.7,bu/ac
2024,439,Canola,29.9,bu/ac
2025,439,Canola,47.2,bu/ac
1990,440,Canola,24.2,bu/ac
1991,440,Canola,19.1,bu/ac
1992,440,Canola,21.8,bu/ac
1993,440,Canola,24.3,bu/ac
1994,440,Canola,24.7,bu/ac
1995,440,Canola,16.6,bu/ac
1996,440,Canola,19.3,bu/ac
1997,440,Canola,21,bu/ac
1998,440,Canola,17.6,bu/ac
1999,440,Canola,31.8,bu/ac
2000,440,Canola,28.5,bu/ac
2001,440,Canola,21.8,bu/ac
2002,440,Canola,5,bu/ac
2003,440,Canola,14.6,bu/ac
2004,440,Canola,31.4,bu/ac
2005,440,Canola,37.1,bu/ac
2006,440,Canola,32.3,bu/ac
2007,440,Canola,29.3,bu/ac
2008,440,Canola,30,bu/ac
2009,440,Canola,32.7,bu/ac
2010,440,Canola,35.9,bu/ac
2011,440,Canola,31.8,bu/ac
2012,440,Canola,31.7,bu/ac
2013,440,Canola,42.7,bu/ac
2014,440,Canola,43.42,bu/ac
2015,440,Canola,47.42,bu/ac
2016,440,Canola,47.6,bu/ac
2017,440,Canola,46.33,bu/ac
2018,440,Canola,46.3,bu/ac
2019,440,Canola,47.1,bu/ac
2020,440,Canola,48.8,bu/ac
2021,440,Canola,26.1,bu/ac
2022,440,Canola,45.5,bu/ac
2023,440,Canola,42.1,bu/ac
2024,440,Canola,29.1,bu/ac
2025,440,Canola,45.6,bu/ac
1990,442,Canola,23.8,bu/ac
1991,442,Canola,21.1,bu/ac
1992,442,Canola,24.6,bu/ac
1993,442,Canola,26.6,bu/ac
1994,442,Canola,21.1,bu/ac
1995,442,Canola,13.5,bu/ac
1996,442,Canola,20.9,bu/ac
1997,442,Canola,20.2,bu/ac
1998,442,Canola,15.6,bu/ac
1999,442,Canola,29.1,bu/ac
2000,442,Canola,30.8,bu/ac
2001,442,Canola,20.1,bu/ac
2002,442,Canola,5.3,bu/ac
2003,442,Canola,19.7,bu/ac
2004,442,Canola,29.8,bu/ac
2005,442,Canola,36.3,bu/ac
2006,442,Canola,33.9,bu/ac
2007,442,Canola,28.6,bu/ac
2008,442,Canola,36.7,bu/ac
2009,442,Canola,35.4,bu/ac
2010,442,Canola,40.2,bu/ac
2011,442,Canola,36.2,bu/ac
2012,442,Canola,35.5,bu/ac
2013,442,Canola,39.3,bu/ac
2014,442,Canola,40.73,bu/ac
2015,442,Canola,40.09,bu/ac
2016,442,Canola,45.6,bu/ac
2017,442,Canola,46.17,bu/ac
2018,442,Canola,46.2,bu/ac
2019,442,Canola,46.8,bu/ac
2020,442,Canola,41.9,bu/ac
2021,442,Canola,30.9,bu/ac
2022,442,Canola,47,bu/ac
2023,442,Canola,43.1,bu/ac
2024,442,Canola,29.5,bu/ac
2025,442,Canola,46.7,bu/ac
1990,456,Canola,24.6,bu/ac
1991,456,Canola,27.5,bu/ac
1992,456,Canola,21.8,bu/ac
1993,456,Canola,11.6,bu/ac
1994,456,Canola,24.7,bu/ac
1995,456,Canola,21.3,bu/ac
1996,456,Canola,35.5,bu/ac
1997,456,Canola,28,bu/ac
1998,456,Canola,28.2,bu/ac
1999,456,Canola,37.2,bu/ac
2000,456,Canola,34.1,bu/ac
2001,456,Canola,25.5,bu/ac
2002,456,Canola,7.9,bu/ac
2003,456,Canola,26.7,bu/ac
2004,456,Canola,29.7,bu/ac
2005,456,Canola,39.5,bu/ac
2006,456,Canola,31.3,bu/ac
2007,456,Canola,27.3,bu/ac
2008,456,Canola,36.9,bu/ac
2009,456,Canola,36.2,bu/ac
2010,456,Canola,29.3,bu/ac
2011,456,Canola,38.6,bu/ac
2012,456,Canola,25.4,bu/ac
2013,456,Canola,42.7,bu/ac
2014,456,Canola,30.19,bu/ac
2015,456,Canola,42.17,bu/ac
2016,456,Canola,35.9,bu/ac
2017,456,Canola,34.75,bu/ac
2018,456,Canola,42,bu/ac
2019,456,Canola,54.5,bu/ac
2020,456,Canola,32.3,bu/ac
2021,456,Canola,23.5,bu/ac
2022,456,Canola,43.5,bu/ac
2023,456,Canola,39.8,bu/ac
2024,456,Canola,37.3,bu/ac
2025,456,Canola,47.4,bu/ac
1990,457,Canola,23.9,bu/ac
1991,457,Canola,25.5,bu/ac
1992,457,Canola,19.5,bu/ac
1993,457,Canola,19.6,bu/ac
1994,457,Canola,21.8,bu/ac
1995,457,Canola,20.3,bu/ac
1996,457,Canola,30.3,bu/ac
1997,457,Canola,23.5,bu/ac
1998,457,Canola,24.4,bu/ac
1999,457,Canola,29.1,bu/ac
2000,457,Canola,27.9,bu/ac
2001,457,Canola,16.5,bu/ac
2002,457,Canola,11.1,bu/ac
2003,457,Canola,22.8,bu/ac
2004,457,Canola,22.3,bu/ac
2005,457,Canola,35,bu/ac
2006,457,Canola,25.7,bu/ac
2007,457,Canola,20.4,bu/ac
2008,457,Canola,35,bu/ac
2009,457,Canola,33.8,bu/ac
2010,457,Canola,24,bu/ac
2011,457,Canola,32.8,bu/ac
2012,457,Canola,22.2,bu/ac
2013,457,Canola,36.5,bu/ac
2014,457,Canola,24.44,bu/ac
2015,457,Canola,37.91,bu/ac
2016,457,Canola,35.3,bu/ac
2017,457,Canola,36.58,bu/ac
2018,457,Canola,41.2,bu/ac
2019,457,Canola,47.9,bu/ac
2020,457,Canola,32.2,bu/ac
2021,457,Canola,25.7,bu/ac
2022,457,Canola,47.3,bu/ac
2023,457,Canola,44.3,bu/ac
2024,457,Canola,40.8,bu/ac
2025,457,Canola,48.1,bu/ac
1990,458,Canola,23.1,bu/ac
1991,458,Canola,26.2,bu/ac
1992,458,Canola,19.9,bu/ac
1993,458,Canola,20,bu/ac
1994,458,Canola,21,bu/ac
1995,458,Canola,24.2,bu/ac
1996,458,Canola,26.1,bu/ac
1997,458,Canola,25.7,bu/ac
1998,458,Canola,24.1,bu/ac
1999,458,Canola,28.8,bu/ac
2000,458,Canola,19.6,bu/ac
2001,458,Canola,22.4,bu/ac
2002,458,Canola,16.6,bu/ac
2003,458,Canola,24.1,bu/ac
2004,458,Canola,19,bu/ac
2005,458,Canola,29.9,bu/ac
2006,458,Canola,28.9,bu/ac
2007,458,Canola,26.2,bu/ac
2008,458,Canola,35.2,bu/ac
2009,458,Canola,27.9,bu/ac
2010,458,Canola,27.3,bu/ac
2011,458,Canola,32,bu/ac
2012,458,Canola,21.1,bu/ac
2013,458,Canola,33.4,bu/ac
2014,458,Canola,26.69,bu/ac
2015,458,Canola,38.6,bu/ac
2016,458,Canola,40.8,bu/ac
2017,458,Canola,40.43,bu/ac
2018,458,Canola,46.7,bu/ac
2019,458,Canola,50,bu/ac
2020,458,Canola,37.4,bu/ac
2021,458,Canola,28,bu/ac
2022,458,Canola,51.8,bu/ac
2023,458,Canola,51.5,bu/ac
2024,458,Canola,43.7,bu/ac
2025,458,Canola,52.6,bu/ac
1990,459,Canola,28.3,bu/ac
1991,459,Canola,26.3,bu/ac
1992,459,Canola,22.6,bu/ac
1993,459,Canola,15.3,bu/ac
1994,459,Canola,14.8,bu/ac
1995,459,Canola,25.2,bu/ac
1996,459,Canola,26.4,bu/ac
1997,459,Canola,25.4,bu/ac
1998,459,Canola,26.3,bu/ac
1999,459,Canola,27,bu/ac
2000,459,Canola,25.7,bu/ac
2001,459,Canola,23.5,bu/ac
2002,459,Canola,12.2,bu/ac
2003,459,Canola,25.9,bu/ac
2004,459,Canola,16.9,bu/ac
2005,459,Canola,33.2,bu/ac
2006,459,Canola,27.4,bu/ac
2007,459,Canola,24.3,bu/ac
2008,459,Canola,35.9,bu/ac
2009,459,Canola,37.1,bu/ac
2010,459,Canola,20.6,bu/ac
2011,459,Canola,32,bu/ac
2012,459,Canola,22.2,bu/ac
2013,459,Canola,29.6,bu/ac
2014,459,Canola,25.75,bu/ac
2015,459,Canola,42.06,bu/ac
2016,459,Canola,44,bu/ac
2017,459,Canola,41.1,bu/ac
2018,459,Canola,45.5,bu/ac
2019,459,Canola,47,bu/ac
2020,459,Canola,37.1,bu/ac
2021,459,Canola,20.9,bu/ac
2022,459,Canola,46.6,bu/ac
2023,459,Canola,45.3,bu/ac
2024,459,Canola,41,bu/ac
2025,459,Canola,45.7,bu/ac
1990,460,Canola,26.3,bu/ac
1991,460,Canola,24.5,bu/ac
1992,460,Canola,18.8,bu/ac
1993,460,Canola,23.4,bu/ac
1994,460,Canola,22,bu/ac
1995,460,Canola,23.4,bu/ac
1996,460,Canola,29.2,bu/ac
1997,460,Canola,24.9,bu/ac
1998,460,Canola,27.9,bu/ac
1999,460,Canola,27.9,bu/ac
2000,460,Canola,25.8,bu/ac
2001,460,Canola,24.3,bu/ac
2002,460,Canola,8.5,bu/ac
2003,460,Canola,29.5,bu/ac
2004,460,Canola,19.3,bu/ac
2005,460,Canola,35.2,bu/ac
2006,460,Canola,29.5,bu/ac
2007,460,Canola,27.6,bu/ac
2008,460,Canola,36.5,bu/ac
2009,460,Canola,31.6,bu/ac
2010,460,Canola,28.9,bu/ac
2011,460,Canola,32.6,bu/ac
2012,460,Canola,22.8,bu/ac
2013,460,Canola,37.5,bu/ac
2014,460,Canola,25.7,bu/ac
2015,460,Canola,35.05,bu/ac
2016,460,Canola,43.4,bu/ac
2017,460,Canola,41.66,bu/ac
2018,460,Canola,41.7,bu/ac
2019,460,Canola,46.2,bu/ac
2020,460,Canola,40.1,bu/ac
2021,460,Canola,23.8,bu/ac
2022,460,Canola,47.5,bu/ac
2023,460,Canola,46,bu/ac
2024,460,Canola,35.7,bu/ac
2025,460,Canola,46.1,bu/ac
1990,461,Canola,20.3,bu/ac
1991,461,Canola,19.9,bu/ac
1992,461,Canola,23.1,bu/ac
1993,461,Canola,18.4,bu/ac
1994,461,Canola,18.8,bu/ac
1995,461,Canola,20.2,bu/ac
1996,461,Canola,26.3,bu/ac
1997,461,Canola,19.3,bu/ac
1998,461,Canola,26.5,bu/ac
1999,461,Canola,31.8,bu/ac
2000,461,Canola,26.1,bu/ac
2001,461,Canola,22.3,bu/ac
2002,461,Canola,10.4,bu/ac
2003,461,Canola,19.6,bu/ac
2004,461,Canola,20.9,bu/ac
2005,461,Canola,30.1,bu/ac
2006,461,Canola,23.7,bu/ac
2007,461,Canola,29.1,bu/ac
2008,461,Canola,31.4,bu/ac
2009,461,Canola,36.4,bu/ac
2010,461,Canola,30.2,bu/ac
2011,461,Canola,35.7,bu/ac
2012,461,Canola,25.8,bu/ac
2013,461,Canola,37.1,bu/ac
2014,461,Canola,29.88,bu/ac
2015,461,Canola,37.2,bu/ac
2016,461,Canola,40.3,bu/ac
2017,461,Canola,38.24,bu/ac
2018,461,Canola,38.2,bu/ac
2019,461,Canola,45.2,bu/ac
2020,461,Canola,41.1,bu/ac
2021,461,Canola,23.2,bu/ac
2022,461,Canola,46.5,bu/ac
2023,461,Canola,49.9,bu/ac
2024,461,Canola,40.6,bu/ac
2025,461,Canola,46.3,bu/ac
1990,463,Canola,28.2,bu/ac
1991,463,Canola,20,bu/ac
1992,463,Canola,24.8,bu/ac
1993,463,Canola,21.7,bu/ac
1994,463,Canola,17.5,bu/ac
1995,463,Canola,26,bu/ac
1996,463,Canola,28.1,bu/ac
1997,463,Canola,16.2,bu/ac
1998,463,Canola,23.5,bu/ac
1999,463,Canola,30.1,bu/ac
2000,463,Canola,24.8,bu/ac
2001,463,Canola,11.4,bu/ac
2002,463,Canola,4.5,bu/ac
2003,463,Canola,24.7,bu/ac
2004,463,Canola,25.7,bu/ac
2005,463,Canola,41.3,bu/ac
2006,463,Canola,30.8,bu/ac
2007,463,Canola,27,bu/ac
2008,463,Canola,36,bu/ac
2009,463,Canola,36.9,bu/ac
2010,463,Canola,35.9,bu/ac
2011,463,Canola,42.7,bu/ac
2012,463,Canola,29,bu/ac
2013,463,Canola,44,bu/ac
2014,463,Canola,42.96,bu/ac
2015,463,Canola,46.63,bu/ac
2016,463,Canola,47,bu/ac
2017,463,Canola,43.41,bu/ac
2018,463,Canola,43.1,bu/ac
2019,463,Canola,47.3,bu/ac
2020,463,Canola,44.1,bu/ac
2021,463,Canola,27,bu/ac
2022,463,Canola,47.5,bu/ac
2023,463,Canola,42.6,bu/ac
2024,463,Canola,37.5,bu/ac
2025,463,Canola,50,bu/ac
1990,464,Canola,28,bu/ac
1991,464,Canola,24.4,bu/ac
1992,464,Canola,14.2,bu/ac
1993,464,Canola,17.2,bu/ac
1994,464,Canola,19.4,bu/ac
1995,464,Canola,20.3,bu/ac
1996,464,Canola,30,bu/ac
1997,464,Canola,16.5,bu/ac
1998,464,Canola,23.9,bu/ac
1999,464,Canola,25.8,bu/ac
2000,464,Canola,21.8,bu/ac
2001,464,Canola,16.1,bu/ac
2002,464,Canola,6.5,bu/ac
2003,464,Canola,20.7,bu/ac
2004,464,Canola,19.9,bu/ac
2005,464,Canola,32.2,bu/ac
2006,464,Canola,30.4,bu/ac
2007,464,Canola,29.3,bu/ac
2008,464,Canola,30.4,bu/ac
2009,464,Canola,31.9,bu/ac
2010,464,Canola,35.9,bu/ac
2011,464,Canola,35.5,bu/ac
2012,464,Canola,30.5,bu/ac
2013,464,Canola,41.8,bu/ac
2014,464,Canola,37.69,bu/ac
2015,464,Canola,44.56,bu/ac
2016,464,Canola,50.4,bu/ac
2017,464,Canola,45.2,bu/ac
2018,464,Canola,45.4,bu/ac
2019,464,Canola,54.4,bu/ac
2020,464,Canola,47.3,bu/ac
2021,464,Canola,27.9,bu/ac
2022,464,Canola,52.4,bu/ac
2023,464,Canola,56.5,bu/ac
2024,464,Canola,37.4,bu/ac
2025,464,Canola,41,bu/ac
1990,466,Canola,23.6,bu/ac
1991,466,Canola,16,bu/ac
1992,466,Canola,11.4,bu/ac
1993,466,Canola,15.9,bu/ac
1994,466,Canola,14.9,bu/ac
1995,466,Canola,15,bu/ac
1996,466,Canola,23.7,bu/ac
1997,466,Canola,15,bu/ac
1998,466,Canola,18.8,bu/ac
1999,466,Canola,26.2,bu/ac
2000,466,Canola,20,bu/ac
2001,466,Canola,19.1,bu/ac
2002,466,Canola,6,bu/ac
2003,466,Canola,8.2,bu/ac
2004,466,Canola,19.6,bu/ac
2005,466,Canola,33.4,bu/ac
2006,466,Canola,27.4,bu/ac
2007,466,Canola,25,bu/ac
2008,466,Canola,32.3,bu/ac
2009,466,Canola,35,bu/ac
2010,466,Canola,34.2,bu/ac
2011,466,Canola,29.3,bu/ac
2012,466,Canola,28.7,bu/ac
2013,466,Canola,35.5,bu/ac
2014,466,Canola,39.32,bu/ac
2015,466,Canola,40.55,bu/ac
2016,466,Canola,45.9,bu/ac
2017,466,Canola,42.37,bu/ac
2018,466,Canola,42.4,bu/ac
2019,466,Canola,31.2,bu/ac
2020,466,Canola,37.9,bu/ac
2021,466,Canola,16.9,bu/ac
2022,466,Canola,37.5,bu/ac
2023,466,Canola,41.4,bu/ac
2024,466,Canola,31.3,bu/ac
2025,466,Canola,40.6,bu/ac
1990,467,Canola,28.6,bu/ac
1991,467,Canola,17,bu/ac
1992,467,Canola,16.1,bu/ac
1993,467,Canola,21.2,bu/ac
1994,467,Canola,20.7,bu/ac
1995,467,Canola,18.2,bu/ac
1996,467,Canola,21.1,bu/ac
1997,467,Canola,17.8,bu/ac
1998,467,Canola,20.3,bu/ac
1999,467,Canola,23.7,bu/ac
2000,467,Canola,21.6,bu/ac
2001,467,Canola,20.9,bu/ac
2002,467,Canola,3.3,bu/ac
2003,467,Canola,15.2,bu/ac
2004,467,Canola,18.6,bu/ac
2005,467,Canola,28.4,bu/ac
2006,467,Canola,23.8,bu/ac
2007,467,Canola,28.5,bu/ac
2008,467,Canola,29.1,bu/ac
2009,467,Canola,30.8,bu/ac
2010,467,Canola,31.9,bu/ac
2011,467,Canola,32.8,bu/ac
2012,467,Canola,28.2,bu/ac
2013,467,Canola,37.7,bu/ac
2014,467,Canola,36.95,bu/ac
2015,467,Canola,43.08,bu/ac
2016,467,Canola,45.4,bu/ac
2017,467,Canola,37.1,bu/ac
2018,467,Canola,37.1,bu/ac
2019,467,Canola,34.5,bu/ac
2020,467,Canola,34.7,bu/ac
2021,467,Canola,15.2,bu/ac
2022,467,Canola,43.6,bu/ac
2023,467,Canola,35.6,bu/ac
2024,467,Canola,26.9,bu/ac
2025,467,Canola,41.8,bu/ac
1990,468,Canola,23.3,bu/ac
1991,468,Canola,22.3,bu/ac
1992,468,Canola,22.2,bu/ac
1993,468,Canola,21.3,bu/ac
1994,468,Canola,23,bu/ac
1995,468,Canola,20.8,bu/ac
1996,468,Canola,25.4,bu/ac
1997,468,Canola,19.4,bu/ac
1998,468,Canola,23,bu/ac
1999,468,Canola,28.4,bu/ac
2000,468,Canola,25.2,bu/ac
2001,468,Canola,22.3,bu/ac
2002,468,Canola,8,bu/ac
2003,468,Canola,11.1,bu/ac
2004,468,Canola,24.8,bu/ac
2005,468,Canola,32.7,bu/ac
2006,468,Canola,31.7,bu/ac
2007,468,Canola,33.1,bu/ac
2008,468,Canola,36.6,bu/ac
2009,468,Canola,35.1,bu/ac
2010,468,Canola,40.7,bu/ac
2011,468,Canola,34.4,bu/ac
2012,468,Canola,31.6,bu/ac
2013,468,Canola,42.4,bu/ac
2014,468,Canola,38.62,bu/ac
2015,468,Canola,44.31,bu/ac
2016,468,Canola,44.4,bu/ac
2017,468,Canola,41.1,bu/ac
2018,468,Canola,44.3,bu/ac
2019,468,Canola,48.5,bu/ac
2020,468,Canola,46.7,bu/ac
2021,468,Canola,22.8,bu/ac
2022,468,Canola,48.5,bu/ac
2023,468,Canola,45.2,bu/ac
2024,468,Canola,35.5,bu/ac
2025,468,Canola,44.1,bu/ac
1990,469,Canola,21.5,bu/ac
1991,469,Canola,20.8,bu/ac
1992,469,Canola,18.8,bu/ac
1993,469,Canola,22.9,bu/ac
1994,469,Canola,19.8,bu/ac
1995,469,Canola,18.7,bu/ac
1996,469,Canola,22.4,bu/ac
1997,469,Canola,17,bu/ac
1998,469,Canola,18.2,bu/ac
1999,469,Canola,25.7,bu/ac
2000,469,Canola,25.2,bu/ac
2001,469,Canola,22.1,bu/ac
2003,469,Canola,5,bu/ac
2004,469,Canola,28.5,bu/ac
2006,469,Canola,27.8,bu/ac
2008,469,Canola,38.6,bu/ac
2009,469,Canola,33.7,bu/ac
2010,469,Canola,38.9,bu/ac
2011,469,Canola,34.7,bu/ac
2012,469,Canola,29.7,bu/ac
2013,469,Canola,38.6,bu/ac
2014,469,Canola,38.97,bu/ac
2015,469,Canola,41.45,bu/ac
2016,469,Canola,46.5,bu/ac
2017,469,Canola,46.31,bu/ac
2018,469,Canola,49,bu/ac
2019,469,Canola,51.7,bu/ac
2020,469,Canola,46.8,bu/ac
2021,469,Canola,21.7,bu/ac
2022,469,Canola,45.6,bu/ac
2023,469,Canola,49.3,bu/ac
2024,469,Canola,30.1,bu/ac
2025,469,Canola,37.6,bu/ac
1990,470,Canola,21,bu/ac
1991,470,Canola,17.2,bu/ac
1992,470,Canola,21.4,bu/ac
1993,470,Canola,28.5,bu/ac
1994,470,Canola,27.8,bu/ac
1995,470,Canola,22.2,bu/ac
1996,470,Canola,27.4,bu/ac
1997,470,Canola,26,bu/ac
1998,470,Canola,29.2,bu/ac
1999,470,Canola,29.6,bu/ac
2000,470,Canola,33.7,bu/ac
2001,470,Canola,26.8,bu/ac
2003,470,Canola,16.7,bu/ac
2004,470,Canola,26.2,bu/ac
2005,470,Canola,42.5,bu/ac
2007,470,Canola,36.2,bu/ac
2009,470,Canola,31.7,bu/ac
2010,470,Canola,33,bu/ac
2011,470,Canola,32.2,bu/ac
2012,470,Canola,32.2,bu/ac
2013,470,Canola,47.1,bu/ac
2014,470,Canola,43.42,bu/ac
2015,470,Canola,51.87,bu/ac
2016,470,Canola,50.5,bu/ac
2024,470,Canola,35.6,bu/ac
2025,470,Canola,40.8,bu/ac
1990,471,Canola,21.2,bu/ac
1991,471,Canola,23.3,bu/ac
1992,471,Canola,23.8,bu/ac
1993,471,Canola,33.5,bu/ac
1994,471,Canola,27.7,bu/ac
1995,471,Canola,16.1,bu/ac
1996,471,Canola,23.9,bu/ac
1997,471,Canola,22.8,bu/ac
1998,471,Canola,21,bu/ac
1999,471,Canola,29.9,bu/ac
2000,471,Canola,28.7,bu/ac
2001,471,Canola,24.6,bu/ac
2002,471,Canola,16.9,bu/ac
2003,471,Canola,14.4,bu/ac
2004,471,Canola,28.2,bu/ac
2005,471,Canola,35.6,bu/ac
2006,471,Canola,32,bu/ac
2007,471,Canola,31.4,bu/ac
2008,471,Canola,36.7,bu/ac
2009,471,Canola,34.4,bu/ac
2010,471,Canola,39.1,bu/ac
2011,471,Canola,32.4,bu/ac
2012,471,Canola,29.8,bu/ac
2013,471,Canola,46.6,bu/ac
2014,471,Canola,38.08,bu/ac
2015,471,Canola,44.42,bu/ac
2016,471,Canola,42.3,bu/ac
2017,471,Canola,39.3,bu/ac
2018,471,Canola,42,bu/ac
2019,471,Canola,46.5,bu/ac
2020,471,Canola,45.1,bu/ac
2021,471,Canola,26.7,bu/ac
2022,471,Canola,48.3,bu/ac
2023,471,Canola,46.8,bu/ac
2024,471,Canola,30,bu/ac
2025,471,Canola,41,bu/ac
1990,472,Canola,29.3,bu/ac
1991,472,Canola,23,bu/ac
1992,472,Canola,24.2,bu/ac
1993,472,Canola,25.9,bu/ac
1994,472,Canola,24.7,bu/ac
1995,472,Canola,19.3,bu/ac
1996,472,Canola,23.8,bu/ac
1997,472,Canola,24.3,bu/ac
1998,472,Canola,19.2,bu/ac
1999,472,Canola,29.3,bu/ac
2000,472,Canola,27.9,bu/ac
2001,472,Canola,22.2,bu/ac
2002,472,Canola,8.7,bu/ac
2003,472,Canola,18.2,bu/ac
2004,472,Canola,26.4,bu/ac
2005,472,Canola,27,bu/ac
2006,472,Canola,27.6,bu/ac
2007,472,Canola,27.6,bu/ac
2008,472,Canola,35.2,bu/ac
2009,472,Canola,31.7,bu/ac
2010,472,Canola,38.4,bu/ac
2011,472,Canola,30.7,bu/ac
2012,472,Canola,27.4,bu/ac
2013,472,Canola,41.5,bu/ac
2014,472,Canola,38.09,bu/ac
2015,472,Canola,40.77,bu/ac
2016,472,Canola,46.1,bu/ac
2017,472,Canola,44.03,bu/ac
2018,472,Canola,44,bu/ac
2019,472,Canola,43.5,bu/ac
2020,472,Canola,44.2,bu/ac
2021,472,Canola,31.4,bu/ac
2022,472,Canola,46.8,bu/ac
2023,472,Canola,46.7,bu/ac
2024,472,Canola,32.1,bu/ac
2025,472,Canola,47.9,bu/ac
1990,486,Canola,22.4,bu/ac
1991,486,Canola,26.2,bu/ac
1992,486,Canola,20.9,bu/ac
1993,486,Canola,10.9,bu/ac
1994,486,Canola,26.1,bu/ac
1995,486,Canola,24.9,bu/ac
1996,486,Canola,24.6,bu/ac
1997,486,Canola,30.5,bu/ac
1998,486,Canola,28.5,bu/ac
1999,486,Canola,29.6,bu/ac
2000,486,Canola,21.7,bu/ac
2001,486,Canola,24.7,bu/ac
2002,486,Canola,14.2,bu/ac
2003,486,Canola,25.3,bu/ac
2004,486,Canola,24.3,bu/ac
2005,486,Canola,37,bu/ac
2006,486,Canola,31.7,bu/ac
2007,486,Canola,27.4,bu/ac
2008,486,Canola,32.1,bu/ac
2009,486,Canola,35.5,bu/ac
2010,486,Canola,32.3,bu/ac
2011,486,Canola,32.6,bu/ac
2012,486,Canola,20.3,bu/ac
2013,486,Canola,35.7,bu/ac
2014,486,Canola,30.13,bu/ac
2015,486,Canola,40.51,bu/ac
2016,486,Canola,28.8,bu/ac
2017,486,Canola,29.91,bu/ac
2018,486,Canola,37.5,bu/ac
2019,486,Canola,47.2,bu/ac
2020,486,Canola,26.8,bu/ac
2021,486,Canola,28,bu/ac
2022,486,Canola,48,bu/ac
2023,486,Canola,51.8,bu/ac
2024,486,Canola,34.2,bu/ac
2025,486,Canola,47.8,bu/ac
1990,487,Canola,22.6,bu/ac
1991,487,Canola,28.6,bu/ac
1992,487,Canola,24.8,bu/ac
1993,487,Canola,16.1,bu/ac
1994,487,Canola,20.3,bu/ac
1995,487,Canola,23.1,bu/ac
1996,487,Canola,26,bu/ac
1997,487,Canola,27.6,bu/ac
1998,487,Canola,28.1,bu/ac
1999,487,Canola,30,bu/ac
2000,487,Canola,25,bu/ac
2001,487,Canola,24.7,bu/ac
2002,487,Canola,12.7,bu/ac
2003,487,Canola,29.1,bu/ac
2004,487,Canola,26.7,bu/ac
2005,487,Canola,38.3,bu/ac
2006,487,Canola,35.2,bu/ac
2007,487,Canola,33.4,bu/ac
2008,487,Canola,35.6,bu/ac
2009,487,Canola,35,bu/ac
2010,487,Canola,35.3,bu/ac
2011,487,Canola,34.2,bu/ac
2012,487,Canola,22.9,bu/ac
2013,487,Canola,37.2,bu/ac
2014,487,Canola,32.99,bu/ac
2015,487,Canola,38.22,bu/ac
2016,487,Canola,42,bu/ac
2017,487,Canola,39.18,bu/ac
2018,487,Canola,44.7,bu/ac
2019,487,Canola,48.1,bu/ac
2020,487,Canola,39,bu/ac
2021,487,Canola,35.4,bu/ac
2022,487,Canola,48.5,bu/ac
2023,487,Canola,50.2,bu/ac
2024,487,Canola,42.5,bu/ac
2025,487,Canola,52,bu/ac
1990,488,Canola,21.7,bu/ac
1991,488,Canola,24.1,bu/ac
1992,488,Canola,17.8,bu/ac
1993,488,Canola,13.2,bu/ac
1994,488,Canola,18.4,bu/ac
1995,488,Canola,20.4,bu/ac
1996,488,Canola,24.1,bu/ac
1997,488,Canola,25,bu/ac
1998,488,Canola,24.8,bu/ac
1999,488,Canola,23.7,bu/ac
2000,488,Canola,22.6,bu/ac
2001,488,Canola,27.1,bu/ac
2002,488,Canola,14.5,bu/ac
2003,488,Canola,31.1,bu/ac
2004,488,Canola,21.8,bu/ac
2005,488,Canola,30.8,bu/ac
2006,488,Canola,28.6,bu/ac
2007,488,Canola,29.1,bu/ac
2008,488,Canola,32.4,bu/ac
2009,488,Canola,38.5,bu/ac
2010,488,Canola,32.6,bu/ac
2011,488,Canola,27.1,bu/ac
2012,488,Canola,22.6,bu/ac
2013,488,Canola,25.3,bu/ac
2014,488,Canola,24.89,bu/ac
2015,488,Canola,37.89,bu/ac
2016,488,Canola,40.9,bu/ac
2017,488,Canola,32.67,bu/ac
2018,488,Canola,40.8,bu/ac
2019,488,Canola,44.1,bu/ac
2020,488,Canola,38.5,bu/ac
2021,488,Canola,30.2,bu/ac
2022,488,Canola,41.9,bu/ac
2023,488,Canola,49.6,bu/ac
2024,488,Canola,37.2,bu/ac
2025,488,Canola,44.4,bu/ac
1990,490,Canola,25.1,bu/ac
1991,490,Canola,23.8,bu/ac
1992,490,Canola,15.2,bu/ac
1993,490,Canola,17.5,bu/ac
1994,490,Canola,20.4,bu/ac
1995,490,Canola,18.8,bu/ac
1996,490,Canola,22.3,bu/ac
1997,490,Canola,24.6,bu/ac
1998,490,Canola,22.8,bu/ac
1999,490,Canola,23,bu/ac
2000,490,Canola,13.6,bu/ac
2001,490,Canola,22.2,bu/ac
2002,490,Canola,7.2,bu/ac
2003,490,Canola,31.6,bu/ac
2004,490,Canola,16.5,bu/ac
2005,490,Canola,32.9,bu/ac
2006,490,Canola,24.2,bu/ac
2007,490,Canola,29.7,bu/ac
2008,490,Canola,31.4,bu/ac
2009,490,Canola,33.5,bu/ac
2010,490,Canola,27.9,bu/ac
2011,490,Canola,27.1,bu/ac
2012,490,Canola,24.9,bu/ac
2013,490,Canola,26.2,bu/ac
2014,490,Canola,23.48,bu/ac
2015,490,Canola,36.71,bu/ac
2016,490,Canola,39,bu/ac
2017,490,Canola,35.66,bu/ac
2018,490,Canola,37.8,bu/ac
2019,490,Canola,48.1,bu/ac
2020,490,Canola,35.7,bu/ac
2021,490,Canola,31.7,bu/ac
2022,490,Canola,48.3,bu/ac
2023,490,Canola,55.3,bu/ac
2024,490,Canola,37.8,bu/ac
2025,490,Canola,45.2,bu/ac
1990,491,Canola,23.6,bu/ac
1991,491,Canola,20.6,bu/ac
1992,491,Canola,16.1,bu/ac
1993,491,Canola,15.8,bu/ac
1994,491,Canola,15.3,bu/ac
1995,491,Canola,16.3,bu/ac
1996,491,Canola,19.5,bu/ac
1997,491,Canola,17.3,bu/ac
1998,491,Canola,24.9,bu/ac
1999,491,Canola,28.4,bu/ac
2000,491,Canola,20.6,bu/ac
2001,491,Canola,23.7,bu/ac
2002,491,Canola,11.3,bu/ac
2003,491,Canola,23.4,bu/ac
2004,491,Canola,12.2,bu/ac
2005,491,Canola,30.1,bu/ac
2006,491,Canola,30.6,bu/ac
2007,491,Canola,23.3,bu/ac
2008,491,Canola,32.4,bu/ac
2009,491,Canola,32.9,bu/ac
2010,491,Canola,40.5,bu/ac
2011,491,Canola,33.8,bu/ac
2012,491,Canola,27.9,bu/ac
2013,491,Canola,31.7,bu/ac
2014,491,Canola,24.08,bu/ac
2015,491,Canola,34.47,bu/ac
2016,491,Canola,40.4,bu/ac
2017,491,Canola,37.26,bu/ac
2018,491,Canola,40.6,bu/ac
2019,491,Canola,50.5,bu/ac
2020,491,Canola,44.8,bu/ac
2021,491,Canola,31.5,bu/ac
2022,491,Canola,47.7,bu/ac
2023,491,Canola,51.3,bu/ac
2024,491,Canola,37.6,bu/ac
2025,491,Canola,42.3,bu/ac
1990,493,Canola,28.7,bu/ac
1991,493,Canola,24.9,bu/ac
1992,493,Canola,17.7,bu/ac
1993,493,Canola,18.3,bu/ac
1994,493,Canola,20.1,bu/ac
1995,493,Canola,23.4,bu/ac
1996,493,Canola,25.6,bu/ac
1997,493,Canola,25.2,bu/ac
1998,493,Canola,24.4,bu/ac
1999,493,Canola,24.2,bu/ac
2000,493,Canola,23.6,bu/ac
2001,493,Canola,27.7,bu/ac
2002,493,Canola,8.6,bu/ac
2003,493,Canola,17,bu/ac
2004,493,Canola,16.1,bu/ac
2005,493,Canola,37.2,bu/ac
2006,493,Canola,33.8,bu/ac
2007,493,Canola,33.1,bu/ac
2008,493,Canola,36.4,bu/ac
2009,493,Canola,38.6,bu/ac
2010,493,Canola,36.3,bu/ac
2011,493,Canola,33.6,bu/ac
2012,493,Canola,30.5,bu/ac
2013,493,Canola,37,bu/ac
2014,493,Canola,33.33,bu/ac
2015,493,Canola,46.81,bu/ac
2016,493,Canola,47.8,bu/ac
2017,493,Canola,47.95,bu/ac
2018,493,Canola,47.9,bu/ac
2019,493,Canola,53.7,bu/ac
2020,493,Canola,47.7,bu/ac
2021,493,Canola,35.5,bu/ac
2022,493,Canola,54.6,bu/ac
2023,493,Canola,56,bu/ac
2024,493,Canola,45.9,bu/ac
2025,493,Canola,40.4,bu/ac
1990,494,Canola,25.2,bu/ac
1991,494,Canola,22.9,bu/ac
1992,494,Canola,15.4,bu/ac
1993,494,Canola,16.8,bu/ac
1994,494,Canola,16.1,bu/ac
1995,494,Canola,21.5,bu/ac
1996,494,Canola,25.7,bu/ac
1997,494,Canola,21.7,bu/ac
1998,494,Canola,20.8,bu/ac
1999,494,Canola,21.3,bu/ac
2000,494,Canola,18.8,bu/ac
2001,494,Canola,20.5,bu/ac
2002,494,Canola,9.2,bu/ac
2003,494,Canola,23.8,bu/ac
2004,494,Canola,16.1,bu/ac
2005,494,Canola,33.1,bu/ac
2006,494,Canola,27,bu/ac
2007,494,Canola,26.5,bu/ac
2008,494,Canola,31.4,bu/ac
2009,494,Canola,33.5,bu/ac
2010,494,Canola,33.1,bu/ac
2011,494,Canola,33.1,bu/ac
2012,494,Canola,25.4,bu/ac
2013,494,Canola,33.5,bu/ac
2014,494,Canola,31.74,bu/ac
2015,494,Canola,43.03,bu/ac
2016,494,Canola,41.2,bu/ac
2017,494,Canola,44.65,bu/ac
2018,494,Canola,44.6,bu/ac
2019,494,Canola,50,bu/ac
2020,494,Canola,41.4,bu/ac
2021,494,Canola,33.1,bu/ac
2022,494,Canola,49.5,bu/ac
2023,494,Canola,53.6,bu/ac
2024,494,Canola,36.3,bu/ac
2025,494,Canola,42.3,bu/ac
1990,496,Canola,23.8,bu/ac
1991,496,Canola,18.8,bu/ac
1992,496,Canola,29.7,bu/ac
1993,496,Canola,14.5,bu/ac
1994,496,Canola,13.9,bu/ac
1995,496,Canola,16.9,bu/ac
1996,496,Canola,22.4,bu/ac
1997,496,Canola,19.6,bu/ac
1998,496,Canola,24.3,bu/ac
1999,496,Canola,22.6,bu/ac
2000,496,Canola,20,bu/ac
2001,496,Canola,27.6,bu/ac
2003,496,Canola,13,bu/ac
2004,496,Canola,8.2,bu/ac
2005,496,Canola,33.9,bu/ac
2006,496,Canola,34.7,bu/ac
2007,496,Canola,34,bu/ac
2008,496,Canola,39.4,bu/ac
2009,496,Canola,34.7,bu/ac
2010,496,Canola,31.4,bu/ac
2011,496,Canola,29.7,bu/ac
2012,496,Canola,27,bu/ac
2013,496,Canola,39.1,bu/ac
2014,496,Canola,37.83,bu/ac
2015,496,Canola,46.62,bu/ac
2016,496,Canola,50.1,bu/ac
2017,496,Canola,43.4,bu/ac
2018,496,Canola,43.8,bu/ac
2019,496,Canola,49.4,bu/ac
2020,496,Canola,33.4,bu/ac
2021,496,Canola,30.8,bu/ac
2022,496,Canola,39.8,bu/ac
2023,496,Canola,51.8,bu/ac
2024,496,Canola,29.1,bu/ac
2025,496,Canola,50.2,bu/ac
1990,497,Canola,23.7,bu/ac
1991,497,Canola,19.9,bu/ac
1992,497,Canola,13,bu/ac
1993,497,Canola,18.5,bu/ac
1994,497,Canola,17.5,bu/ac
1995,497,Canola,20.4,bu/ac
1996,497,Canola,20.7,bu/ac
1997,497,Canola,15.9,bu/ac
1998,497,Canola,15.6,bu/ac
1999,497,Canola,24.1,bu/ac
2000,497,Canola,17.3,bu/ac
2001,497,Canola,23.3,bu/ac
2002,497,Canola,4.9,bu/ac
2003,497,Canola,19.6,bu/ac
2004,497,Canola,16.8,bu/ac
2005,497,Canola,30,bu/ac
2006,497,Canola,29.4,bu/ac
2007,497,Canola,29.7,bu/ac
2008,497,Canola,31.9,bu/ac
2009,497,Canola,32,bu/ac
2010,497,Canola,31.3,bu/ac
2011,497,Canola,28.1,bu/ac
2012,497,Canola,29.1,bu/ac
2013,497,Canola,39,bu/ac
2014,497,Canola,38.96,bu/ac
2015,497,Canola,41.78,bu/ac
2016,497,Canola,48.2,bu/ac
2017,497,Canola,43.46,bu/ac
2018,497,Canola,43.5,bu/ac
2019,497,Canola,39.1,bu/ac
2020,497,Canola,38.3,bu/ac
2021,497,Canola,20.9,bu/ac
2022,497,Canola,42.3,bu/ac
2023,497,Canola,50.4,bu/ac
2024,497,Canola,31,bu/ac
2025,497,Canola,39.4,bu/ac
1990,498,Canola,22.1,bu/ac
1991,498,Canola,16.2,bu/ac
1992,498,Canola,18.6,bu/ac
1993,498,Canola,25.1,bu/ac
1994,498,Canola,22.1,bu/ac
1995,498,Canola,18.7,bu/ac
1996,498,Canola,19.7,bu/ac
1997,498,Canola,17.3,bu/ac
1998,498,Canola,19.9,bu/ac
1999,498,Canola,26.2,bu/ac
2000,498,Canola,25.9,bu/ac
2001,498,Canola,19.3,bu/ac
2003,498,Canola,12.9,bu/ac
2004,498,Canola,18.7,bu/ac
2005,498,Canola,30.7,bu/ac
2006,498,Canola,26.8,bu/ac
2007,498,Canola,23.9,bu/ac
2008,498,Canola,28,bu/ac
2009,498,Canola,30.3,bu/ac
2010,498,Canola,34.8,bu/ac
2011,498,Canola,27.9,bu/ac
2012,498,Canola,28.7,bu/ac
2013,498,Canola,35.3,bu/ac
2014,498,Canola,31.44,bu/ac
2015,498,Canola,41.73,bu/ac
2016,498,Canola,45.5,bu/ac
2017,498,Canola,40.07,bu/ac
2018,498,Canola,41.6,bu/ac
2019,498,Canola,45.4,bu/ac
2020,498,Canola,43.2,bu/ac
2021,498,Canola,19.9,bu/ac
2022,498,Canola,45.1,bu/ac
2023,498,Canola,45.6,bu/ac
2024,498,Canola,31.5,bu/ac
2025,498,Canola,38.3,bu/ac
1990,499,Canola,20.6,bu/ac
1991,499,Canola,17.8,bu/ac
1992,499,Canola,13.2,bu/ac
1993,499,Canola,23.1,bu/ac
1994,499,Canola,59.5,bu/ac
1995,499,Canola,15.2,bu/ac
1996,499,Canola,21.9,bu/ac
1997,499,Canola,21.4,bu/ac
1998,499,Canola,19.7,bu/ac
1999,499,Canola,26.7,bu/ac
2000,499,Canola,27.2,bu/ac
2001,499,Canola,19.4,bu/ac
2002,499,Canola,5,bu/ac
2003,499,Canola,16.3,bu/ac
2004,499,Canola,27,bu/ac
2005,499,Canola,38.7,bu/ac
2006,499,Canola,29.3,bu/ac
2007,499,Canola,29.8,bu/ac
2008,499,Canola,36.6,bu/ac
2009,499,Canola,35.4,bu/ac
2010,499,Canola,36.2,bu/ac
2011,499,Canola,32.6,bu/ac
2012,499,Canola,31.3,bu/ac
2013,499,Canola,38.1,bu/ac
2014,499,Canola,38.63,bu/ac
2015,499,Canola,40.27,bu/ac
2016,499,Canola,49.4,bu/ac
2017,499,Canola,46.39,bu/ac
2018,499,Canola,50.4,bu/ac
2019,499,Canola,50.5,bu/ac
2020,499,Canola,40.6,bu/ac
2021,499,Canola,26,bu/ac
2022,499,Canola,50.8,bu/ac
2023,499,Canola,49.9,bu/ac
2024,499,Canola,33.4,bu/ac
2025,499,Canola,37.2,bu/ac
1990,501,Canola,20.5,bu/ac
1991,501,Canola,19.1,bu/ac
1992,501,Canola,14.3,bu/ac
1993,501,Canola,19.1,bu/ac
1994,501,Canola,20.5,bu/ac
1995,501,Canola,13,bu/ac
1996,501,Canola,20.1,bu/ac
1997,501,Canola,19.8,bu/ac
1998,501,Canola,20.6,bu/ac
1999,501,Canola,29.5,bu/ac
2000,501,Canola,31.3,bu/ac
2001,501,Canola,21.7,bu/ac
2002,501,Canola,6,bu/ac
2003,501,Canola,17.2,bu/ac
2004,501,Canola,27,bu/ac
2005,501,Canola,36.3,bu/ac
2006,501,Canola,30.9,bu/ac
2007,501,Canola,28.6,bu/ac
2008,501,Canola,35.1,bu/ac
2009,501,Canola,34.9,bu/ac
2010,501,Canola,39.1,bu/ac
2011,501,Canola,35.8,bu/ac
2012,501,Canola,28.7,bu/ac
2013,501,Canola,39,bu/ac
2014,501,Canola,39.55,bu/ac
2015,501,Canola,43.66,bu/ac
2016,501,Canola,46.6,bu/ac
2017,501,Canola,45.72,bu/ac
2018,501,Canola,46.2,bu/ac
2019,501,Canola,51.8,bu/ac
2020,501,Canola,42.7,bu/ac
2021,501,Canola,25.6,bu/ac
2022,501,Canola,44.9,bu/ac
2023,501,Canola,48.4,bu/ac
2024,501,Canola,29.5,bu/ac
2025,501,Canola,27.7,bu/ac
1990,502,Canola,26.4,bu/ac
1991,502,Canola,19.7,bu/ac
1992,502,Canola,16.9,bu/ac
1993,502,Canola,24.2,bu/ac
1994,502,Canola,19.9,bu/ac
1995,502,Canola,11.4,bu/ac
1996,502,Canola,20.2,bu/ac
1997,502,Canola,18.5,bu/ac
1998,502,Canola,16.4,bu/ac
1999,502,Canola,31.5,bu/ac
2000,502,Canola,27.7,bu/ac
2001,502,Canola,21.8,bu/ac
2002,502,Canola,12.4,bu/ac
2003,502,Canola,17.3,bu/ac
2004,502,Canola,29.1,bu/ac
2005,502,Canola,32.6,bu/ac
2006,502,Canola,29.6,bu/ac
2007,502,Canola,27.4,bu/ac
2008,502,Canola,37.1,bu/ac
2009,502,Canola,33.5,bu/ac
2010,502,Canola,39.5,bu/ac
2011,502,Canola,33.8,bu/ac
2012,502,Canola,30.5,bu/ac
2013,502,Canola,42.5,bu/ac
2014,502,Canola,37.59,bu/ac
2015,502,Canola,43.49,bu/ac
2016,502,Canola,45.5,bu/ac
2017,502,Canola,45.07,bu/ac
2018,502,Canola,45.1,bu/ac
2019,502,Canola,47.5,bu/ac
2020,502,Canola,42,bu/ac
2021,502,Canola,24.2,bu/ac
2022,502,Canola,43.3,bu/ac
2023,502,Canola,42.2,bu/ac
2024,502,Canola,27.7,bu/ac
2025,502,Canola,36.4,bu/ac
1990,520,Canola,22,bu/ac
1991,520,Canola,26.1,bu/ac
1992,520,Canola,25,bu/ac
1993,520,Canola,13.6,bu/ac
1994,520,Canola,20.2,bu/ac
1995,520,Canola,17.7,bu/ac
1996,520,Canola,19.6,bu/ac
1997,520,Canola,16.8,bu/ac
1998,520,Canola,18.5,bu/ac
1999,520,Canola,23,bu/ac
2000,520,Canola,19.1,bu/ac
2001,520,Canola,25.4,bu/ac
2002,520,Canola,9.7,bu/ac
2003,520,Canola,22.1,bu/ac
2004,520,Canola,10.4,bu/ac
2005,520,Canola,32.1,bu/ac
2006,520,Canola,26.9,bu/ac
2007,520,Canola,28.8,bu/ac
2008,520,Canola,26.2,bu/ac
2009,520,Canola,31.3,bu/ac
2010,520,Canola,25,bu/ac
2011,520,Canola,26.4,bu/ac
2012,520,Canola,27.1,bu/ac
2013,520,Canola,30,bu/ac
2014,520,Canola,26.38,bu/ac
2015,520,Canola,40.62,bu/ac
2016,520,Canola,48,bu/ac
2017,520,Canola,39.03,bu/ac
2018,520,Canola,42,bu/ac
2019,520,Canola,48.1,bu/ac
2020,520,Canola,39.2,bu/ac
2021,520,Canola,36.6,bu/ac
2022,520,Canola,47.9,bu/ac
2023,520,Canola,51.1,bu/ac
2024,520,Canola,35.3,bu/ac
2025,520,Canola,42.8,bu/ac
1990,529,Canola,27,bu/ac
1991,529,Canola,15.5,bu/ac
1990,555,Canola,20.3,bu/ac
1991,555,Canola,18.6,bu/ac
1992,555,Canola,14.3,bu/ac
1994,555,Canola,6.5,bu/ac
1995,555,Canola,17,bu/ac
1996,555,Canola,22,bu/ac
1997,555,Canola,16.5,bu/ac
1998,555,Canola,18.4,bu/ac
1999,555,Canola,19.8,bu/ac
2002,555,Canola,12,bu/ac
2003,555,Canola,20,bu/ac
2004,555,Canola,19.1,bu/ac
2010,555,Canola,24.3,bu/ac
2011,555,Canola,29.4,bu/ac
2012,555,Canola,21,bu/ac
2013,555,Canola,28.9,bu/ac
2014,555,Canola,33.86,bu/ac
2015,555,Canola,45.8,bu/ac
2016,555,Canola,46.8,bu/ac
2017,555,Canola,43.06,bu/ac
2018,555,Canola,44,bu/ac
2019,555,Canola,50.4,bu/ac
2020,555,Canola,31.3,bu/ac
2021,555,Canola,36.9,bu/ac
2022,555,Canola,39.9,bu/ac
2023,555,Canola,54.2,bu/ac
2024,555,Canola,30.9,bu/ac
2025,555,Canola,50.2,bu/ac
1990,561,Canola,19.1,bu/ac
1991,561,Canola,20.1,bu/ac
1992,561,Canola,10.5,bu/ac
1993,561,Canola,23.7,bu/ac
1994,561,Canola,14.6,bu/ac
1995,561,Canola,16,bu/ac
1996,561,Canola,22.5,bu/ac
1997,561,Canola,21,bu/ac
1998,561,Canola,23.8,bu/ac
1999,561,Canola,25.5,bu/ac
2000,561,Canola,18.8,bu/ac
2001,561,Canola,17.2,bu/ac
2003,561,Canola,18.5,bu/ac
2004,561,Canola,19.9,bu/ac
2005,561,Canola,28.5,bu/ac
2007,561,Canola,26.9,bu/ac
2008,561,Canola,38,bu/ac
2009,561,Canola,29.1,bu/ac
2010,561,Canola,40.6,bu/ac
2011,561,Canola,33.1,bu/ac
2012,561,Canola,26.9,bu/ac
2013,561,Canola,34.8,bu/ac
2014,561,Canola,33.64,bu/ac
2015,561,Canola,41.32,bu/ac
2016,561,Canola,47.9,bu/ac
2017,561,Canola,43,bu/ac
2018,561,Canola,50.3,bu/ac
2019,561,Canola,48.8,bu/ac
2020,561,Canola,33.8,bu/ac
2021,561,Canola,26.8,bu/ac
2022,561,Canola,28.2,bu/ac
2023,561,Canola,50.8,bu/ac
2024,561,Canola,33.5,bu/ac
2025,561,Canola,32,bu/ac
1990,588,Canola,26.1,bu/ac
1991,588,Canola,20.4,bu/ac
1992,588,Canola,15.3,bu/ac
1993,588,Canola,20,bu/ac
1994,588,Canola,28,bu/ac
1995,588,Canola,21.4,bu/ac
1996,588,Canola,22.5,bu/ac
1997,588,Canola,21.2,bu/ac
1998,588,Canola,23.6,bu/ac
1999,588,Canola,26.7,bu/ac
2000,588,Canola,21.8,bu/ac
2001,588,Canola,23.8,bu/ac
2002,588,Canola,8.1,bu/ac
2003,588,Canola,19.1,bu/ac
2004,588,Canola,19,bu/ac
2005,588,Canola,31.7,bu/ac
2006,588,Canola,29.3,bu/ac
2007,588,Canola,32.2,bu/ac
2008,588,Canola,35.3,bu/ac
2009,588,Canola,36.3,bu/ac
2010,588,Canola,36.3,bu/ac
2011,588,Canola,27.8,bu/ac
2012,588,Canola,25,bu/ac
2013,588,Canola,38,bu/ac
2014,588,Canola,30.53,bu/ac
2015,588,Canola,41.7,bu/ac
2016,588,Canola,46,bu/ac
2017,588,Canola,34.06,bu/ac
2018,588,Canola,43.7,bu/ac
2019,588,Canola,48.1,bu/ac
2020,588,Canola,27.5,bu/ac
2021,588,Canola,30.2,bu/ac
2022,588,Canola,35.9,bu/ac
2023,588,Canola,46.6,bu/ac
2024,588,Canola,28.8,bu/ac
2025,588,Canola,37.7,bu/ac
1990,622,Canola,17.6,bu/ac
1991,622,Canola,16.5,bu/ac
1992,622,Canola,10.1,bu/ac
1993,622,Canola,20.2,bu/ac
1994,622,Canola,14.5,bu/ac
1995,622,Canola,9.4,bu/ac
1996,622,Canola,16.6,bu/ac
1997,622,Canola,13.6,bu/ac
1998,622,Canola,22.1,bu/ac
1999,622,Canola,21.8,bu/ac
2000,622,Canola,22.9,bu/ac
2001,622,Canola,27.4,bu/ac
2002,622,Canola,3,bu/ac
2003,622,Canola,14.3,bu/ac
2004,622,Canola,20,bu/ac
2005,622,Canola,40.1,bu/ac
2006,622,Canola,21,bu/ac
2007,622,Canola,31.3,bu/ac
2008,622,Canola,34.5,bu/ac
2009,622,Canola,37.4,bu/ac
2010,622,Canola,44,bu/ac
2011,622,Canola,26.3,bu/ac
2012,622,Canola,28.1,bu/ac
2013,622,Canola,42.2,bu/ac
2014,622,Canola,28.3,bu/ac
2015,622,Canola,46.3,bu/ac
2016,622,Canola,48.6,bu/ac
2017,622,Canola,43.06,bu/ac
2018,622,Canola,39.3,bu/ac
2019,622,Canola,46.1,bu/ac
2020,622,Canola,40.9,bu/ac
2021,622,Canola,23.9,bu/ac
2022,622,Canola,44.4,bu/ac
2023,622,Canola,45.9,bu/ac
2024,622,Canola,34.1,bu/ac
2025,622,Canola,40.7,bu/ac
