Year,RM,Spring Wheat,Durum,Canola,Barley,Oats,Peas,Lentils,Flax
1990,1,30.7,36.7,22,57.5,56.3,,,8
1991,1,18.5,21.9,24.1,50.8,47.6,,,
1992,1,28.7,28,15,58.5,60.4,,,
1993,1,29.2,30,25.3,59.8,85.8,25,1200,25.6
1994,1,28.4,31,23.1,57.5,63.4,30,890,20.1
1995,1,20.7,25.4,15.9,46,55.1,26.4,1200,19
1996,1,25.8,22.4,19.3,45.3,53.2,23.8,720,18
1997,1,22.4,24.3,18.1,47.7,52.8,33.6,,15.4
1998,1,25.4,29.3,26.5,49.9,46,25.9,,16.9
1999,1,23.5,25.7,25,31.4,26.2,30.3,,21.1
2000,1,34.7,31.7,25.3,44.9,57.6,36,,17
2001,1,25.6,25.7,22.1,54.7,65.6,33,,15.7
2002,1,25.4,23.6,18.2,38.6,39.9,25.5,,12.2
2003,1,24.9,,15.9,38.1,34.5,24.9,,9.3
2004,1,37.4,,23.3,56.3,68,38.4,,20.9
2005,1,26.5,,27.3,38,67,23.5,,13.4
2006,1,30.6,,23.3,48.9,56,31.9,,14.7
2007,1,30.3,,22.5,55.7,61,38,,18.6
2008,1,36.6,,23.2,54.9,60.9,31.9,,16.9
2009,1,41.8,,34.2,58.2,73.7,45.7,,26.1
2010,1,37.8,,27.6,60.9,69.2,24.8,678,15.5
2011,1,24.8,,17.2,9.6,41.5,10.7,,
2012,1,36.2,,22.3,53.8,54.7,29,,18
2013,1,47.4,,32.1,73.7,58.7,38.2,,30.2
2014,1,,,26.21,52.08,59.69,36.8,,18.23
2015,1,34.32,29.18,28.65,50.96,56.36,37.7,,16.07
2016,1,40.5,38.4,32.1,68.1,75.7,26.2,728,24.1
2017,1,45.97,,39.19,,85.82,43.4,,26.69
2018,1,50,,39.2,76,96,42,,25
2019,1,50.9,,32.4,83.5,102.1,43.8,,25
2020,1,56,,39.9,94,120.2,48.4,,31.9
2021,1,46.2,,33.2,63.7,84,37.7,,22.1
2022,1,52.4,,37.4,90.3,105.6,47.4,,
2023,1,50.8,,36.8,53,55.1,44.9,,
2024,1,46.7,,36.4,77.1,99.4,40.1,,
2025,1,60.4,64.3,48.3,80.2,122.6,53.3,,
1990,2,31.4,37.2,20,55,60,,,23
1991,2,25.9,29.3,24.8,40.2,44.6,,,18.1
1992,2,37.9,40.3,31.8,75.1,77.2,,,19.3
1993,2,31.1,35.1,30,60.7,62.1,35,,25
1994,2,27.6,28.5,21,52.5,51,21.7,1300,17.5
1995,2,20.5,25.7,17.5,46.1,56,29.2,1200,23
1996,2,24.9,29.4,21.8,46.4,51.9,30,1500,20.8
1997,2,20.5,22.3,21.8,40.1,52.3,28.7,1233.3,14.7
1998,2,27.9,27,25.5,53.1,56.7,28.8,680,19.2
1999,2,22.5,25.7,21.6,34.5,34.1,35,1200,16.9
2000,2,31.6,32.4,27,52.4,60.9,40.6,,19.3
2001,2,25.5,23.8,23.5,45.2,46.8,31.1,,22.9
2002,2,30.8,25,23,46,46,27.9,,14.9
2003,2,32.2,33,18.6,46.3,47.8,29.9,,14.2
2004,2,34.8,28.5,27.9,56.7,57.8,28,,17.5
2005,2,31.6,25,26.8,48.3,66.2,24.1,,20.5
2006,2,31.7,,22.4,48.6,52.7,31.6,,16.5
2007,2,28.7,28,24.4,54.4,59.6,38.6,,19
2008,2,34.1,29.3,27.5,49.7,56.2,23.5,,21.9
2009,2,40.2,,36.4,54.2,56.9,32.9,,27.9
2010,2,37.6,,30,43.5,52.7,28.5,1300,17
2011,2,32.8,,26.4,31.5,47.5,15.6,,
2012,2,37.2,40,28.6,50.9,66.1,33.3,1200,22
2013,2,48.4,55,33.2,62.3,71.4,37,495,19.3
2014,2,,30.31,28.73,39.65,73.99,23,504.85,18.23
2015,2,36.63,32.67,29.45,44.18,55.23,29.7,,18.56
2016,2,40.3,54.4,31,63.1,104.2,30.1,767,24.6
2017,2,44.32,,33.77,50.92,70.13,34,,27.39
2018,2,44.4,,33.8,63,71.4,47,,24
2019,2,51.1,,34.4,59.8,83.5,43.1,,17.1
2020,2,58.1,60,41.3,80.8,93.5,56.4,1909,30.6
2021,2,43.7,37.7,30.4,52.1,76.5,44.1,,20.6
2022,2,46.5,53.1,39.1,61.2,77.9,46.9,,27.5
2023,2,48.5,,34.4,50.5,81.8,41.3,1728.4,
2024,2,56.2,45.7,36.2,67.5,95.3,48.3,1523,32.6
2025,2,59.9,53.9,44.6,86.7,104.3,53.7,,27.1
1990,3,32,31,19,36.8,65,,,20.7
1991,3,23,24.6,23.5,45.8,47.6,,,16
1992,3,34.5,30.3,28.8,68.5,75,20,1200,16
1993,3,31.5,32.4,30,53.5,63.3,32.3,,20.6
1994,3,22.1,16.8,20.4,60,60,32.5,1795,12.8
1995,3,26.3,28.3,18.8,44.4,49.2,25,1203,20.4
1996,3,29.3,28.1,24.1,51.4,56.9,21,2212,22.2
1997,3,21.5,23.7,16.6,38.4,46.3,20.5,950.1,15.8
1998,3,25.3,28.4,20.5,44.6,51.2,24.3,867.1,18.2
1999,3,25.1,26.9,20.3,45.3,42.4,30,1305.8,17.3
2000,3,31.7,33.4,21.6,44.1,52.6,23.8,875.7,16
2001,3,27.3,30.8,21.2,47.9,57.2,31,678,18
2002,3,27.6,29,19.5,44.4,50.9,21.9,380,16.4
2003,3,21.3,20.4,13.4,41,41.5,23.9,480,9.7
2004,3,31.6,35.5,27.5,41.6,59.2,39.1,900,18.5
2005,3,30.2,35.7,25.9,54.8,59.1,10.8,900,20.2
2006,3,30,32.5,19.3,50.9,54.4,29,480,14
2007,3,37.2,38.1,22.7,56,61.4,32.8,600,18.8
2008,3,31.2,30.2,24.4,55.7,49.2,31,660,15.7
2009,3,34,41.7,28.1,58.5,55,23.5,720,19.4
2010,3,35.6,35,29.2,53.5,59.6,27.1,909,17.4
2011,3,27.9,35,20.1,42.8,57.3,31.2,522,16.3
2012,3,39.4,40.3,25.1,55.6,71.2,27.5,600,16.1
2013,3,46.3,49,35.2,68.4,68.1,35,707,27.4
2014,3,37.41,38.91,36.44,70.06,51.01,30.7,644,17.82
2015,3,36.46,36.61,31.04,54.24,59.79,27.1,1156.46,23.45
2016,3,46,47.4,37.3,68.6,66.8,33.2,933,21.8
2017,3,42.78,34.91,32.55,64.34,71.67,28.8,1404.56,26.16
2018,3,46.6,50,32.6,65,72.5,35.5,1684,26.2
2019,3,48.9,49.7,33.1,63.1,60.3,39.1,1287,19.3
2020,3,49.5,46.7,34.5,78.2,68.1,39.5,2319,25.1
2021,3,44.5,42.3,26.1,70.8,74.6,44.5,900,15.8
2022,3,55.2,57.5,42.2,72.5,82.8,41.2,,31.9
2023,3,49,42.7,31.5,62.6,76.9,36.9,1594,26.1
2024,3,51.2,51.7,38.6,83.3,99.3,36.8,549,18.3
2025,3,55.6,58.4,48.2,95.1,110.5,51,1653,28.6
1990,4,25.9,26.7,,36.7,60,,,16
1991,4,21.2,23.5,,36.9,60.9,,,12
1992,4,31,38.2,29.6,40,35,,,12
1993,4,28.1,30.2,,42.1,52.8,,,15
1994,4,19.4,17.7,20,30,41.3,15,,20
1995,4,23.7,23,14.1,40,50,26.4,,20.1
1996,4,24.7,27,16.8,37.8,43,23.6,851,17.2
1997,4,17.9,18,9.4,27.3,33.2,16.9,,12.6
1998,4,20.6,22.4,19.4,42.2,51.8,27.1,,16.4
1999,4,19.6,20.8,20.7,38.4,47.9,29.1,1500,16.3
2000,4,22.9,29.3,23.8,40.8,45.3,33.3,722.9,14
2001,4,22.8,23.5,18.6,33.1,47.8,24,960,14.3
2002,4,23.9,28.7,19.8,28.9,40.6,22.2,,15.9
2003,4,21.6,18.4,15.7,34.1,42.6,19.5,,12.6
2004,4,26.6,27.5,23.4,59,46.5,26.4,,16.9
2005,4,35.6,36,25.3,39.7,51.5,18.7,,21
2006,4,30.3,32.5,18.9,49.3,42.3,26.6,,19.3
2007,4,28,23.9,20.3,53.4,42.6,30.3,,16.5
2008,4,29.6,26.2,22.9,40.8,39.8,26.4,,17.4
2009,4,33.9,29.9,24.9,44.2,,25.9,,18.4
2010,4,32.3,27.4,27.9,44.3,58.7,25.1,790,15.2
2011,4,21.7,30.2,19.5,29.1,35.6,,,19.1
2012,4,31.6,31,21.6,46.8,31.9,29.7,,18.7
2013,4,42.2,31.9,31.3,37,37.3,28.3,716,22.4
2014,4,43.42,41.34,32.7,68.15,53.66,32.6,,20.16
2015,4,28.78,23.53,25.39,38.62,47.87,27.8,1406.96,14.76
2016,4,45.4,42.6,35.6,43.8,106.7,31.2,1178,28.1
2017,4,39.11,36.54,29.46,50.42,61.16,36.6,1405.62,21.33
2018,4,46,46,36,50.4,,38,979,21
2019,4,44.3,57,39.1,58.7,68.9,38.7,1742,19.3
2020,4,45.6,51.6,33.3,51,,43.2,2061,25
2021,4,48,44,33.3,47.3,62.7,34.1,1958,23.5
2022,4,46.4,52.2,34.8,68.3,74.5,30.9,1641.8,27.5
2023,4,33.3,32.7,30.8,45,80,38.4,1366.9,26.4
2024,4,43.9,45.7,28.8,64.1,88.9,20.3,1373,26.3
2025,4,55.9,51.1,43.9,92.4,110.2,49.3,2096,31.6
1990,5,29.5,31.6,,35,55,,,22
1991,5,26.1,21.5,,40,45,,,8
1992,5,35.1,36,30,37.6,50.7,,,14.2
1993,5,31.4,31.2,,49.7,62.8,,,
1994,5,25.8,24.4,19.5,55,54.2,25,1796,18
1995,5,24.3,24.2,17,30,53.5,20,1100,17.8
1996,5,25,26,23.6,52.5,57.3,20.1,1198,19
1997,5,20.6,20.8,15.1,41.6,34.8,27.2,,11.2
1998,5,22.9,24.2,19.6,43.9,46.3,32.5,1238.4,16.5
1999,5,18.7,25.8,18,36.5,41.1,30.7,1177.2,18.5
2000,5,24.8,29.6,24.9,43.7,40.5,30.3,899.1,13.7
2001,5,21.4,21.8,17.9,32.6,44.4,29.8,908,17.4
2002,5,22.2,18.4,13.4,31.6,41.5,23.9,724,15.9
2003,5,18.5,19,7.7,30.1,34,17.1,822,8.3
2004,5,32.3,28.7,25.6,52.6,71.1,,1091,12.8
2005,5,28.9,32.4,24,50.7,52.3,,,18.7
2006,5,27.1,33.5,20.9,50,40,30.2,,16.2
2007,5,26.6,36.8,22.1,52.2,54.2,46.3,,19.3
2008,5,28.5,26.8,23.4,44.1,31.1,25.8,,16.4
2009,5,32,33.8,33,,,,,21
2010,5,27.1,31,29.8,60.6,56.9,25.7,928,19.6
2011,5,21.7,20.9,17.2,,,19.2,530,13
2012,5,29,27.3,26.8,44,,35,1516,18
2013,5,34.6,44.5,35.1,47.4,67,33.7,,16.5
2014,5,35.57,34.55,31.02,72.35,82.5,35.4,,17.79
2015,5,31.26,36.55,30.6,49,,32.5,1204.96,22.05
2016,5,26.5,45,32.1,76.8,,32.5,1274,22.9
2017,5,35.69,29.55,24.72,,,30.1,1473.01,17
2018,5,39.1,49,29.9,72,,34,1579,25
2019,5,43.3,44.5,33.9,58.2,48,37,1380,14.6
2020,5,47.6,50.8,34.8,83.4,,41.9,1583,27.4
2021,5,39.8,40.3,28.7,64.4,,35.2,1634,18
2022,5,37.6,52.6,42.2,84.6,,38.5,1571.9,28
2023,5,40.2,33.5,23.9,50,,32.7,1269.9,29.2
2024,5,47.6,40.7,29.5,52.1,,33.6,1523,18.4
2025,5,57.1,53.9,47.6,73.2,,46.9,1885,31.3
1990,6,29.4,28.5,,43,44,,,14
1991,6,22.4,32.4,,35,40,,,18
1992,6,39.2,38,,50,40,,,14
1993,6,29.8,33.9,27.6,43.5,48,,900,18
1994,6,23.7,28,19.9,35,60,,,18
1995,6,26.5,27.6,20.7,36.3,48,25,926,16.2
1996,6,26.9,29,28,46.4,56.2,9.5,1114,19.9
1997,6,18,17.9,12.6,41.6,51,23.3,1049.1,16.7
1998,6,20.9,23.2,17,49.9,52,28.7,1420.1,17.5
1999,6,15.6,24.6,18.2,49.2,60.1,30.8,1723.8,18.5
2000,6,26,32.1,29.9,51,67.3,26.7,1059.7,20.8
2001,6,23.1,25.7,22.3,34.3,40.1,28.6,1004,18.2
2002,6,27.1,21.5,15.6,37.4,37.9,21.3,776,13.1
2003,6,18,21.2,10.6,24,22.9,17.8,786,11.6
2004,6,25.1,31.9,30,33.5,60.1,32.2,917,13.3
2005,6,21.6,29.1,27,68.9,40.1,25.6,949,25
2006,6,25.3,21.8,10.8,33,30.9,18.4,694,10.4
2007,6,24.2,23.8,22.2,47.2,,27.8,898,13.9
2008,6,31.1,28.1,26.9,61.9,,31.4,1134,16.8
2009,6,33.7,41,38.7,,,41.6,1299,21.1
2010,6,28.3,29.4,25.6,47.1,32,22.4,929,17.5
2011,6,19.2,21.1,15.1,,,5.1,500,14.1
2012,6,29.1,28.1,22.3,,,25.4,1155,19.6
2013,6,47.6,47.4,38.2,49.4,72.3,37.1,1284,24.7
2014,6,38,48.76,35.04,70.27,91.3,29.5,1639.67,27.26
2015,6,30.56,37.62,31.42,34.87,87.23,33.1,1418.14,18.53
2016,6,33,47.1,34.8,54.4,97.3,35.4,1478,21
2017,6,23,24.77,15.69,27.85,,18.3,674.86,9.75
2018,6,37,36.4,24.8,54,,30,1137,20
2019,6,39.8,52.2,30.3,62.6,,38.7,1087,9.5
2020,6,43.4,51.1,35.3,87.3,58.7,39.4,1543,24.9
2021,6,36.3,41.9,30.1,56.2,47.3,33.8,1287,17.3
2022,6,53,55.5,39.2,69.5,,32.7,1131.2,24.6
2023,6,30.4,27.5,21,54,,25.3,780.2,23
2024,6,46.5,42.2,30.6,43.1,58.6,35.8,1212,21.6
2025,6,54.7,53.3,47,74.1,,38.9,1410,29
1990,7,29.2,27.7,,45,45,,,16.5
1991,7,19.3,28.7,,30,30,,,15
1992,7,35.4,40.7,,55,61.7,,,13
1993,7,29.6,33.7,25.9,15,35,,,26.2
1994,7,27.1,29.8,18.8,,85,,,15.1
1995,7,26,31.5,22.9,34.4,70,18.3,1100,19.5
1996,7,27.4,29.9,21.2,60.9,62.5,23.3,1286,24.5
1997,7,20.3,21.2,13.1,33.1,40.3,18.9,966.2,14.1
1998,7,22.3,25.1,20.2,38.2,62.4,30.3,1117.1,19.7
1999,7,24,25.9,19.4,49.7,44.8,21.7,1207,19.1
2000,7,24.7,29.3,21.4,40.6,,40.5,1262.8,14.4
2001,7,18.8,24.1,18.4,37.6,,21.5,924,18.1
2002,7,24.2,24.6,16.4,28.1,29.9,17.1,780,13.9
2003,7,19.3,21.2,12.8,38.3,47.1,18.7,952,11.3
2004,7,26.4,30.6,26.5,38.6,46.6,39,1025,10.7
2005,7,29.9,33.7,26.4,,55.2,31.8,1300,19
2006,7,23.5,26.4,16.7,,29.6,19.7,577,12
2007,7,17.7,24.1,21.9,48.2,37.3,34.2,1194,13.3
2008,7,,29,28.1,42.7,,27.5,1090,15.6
2009,7,30.5,36.5,33.2,,,34.7,1553,24.5
2010,7,35.4,32.5,32.6,,46.5,32.2,1459,25.5
2011,7,25.8,26.3,21,,,15.2,935,16.5
2012,7,30.3,31.6,25.8,,,28.5,1067,16.1
2013,7,48.6,51.2,42,85,,30.6,1186,26.3
2014,7,51.91,44.59,37.37,29.85,52.01,40.7,1776.15,25.74
2015,7,28.42,40.45,33.19,26.83,,32.8,1602.76,22.36
2016,7,44.9,47.3,37.9,44.3,110,37.1,1317,25.3
2017,7,,20.62,14.08,,,12.5,863.75,10.16
2018,7,49,32.8,25,,,21.5,1091,17.6
2019,7,53.2,50.4,29.3,88.5,66.5,31.6,1060,14.1
2020,7,21.5,49.8,35.6,67.8,,41.5,1512,26.1
2021,7,30,38.8,27.2,64.9,,29.9,1217,18.7
2022,7,41.9,51.4,38.5,69.6,54.6,33.4,1221.6,30.3
2023,7,28.3,29.5,21,32.6,,24.9,1054.7,19.5
2024,7,27.1,39,28.2,,,27.8,1472,
2025,7,,49.3,45,79.2,,34,1473,35.1
1990,8,25.7,22.5,,30,45,,,16
1991,8,20.7,27.1,,30,50,,,14
1992,8,32.3,28.8,,50,80,,,12
1993,8,25.8,37.7,,45.7,67.4,,,25
1994,8,27,29.9,25,40,63.5,20,,18
1995,8,18.3,28.8,15,40,44.6,12.5,600,21.8
1996,8,22.8,27.2,17,36.1,45.5,30,1500,18
1997,8,16.8,13.7,13.1,19.6,23.9,25,1200,7.8
1998,8,23.2,22.3,18.3,31.5,37.2,41.7,1229.3,14.4
1999,8,27.1,27.3,26.3,39.9,57.4,25,1563,17
2000,8,26.5,31.2,26.8,48.5,53.2,34,1631.5,21.7
2001,8,22.2,25.3,21.4,43.4,56.1,16.2,876,20.2
2002,8,22.3,24.7,20,35.4,43,22.5,1200,16.4
2003,8,16.4,16.1,6,20.1,29.1,16.3,387,7.9
2004,8,20,22.9,,40.1,60.9,33.7,961,13.5
2005,8,20.2,26.6,30,40,52.1,17,1260,21.2
2006,8,20.9,22.4,30,31.1,32,16.1,,10.3
2007,8,16.1,22.8,,38.6,19.8,29,,11.1
2008,8,16.8,23.7,,,28.3,23.7,,14.3
2009,8,24.4,36.7,27.1,,,32.1,1350,20.8
2010,8,28,30.8,31,67.1,59.6,31.6,1258,21.9
2011,8,24.2,32.2,22.9,,25.5,30,1360,15.7
2012,8,26.9,26.2,23.7,14.5,29.5,29,1116,14
2013,8,34,40.3,35.7,52,74.9,29.4,1547,23.4
2014,8,23.48,34.38,30.49,49.51,92.87,38.1,1440.97,19.84
2015,8,25.66,24.15,29.22,,29.57,24.1,1104.24,15.42
2016,8,35.9,33.8,40.4,40,66.7,36.8,1573,20.7
2017,8,17.17,25.71,14.2,,,,926.83,10
2018,8,31,32.4,23.6,,52,,1205,17
2019,8,33.9,53.6,30.2,,72.3,40.7,1391,17.5
2020,8,27.4,41.3,34.4,,67.9,,1413,22.5
2021,8,19.6,31.9,25.7,12.3,,21.5,1173,11.3
2022,8,19.5,38.7,30.9,,51.3,36.1,1385.3,17.9
2023,8,19.3,32.5,20.5,,19.6,26.1,1210.8,10.5
2024,8,27.5,22.5,17.7,23.2,36.9,17.4,1099,
2025,8,28.5,53.6,43.9,29.6,65.4,44.6,1626,30.2
1990,9,26.7,26.4,,30,43.3,,,10
1991,9,26.9,29.3,,38.7,60.2,,,5
1992,9,34.8,36.3,,59,55,,,10
1993,9,30.5,34.3,,44.4,65.2,,,16.5
1994,9,27.4,28.4,20,30,50,10,1500,14
1995,9,26.2,28.5,15,37.4,53.8,,1200,25
1996,9,30.9,26,,43.1,41.5,,900,
1997,9,28.4,24.9,,30,34.3,,,
1998,9,25.6,27.7,20,35.4,60.4,18,1050,20.4
1999,9,24.5,26.3,18.7,38.5,57.4,22.5,1200,17.2
2000,9,23.2,24.9,20,37,63,31.9,717,22
2001,9,20,21.3,,34.7,41.3,23.9,,12.7
2002,9,24.4,19.4,7.2,25.8,32.3,17.7,,8.9
2003,9,20.4,21.2,,32.6,31.4,24.4,465,6.7
2004,9,22.4,28,,44,48.5,35.2,642,14.4
2005,9,17.8,25.5,,29.7,40,22.7,846,18.7
2006,9,18,19.7,,22,27.3,16.2,,8.8
2007,9,16.3,22.4,20,41.3,33.9,23.9,960,14.7
2008,9,21.2,22.1,20,34.1,65.9,23.6,810,14
2009,9,28.9,32.3,,,55.5,31.9,1716,26.1
2010,9,31.7,33.4,25.9,58,50.1,35.6,1252,21
2011,9,29.4,32,20.1,,,27.1,1138,20
2012,9,22.2,25.2,22.5,,,29.6,1020,14.7
2013,9,37.1,41.3,37.7,58.9,57.5,42,1540,29.4
2014,9,28.8,36.17,35.71,,39.39,37.1,1593.65,21.32
2015,9,23.72,28.7,,,,22.8,1113.67,12.82
2016,9,,43.5,,,69.2,43,1773,22
2017,9,,19.9,17.31,,31.04,,615.96,8.12
2018,9,15,31.9,39,,61,36,922,
2019,9,,57.2,41.8,,79.3,30.5,1596,23.3
2020,9,,47.7,42.2,,,32.4,1281,
2021,9,,30.1,27.9,,34.6,21,1164,16.8
2022,9,,36.3,31.8,,37.8,40.1,1027.2,16
2023,9,,21.3,17.9,,16,23.7,1020.1,
2024,9,,16.8,9.3,,11.4,13.4,698,
2025,9,,44.5,42.8,,,35.9,1594,31.3
1990,10,18,19.2,,20,26.6,,,8
1991,10,26.3,32.6,,40,43.5,,,
1992,10,36.9,37.6,,52.2,52.9,,,9.3
1993,10,29.4,37,,55,70.3,,,
1994,10,25.7,28.7,,40,55.4,,,
1995,10,28.7,28.3,14,41.2,33,16.7,1000,14
1996,10,27.8,26.8,18,39,47.2,20.8,1045,
1997,10,21.8,19.2,15,24,39.5,20.7,900,16
1998,10,18.9,24.2,16,45,50,28.3,700,14
1999,10,25.3,23.3,19,45,43.6,32.1,1074.2,17
2000,10,22.8,27,19.5,40,40,38.3,1236.9,18
2001,10,21.8,22,16,24,47.3,27.8,887,16
2002,10,20.6,20.8,16,24.8,36.7,24,900,
2003,10,17.3,19.8,7.5,25.8,37.2,21.7,806,
2004,10,22.2,22.3,17,38.6,39.9,28,1010,
2005,10,23.5,30.1,16,31.7,40,21.2,1269,
2006,10,19.8,21.4,12,26.3,27.5,24,516,
2007,10,17.8,19.1,11,19.2,20.2,24.5,740,
2008,10,20.3,26.7,16,34.8,24,22.2,1320,
2009,10,24.7,28.8,18,31.2,42.8,23.3,1097,
2010,10,26.6,28.7,27.3,44,29.7,22.8,1213,
2011,10,22,24,20.9,22,27.9,22.4,1053,
2012,10,22.1,27.1,21.7,26,,24.5,1086,13
2013,10,23.4,39.6,31.8,,,27.4,1577,23.5
2014,10,24.89,21.84,30.45,40.17,,27.6,1320.12,18.07
2015,10,13.79,26.81,28.18,30.65,,15,1292.35,18.29
2016,10,,41.6,40.3,,,42.8,1609,30
2017,10,17,12.22,11,46.09,,12.6,675.01,
2018,10,21,20.7,16,,,22,807,
2019,10,,50.5,27.9,29.6,,,604,
2020,10,,48.8,30.9,,,,1446,23.8
2021,10,26,29.8,27.5,,,20,1237,14.2
2022,10,35,36.5,27.2,,24.8,26.5,874.8,17.9
2023,10,22,22.2,18,,,15.8,1083.8,13.6
2024,10,16,15.1,2.5,,,7,331,5
2025,10,38,35,28.2,29.1,,34.2,1404,19.8
1990,11,24.4,22.6,,42.5,33,,,10
1991,11,30,34.1,,36.5,63.3,,,
1992,11,33.3,35.1,,40,50,,,7
1993,11,30.5,30.2,15,44,40,,500,10
1994,11,28.6,27.1,15,30,27.3,,1200,10
1995,11,30,35.9,13.2,30,40,13.3,1000,20
1996,11,26.4,24.6,,40.6,40.6,23.7,1493,
1997,11,25.3,27.1,9.3,41.6,63.5,22,676,15
1998,11,25.2,31.1,23.9,45.1,43.7,30.2,1200,16
1999,11,28.2,35.4,21.1,44.2,43.8,32.7,1000,15.6
2000,11,25.5,26.7,11.2,27.4,52.7,32.8,,
2001,11,24.2,25.4,13.2,34.2,33.2,23.8,825,
2002,11,22.6,26.1,,34.1,31.3,25.5,,9.2
2003,11,19.9,19.2,7.2,22.1,24.7,18.5,,
2004,11,26.5,21.2,23.9,31.4,50.9,32.9,,
2005,11,24.5,29.2,20,49.3,39.8,29.6,965,
2006,11,15.7,20.1,9,24.5,23.7,19.7,,15.1
2007,11,23.1,21.4,11.3,44.7,56.7,38.6,,7.3
2008,11,24.1,24.5,,,25.6,24.8,,
2009,11,30.3,34.2,,,,25.8,,
2010,11,26.2,29,31.5,,32.1,25.7,1247,12
2011,11,24.3,27.4,22.6,,,22.3,924,
2012,11,28.4,28.6,24.6,,,29.3,1499,16
2013,11,29.5,39.6,33,,,33.4,1874,
2014,11,35.94,33.14,32.52,39.22,,28.2,1581.47,16.65
2015,11,17.79,25.5,21.67,38.56,,21.1,1129.19,
2016,11,33.5,50,42.6,58.4,60,30.6,1934,
2017,11,,14,6.94,,,17.9,522.7,
2018,11,,25,21.3,,40,,865,
2019,11,,52.7,29,84.7,31,,721,
2020,11,,57.8,35.6,78.8,,39.2,1808,32
2021,11,,24.1,12.7,,8,,970,12.8
2022,11,,37.4,24.6,37.2,,21.6,1333.8,14.5
2023,11,,38.7,30.1,,,,1144.6,26.6
2024,11,,22,10.6,25,7.2,12.1,737,2.5
2025,11,,29.7,29.7,,80.8,,1324,20.2
1990,12,12,17.5,,20,25,,,6
1991,12,25,26.3,,35,60,,,15
1992,12,31.4,25,,45.8,60,,,15
1993,12,30.5,32.8,,58.1,39.5,,1333,
1994,12,27,27.2,,30.7,50,12,1104,8
1995,12,28.1,31,15.5,55,65,,1237,20
1996,12,26.4,26.4,15.7,41.7,33.6,15,786,16
1997,12,22,24.4,11.3,30.1,40,,920.1,10.5
1998,12,22.1,21.4,13.6,35,62.3,,692.8,10
1999,12,31,32.5,26.9,53.5,69.2,19.2,1353.5,20
2000,12,24.7,30.8,19.9,36,63.8,32,1118.1,
2001,12,21,19.7,10,35.5,42.7,18.8,714,10.8
2002,12,16.3,20.8,15.5,37.4,47.2,21.9,926,8
2003,12,13.4,18.9,12.5,17.8,26,13.6,440,5.5
2004,12,22.1,22.3,16.7,43.2,50,41.4,1260,14.5
2005,12,29.8,27.2,17.7,42.9,42.4,25.5,1250,14.8
2006,12,19.3,20.1,21.3,19.5,29.8,14.6,660,10.9
2007,12,19.3,18.1,12.6,33.1,24.4,23.1,730,6.9
2008,12,27.5,28.5,20.2,47.3,40.7,21.7,789,12.5
2009,12,29,36.5,40,39.4,50,27.1,1538,30
2010,12,31.2,23.9,30.3,51,48.1,21.6,1374,13.4
2011,12,22.4,20.7,15.9,32.5,54.3,14.2,679,9.5
2012,12,32.9,29.6,22.2,36.3,44.4,27.6,1615,17.2
2013,12,43.8,39.1,33.9,57.6,78.4,32.2,1405,26.7
2014,12,45.05,35.71,33.33,37.46,,30.3,1528.66,21.13
2015,12,27.54,26.87,33.4,61.76,73.73,17.9,848.13,18.03
2016,12,38.4,57,38.9,83.5,79.1,37,2152,27.1
2017,12,14.44,20.02,12.05,20,25,17.1,737.51,3.62
2018,12,19.4,20,16.7,50,40,19,840,10
2019,12,41.5,47.4,32.6,100,82.9,39.7,1593,30
2020,12,,46.3,35.1,50,55,42.5,1512,30
2021,12,6.9,10.8,12,3.4,,6.7,450,5.9
2022,12,14.1,28.8,19.7,,10.5,24.7,1039.4,14.7
2023,12,11.8,30.5,30.1,,,23.9,1076.3,
2024,12,,20.8,11.6,22.1,8.4,19,577,
2025,12,,19.5,32.1,,12.1,17.3,1124,19.5
1990,17,16.1,15.5,,20,25,,,9
1991,17,32.1,28.6,,45,70,,,12
1992,17,19.2,21.7,,51.6,95,,,14
1993,17,28.3,33,25,72.6,80.8,36.7,695,30
1994,17,26.4,26.8,25,44.6,60,30,1400,20
1995,17,27.9,26.9,32.5,50.7,64.5,43.3,983,25
1996,17,21.8,20.7,14,32.8,47,33.3,1125,15
1997,17,28.2,30.9,20,37,48.4,15,660,20
1998,17,28.1,31.7,23,44.3,61.5,22.3,1138.9,20
1999,17,32.1,37.9,20,50,57.4,30,1445.7,20
2000,17,26.8,28.5,20,46.3,70,41,1159.5,20
2001,17,22.2,24.1,,37.8,42.5,15.2,669,
2002,17,26.2,35.2,,35.6,63.2,26.3,,
2003,17,23.4,22.5,,36,36.1,23,1103,
2004,17,38.1,39.6,30.1,70.2,80.3,46.3,2034,24.2
2005,17,29.9,33.3,,45.6,59.8,29,1032,14.2
2006,17,18.7,26.4,16.7,42.3,60,15.6,547,11
2007,17,20.5,20.1,,37.6,43,12.7,520,
2008,17,24.4,26.3,20,43.1,36.8,24.1,,
2009,17,25.8,27.2,27,42.1,60.1,19.9,,
2010,17,29,34.1,28.8,50.2,41.1,28.2,1813,
2011,17,33.2,36.2,16.5,47.9,43.6,16.8,1264,
2012,17,32.1,35,,42.2,,24.6,1198,20
2013,17,42.5,47.2,,69.8,77.5,34.6,1477,38.3
2014,17,35.32,43.02,,49.77,,38.6,1875.29,27.8
2015,17,29.62,36.39,33.17,57.52,66.42,26.1,1375,22.88
2016,17,34.2,44.5,44.7,66.3,71.5,42.1,2061,21.2
2017,17,11.47,22.55,18.38,12.89,,12.2,765.92,
2018,17,,22.5,28,41,,12.2,906,
2019,17,37.4,39.5,37.7,58.3,,29.6,1152,
2020,17,39.3,34.1,26.2,48,,29.2,1532,
2021,17,11,8.5,15,10.6,,6.1,375,
2022,17,14.8,13.6,10.9,14.9,,9,657.4,
2023,17,22.8,15.2,,22.8,,14.8,609.9,
2024,17,35.1,29.2,24.1,46.2,,21.1,1077,
2025,17,35.2,31,16.4,44.3,,20.4,1382,29.3
1990,18,18.6,19.7,,18.5,35,,,10
1991,18,28.4,30.7,,45,73,,,21.1
1992,18,23.3,13.2,,50,100,,,14
1993,18,31.1,30.2,22.5,54.8,100,27.6,1200,20
1994,18,28.3,23.1,17.5,40,40,19.5,1200,15
1995,18,36.2,41.9,,56.5,54.4,29.5,1435,15
1996,18,20.3,23,12,34.4,40,20,740,10.3
1997,18,28.3,29.6,14.5,41.6,36.1,24.5,682.4,
1998,18,34.6,38.5,21.1,53,53.2,28.4,822.4,
1999,18,31.3,33.8,24,49.8,65,36.7,1077.1,
2000,18,35.8,36.2,20,56.4,55,36.1,1211.6,
2001,18,21.8,23.3,,25.5,45,19.3,706,
2002,18,30,32.6,,39.3,53.3,30.2,1428,
2003,18,21.5,23.9,,26.8,49.3,19.8,319,
2004,18,35.1,41.8,,43.7,,47.9,,
2005,18,25.8,29.4,,,,30.1,,10.9
2006,18,19.8,20.6,,20,,11.2,,
2007,18,16,17.9,,25.4,,15,,
2008,18,26.3,23.5,,,,17.5,,
2009,18,29.7,28.5,,,,16.3,,
2010,18,37.2,32.5,18.7,27.8,70.7,27.3,860,11.8
2011,18,35.8,37.9,18.3,48.7,,29.1,1153,
2012,18,29.3,33.9,,39,,26.6,787,
2013,18,38.5,40.5,32.4,36.9,,40.7,1613,
2014,18,29.16,34.39,,54.75,,37.3,1724,27.32
2015,18,20.52,34.55,,33.25,86.05,35.9,856.56,13.61
2016,18,25.2,43.5,,63.4,,32.8,1289,
2017,18,8.27,22.39,,29.7,,17.2,819.59,
2018,18,34,22.4,18,45,,17.2,768,
2019,18,46.8,42.1,27.2,64.9,,34.1,1402,
2020,18,45.4,37.4,24.2,60.9,,37,1574,
2021,18,17.1,7.1,,3.4,,8,386,
2022,18,12.6,11.9,1.9,13.1,,11.2,370.3,
2023,18,19.9,12.3,5.5,20.6,,14.3,550.9,
2024,18,25.8,26.1,,36.7,,21.2,986,
2025,18,32,25.6,,38.4,,25.8,1374,21
1990,19,27.2,23.1,,30.9,40,,,
1991,19,27,30.5,,40,50,,,22
1992,19,30.4,28.2,,40,50,,,14
1993,19,28,31.7,20,43.4,75.7,25,1350,20
1994,19,23.3,27.7,18,36.3,65,13.3,668,20
1995,19,31.9,32.9,25,39.8,72.2,20,1147,20
1996,19,19,18.6,15.9,30.2,19.9,,622,
1997,19,27.7,27,16.9,35.4,43.9,20,939.5,20
1998,19,32.3,31.7,17.8,46.1,56.9,30.7,971.8,19
1999,19,30.1,32.2,22.5,51.4,66,33.4,1131.5,
2000,19,35.1,36.8,20.2,49.8,61.8,37.4,1091.2,
2001,19,20.9,20.9,12.5,34.7,28,13.7,785,
2002,19,26.1,30.1,15.1,34.8,63.3,28.1,1032,
2003,19,23.6,23.4,,33.8,25.6,22,,
2004,19,39.6,41.6,32.6,50.9,79.6,55.5,2189,
2005,19,30.5,32.3,18.5,47.1,99.7,32.5,1271,17.4
2006,19,19.6,20.2,,23.3,18,11.6,,
2007,19,16.7,18.8,,37.5,31.1,18.1,655,
2008,19,20.5,26.2,,49.8,,30.2,,
2009,19,29.1,27.9,,59.7,,20.2,802,
2010,19,26.8,32.1,22,33.1,31.5,32.1,1312,
2011,19,28.2,31.7,20.6,22.4,29.9,27.6,1458,
2012,19,25.7,29.6,16,26.5,,26,1195,
2013,19,38.4,45.7,41.2,43.4,79.2,44.8,1315,
2014,19,27.78,35.27,30.98,25.61,50.38,31.4,1476.81,
2015,19,23.46,31.49,28.76,29.09,66.63,19.7,1183.03,
2016,19,25.5,46,44.6,,66,34.4,1789,
2017,19,22.29,27.92,5.75,20.86,,8.6,886.44,
2018,19,19.1,25,5,24,,16,808,
2019,19,21.2,33.4,26.4,47,,33.5,1272,
2020,19,25.6,31.6,29.2,41.6,,33.8,1213,
2021,19,12.6,9.6,4.1,6.3,,10.2,615,
2022,19,10.5,13.6,6.4,14.1,,13.8,412.6,
2023,19,12.5,10.7,,11.1,,15,445.6,
2024,19,18,24.3,10.2,28.1,,21,818,
2025,19,12,19.5,,25.5,27.8,16.9,956,
1990,31,35.3,36.5,18,61.8,71,,,22
1991,31,28.9,30.7,27.9,48.2,56.5,,,15
1992,31,30.2,33.3,19,72,66.8,15,,15
1993,31,25.9,35.9,20.8,49.4,44.1,10,600,15
1994,31,28.8,37.1,18.9,40.2,42.9,24.5,500,16
1995,31,26.4,26.6,20.8,41.9,39.5,32,,14.3
1996,31,32.4,32.3,22.2,53.1,65.7,39.3,,22.5
1997,31,20.8,24.6,20.1,44.6,32,24.3,650,16.1
1998,31,22.8,25.5,20.9,48.8,65.6,31.8,,15.5
1999,31,12.7,20,12.6,23.1,27.2,,,9.5
2000,31,31.7,27.9,25,51.6,68.5,33.6,1114.5,17
2001,31,27.4,29.4,20.9,50.3,66,27.5,1208,17.7
2002,31,20,23.9,13.3,31.3,66.3,24.5,,13
2003,31,25.3,24.5,18.3,51.7,63.8,24,,13.4
2004,31,36.7,27.7,28.3,56.8,51.9,47.7,,17.8
2005,31,29.9,23,24,40,60,20.1,,18.1
2006,31,31.7,,23.5,54,47.3,34.7,,16.9
2007,31,28.9,,23.1,61.5,63.7,37.1,,18.2
2008,31,38,,26.8,55.6,67.1,35.3,,17.7
2009,31,38.5,,32.9,67.1,66.1,,,22.2
2010,31,39.7,31,29.3,57.4,70.7,37.7,1452,
2011,31,25.3,,18.8,31.5,45.1,18.3,,
2012,31,34,,25.1,47.5,55.5,24.2,1089,17.2
2013,31,41.7,33.8,33.5,81.4,87.1,35.9,1655,21.5
2014,31,34.87,,23.88,44.89,61.99,11.3,,10.24
2015,31,39.95,,31.38,48.81,55.44,26.9,1000,18
2016,31,46.7,,36.6,74.1,70.7,30.9,1004,21.9
2017,31,41.11,,35.44,54.7,77.01,43.1,,22.11
2018,31,44.1,51,35.4,62.2,85,40,,
2019,31,52.2,55,37.6,83.6,74.4,44.1,2233,14.4
2020,31,54.6,50.5,40.7,81.6,85.7,49.8,1376,29.4
2021,31,43.7,38.9,31.8,57,57.2,27.9,,13
2022,31,53.2,64.9,42.7,75.9,92.4,43.5,,25.3
2023,31,48.8,,38.9,69.6,72.6,36.3,,
2024,31,61.5,66.8,40.5,83.9,103.7,53.6,1944,
2025,31,61.8,58.1,48,83.3,102.5,58,1518,
1990,32,37.5,38.4,21,59.2,62.5,,,23.5
1991,32,26.4,32.1,22.2,43,50,,,20
1992,32,27.3,30,19.1,46.8,50,20,1200,15
1993,32,27.5,27,28.6,52.7,60.4,24.7,1000,15
1994,32,28.3,32.6,17.4,51.4,43.3,23.3,754,16.8
1995,32,26.2,27.8,14.9,47.3,50.5,29.2,900,21.3
1996,32,31.4,29.4,24.6,45.8,50.8,27,1200,23
1997,32,22.5,25,24.3,45.9,42.5,23.5,900,17.7
1998,32,24.1,24.5,22.2,46.8,60.8,26.6,900,20
1999,32,19.3,25.2,20.5,31.9,24.3,26.5,873.6,15.4
2000,32,32.2,33,27,54.3,59.9,37.9,699,23.8
2001,32,26.6,22.1,19.4,48.4,66.5,23.5,,17.7
2002,32,28.3,24.3,21.1,36.3,47.3,25.9,,15.1
2003,32,28.9,30.9,21.1,45.3,49,25.3,,14.1
2004,32,37.1,28.9,24.1,54.9,65.7,30.9,,10.9
2005,32,27.5,26.4,27.7,43,54.8,17.3,,22.2
2006,32,27.1,,22.6,45.3,57,26.6,,17.2
2007,32,29.4,,23.7,47,62.5,31.5,,16.8
2008,32,32.2,,27.8,55.9,60.9,29.3,,19.8
2009,32,37.4,,32.6,63.1,,27.2,,21
2010,32,32.3,38,28.7,53.2,59,31.2,1346,16.8
2011,32,28.5,,25.6,42.8,70.3,11.6,,
2012,32,33.6,,24.7,47.9,78.7,34.6,,16.9
2013,32,42.9,,33.6,69,74.4,27.8,1655,20.5
2014,32,29.11,,24.8,40.3,74.77,22.5,,16.4
2015,32,39.91,,34.79,51.87,70.45,40.9,999.99,18.5
2016,32,41.8,47.6,35.8,59.7,88.7,38.6,974,23.8
2017,32,41.59,,31.41,60.14,81.04,37.7,,23.5
2018,32,44.7,,32.3,64,84,44,,21
2019,32,46.7,,32.9,76.3,78.2,40.1,,16.2
2020,32,56.1,,38.5,79.2,76.7,52.5,,27.6
2021,32,46,,34.7,63.1,71,36.7,,18.8
2022,32,49.5,,40.5,73.8,92.7,40.2,,30.2
2023,32,49.2,,37.6,73.5,63.5,41.5,,37.2
2024,32,57.2,54.1,36.3,83.9,114.1,49.3,,
2025,32,57.5,54.3,45.7,90.8,113.6,53,,33.4
1990,33,30.9,27.4,20,44.5,45.6,,,20
1991,33,20.5,24.3,20,41.7,40,,,16
1992,33,30.6,36.5,27.9,31.2,66.3,31,,20
1993,33,28,25,26.7,48.5,57.4,30,900,15
1994,33,26.1,27.8,21.6,48.9,58.7,18.4,,15
1995,33,26.1,20.2,18.9,44.9,56.2,29.7,1500,20.8
1996,33,35,27.5,25.3,50.3,66.2,26,1236,33.5
1997,33,25.9,24.5,20.6,47.1,51.2,23.3,1375,15.2
1998,33,28.3,27.2,23.5,53.5,51.1,27.6,1000,17.1
1999,33,23.2,29.1,25.1,47.3,39.1,40.4,,18.8
2000,33,26.8,27.6,26.7,65.3,58.3,38.8,633.7,17.6
2001,33,26.8,22.8,23.7,53.5,64.4,36.2,890,18.5
2002,33,28,28.7,23.2,51.9,52.8,31.2,870,21.1
2003,33,24.6,17,16.4,37,39.7,20.4,,11.6
2004,33,26.4,26,22.2,54.8,67.5,32.4,1000,11.2
2005,33,28.4,38,29.7,48.7,65.6,30.8,829,21.1
2006,33,31.1,30,20.6,50.7,46.8,26.9,405,17.5
2007,33,32.1,35,24.2,54.9,66.2,32.3,577,19.1
2008,33,32.8,33.3,25.8,54.7,61.5,35.6,1400,18.8
2009,33,36.1,42,32.5,57.7,62,29.3,1150,19.4
2010,33,30.7,20.3,29.2,44.2,53.5,28.1,647,16.3
2011,33,27.2,30,26.6,36.9,48.5,25.8,492,16.6
2012,33,32.2,22.7,25.5,44.9,48.7,40,1151,17.3
2013,33,42.9,26.4,35.8,67.7,77.6,38.3,1051,22.1
2014,33,38.23,24.92,31.84,37.94,79.62,35.1,822.35,22.51
2015,33,32.73,22.81,32.69,56.5,71.43,38.8,2098.78,20.67
2016,33,47.9,46.2,40.5,65.4,78.6,43.5,1195,28.6
2017,33,37.11,40.9,30.35,59.16,66.13,37.8,1417.3,22.98
2018,33,41.7,41,32.9,79,65.5,47,,24.3
2019,33,50,39.1,37.1,81.3,83,49,1468,18.9
2020,33,54.9,58.2,41.8,85.6,97.1,56.8,2169,30.9
2021,33,49.5,54.2,33.9,77.2,73.9,43.6,1922,22.6
2022,33,53,51.8,43.7,75.1,89.7,39.8,,34.8
2023,33,46.1,44.3,38.7,62.1,77.5,38.5,,25.9
2024,33,56,52.5,38.5,87.1,105.3,45.6,1265,27.3
2025,33,51.9,57.9,45.9,97.5,105.7,52.4,,26
1990,34,29.8,25.7,24,45.4,54,,,20
1991,34,23.2,25,26.4,37.1,51.5,,,15
1992,34,35.2,31.3,30,54.2,63.6,,,20
1993,34,29.4,31.5,26.8,53.8,68,,,
1994,34,25.6,27.5,22.8,56.7,60,22,,26
1995,34,25.7,26.1,20.8,39.8,43.8,33.5,1900,20
1996,34,27,28.2,20.7,50.1,58.9,33.5,1800,23
1997,34,19.9,22.3,13.9,43,42.5,27.3,,17.3
1998,34,26.1,27.7,20.1,44.4,53.5,28,1280.1,18.7
1999,34,25.1,28.8,20.8,40.4,38.1,30.5,1705.8,15.5
2000,34,29.7,33.1,24.2,49.9,54.4,32.9,1170.3,15.8
2001,34,27.4,26.1,21.1,45.3,55,32,1082,19.9
2002,34,26.1,28.7,22.9,35.6,43.7,30.7,810,18.6
2003,34,22.3,22.8,16.3,21.5,25.4,20,1100,14.6
2004,34,22.4,17.9,16.7,41.5,34.3,34.4,1200,7.7
2005,34,31.6,40.2,28.7,55.5,55.3,18.2,1550,19.6
2006,34,29.6,36.1,21.7,52.2,54.5,32.6,,17.3
2007,34,24.2,28.5,20.6,38.7,47.3,31.4,1061,17.5
2008,34,26.3,21.5,23.5,45.7,54,25.1,1160,14.8
2009,34,32.1,34.9,24,49.2,54.3,26.3,1405,20.6
2010,34,35.8,43.9,30,49.5,54.8,31,1384,22.3
2011,34,31.4,37.5,24.3,41.7,52.5,25,882,14
2012,34,33.8,33.6,28.2,48.8,64.9,33.1,1454,21.2
2013,34,44.2,50.9,36.7,65.7,70.6,38.4,1254,21.9
2014,34,33.65,43.68,31.44,53.28,60.54,31.8,1411.38,21.01
2015,34,38.06,42.48,29.63,58.04,57.92,35.1,1543.28,21.7
2016,34,52.3,54.8,35.5,73.4,79.5,37.3,1188,29.6
2017,34,46.18,51.48,30.26,65.04,71.41,34.4,1625.91,24.25
2018,34,46.2,50,36.4,68.5,73,40.5,1766,25.5
2019,34,47.5,49.7,37.9,64.9,67,37.5,1328,22.3
2020,34,50.5,48.5,37.9,77.3,91,41.1,1569,26.6
2021,34,50.3,45.2,32.4,71.7,98.8,36,1744,16.2
2022,34,53.6,53.9,40.7,80.1,115.4,30.4,1133.2,29.1
2023,34,48.2,36.5,35.6,63.1,93.3,37,1349.2,28.1
2024,34,52.5,52.1,37.8,78,111.9,32.8,1586,25.8
2025,34,61,56.7,48.5,98.6,130.9,54.4,1625,34.4
1990,35,34.3,34.9,25,50,53.4,,,20
1991,35,29.9,33.5,,30,54,,,20
1992,35,37.5,33.7,28,58.2,37.6,,,16.5
1993,35,31,41.2,35.2,64,59.2,,,
1994,35,27.2,32.6,24.2,48.8,51.2,,,
1995,35,26.7,27.5,19.4,44.8,65.4,27.4,900,22.7
1996,35,28.4,32.5,22.5,55.3,52.5,25,1400,18
1997,35,21.7,21.7,17.5,43.8,45.3,23.7,,13.5
1998,35,26.4,28.7,22.9,45.1,48.5,29.7,,20.7
1999,35,23,27.2,20.5,37.8,35,32.5,1126.6,18.7
2000,35,25.3,32.7,23.4,38.4,49.7,32.7,522.2,17.3
2001,35,20.9,21.8,20.6,44.7,34.2,33.8,616,12.7
2002,35,23.4,23,17.9,34.6,30,24.4,791,10.4
2003,35,18.3,14.8,13,26.9,23.4,16.8,,9.3
2004,35,22.6,16.1,16.6,54,48.9,40.1,,8.5
2005,35,36,37.7,15.5,44.4,55.7,22.8,,18.1
2006,35,26.9,27.6,22,43.4,,18.8,,16.6
2007,35,21.6,23.5,17.1,35,52.4,23.8,,15.7
2008,35,23.3,24.7,22,36.3,,20.5,,16.6
2009,35,30.8,34.6,30.5,,,20.7,,19.1
2010,35,29.2,35.6,37.2,35.8,52.5,28.9,1514,14.8
2011,35,17.1,38,12.5,,,8.6,191,9.7
2012,35,28.2,30.4,25.7,30.3,95,30.9,1122,15.2
2013,35,45.6,45.1,36.3,32.4,109,36.9,1280,22.7
2014,35,32.24,21.88,31.75,33.22,27.17,33.6,778.33,18.93
2015,35,29.75,35.87,27.35,41.4,34.51,30.5,1344.96,18.08
2016,35,38.4,50.4,33,59.3,66.8,34.3,1088,20
2017,35,41.51,40.39,35.58,69.22,52.55,31.3,1318.66,19.78
2018,35,41.5,48,35.6,68,48,36,1260,22
2019,35,41.6,45,35.5,71.7,,37.4,805,15.7
2020,35,50.9,57.2,39.2,81.4,52.9,45.5,1748,29
2021,35,37.5,34.9,27.6,49.5,,30,1433,15
2022,35,53,54.7,42.9,83.3,,31.2,1274.3,30.8
2023,35,41.2,36.4,30.2,63.7,,31.7,,27.1
2024,35,48.9,47.2,31.9,72.3,,32.4,1417,16.9
2025,35,59.2,54,48.9,79.4,,53.6,1794,35.6
1990,36,33.4,28.2,,33,53.4,,,14
1991,36,25.8,25,,35,45.5,,,15
1992,36,30.9,30.1,28.8,48.7,66.4,,,12
1993,36,33.7,36.9,30,50,51.5,26,,19.3
1994,36,27.9,28,19,30,56.5,18.4,,15
1995,36,27.3,28.6,22.4,29.9,47.8,22,519,22.5
1996,36,28.7,25.8,23.1,36.3,60.6,20.1,870,22.8
1997,36,15.4,17.3,14.1,30.1,54.4,21.9,1140,14.3
1998,36,19.9,20.5,22.2,50.6,66.4,30.6,1023.4,17.8
1999,36,23.8,30.6,24.4,42.8,55.9,31.1,1515.5,15.4
2000,36,28.1,28.8,24.7,44.2,59.7,29,723.9,13.1
2001,36,24.3,24.9,19.9,35.5,43.8,30.4,797,16.7
2002,36,21.2,24.6,12.7,41.4,44.4,25.3,592,12.7
2003,36,14.7,18.1,9.3,30.4,34.2,20.5,,5.9
2004,36,25,22.1,24.3,61.5,70.6,45.9,,13.8
2005,36,24.2,31.5,26.1,44.2,74.9,25.7,,20.2
2006,36,24.7,27.1,22.3,44.2,46.6,25.7,,17.2
2007,36,20.8,26.1,20.8,42,48.8,30.8,696,16.7
2008,36,24.9,25.7,22.4,34.9,62.5,32.5,1440,18.5
2009,36,28.8,39.3,31.4,45.5,,,,19.5
2010,36,28.8,39.2,28.9,30.7,49.9,45.5,1284,13.9
2011,36,19.6,24.5,16.8,,,13.6,743,15.2
2012,36,30.3,33,23.1,38.2,50,24,1078,18.3
2013,36,36.5,45,39,46.3,33.8,33.3,913,24.2
2014,36,30.16,30.19,26.72,34.84,23.41,38.7,652.52,16.3
2015,36,25.76,38.54,29.27,36.29,53.75,30.8,1432.44,15.81
2016,36,32.6,53.4,31,44.9,47.4,42.2,1371,17.2
2017,36,28.3,29.06,26.94,38.52,,18.5,1049.34,12.72
2018,36,35.1,39.5,32,58,48,40,1799,16
2019,36,45.8,51,33.4,64.9,44.6,40.5,1801,11.8
2020,36,43.5,53.8,39,72.6,55.7,37.1,1781,21.6
2021,36,30.1,33,23.3,43.2,17.6,22.7,1393,12.6
2022,36,50.3,59.9,43.5,63.2,79.8,37.7,1197.1,31.2
2023,36,34.5,37.4,27.4,53.7,14.7,30.8,1267.7,33.3
2024,36,43,44.6,31.1,69.8,49.7,25.3,1359,20.3
2025,36,46.8,51.1,46.1,64,99.7,32.5,1318,37.3
1990,37,25.4,24.1,,30.8,35,,,15
1991,37,24,24.2,,30,40,,,
1992,37,34.4,31,20,65,65,,,21
1993,37,30.7,37.4,20,65.8,65.4,,1150,20
1994,37,25.3,22.7,20,44.2,57.6,15,1416,18
1995,37,23.8,26.1,16.3,36.4,37.2,17.4,600,17.9
1996,37,27.6,28.9,19.1,44.5,59.9,25,,15
1997,37,17.3,16.9,11.8,27.5,32.5,14.4,850,10.9
1998,37,23.7,24.3,22.2,54.7,55.8,28.7,1100,17.8
1999,37,25,25.4,19.3,47.2,59.9,26.6,1004.9,15.8
2000,37,23.2,25.6,24.2,42.7,47.6,28.5,1051.3,16.3
2001,37,22.8,23.5,16.8,31.8,35.8,20.1,742,17.6
2002,37,22.8,20.8,16,24.9,50.8,16.5,754,12.8
2003,37,19.1,17.8,8.2,20.3,48.1,9.8,720,7
2004,37,22,27.5,24.8,38.6,40.2,31.6,1374,11.5
2005,37,24.2,26.8,20.4,44.3,46.5,21.3,1210,19.2
2006,37,21.3,24.5,16.9,35.6,49.3,22.4,,13.6
2007,37,20.4,22.3,17.7,30.2,39,30.3,,13.3
2008,37,26.7,27.3,20.1,52.4,36.7,28.6,,16.4
2009,37,32.4,33.3,28.7,53.9,34.2,26.9,,22.5
2010,37,22.1,25.2,25.4,32.8,36.2,23.3,974,14.5
2011,37,13.6,23.3,13.6,,,,366,
2012,37,28.4,31.9,24.2,41.5,44.5,25,993,17.8
2013,37,38.8,45.8,33.6,50.9,63,33.8,1402,19.6
2014,37,31.98,39.57,30.16,44.69,43.8,33.7,1566.69,22.52
2015,37,29.04,29.41,31.82,45.03,56.54,31.3,1203.16,22.2
2016,37,36.6,44.2,35.6,63.4,49.9,40.1,1515,30.2
2017,37,17.7,22.13,15.44,,15.85,17.3,804.48,14.48
2018,37,27.8,33.6,25.7,,58,38,1077,20.2
2019,37,33,37.5,20.2,,45.2,36.2,882,
2020,37,43.2,44.2,32.7,,21.7,41.3,1349,24.8
2021,37,22.9,28.6,21.5,,,29.7,1109,12.2
2022,37,47.8,52.9,36.6,,,40.8,1429.3,20.3
2023,37,38.1,31.3,24.6,,,32.5,1264.9,29.7
2024,37,31.8,31.8,22.4,38.1,,29.2,1070,
2025,37,43.1,46.1,42.1,88,,40.3,1552,
1990,38,32.4,33,,50,45,,,15
1991,38,26.4,28.8,,40,45,,,
1992,38,27.3,33.5,20,54.5,61,,,14
1993,38,25.1,32.2,25.7,44.9,50,20,350,20
1994,38,19,22.7,10.2,45,40,,651,9.9
1995,38,24.2,23.5,14.3,29,75,,1039,14.6
1996,38,25.4,25.1,22,35.2,45,35,1236,26.1
1997,38,20.5,20.9,14.7,30.8,15.9,22,980,15
1998,38,20.6,24.7,21.5,33.1,,27.2,708.3,13.1
1999,38,23.6,25.8,20.8,26.9,22.7,20.9,1219.5,13.8
2000,38,25.4,27.5,31.7,46.1,95,29.6,843.3,21.2
2001,38,23.8,27.7,25.2,46.8,,24.9,964,17.8
2002,38,20.5,25.7,20.2,40.5,27.1,21.1,756,15.5
2003,38,21,20,12.1,27.2,29.6,17.4,,8.4
2004,38,28.6,27.2,29.7,54.8,48.6,41.5,1188,16.1
2005,38,30.4,37.8,27.9,43.4,,33.1,1310,23.7
2006,38,23,26.4,20.2,35.4,31.1,22.7,900,13.9
2007,38,25.7,26.2,22.5,47.2,53.5,36.3,1189,13.2
2008,38,27.8,28.7,22.1,53.3,50,23.4,940,15.3
2009,38,30.1,36.3,33.5,,44.8,31.5,,22.2
2010,38,25.3,30.7,26.8,48,42.5,26.2,937,17.4
2011,38,20,26.5,20.3,32.5,,25.9,775,13.6
2012,38,24.2,29.7,26.5,21,,25.6,1126,16
2013,38,36.7,42,38,51.2,42.4,32.1,1222,27.4
2014,38,35.69,41.65,32.46,37.06,47.64,29.3,1546.31,22.3
2015,38,27.33,28.73,29.45,20.85,38.82,21,1053.36,14.79
2016,38,29.5,43.3,40.7,44.8,51.1,40.3,1751,28.4
2017,38,21.17,22.33,13.34,25,19.83,18,816.18,10.16
2018,38,34.3,29.4,23.3,39,49.3,25,1367,10.2
2019,38,37.1,39.9,27,45.8,55.4,30.6,1190,17.7
2020,38,41.1,46,37.2,55.1,53.5,37.3,1351,22.2
2021,38,33.5,30,23.8,26.5,38.7,27.5,1408,14.6
2022,38,39.1,48.4,36.4,52.3,71.9,33.5,1374.8,25.3
2023,38,35.4,32.6,24.5,45.8,30,28.9,1425.8,15.3
2024,38,20.3,23.3,14.9,7.4,2.6,26.9,1008,8.4
2025,38,47.5,47.4,38.4,61,,40.3,1844,25.6
1990,39,30.7,32.1,20,52,43.3,,,18
1991,39,21.9,30,,35,39.7,,,22.1
1992,39,30.9,33.6,30,51.8,50,,900,11
1993,39,30.4,32.9,24.5,50,67.4,16.7,1000,20
1994,39,22.8,24,20,40,50,13.3,900,18
1995,39,28.4,30.5,19.7,45,55,20,1377,25.9
1996,39,32.3,35.5,22.5,44.2,65.1,35.9,1320,20
1997,39,23.7,25.7,21.2,44.9,36.9,27.3,1273.6,16.4
1998,39,23.3,26.1,19.6,42.2,43.1,36.9,1271.3,15.3
1999,39,29.9,32.1,23.6,44.4,52.2,33,1374.5,22
2000,39,25.8,28.2,20.9,51.2,49,33.8,1126.9,17.3
2001,39,21.5,26.9,17.9,50.9,42,30.2,1246,13.5
2002,39,23.3,26.4,17.9,34.9,43.3,19.3,982,14.6
2003,39,20.3,21.6,9.3,36.1,27.8,18.4,910,9.7
2004,39,25,29.1,20.5,34.6,35,32.2,925,18.6
2005,39,27.7,32.8,20.7,53.7,52.9,27.9,1287,21.3
2006,39,22.2,25.1,18.8,34,35.4,21.6,905,14.3
2007,39,21.1,25,21.3,41.9,39.4,32.8,1450,15.4
2008,39,25.7,31.1,28.5,50,60.7,32.9,1767,18.4
2009,39,31.6,40.9,35.9,80.4,67.4,36.8,1582,24.3
2010,39,29.5,30.9,32.1,45,60.5,26.7,1443,19.3
2011,39,20.8,26.6,23.8,31.3,55,22.9,1138,14
2012,39,26,30.5,26.5,47.5,,30.4,1243,16.4
2013,39,37.2,49,41,54.2,52.3,43.3,1607,26.2
2014,39,37.12,43.59,40.45,40.89,,34.9,1757.36,26.49
2015,39,28.95,34.01,28.8,41.55,54.99,23.5,1352.15,17.89
2016,39,36.3,57.6,46.6,55,67.4,42.5,1522,24.6
2017,39,21.62,25.44,17.83,,,21.3,849.82,11.18
2018,39,37.5,37.8,31.6,,,38,1441,20
2019,39,47.1,57.5,37.8,86.4,39.9,39.6,1734,16.6
2020,39,,62.1,40.7,80.8,,46.6,1429,27.4
2021,39,,39.1,28.9,45.8,,31.1,1627,15.3
2022,39,,43.9,30.3,37.4,,31.7,1336,26.7
2023,39,,34.3,25.8,3.4,15.7,30.2,1358.1,25.5
2024,39,,22.5,11.1,29,,19.5,898,6.5
2025,39,,64.5,52.6,29,55.8,58.2,1982,29.1
1990,40,27.4,27.3,,29.3,50,,,20
1991,40,25.9,31.2,,42.9,62.9,,,20
1992,40,29.8,30.1,,57.7,53.8,,,15
1993,40,33.2,34.9,,66.3,80,,,20
1994,40,26.4,26,15,38,65,,,20
1995,40,23.5,28.1,15,55.9,66.6,,1500,12
1996,40,26.9,31.2,15,37.5,65,10,578,20
1997,40,16.4,21,9.7,40.7,40.7,17.2,975,15
1998,40,21.7,26.2,14.5,36.8,44.8,29.2,,
1999,40,27.4,27.8,27.2,44.7,61.7,38.2,1096.5,19.9
2000,40,20.4,29.5,22.7,30.9,44.5,27.8,1475.9,16.5
2001,40,21.7,25,,36.1,37,24.8,989,
2002,40,17.9,22.9,13.6,24.1,46.5,18.2,654,
2003,40,15.6,12.5,8,19.6,28.7,14,300,6.3
2004,40,18,23.3,,31.8,49.8,32.8,655,8
2005,40,25.7,27.4,16,38.8,53.9,28.4,600,17.5
2006,40,17,17.9,7.1,23.5,30.7,16.7,420,7
2007,40,15.7,18.4,13.5,24.3,31.4,21,390,
2008,40,23.9,24.8,,31.6,42.7,24.3,,12.6
2009,40,26.1,26.9,25,44,44.5,22.8,,17.9
2010,40,25.8,24,25.6,52.5,11.7,18.3,1208,20.8
2011,40,21.9,24.4,24.7,27.2,43.8,19.9,984,14
2012,40,26.4,28.3,21.9,27.8,,25.8,1076,13.5
2013,40,29.9,29.7,27.6,45.8,38.8,34.5,1511,22
2014,40,31.87,30.13,35.12,38.38,51.64,29.3,1324.68,20
2015,40,25.82,22.67,26.86,30.8,25.61,18.7,1194.36,17.56
2016,40,24.1,38.8,37.1,42.4,124.9,31.5,1536,22.8
2017,40,12.56,14.95,11.57,,19.6,11.1,516.19,10.57
2018,40,17.8,22.2,30,45,19.6,19.1,583,15.3
2019,40,28.9,38.3,29.9,46.7,,29.9,1173,17.3
2020,40,26.4,41.3,26.6,37.3,43.9,34,1383,22.9
2021,40,8.9,28,20.6,24.3,,21.6,1096,14.2
2022,40,15.7,36.6,25.9,14,,27.1,850.6,15.6
2023,40,6.3,21,18.8,24.9,14.8,23.6,858.1,43.9
2024,40,16,16.8,7.4,10.4,,13.4,757,4
2025,40,30.1,40.2,44.2,30.5,,39.4,1243,30
1990,42,29.2,26,,43.5,35.1,,,19
1991,42,33.7,38.3,,55.3,61.3,,,15
1992,42,38.3,32.2,,71.1,71.2,,1000,15
1993,42,33.9,37.5,,65.7,71.5,,1248,30
1994,42,25,31.3,20,38.5,67.9,,909,8
1995,42,29.1,31.9,18.9,51.9,68.9,,945,20
1996,42,35.4,34.9,22,49.6,54.6,25,732,
1997,42,27.4,27.4,17.4,44.9,44.7,23.1,653.7,12
1998,42,28.8,31,15.7,46.4,42.4,26.4,835.7,17
1999,42,37.3,36.2,25.7,56.6,51.8,35.1,1300.5,20.6
2000,42,30.4,34.6,19.2,53.5,69.5,38,1416.3,23.2
2001,42,25,28.5,14.8,43.6,51.2,31.3,1038,14.8
2002,42,25.5,26.8,18,41.9,41.4,26.7,1065,15.4
2003,42,20,18.6,10.5,24.7,28.4,14.2,475,5.3
2004,42,27.8,26.3,24.4,40,48.9,36.1,1278,17.9
2005,42,28.8,31.3,21.5,50.4,52.6,30,1278,20.1
2006,42,25.1,22.2,13.5,37.2,34.9,19.6,875,15.5
2007,42,22.4,21.9,8.5,23.3,27.2,22.8,811,7.5
2008,42,24.4,24.7,20,36.5,43.8,23.6,803,15
2009,42,32.4,30.1,24,51.3,67.8,28.1,1506,21
2010,42,27.7,29,24.1,40.3,41.3,25.8,1115,17.1
2011,42,23.3,31.6,22,40.2,41.3,22.4,1209,15.9
2012,42,32,31.1,22.2,45.5,45,29.1,1472,17.3
2013,42,35.8,33.8,35.5,56.4,37.3,33.2,1621,22
2014,42,35.61,38.01,35.43,48.46,51.55,32.7,1515.04,21.59
2015,42,27.47,34.25,37.93,39.31,64.91,26.8,1163.23,16.46
2016,42,40.5,52.7,50.9,52.8,78.1,38.2,1586,25.2
2017,42,14.94,17.97,14.91,22.96,,16.1,867.24,11.23
2018,42,28,27,34,60,,26,614,19
2019,42,36.4,46.1,37.6,56,,31,1486,
2020,42,35.4,46.9,32.5,53.7,,36.9,1382,22.6
2021,42,18.9,14.9,13.6,23.5,,14.6,567,8.6
2022,42,27.5,38.5,25.4,40.5,,27.3,1176.6,19.1
2023,42,19.7,26.3,27.4,29.5,,25.5,882.7,21.3
2024,42,19.4,21.6,10.7,32.3,,21.1,713,12
2025,42,15.1,24.4,25.6,26.2,,25.4,1352,32.1
1990,43,19.2,15.5,,30,52.6,,,10
1991,43,29,37.7,,41.8,62.3,,,15
1992,43,25.6,28.4,,35.6,47.7,,,14
1993,43,26.3,25.8,,49.8,65.1,,795,19.3
1994,43,26,25.7,25,48.2,53.3,,1015,15
1995,43,30.5,26.1,20,52,60.9,,950,15
1996,43,23.7,24.5,23.2,38.1,46.6,,540,15
1997,43,23.5,21.3,18,29.5,37.8,21,783.3,12.5
1998,43,20.7,20.6,8.6,48.1,42.1,14.7,690,10
1999,43,29.1,31.4,17.5,47.3,57.9,27.7,1158.9,15.3
2000,43,30.6,35.6,18,52.7,57.1,36.7,1465.9,18.8
2001,43,26.6,24.4,20,38.5,45.9,28.2,1400,16.5
2002,43,20.3,23.6,16,37.4,45.8,26.7,900,12.7
2003,43,19.8,15.5,11.6,23.7,30.2,14.2,522,7.6
2004,43,27.6,30.7,21.4,35,71.6,39.1,1643,18
2005,43,24.4,29.1,,32,69.3,32.9,1179,17.5
2006,43,18.7,18.9,20,24.6,31.7,14.5,381,7
2007,43,17.1,18.6,14,25.2,32.5,14.8,690,9
2008,43,21.9,25.5,15,37.5,41.1,17.2,1012,15
2009,43,27.7,27.4,,38.8,45.9,28.4,1354,17.3
2010,43,26.3,24.5,19.9,37.6,40.4,24.5,1192,20
2011,43,24,22.9,17.4,21.5,37.8,21.9,712,11.8
2012,43,32.4,32,21.5,86.6,32.4,26,1454,13.6
2013,43,33,31.8,30.3,52.6,60.3,37.3,1889,21.5
2014,43,28.36,31.3,25.92,42.74,49.67,32.6,1261.53,21.66
2015,43,24.82,25.04,20.48,20.79,48.01,24.9,1038.05,19.51
2016,43,28.9,40.2,37.3,34.1,67.7,35,1300,25
2017,43,16.98,14.21,9.49,10.19,30,13.1,398.58,7.02
2018,43,18.5,19.7,15.5,20,31,15.9,721,11
2019,43,32,35.3,18,30.5,46,21.2,1427,30
2020,43,37.2,38.9,22.2,40,40.3,30,1554,35
2021,43,8.7,6.9,6,5.6,15,5.8,446,5.5
2022,43,30.3,28.2,25.9,31,35.1,21,1290,19.7
2023,43,15.5,16.9,11.8,2.9,,16.6,632.3,17.4
2024,43,19.9,17,8,14.9,17.7,13.6,608,5.6
2025,43,13.9,14.1,18.1,20.9,11.4,10.7,850,17.2
1990,44,26.8,30.8,,36,50,,,21
1991,44,31.7,35.9,,40,60,,,20
1992,44,23.4,22.6,,40,42.8,,,15
1993,44,25.4,27.9,16,36.8,66.5,,1300,
1994,44,22.8,24.6,15.4,38.1,40,15,839,
1995,44,24.5,19.5,20,36.8,40,24,950,15
1996,44,19.2,21,17,31.2,37.4,,608,
1997,44,18.8,18.5,15.7,31.1,36.8,16.7,800,
1998,44,22.5,23.3,16,36.5,41.4,8.3,300,
1999,44,31.6,32.6,25,41.8,60.9,38.3,1450,
2000,44,29.1,32.9,25,34.3,48.3,42.5,1585.7,
2001,44,19.4,22.1,15,22.9,37.7,13.3,875,10
2002,44,23.7,25.7,,31.3,57.4,23.1,730,
2003,44,17.7,19.4,8,23.9,20.4,15.9,600,7.5
2004,44,28.3,29.9,30,31.5,50.8,45.2,1432,16.6
2005,44,29.3,27.5,16.1,30.8,43.5,27.4,775,15.7
2006,44,21.5,26.3,14,27.2,32.1,19.4,1000,14.6
2007,44,15.9,14.2,5.5,22.8,15.5,17.2,600,8
2008,44,20.6,18.2,17.5,30,30,19.6,660,10
2009,44,27.1,29.5,23.4,41.2,62.5,23.6,1062,19.5
2010,44,30.8,29.1,19,38.6,68.9,26.6,1117,12.7
2011,44,27.9,27,21.1,26.3,45.2,21.1,1021,16.4
2012,44,27.4,22.5,20,13.1,,17.3,860,9.5
2013,44,33.3,40.6,32,45,52.6,40.2,1643,18.8
2014,44,25.83,26.25,22.44,32.82,34.18,20.3,1015.63,19.81
2015,44,21.32,34.37,37.74,37.05,43.66,24.5,1193.48,27.8
2016,44,25,40.9,47.1,70.4,56.6,38.4,1203,25
2017,44,12.34,25.1,17.56,59.41,2.37,10.6,1005.34,
2018,44,15.1,26.4,18,9,4,14.3,791,
2019,44,21.4,37.4,35.5,51.3,34.2,24.9,944,23.3
2020,44,17.8,31.4,19.4,28.9,59,20.8,988,17.7
2021,44,3.9,,,,,,46,
2022,44,21.7,22.6,17.3,17.1,8.8,27,865.9,
2023,44,17.4,11.8,10.8,7.5,,19.4,526.9,5.8
2024,44,23.2,16.8,10.3,11.7,22.9,22.9,565,
2025,44,,8.3,24.2,14.2,18.2,8.4,553,16
1990,45,27.9,23.8,,36,60,,,20
1991,45,29.4,31.4,,40,58.1,,,
1992,45,22,25.2,,50.2,69.2,,1106,14
1993,45,29.4,36.8,30,56.5,70.5,19.6,895,
1994,45,25.3,26.3,21.5,41.9,45.2,18,851,25
1995,45,26.5,29.3,13.9,40.7,62,,1105,14
1996,45,22.6,19.6,10.7,36.3,44.7,11,676,10.7
1997,45,25.3,26.3,9,39.1,36.2,25.5,886.5,16
1998,45,25.7,21.7,,37.3,61.1,15.2,628.8,
1999,45,32.2,32.2,17.8,58.9,75.2,35.1,1310.4,
2000,45,32.9,31,,53.5,83.9,39.2,1238.5,
2001,45,20.7,17.8,,23.3,28.6,9.8,620,
2002,45,29.8,32.6,13.9,43.4,66.4,18.3,1199,
2003,45,21.7,20.4,7.5,42.2,54,23.6,551,9
2004,45,38.6,30.4,14.6,59.7,64.5,,1322,30.9
2005,45,25.4,20.6,,46.4,54.1,18.9,793,10.4
2006,45,18.2,17.4,,28.2,23.5,22.5,463,12.6
2007,45,19.6,11.2,,17.2,26.1,24.1,708,
2008,45,19.5,19.2,,,33.7,22.9,1120,
2009,45,22.6,23.9,,49.5,71.7,26.1,1082,
2010,45,36.7,31.5,14.3,45.8,48.5,27.3,1395,17.1
2011,45,23.6,30.1,14.8,27.4,23.2,25.4,1009,
2012,45,30.4,31.8,18.1,28.5,,26.2,1003,22.7
2013,45,34.7,41.4,,42,48.8,40.8,1684,27.8
2014,45,24.04,31.41,,42.85,49.15,28.3,1306.59,16
2015,45,29.2,32.29,32.5,67.72,55.42,25.3,1074.87,28.44
2016,45,,49.2,,26.9,47.3,29,931,25
2017,45,11.34,24.33,9.33,,,15.4,722.97,11.2
2018,45,13,24.3,30,12,,19.7,556,9
2019,45,34.4,35.3,38.9,38.5,,25.5,952,17.5
2020,45,25.9,37.8,24.4,51.4,,29.6,1008,9
2021,45,3.3,1.7,4,1.7,,2.7,128,
2022,45,11.1,19.3,11.4,16.2,14.8,18.8,582.9,9.9
2023,45,12.7,17.5,13.4,16.9,,28,572.4,
2024,45,11.7,23,13.5,10.7,45.1,27.3,981,
2025,45,3.8,14.5,21,19.7,,11.7,623,
1990,46,28,28,,40,60,,,
1991,46,32.6,31.6,,45,55,,,
1992,46,28.7,26.7,,50,70,,960,
1993,46,27.3,31.9,,50,67.6,30,1408,
1994,46,26.9,25.9,20,45,60,,644,
1995,46,25.4,21.5,20,45,64,,900,
1996,46,23.2,22.5,15,35,60,,990,
1997,46,28.2,27.3,22.5,46.5,68.9,25,1300,
1998,46,27.4,27,15,36.1,59.1,16.7,1000,12
1999,46,34,29.6,25.3,52.1,66.9,33.3,1548.9,
2000,46,29.7,32.8,,50.9,71.3,,1200,
2001,46,14.3,13.9,,30.4,40.4,12.3,654,
2002,46,31.5,28.9,,44.7,65.7,11.7,,
2003,46,18,19.1,,42.5,57.5,20,400,
2004,46,36.3,45.3,,55,53,32.4,1317,
2005,46,20,20,,41.4,41,16.1,752,
2006,46,13.7,11.4,,22.2,13,16.6,,
2007,46,8.3,6.8,,12,19.5,9.5,,
2008,46,,19.1,,,,,,
2009,46,,31.6,,,,,,
2010,46,33.3,32.5,,43.7,55.4,27.5,1364,
2011,46,24.2,29.4,,26.1,21.5,18.8,1220,
2012,46,32.9,36.6,13,43.4,33.8,32,1322,
2013,46,29.1,47,,46.6,53.5,39.5,1811,
2014,46,32.46,35.33,,33.81,44.71,28.8,,16
2015,46,40.74,40.53,,53.98,88.12,29.1,1621.5,32.21
2016,46,50.8,46.8,,53.6,39.5,28,1511,39
2017,46,12.5,23.53,12.63,15.7,27.69,10.4,865.99,
2018,46,26,26.4,,29,,22,865,
2019,46,38.4,42.4,36.9,47.1,,31.1,1303,
2020,46,23.1,40.4,,41.3,26.9,35.7,1138,
2021,46,7.2,4.2,6,3.4,4.1,3.5,214,4.4
2022,46,17.7,18.1,15.4,19.4,13.9,14.1,410.1,
2023,46,13.7,11.8,,19.2,1,19.1,381.3,
2024,46,39.5,28.4,19.8,64.4,,21.4,622,
2025,46,,19.9,24.6,43.5,77.7,16.5,1061,
1990,49,26.2,25.5,19,45.8,39.5,,,15
1991,49,29.8,29,,37.9,46.9,,,
1992,49,28.6,15.1,22,51.7,75,,,14
1993,49,27.3,29.6,27,42.7,68,30,,30
1994,49,25.8,26.3,18.5,34.2,42.7,,900,
1995,49,32.3,34.1,27.9,57.4,60.6,23.1,1135,25
1996,49,26,23.9,24.4,42.7,47.8,23,360,10
1997,49,27.3,28.4,15,34.2,52.9,,,
1998,49,33.2,32,21.8,43.1,67.2,27.8,874.2,
1999,49,33.1,30.1,20.5,46.2,59.2,31.2,1085.3,
2000,49,37.8,35.2,17.8,45.8,61,38.3,1311.2,
2001,49,21.1,23,11.8,28.6,30.7,16.7,612,
2002,49,33.4,31.4,23.1,34.9,59.5,29.8,1197,
2003,49,24.1,24.7,7.8,33.5,33.6,19.2,929,
2004,49,33.3,38.1,17.2,51.1,52.9,38,1806,
2005,49,29.1,30.4,18.3,39.8,37.2,27.5,1352,
2006,49,20.5,21.6,,34.9,32.8,19.5,,
2007,49,21.9,20.7,12.1,35.8,,16.7,,
2008,49,24.4,30,,38.1,46.4,26.2,,
2009,49,32,37.6,,46.6,98.4,28.7,,
2010,49,34.5,36.4,28,40.6,74,25.9,1520,28
2011,49,37.8,40.6,18.9,48,29.2,35.1,1329,22.2
2012,49,31.7,33.9,23.8,42.7,,21.6,1106,
2013,49,40.7,47.1,42.8,54,100.1,43,1841,
2014,49,38.58,43.75,28.75,51.42,,39.3,1120.61,33.33
2015,49,33.83,39.36,28,54.68,82.84,35.2,1742.97,27.22
2016,49,32.8,50.8,26.8,56,100,45,1699,
2017,49,,20.49,17.52,38.02,,15.2,889.16,15.54
2018,49,,25.2,25,37,,20.1,971,21
2019,49,34.7,43.4,33.9,52.8,,37,1506,25.5
2020,49,38.8,33.8,26.7,43.4,,33.1,1246,20.5
2021,49,,11.8,18.3,15.7,,14,710,
2022,49,13.3,19.3,12.1,45.3,10.1,14.2,611.1,13.5
2023,49,21.5,17.7,12.7,28.8,,19.3,735,13.6
2024,49,23.7,30.3,20.6,45.9,,23.6,1040,
2025,49,41.1,25.7,35,45.7,,24.4,1222,21.9
1990,51,21.1,19.6,,27.6,37.5,,,
1991,51,28.2,28.5,,44.7,52.5,,,
1992,51,22.7,12,,45,60,,,
1993,51,29.4,31.9,,55,70.3,40,,
1994,51,24.9,25.9,20,42,50,,,
1995,51,32.6,35,18,50.2,45,,,
1996,51,28.3,28,25,48.5,41.2,,700,
1997,51,25.7,26.4,18,37.3,50,,,
1998,51,25.4,26.5,16,36.2,60,,750,
1999,51,26.5,26.8,20.5,47.5,47.1,28.3,952,
2000,51,23.4,23.3,,45.7,39.5,32.1,463,
2001,51,10.1,12.1,,27.8,36,20.2,80,
2002,51,28.1,29.2,,39.3,46.8,19.1,200,
2003,51,21.5,20.8,,21.3,,,,
2004,51,30.1,32.6,20,47.8,45.5,27.5,,
2005,51,25.4,27.1,17.7,37.2,36.3,19.7,410,
2006,51,14.9,18,8.5,25.6,65.7,13.4,,
2007,51,20.4,21,8,31.7,38.3,17.5,,
2008,51,22.8,26.1,18,,,,,
2009,51,25.9,27.8,13,37.6,43.5,16.9,,
2010,51,33.6,33.5,22.4,34.9,49.7,29.1,1116,
2011,51,25.5,30.7,22.5,39.6,73.5,,990,
2012,51,29.4,30.2,18.7,37.1,60,28.3,1100,
2013,51,31.4,34.1,29.2,34.6,,56.1,1648,
2014,51,33.95,30.19,20.6,47.06,71.13,27.9,1070.63,19.5
2015,51,25.53,26.12,15.67,44.13,,29.3,1121.33,
2016,51,34.1,42.3,36,64,56.3,45.6,1785,25.2
2017,51,18.35,24.9,14.48,29.6,,24.1,763.2,
2018,51,21.9,24.9,13.5,35.1,44,25,682,
2019,51,27.1,33.7,19.5,47,60,31.4,1303,16.6
2020,51,16.8,21.9,15.1,31.6,30,27,853,10
2021,51,8.3,8.8,4.6,11.8,,12.2,568,
2022,51,14.1,20.4,,24.1,,19.6,663.1,
2023,51,19.4,24,19,40.1,28.3,26.7,1305.2,
2024,51,21.8,28.5,,40.7,33.8,21.7,668,
2025,51,15.9,17.4,,21.8,20.4,15.5,1042,
1990,61,36.4,37,23.2,60.2,61.7,,,22.5
1991,61,28.3,29.3,26.3,47,50,,,12
1992,61,26.7,26.7,19.4,51.4,50.1,,,14
1993,61,22.3,21.7,24,58,40,23.9,900,21
1994,61,30.8,32.5,20.7,53.6,46.8,30.1,400,20
1995,61,28.6,27.6,16.5,44.6,50.2,27.5,850,16.5
1996,61,31.1,33.1,26,54.3,68.8,32.3,1540,24.1
1997,61,23.2,25.5,21.4,48.2,58.6,29.9,1715,18.9
1998,61,24.7,30.5,21.3,53.5,62.2,24.3,,18.2
1999,61,21,25,22.8,49.3,38.7,23.6,,13.9
2000,61,33.6,34,27.6,55.3,64.1,36.7,1200,29.6
2001,61,30.6,27.8,22.3,49.8,49.4,31.6,,19.3
2002,61,31.2,27.4,24.6,45.6,59.8,32.6,,20.3
2003,61,30.8,26.5,21.8,53.7,56.7,27,,17.8
2004,61,22.7,25,23.1,57.7,70.3,30.1,,14.7
2005,61,36.9,22.5,28.3,46.1,58.2,25.5,,21.1
2006,61,34.7,,25.3,53.3,52.1,29.3,,19.7
2007,61,33,,28.3,53.8,60.7,39,1300,21
2008,61,39.4,,34.4,61,78,39.4,,23.3
2009,61,43,,39.1,65.8,61.6,42,,26.7
2010,61,41.1,,29.2,48.8,79.7,25.2,922,16.6
2011,61,29.4,,21.4,30.3,43.9,,,12.4
2012,61,41,,24.8,41,61.7,35.9,,17.9
2013,61,42.4,,23.1,68.4,76.7,26,,17.2
2014,61,31.14,,22.25,40.43,72.83,11.5,,9.9
2015,61,38.76,44.8,31.43,66.93,85.13,35,1424.83,18.8
2016,61,42.5,42.5,33.6,66.6,76.6,32.9,1140,19.3
2017,61,51.34,62.6,35.76,70.31,82.41,48.2,1616.6,17.62
2018,61,51.5,56,34.6,70.3,91.2,47,,17.6
2019,61,54.2,,38.6,76.5,99,48.4,2189,15.6
2020,61,58.3,,40.6,78.3,103,53.3,,29.4
2021,61,49.4,,34.9,58.6,79.3,32.8,,22.2
2022,61,53.6,,38.8,69.9,121.3,34.7,1200,26.6
2023,61,55.5,,42.8,74.9,101.2,47,,40.9
2024,61,60.9,,39.5,88.9,113.5,49.9,2291,29.7
2025,61,62.5,62.5,47.2,93.4,114.3,52.2,,36.6
1990,63,34.1,34,21,51.6,43,,,25
1991,63,25.6,24.5,24.7,30.3,53,,,18
1992,63,29,30,25.8,56.1,47,,,20
1993,63,25.2,30,29,62.6,48,6,,18
1994,63,28.5,30,22,50.4,50.5,44,420,23.5
1995,63,28.8,28,18.7,48.2,51.6,42,,18.4
1996,63,33.4,37.5,23.2,55.5,57.9,41.5,,25.1
1997,63,22.8,20.8,18.6,45.3,50.1,26,857,18.7
1998,63,28.3,30.9,21.6,50.9,61.9,31.1,1200,23
1999,63,30.4,30,27,49.6,52.7,33.8,1440,22.4
2000,63,29.9,37.8,22.3,52.2,61.4,36.6,860,20.4
2001,63,29.4,32.7,23.9,52.8,41.2,43.8,,25.4
2002,63,28.6,31.4,23.1,45.4,45.9,31.7,,20.4
2003,63,28,29.8,21.9,52.5,44.1,26.4,,17.3
2004,63,26.9,38.4,20.7,62.6,66.5,39.2,,11.1
2005,63,28.9,,28.5,54.8,60.1,29.6,,23.1
2006,63,33.7,,25.4,56.5,55.7,28.1,,19.4
2007,63,32.2,,23.6,47.1,63.2,33.3,1065,20.2
2008,63,48,,30.1,51.2,53.8,30.3,,29.9
2009,63,46,42.5,37.7,70.2,69.5,37.3,,27.4
2010,63,31.5,,25.8,44.8,46.9,22.5,1541,14.3
2011,63,33.7,,25.4,35.4,43.3,30.3,1304,18.7
2012,63,37.4,,26.8,50.3,68.1,42.5,,18
2013,63,47.3,,32.1,73.3,78.5,44.4,567,25.8
2014,63,35.12,,28.74,46.89,76.09,36.7,1353.62,19.03
2015,63,41.39,,34.48,71.91,62.25,39.6,1859.86,18.04
2016,63,50.4,,38.5,78.4,72.6,34.2,1160,24.9
2017,63,52.04,59.51,33.82,84.6,93.41,41,1735.2,24.03
2018,63,55,72,39.4,92,99.9,46,2468,24
2019,63,51,62.1,40,87.8,103.9,51.8,1980,16.5
2020,63,58.7,78.6,46.3,87.4,143,60.4,,25.6
2021,63,54.8,55.7,38.6,84.1,83.2,45.1,2240,22.7
2022,63,50.3,66,44.6,84.7,128.6,39.2,1415.4,29.5
2023,63,54.5,41,42,76.5,63.2,32.8,1668.9,46.5
2024,63,58.5,65.1,41.1,94.3,,44.1,1538,
2025,63,67.8,73.2,51.1,103,156.9,59.6,2583,35.9
1990,64,25.2,26,20,40,35,,,16.2
1991,64,25,26,20,31,40.1,,,18
1992,64,26.2,38,30,60,60,,,20
1993,64,25.1,36.7,26.4,55,77.7,,,20
1994,64,25.5,28,22,50,57.9,,,18
1995,64,26.5,27.2,17.8,41.3,59.4,25.6,,17.2
1996,64,27,31.5,21.8,56.7,63.3,36.8,,20.1
1997,64,18.6,23.2,14.8,37.1,44.1,29.2,,18.8
1998,64,24.3,26.3,16.9,42,51.2,28.4,,18.7
1999,64,28.2,28.2,23,48.5,53.2,28.6,,20
2000,64,28.5,29,26.7,46.6,55.7,38.9,1045.3,18.3
2001,64,21,19.4,20.2,47.9,48.9,30.8,,14.5
2002,64,25.2,31.8,27,53.8,44.6,34.3,,20
2003,64,18.6,18.5,16.7,27.2,37.4,16.2,,8.9
2004,64,20.6,22.7,22.3,51.5,52.5,29.9,1306,6.3
2005,64,32.4,35.4,25.7,48.4,52.8,25.6,,20.7
2006,64,30.7,30.9,24.4,57.1,49.4,30.4,1111,16
2007,64,27.1,32.6,23.5,55.8,59.8,37.4,,20.4
2008,64,30.1,31.6,24.5,53.8,63.9,30.8,,19.8
2009,64,34.3,29.5,31.6,56.9,46.4,31.4,,20.5
2010,64,41.3,35.2,34.3,49.8,61.4,29.3,1479,21.7
2011,64,32.3,32.5,23.4,36.9,39.6,31.4,1350,13.7
2012,64,34.2,31,28.7,57.9,48.4,34.9,,25.9
2013,64,39.1,34.9,37,69.2,51.9,35.5,1843,29.3
2014,64,39.96,33.77,37.1,66.09,70.92,37.5,1119.94,25.93
2015,64,39.57,30.1,32.49,66.31,80.01,35.3,1954.09,23.09
2016,64,44.9,49.5,37.9,70.3,78.7,32.9,1651,21.4
2017,64,42.31,36.23,32.5,71,85,42.7,1615.99,21.87
2018,64,44.4,42.5,38,79.5,102.5,39,1074,27
2019,64,42.1,37.5,38.7,72.8,92.9,42.9,2258,
2020,64,58.9,52.4,39.7,71.8,94.8,38.4,2121,35.9
2021,64,46.5,37.2,38.6,71.7,86.9,36.8,1955,31.1
2022,64,44,39.6,39,75.4,87.7,34.1,1959.9,30
2023,64,46.8,37.8,35.9,58.1,70.5,25.5,1494.7,41.2
2024,64,52.7,54.6,38.3,74.9,103,35.7,1796,21
2025,64,61.9,51.9,49.8,88.8,115.9,59.9,,36.2
1990,65,30,34,20,40.6,59.3,,,15
1991,65,26.6,31.3,22,35,61.4,,,22
1992,65,34.1,36.9,28.1,54,39.8,,,23
1993,65,28.3,30.3,31.5,52.1,55.2,29.1,918,20
1994,65,25.3,28.4,20.2,43.6,55,31.7,1179,19.1
1995,65,25.7,25.4,18.1,37.5,58.1,36.1,540,18.4
1996,65,26.4,26.2,25.4,53.1,60.6,28.9,848,17.6
1997,65,21,22.3,17.6,38.2,41.7,23.5,950.9,13.7
1998,65,22.8,23,20.6,48.5,56.1,31.9,,16
1999,65,26.3,27.9,26.9,46.5,50.3,29.2,1173.9,19.6
2000,65,31.2,32.1,36.9,53.4,56.3,34.6,639.9,16.9
2001,65,27.1,29.4,21.8,45.5,42.6,40.4,938,17.5
2002,65,20.3,25.2,17.2,31.6,30.6,28.4,1052,12.7
2003,65,15.2,13,13.2,28,29.6,21.3,797,9.8
2004,65,14.3,16,26.5,34,33.9,46,447,8.4
2005,65,25.2,34.1,26.7,45.1,54.9,29.9,1277,16.9
2006,65,29.1,31.3,22.6,44.6,51.3,25.5,,11.9
2007,65,22.6,28,23.8,44.8,48.6,28.3,,16.9
2008,65,25.2,28.6,21,44.4,47.1,28.8,,15.5
2009,65,30.9,31.2,28.1,48,52.2,34.8,,21.9
2010,65,35.3,37.1,37.7,47.9,41.2,33.8,1063,26.3
2011,65,17.8,28.1,13.7,15.9,29.3,,,
2012,65,36.2,34.8,30,27.2,57.3,27.5,,17.1
2013,65,31.5,30.9,36,50.6,50.4,34,,22.8
2014,65,33.17,21.57,23.58,34.72,60.75,17.8,,20.77
2015,65,34.25,27.22,26.78,34.63,53.68,25,1463.3,22.19
2016,65,43.1,39.5,34.1,62.1,62.6,38.5,1249,29.4
2017,65,34.99,28.83,24.75,46.9,48.99,31.2,1180.93,18.26
2018,65,40.7,35.4,33.6,58.5,56.5,33,,18.3
2019,65,50.4,50.7,39.8,59.8,60.8,45.6,895,22.1
2020,65,39.8,38.9,42.4,76.2,92,48,1717,31.1
2021,65,34.9,31.7,29,49.5,54,33.9,1444,23.3
2022,65,50,51.6,42.1,83.7,89.9,42.3,1679.9,32.3
2023,65,41.2,30.6,28.2,51.7,28.3,31,1347,
2024,65,45.9,45.7,33.9,64.3,63.6,37.8,1435,
2025,65,57.4,50.9,47.7,78.2,122,49.4,1764,
1990,66,33.1,31.1,15,41.7,59.3,,,23
1991,66,18.5,24.1,10,24.3,50,,,11.5
1992,66,32.5,27.8,20,51.1,57.6,,,20
1993,66,29.8,28.5,29.2,38.6,60,24.3,919,20.4
1994,66,23.4,25.4,23.4,32.6,38.3,19,1047,17.5
1995,66,22.5,26.4,19.2,49.5,43.8,24.9,1022,18.2
1996,66,23.2,24.5,26.6,45.1,62.3,24,1074,17.9
1997,66,16.8,14.3,16.4,32.3,30.1,18,1042.6,13.6
1998,66,21.9,22.2,20.1,47.3,48.7,29.8,1093.9,16.4
1999,66,20.1,24.7,19,36,43.6,28.9,997.4,16.1
2000,66,22.8,27.9,25.3,45.5,46.4,31,785.4,17
2001,66,24.9,25,16.1,32.7,31.1,25.9,671,15.2
2002,66,22.9,22.6,17.9,40.3,33.8,20.2,698,14.9
2003,66,15.4,15.2,9.2,24.8,30,15,674,8.3
2004,66,21,24.4,21.7,42.8,55,37.1,1256,7.6
2005,66,31.9,32.8,25.5,46.9,56.8,22,1011,18.2
2006,66,27.2,29.6,19.9,46.3,41.3,27.1,1083,16.4
2007,66,22.9,26.1,18.4,44.1,56.1,28.7,868,14.5
2008,66,24.8,27.6,22.2,39,49.9,26.1,,18.1
2009,66,31,35.4,37.2,49.5,,31.4,,23.4
2010,66,28.4,29.8,28.9,35.4,47.1,22.5,912,17.1
2011,66,19,20.2,18.1,,,,,
2012,66,30.1,33.7,22.1,43.1,57.5,25,1309,18.6
2013,66,39.8,42.6,28.8,56.3,72.6,32.7,1282,29.3
2014,66,29.98,27.13,26.62,39.45,95.95,21.4,545.03,17.81
2015,66,36.69,30.63,28.89,34.03,67.8,21.1,1084.17,19.81
2016,66,40.4,41.5,39.5,57,,43.9,1427,22.8
2017,66,35.53,26.44,22.92,47.85,,26.8,1007.02,13.92
2018,66,42.1,38.2,31.5,52.1,75,35,1290,18.5
2019,66,54.2,47.1,39,83.2,,39.7,1235,16.8
2020,66,49.6,51.7,38.6,84.1,,49.2,1631,27.7
2021,66,37.3,32,26.8,50.4,69.6,31.1,1219,13.1
2022,66,52.2,54.5,43.6,70.8,113.9,42.4,1518.3,33.5
2023,66,38.6,30.3,24.9,48.7,,30.8,1029.3,24.6
2024,66,45.4,40.4,29.8,75,106.6,37,1381,17.7
2025,66,61.5,58,45.8,75.6,,56.5,1609,30.7
1990,67,27.1,30.8,,37,50,,,22.5
1991,67,21.9,27.9,,27.4,55,,,22
1992,67,33.1,33.2,,56.2,63.2,,,20
1993,67,29.9,35.6,30,55.9,78.1,13.3,700,22.9
1994,67,25.7,27.7,23,43.3,55,22.2,1047,20.9
1995,67,25.6,24.8,23.1,46.7,48.9,28.3,1141,21
1996,67,27.7,26.6,27,46.2,65.2,38.6,1066,23.8
1997,67,15.8,19.2,9.4,27.4,30.4,27,850.4,12.8
1998,67,19.5,22.7,24.6,33.5,53.3,33.9,1115.6,18.7
1999,67,25.4,28.5,24.6,32.5,48.6,23.2,1421.3,21.8
2000,67,24,29.3,23.7,41.3,55.8,34.4,1118,17
2001,67,20.4,24,20.4,33.5,40.3,24.7,912,14.3
2002,67,22,21,14.7,31.1,33.8,17.3,662,10.9
2003,67,13.2,15.6,7.6,18,26.3,15.8,547,4.9
2004,67,28,27.7,29.9,40.9,45.2,33.2,1309,13.7
2005,67,25.6,29.7,27.7,45.5,61,27.9,949,18
2006,67,24.7,25.9,22.3,35.3,57.1,19.2,1098,13.5
2007,67,21.6,37.1,27.5,48,62.5,35.8,1404,19.8
2008,67,30,32.7,26.6,43.3,54.8,32,1679,17.7
2009,67,32.1,34.2,33.6,66.4,72.8,32.6,1603,21.7
2010,67,31.4,32.2,28.5,51,75.8,25.1,1172,17.4
2011,67,25.1,29.4,18.9,30.7,16,,575,20.1
2012,67,29.5,31.9,22.1,39.8,53.8,31,1113,19.8
2013,67,47.7,52.1,37.9,69.2,89.4,23.3,1743,29.1
2014,67,40.25,37.06,32.61,56.75,86.2,39.7,1448,20.92
2015,67,33.48,32.72,27.13,56.42,65.43,33.3,1548.18,17.9
2016,67,41.7,45.4,35.5,78.3,85.3,32.9,1732,24.5
2017,67,27.7,30.33,19.96,51.96,38.86,22.1,1059.43,13.96
2018,67,31.4,39.7,29.5,67,60,38,1519,17.3
2019,67,43.9,50.1,30.2,69.4,74.8,39.9,1216,17.7
2020,67,43,47.7,32.8,65.7,68.5,51.7,1354,21.9
2021,67,26.9,30.9,20.6,40.1,52.4,30.3,1180,13.5
2022,67,43.4,53.4,41.2,60.4,76.6,44.3,1296.7,32.1
2023,67,36.1,34.5,29.8,54.1,49.5,35.4,1361.8,27.6
2024,67,34,39,25.6,49.2,66.9,34.5,1193,9.8
2025,67,54.5,57.8,44.7,69.1,79.8,47.8,1916,29.9
1990,68,34.2,33.4,,40,50,,,22.5
1991,68,25.9,27,,30,44.3,,,15
1992,68,31.4,29.9,,62,50,,,15
1993,68,28.5,34.2,,40.2,63,10,,23.5
1994,68,26.6,29.3,16,35,45,19,854,16.1
1995,68,21.9,23.2,15,30,47.6,18,874,14.5
1996,68,26.3,28.8,15,35.5,46.6,,857,15.6
1997,68,16.4,14.1,8.3,23.3,29,9.1,1022.2,9.2
1998,68,18.5,22.1,11.2,27.3,37.9,21,938.4,14.1
1999,68,22.5,27,20.3,36.9,37.3,37,1066.1,12.6
2000,68,22.3,24.3,22.9,33.7,42,35.4,859,17
2001,68,22.5,21,23,37.5,43.2,22.6,1138,17.3
2002,68,18.7,20.2,12.9,37.3,46,16.7,1198,12.8
2003,68,13,17.6,12.4,14.6,31.8,12.6,760,9.9
2004,68,26.1,26.6,22.9,43.4,55,,,18.3
2005,68,26.8,33.5,25.5,35.5,45.2,19.1,1178,22.2
2006,68,22.1,24,14.5,,,25,,13.3
2007,68,19.7,20.9,20.6,46.1,34.3,,1162,14.7
2008,68,25.4,23.6,21.7,42.5,,,,13.1
2009,68,23.8,31.9,27.1,52.3,,,,19.3
2010,68,26.1,27.6,28.7,38.8,12.3,17.4,1047,16.9
2011,68,20.4,22.1,15.5,30.5,44.7,5,356,12
2012,68,23.4,28.9,24.9,36.7,,25.5,1415,17.2
2013,68,35.7,37.6,38.3,34.6,40,33,1862,17.9
2014,68,27.92,36.51,31.46,91.45,39.29,28.9,1344.24,25.45
2015,68,16.37,24.18,25.7,36.51,,17.2,1522.93,12.84
2016,68,31.9,47.8,42.7,69.9,,19.4,1979,23.9
2017,68,15.03,18.01,17.01,25.17,11.6,8.3,816.01,9.58
2018,68,31,31.3,31.5,62,23,22,1279,14
2019,68,27.1,41.7,27.7,41.8,,32,935,14.3
2020,68,36.4,43.5,33,61.8,59.3,35.9,1574,23.9
2021,68,25.1,30.6,21.5,32.3,,27.5,954,19.2
2022,68,40.2,48.2,37.7,44.1,71.7,29.8,1222.2,34.4
2023,68,29,31.7,26.3,42.6,,19.6,1413.5,18.1
2024,68,22.3,33,21,31.5,39.4,25,1246,14.5
2025,68,30.4,59.8,44.1,61.8,74.9,42.4,1837,30.1
1990,69,28,30.2,,36.7,45,,,17.2
1991,69,22.9,32.7,,34.3,52.2,,,14.8
1992,69,26.3,29.8,,34.3,61,,600,18
1993,69,30,37,35,60,58.1,16.7,800,25
1994,69,24.2,27.4,18.4,32.8,42.6,,789,16.9
1995,69,26.7,30.6,23.9,43,50.7,10,500,20.7
1996,69,30.8,34.9,22.6,37.8,45.3,,,15
1997,69,19.8,22.7,15,30.1,37.4,17.5,,17.6
1998,69,22.1,25.3,23.2,27.2,35.8,22,1024.9,16.4
1999,69,25.5,31.2,27.1,42.6,37.1,31.4,1800,17.9
2000,69,21.8,27.5,20.1,38,50.9,29.3,768.8,18.9
2001,69,20.3,25.7,21.4,29.1,44.4,29.6,1257,16.9
2002,69,20.6,31.5,30.7,41.3,61.7,21.4,1065,17.7
2003,69,19.5,18.9,8.8,23.5,23.1,13.8,617,10.9
2004,69,25.2,23.8,26.3,39.4,50.7,23.1,930,16.6
2005,69,26.7,34.2,20.6,35.5,52.9,28.3,1192,19.8
2006,69,22.2,27.4,16.7,34.6,33.5,15.9,407,16
2007,69,17.2,25.3,23.3,29.2,45.6,21.1,732,18.7
2008,69,18.4,23.7,24.1,25.7,48,21.1,,15.1
2009,69,33.4,39.4,30.2,50.4,52.9,30.3,874,26.7
2010,69,26.5,31.1,30,25.4,69.4,22,1086,18.7
2011,69,26.1,33.1,24.1,29.4,41.6,16.9,1335,22.9
2012,69,16.8,26.2,20.7,27.8,30.8,21.7,1330,25.4
2013,69,23.2,39.2,31.4,24.6,36.3,31.2,1401,22.3
2014,69,19.75,29.38,27.82,22.51,24.57,23.3,817.47,18.58
2015,69,14.87,21.67,29.67,23.75,22.55,13.7,1105.46,19.05
2016,69,29.4,43.3,37.6,34.6,54.5,30.1,1235,27.8
2017,69,15.26,24.28,20.8,12.82,20.05,14.4,785.07,8.97
2018,69,20.8,30.5,24.9,31,26,28,1266,12
2019,69,29.9,41.5,33,31.5,31.1,29.9,1001,20
2020,69,30.1,47.4,37,26.6,51.2,38.5,1415,23.5
2021,69,24.1,34.5,25.7,32.9,24.5,27.2,1193,16.3
2022,69,20,42.3,33.7,17.2,40.6,30.2,1477,28.4
2023,69,22.1,27.8,21.5,20.2,9.4,22.3,1125,18.6
2024,69,31.8,30,15.6,37.5,24.1,11.5,889,10.1
2025,69,32.2,53.4,44.4,69,46.7,37.6,1819,30.4
1990,70,31.9,30.8,,51,58.4,,,18
1991,70,28.5,33.9,,45,55,,,16
1992,70,31.9,26.4,,45,26.8,,1900,14
1993,70,28.8,35.7,20,51.4,54,23,1200,15
1994,70,23.8,26.6,16.3,42.4,48.2,22,600,10
1995,70,25.1,27.8,19.4,45.2,43.7,14,1112,19.4
1996,70,29.5,30,18.4,38.1,43.5,,1560,22.7
1997,70,23.4,25.7,17.9,27.2,36.6,17.7,924.4,15.2
1998,70,25.2,30.7,25.7,40.2,45.2,27,1095.4,18.2
1999,70,28.5,37.4,31.8,43.2,45.3,30.9,1382.8,22.1
2000,70,24,32,21,40.3,53.7,26.1,1150.7,17.4
2001,70,25.8,31.1,23.2,45.8,43.3,30.6,1455,16.3
2002,70,29.8,32.5,20.1,45.4,53.5,24.3,1262,16
2003,70,17.7,15.6,10.1,24.2,32,9.2,999,7.5
2004,70,23.7,16.9,21.6,37.3,50,33.5,1181,9.3
2005,70,34.3,31.3,28.5,41.1,54.4,26.4,1170,18.7
2006,70,25,25.2,22.3,27.6,35.5,25.6,1080,9.9
2007,70,20.7,21.9,16.8,30.5,32.5,24.4,966,9.7
2008,70,23.5,25.9,22.2,31.3,,24.4,1334,18.2
2009,70,29.3,41.7,33.5,,,36.4,1398,23.9
2010,70,27.4,35.3,33.3,41.8,39.9,32.1,1371,23.3
2011,70,21.9,31,25.2,31,35,25,969,15.6
2012,70,25.9,27.7,25.2,21.1,,29.5,1269,18.8
2013,70,29.8,34.1,31.3,51.5,50,34.9,1551,21
2014,70,26.2,28.2,30.21,25.08,68.41,27.7,1181.6,16.57
2015,70,18.72,29.63,32.81,25.48,31.11,20.7,1421.88,18.38
2016,70,35.9,35.4,39.8,41,64.5,31.8,1480,20.2
2017,70,17.95,24.16,16.86,31.29,,16.3,973.54,10.86
2018,70,26,29.6,25,35,,29,1464,17
2019,70,24,42.1,34.1,35,32,34,1257,15.1
2020,70,22.8,43.3,40.6,53.9,50.2,32.7,1426,24.8
2021,70,30.8,32,24.2,27,26.6,22.3,1299,12.4
2022,70,40.7,44.5,34.3,,,35.9,1753.1,24.4
2023,70,,33.5,27.3,34.7,,30.1,1408,23.3
2024,70,13,30,18.7,42.9,,21.1,1135,13.6
2025,70,47.7,51.4,41.9,80,80,44.9,1845,29.3
1990,71,32.9,36.9,,35,52.5,,,15
1991,71,29.8,34.6,,40,50,,,
1992,71,30.4,28.2,,62.9,45.5,,,14
1993,71,32.2,35.9,25,73.7,67.4,30,1500,30
1994,71,30.2,29.4,25,53.9,39.2,25,1450,20
1995,71,30.2,32.4,23.3,60,43.2,25.4,1583,20.8
1996,71,35.4,34.4,25.9,64.4,48.5,34.2,1500,18
1997,71,27,24,16.2,38.3,40,20.5,1056.3,10.9
1998,71,29.6,27.6,26.4,45.8,55.4,32.1,1078,13.4
1999,71,31.8,44.1,26,50.9,50,23.1,1586.7,20.4
2000,71,29.1,31.2,31,55.7,,43.4,1574.5,
2001,71,22.2,27.2,18.4,43.4,40.9,29.4,1391,
2002,71,25.2,26.9,26.5,43.7,50.9,25.5,1330,10.6
2003,71,16.9,17.7,10.5,25,25,21.4,631,7.3
2004,71,26.4,29.4,32.2,48.2,45.9,40.1,1447,28
2005,71,28.9,33.1,29,50.1,48.2,32.5,1327,18.4
2006,71,23.4,22.3,19,33.7,25.9,22.9,880,12.1
2007,71,18.3,18.2,15.1,26.7,32,22.6,653,12.1
2008,71,28.3,26.8,25.9,48.5,35.8,26.4,1321,17
2009,71,33.9,32.5,35.8,59.7,54.7,29.9,1292,23.9
2010,71,32.4,32.5,31.3,57.8,55.3,29.5,1315,17.9
2011,71,25.5,29.6,24.9,40.8,35,23.4,1396,17.4
2012,71,31.5,31.4,26.5,40.7,52.3,34.2,1524,18.7
2013,71,33.7,38.4,29.9,44.6,51.5,34.3,1445,26.2
2014,71,30.96,31.07,30.47,28.38,70.99,30.8,1567.74,26.58
2015,71,27.19,31.44,33.44,33.64,26.57,24,887.06,18.21
2016,71,36.6,45,40.1,54.4,79.1,30.6,1350,25.2
2017,71,24.23,20.18,18.1,13.85,,14.1,879.21,12.74
2018,71,37,26.6,26.5,40,,21.6,1100,17
2019,71,50,45.1,41,64.1,,36.3,1228,17.4
2020,71,42.3,48.2,34.2,65.4,,40.6,1396,26.8
2021,71,30.5,28.2,21.1,27.6,,26.5,1005,12.2
2022,71,42,41.9,34.7,57.9,,34.8,1153.4,17.2
2023,71,,24.9,17.5,24.9,,22.8,1015.6,22.9
2024,71,,18,9.7,34.6,22.5,15.5,656,6.6
2025,71,33.6,31.2,37.5,32.6,41,29.4,1452,30.7
1990,72,40.9,41.2,,41.5,72.5,,,27.7
1991,72,32.9,37.5,,52.6,55,,,26.5
1992,72,31.5,26.2,,41.8,62.5,,,20
1993,72,29.5,33.8,,59.5,70,20.1,,35
1994,72,28.8,31.4,23.3,45,35,,655,18
1995,72,28.7,32.7,21,44.7,30,41,1107,20.6
1996,72,35.3,39,21.6,39.5,57.5,28.3,1350,20
1997,72,25.9,25.9,12,33.9,40.9,16.9,913.2,13.4
1998,72,26.4,28,18.5,37.5,66.6,34,1144.7,17.9
1999,72,36.8,38.2,26.7,57.1,55.5,44.6,1366.4,27.4
2000,72,31.3,34.4,31.1,48.7,70,41.5,1582.7,23.8
2001,72,25.7,29.1,29,46.3,56.7,26.3,1417,19.8
2002,72,23.6,27,18.9,37.7,51.2,24.9,950,21
2003,72,20.7,23.5,6.2,22.1,41.4,15.9,806,9.2
2004,72,31.4,36.3,27.9,50.8,55.2,55.1,1614,24.8
2005,72,29.6,34.5,18.9,40.4,46,34.6,1434,21.3
2006,72,25.9,29.2,13.9,27.6,,27.5,1079,15.3
2007,72,19.5,23.3,13.2,16.6,40.8,27,771,13.2
2008,72,26.1,29,23.4,50,60,29.5,1248,20.5
2009,72,25.7,32.3,,,,32.5,1745,24.9
2010,72,32.8,31,27.9,65,40.8,24.5,1561,20.9
2011,72,27.2,35.5,27.8,36.2,40.6,29.5,1290,24.4
2012,72,32.3,32.4,26.6,39.1,,34,1307,26.2
2013,72,44.3,48.3,38.6,75,71,45.8,1843,32.6
2014,72,38.46,40.82,35.71,46.62,111.98,36.9,1476.16,28.88
2015,72,43.06,31.29,31.94,40.45,,27.6,1184.72,22.6
2016,72,62.5,58.6,47.9,55.3,92,39.4,1158,33.5
2017,72,25.77,32.06,24.84,27.57,,18,1087.77,18.58
2018,72,40,32.1,28.3,35,,22.5,1294,18.6
2019,72,57.9,51.4,43.4,66.3,,26.6,1530,25.3
2020,72,51.4,48.3,34.9,73,,31.6,1329,28
2021,72,29.1,18.6,14.2,24.2,,23.7,1001,10.4
2022,72,41.6,38.5,26.8,61.2,,27.3,1205.3,17.8
2023,72,35,22.1,17.9,43.5,,28.9,933.4,20.5
2024,72,33.3,16.9,10.6,37.4,,16.3,660,7
2025,72,33.2,24.2,28,25.6,,23.5,1257,26
1990,73,37.3,39.4,,37.9,50,,,20
1991,73,34.8,37.3,,42.5,56,,,18.1
1992,73,28.3,28.5,,71,51.8,,800,20
1993,73,32,34.2,,58.1,90,21.9,700,15
1994,73,25.7,27.7,30,41.8,30,25,,20.7
1995,73,30.9,35.8,18.4,43.9,32,26.1,1080,21
1996,73,31.7,33.9,25,48.8,60,22.4,1096,22.5
1997,73,23.2,23.4,9.9,35.3,44,18.4,678.3,13.8
1998,73,25.8,27.8,14.2,43,46.9,30.8,933.9,17
1999,73,41,42.1,28.1,50.7,64.9,48.1,1895.9,24.6
2000,73,34.8,38,25.7,52,62.5,50.7,1431.2,23.5
2001,73,27,27.1,25.2,38,37.1,23.7,1286,18.7
2002,73,31.6,27.3,30,38.5,49.2,24.6,1373,16.5
2003,73,20.5,24.4,8.3,17.3,25.2,11,594,8.2
2004,73,31.6,32.5,30,49.9,64.3,44.2,1564,20.5
2005,73,35.4,36.6,26.7,40.5,43.4,33.1,1500,23.2
2006,73,28.8,29.2,25.7,34.9,,31.5,974,16.4
2007,73,22.3,21.9,17.7,24.9,20.2,25.8,961,9.6
2008,73,27.4,31.4,17.8,39.5,43.4,28.4,1437,20.5
2009,73,32.6,36.6,27,43.3,51.7,33.2,1609,24.3
2010,73,33.8,34.3,35.2,55.1,100.9,30,1429,22.8
2011,73,27.8,36.9,32.9,14.9,56.4,30.6,1165,20.6
2012,73,32.2,35.4,28.9,38.5,,29.5,1571,21.6
2013,73,39.3,41.4,35.3,57.3,44.3,41.8,1671,27.9
2014,73,33.37,36.13,38.77,25.32,49.2,31.5,1173.77,20.4
2015,73,30.79,32.44,36.82,40.55,58.57,27.4,1305.59,17.64
2016,73,40.7,49.4,40.9,63.3,45,22.1,975,20.6
2017,73,35.36,31.48,24.44,53.46,,16.3,1094.78,20.82
2018,73,35,28.8,24.9,,,18.6,1088,18
2019,73,42.6,44.5,39.8,59.6,,28,1417,23.5
2020,73,40.7,44.7,32.2,44.5,,36.5,1234,23.5
2021,73,14.3,9.2,7,16.3,25,10,383,6.5
2022,73,30.5,28.1,17.5,38.8,,21.6,1129.9,14.9
2023,73,19.5,17.6,15.9,36.9,,16.4,742.4,14.8
2024,73,21,14.8,10.3,19.3,11,15.7,596,6.7
2025,73,29.2,22.1,25.6,24,,22.4,1093,23.2
1990,74,29.9,30.1,,49,47,,,22.3
1991,74,27.8,28.2,,40,68.3,,,20
1992,74,29.1,33.2,,45,80,,,21
1993,74,31.6,37,,54,59.4,18.3,1360,20
1994,74,26.5,30.5,20,38,65,6.7,951,19.1
1995,74,26.7,29.3,15,34.5,60,5,849,15.3
1996,74,25.6,24.2,,33.6,44.6,8,854,18.2
1997,74,27.1,24.6,10.7,34.6,29.4,,984.9,23.8
1998,74,23.3,24.5,18.6,14.7,48.5,36.7,732.2,10.2
1999,74,32.4,33.8,27.6,50.7,52.5,41.3,1635.9,25
2000,74,33.2,36.2,25,46.9,73,38.3,1100.7,25
2001,74,24.5,25.8,15.8,34.3,35,19.3,1039,15
2002,74,28.2,30.4,20,30.4,40,27.9,1041,22.6
2003,74,20.5,21.1,11.6,21,31.7,18.5,706,8.6
2004,74,39.4,37.3,,43,86.7,53.6,1739,24.1
2005,74,25.6,33.8,,43.6,,31,1464,20.1
2006,74,27.8,26,,40.8,42.8,23.5,1050,16.4
2007,74,21.7,24.1,10.6,22.9,21.9,25.1,791,13.1
2008,74,21.1,22.6,15,38.3,,20.8,934,16
2009,74,28,30.7,13.5,37.5,,27.4,1270,20
2010,74,36.9,33.5,25.9,42.9,62.4,30.3,1781,25.7
2011,74,31.3,34.1,27.2,30.2,,28.7,1655,21.2
2012,74,27,34,20.7,31.5,,29.6,1480,21.9
2013,74,36.3,43.4,33.5,36.4,,38.3,1921,30.4
2014,74,36.21,35.79,26.87,44.46,40.01,34.2,1252.41,23.84
2015,74,33.01,35.07,35.17,,62.47,30.6,1232.76,25.6
2016,74,22.2,50.6,42.3,78.3,,32.4,1240,31.1
2017,74,23.99,30.48,24.66,36.56,,18.5,943.04,11.33
2018,74,24,27.7,24.7,7,,18.5,750,11
2019,74,47,44.6,34,46,,27.1,1259,18.9
2020,74,20.2,35.5,21.8,41.8,,24.3,1206,20
2021,74,5.1,3.3,5.2,6.8,,7.6,236,2.2
2022,74,18.9,18.8,12.3,24.6,,15.1,772.7,7.3
2023,74,18.6,11.3,12.3,15.3,,11.4,518.9,4.6
2024,74,25.5,17.9,14.2,31.4,,14.5,706,11.7
2025,74,14,18.1,30.1,37.3,,14.1,1075,16
1990,75,29.9,31.9,,40,55,,,18
1991,75,30.8,33.9,,45,67,,,
1992,75,23.6,22.7,,45.4,75,,1000,14
1993,75,30.6,30.8,28,60,72.6,30,1021,28
1994,75,25.8,25.9,18,48,65,,887,20
1995,75,25.1,22.2,16,40,38.5,,1150,18
1996,75,24.9,25.9,15,42,44.8,,1017,15
1997,75,27.1,28.9,17.2,40,45.5,29.4,1106.4,20
1998,75,19.3,24.1,13.5,32.9,47,18.1,1042.4,17.5
1999,75,30.8,30,27.2,50.7,56.9,36.2,1429.4,24.4
2000,75,33.6,34.1,21.6,41.8,65.8,39.8,1374,25
2001,75,17.9,19.4,11.6,27.6,42.1,12.5,932,8.5
2002,75,25.9,30.9,21.6,44.5,79.5,20.6,896,16.8
2003,75,21.1,21.8,9.9,28.3,31,17.4,719,12.6
2004,75,35,40.2,33,52.6,66.8,48.8,1930,26.4
2005,75,24.2,23.6,14.5,30.3,44.5,21.9,1023,11.5
2006,75,19.7,18.9,13.9,26.9,31.2,21,670,12.2
2007,75,17.6,14.5,11.4,15.2,23,17.5,461,9
2008,75,21.9,18.7,14,25.9,25.8,18.8,829,12.7
2009,75,29.7,25.9,14,33.3,33,25.2,1182,15
2010,75,33.3,34,32.5,51.7,63.4,32.5,1526,20.4
2011,75,36.1,37.2,30.3,27.5,48.3,38.5,1604,25.1
2012,75,28.1,31.3,23.7,30.9,70,25.3,1258,16.8
2013,75,41.5,42.1,31.6,55.7,65.5,43.8,1781,24.1
2014,75,30.54,33.89,29.74,31.05,70,32.4,1331.74,18.29
2015,75,37.3,37.68,38.25,61.15,56,36,1642.5,22.29
2016,75,49.5,53.3,48.3,70.3,85,35.4,1196,27.2
2017,75,25.06,28.48,19.88,40,50,20.2,1044.92,14.62
2018,75,26,25.1,24,48,60,23,944,16
2019,75,40.3,42.6,33.7,46.9,80,40.8,1437,18.2
2020,75,27.5,34.3,27.6,36.5,50,26.6,1128,16.1
2021,75,6.2,3.5,7.4,8,10,8.6,217,4.4
2022,75,10.8,17.1,14.6,19.2,30,16.4,595.2,10.3
2023,75,7.2,8.6,12.2,7.9,6,15.7,383.7,6.5
2024,75,19.6,19.5,13.7,28.5,40,22.9,688,9.6
2025,75,18.7,18.1,30.4,18.2,20,23.1,947,23.7
1990,76,29,28.7,,36,44,,,16.7
1991,76,26.6,30.8,,45.7,63,,,21
1992,76,28,27.5,,35,70,,,14
1993,76,26.8,32.3,,41.7,80.1,48.8,556,25.3
1994,76,27,26.7,17.8,37.3,54.2,19,770,20
1995,76,28.2,28,17.2,46.1,55,13.3,1205,20
1996,76,24.9,26.3,,37,41.2,18,800,
1997,76,27,27.7,18,31.8,38.6,19.9,1128.6,
1998,76,27.6,24,15.9,48,58.1,20.6,906.1,
1999,76,29.8,28.7,19.5,43.2,57.8,25.3,1116.2,22
2000,76,29.2,31.1,23.2,49.7,66.8,24.2,1114.1,20
2001,76,16,16.3,10,27.3,27.3,11.1,582,9.3
2002,76,24.8,26.7,15,31.2,45.7,14.8,674,
2003,76,19.4,19.5,10,27.2,35,21.4,563,9.8
2004,76,34.5,37.3,27.5,53.2,52.7,47.6,1447,23.3
2005,76,22.3,29.3,20,41.3,,18.6,953,16.8
2006,76,11.6,12.3,17,22.5,23.5,12.8,343,7.7
2007,76,13.2,15.6,10.7,24.1,21.7,15.3,550,8.7
2008,76,21.7,21.2,15,36.8,29.1,23.1,1008,15
2009,76,26.4,25.8,15,41.4,,22.4,1200,15
2010,76,37.3,34.5,,51.8,58.5,33.7,1785,23.5
2011,76,30.1,32.3,33.3,43.3,55.2,33.1,1297,20
2012,76,31.1,31.2,25,45.1,65,33.5,1560,19.4
2013,76,44.5,49.5,50,65.8,66.5,49.1,1956,26.2
2014,76,42.8,36.85,33.5,50.87,32.76,34.1,1348.99,19.19
2015,76,31.82,43.79,42.17,56.16,29.59,35.4,1471.07,24.86
2016,76,49.4,41.8,46.1,59,44.5,38.7,1423,26.4
2017,76,22.38,20.44,18.39,21.68,22.97,16.7,846.53,13.39
2018,76,23.5,20.4,15,21.5,25,16.7,800,15.5
2019,76,55.2,45.7,,56.2,,35.9,1404,27.7
2020,76,40.6,37.5,30.6,52.6,,33.5,1257,17.9
2021,76,8.9,4.7,7.3,1.5,,7.4,231,3.4
2022,76,19.6,17.7,9,18.9,14.7,16.1,455,4.7
2023,76,15.4,15.3,13.8,18.4,11,18.4,361.7,
2024,76,22.9,27.2,14.3,47.4,,24.5,670,7.2
2025,76,24.9,22.4,36,27,12.8,18,1234,
1990,77,29.5,31.4,,35,45,,,13.7
1991,77,30.5,35.9,,45,38.7,,,10
1992,77,25,34.7,,30.7,80,,,14.5
1993,77,27.9,31.8,,47.9,71.1,,600,19
1994,77,28,27.1,,38.9,55.7,,,17.7
1995,77,32.3,34.2,18,43.5,54.9,21.6,,26.5
1996,77,29.6,26.9,11.4,32,48.4,10,,15
1997,77,29.4,29.9,,45.1,62.5,23.1,,
1998,77,26.7,31.5,,45.5,41,23.6,868.9,
1999,77,29.8,31.1,25.4,43.8,52.6,27.3,944.9,15.2
2000,77,30.9,34.4,,41.6,54.5,32.4,997.6,14.1
2001,77,23,24.5,,28.5,42.4,9.6,645,8.3
2002,77,27.3,30.3,13.1,33.1,46,25.6,910,11.7
2003,77,22.4,26.3,,30.7,31,21.2,,8.6
2004,77,28.3,40.3,31.7,48.1,67.2,43.6,1117,16
2005,77,30.5,35.5,34.8,38.7,47.7,34,1202,19.1
2006,77,16.8,17.1,,21.9,18.6,12.8,135,8.2
2007,77,17.4,20.9,,25.8,34.4,19.3,,9.9
2008,77,24.7,27.4,,32.2,37.6,30.1,,12.7
2009,77,26.5,30.6,,44.3,,26.7,,15.7
2010,77,27.4,34.3,29,36.9,45.6,34.4,1341,
2011,77,27.8,34.6,26.4,36.6,,30.9,1213,20.7
2012,77,28.9,32.5,25.3,33.3,45,34,1130,18.5
2013,77,38.8,49.2,38.6,45,58.6,41.3,1831,24.3
2014,77,36.73,38.64,31.45,75,38,32.4,1522.27,20.78
2015,77,34.95,37.28,36.87,39.05,27.86,29.3,1457.98,24.82
2016,77,21.9,51,41.8,34.9,69.8,37.3,1717,
2017,77,,22.29,20.62,17.59,32,13.2,967.5,13.74
2018,77,,22.3,20.6,,,16.1,781,
2019,77,47.4,46.9,35.5,70,80,37.4,1567,26.5
2020,77,33.8,36.1,27.7,48.7,50,31.8,1286,22
2021,77,8,7.8,5.9,9.5,,12.1,553,3.4
2022,77,16.7,13.9,7,18.6,,14.4,537.3,4
2023,77,15,11.8,8.8,9.6,,11.7,416.8,
2024,77,35.9,28.2,26.1,35.3,,19.2,987,
2025,77,,31.8,33.8,41.4,,26.6,1778,24.6
1990,78,31,29.5,20,52.7,58,,,18
1991,78,32.3,32.7,18,45.1,44.3,,,13
1992,78,30.5,24.3,,42.7,51,,,13
1993,78,29.2,32.4,25,53.5,91.9,40,,20
1994,78,25.8,30.7,18,45,40,10,1200,15
1995,78,26,36,18,44.5,60,30.9,1200,18
1996,78,28.2,30.4,21,41.4,55,6,560,11
1997,78,25.1,34.6,16.6,42,44.4,25,900,
1998,78,28.5,36.6,18.6,41.1,67.5,26.1,1015,
1999,78,31.5,34.3,20.3,43.7,50.5,35.2,858.4,
2000,78,31.6,34.9,23.2,47,81.4,25.1,1125,
2001,78,21,25.9,,35.7,49,15.8,649,
2002,78,24.5,29.6,17.8,35,58.2,27.2,968,
2003,78,24.3,27.7,13.9,34.7,55.7,23.9,736,12.9
2004,78,35.6,39.7,26.3,60.6,76.4,44,1480,25
2005,78,30,36.1,22.2,48.7,48,36.8,1305,20
2006,78,19.9,20.9,8,29.3,23.7,11.3,402,12.4
2007,78,22,27,13,31.5,33,25.4,999,16
2008,78,27.6,30.4,12.5,47,44,27.2,962,20
2009,78,31.7,36.4,23.5,45.2,63.3,28.2,1141,30
2010,78,36.1,39.1,,46.2,76.6,30.8,1611,
2011,78,29.5,34.8,22.4,48.6,48,21.5,1168,22.2
2012,78,31.7,38.8,22.2,47.6,60,30.7,1483,26
2013,78,39.2,45.1,37.9,47.9,95,36.4,2004,35
2014,78,26.39,40.35,27.37,52.04,,32.3,1601.88,
2015,78,23.37,39.05,33.38,51.42,,26.9,1601.04,17.06
2016,78,40.5,56.7,51.6,52.5,,41.4,1923,38
2017,78,25,32.46,22.11,50,40,26.3,969.53,15
2018,78,,32.5,22.1,44,,26.3,968,5
2019,78,39.1,50.9,42.3,55.8,,40.9,1707,23.5
2020,78,,37.2,28.3,48,,34.8,1400,
2021,78,,18.3,16.5,20.7,,15,1219,
2022,78,,25.9,14.7,36.7,,24.5,741.1,
2023,78,18.9,16.4,14.2,18.2,20.1,16.3,596.2,5.7
2024,78,,37.1,23.6,51.7,,26,1222,
2025,78,,34.9,38.8,59.2,,23.2,1799,37.3
1990,79,26.1,26.1,20,35.7,43.5,,,12
1991,79,32.9,34.5,15,29.5,45.7,,,
1992,79,20,23.9,20,30,35,,,13
1993,79,25.4,24.2,22.2,45.6,50,,,
1994,79,23.1,22.7,16.8,35.6,52.1,,1080,
1995,79,32.8,32,16,50,70,,857,24
1996,79,24.9,25.6,14.9,35.4,40,18,625,
1997,79,26.3,26.4,14.2,35.3,56.3,23.9,875,
1998,79,26.7,30,23.3,47.7,72.6,30.1,525,
1999,79,30.9,30.6,23.2,44.8,61.4,45.3,,18.9
2000,79,31,34.3,31,50.9,61.5,45,906.1,22
2001,79,18.9,20.3,15.9,33.1,30.1,11.3,528,
2002,79,27.8,26.6,14.8,37.1,52.3,38.1,499,
2003,79,24.4,27.9,15.5,36.1,48,27.6,,
2004,79,34.6,42.2,28.9,49.9,56.8,48.9,2100,
2005,79,27.4,35.6,21.1,44.5,69.7,26.3,,20.5
2006,79,15.7,18.3,,29.1,,15.2,225,4.7
2007,79,25.7,20.2,19.5,34.5,41.6,27,1110,10
2008,79,25.4,25.8,,35.5,46.1,23.8,900,
2009,79,33.1,31.7,35.7,55.1,64.9,27.1,1091,
2010,79,28.7,39.4,22.7,48.8,55.5,27.5,1353,
2011,79,26.8,38.6,30.3,40.2,48.5,27.5,1557,12
2012,79,30.6,33.2,27.9,44.5,,29.8,1144,
2013,79,36.9,45.4,28.6,58.3,,35.1,1671,
2014,79,31.4,40.07,29.39,43.41,57.09,27.1,1327.57,
2015,79,27.49,40.64,31.56,42.51,47.08,29.5,1584.1,28.5
2016,79,23.7,48.9,48.7,57.4,73.2,35.1,1402,
2017,79,25.48,24.66,19.4,26.78,,16.1,877.85,23
2018,79,40,29.7,24.5,40.8,,24.7,1080,20
2019,79,39.7,45.5,34,52.4,,35.4,1448,25
2020,79,34.5,36,22.7,55.5,50,29.5,1336,18
2021,79,27.4,20.7,22.9,28.7,,23.3,998,
2022,79,23,28.1,17.5,34.2,,19.9,737.1,14.3
2023,79,22.1,18.6,16.7,27.7,25,17.4,671.4,8.5
2024,79,32,25.8,22.4,44.9,,24.1,1155,
2025,79,37.2,30.7,48.2,54.1,50,35.7,1806,29.9
1990,91,40.6,36,24.3,57.7,66,,,21.5
1991,91,32.2,32,30.5,49.9,54.8,,,23.7
1992,91,31,36,18.2,54.5,58,,,15
1993,91,25.8,,24.2,56.7,76.3,31,,22
1994,91,30.5,33.8,27.8,51.3,57,13.6,997,18.9
1995,91,32,30,16.8,48.1,52.2,15.4,,18.4
1996,91,34,32.1,26.8,57.5,58.5,30,,23.5
1997,91,25,24.7,21.6,46.3,55.8,21.5,,18.9
1998,91,28,30.2,21.3,53.1,61.5,30,,17.5
1999,91,26.9,17.5,23,41.2,44.2,32.7,,15.7
2000,91,35.4,36.2,23.3,54.9,57.2,33,,16.1
2001,91,31.3,30.8,21.8,52.1,58,29.5,,18
2002,91,30.3,,23.9,47,57.3,33.7,,17.7
2003,91,34.8,,23.5,55.3,58.2,19.8,,20.9
2004,91,32.5,,18.6,58.3,65.4,37,,10.1
2005,91,35,,28.6,44.8,45.7,25.3,,21.5
2006,91,36,,25.1,55.9,60.4,29.5,,19.9
2007,91,32.2,,20.7,43.3,49.7,35.9,,21.6
2008,91,46.8,,33.7,63.9,68.3,33.6,,22.9
2009,91,44.8,,33.1,57.6,67.5,34.2,,27.2
2010,91,34.1,,30,54.1,64.3,26.9,,19.8
2011,91,26.5,,17.4,48,38.4,,,
2012,91,39.4,,24,47.2,63.3,33.5,,17.5
2013,91,53.9,,39.5,76.8,86.5,33.1,,24.2
2014,91,27.87,,27.95,31.72,73.01,18.6,,15.98
2015,91,44.22,,35.24,60.65,77.81,54.9,,20.28
2016,91,49.3,,36.7,71.2,95.7,35.2,680,27.4
2017,91,54.25,,38.21,73.44,93.96,42.2,,21.18
2018,91,54,,38.9,70.3,70,40,,
2019,91,55.2,,41.8,86.9,93.2,47.1,,
2020,91,63.9,,45.9,88.4,85.3,60.8,,
2021,91,50.9,,33.1,62.8,63.4,33,,
2022,91,55.1,,40.8,69.9,102.9,43.1,,
2023,91,58.3,,43,74.5,61.1,41.4,,
2024,91,63.4,,38.5,90.1,103.5,46.6,,25.1
2025,91,70.6,,47.2,97.8,100,47.6,,36.1
1990,92,41.5,35,24,65.4,75,,,21.5
1991,92,30.1,36.2,28.5,54.3,55,,,18
1992,92,32.1,27,25.6,61.3,70.2,30,,24
1993,92,26.5,,24.9,57.2,79.9,19,,18.5
1994,92,32.6,25,18.7,50.4,68.5,25.4,1141,19.2
1995,92,32.3,29,15.3,46.2,57.3,33.6,800,20.5
1996,92,34.6,30.9,22.7,59.9,58.3,35.1,,28.6
1997,92,24.5,,20.7,46.3,52.4,28.1,,18.3
1998,92,31.9,35,25.5,56.5,56.5,27.4,,20.6
1999,92,32.1,,21.6,45.8,42.3,25,,19.2
2000,92,36.7,,31.7,64.7,69.2,30.3,,18.8
2001,92,33.1,,22.9,60.9,51,35.8,,21.1
2002,92,32.5,,30.4,66.5,72.8,29.1,,21.8
2003,92,37.7,,25.4,57.4,57.1,33,,20.8
2004,92,36,,16.6,64.8,62.6,32.5,,12.4
2005,92,42.8,,31.3,67.3,68.5,32,,22
2006,92,41.5,,31,60.9,58.7,,,22
2007,92,36.7,,22.4,54.7,60.5,,,22.7
2008,92,45.9,,36.5,70.9,85.4,,,25.9
2009,92,46.3,,39.9,66.6,68.3,40.3,,25.2
2010,92,40.1,,34.8,60,69.6,23.6,,15.1
2011,92,23,,15.3,37.5,,,,
2012,92,39,,23.3,46.1,63.6,,,17.5
2013,92,52.4,,35.4,85.3,75.7,47.5,,
2014,92,38.42,,25.4,47.34,67.8,21.8,,13.63
2015,92,40.8,,36.07,62.39,62.64,29.7,1920.21,24.49
2016,92,48.6,62.1,40.3,65.7,54.2,45.1,1032,16.1
2017,92,51.41,,40.66,63.07,68.85,49.7,1449.43,
2018,92,53.2,51,40.7,63.2,74,52,,
2019,92,58.9,,43.3,82.2,78.7,50.2,,23.4
2020,92,63.2,64.9,45.6,85,96.3,54.2,,32.9
2021,92,53.5,,37,65.2,69.8,43,,20.9
2022,92,50.7,51,37.5,67.6,88.2,22.9,610.7,30
2023,92,56.1,52.4,43.1,77.4,78.6,45.1,,24.8
2024,92,60.1,50.3,39.1,82.9,120.4,48.7,,
2025,92,71.6,,45.9,92,100,53.2,,
1990,93,42.4,35,27,65.8,74.3,,,20
1991,93,32.7,,30.2,49.6,56.3,,,18
1992,93,32.4,27,25.6,50.9,62,25,,19
1993,93,22.2,24,19.6,43,55.8,17.5,,
1994,93,29,30,19.4,47.3,58.7,25,,17.9
1995,93,31.9,30,17.6,55.7,55.6,21.9,,16.4
1996,93,35.4,26.7,22.8,56.3,74.6,30,,16
1997,93,28.6,,23.7,50,56.7,31.8,,17.4
1998,93,38.2,40.3,24.8,47.9,59.2,39.8,,16.5
1999,93,29.6,,21.9,46.8,44.4,23.3,,18.6
2000,93,43.3,,29,57.3,66.2,30.6,,17.3
2001,93,36.5,,24.9,49.4,57.6,,,13.6
2002,93,34.6,,24,45.3,52.5,,,21.3
2003,93,32.3,,20.4,50.3,61.3,,,20.9
2004,93,26.2,,15,51.9,70.4,,,8.7
2005,93,38.3,,26.9,59.8,73.9,,,18.7
2006,93,34.3,,28.4,58.6,58.5,25,,21.8
2007,93,28.5,,16,47,56,35,,16.3
2008,93,43.5,,35.7,67.7,68.8,40,,26.8
2009,93,52.3,,38.1,62.6,62.5,40,,29.2
2010,93,33.6,,28.2,43.3,68.2,35,,16
2011,93,32.7,,22.3,35,36,,,
2012,93,34.2,,18.6,35.2,54.6,,,
2013,93,49.8,,43.5,75,69,,,40.7
2014,93,37.97,,28.3,39.33,69.81,,,20.29
2015,93,41.29,,38.81,63.82,52.81,61.5,,22
2016,93,49.9,,39.3,68,79.1,,,25.5
2017,93,49.87,,37.93,79.48,71.59,,,38.44
2018,93,49.8,,40.5,78,80,,,30
2019,93,55.7,,42.4,75,74.4,36.4,,
2020,93,60.7,,45.1,77.9,119.6,,,38.8
2021,93,52.2,,33.3,72.1,69.4,41.2,,
2022,93,51.3,,42.8,65.2,106.3,28.7,,
2023,93,50.6,,43.2,66.9,62.9,,,
2024,93,63.8,,39.9,72.9,108.7,,,
2025,93,72.6,,49.4,85,146.2,,,
1990,94,29.4,34,25,55,57.5,,,17.5
1991,94,25.6,30,26.7,38.6,41.7,,,15
1992,94,19.4,30,17.2,40,29.6,,,12
1993,94,23.6,25,22.2,51.6,61.1,,,15
1994,94,25.7,30,15.6,41.4,52.9,45,,17.3
1995,94,28.4,30,10.8,41.9,55.1,21.4,,16
1996,94,34.7,30,23.5,53.3,67.4,35,,17.2
1997,94,23.3,23.8,15.2,44.6,43.4,13.1,,15.9
1998,94,25.8,36.5,22.1,37.6,57.4,14.8,,16.2
1999,94,24.4,10.9,15.7,32.5,38.7,,,16.9
2000,94,27.6,,26.9,39.2,54.9,,,13.6
2001,94,28.3,,16.9,,42.8,17.2,,23.8
2002,94,24.5,,,53.3,43.1,,,19.1
2003,94,27.6,,17,38.7,47.5,24.6,,14.9
2004,94,21.9,25,18,46,56.3,40.6,,9.6
2005,94,37.4,,29.1,57.8,64.3,18.6,,23.7
2006,94,34.2,,29.7,63.9,51.6,27.9,,19.4
2007,94,18.8,,28.2,66.2,58.9,,,10.5
2008,94,33.3,,36.6,62.6,68.2,38.7,,24.8
2009,94,38.8,35,31.7,54.8,68.6,37.5,,21.8
2010,94,28.6,49,22.4,34,54.7,21.7,,14.1
2011,94,20.4,,20.2,,40.6,,,
2012,94,31.7,,26.6,30,58.8,,,17.5
2013,94,50.5,26.4,37.1,89.6,81.4,37.5,,16.2
2014,94,34.92,,29.99,47.49,72.67,36,,14.36
2015,94,34.42,,26.07,50.04,62.06,37.1,,22.05
2016,94,42.7,,35.5,55.6,72.5,39.3,,23.4
2017,94,42.19,59.9,28.88,68.61,56.41,56.2,,25.37
2018,94,53,60,39.6,74,66.1,59.5,,35
2019,94,54.2,61,44.1,60.9,61.3,42.2,,32.4
2020,94,50.6,65,42.3,84.4,67.4,49,,25.4
2021,94,47.1,53.3,27.7,47.6,47.1,37,,28
2022,94,42.9,62.2,41.4,61.9,113.3,49.8,,
2023,94,44.3,39.1,34,59.9,,32.4,,24.2
2024,94,58,49,34.5,77.2,57.2,34.9,,
2025,94,62.9,63.4,42.6,81.5,69.8,50.6,,31.3
1990,95,33.4,38,15.5,43,63,,,20
1991,95,31.1,35.2,20.1,32.3,50,,,18
1992,95,28.8,30,25.3,35.7,65,25,,15
1993,95,27.1,25,24.7,45.2,65,22,550,24.2
1994,95,27.4,25,22.3,41.4,46.8,30.2,,20.2
1995,95,27.9,31.6,14,44.7,40.8,33.4,,20.8
1996,95,28.7,26.8,23.3,42.5,51.4,34.1,1500,25.9
1997,95,22.5,23.4,19.1,46.6,48.4,30.3,1223.2,19.8
1998,95,29,28.1,22.3,35.9,54.6,40.4,1294.5,19.4
1999,95,30.4,30.9,24.7,51.7,57.1,38.4,1232.4,24.9
2000,95,32.7,40.6,26.5,49.6,55.5,35.8,1269.7,19
2001,95,32.2,32,23.8,46.3,52.1,37.1,931,22.3
2002,95,28.4,29.2,20.7,48.9,60.3,29.8,1200,22.9
2003,95,22.9,27.4,19,44,46.3,30.1,,17
2004,95,26.1,25.8,16.2,50.2,51.5,34.4,840,8
2005,95,35.3,32.2,28.6,51.7,64.5,29,,23
2006,95,40.5,39.1,29.7,51.9,56.5,31.2,,24.3
2007,95,31.3,34.2,26.4,54.7,58.7,34.4,,22.4
2008,95,39.9,35.7,36.5,72.9,67.2,41.4,,26.9
2009,95,40.1,39.6,34.6,61,62.9,41.2,,26.3
2010,95,37.9,38.2,31.9,45.6,73.6,28.6,1150,20
2011,95,33.1,28,23.8,22.6,36.9,22.3,,11.7
2012,95,38.2,48,22.2,41.9,62.9,32,,24.4
2013,95,55.3,47,40.3,76.7,66.7,38.4,713,29.1
2014,95,36.82,46.3,29.39,57.21,69.29,29.3,626.11,20.35
2015,95,38.49,39.81,37.53,63.53,61.8,32.2,,23.44
2016,95,46.5,52.6,40.1,80.2,77.1,38.3,1559,27.9
2017,95,47.09,47.56,31.97,61.96,79.04,38.3,1777.07,20.7
2018,95,50.5,60,37,71,79,42.6,2411,23.8
2019,95,56.6,54.7,42.4,74.7,83.9,45.7,2575,26.1
2020,95,49.3,49.6,41.1,74.1,77,41.9,2033,25.1
2021,95,44,35.2,27.5,58.8,62.3,32.8,1667,16.7
2022,95,52.1,50.7,41.7,62.3,74.2,42,1527.8,30.5
2023,95,32.1,32.9,29.2,44.7,51.6,26.3,1102.5,13.3
2024,95,41.4,47.2,28.8,74.8,69.6,34.8,1255,21.6
2025,95,62.2,66.2,44.5,84.5,102.6,51.7,2004,38.4
1990,96,32.3,27.7,16,37.2,55,,,21.5
1991,96,24.3,26,29.5,30.4,43,,,16.8
1992,96,29.2,33.2,27.3,43.7,56.7,,1320,17
1993,96,26.8,30.5,23.8,39.3,53.9,21.7,901,23.3
1994,96,26.1,24.2,24.2,31.8,43.6,22.5,1191,19.6
1995,96,24.5,22.3,16.3,43.9,55.9,26.2,1207,17.7
1996,96,27.9,29.5,20.8,39.4,61.6,30.4,1380,27.7
1997,96,15.8,15.8,14.3,35.4,35.1,17.3,828.8,12.8
1998,96,19.5,21.2,17.9,41.1,52.4,27.8,1035.1,15.1
1999,96,27,25.7,22.7,36.8,48.8,32.3,1409.6,18.9
2000,96,27.2,32.7,25.9,51,65.9,32.5,1160.7,15.4
2001,96,27.1,26.5,24.2,41,57.3,31.2,838,21.6
2002,96,26.2,25.5,18.3,41.2,45.5,28.1,852,14.2
2003,96,18.5,24.6,13.4,26.8,36.8,24,793,14
2004,96,21,16.3,24.5,32.3,47.3,35.8,873,7.8
2005,96,30.7,41.3,31.5,47.7,58.4,23,1350,24.7
2006,96,32.2,42.9,28.3,40.8,48.3,36.4,1008,20.7
2007,96,29,33.9,21.4,43.1,53.5,36.5,1211,18.1
2008,96,34.6,47.7,36.5,46.6,46.1,34.3,1365,23.6
2009,96,47.8,47,35.1,57.8,77.2,36.9,1496,22.6
2010,96,34.1,37.7,30.6,41.2,48.6,31.3,892,14
2011,96,17.2,26.8,17.6,,,8.7,310,15.3
2012,96,31.8,37.2,24.4,35.2,50.9,32.9,1203,21.4
2013,96,47,60.4,40.6,59.3,47.3,40.4,1448,29.3
2014,96,37.38,46.76,29.37,30.72,41.41,18.9,842.68,21.84
2015,96,33.7,42.23,32.58,59.7,74.65,33.2,1827.13,20.66
2016,96,37.6,53.1,37.9,73.5,65,38.5,1202,25.5
2017,96,42.34,42.55,31.44,53.76,58.56,34.7,1354.87,18.57
2018,96,55.1,56.3,41.8,74.5,80,43.5,1876,25.2
2019,96,56.1,56.4,43.3,56.4,88.5,36.7,1316,22.3
2020,96,51.1,50.5,40.8,60.5,81.8,46.4,1764,27.2
2021,96,42.3,37.7,26.1,36.2,42.7,30.1,1362,15.2
2022,96,51.2,60.5,42.9,66.2,87.7,39.4,1494.3,31
2023,96,44.8,38.6,29.2,42.8,,33.6,1536.2,18
2024,96,44.9,48.1,30.9,42.3,90.1,36.9,1125,21.6
2025,96,62.3,64.7,47.2,61.6,143.5,53.5,1836,27.4
1990,97,31.7,31.4,,48.3,60,,,20.7
1991,97,21.2,21.3,,30,50,,,13.9
1992,97,38.3,38.5,30,53.5,61.6,17,480,18
1993,97,31,36,29.5,45.2,61.3,20,1194,21.6
1994,97,22.2,28.9,18.2,33.1,70,18.3,1059,17.5
1995,97,21.5,26.3,14.9,37,40,25,883,20
1996,97,30,30.4,20.1,44.9,52.8,22.5,1235,19.1
1997,97,14.2,15.7,8.5,28.5,27.7,17.1,788.8,12.4
1998,97,19.9,24,14.1,37.9,46.1,28.8,1081.3,15.9
1999,97,26.2,27.1,22.2,34.6,35.5,29.6,1265.1,16
2000,97,20.5,25.5,21.1,28.8,33.7,24.8,656.4,15.9
2001,97,23.8,26,17.8,38.6,46.2,28.2,691,16.1
2002,97,24.8,27.5,16.7,42.3,39.5,22.6,799,14.9
2003,97,16,19.3,10.1,27.1,24.2,14.7,802,10.5
2004,97,27.2,25.7,22.1,31.9,51,28.9,820,12.3
2005,97,31.8,36.3,25.2,59.6,46.7,28,960,19.4
2006,97,25.2,32.3,23.2,31.4,43.1,24.3,1156,19
2007,97,23.4,30.3,24.1,37.1,46.8,29.8,1653,18.1
2008,97,27.1,31.5,31,42.7,65,32.8,1647,19.1
2009,97,33.8,39.9,36.4,62.4,80,49,1527,28.2
2010,97,29,38,29.2,29.1,56.6,17.7,967,14.8
2011,97,19.9,19.2,14,15.5,15.7,13.1,429,8.7
2012,97,30.8,35.5,27.1,52.9,53.9,33.4,1051,24.2
2013,97,43.1,52.4,37.6,55.5,49.3,43.1,1449,19.2
2014,97,34.95,41.39,32.25,39.5,78.96,32.2,850.11,23.53
2015,97,33.6,31.65,38.06,48.64,68.57,36.4,1192.2,21.67
2016,97,40.3,44.6,41.2,65.8,112.8,50.5,1631,28.9
2017,97,33.59,37.04,28.3,31.7,52.42,26.4,1026.21,21.31
2018,97,40,42.7,42.9,69.5,64.5,46,1536,25.1
2019,97,42.4,71.8,33.6,52.4,69.9,51.8,1433,17.9
2020,97,39.7,45.6,39.2,51.1,70.8,33.4,1461,27.7
2021,97,35.1,42.8,29.1,40.6,55.6,30.3,1320,16.4
2022,97,48.2,62.4,40,70.7,89.7,35.9,1237,28.2
2023,97,37.3,41.4,31.6,48.1,71.6,33.3,1492,16.4
2024,97,36.8,34.8,21.1,56.9,55.1,30.8,1167,12
2025,97,57.3,61,46.2,74.1,105.4,44.3,2087,26.1
1990,98,38.4,42.4,,50,55,,,20
1991,98,25,29.4,,40,45,,,22.5
1992,98,32.4,28.9,,75,120,28,1140,18
1993,98,27.1,30.5,,47.3,64,28.9,1014,22
1994,98,22.6,28.9,23.2,30.4,62.2,28.2,1221,19
1995,98,29.5,29,10.2,28.5,46.8,13.6,1283,19.5
1996,98,30.3,34,17.5,58.4,66,28.4,1070,20.4
1997,98,22.5,22.7,20.8,33.2,48.1,18.5,1017.4,15.5
1998,98,21.2,27,17,41.5,56.3,32.8,1092.3,16.7
1999,98,21.1,26.8,20.3,35.6,59.3,18.9,1107.7,14.2
2000,98,21.5,26.9,25.1,38.8,49,35.6,863.5,14
2001,98,26.7,32.8,23.6,46.7,60.8,29.2,1444,19.9
2002,98,29.4,32,21.3,44.8,69.1,23.2,1071,17.5
2003,98,22.5,24.6,12.9,26.6,32.5,16.3,801,18.2
2004,98,30.2,25.4,26.9,56.4,65,41.6,987,12.2
2005,98,41.5,41.7,36,61.5,68.2,28.4,1192,22.6
2006,98,30.9,29.5,24.4,50.6,36.4,28,1082,21.6
2007,98,33.5,30,26.6,,,31.7,1280,15.2
2008,98,36.1,33.7,22.9,,105.7,25,1741,20.3
2009,98,40.6,43,40.5,,,,1696,26.9
2010,98,32.2,33.2,31.6,46,32.1,17.7,1014,16.9
2011,98,21.7,24.1,13.2,53.2,,17.4,406,24.1
2012,98,29.7,35.5,31.3,41,,41.5,1263,21.5
2013,98,58.5,58.7,42.1,63.7,70,47.2,1583,25.7
2014,98,51.89,53.47,40.94,63.93,51.55,35.4,1261.33,24.42
2015,98,35.72,43.37,37.4,72.53,102.78,37.4,1526.08,21.99
2016,98,49.6,56.1,46.3,72,121.8,40.3,1515,39.6
2017,98,39.07,35.36,26.61,56.94,46.78,22.5,1128.32,20.53
2018,98,65,44.5,37.3,,133,46,1582,23.3
2019,98,40.5,48.2,33.9,69.1,52.3,,1261,24.9
2020,98,55.8,57.7,44.3,82.7,83.1,39.2,1675,30
2021,98,43.5,44,30.3,33.2,83.5,20.1,1285,11.3
2022,98,49.7,67.6,49,63.1,119.4,38.8,955.9,28
2023,98,41.3,47.1,32.1,76.7,60.8,25.7,1598.8,16.4
2024,98,39.7,41.9,23.4,31.9,69.7,18.5,1303,5
2025,98,62.7,73,53.8,73.4,92.6,51.7,2249,40.2
1990,99,37.7,37.6,,45,58.4,,,25
1991,99,25.8,29,,40,33.2,,,17
1992,99,37.9,39.5,,69.2,42.5,,1500,16.5
1993,99,30.7,30.9,,56.3,80.7,39.7,956,20
1994,99,25.8,28.8,19.2,44.7,40,23,980,21.6
1995,99,25.7,33,15.9,45.8,34.5,16.2,1264,18.5
1996,99,32.6,34.5,22.5,44.6,48.7,25.6,1586,18.6
1997,99,22.7,24.1,10.8,43.4,40.2,19.8,1034.2,18.7
1998,99,21.1,24.5,17.4,33,51.3,34.5,1230.7,19.6
1999,99,21.5,20,16.3,34.1,55.5,17.5,1036.6,17.9
2000,99,19.8,23.7,18.4,34.6,52,34.2,990.2,16.3
2001,99,22.9,26,18.9,41.5,71,24.9,988,14.9
2002,99,24.8,26.1,15,34.9,54.8,22.5,898,15.5
2003,99,15.2,17.9,3,25.1,26.7,9.9,624,9.6
2004,99,25.1,25.2,16.4,42.6,43.7,39.7,912,12.2
2005,99,28.9,34.7,26.5,44.4,67.1,30.1,1167,23.8
2006,99,25,27.9,17.5,39,47.3,27.9,1213,19.5
2007,99,23.3,27,18.9,44.2,53.9,29.8,1260,14.9
2008,99,21.7,25.3,20,37.3,40.5,29.6,1167,16.3
2009,99,28.3,41.2,39.9,44.1,60.9,30.1,1592,21.5
2010,99,21.7,35.5,35.7,37.9,51.8,23.4,1105,18
2011,99,12.5,27.2,21.3,11.5,35.9,9.2,419,15
2012,99,37.8,34.1,32.6,32,,28.9,1642,32.1
2013,99,23.3,47,41.9,51.1,72.2,35.2,1579,27.2
2014,99,32.2,49.57,45.08,31.91,83.84,24.3,1374.82,18.38
2015,99,13.4,35.84,40.25,14.3,30.78,20.2,1365.53,14.89
2016,99,,55.3,48.4,32.4,32.4,24.8,1562,33.9
2017,99,19.22,29.78,27.03,15.46,,17.3,957.64,15.57
2018,99,26,32.1,39,20.4,,20.1,964,24
2019,99,32.4,43.3,36.4,67.1,46.7,28.4,1294,18.9
2020,99,37.7,52,45.8,72.7,,35.7,1887,25.1
2021,99,18.3,33.6,26.4,36.1,17.1,14.6,939,13.6
2022,99,26.7,57.9,47.1,46.5,66.7,22.4,1092.5,18.9
2023,99,,39,31.9,29.4,54.7,20.5,1467.9,
2024,99,22.8,44.8,31.3,43.8,,13.8,1309,
2025,99,28.7,57.4,47.8,33.5,,30.4,2543,24.7
1990,100,38.2,42.8,,56.3,60,,,27
1991,100,32.6,33.6,,46.9,50,,,16
1992,100,33,33.1,,60,36.8,16.7,500,15
1993,100,29.6,34.6,32,44.4,61.9,34.7,1000,20
1994,100,22.5,29.3,20,32.4,32,37.4,256,17.2
1995,100,25,25.7,25.7,47.3,47.6,27.7,1308,22.8
1996,100,34.6,35.2,23.9,52.1,55.4,36.5,1788,
1997,100,23.7,28.6,15.5,44.4,44.4,23.3,1036.3,
1998,100,21.4,27.8,18.5,25.5,52.7,22.9,1093.7,18.6
1999,100,27.1,34.9,21.5,39,57.3,24,1534.7,20.6
2000,100,21.6,31.5,21.9,39.7,36.1,28.9,1091.6,13.6
2001,100,22.4,23.5,18.9,37.5,31.1,21.8,865,17.4
2002,100,20.5,24.1,12.1,31,36.8,14.9,1014,18.1
2003,100,14.7,19.4,6.5,21.2,16,17,494,8.6
2004,100,26.6,31.3,25.7,36.2,55.9,31.5,1574,21.8
2005,100,28.7,38.3,28.3,43.9,34.3,31.3,1143,17.1
2006,100,23.4,32.7,22.8,31.6,33.6,31.5,1260,15.8
2007,100,20.4,22.6,19,26.7,29.9,22.2,1100,13.1
2008,100,23.3,26.5,23.4,34.1,,30.1,1529,11.3
2009,100,,33.6,,,,30.1,1480,17.7
2010,100,30.5,35,26.8,42,50.1,29.4,1438,21.5
2011,100,23.4,28.2,26.4,38.7,,18.5,930,17.9
2012,100,26,36.1,32,34.4,,32,1246,17.5
2013,100,29.9,49.3,42.7,42.9,94.3,32.9,1477,23
2014,100,21.71,38.07,35.07,25.58,72.75,27.5,1116.17,20.87
2015,100,16.97,21.85,24.95,33.65,30.4,20.7,1263.29,22.93
2016,100,31.3,44.2,44.3,52.4,73.5,35.1,1044,34
2017,100,35.55,29.85,29.08,48.06,,20.6,1270.15,13.65
2018,100,25,29.8,33.5,44,24,25,1160,12
2019,100,36.3,50,42.1,66.7,80.9,29.4,941,32.5
2020,100,43.8,54.5,41.2,60.5,,34.1,1426,31
2021,100,32.8,34.2,28.5,48.9,50,21.6,1331,22.2
2022,100,70,55.5,46,68.7,73.9,27.9,1325,31.7
2023,100,52.9,42.8,31.1,56.6,60,27,1091.3,24.1
2024,100,52.3,46,34.9,66.9,100,28,1227,20.8
2025,100,46,47.9,42.7,56.1,90,39.7,1921,24.6
1990,101,33.3,32.6,,44.6,60,,,22
1991,101,26.7,27.9,,27.8,44.8,,,
1992,101,28.9,30,,36.3,42,,,15
1993,101,26.6,28.6,,40,37.9,,,15
1994,101,20,24,,30,31.1,,,
1995,101,26.1,24.7,,32.6,41.5,,,12
1996,101,31.3,30.9,20,41.5,48.5,20,,
1997,101,22,24.6,16.3,28.3,30.7,17.1,550,10
1998,101,22.7,25.2,16.3,30,33.7,32,,18.2
1999,101,30.9,29.8,22,34.5,,31.5,1370.3,19.4
2000,101,24.3,25.9,,23.6,47.9,34.3,1331.3,17.7
2001,101,19.4,19.2,,35,35.4,14.5,751,8.6
2002,101,19.4,21,,29.5,46.2,17,636,9.6
2003,101,18.5,17.1,7,18.4,12.4,19.1,,
2004,101,36.1,32.1,30,36.9,56.8,48.9,,7.3
2005,101,27.2,30.9,,40.9,50.2,32.2,,17.5
2006,101,20.1,24.5,14,30.3,35.6,23,850,17.4
2007,101,17.3,22.5,15.3,18.1,32.6,22.1,628,15
2008,101,19.9,24.4,26.1,30.3,,25,1030,15
2009,101,25.9,35.1,31.5,38,37.3,32.2,1252,17.5
2010,101,28.4,32,26.2,42.6,28.9,24.6,1353,13
2011,101,22.3,29.2,24.2,32.7,50.2,23.9,995,15.5
2012,101,27.1,28.3,23.4,43.9,43.2,25.6,1101,17.9
2013,101,30,41.3,36.7,55.6,41.6,39.8,1406,19
2014,101,25.09,33.77,29.03,41.55,38.72,25.4,993.5,18.34
2015,101,19.54,23.93,23.98,32.76,34.46,20.6,802.27,13.01
2016,101,27.9,52,40.6,50.8,43.9,35.4,1420,22.4
2017,101,15.1,26.2,23.55,20.33,,14.5,1054.69,14.99
2018,101,21,30.7,28.5,31,36,29,1358,
2019,101,26.7,44.2,33.2,31.6,33,31.3,1047,18.5
2020,101,30.7,47.5,28.9,49.9,38.8,17.4,1678,16.2
2021,101,26.8,35.6,24.2,26.8,13.7,30.6,1111,16.1
2022,101,25.6,42.9,34.3,48.6,,33.8,1546.6,24.9
2023,101,,28.3,24.9,15.4,,29.9,1069.3,
2024,101,,34.9,27,42.9,,12.7,1159,
2025,101,,38.1,36.8,38.3,,31.3,1852,29.5
1990,102,36.9,40.4,,47,50,,,25
1991,102,27.7,34.8,,42.5,45,,,
1992,102,33.6,34.3,,26.2,50,,,15
1993,102,30.5,32,,51,61.2,,480,
1994,102,27.5,29.4,,30,30,10,500,20
1995,102,29.1,33.4,,45,45,,1200,16
1996,102,29.8,37.3,,40,48.1,,1200,10.4
1997,102,24.9,24.7,,48.2,40,19.8,912.8,7.5
1998,102,22.9,27.5,20.4,37.4,40.3,32.9,998,15
1999,102,34.9,45,29.4,58.5,52.4,49.5,1710.9,19
2000,102,27.9,37,28.1,55.6,47.1,42,1637,24.8
2001,102,21.9,24.6,23.5,36.7,30,21.3,977,12.6
2002,102,27.7,29.9,16,39.5,42.3,29.1,540,12.5
2003,102,12,18.9,8.2,25,32,16.3,420,9
2004,102,31.6,37.8,35,49,53.6,37,1150,17.6
2005,102,27.4,27.9,28,41.2,25.6,29.7,1056,18.9
2006,102,26.2,28.3,15.7,43.9,36.5,21.8,870,20.3
2007,102,22.5,25.8,19.1,36.8,31.7,27.9,902,13.1
2008,102,27,29.4,20.8,44.3,38,28.5,925,19.5
2009,102,30.2,37.5,32.5,48.6,,33.8,1847,28.3
2010,102,32.7,36.9,34.3,54.5,48,25.2,1478,23.9
2011,102,28.5,42.2,34.1,44.3,50,22.7,1251,24.7
2012,102,27.1,41.2,32.3,44.7,,26.3,1414,24.9
2013,102,61.5,51.8,45.7,66.5,52,34.6,1598,32.7
2014,102,30.76,38.82,42.17,74.96,67.11,30.3,1221.95,20.81
2015,102,32.9,34.46,39.37,47.92,,29.1,1140.25,24.27
2016,102,22.6,45.4,48.4,75.8,70,36.9,1269,25.1
2017,102,15.07,29.32,21.89,,,14.8,1235.2,11.4
2018,102,25,36,35,65,,27,963,20
2019,102,50.2,50,37.6,69.9,,29.1,1102,27
2020,102,30.9,52.1,35.7,65.8,,30.9,1722,20.6
2021,102,35.3,30.5,23.2,42.5,,25,1446,14
2022,102,45.7,39.6,32.2,63.1,,29.4,1420.8,18.3
2023,102,29.2,23.7,20.9,44.8,,29.7,865.1,
2024,102,,30,19.7,67,,18.5,924,
2025,102,34.9,36.3,29.3,43.7,,27.8,1956,26.9
1990,103,35.9,39.3,,54.3,60,,,25
1991,103,32,34.8,,45.5,50,,,12
1992,103,30.7,26.2,,50.5,80,,,15
1993,103,31.1,37.2,,61.2,77,,,25
1994,103,25.4,30.6,22.2,30.9,45,,606,20
1995,103,25.2,25.6,22.2,41.8,55,,1002,23
1996,103,33.9,31.2,,33.5,38.3,14,1314,
1997,103,22.5,22.2,14,25,60,17.3,679.4,18
1998,103,22.7,26.3,20,31.8,46.8,28.9,850,15
1999,103,30.8,39.5,25.5,57.2,61.4,41.8,1827.6,30
2000,103,24.8,31.4,20,41.4,47.5,32.5,1374.4,12
2001,103,23.2,24,25,50.6,,22.1,1491,
2002,103,24.7,30.3,18,49.3,,23.3,1066,
2003,103,16.6,18.8,11.1,24.2,20,16.9,651,9.2
2004,103,35.2,36.5,27.5,51.9,49.8,48.8,1209,21.4
2005,103,30.4,36.4,20.7,55.4,,35.1,1107,19.6
2006,103,29.1,31.9,22.4,42.7,52.3,28.4,1387,18.6
2007,103,26.9,25.8,18.7,40.5,49,24.4,877,
2008,103,29.9,34,28.2,40.2,,33,1281,14
2009,103,33.9,35.7,28.2,44.1,,33.2,1604,
2010,103,34.4,36.4,32.3,41.8,53.3,29.2,1472,28.1
2011,103,32.7,36.6,30.2,46.8,58.3,30.8,1329,19.4
2012,103,19.9,36.3,28.4,41.7,46.9,29.3,1520,22
2013,103,36.1,55.5,40.5,58.9,40.8,40.1,1719,30.3
2014,103,39.49,47.25,41.15,62.07,,34.7,1709.33,25.86
2015,103,27.11,39.46,38.11,32.66,43.51,28,1388.6,16.97
2016,103,44.9,53.6,44.4,53.3,,34.8,959,28
2017,103,21.53,36.7,29.58,30.97,,20.1,1287.86,
2018,103,35,36.7,29.6,48,,21.5,1196,
2019,103,44.7,39.8,30,54.4,,30.5,1099,20.4
2020,103,42.8,48.2,35.6,55.2,35.9,20,1615,20
2021,103,19.1,16.2,18.2,10.2,,19.7,983,10
2022,103,32.5,29,22.2,30.1,61.1,22.6,1087.3,14.6
2023,103,,18.4,16.7,22.5,,22.6,1049.9,
2024,103,26.5,21.2,17.5,45.9,,20.8,610,7.1
2025,103,50.5,39.5,42.2,48.8,,44.6,1769,27.9
1990,104,34.6,33.8,,48.1,72.5,,,22.5
1991,104,30,34.1,,32.3,45,,,
1992,104,26.7,32.7,,35,28.7,,1020,16
1993,104,30.7,34.5,23,65.8,100,,1303,23
1994,104,28.5,30.4,20,38.7,80,,1114,22
1995,104,21.4,25,16.1,33.2,50,25,1500,20
1996,104,28.8,26.3,20.5,40,44.7,23.8,1270,22
1997,104,25.4,25.2,13.3,42.1,47.4,21.9,737.8,21
1998,104,21.8,22,15.3,36.5,42.6,27.3,1101.5,17
1999,104,32.6,36.5,27,56.2,81.3,40.7,1507.7,
2000,104,29.6,33.8,22.2,37.4,,41.1,1544.9,
2001,104,22.1,22.2,16.6,35.3,,16.6,1214,
2002,104,24.3,24.5,18.6,32.1,27.9,20.4,1020,
2003,104,19.6,25,9.6,22.5,,17.3,1048,11.6
2004,104,33.2,36.5,35.2,51.2,,50.8,1649,
2005,104,27.8,30.8,18.5,45.4,,28.3,1269,21.8
2006,104,21.7,24.7,16.1,34.2,43.5,21.9,890,15.6
2007,104,22.7,21.2,14,28.3,30.3,21.6,919,14.2
2008,104,24.4,25.3,,35,50.3,24.2,1110,13.3
2009,104,28.5,31,,44.8,,29.6,1436,
2010,104,32.7,33.5,50.8,41.1,40.3,36.5,1628,27.3
2011,104,30.1,38.2,31.9,33.3,,28.6,1329,25.4
2012,104,30.4,31.1,26.2,36.9,,32.2,1495,21.9
2013,104,36.2,44.9,37,42.5,42,40.6,2171,32.5
2014,104,34.7,37.4,29.69,40.17,,34,1715.53,22.46
2015,104,27.6,37.32,37.41,40.68,29.98,27.7,1596.37,25.55
2016,104,28,49.6,44.3,43.6,50,35.2,1087,17.4
2017,104,32.66,40.17,33.1,15.71,,25.8,1499.72,17.42
2018,104,34,40.2,35.8,40,,25.8,1483,16
2019,104,39.3,44.2,35.1,44.9,62.5,29.6,1349,19.6
2020,104,34.1,41.2,31.5,43.2,,29.8,1508,14.2
2021,104,9.4,7.7,8.5,8.7,,7.5,425,3.4
2022,104,22.2,22,15,25.6,,16.2,801.1,10
2023,104,40.6,24.4,22.7,28.9,,20,994.6,10.2
2024,104,20.9,21.8,14.9,41.7,,10.9,618,7.6
2025,104,39.8,30,37.7,59.9,,35.2,1648,28.3
1990,105,35.2,32.5,,51.6,58,,,22.5
1991,105,31.8,30.9,,40,55,,,
1992,105,20,17.7,,57,49,,1000,25
1993,105,28.6,27.9,20,53.4,59.9,,950,20
1994,105,24.8,26.9,25,45,45,,,20
1995,105,22.5,25.4,18.3,31.6,65,11.7,600,16
1996,105,29.2,27,18.1,40.5,50,10,710,15
1997,105,29.2,29,23.9,40.8,41.9,25,1000,20
1998,105,23,25.6,18.5,36.7,42,24.5,1111.6,17.9
1999,105,31,33.1,20,51.9,62,44.7,1389.9,
2000,105,30.3,34,24.8,45,52.9,43.5,1256.5,20.5
2001,105,20,21.6,14.9,29,44.9,12.3,968,15
2002,105,22.6,26.9,11.3,35.1,51.8,28.2,799,
2003,105,24,20.7,8.5,22.4,22.5,16.9,607,10.9
2004,105,29.6,32.7,24.6,46.1,52.7,40.5,1412,20
2005,105,28.8,29,18.1,35.1,35,26.9,890,17.4
2006,105,25.5,25.5,21.6,35.1,45.5,24.2,1088,15.7
2007,105,21.7,18.7,14.6,26.3,,19.1,526,14.5
2008,105,16.7,19,10,33.1,30,16,641,12.5
2009,105,30.1,28,24,41.5,40,26.7,1043,18.4
2010,105,38.7,33.5,31.5,49.7,40.2,35.9,1463,20.8
2011,105,29.5,34.4,26.8,36.5,55,26.9,1523,19
2012,105,28.6,31,24.5,41.1,50,29.1,1403,20.1
2013,105,34.4,40.8,34.4,46.9,60,40.2,1701,22.7
2014,105,27.93,34.26,28.54,40.14,60,30,1331.04,21.99
2015,105,32,37.22,37.35,46.17,89.94,38.3,1474.18,24.8
2016,105,30.3,44.3,39.9,63.7,,33.3,929,26.6
2017,105,34.59,38.89,26.3,44.27,50,25.4,1342.6,17.24
2018,105,26.5,30.6,27.6,42.5,30,23.9,1048,18.5
2019,105,39,43.5,35.5,56.4,,29.7,1391,20
2020,105,35.9,41.4,34.6,64.3,,44.9,1411,19.1
2021,105,11.1,7.2,7,12.1,,7.6,377,5.8
2022,105,26.8,24.4,16.8,35.2,54.8,19.8,832.5,11.7
2023,105,21.8,18.7,18.6,30.5,,12.3,642.8,9.9
2024,105,30,24.7,16.6,36.8,,,817,
2025,105,32.5,34.6,42,54.4,,27.8,1606,
1990,106,29.2,31.2,,42.5,37,,,15
1991,106,28.8,33.5,28,36,50,,,15
1992,106,24.8,24.3,,43.1,40.9,15,615,10
1993,106,31,30.2,,54.6,60,18.4,726,30
1994,106,24.4,27.5,15,35,40,20,1147,14.8
1995,106,19.6,23.3,16.3,31.1,45,15,769,10
1996,106,30.5,28.6,27,35.1,32.7,,1800,
1997,106,32.5,30.6,18.2,46.1,,16.5,1233.3,8
1998,106,21.2,25.5,17.7,32.8,30,9,474,15.6
1999,106,34,33.3,16.2,51.4,65.9,28.9,1158.6,
2000,106,30.9,32.3,22.8,53.6,59.6,23.8,1135.9,24.3
2001,106,25.3,25.3,26.2,36.4,,12.7,887,18.6
2002,106,26.5,26.2,27.5,37,56.8,22.2,684,12.9
2003,106,21.3,24.3,10.1,40.3,,20.8,847,7.4
2004,106,34.3,36.8,31.4,51.5,,50.2,1457,
2005,106,30.1,30.6,16.1,44.7,,30.1,1116,
2006,106,19.8,18.2,13.4,23.9,,15.8,485,
2007,106,17.7,18.9,15,25.8,,16.6,573,
2008,106,23.5,21.8,,32.2,,16.4,790,
2009,106,22.3,23.6,22,30.9,,15,810,17
2010,106,32.4,32.6,34,49.8,65.4,19,1411,23.6
2011,106,32,36.7,20.7,48.1,,34.9,1407,21.2
2012,106,26.6,32.3,29.2,54.7,,30.5,1153,23
2013,106,42.6,43.6,32.3,61.1,70.9,40.2,1722,28.8
2014,106,27.76,32.39,28.97,54.64,24.32,28.9,1146.61,17.92
2015,106,34.93,35.46,29.79,43.25,,26.3,1568.6,22.37
2016,106,38.7,49,29.1,62.8,35.8,26.5,841,21.9
2017,106,24.72,31.68,27.45,32,,25.3,1256.4,21.25
2018,106,25.5,27.9,23.7,39.5,37,25.3,1090,15.7
2019,106,36.6,36.5,32.5,58.5,55,30,1314,20.8
2020,106,34.4,34.8,24.7,57.8,,40.1,1468,20.5
2021,106,16.2,9,7.5,12.7,,9.2,627,6.1
2022,106,25.5,25.2,19.4,40.1,60,20.8,821.3,16.2
2023,106,19,18,17,26,,17.7,660.7,11.5
2024,106,24.1,24.1,15.6,34.8,44.5,19.4,853,13.2
2025,106,34.6,33.3,41.9,27.8,,30.9,1374,34.6
1990,107,31.5,28.8,,43.6,53.3,,,20
1991,107,30.1,31.8,22,28.9,47.8,,,
1992,107,20,29,25,46,45,,,11
1993,107,29,30.1,,51.5,83.5,,,
1994,107,26.3,29.5,,44.8,80,,790,15
1995,107,27.4,36.1,,50.5,55.5,,417,
1996,107,29.5,29.5,,42.5,65.8,,905,
1997,107,28.7,26.9,21.9,37.7,38.4,,1259.2,
1998,107,28.5,31.7,21.7,48.7,52.5,16.3,856,
1999,107,32.5,34.6,14.7,52,66.9,29.7,1313.5,
2000,107,32.2,35.9,31.4,46.8,70.2,41.3,1418.4,
2001,107,20.8,24.7,10,38.6,,16.9,767,
2002,107,22,26.9,,45.3,30,29.1,1143,
2003,107,24.1,28.7,13.3,40.4,24.7,27.8,1026,
2004,107,28.2,43.5,48.3,65.8,51,51.8,1755,13.3
2005,107,30.3,38.2,,54.1,,36.3,1443,
2006,107,25.6,28.9,17.6,43.3,,23.5,1210,
2007,107,21.9,24.8,12.6,42.8,38.4,25.2,881,
2008,107,28.4,32.3,,47.3,,30.7,1120,
2009,107,31.6,34.6,,58.3,,25,1298,19.1
2010,107,29.5,40.8,35.6,46.4,80.8,23.5,1675,21.5
2011,107,35.3,43.1,28.9,48.9,65,34.7,1722,24.2
2012,107,28.9,34.3,29.8,57.2,,34.3,1380,
2013,107,38,51.3,41.1,83.3,89.5,40.7,1569,22.9
2014,107,37.72,37.64,26.19,55.77,57.51,37.7,1332.54,26.55
2015,107,34.91,39.7,36.44,47.18,47.23,21.8,1402.97,27.17
2016,107,31.9,53,45,63.6,26.7,32.9,926,26.8
2017,107,28.09,35.33,30.03,58.26,,30.6,1140.79,14.31
2018,107,22,30.7,28.4,26,30,28.8,1043,6
2019,107,57.5,55.9,43.3,72.1,54.3,36.1,1310,28.7
2020,107,42.6,39.9,32.9,67.2,,39.5,1440,26.2
2021,107,12.5,10.3,9.8,12.9,,12.1,514,6
2022,107,35.1,31.4,23.2,48.6,,28.9,894.7,22.4
2023,107,16.6,16.8,15.3,25.6,,18.2,624.3,7.5
2024,107,28.7,26.8,19,46.7,,24.3,788,12.8
2025,107,40.1,38.3,46.9,63.8,,34.7,1905,29.2
1990,108,31.2,29.9,,47.3,69.3,,,16
1991,108,32.9,36.7,,46,46.7,,,
1992,108,26.1,32.9,,40.2,66.5,,,12
1993,108,40,36.4,24,61.1,81.9,,780,26
1994,108,28.3,30.9,17.6,48.1,59.5,,561,17
1995,108,32.7,39.7,21.5,43.4,55.3,25,1366,20
1996,108,29.5,31.4,20.6,51.3,45,39.5,1120,20
1997,108,32,32.2,20.8,52.9,80,41.6,1071.2,20
1998,108,31.6,33.9,20.1,48.7,61.5,36.1,834.7,19.1
1999,108,34.2,34.3,23.2,45.8,59.3,33.7,917,24.2
2000,108,35,34.6,25.8,46,,39.4,1210.4,24.4
2001,108,18.7,20.9,9.3,30.4,30.7,11.8,787,21.1
2002,108,26.4,26.7,20.5,41.2,67,30.9,667,
2003,108,28.8,27.4,12.7,34.4,41.9,26.2,798,15
2004,108,36.8,41,27.2,62.6,47.4,39.9,1657,32.6
2005,108,40.1,41,24.1,53.3,46.4,36.8,1461,19.1
2006,108,23.9,23,18.1,31,40.6,19.7,426,10
2007,108,23.4,22.4,16,34,38.4,21.2,697,
2008,108,33.4,31,27.2,51.6,,27.4,1189,
2009,108,33.5,33.4,37.5,52.2,,27.9,1401,
2010,108,32.8,33.5,26.3,45.3,86,25.3,1425,12.4
2011,108,33,36.1,24.3,49.5,,31,1176,23.6
2012,108,34.2,38,27.9,51.4,,31,1644,
2013,108,38.6,42,35.3,56,,42.1,1568,30
2014,108,33.6,39.37,36.28,46.33,90,36.4,1609.79,24.95
2015,108,40.85,42.84,33.56,64.24,36.02,28.4,1417.84,27.34
2016,108,38.2,50.6,44.7,57.5,65,30.5,1236,31
2017,108,21.95,28.3,22.6,44.16,,24.5,1016.85,13.33
2018,108,29,34.1,26.5,52,,21.8,1108,
2019,108,46.7,55.2,40.1,74.5,,41.2,1597,15.5
2020,108,29.3,31.7,22.6,46.2,,31.9,1225,16.5
2021,108,13.5,16.8,15.2,19.5,,18.5,977,8.7
2022,108,33.9,32.6,20.8,38.1,20.2,24.1,822.7,13.3
2023,108,14.1,13.9,11.4,17.2,,14.8,613.4,6.4
2024,108,35,27.6,15.5,39.3,35.8,26.9,1014,
2025,108,41.8,34.8,43.9,71.8,,26.3,1816,34.1
1990,109,28.9,31.2,18,50,70,,,18
1991,109,38.4,43.2,33.2,64.5,74.3,,,
1992,109,28,25.1,,56.8,80,,,13
1993,109,34.5,34.3,30,57.3,81.2,33.1,996,25
1994,109,28,31,24.7,45,60,20.8,1200,18
1995,109,38.7,40.5,28.3,53.2,72.5,29.9,1614,25
1996,109,31.6,34,23.3,48.2,51.4,20.7,860,15
1997,109,29.1,29.4,22.7,52.9,50,28.5,893.5,15
1998,109,32.2,32.8,22.9,52.6,63,31.5,1479.9,22.5
1999,109,33.4,36.4,26.3,53,64.8,38.2,1257.1,20
2000,109,31.6,34.1,25,53.6,68.7,41.4,1348.4,14
2001,109,16.2,18.6,8.2,26.4,26.8,9.4,422,
2002,109,20.8,27.3,16.5,39.4,48.5,28.4,855,
2003,109,27.3,29.1,12.1,41.1,47.8,25.5,1109,
2004,109,33.3,37.5,28.5,56.5,63.2,37.3,1740,30
2005,109,36.5,36.6,21.6,57,60.5,25.2,1050,23.8
2006,109,24.8,29.3,16.5,45.9,40,23.9,820,12.3
2007,109,23.9,27.9,15.2,37,,23.7,,
2008,109,27.3,32.2,25.8,44.6,,21.3,1710,17.7
2009,109,31.4,34.4,23.1,50.8,,29.6,1819,19.9
2010,109,25.9,29.1,21.1,39.2,67.7,17,1089,
2011,109,32.5,38.4,32.6,55.3,,34.3,1577,22.3
2012,109,28.4,33.4,28.4,57.2,,26.8,1388,
2013,109,42.2,47,39.6,70,,42.5,2129,35.5
2014,109,38.86,39.5,35.72,57.93,,40.3,1504.49,33.07
2015,109,39.53,39.48,33.81,65.15,,34.6,1659.84,23.59
2016,109,48.2,48.9,43.6,57.9,72,38,1793,18.6
2017,109,35.61,38.61,27.65,49.55,,28.6,1414.3,15.66
2018,109,31,32,26.5,54,,27,1405,
2019,109,53,55,43,71.7,,41.9,1715,25
2020,109,36.4,34.7,27,53.1,,34.8,1387,
2021,109,25.9,20.1,20.5,19.1,,20.5,1060,
2022,109,39.9,37.8,27.5,58.7,44.9,33.6,1260.4,
2023,109,24.1,15.7,14.7,25.7,,20.3,910.1,
2024,109,43.8,31.7,27.4,49.3,,25.7,1269,12.3
2025,109,41.5,32.6,37.5,44.2,,22.9,1545,34.4
1990,110,11,17.8,,25,42.7,,,6
1991,110,28,34.6,,59.4,49.4,,,
1992,110,30,35,,40,85,,1320,13
1993,110,29,29.5,,70,62.6,,,
1994,110,25,27,18,48.3,58.7,,,
1995,110,30.9,30,33,56.2,63.9,,1609,
1996,110,29.7,28.6,25.4,49,57.2,,1162,
1997,110,23.9,22.8,,42,42.9,,1058,
1998,110,33.6,34.5,34.5,64.4,66.5,35.6,1268.5,
1999,110,25.6,29,17.3,42.2,68.5,28.6,1498.7,
2000,110,21.5,24.4,,46.2,43.6,22,992.1,
2001,110,8.9,7.8,,7.7,12.1,13.5,312,
2002,110,21.9,27.2,,38.2,27.1,27.7,900,
2003,110,24.7,24.1,5.9,29.7,34.2,9.4,496,
2004,110,31.6,36,15,52.1,64,34.1,1664,
2005,110,25.9,27,,53.2,44.4,,957,
2006,110,22.4,26.3,13,40.8,30.1,15.9,,
2007,110,27.4,30.9,,43.3,32,,,
2008,110,37.5,32,,37.5,47.5,,,
2009,110,37.5,36.3,,55,50,,,
2010,110,29.3,27.4,19.4,39.9,50.3,24.3,1179,
2011,110,29.5,30.2,,44.4,42.5,36.2,1080,
2012,110,33.8,32.1,23.2,40.9,40,,1455,
2013,110,29.9,37.3,,53.1,65.2,45,1654,
2014,110,36.79,39.97,29.84,54.44,56.66,38.6,1512.14,
2015,110,30.63,35.98,32.74,41.79,37.32,25.9,1410.08,
2016,110,35.8,60.1,,62.2,67.1,22.7,1598,
2017,110,20.91,31.67,,28.75,,,966.16,
2018,110,20,21.5,,27,25,23.5,958,
2019,110,,34.7,,43.6,,,1479,
2020,110,23.1,19.2,,26.2,20,31.9,968,
2021,110,5,9.9,,12.6,11,12.2,521,
2022,110,28.4,31.8,,52.9,,39,1183.9,
2023,110,25.9,11.6,24.1,9.3,,16.6,608.5,
2024,110,15,20.6,17.4,39.4,20,20.9,1161,
2025,110,,17.6,,40.3,,25.8,1176,
1990,111,20.7,15.1,,37.5,33.3,,,10
1991,111,32.1,33.1,10,47.1,55.4,,,
1992,111,30.2,25,,49.6,50,,,13
1993,111,33.9,36.9,40,70,75.1,45,480,24
1994,111,25,20.6,30,70,60,30,1000,
1995,111,32.1,31.8,33,60,65,33.3,600,
1996,111,28.4,29.4,25,48.5,45,20,1500,
1997,111,23,20.6,14,40,33.6,10,1000,
1998,111,29.1,32.5,30,62.1,48.7,,,
1999,111,31.5,32.4,30.7,48,50.8,37.5,1464.9,
2000,111,15.8,13.9,17.8,27.7,45.4,17.2,1014.2,
2001,111,5,6.7,4,6,11.6,,,
2002,111,28,21,,43.9,34.6,,,
2003,111,15.4,16,17,45.6,34.2,,,
2004,111,31.5,34.6,30,49.4,54.7,42.9,,
2005,111,33,35.5,32.5,65,73.7,40,,
2006,111,15.8,25.6,,35.5,26.7,23.9,,
2007,111,24,19.1,,39.6,29.8,31,,
2008,111,18.2,21.2,24.3,26.9,37.1,21.3,,
2009,111,15,16.8,,,45.1,,,
2010,111,45.7,35.2,33.3,41.3,32.2,49.4,1900,
2011,111,41.3,23.4,41.2,48.3,64,47.1,1853,
2012,111,37.8,34.2,32.5,70.4,,37,1433,
2013,111,38.1,36.3,31.6,56.1,65.9,38.1,1522,
2014,111,43.5,42.52,34.36,54.38,48.18,34.9,1481.54,
2015,111,20.87,22.11,17.79,41.46,83.89,21.9,895.44,
2016,111,54.6,,55.6,72.3,136.8,54.9,2022,
2017,111,40.68,42.4,33.47,64.24,,33.5,1335.1,
2018,111,33.5,39,36,63,,36,1473,
2019,111,26.2,23.2,22.7,35.7,,32.4,1089,
2020,111,28.7,22.6,25.2,31.9,,36.6,1446,
2021,111,31.8,11.6,19.4,23.7,,14.6,717,
2022,111,30.9,28.2,21.7,51.8,,36.4,998.7,
2023,111,23.4,15.6,17.1,32.9,15.8,20.5,881.9,
2024,111,43.3,37.5,28.5,76.9,,39.9,1362,
2025,111,25.5,26.8,33.9,38.7,,22.1,1428,
1990,121,42,41.3,24.7,70.7,71.6,,,22
1991,121,32.4,32,25,51,50.3,,,26.5
1992,121,30,35,30.7,69.3,66,40,1500,16
1993,121,25.7,30,23.6,53.1,76.4,20,925,18
1994,121,26.7,24.7,20.9,60,62.7,23.8,957,20
1995,121,35.4,30,17.9,47.1,57.3,30.4,1206,20
1996,121,35.4,34.4,22.6,52.2,57.2,29.3,1491,20
1997,121,28.9,26.4,22.4,44.6,49.4,27.8,,17.3
1998,121,34.4,28.3,26.6,49.9,58.6,35.9,1080,23.1
1999,121,24.7,25,18.8,42.1,40.6,25.3,1500,18.1
2000,121,37,40,25.3,55.8,56.2,28,1181,18.1
2001,121,33.5,30,21,53.6,56.3,21.7,,21.3
2002,121,31.4,32,25.2,53,62.8,30.4,,22.7
2003,121,33.3,35,20.4,53.6,53.2,32.8,,17.4
2004,121,35.8,33,24.8,62.2,66.1,26.9,,11.7
2005,121,33.2,,28.8,50.6,74.1,16.8,,27.3
2006,121,34.7,,27.1,60.2,74.3,34,,20.4
2007,121,33.9,,23.4,53,62.9,40,,19.5
2008,121,38.3,,23.7,51.8,67.2,40,,18.5
2009,121,34,,29.1,55.6,66.2,31.8,,24
2010,121,39.6,,29.5,47.2,57.1,27,790,18.8
2011,121,26.3,,16.9,34.7,53.1,,,
2012,121,35.4,,19.9,30.2,76,31,,
2013,121,58.2,,40,75.7,96.7,35.1,,20.3
2014,121,44.26,,28.66,61.78,58.73,10.3,,17.83
2015,121,48.63,,37.75,71.87,61.47,36.8,,23.11
2016,121,51,,38.3,71.9,72.5,26.5,,19
2017,121,64.45,,43.71,84.06,84.73,,,29.53
2018,121,67,,47,87,102,,,
2019,121,67.8,,48.3,89,112.8,63.6,,
2020,121,63.4,,49.2,90.2,112.8,77,,
2021,121,50.2,,33.1,66.9,68.5,42.3,,
2022,121,57.5,,37.7,63.1,76.4,51,,
2023,121,65.4,,49.4,67.1,86.5,,,
2024,121,69.3,,44,104.3,84.8,,,
2025,121,79.9,,53,121,,73.5,,
1990,122,40.3,44,20,50,66,,,22
1991,122,32.2,35.2,26,58.4,55.6,,,15
1992,122,27.6,25,27.5,63.4,53.8,,,25
1993,122,23.1,,19.5,30,56,20,720,15
1994,122,24.4,22,18.8,38.6,43.9,24.1,,18
1995,122,23.4,18,12.6,38.9,50,25,,
1996,122,30.6,26.2,27,45.1,55.9,33.9,,12.7
1997,122,30.7,20,18.1,41.7,52.8,,,15.1
1998,122,30,,22.1,40.4,57.1,34.4,,20.6
1999,122,30.9,,22.6,56.2,49.5,,,16.6
2000,122,35.2,,25.4,51.1,58.9,,,16.6
2001,122,30.1,,20.3,42.8,55,,,21.7
2002,122,27.6,,23.7,44.7,60.1,,,21.7
2003,122,33.8,,20.9,45.8,51.8,,,19.8
2004,122,48.4,,21.2,67.8,94.9,,,18.7
2005,122,36.5,,30.8,56.2,73.4,,,22.1
2006,122,37.3,,29.8,54.5,58.3,30,,17.6
2007,122,33.7,,21,44.1,63.3,40,,19.1
2008,122,34.6,,27,49.6,65.4,35,,15.9
2009,122,35.7,,27.9,54.3,63.8,35,,16.5
2010,122,40.8,,31,53.2,,35,,13.3
2011,122,31.3,,18.2,28.7,40.3,30,,5.7
2012,122,37.8,,19,28.2,42,,,7.6
2013,122,56.7,,37.3,66.2,78,40,,23.1
2014,122,39.78,,28.07,46.64,63.55,23.5,,19.95
2015,122,44.36,,37.33,68.73,77.29,,,19.36
2016,122,47.6,,39.1,77.4,61.6,51.1,,16.2
2017,122,45.07,,31.48,55,63.45,40,,25
2018,122,55.5,,35,65,73.6,55,,25.5
2019,122,53.5,,40.2,67.4,89.5,50,,21.5
2020,122,49.2,,43.8,70,71.5,70,,29
2021,122,40.7,,28.5,59.5,59.1,40,,20
2022,122,44.5,,32.7,68.1,85.3,50,,15.9
2023,122,43.4,,35.9,49.8,68.2,45,,29
2024,122,52.5,,35.3,71.6,73.6,,,20
2025,122,56.2,,42.3,87.8,101.3,40,,20
1990,123,37.7,40,27,63.7,55,,,23.5
1991,123,34,30,33.4,32.3,67,,,30
1992,123,27.6,30,23.2,39.1,65.7,,1200,20
1993,123,24.1,25,25.3,56.1,63.4,,,20
1994,123,27,30.4,21.5,48.1,56,23.1,,20.7
1995,123,27.5,34.6,16.2,55.3,54.2,25,,19.3
1996,123,31.8,30.8,23.8,57.1,69.2,,,22.5
1997,123,25.6,29.5,23.8,41,55.7,25.7,,17.8
1998,123,28.1,24.8,22.6,45.3,57.2,39.3,,18.4
1999,123,24.6,,22.5,39.6,53.8,25,,17.3
2000,123,28.9,,22.8,47.5,56.6,35,,18.9
2001,123,29.2,,21.5,46.4,57.6,42,,21.6
2002,123,28.6,,21.7,44.7,55.2,32.2,,20.6
2003,123,24.7,,20.7,43.5,50.4,29.8,,17.6
2004,123,30.3,,19.6,59.7,47.1,28.3,,9.3
2005,123,33.3,,27.5,54.1,64.2,30.4,,22.7
2006,123,32.5,,24.3,51.3,65,36.8,,21.4
2007,123,25.8,,21.1,42.4,53.9,,,16
2008,123,38,,28.7,59.3,73.4,46.4,,22.5
2009,123,40.2,,33.7,61.2,66,,,21.2
2010,123,29.7,,26,44.9,56.3,26.3,1682,16
2011,123,27.1,,15.6,34.7,44.9,,,17
2012,123,40.3,,21.4,30.4,59.1,29.3,,20.7
2013,123,53.7,,39.6,74.1,91.7,46.3,1200,26.4
2014,123,39.73,,28.1,47.46,62.08,25.7,,18.87
2015,123,40.74,,34.43,54.23,67.43,33.5,,23.54
2016,123,49.9,53.8,41.8,66.1,81.2,40.6,644,26.4
2017,123,43.75,,35.85,58.12,69.34,38.8,,25.09
2018,123,47.3,,40.9,67.5,73.5,46,,25
2019,123,55.4,,45.2,66.6,94.5,48.2,,24.6
2020,123,59.7,68.3,43.6,65.2,87.5,55.9,,23.8
2021,123,39.1,,30.9,55.8,65.5,36.1,,17.5
2022,123,50.5,,41.3,76.3,104.3,42.4,,25
2023,123,43.8,,36.2,70.5,79.4,31,,20
2024,123,51.1,50.1,38.5,81.2,83.5,,,25
2025,123,74,69.8,49.5,110.4,129.2,50.4,2872,
1990,124,36.2,33.7,19,55,72.5,,,20.4
1991,124,29.3,30,28.4,36,60,,,14.7
1992,124,29.6,25,22,57.2,60.9,,,14
1993,124,24.8,17,23,47.5,63.5,19.3,,19.9
1994,124,18.9,23,16.4,40.6,51.7,27.6,750,20.7
1995,124,24.5,28,12.6,50.7,53.3,25.6,1000,18
1996,124,28.1,27.8,20.4,50.7,61.7,23.6,1191,20
1997,124,22.7,20,17.3,34.9,48.6,23.7,850,15.5
1998,124,26.8,29.9,16.6,40.8,50.5,27.2,900,16.5
1999,124,23.9,30,18,40.3,46.3,26.4,1300,19.7
2000,124,28.7,29,25.2,45,46.9,26.3,1000,16.5
2001,124,25.9,25,21.4,44.9,56.1,26.7,1200,17.1
2002,124,30.6,32.1,23.3,47.3,53.2,25.4,890,20.4
2003,124,24.3,28.5,19.5,42.8,40.9,26.5,615,14.5
2004,124,28,25,15.3,49.3,49.7,38.7,600,7.8
2005,124,32.4,27,29,49.2,59.1,26.1,1150,19.5
2006,124,29.2,28,23.3,47.5,52.1,32.8,950,19.6
2007,124,25.2,20,19.8,32.2,44.9,25.6,900,16.3
2008,124,38,41,30.5,53.4,70.1,35,1495,23.3
2009,124,39.1,35,32.7,50.3,66.6,34.6,1285,21.3
2010,124,26,30,28.5,36.4,63.3,19.7,792,15.6
2011,124,27.5,,17.9,39.2,57.6,,,
2012,124,27.9,32,21.8,39.8,53.8,23.1,1000,19.1
2013,124,46.2,44,36,73.3,79,33.3,1185,24.6
2014,124,35.8,34.27,29.64,49.91,63.14,26.4,1000,20.26
2015,124,38.21,,35.47,49.52,75.21,30.1,,25.22
2016,124,47,64.4,44,68.2,90.4,43.2,,23.8
2017,124,42.69,32,33.34,65.87,68.07,35,1200,21.87
2018,124,46.6,49,33.3,64.8,73.7,40.5,,23.5
2019,124,47.4,53.1,38.2,69.4,77.5,41.5,,19.3
2020,124,43.7,46.6,37.4,63,65.4,42.9,2178,20.3
2021,124,37,31.3,22.8,50.2,48.2,30.3,1519,15.5
2022,124,48.1,45.5,36.4,68.7,86.5,44,2217.8,27.5
2023,124,42,39.2,35.5,53.7,64.1,35.7,900,19.9
2024,124,54.1,46.5,35,68.2,81.6,47.3,1800,21.5
2025,124,58.7,56.8,45.4,83.1,101.3,52.6,1680,26.7
1990,125,37.7,37.7,23,46,63.7,,,25
1991,125,28.3,35.5,25.5,41.1,50,,,18.5
1992,125,30.2,30,18.2,57.2,69.5,,240,12
1993,125,27.8,20,23.4,49,54.5,22.3,679,21.1
1994,125,25.5,30.1,21.2,46.7,57.6,28.1,1600,20
1995,125,31.4,31.5,16.2,47.2,64.4,28.9,1043,20.4
1996,125,35.7,34.5,25.4,60.1,61.9,33.4,840,21.1
1997,125,27.9,31.3,22.7,43.7,53.5,28.8,,17.6
1998,125,28.5,30.4,20.9,46.4,56.1,39.1,1270,17
1999,125,32.7,31.9,23.5,49.9,59.6,32,1099.3,19.4
2000,125,32.2,32.5,22.9,52.3,62.4,35.8,782.4,19.8
2001,125,31.9,30.4,21.9,55.1,64.3,33.9,,19.7
2002,125,31.7,32.6,26.9,54.3,62.1,32.3,,22.4
2003,125,30.3,32.5,22.8,53.1,53.1,26.4,,20.2
2004,125,32.3,28.3,25.4,53.4,69.4,36.5,,11.6
2005,125,37.4,38.4,28,76.4,58.7,26,,22.9
2006,125,27.1,31.4,26.9,54.9,52.4,22.7,,20.3
2007,125,33.6,29,24.8,45.8,69.2,31.6,,19.4
2008,125,33.9,51.1,31.9,53,47,36.7,,21.5
2009,125,40.1,42.8,31.2,59.6,72.5,36.5,,22.4
2010,125,32,39.2,31.1,47.2,61.8,29.4,488,16.6
2011,125,32.1,29.7,20.9,28.1,66.5,35.3,,19.4
2012,125,36,47.5,20.9,42.1,65.5,31.9,,18.8
2013,125,47,50.6,38.5,79.9,81.6,42.9,1680,31.2
2014,125,39.71,42.25,30.6,54.99,68.03,24.9,1500,23.28
2015,125,40.69,38.62,34.87,63.36,69.6,36.7,,24.73
2016,125,46.2,48.1,42.4,74.3,83.2,39.4,1695,28.7
2017,125,46.09,48.33,35.72,61.47,78.59,37.9,1963.84,25.33
2018,125,50.7,55.5,39.5,67.6,74,45,1500,25.5
2019,125,56.6,56.4,47.5,78.4,82.9,46.6,,28.1
2020,125,50.9,48,41.1,67.7,86.3,42.4,1932,25
2021,125,41.8,40,32.1,56.1,62.8,36,1200,19.1
2022,125,52.4,58.8,44.3,71.5,98.1,43,,38.8
2023,125,48.1,41.6,39.6,67.6,61.8,39.7,900,23
2024,125,59.6,53.4,36.2,83.1,82.1,43.5,1635,26.9
2025,125,66.2,66.9,50.2,98.8,126.7,56.7,2605,38.9
1990,126,37.3,34.3,20,51.1,52.5,,,24
1991,126,31.8,29,26.9,33.8,50,,,26.8
1992,126,30.2,22.7,24.6,37,62.2,30,900,10
1993,126,27.6,30.8,26.5,57.6,51.4,19.7,923,22
1994,126,24.7,33.1,23.4,46.2,57.4,18.1,680,16.6
1995,126,30.8,33.3,15.6,60.9,64.6,27.2,1083,18.7
1996,126,34,34.7,22.8,63.1,67.9,27.6,1083,20.3
1997,126,22.1,20.9,15.8,37.5,40.3,18.6,845.2,15.8
1998,126,27,31.7,20.3,48.8,51.2,34.3,1440.3,20.3
1999,126,31.9,36.6,23.9,56.6,63.8,32.6,1211.4,20.1
2000,126,31.3,35.7,25.1,49.9,64.1,36.4,897.8,16.4
2001,126,30,31.5,23.3,52.4,62.2,32.6,556,22.5
2002,126,30.4,34.6,24,52.3,60,28.1,981,22.7
2003,126,34.4,37.9,24.9,53,51.1,24.8,1300,19
2004,126,22.8,18,20.1,40,45.3,31.9,473,9.9
2005,126,29.4,36.3,26.8,44.2,52.3,18.1,835,18.9
2006,126,30.2,32.8,23.7,56.1,63.2,30.6,1090,22.9
2007,126,33.6,30.8,24.6,47.6,59.6,34.3,1117,17.9
2008,126,34.3,36.5,30,52.5,73.8,27.9,1200,25.2
2009,126,39.8,38.5,34,51.5,72.7,28.3,1506,23.9
2010,126,36.5,38.7,31.4,45.8,76.5,21.8,859,17.5
2011,126,22.6,36,21.7,33.3,42.4,13.5,297,12.5
2012,126,40.1,40.8,22.7,41.4,62.2,24.3,1501,18.3
2013,126,51.5,52.4,34.1,76.4,77.8,33.3,1159,24.5
2014,126,38.27,43.04,32.29,48.24,52.14,22.1,1096.94,23.14
2015,126,38.08,37.28,31.47,54.04,66.6,25.4,1650.03,24.24
2016,126,45.1,54.5,42.9,71.6,79.9,33.6,1566,32.1
2017,126,40.99,40.95,31.22,57.71,54.22,27.7,1407.96,15.32
2018,126,46.4,47.1,36.6,58,60,44,1408,19.7
2019,126,44.4,47.5,40.5,54.7,39.6,38.6,,19.6
2020,126,50.3,51.1,40.3,61.9,50.8,44.1,,29.4
2021,126,41.2,37.7,27.4,49.1,21.9,29.6,,15.4
2022,126,53.9,62.6,45.9,73.4,81.9,40.5,,37.1
2023,126,51.7,46.9,40.9,72.5,84.4,41,,18.2
2024,126,46,47,34.3,61.8,65.4,37.2,1709,23.5
2025,126,63.3,62.2,44.1,81.4,59.4,56.4,2171,33.5
1990,127,34.7,36.4,23,47.7,53,,,19.3
1991,127,30.7,35.5,25.3,45.5,45,,,29.5
1992,127,28.8,27.1,25.5,44.1,50,30.5,825,30
1993,127,27.3,28,27.4,51,62.3,32.3,1135,21.3
1994,127,21,33,14.9,36,48.8,23,841,17.9
1995,127,28.2,34,19.2,47.8,48.7,27.9,1278,17.9
1996,127,30.8,36.2,18.7,53.8,78.9,24.8,734,21
1997,127,21.1,22,14.3,43.3,51.3,22.2,941.1,15.2
1998,127,26.1,27.6,17.6,48.3,61.9,30.3,1342.8,19.4
1999,127,33.1,37.7,25.6,53,61.9,34.1,1394.3,24.7
2000,127,32.5,32,27.6,46,54.9,39.2,885.2,22.1
2001,127,24.5,25,20.8,44.8,35.7,26.3,730,19.2
2002,127,27.3,30.2,21.5,43.5,54.8,26.1,770,17
2003,127,22.3,28,17.7,45.9,47,19,729,16.4
2004,127,20.2,22.3,18.9,41,47,29.4,803,9.7
2005,127,33,39.7,30,55.4,61,19.1,991,22.4
2006,127,31.3,33,27,49.1,45.1,21,1150,24.1
2007,127,25,24.6,21.4,49.6,58.5,26.5,1084,16.9
2008,127,35.2,30.8,27.6,56.8,72.8,31.6,1262,20.9
2009,127,38.5,38,33.7,62.9,68,32.6,1493,29
2010,127,35.1,38.1,30.4,50.4,74.6,30.2,1116,19.4
2011,127,31.2,34.4,28.7,41.3,55.6,20,722,16
2012,127,36,37.2,24.5,49.8,65.1,35.2,1180,23.7
2013,127,48.2,51.7,42.2,72.8,78,41.3,1679,32.5
2014,127,41.1,36.46,32.56,56.3,60.97,20,1054.48,20
2015,127,33.39,27.69,33.44,48.6,56.82,34.4,1280.06,21.55
2016,127,44.2,56,41.2,63.9,84.8,45.4,1618,30.4
2017,127,39.57,38.15,26.14,60.07,63.41,26.9,1226.54,19.15
2018,127,45.4,46.4,36.7,72,82.3,34.3,1472,23.9
2019,127,47.4,45.5,36.3,64.6,63.1,34.3,1756,23.7
2020,127,40.6,38.8,34.8,59.7,58.9,35,1576,25.8
2021,127,34.3,34.7,28.5,49.8,63.1,26.7,1276,17.7
2022,127,56.2,61.5,43.1,81.4,104.9,26.9,1344,28.5
2023,127,49.5,48.8,38.7,68.3,65.1,39.5,1855.2,25.1
2024,127,45.3,43.4,29.6,65.8,90,27.5,1242,12.8
2025,127,51.6,56,43,83,106.7,46.6,1822,31.1
1990,128,34.9,37.5,,60.4,58,,,25
1991,128,28,28.6,22,33.8,40,,,20
1992,128,27.2,34,30,65,84.2,22.5,1314,21.9
1993,128,27,32.2,25.4,58.7,85.1,27.8,1130,23.5
1994,128,24.1,31.8,17.1,51.4,62.5,29.9,1224,20
1995,128,30.5,36.4,23.5,50.5,64.1,34.8,1473,25
1996,128,40.3,34.3,24.2,60.2,59.5,35.6,1166,22.2
1997,128,25.7,26.3,14.9,40.3,53,26.9,1137,17.1
1998,128,28.7,28.7,22.3,55.3,76.9,33,1415.1,19.2
1999,128,35.3,36.2,24.4,60.3,73.6,35.1,1549.7,13.5
2000,128,30.6,32.8,32.7,45.1,46.3,31.3,1211,18.9
2001,128,27.7,29.6,23.2,60.1,71.5,23.6,1007,13.3
2002,128,35.5,37.8,20.2,51.9,67.7,23.3,1098,20.2
2003,128,21.6,27.2,13.1,30.3,41.5,14.7,844,15.2
2004,128,20.1,17.3,16.2,53.6,61.1,27.5,680,12.6
2005,128,41.9,44.7,34,55.9,75.9,27.1,1087,23.8
2006,128,34.3,36.7,27.6,58.3,77.6,23.7,1217,22.7
2007,128,30,33.6,23.3,48.8,56.6,29.6,1513,19.1
2008,128,31.8,32.3,27.6,59.3,80.6,26.1,1285,19.2
2009,128,39.8,45.1,44,69.1,65.1,,1615,23.8
2010,128,38.6,42,34.9,59.7,109.4,21.4,1175,17.7
2011,128,37.6,27.4,27.1,42.6,53.3,19.1,594,17.1
2012,128,38.5,41.6,32.6,62.5,61.1,36.6,1310,28.3
2013,128,62.3,58.9,41.5,74.9,65.2,44.7,1577,26.1
2014,128,31.9,49.26,41.7,75.21,96.81,22.1,966.24,22.05
2015,128,32.52,38.86,37.17,48.82,59.74,28.7,1350.31,21.19
2016,128,48.6,65.7,48.9,90.2,155.8,41.6,1525,25.8
2017,128,40.7,36.96,25.3,58.81,,23.4,1136.9,15.67
2018,128,51.9,42.8,37.2,71,107,32.8,1398,19.8
2019,128,55.9,47,45.9,74.6,79.5,41.3,1634,18.2
2020,128,51.3,52.9,40.4,87.9,100.7,43.9,1843,23.5
2021,128,44.8,38.7,30.4,50.7,,22.4,1318,13.9
2022,128,63.5,72.2,50,86.8,149.3,30.5,1369.4,30.2
2023,128,62,51.4,42.5,83.1,,26.8,1685.9,23.3
2024,128,44.7,56.3,33.4,86.6,,50.8,1434,23.6
2025,128,62.7,73.4,55.4,101.6,,27.2,2127,42.2
1990,129,42.5,41.6,,67.7,75,,,27.5
1991,129,22.9,23.8,,24.9,63.7,,,17.1
1992,129,35.2,42.2,25,72.5,80,,840,16.3
1993,129,29.3,35.4,26.2,60.3,66,30.1,1102,23.8
1994,129,29.7,34.9,21.8,53.2,60,31.5,1524,20.3
1995,129,30.7,37.8,21.3,60,63.3,30.4,1537,22.6
1996,129,35.6,39,25,44.4,64.3,41.7,1560,24.9
1997,129,29.3,36.2,17.5,46.1,61.4,28.9,1008.9,20.5
1998,129,29.3,34.7,24,47.4,52.7,35.9,1594.5,18.7
1999,129,31.2,36.5,23.6,39.5,47.4,35.7,962.2,16.1
2000,129,25.4,33.7,22.4,43.8,64,36.1,1117.1,15.8
2001,129,25.5,27.9,21.3,45,52.5,23.7,1061,15.7
2002,129,29.5,29.9,20.4,38,25,21.8,979,19
2003,129,25,32.2,14.8,46.2,45.4,21.5,880,13.3
2004,129,17.2,17.7,18.4,44.1,50.6,43,1086,5.8
2005,129,31.7,40.9,23.3,47.8,70.4,27.7,1276,21
2006,129,30.4,41,29.4,41.8,65.9,35.8,1345,23.6
2007,129,28.1,29.9,26.4,33.4,63.7,32.3,1243,17.8
2008,129,21.5,30.9,27.7,31.9,57.5,28.4,1355,18.1
2009,129,34.8,41.1,39.9,75,65,45,1694,25
2010,129,32,38.3,30.2,27.6,,30.8,1170,16.3
2011,129,18.5,28.3,14.7,15.4,27.6,15.2,488,13.2
2012,129,30.9,39.9,31,48.9,70.9,35.9,1501,23.4
2013,129,40.8,54.9,44.4,74.5,68.9,60.4,1495,25.9
2014,129,32.7,41.63,36.31,61.86,69.23,37.1,986.66,20.64
2015,129,20.16,23.24,29.89,44.02,43.72,24.6,1182.57,17.41
2016,129,41.1,59.4,44.5,50.6,,36.7,1448,28.4
2017,129,38.61,44.04,30.68,51.27,,27.6,1200.18,17.79
2018,129,47.6,50.2,43.5,62,,31,1311,20.9
2019,129,42.6,46.7,42.5,56.5,60,29.5,1454,25.2
2020,129,43.9,53.3,39.3,86.9,,40,1916,33.1
2021,129,32,33.9,28.4,,,,1236,17.4
2022,129,38.1,56,50.6,,,33.3,1253.2,29.3
2023,129,48.1,54.8,42.6,76.5,,44.9,2014.2,26.9
2024,129,,59.5,41.9,,,41.9,1640,24.9
2025,129,72.5,72.7,51,,,54.1,2632,37.3
1990,130,38.7,42.3,,67.3,75,,,25.2
1991,130,23,29,,26.9,50,,,24.8
1992,130,34.6,32.4,25,70,72.5,8,643,16.7
1993,130,29.3,34.9,20,48.9,81.8,18.1,1097,22.5
1994,130,28.4,35,22,48.5,70,28.1,1623,19.5
1995,130,30.6,34.5,20.1,46,49.4,34,1279,21.6
1996,130,30.4,38.2,24,54.8,62.6,36.4,1368,24.2
1997,130,27.1,34.9,16,50.6,58.5,32.4,1671.7,18.1
1998,130,24,29.6,19.4,43.7,,27.8,1556.1,18.8
1999,130,28.1,37.8,24.1,29.5,35.7,39.2,1600.7,17.9
2000,130,27.9,34.4,24.4,38.5,,31.6,1200.5,19.2
2001,130,23.5,27.3,19.3,32.1,,22.1,1038,19.8
2002,130,32,30.2,6.1,36,54.7,22,869,15.7
2003,130,25.9,26.2,8.2,28.5,37.4,20.4,771,13.3
2004,130,28.5,25.9,20.9,41.5,46.9,36.1,1221,8.6
2005,130,38.8,36.4,30.6,44.2,45.8,32.9,1201,24.4
2006,130,38.4,44.7,26.6,55.3,,38.7,1391,25.9
2007,130,33.3,33.6,27.5,58.9,34.7,29.3,1319,20
2008,130,24.8,36.4,27.2,57,,30.1,1401,19.1
2009,130,24.5,46.6,43.2,54.2,,36.8,1780,27.8
2010,130,39.6,39.8,34.9,46.5,83.7,32.3,1518,18.5
2011,130,34.3,42.4,28.3,27.6,,21.9,847,16.5
2012,130,32.8,43.8,35.6,63.5,,30,1500,29
2013,130,41.7,61.3,40.8,59,,40.4,1566,29.8
2014,130,31.58,39.28,28.09,38.81,33.26,15,891.03,19.97
2015,130,29.55,33.18,35.56,30.34,,10.9,1270.33,24.07
2016,130,47.7,56.5,47.9,70.9,53.2,23.4,1307,32.2
2017,130,47.71,42.02,27.64,47.76,,20.1,1064.59,19.23
2018,130,47.7,42,33.3,48,,20.1,1059,19.2
2019,130,47.5,47.3,46.7,62.1,,19.3,1424,19.1
2020,130,62.4,62.1,45.6,69.1,,33,1894,25.9
2021,130,38.3,35.4,26.6,56,,21.8,1493,13.5
2022,130,58.2,64.1,50.6,73.9,,33.9,1764.9,26.6
2023,130,31.4,49.9,39.3,49.9,,19.5,1552.8,14.8
2024,130,46.2,48.2,35.7,62.8,,31.6,1470,24.2
2025,130,37.2,51.1,45,68.1,,38.5,2005,29.1
1990,131,37.9,38.9,20,53.8,62.6,,,30
1991,131,25.3,28.9,20,30.8,54.7,,,20
1992,131,35.1,33.5,25,43.8,65,16.5,1500,17
1993,131,30.1,34.3,25,60.1,65.6,16.7,709,25
1994,131,25,27.6,22.3,45.4,43,27.4,1132,23.3
1995,131,25.2,25.9,19.7,46.8,54.1,18.5,1323,20.5
1996,131,33.9,36.2,23.9,54.9,43.8,33.3,1685,24
1997,131,27.6,27.5,19.5,49.3,49.8,33,1556.1,22.5
1998,131,23.1,28.4,21.1,43.2,49,33.4,1324.4,19.8
1999,131,31.4,34.9,22.4,39.9,47.9,42.2,1579.6,21
2000,131,30.5,29.4,23,35.4,54.6,35.9,1276.3,21.2
2001,131,19.8,24,11.1,33.6,39.5,20.9,1043,15.7
2002,131,17.2,25,4.5,35.6,39.5,15.1,690,17.4
2003,131,17.9,21.3,8,30.4,39,19.1,666,12.9
2004,131,33.7,32.6,33.4,49.6,64.4,37.9,1054,16.2
2005,131,40.6,38.7,25.1,60.2,68.4,26.1,1047,20.1
2006,131,33.2,34.3,35.2,46.6,59.3,28.8,1174,23.8
2007,131,28.4,23.7,21,41.9,41,32.5,1183,14.2
2008,131,31.8,34.3,19.4,44.1,37.7,30.8,1232,18.3
2009,131,36.3,33.7,32.5,60.4,43.7,38.3,1475,22.5
2010,131,39.3,35.2,30.2,45.2,70.3,28.9,1391,19.4
2011,131,30.8,37.3,25.4,39.7,74,25.6,1208,11.5
2012,131,39.9,36.4,30.3,46.9,65,31.5,1270,27.2
2013,131,48.2,52.3,39.5,56.6,74.9,35.7,1140,32.8
2014,131,40.56,40.63,35.61,64.43,43.71,22.6,680.89,22.71
2015,131,28.49,27.35,24.64,59.79,34.73,21,933.92,21.28
2016,131,42.3,48.9,42.4,59.2,59.3,27.9,1068,29.4
2017,131,29.36,30,21.5,48.04,50,27.3,1093.68,14.66
2018,131,28.3,30,25.5,45,37,25.5,1083,17.3
2019,131,44.2,41.4,37.3,63,64.1,32.9,939,11.3
2020,131,47.7,47.8,36.1,64,65.6,48,1590,26.4
2021,131,28.1,28.1,14.8,34.1,24.5,25.3,1182,7.8
2022,131,44.3,44.7,36.1,62.4,65,34.6,1471.5,24
2023,131,36,37.8,31.4,55.7,70,29.7,1491.5,20.5
2024,131,48.3,45.6,37.5,61.9,19.7,33.5,1217,14.9
2025,131,40.4,40.4,40.7,37,,45.3,1829,20.3
1990,132,35,34,,45,60,,,25
1991,132,26.8,25.8,,38,47.6,,,
1992,132,27.4,31.6,,39.4,27.9,,,15
1993,132,27,26,,,,,,
1994,132,33,,,,40,,,
1995,132,29.5,,28,40,40,,1500,
1996,132,29.5,25.5,,36,33.6,,840,
1997,132,21.4,20.8,,,,,,
1998,132,20.2,18.4,,,46.4,,,
1999,132,26.5,20.8,,32.5,40.1,,,
2000,132,21.9,19.9,,22.8,,,1308.2,
2001,132,9.2,,,,,,,
2002,132,14.3,23,,31.3,,,,
2003,132,13,14.8,,16.1,12.2,,,
2004,132,18.7,22.5,,40,47.8,,810,20
2005,132,,,,,48.3,,,
2006,132,26.4,27.2,,,40.4,,900,12
2007,132,30,27.2,9,32.7,,,900,10
2008,132,29.4,,,42.3,,,,
2010,132,30.8,31.6,,35.5,50.6,,980,27.7
2011,132,28.4,32.1,34,33.7,42.2,,871,18
2012,132,33.5,33,29,,,,1332,
2013,132,38.9,49.3,42.8,72.8,75.2,50,2386,37.5
2014,132,32.25,39.77,37.84,44.63,58.64,20.1,913.36,26.4
2015,132,16.12,26.76,20.12,35.56,37.7,,876.47,10.91
2016,132,32.6,50.7,42.6,62.6,48.2,37.5,1125,
2017,132,27.97,34.36,19.81,43.32,50,25,1080.32,
2018,132,31,32.5,17,65,50.5,30,1045,
2019,132,29.6,35.7,34.4,58.6,70,30,1200,
2020,132,35,35.2,27.3,60,60,20,1625,25
2021,132,21,26.9,20.8,33.7,37.7,12,1263,
2022,132,31.3,30.9,29.4,40.1,75,20,1466.5,
2023,132,26.7,27.6,21.8,29.8,44.6,15,1152.7,
2024,132,32.4,33.4,20.6,46.4,40.7,20,1293,
2025,132,33.1,42.3,38.6,48.7,53.2,30,1642,
1990,133,40.9,45.7,,52.5,65,,,25
1991,133,29.9,30,,38,50,,,
1992,133,29.2,29.6,18,35,50,,,15
1993,133,29.6,35.1,25,55.7,45,50,697,
1994,133,24.2,26.9,20,29.5,39.2,33,1033,18
1995,133,26.5,23.4,18,35,45,41.7,1325,20
1996,133,30.6,33.3,20,45.3,45.1,48.3,1285,
1997,133,24.9,29.1,11.3,40.4,37.9,28.1,100,15.8
1998,133,24.8,28,24.2,31.2,48.6,41.5,1500,20
1999,133,32.2,33.3,29.4,40.3,49.7,39.7,1356.8,21.5
2000,133,24.2,34.5,25.7,57.5,57.5,47.3,1599.6,
2001,133,18.1,20.7,12.1,29.2,30,17.9,680,
2002,133,20.5,27.5,,32.1,45,22.3,756,
2003,133,15.9,18.1,13,17.8,33.3,16.4,624,11.8
2004,133,26.5,35.4,30.4,51.6,58.4,48,1290,21.1
2005,133,29.3,31.5,17.1,,42.5,19.9,1206,18.3
2006,133,26.1,25.1,22.4,31.4,,27.7,1176,23.7
2007,133,25.4,29,18.3,,,27.4,1040,13.7
2008,133,25.8,24.6,,44.4,,20.5,978,
2009,133,,30.1,,,,35.5,,
2010,133,30.7,30.4,28.2,52.8,63.4,33.7,1327,
2011,133,38.2,44.1,27.8,60,65.6,25.1,1244,16.2
2012,133,26.2,35.2,20.7,,,23.5,1387,
2013,133,40.9,40.7,42.3,56.4,66.2,33.6,1589,27.4
2014,133,30.84,38.46,39.86,64.99,80.01,43,1710.91,22.68
2015,133,23.98,33.12,27.32,41.06,50.27,24.9,1046.8,14.67
2016,133,31.1,49.6,54.2,75,100,41.6,1484,23.2
2017,133,24.74,39.14,23.31,,17.29,22.1,1196.44,20.22
2018,133,36,33,37,,48,38,1097,27
2019,133,30.1,37.4,27.4,38.7,29.3,21,1105,
2020,133,33.3,46.1,35.1,40.1,,,1451,
2021,133,17.6,15.3,13,1.3,,16.4,950,
2022,133,31.9,34.9,24.1,27,,25.4,1122.8,16.4
2023,133,17.9,24.1,22.4,3.8,,25.5,1067.6,
2024,133,28.1,30.9,23.9,30.8,,28.7,986,
2025,133,37.8,37.2,37.1,41.9,,44,1981,28.7
1990,134,34.9,37.7,,47.7,55,,,15
1991,134,30,28.9,,38,42.7,,,20
1992,134,31.5,30.4,15.5,50.3,35.4,,,15
1993,134,31.1,31.8,25,60,80,16.1,1500,20
1994,134,27.5,25.1,,40,55.2,35,900,18
1995,134,21.6,24.5,12,40,50,6,,15
1996,134,27.8,30,14.1,38.8,56.6,,1200,
1997,134,25.1,24.2,23.8,35.4,40,,,15
1998,134,21.1,20.6,17.2,32.9,42.6,30,1251,15
1999,134,32.8,35.2,31.2,55.3,69.5,25,1732.2,22
2000,134,28.9,32.2,20.3,48.2,57,40.7,1294.2,18
2001,134,17.1,14.2,14.7,32.9,24,13.7,750,
2002,134,16.1,18.8,18.7,19.4,40,16.7,756,15
2003,134,17.5,18.6,11.9,26.2,31.9,15.9,770,10.7
2004,134,35.1,37.5,39.4,39.8,63.7,43.6,1671,17.5
2005,134,27.2,24.8,20.9,52.2,47.3,21.6,1000,16.9
2006,134,32.6,30.2,25.5,41.1,53.2,30,1116,20.5
2007,134,22.6,22.6,19.3,27.6,37,22.8,1151,15
2008,134,24.3,26,24.6,45.1,42.5,25,952,15
2009,134,24.9,32.4,27.1,35.6,45.9,30.3,1292,20
2010,134,31.2,35.3,30.5,42.3,45,29.1,1650,20.4
2011,134,28.5,35.8,31.7,40,27.7,21.8,1429,23.7
2012,134,25.6,27.7,24.5,48.5,60,25.4,1102,15.8
2013,134,37.8,47.1,36.3,74,55.9,42,1773,20.3
2014,134,29.54,34.63,32.51,43.39,,35.3,1593.72,16.59
2015,134,21.29,24.74,30.86,48.04,41.73,18.9,1092.99,31.2
2016,134,36.8,49.7,39.1,65.3,80.8,34.4,975,28.3
2017,134,26.54,38.99,22.4,30.18,,19.3,1157.12,20.25
2018,134,21.4,32,25.7,21,,9,996,10
2019,134,30.2,32.6,30.1,42.4,,22.1,1210,
2020,134,30.7,41.4,34.8,45.4,,28.3,1453,20.4
2021,134,6.9,11.2,10.3,4.4,,10.1,633,1.4
2022,134,24.8,32,21.3,30.5,,21.6,1041.6,
2023,134,31.9,26.2,22.4,27.9,,25.4,1117.7,
2024,134,20.6,24.7,14.5,13.7,,19,720,5.8
2025,134,,34,39.8,51.6,,30.5,1896,
1990,135,35.7,38.8,,45.3,60,,,19.5
1991,135,26.5,33,,38,50,,,20
1992,135,23.9,30,13,34.3,50,11.7,,11
1993,135,28.5,29.9,15,47.3,75,23.9,790,15
1994,135,25,27,17.5,32.9,65.2,21,1100,16.1
1995,135,18.3,22,11.8,30.2,42.5,9.6,641,13.1
1996,135,30.1,30.1,12.7,43.7,62.2,22.3,1504,15.5
1997,135,29.4,28.6,12.6,40.1,47.5,15.9,1095.5,13.5
1998,135,23.3,25.2,15.8,30.6,44.9,21.5,669.8,13.2
1999,135,31.2,30.2,27.1,49.5,62.1,44.8,1323.1,25.7
2000,135,31.4,30,25.2,52.6,57.9,32.4,1669.8,16.5
2001,135,16.5,12.8,18.2,23.4,25.8,19.7,819,
2002,135,26.5,26.5,22.1,38,42.6,20.3,1006,7.4
2003,135,19,19.4,11.2,25.2,32.6,21.6,856,14.8
2004,135,36.1,40.8,29.6,48.5,57.3,36.9,1342,28.8
2005,135,30.6,35.4,25.7,47.9,35,29.7,1154,
2006,135,31.2,34.1,,43.3,38.5,29.9,1122,
2007,135,19.4,16.6,11.3,18.4,,18.4,643,
2008,135,30.4,31.7,20.9,45.3,,33.5,1408,
2009,135,28.5,28.6,22,32.2,30,26.2,1350,
2010,135,37.3,35.3,30.4,44.8,50,27.7,1572,25.1
2011,135,39.5,40,34.3,40.3,,26.5,1333,19.3
2012,135,34.2,37.3,25.7,55.1,,34.4,1455,19
2013,135,40.6,50.9,43.3,66,40.9,42.9,1828,34.1
2014,135,33.84,35.49,30.62,49.45,33.6,23.8,1268.14,22.81
2015,135,30.59,30.26,27.43,47.21,46.08,25.9,1275.93,27
2016,135,38.7,54.6,45.4,67.9,70.1,34.5,931,29.8
2017,135,27.05,40.75,29.61,55.27,67.11,24.6,1216.5,18.51
2018,135,19.2,32.9,25,26,21,26,890,13
2019,135,39.2,40.3,33.8,56.7,51.8,21,1250,10.9
2020,135,46.6,49.5,40.7,61.4,,44.1,1627,25.2
2021,135,12.1,9.9,12.4,5,5.1,12.7,631,8.5
2022,135,31.1,36,29.1,43.9,,26.3,1172,16.3
2023,135,35.2,24.5,22.6,33.8,4.6,24.1,1095.3,
2024,135,28.2,21.9,17.4,30.6,,15.9,809,
2025,135,43.5,34.8,41.2,49.2,,39.7,1667,19.5
1990,136,30.9,27.6,,37.7,44.5,,,17.5
1991,136,29.3,27.7,,32.9,65.6,,,18
1992,136,22.5,29.1,,34.7,53.8,,900,13
1993,136,29.1,29.2,45,49.5,51.4,0,600,
1994,136,29.4,30.2,23.1,37.3,46.2,,1200,27.5
1995,136,27,24.7,16.5,32.2,45,23.3,908,24
1996,136,33.4,33.9,18.8,41.8,47.9,15,1202,18
1997,136,30.2,32.5,13.8,43.4,54.4,18.5,961.7,
1998,136,28.6,28.6,18.2,42.8,45.9,23.7,1108.8,
1999,136,32.6,36.4,24.9,47.5,50.1,45.5,1440.4,21.9
2000,136,31.7,38.6,24.4,48.8,63.4,44.5,1565.2,25
2001,136,18.1,17.8,18.4,31.9,27.5,13.8,1026,17
2002,136,23.3,25.7,12.5,32.2,46.7,28.1,765,20
2003,136,24,24.7,18.6,28.6,31.6,26.2,925,9.4
2004,136,35,40.2,26,54,53.6,44.5,1572,20.5
2005,136,27.1,27.7,16.4,43.9,,28.5,1239,20.2
2006,136,25.7,28.3,12.2,35.4,48.1,25,832,
2007,136,19.7,19.6,10,21.6,,22.7,747,10.7
2008,136,34.1,26.7,,,,25.7,949,
2009,136,32.4,29.4,,,30.4,22.5,953,12.6
2010,136,33.4,33.6,30.4,47.8,58.4,26.4,1674,21.1
2011,136,38.2,39.3,27.6,55.6,56.5,26,1695,25.6
2012,136,29.6,30.9,25,51.5,,26.3,1380,23
2013,136,43,42.8,33.6,56.5,,35.8,1814,35.6
2014,136,31.59,34.26,35.17,37.8,,24.4,998.81,21.53
2015,136,32.63,31.16,32.37,46.85,74.96,20.2,1209.54,20.66
2016,136,34.9,49.5,41.8,67.8,,32.2,820,26.7
2017,136,39.41,36.26,28.23,59.73,,26.5,1286.09,21.31
2018,136,40,35,27,53,,28,1292,
2019,136,51.4,46.4,37.5,74.3,,38.4,1371,
2020,136,49.8,53.4,39.8,77.6,,34,1356,
2021,136,15.7,13.5,14.9,24.5,,15.1,690,9.1
2022,136,42.7,34.5,25.8,61.5,,27.5,1057.4,21.2
2023,136,30.8,23.8,20.2,44.4,,23.3,938.8,14.9
2024,136,30.1,21.9,15.7,39.2,,20.7,753,
2025,136,37,37.7,37,54.6,,29.9,1588,
1990,137,31.5,30.6,15,39.9,52.5,,,15
1991,137,31.5,37.2,,37,55,,,22
1992,137,30.7,34,15,51.1,57.5,,1200,15
1993,137,32.6,35.1,25,53.8,72.1,,921,15
1994,137,28.4,28.7,19,40.3,51,13.3,1056,17.3
1995,137,32.5,34.6,20.6,49.2,70.7,16.7,905,16
1996,137,35,33.9,27.4,42.6,53.7,28.3,1234,17.5
1997,137,33.6,32.6,21.3,48.9,55.8,28.9,1291.1,16
1998,137,28.3,28.3,21.9,38.6,46.5,30.9,967.5,12.5
1999,137,34.8,32.7,27.4,44.8,46.4,36,1376,20.3
2000,137,36.4,37.8,27,52.2,58.1,44.2,1366.5,
2001,137,18.4,17.7,12.2,33,,11.4,574,
2002,137,22.5,22.8,25.1,37,45.9,27.4,825,
2003,137,20,21.1,13.7,29.7,26,24.3,968,
2004,137,37.1,43.4,31.1,56.7,66.7,49.5,1870,14.4
2005,137,37.3,39.8,18.8,54.4,75.6,36.2,1253,21
2006,137,25.4,31,20.6,48.1,,25.5,1272,17.6
2007,137,29.6,24,9.7,35.6,,24.1,896,
2008,137,35.4,32.5,35.3,70.7,,27.5,1214,
2009,137,33.4,31.7,,58.2,,26.8,1400,
2010,137,38.8,38.9,36.4,50.7,55,29,1614,33
2011,137,38.5,48.5,36.6,77.1,98.9,37.5,1839,24.4
2012,137,32.5,38.5,29,58.5,,32.3,1539,19.5
2013,137,45.2,52.8,40.4,74.2,118,47.3,2136,35.6
2014,137,37.09,37.59,40.4,63.12,50.21,37.3,1534.32,25.19
2015,137,32.71,34.08,39.42,56.6,,26.5,1568.69,30.35
2016,137,40.9,56.5,53.3,69.8,,51,1339,
2017,137,33.95,36.35,30.31,57.21,,28,1457.36,
2018,137,36,36.4,27,42.8,,25.3,1365,
2019,137,50,52.7,44,77.4,,44.4,1647,26.3
2020,137,48.8,48,40.3,70.8,,45.6,1539,
2021,137,17.3,12.8,15.9,15.9,,14,866,
2022,137,41.8,36.2,30.5,58.7,13.7,31.5,1256.5,15.3
2023,137,21.6,20.2,19.7,31.6,,18.1,840,13
2024,137,24.7,25.5,17.7,35.5,,27.2,934,14.5
2025,137,36,34.7,44.1,59.7,,25.1,1635,39.7
1990,138,29,23.3,,46.6,40,,,15
1991,138,38.9,34.9,,56.1,69.4,,,
1992,138,33.9,35.3,,55.2,35.3,,1200,14
1993,138,31.5,31.4,30,44.8,49.7,25,921,35
1994,138,30.4,27.2,23,32.8,27.5,25.1,871,18
1995,138,24,27,19.8,47,48.9,17.1,1342,15
1996,138,33.6,34.7,29.4,54.4,45.8,37.6,985,12.5
1997,138,29,28,22.4,47.9,53.1,30.9,1131.1,
1998,138,34.3,30.6,26.2,45.4,50.2,47.6,855.9,22.5
1999,138,31.2,31.7,30.9,49.3,49.1,41.3,1214.4,37
2000,138,32.7,32.5,25.6,45.9,43.5,49.7,1260.8,
2001,138,13.7,15.2,17,21.8,32.7,13.2,519,
2002,138,23.6,24.8,18.5,39.8,43.5,29.4,828,
2003,138,23.6,22.3,24.4,44,25.8,27.7,1378,7.4
2004,138,33.2,36.6,38.7,47.2,66.1,38.5,1732,34.6
2005,138,34.6,36.8,30.1,56.3,74.1,37.6,1213,17.6
2006,138,26,26,20.4,43.2,48.7,24.5,,16.1
2007,138,27.3,25.4,14.8,44.1,33.4,27.8,1350,
2008,138,33.3,37.2,30,54.5,63.7,35,,
2009,138,27.8,35.9,,33.1,40,30.7,1380,
2010,138,32.9,33.7,27.9,52.2,46.9,27.5,1348,15
2011,138,34.7,39.1,31.2,57.2,43,34.9,1605,
2012,138,35.6,37.6,29.9,54.9,64.7,34.1,1816,
2013,138,47.1,56.2,43.2,86.1,60.3,52.2,2162,28.8
2014,138,40.59,46.81,45.38,78.01,66.88,50.5,1770.11,25.54
2015,138,46.49,40.28,39.63,67.4,44.5,40.4,1499.86,27.08
2016,138,49.8,56.6,47.4,87.9,78.3,45.1,1098,
2017,138,47.35,37.6,28.5,48.92,,28.1,1461.85,
2018,138,30.3,34.2,28.5,50,48.5,28.1,1251,
2019,138,47.4,49.4,45,53.9,60,39.8,1889,26.1
2020,138,46.8,41.7,34,72.6,,52.4,1683,
2021,138,20.8,15.3,18.2,27.1,19.2,17,974,
2022,138,42.5,40,25.1,70,38.1,34.1,1362.9,
2023,138,21.2,16.2,18.2,28.7,18.6,15.3,831.1,
2024,138,34.3,31,23.5,41.7,28.3,27.4,1147,12
2025,138,32.9,37.2,43.5,51.5,58.6,27.2,1718,
1990,139,23.7,16.8,,19,39,,,10
1991,139,29.7,33.6,,42.5,68.2,,,
1992,139,31.8,31.6,,40,45.7,,1500,14
1993,139,31.8,30.6,30,50.4,70,,968,
1994,139,27.5,26.6,27.8,41.7,50,25,1302,15
1995,139,30.2,32.5,25,43.8,70,40,916,15
1996,139,36.2,34.7,21.2,48.9,64.3,30,1261,20
1997,139,31.3,29.6,15.8,52.1,56.7,21.7,966.5,17.5
1998,139,28.1,30.2,23.5,58.3,57.5,27.6,1080,
1999,139,36.2,34.4,20.2,60.3,69.2,37.2,1500,20
2000,139,26.8,28.8,28.5,44.9,36.2,36.5,1230,
2001,139,11.7,12.4,7,32.7,25,6,212,10
2002,139,22,23.4,,32.4,44,28.2,927,
2003,139,21.9,22,17.6,38.5,31.1,23.9,1031,
2004,139,38.1,39.1,36.7,62.7,70.1,47.3,1500,
2005,139,32,37.6,,57.4,68.6,36.9,1445,
2006,139,25.5,26.1,,44.6,40,21.7,1062,
2007,139,25.9,26.8,18,35.6,39.7,26.4,995,
2008,139,34.6,32.5,,47,45.1,28.9,1476,
2009,139,34.1,39.5,20,47.5,46.3,28.6,1751,25
2010,139,26.6,35,26.3,49.3,68.7,26.6,1192,
2011,139,38.6,36.7,31.4,62.3,57.5,37.2,1519,27.9
2012,139,34.9,36.3,29.6,55.2,74,32.7,1352,21
2013,139,42,42.8,34.8,64,70,43.7,2158,29.5
2014,139,37.9,36.02,34.1,66.66,80.01,33.3,1327.1,32.12
2015,139,32.1,34.92,30.71,54.96,46.2,24.4,1375.15,22.33
2016,139,,48.9,44.2,95.4,52.1,42.6,1217,
2017,139,34.39,36.61,26.02,48.95,51.33,27.4,1323.9,
2018,139,33,36,26,47,35,22,1115,
2019,139,42.5,41.3,31.1,50,47.5,31.1,1433,
2020,139,32,35.1,28.4,49.2,70.9,32.4,1341,
2021,139,17.4,14.9,12.7,16.3,15.2,16.2,763,
2022,139,23.1,21.5,9.8,23.3,34.1,16.5,856.5,
2023,139,11.8,9.5,6.9,10.3,3.2,11.3,475.9,
2024,139,21.7,20,15.9,29.3,,24.7,1003,
2025,139,19.9,22.9,23.8,33.2,,20.3,1016,15.6
1990,141,8.2,5.8,,16,20,,,4.5
1991,141,37.6,29.2,,42.4,69,,,
1992,141,26.6,29.7,,44.8,37,,,12
1993,141,33.8,32,,50,70,39,,
1994,141,30.8,22.5,22,,,25,,
1995,141,33.3,25.2,20,60.9,50,35.5,,
1996,141,29.8,25.6,,42.8,54,25,,
1997,141,26,24.5,,,45,,,
1998,141,30.6,33.1,,33.8,54.3,38.7,,
1999,141,35.1,35.9,,54.8,54.4,42.7,,
2000,141,27.3,26.5,,39.5,51.3,27,,
2001,141,8.9,11,,,,6.1,,
2002,141,21.6,20.7,,,37.1,29,,
2003,141,26,21.8,,70.5,19.9,24.1,,
2004,141,33.8,30,,0,54.1,32.9,,
2005,141,37.5,38.8,,,59.6,42.5,,
2006,141,29.4,27.8,,,44.7,23.5,,
2007,141,27,28.3,,,47.5,30.1,,
2008,141,39.2,36.1,,,47.5,,,
2009,141,39.2,43.3,,,65,28,,
2010,141,28.8,31.1,50,28.9,59.1,21.8,1600,
2011,141,34.1,31.8,40.1,54.2,52,36.7,2005,
2012,141,33.4,33.8,35,38,40,34.5,1857,
2013,141,36.9,39.5,47.9,70.4,,43,2399,
2014,141,32.06,32.56,32.56,49.45,,29.3,1379.18,
2015,141,34.47,34.78,32.85,48.29,,23.1,1472.96,
2016,141,47,43.5,52.9,48.4,,43.4,2398,
2017,141,30.03,28.89,22.02,31.5,,23.4,1184.82,
2018,141,41,28.9,,34,,23.4,1025,
2019,141,32.8,20.7,,27.1,,24,1056,
2020,141,27.9,19.2,,24.2,,19,1087,
2021,141,9.6,7,5.8,8.9,,6.8,622,
2022,141,12.8,16.5,7.5,23.9,,15.7,820.1,
2023,141,7.3,5.1,3.4,7.7,,7.3,387.8,
2024,141,19.3,15.8,2.1,15.9,,16.7,916,
2025,141,11.7,9.6,,16.4,,7,683,
1990,142,6.9,5.1,,15,13,,,3.5
1991,142,37.9,39.4,,35,68,,,
1992,142,35,38.9,,31.1,28.5,,,10
1993,142,35,30.4,,54.1,,,,
1994,142,29.6,29.4,,45,90,,,10
1995,142,36.9,37.6,27.5,59,95,,1300,
1996,142,32.5,32.8,,34.5,60,,,
1997,142,26.8,28.2,19,40.1,60,,95,18
1998,142,28.7,31.6,18.9,47.9,74,,,
1999,142,35.6,33.8,27.5,56.4,88.1,34.7,1500,
2000,142,24,23.5,16,42.5,41.8,21.2,551,20
2001,142,6.8,8,,9.7,12.7,6,240,
2002,142,20,22.5,,38.3,61.8,20,600,
2003,142,26.4,26.1,8.2,39.8,53.6,19,1000,
2004,142,37.1,40,27.5,71.6,102.5,42.2,1500,22.5
2005,142,36.2,32.8,,50.1,80,32.9,1800,
2006,142,32.2,30.6,15.5,50.3,47.2,30.1,,
2007,142,28.4,27.5,,50.4,45,28.9,,
2008,142,35.2,33.2,,57.5,62.1,29.1,,
2009,142,33.8,34.4,,67.5,79.8,29.1,,25
2010,142,32.1,31.5,30,45.2,102,37.4,863,22
2011,142,29.7,34.7,24.2,49.4,51.6,31.6,1400,18.3
2012,142,36.7,37.7,33.2,46.6,80,36.1,1833,
2013,142,37.4,41.2,30.2,52.2,62.5,36.4,2198,
2014,142,38.29,35.4,33.12,45.7,,37.8,1663.89,17.05
2015,142,30.47,33.33,25.7,43.87,28.79,18.9,1423.9,
2016,142,36,40.3,42.1,55.2,,36.9,1923,39.9
2017,142,32.39,34.03,17.71,35.36,,27.1,1397.21,
2018,142,29.2,29,20.4,35.4,,23.1,1114,
2019,142,27.4,24.3,14.9,34.9,,22.3,930,
2020,142,28.8,27.3,14.6,36,,30.8,1124,
2021,142,11.7,8.5,9.8,13.9,,11,560,
2022,142,26.4,28,19.9,31.7,,27.7,1020.7,
2023,142,6.3,7.7,4.8,9.8,,8.7,255.7,
2024,142,21.6,20.8,12.5,31,,21.5,1280,
2025,142,16.1,15,15.3,31.4,,12.2,791,14
1990,151,35.5,33.5,23,70.2,72.5,,,22.7
1991,151,31,31.7,26.2,43.6,61.6,,,25.3
1992,151,34.9,22.6,26.4,59.3,67.8,,700,14
1993,151,28.5,25,24.7,59.5,76.5,26.4,977,25
1994,151,25.8,30,17.5,45.2,54.4,22.3,853,20
1995,151,27.9,20,15,44.8,55.8,20.9,750,19
1996,151,32,32.5,25.7,55.5,68.3,24.5,1400,20.7
1997,151,27.1,38.3,22.6,58.9,54.2,29.6,825,19.2
1998,151,35.9,33.4,21.3,53.1,66.6,27,700,21.6
1999,151,25.5,27.5,21,33.1,42.8,24,,18.9
2000,151,30.3,34.2,24.4,48.2,64.1,31.5,758.3,18.2
2001,151,32.3,37.5,26.1,61.9,65.3,33.6,504,23.3
2002,151,33.2,27.5,25.6,40.2,68.1,38.4,,19.6
2003,151,27.5,28,14.9,50.4,41.7,23,,15.1
2004,151,32.5,30,19.1,44.7,77,30.1,1440,13.9
2005,151,31.3,34,27.8,50.9,73.4,23.4,,21.5
2006,151,28.8,30,26.8,48.6,64.2,21.3,800,20.6
2007,151,22.7,30,21.2,39.6,67.2,34.8,,17.5
2008,151,33.6,35,31.9,50.9,53.4,36,,21.3
2009,151,38.9,32.5,32,55.5,78.8,34.4,,23
2010,151,30.2,30,22.9,38.9,54.1,16,,16.4
2011,151,29.9,25,15.3,32.9,46.9,15,,16.3
2012,151,34.5,30,21.3,34.6,57.7,13.5,,14.5
2013,151,54.9,35,40.2,72.9,80.6,40,,23.6
2014,151,42.37,30,28.71,43.33,70.99,,,17.74
2015,151,37.61,27,39.18,58.34,76.43,,,23.23
2016,151,47.7,35,38.3,59.6,74.9,27.8,1199,28.3
2017,151,45.32,40,39.56,48.57,51.61,,,30
2018,151,53.4,,42.6,64.5,75.5,,,35
2019,151,53.7,35,46.2,64.5,71.4,59.6,,35
2020,151,52,40,42.8,78.5,76.8,,2875,30
2021,151,42.3,,30.6,62.1,68.5,,1856,25
2022,151,50.4,,41.2,76.3,91.4,,974.4,
2023,151,52.8,35,41.9,51.4,70,,,25
2024,151,58,35,44.6,58.7,73.5,,,30
2025,151,73.3,,51.9,86,97.4,67.7,1418,36.6
1990,152,36.5,32,25.4,55,64.5,,,29
1991,152,28.8,28,26.1,42.5,65.7,,,17.3
1992,152,37,27,19.6,66.8,74.5,40,1500,15
1993,152,22.8,20,21,54.2,73.2,32.2,919,15
1994,152,39.8,30,19.7,50.2,63.4,32,870,19.4
1995,152,27.8,22.5,12.9,48.6,49.8,29.6,1000,17.5
1996,152,32.1,26.2,29,60.2,69.1,28,1050,24.3
1997,152,26.3,23.2,22.2,47.8,47,27.6,500,17.4
1998,152,33.3,26.5,23.9,46.2,56.4,28.4,1100,22.5
1999,152,29.8,33.5,21.1,55.1,56.9,21.5,1000,19.3
2000,152,32.9,27.5,24.9,52.5,57.8,27.9,1200,19.5
2001,152,32.1,30,18.6,49.8,53.6,27.1,1200,20.1
2002,152,29,25,24.6,52.9,54.3,28.3,900,20
2003,152,25.6,20,18.5,48.7,35.5,27.9,750,17.7
2004,152,28.1,25,18.3,56.9,55.2,40,1200,17.5
2005,152,23.5,,22.3,50,62.8,,,20
2006,152,23.9,,22.7,44.1,41.1,30,,16
2007,152,30.3,,24.4,48.2,42.9,,,
2008,152,38.9,,36,63.1,52.3,,,
2009,152,40.8,,42.4,60.3,67.9,37.7,,
2010,152,32.8,,26.1,38,66.6,17.4,,11.5
2011,152,22.9,,17.3,28.9,50.9,,,13.3
2012,152,34.9,,20,36,42.5,21.5,,16.2
2013,152,49.9,,41.3,91.7,93.9,49.8,,16.7
2014,152,39.83,,29.49,59.28,88.85,27.8,,21.36
2015,152,41.44,,43.27,64.03,66.91,34,,19.01
2016,152,45.7,45.9,38.7,56.7,63.2,35.3,,27.4
2017,152,49.79,,37.45,71.83,79.78,35.5,,31.71
2018,152,54.3,,40.6,,68.4,34,,
2019,152,58.1,,45.2,60.8,71.4,48.4,,
2020,152,53,,41.8,,70.4,48.2,,
2021,152,42,,28.1,66.7,50.3,29,,11.5
2022,152,51.8,,36.1,,78.6,38.5,,25.8
2023,152,50.2,,40.3,67,48.8,,,
2024,152,53.7,,34.2,58.3,62.2,,,
2025,152,60.9,,42.9,76.6,77.8,,,
1990,153,31.9,29,22,55,50,,,23
1991,153,30,29,30,35,60,,,17
1992,153,18.2,25,18.5,30,57,,,15
1993,153,20.1,24,22.9,56,66,17.6,743,18.4
1994,153,19.6,22,12.4,32,38.3,13.8,,19.6
1995,153,24.1,25,13.5,41.1,54.5,13.3,,18.8
1996,153,22.9,30,23.4,56.7,54.3,25,,21.9
1997,153,18.3,20,18.7,31.1,42.2,,,16.2
1998,153,23,26,19.8,36.2,50.7,23.6,,18.2
1999,153,25.1,21,19.7,40.4,44.3,28.6,,14.8
2000,153,25.3,25,18,35.3,53.1,,,17.4
2001,153,23.5,23,20.5,48.9,48.4,,,20.1
2002,153,27,32,20.7,43.3,55.2,,,18.8
2003,153,20.6,29,15.1,25.4,31.6,15,,12.1
2004,153,23.9,22,14.7,40.2,37.5,,,9.5
2005,153,25.3,29,23.6,55.6,56.5,24,,20.7
2006,153,28.3,28,30.2,55.6,61.5,25,,15.3
2007,153,22.8,23,18,48,43.8,,,14.7
2008,153,28.1,,30,65.9,63.9,,,21.4
2009,153,31.7,,36,61.7,83.3,,,28.8
2010,153,25.3,,23.7,42.9,50.1,25.1,,14.5
2011,153,27.8,,18.1,35.1,35.4,,,10.2
2012,153,28.8,,15.9,27,45.1,,,17.7
2013,153,47.1,,33.1,62.9,84.4,,,26.6
2014,153,29.08,,25.69,39.45,67.19,,,18.53
2015,153,34.39,,34.06,76.64,79.88,,,18.52
2016,153,40.1,,40.9,53.1,79.7,53.3,,23.3
2017,153,43.43,,31.03,57.06,74.67,,,23.56
2018,153,62,,34.8,75,86,64,,28
2019,153,59.9,,44,89.9,112,40.6,,32
2020,153,53.2,,43.1,69.3,97.5,,,25
2021,153,43.1,,27.4,70,76.2,36.6,,20.6
2022,153,54.6,,41.3,61.9,121.6,,,26.6
2023,153,49.2,,37.4,84,79.6,20.9,,18.9
2024,153,59.8,,40.9,93.5,107.3,58.1,,
2025,153,71.4,,48.6,100.6,117.2,47.7,,32.6
1990,154,34.1,32.8,26.8,62.5,72,,,26
1991,154,34,30.7,24.6,35,55.7,,,30.6
1992,154,29.9,21.5,20.7,50.5,51.5,,1097,15
1993,154,24.4,25,22.3,50.6,69,31.5,830,19.6
1994,154,23,23.3,20.6,44.2,65,27.6,726,21.7
1995,154,24.7,25,12.6,46.4,52.8,25.3,1650,14.3
1996,154,32.8,31.9,26.7,57.9,65.4,29.3,1200,19.5
1997,154,22.9,24.8,19.3,44.7,49.6,21.3,966.6,17.5
1998,154,26.7,34.7,19.3,46.5,53.7,34,,16.8
1999,154,27.9,29.6,22.4,42.4,50.1,29.6,,19.4
2000,154,31.5,29,20.9,48.8,53.6,28.3,890,14.8
2001,154,31.9,30.3,23.2,56.5,61.6,30.6,,20.5
2002,154,29.7,30.2,19.7,47.1,49.3,28.1,,18.1
2003,154,25,26.1,18.8,33.6,38.3,24,700,15
2004,154,26.7,23.8,20.6,44.6,52.1,33.9,,11.3
2005,154,34.2,36.2,24.3,53.1,59.7,27.2,,21.8
2006,154,33.8,27.5,29.4,58.4,60.4,30,,20.7
2007,154,33.5,36.2,22.2,50.5,53.3,35,,19
2008,154,36.9,35,31.2,62.3,79.6,41.3,,23.1
2009,154,38,,32.5,60.4,64.3,39.8,,21.1
2010,154,34.2,24,30.3,44.9,62.6,25.8,1330,19.4
2011,154,32.5,,17.9,35,50.5,25.9,,19.8
2012,154,33.9,,22.9,40.1,47.8,26.7,,20.5
2013,154,51.6,35,35.9,73.9,83.5,42.9,2161,32.4
2014,154,38.19,,31.47,51.35,68.98,20.5,1326.11,23.11
2015,154,43.52,,36.44,69.33,82.46,45.4,,30.29
2016,154,44.9,54.5,41.5,64.6,64.9,41.8,1947,29.3
2017,154,53.18,,37.78,66.02,78.95,36,2256.31,26.63
2018,154,53.2,,37.8,67.9,77.5,36,2557,23.5
2019,154,57.1,,44.1,93.6,102.7,46.7,2562,26.8
2020,154,48.8,,38.9,72.4,77,41.6,2097,25.9
2021,154,41.1,,24.2,48.3,57.6,36,1790,16.1
2022,154,48.2,,38.6,69.2,90.8,43.9,1175.1,29.1
2023,154,47.3,38.3,35,71.7,82.8,37.2,,18.5
2024,154,49.8,45.6,33.7,69.9,86.5,43,,23.2
2025,154,64.4,59,40.3,93.4,118.7,55.7,2659,29.8
1990,155,37.6,38.3,23.8,58.3,60,,,26.7
1991,155,34,38.4,31.4,48.1,49.2,,,24.5
1992,155,33,25,21.4,57.5,40,16.7,800,16
1993,155,28.9,39.3,24.8,47.6,56.4,26.7,1134,21
1994,155,22.6,25.4,19.2,46.3,55,25.1,666,22.7
1995,155,24,23.9,15,29.4,42.1,17.9,532,16.8
1996,155,35,38.8,27,64.3,72.2,27.5,864,24.1
1997,155,23.8,26.6,18.2,43.7,51.5,26.3,875,18.1
1998,155,31,33.9,21.4,51,61.8,35,949.8,18.8
1999,155,36.4,41.8,25.4,56.4,68.8,36.8,1095.2,19.1
2000,155,34.9,38.3,27.5,55.9,73.8,44,655.2,17.9
2001,155,30.5,29.6,22.3,53,57.2,30.1,896,20.5
2002,155,31.5,31.4,21.6,54.4,58.6,31,1059,17.9
2003,155,26.9,30.5,17.2,41.1,45.9,25,850,14.6
2004,155,34.8,33.6,21.8,66.8,57,51.3,990,14.9
2005,155,41,43.7,30.8,57.3,70.3,26,1100,24.9
2006,155,38.1,32.4,29.1,59.1,69.5,38.9,1200,21.4
2007,155,33.1,36.5,26,51.1,72.9,42.9,1200,22.7
2008,155,41.2,39.7,33.5,61.5,80.2,38.5,1200,25.1
2009,155,39.3,43.4,37.8,65.2,63.2,46.4,1500,25.6
2010,155,27.8,33.9,26.3,37.7,68.2,18.5,636,22.1
2011,155,25.6,36.4,18,41.5,45.3,20.7,1561,17.2
2012,155,32,36.3,22.2,41.1,56.9,27.8,1100,18.2
2013,155,55,54.6,35.5,74.7,83.1,43.5,1200,34.4
2014,155,40.22,44.77,30.84,66.45,67.08,18.7,857.37,26.04
2015,155,43.98,47.15,36.07,67.69,67.04,44.3,2550.14,31.07
2016,155,53.8,62.8,43.6,78.6,84.6,37.5,1755,30.5
2017,155,50.33,50.52,38.91,72.22,72.94,40.6,1564.96,27.12
2018,155,51.3,47,39.7,78.1,76.5,50,2321,27.1
2019,155,58.7,50.9,49.3,88.1,106.2,53.2,2100,32.6
2020,155,45.8,46.5,39.6,67.2,70.4,42.1,1978,24.2
2021,155,52.1,49.6,30.1,59.1,63.6,37.4,1819,18.8
2022,155,59.7,68.9,44.1,84,116.3,50.3,1785.7,35.9
2023,155,58.3,42.9,42.8,77.4,116.7,39.4,2019.1,26.8
2024,155,61.1,48.1,38.5,87.2,78,42.3,1485,26.9
2025,155,64.3,63.5,46.9,97.3,80.4,52.3,1323,31.6
1990,156,33.3,38.4,22,52.3,60,,,25.7
1991,156,32.9,36.6,27.3,41.5,34,,,25.2
1992,156,34.4,35.3,29.1,45.4,40,25.3,1479,12
1993,156,32,35.3,20.1,60.2,69.2,22.6,868,23.3
1994,156,23.7,24.2,21.6,53.5,68.8,21.6,947,21.4
1995,156,31.4,33.1,13.7,52.7,71.1,21.1,1348,17.7
1996,156,38.1,34.1,24,51.9,82.8,34.8,,23.2
1997,156,23.1,19.3,16.6,45.6,52.4,22.9,900,16.2
1998,156,34.5,30.8,20.9,44.8,62.3,37.2,1424.9,18.5
1999,156,37,36.1,25.2,59.3,64.9,40.8,1574.9,20.1
2000,156,27.5,33.9,25.5,49.4,59.4,37.5,1362.2,16.5
2001,156,25,24.3,17.5,43.7,49.5,27.4,1224,14.8
2002,156,31.4,30.8,24.9,45.8,54.6,29.9,944,16.6
2003,156,19.9,20.3,17.3,31.9,36.7,20,813,15.4
2004,156,30.3,33.1,28.8,59.5,65.6,39.6,1298,20.6
2005,156,40.2,38.8,36.6,63.7,75.5,40,1632,27.2
2006,156,33.6,34.9,30,53.4,65,32.5,1332,21.1
2007,156,36,31.7,31.3,49.4,59.4,37.6,936,23.1
2008,156,39.6,39.7,41.4,64.5,73.4,36.8,1846,28.9
2009,156,40.1,37.8,33.2,55.5,68.9,39.8,1383,26.4
2010,156,38.6,30.6,29.5,39,60.4,29.4,1284,18.4
2011,156,39.3,30,30.6,20.4,46.3,23,780,20.7
2012,156,34,33.7,26.9,29.5,62.1,27.2,1095,22.8
2013,156,52.4,55,42.3,72.6,93,44.3,1709,29
2014,156,45.57,42.18,36.5,42.39,57.47,18.7,815.7,25.76
2015,156,43.41,42.05,44.32,47.93,60.42,38.7,1741.26,22.95
2016,156,52.7,48.7,47.5,62.7,90.6,44.5,1441,28.8
2017,156,51.67,42.98,41.83,58.99,73.99,38.5,1348.5,17.47
2018,156,59,48.5,42,68,86,43.5,1797,24
2019,156,47.9,47.9,45,61.8,70.5,42.9,1724,20.1
2020,156,47.6,47.6,42.8,65.7,69.3,44.3,2376,24.4
2021,156,45.7,36.4,34.4,66.5,61.5,35.5,1803,20.2
2022,156,66.8,67.9,54.5,77.6,128.1,52.8,2298.7,40.2
2023,156,55.8,57.2,45.8,74.4,87.2,52.3,2208.5,25.5
2024,156,63.6,45,37.3,84,112.7,42.6,2149,30
2025,156,65.4,54.3,50.1,81.1,111.5,52.5,2835,25.9
1990,157,33,31.2,23.5,67.2,64.8,,,25
1991,157,36.4,33.6,30.5,45.9,45,,,33.3
1992,157,27.5,27,28,65.1,58.3,40,1700,32
1993,157,26.5,34.3,28.7,52,58,30.3,956,25
1994,157,22.4,34.1,20.4,33.9,61.9,24.6,996,20.4
1995,157,25.1,24.1,15.8,42.8,53.1,24.5,1000,19
1996,157,35.2,27.4,22.9,49.9,55.3,26.6,1155,21.3
1997,157,22.9,22.8,16.1,40.6,43.2,26.1,1012.4,16.7
1998,157,28.9,29.7,23.6,54.5,56.3,33.1,1060,21
1999,157,29.8,30.2,25.5,49.6,51.2,35.3,1339.7,21.7
2000,157,30.5,29.8,23.9,42.6,47.4,30.5,685.5,15.4
2001,157,24.7,24.3,17.2,42.9,46.7,24.6,970,16.4
2002,157,28.5,33.1,22.6,48.6,56.9,26.9,759,20.1
2003,157,23.7,24,17,37.6,35.4,16.6,964,15.5
2004,157,25.2,22.1,26.7,56.9,59.6,45.6,,11.9
2005,157,33.2,34.2,30.4,58.6,65.4,25.7,978,25.1
2006,157,28.9,27.6,24.1,50.8,56.9,32.2,,18.8
2007,157,26.2,40.5,25.4,54.2,61.5,45.6,,19.7
2008,157,33.4,35.1,33.4,57.7,78.6,37.2,,23.3
2009,157,40.2,42.2,41.1,57.3,76.7,46.5,,28.1
2010,157,28.4,27.5,26.5,39.7,54.6,24,893,15.7
2011,157,37.2,44,30.4,41.5,40.1,18.6,970,19.6
2012,157,33.9,37.1,24.7,52.5,48,25.7,1055,20.5
2013,157,52.6,54.6,39.8,79.2,66.1,30.8,1156,27.7
2014,157,35.25,38.59,30,56.43,62.84,18,763.44,22.9
2015,157,41.03,39.23,40.16,59.12,54.04,37.5,1603.44,22.06
2016,157,45.3,45,41.2,72.3,70.3,24.4,681,28.5
2017,157,47.17,55.75,30.26,64.61,80.5,36.9,1724.15,20.9
2018,157,54.1,55,37.1,70.3,61,45,1774,24.5
2019,157,49.8,55.7,41.7,60.4,43.3,41.6,1881,26.1
2020,157,52.3,53.1,39.2,63.2,63.9,47.1,2149,27.7
2021,157,42.4,36.1,27.5,42,34.8,30.2,1468,17
2022,157,60.1,65.4,43.4,72.7,70.6,39.4,1355.8,35.2
2023,157,66.7,49.4,47.8,76.3,,45.7,2469.2,27.8
2024,157,55,44,34.5,65.4,81.7,38,1836,22.7
2025,157,65.4,54.9,45.2,78.9,61.9,51.1,2613,32.2
1990,158,31.3,29.4,19.8,65.6,67.5,,,25
1991,158,29.8,36.8,31.5,42.5,55,,,16.5
1992,158,29.9,28.2,30,57.9,40,25,631,20.5
1993,158,26.5,32.3,24.5,48,65.9,29.3,1000,25.1
1994,158,27.1,31.6,23.4,48.5,61.6,23.4,1201,19.9
1995,158,27.1,27.8,19.4,41.1,55.1,22.6,1441,27
1996,158,31.3,34.5,23,52.8,74.4,23.6,670,23.3
1997,158,24.2,24.5,18.3,43.4,72.2,24.8,1255,19.4
1998,158,28.8,32.2,21.6,50.6,57.3,34.1,1497.6,20.9
1999,158,29.8,32.7,25.2,54,48.4,29.9,1270.9,20.3
2000,158,29.8,35.3,26.7,49.6,61.7,36.2,1128.1,20.9
2001,158,28.2,34.4,22,49.3,43.3,23.3,1117,20.6
2002,158,29.5,33.4,19,37.9,48.5,27.1,798,20.5
2003,158,28,28,13.1,31.6,33.2,18.6,1364,14.1
2004,158,27.7,29.1,24.5,40.8,54.1,37.7,988,15.3
2005,158,32.6,39.6,29.8,43.4,56.4,33.3,1506,24.4
2006,158,30.8,38.9,26.4,55.1,63.8,19.6,1276,23.6
2007,158,26.5,28.7,22.3,59.9,70,33.9,1232,17.7
2008,158,29.5,36.6,25.6,53.3,51.2,26.8,1020,22.5
2009,158,42.2,42.5,41.9,67.6,76.8,34.7,1548,25.8
2010,158,35.4,33.3,33.5,42.5,52.4,31.8,1183,14.2
2011,158,32.9,36.8,26.2,48.3,64.6,20.7,651,19.4
2012,158,35.8,37.8,26.2,49.1,42,29,1439,23
2013,158,49.8,49.8,40.7,74.2,65.7,51.3,1420,25
2014,158,28.79,34.34,28.48,47.87,48.37,21.3,553.05,22.7
2015,158,34.47,36.92,38.63,50.08,68.65,30.3,1120.12,22.49
2016,158,48.4,50.1,46,67.8,66.9,38.7,1344,27.1
2017,158,40.88,43.72,30.45,65.36,,32.2,1464.73,19.7
2018,158,44.7,43.9,37.2,68.2,74,40,1646,22.8
2019,158,50.8,51.5,47.4,70.9,113.5,40.1,1497,24.6
2020,158,55.3,50.2,37.5,76.5,88.3,40,2033,27.4
2021,158,35.4,31.6,19.7,40.2,,23.9,1345,13
2022,158,55,55.9,42.8,74.6,,47.7,1807.7,31.8
2023,158,61.5,54,44.9,79.3,,45.6,2125.2,27
2024,158,50.3,43.7,30.8,59.4,,36.3,1672,18.4
2025,158,56.9,59,44.8,80.3,,45.7,2254,25.9
1990,159,39.3,41,,57.5,70,,,22.7
1991,159,28.5,29.4,,30,45,,,20
1992,159,30.4,29.7,30,48.9,51.2,30,982,9.6
1993,159,24.9,31.7,20,52.3,69.9,33.7,1374,21.3
1994,159,26.4,29.3,26.2,50,80,21.9,1083,21.8
1995,159,27.1,30.4,19.9,53.2,80,28.1,1293,23.9
1996,159,30.2,36,24.9,64.8,71.4,28.8,1025,22.6
1997,159,26.5,34.3,18.9,46.7,57.2,31.1,890,17.6
1998,159,31.6,32.4,14.6,51,59.5,33.7,1347.4,22.3
1999,159,34.8,40.1,30.3,56.5,63.8,40.6,1844,25.8
2000,159,27.1,30.6,24.6,40.2,53.7,35.2,1173.2,16
2001,159,30.7,33,20.5,46.2,63,27.3,1300,20.1
2002,159,29.3,21,11.1,44.1,43.3,23.3,883,15.2
2003,159,23.4,27.2,17.6,39.2,51,24.6,822,14.7
2004,159,33.1,25.9,37,63,69.6,40,1217,11.1
2005,159,36.2,46.5,38.8,53.6,70.1,34.1,1615,24.2
2006,159,33.2,36.1,28.4,59.5,59.7,32.7,1240,21.4
2007,159,31.4,39.9,26.3,53.6,47.4,29.9,1464,20.1
2008,159,38.3,43.5,39.4,43.2,64.3,37.1,1545,23.2
2009,159,50.9,50.2,37.9,49.6,68.3,40.3,1772,24.2
2010,159,37.2,38,36,46.9,38.7,28.5,1230,22.9
2011,159,43.9,39.7,27.7,40.4,49.2,18.4,618,22.3
2012,159,38.8,51.5,33,43.5,68,35.6,1814,25.3
2013,159,51.3,61.5,42.5,61,104.8,44.8,2142,24.4
2014,159,30.64,44.13,32.07,32.84,67.13,25.1,792.84,18.65
2015,159,15.38,35.08,41.81,45.75,60.66,22.1,1305.66,20.46
2016,159,44,55.7,48.2,61.1,,48.5,1517,28.7
2017,159,39.59,46.84,27.52,60.03,,28.2,1446.75,20.72
2018,159,43.8,47.7,38.8,55.7,64,35.4,1761,20.7
2019,159,57.3,57.5,49.2,77.4,131.8,42.5,1872,24.7
2020,159,57.8,63.5,46.4,77.2,141.5,44.2,1971,30.1
2021,159,35.3,33.3,17.8,49.4,93.5,26,1534,5.2
2022,159,53.1,57,48.1,71.6,,49.4,1888.6,27
2023,159,52.3,55.7,47.4,69.7,,32.1,1996,
2024,159,50.2,53.9,42.9,78.9,,41.4,2042,23.5
2025,159,58.8,63.3,52.4,87.5,,59.8,2638,33.2
1990,160,38.2,36.8,,54.7,65,,,25
1991,160,28.8,35.5,,37.5,53.1,,,15.7
1992,160,30,34.4,18,56.6,53.6,,643,15
1993,160,32.6,33.1,25,60.8,79.7,27.7,1090,23.8
1994,160,30.7,38.9,22.9,50.8,51.7,44.9,1387,21
1995,160,26.4,32,23.1,50.2,50.7,33.2,1351,21.1
1996,160,35.3,41.5,24.5,55,56,35.2,1107,23.5
1997,160,31.6,36.3,22.1,51,58.2,33.9,1281.3,20.2
1998,160,26.5,32.6,18.8,40.4,50.1,36.9,1499.5,18.7
1999,160,31.8,38.8,22.3,47,50.8,41.8,1643.8,20.7
2000,160,31.3,33.8,24.1,47,70,35.3,1349.3,19.3
2001,160,29.8,30.5,20,50,41.8,30.7,1291,22.1
2002,160,25.8,28.3,14.5,39.5,43.9,21.1,909,19
2003,160,29.5,33.2,12.2,42.8,41.3,20.3,850,13.7
2004,160,25.4,23.4,24.2,50.9,48.4,39.1,1071,17.6
2005,160,34.2,38.3,23.6,56.2,49.2,41.2,1256,21.4
2006,160,39.4,43.2,28.8,57.1,45.9,35.5,1277,20.4
2007,160,39.4,38.8,25.6,60.9,61.7,36.9,1417,20.7
2008,160,37.7,39.4,33.8,64.3,,32.7,1580,24.7
2009,160,40.4,42.8,35.3,67.5,65.4,30.4,1840,28.4
2010,160,41.3,38.6,42.3,65,70,42.3,1615,23.5
2011,160,39.1,46.6,39.5,66.9,,29.3,1264,23.1
2012,160,53.3,52.3,37,57.7,70,32.6,1735,32.7
2013,160,58.1,56.9,45.6,84.1,76,41.4,1843,36.1
2014,160,36.57,43.76,41.66,49.73,89.42,25,881.12,22.38
2015,160,33.12,32.32,32.18,40.37,76,30.5,1238.93,21.98
2016,160,44.4,60.1,46.4,71.6,,,1339,32.4
2017,160,49.6,48.55,34.64,65.81,,30.6,1438.88,16.37
2018,160,41.2,43.6,37.3,57.9,85,30.9,1576,21.5
2019,160,44.2,42.9,41.4,71.4,,41.3,1638,25.7
2020,160,58.3,62.5,50,97,,54.3,2193,32.2
2021,160,43.9,33.1,21.8,68.9,70.8,28.8,1530,9.4
2022,160,53.2,53.7,41.5,91.9,101.9,47.3,1736.1,30.9
2023,160,47.4,48.5,42.4,77.4,74.8,45.8,1759.6,25
2024,160,53.7,55.2,43.5,93.8,98.4,40.6,1904,
2025,160,62.1,62.7,48.3,84.8,,55.7,2437,37.4
1990,161,36.8,41.9,,70.5,70,,,25
1991,161,27.1,33.3,,27.3,53,,,21.1
1992,161,26,27.6,,40.5,41.6,40,1249,15
1993,161,28.7,37.4,25,59,76.6,42.3,1269,25
1994,161,27.1,36.6,15.6,40,51.9,25,1180,15
1995,161,27.6,34.8,19.9,33.8,47.9,24.2,1561,21.6
1996,161,37.9,42.5,25.4,58.4,64.2,43.6,1438,29.2
1997,161,27,33.7,22.5,52.5,47.4,36.4,1375.9,20.7
1998,161,28.2,34.7,19.1,58.6,41,33.2,1676.7,21.6
1999,161,32.3,35.6,28.7,48.1,65.8,44.7,1638.1,23
2000,161,22.9,33.6,27.9,49.2,47.9,37.1,1377.7,17.7
2001,161,22.7,22.3,14.3,41.3,35,22.4,1108,19.4
2002,161,24.4,31.7,,43.9,55.3,23.5,945,13
2003,161,29.8,32.9,5.8,54.6,25.9,27.5,952,16.4
2004,161,31.7,30.2,,67.9,,34.5,1295,7.7
2005,161,38.4,38.4,,75,,36.2,1479,22.6
2006,161,36.6,40.3,28,64.4,80.1,36.8,1323,21.2
2007,161,36.6,36.3,19.4,48.2,,36.3,1479,19.3
2008,161,43.8,43.8,30.5,66.4,,31.8,1492,
2009,161,55.2,44.6,34.9,102.7,,35.2,1766,23.6
2010,161,41.1,41.3,38.2,51.2,,30.3,1630,18.7
2011,161,45.9,47.1,34.6,64.2,,32.5,1468,20
2012,161,34.7,46,31.9,56.3,,35.8,1555,
2013,161,59.7,63.5,47.2,69.5,,34.5,1736,41.4
2014,161,39.21,45.16,42.36,47.61,83.58,18.2,814.45,30.01
2015,161,38.82,30.23,31.69,63.64,68.43,20.5,1219.59,25.67
2016,161,35.8,49.5,46.6,60.6,,24.8,930,36.8
2017,161,52.31,45.35,33.76,54.92,,29.9,1340.26,20.82
2018,161,46.5,39.2,37.4,49.3,,24,1295,20.8
2019,161,54.2,48.9,45.7,60.9,98.4,39.3,1570,21.2
2020,161,49.3,54.5,40.1,73.4,93.5,44.5,1846,27
2021,161,40.3,38.7,25.3,47.3,68.8,27.3,1405,15.7
2022,161,49.2,55.5,44.9,64.8,113,29.6,1755.9,31
2023,161,42.7,40.3,36.3,53.6,,33.5,1480.3,20.6
2024,161,53.7,57.8,44.4,68,,41.4,1484,20.5
2025,161,49.2,55.8,52,82.8,,53.6,2437,28.7
1990,162,34,33.6,,39,42.5,,,22
1991,162,31.5,33.4,,40,50,,,23
1992,162,28.6,32,,54.2,40,,,15
1993,162,26.5,29.4,30,59.5,52.5,20,893,21.5
1994,162,21.1,26.2,10.6,40,35,25.2,815,10
1995,162,33.2,34.6,23,42.9,50.8,23.3,1711,20
1996,162,33.7,33.8,25.7,47.4,55.9,11.2,1618,20
1997,162,25.6,31.1,13.4,35.4,48,27.8,1304.8,21.2
1998,162,24.3,28.8,21,37.7,43.4,35.5,1494.3,16.3
1999,162,32.1,36.3,23.2,46.8,72,41.2,1759.5,22.5
2000,162,24.3,27.4,20.4,53.5,56.4,26.5,1528.6,22.7
2001,162,12.6,15.7,11.4,26,,11.9,624,10.2
2002,162,14.3,16.6,,45.4,23.8,13.9,716,16.7
2003,162,23.3,22.8,,23.6,27.9,19.9,893,14
2004,162,32.1,33.4,,52.1,39.7,25,1340,
2005,162,29,33.6,,51.9,51.2,34.3,1389,19.1
2006,162,28.1,32.2,,46.5,35.2,33.4,1044,
2007,162,27.1,29.7,30.4,48.2,33.5,27.4,1790,14.9
2008,162,30.8,33.6,,35.3,47.6,36.5,1187,
2009,162,36,46.2,,,,33.6,1672,
2010,162,39,41.9,35.9,55.8,,34.7,1745,24.3
2011,162,38.3,47.6,33.9,51.9,,33.7,1456,38.9
2012,162,36.7,46.6,24.5,44.7,,31.1,1347,30
2013,162,44.4,66.8,48.7,71.4,104.3,39.5,1649,47.7
2014,162,34.84,43.09,47.83,58,87.17,43.8,1197.18,17.4
2015,162,23.2,27.98,23.39,37.47,,20.5,1201.56,18.93
2016,162,50,56.6,50.7,85.9,,,1061,25.2
2017,162,39.81,47.13,34.19,61.16,,34.7,1258.51,18.76
2018,162,43.9,51,49,65,54,,1281,
2019,162,51.9,51,53,,82.2,41,1581,28.6
2020,162,49.5,55.6,42.8,64.3,,,1731,
2021,162,35.6,34.9,22.5,20.8,43.9,33,1224,16.4
2022,162,45.3,47.7,38.6,46.5,,47.8,1638.2,29.3
2023,162,45.6,38.2,36.8,35.1,,33.8,1245.6,
2024,162,41.7,52.1,43.8,53.8,75.1,44.6,1385,
2025,162,42.6,52.7,48.1,54.1,,53.3,2230,38.3
1990,163,30.2,27.3,,40,34.6,,,20
1991,163,30.5,26.2,,43.8,35,,,
1992,163,31.2,24.2,,44.2,36.7,,,15
1993,163,32.2,29.8,,33.3,40,,,32
1994,163,25,19.7,24,36.2,27,,522,16.4
1995,163,30.1,26.7,30.3,42,,20,854,25
1996,163,31.5,29.8,24.5,49,45.7,18,991.5,15
1997,163,26,26.5,17.4,42.7,28.9,21.2,1214.4,14.5
1998,163,24.9,25.9,19.8,38.5,46.7,26.4,1295.3,19
1999,163,25.7,28.1,22.3,45,56.9,41.5,1197.7,17
2000,163,24,23.5,,35.9,38.9,,1022.7,
2001,163,14.9,14.3,15.4,22.9,21,22.7,900,
2002,163,15.4,19.2,5.7,19.2,24.3,15.3,543,
2003,163,16.4,19.1,13.5,18.4,,15.4,703,8.6
2004,163,27.1,33.7,19.5,71.1,74.5,30.5,1300,27.5
2005,163,28.3,35.1,23,50.5,72.5,28.2,1181,18.5
2006,163,29.7,,,64.9,50.3,24.5,,
2007,163,24.3,27.5,,38.7,50.7,,800,15.1
2008,163,28.3,,,,39,,,
2009,163,32.7,,,,43.1,,,
2010,163,32.7,44.6,23.7,48.8,40.5,28.8,1481,21.5
2011,163,29.2,38.4,27.6,,54.1,24.5,1356,22.3
2012,163,24.9,34.9,17.5,28.8,,17.6,1280,22.7
2013,163,38.2,49.1,37,68.5,72.7,32.4,1572,27.1
2014,163,38.98,46.07,36.56,,63.22,23.8,1707,21.22
2015,163,16.96,26.58,23.15,35.9,32.6,20.1,960.26,16.76
2016,163,36.6,48.9,47.8,49.2,85.8,20.6,1296,25.3
2017,163,31.28,33.47,27.04,,,17.9,1157.97,13.73
2018,163,41,43,44,,57,25,1123,19
2019,163,28.8,31.5,27.6,45.2,,14.4,1069,15.8
2020,163,36.1,41.6,35.9,38.4,,24.4,1274,20.3
2021,163,23,20.2,15.7,8.8,4.5,12.2,864,3.2
2022,163,28.1,30,24.3,23.1,50.5,21.2,1142.4,12.4
2023,163,23.3,26.6,24.3,24.8,,13.9,962,
2024,163,35.2,32.9,20.5,34.5,69.2,23.2,1009,
2025,163,34.2,31.3,35.2,46.3,,32.7,1663,33.7
1990,164,32.2,24.3,,50,42,,,20
1991,164,29.3,27.6,,38.7,52.5,,,
1992,164,20,25,,40,55,,,10
1993,164,29,27.2,20,40,38.9,,750,13
1994,164,19.8,21.4,10,40,28.9,,,
1995,164,20.2,25.1,26,40,34.6,,1080,
1996,164,26.5,32.1,14.4,35,45.1,,750,
1997,164,20.6,24.4,5.1,21.1,30.7,,,15
1998,164,19.3,21.4,,22.7,38.7,,,12.5
1999,164,25,26.7,,54.5,54.3,,1800,17.1
2000,164,26.9,26.4,,33.5,44.2,44.8,,21.7
2001,164,17,17.4,,27.8,27.6,6.8,540,18.9
2002,164,11.9,15.9,,,28.8,,,
2003,164,17.9,17.8,18,19.7,24,20,,
2004,164,29.1,26.4,30,49.6,48.8,27.2,1080,
2005,164,27.2,30.3,16.2,41.3,41.5,23.5,,16.2
2006,164,27.1,26.6,,35.1,54.7,25.7,1800,
2007,164,17.9,26.9,21.6,22,37.7,26.3,486,12
2008,164,23,21.4,,30,35.4,22.5,,
2009,164,26,27.8,,38.6,40,20,823,
2010,164,27.2,33.4,22.7,35,34.8,22.9,1281,18.4
2011,164,25.4,31.7,21.1,14.9,29.9,31.2,1465,13
2012,164,29.3,34.4,24.5,,35.9,27.3,,16.8
2013,164,27.2,32.9,22.8,38,34.1,27.3,1418,22.9
2014,164,27.54,36.16,35.12,13.65,36.96,24.4,1505.86,18.57
2015,164,24.78,24.03,29.51,,27.6,22.9,1029.86,16.72
2016,164,36.7,42.9,38.4,55,62.5,36.3,1096,21.4
2017,164,24.3,34.3,24.44,,,17.6,875.95,13.86
2018,164,33,32,30,,,27,1268,
2019,164,41.3,33.1,32.8,36.5,,25.3,1098,
2020,164,43.9,39.9,30.9,,,35.2,1261,27.4
2021,164,14.9,7.6,11.8,3.3,,3.5,421,4.1
2022,164,24.6,38.3,22.6,36.7,,32.2,1039.8,13
2023,164,21.6,22.7,20.2,11.3,22.8,21.1,1385.3,
2024,164,30.6,28.9,19.9,28.6,,27,778,
2025,164,26.8,35,49,42.2,,33.9,1597,26.6
1990,165,38.2,33.8,,55,65,,,25
1991,165,30,30.8,,26.6,45,,,
1992,165,24.8,21.8,,47.9,73.2,,1217,5
1993,165,30.9,28.9,14.8,45.3,48.5,15.2,916,20
1994,165,24,25.6,14,32.3,40.3,15,900,10
1995,165,28.4,29.3,16.2,32.3,44,13.3,1004,19.2
1996,165,31.8,34.2,18.3,36.8,50.5,18,1285,16.5
1997,165,27.6,29.8,13.1,35.6,35.7,11.9,1005.6,13.1
1998,165,26,29.1,17.5,39.3,45.7,15.9,1063.3,16.9
1999,165,31.6,28.5,19.7,52.3,62.8,41.3,919,17.5
2000,165,29.5,30.8,20,43,46.7,43.2,1101.2,12.1
2001,165,20.7,21.8,13.1,28.6,44.8,8.5,804,9.7
2002,165,21.4,23.8,8.2,32.2,39.2,22.8,906,6.5
2003,165,20.3,23.2,11.7,41.1,37.9,15.5,856,16.3
2004,165,31.6,35.7,26.2,50.1,45.5,40.4,1378,19.2
2005,165,33,37.3,25.4,55.3,78.2,39.7,1297,22.6
2006,165,30.7,30.1,22.8,36.6,,34.7,1045,20
2007,165,25.2,23.1,14.4,32.4,33.1,18.1,862,23.1
2008,165,35.9,28.3,19.6,41.5,,32.7,1213,
2009,165,32.2,34.1,,49.6,,34.1,1187,
2010,165,36,32,28.3,25.9,35.8,26.4,1343,16.2
2011,165,35.5,38.7,33.2,31.3,28.2,32.5,1485,27.5
2012,165,35.2,32.6,26.8,46.7,,33.3,1497,23.5
2013,165,45.6,38.6,37.4,55.9,65.6,37.5,1594,26.3
2014,165,31.46,41.17,32.48,45.26,53.69,30.3,1430.35,22.92
2015,165,30.94,31.17,34.72,57.6,48.88,27.3,1283,18.56
2016,165,39.8,36.5,41,47.9,49,39.9,905,20.4
2017,165,36.45,35.27,27.58,36.75,,22.9,1162.31,15.59
2018,165,33.6,35.3,31.9,55.5,,24.6,1026,9
2019,165,37.2,39,32.5,57,,27.8,1340,17.4
2020,165,42.2,47.9,36.3,71.4,,34,1336,
2021,165,13.5,10.4,10.6,7.7,,12.9,606,5.9
2022,165,30.3,32.1,18.8,28.3,,22.9,1037.2,13.5
2023,165,21.6,20,19.8,22.9,,18.1,876.4,3.7
2024,165,25.8,25.1,15.7,45.6,,19.5,810,
2025,165,38,35.4,37.7,53.3,,29.2,1657,27.7
1990,166,36.6,40.1,25,48.5,55.1,,,25
1991,166,32.5,38.6,,38.9,50.9,,,
1992,166,28.2,37.3,20,59.8,68.6,,800,20
1993,166,30.2,34,,46.9,56.4,30,1066,20
1994,166,22.3,23.2,13.6,39.3,50,,981,10
1995,166,25.5,31,13.6,34.5,44.8,20,1080,20
1996,166,33.9,35.2,15,39,53.6,34.8,1336,20
1997,166,30.4,34.2,18.8,46.1,55.9,33,1274.5,17.1
1998,166,27.4,29.8,19.7,42.5,42.4,20.7,940.7,14
1999,166,34.8,34.5,33.2,52.6,49.4,33.7,1488.5,25
2000,166,36.8,40.2,29,65.2,60.6,45.6,1576.4,22.5
2001,166,18.5,20.3,18,29,12.5,10.2,486,13.9
2002,166,22.1,28.6,17.5,34.6,38.8,18.4,666,20
2003,166,18.7,20.3,17,23.5,31.9,15.8,793,14.5
2004,166,29.5,33.3,34.5,54.6,50,35.4,1143,17.3
2005,166,32.8,37.3,30.8,65.7,71.4,35.8,1392,25.4
2006,166,26.6,32.8,27,43,38.2,27.1,772,20
2007,166,24.7,27.2,14.8,41,38.9,22.8,911,
2008,166,30.8,33.2,25,60.4,59.7,28.6,1355,
2009,166,30.6,30.7,25,34.6,38.6,30.9,1188,20
2010,166,34.9,35.2,25.4,58.7,59.4,24.2,1336,26.5
2011,166,37.1,43.1,33.3,57.5,58.3,34.1,1471,22.4
2012,166,31.3,34,28.7,52.9,70,32.1,1367,29
2013,166,39.4,44.5,41.7,67.2,56,41.8,1780,25.8
2014,166,36.2,36.42,36.25,51.82,52.62,37.3,1466.85,25.25
2015,166,29.21,32.88,25.24,58.58,54.49,24.6,1215.45,21.11
2016,166,39.6,50.2,45.2,68.2,70.4,35.9,1220,25.4
2017,166,32.32,32.79,25.37,59.53,60,23.8,1100.64,18.16
2018,166,32.3,30.7,28.2,45,,18.8,917,17
2019,166,41.9,41.1,40.6,68.8,,37.6,1466,21.5
2020,166,47,52,39.6,75.6,,44.2,1462,24.4
2021,166,13.6,9.6,13.6,12.4,,12.1,659,5.8
2022,166,20.1,24.9,16.4,42.8,14.7,26.7,763.9,22.4
2023,166,18.4,15.7,15.8,27.4,,20.5,849.5,3.9
2024,166,24.7,22.5,15.8,42.1,,19.5,786,
2025,166,35.4,31.3,32.5,39.7,,26.9,1492,31.5
1990,167,34.6,35.3,,49.8,55,,,17.5
1991,167,36.5,41.2,,32.2,54,,,
1992,167,30.6,30.9,25,45,50,16.7,1200,14
1993,167,37.5,40.2,20,53,60,,830,20
1994,167,24.7,25.1,15,43.1,50,13.3,854,15
1995,167,34.7,35.7,18.8,41.9,52,10,778,20
1996,167,36.4,37.8,29.8,43,59.8,25,911,15
1997,167,33.9,34,23.7,43,45.8,26.1,1114.2,20
1998,167,28.9,32.9,26.6,30.2,43.9,28.1,935.9,20.3
1999,167,37.7,43.8,32,48.9,51.6,41,1714.4,25.3
2000,167,39.4,40.4,26.1,59.8,73.8,42.2,1707.3,
2001,167,17.8,17.7,23.5,24.5,,8.8,559,13
2002,167,20.3,22.6,23,29.8,35.9,18,785,
2003,167,18.7,23,16.3,36.6,,19.9,737,10.5
2004,167,32.2,31.7,32.5,49,48.4,34.3,1614,19.9
2005,167,37.5,43,29.2,67.3,80,38.3,1584,24.7
2006,167,32.2,30.2,26.7,34.9,,24.6,1082,16.5
2007,167,24.8,29.6,26.2,46.7,45.1,26.5,1092,
2008,167,37.2,41.5,39.5,51.3,50,45.9,1616,
2009,167,27.3,35.5,29.2,50,30,29.8,1245,13.4
2010,167,31.3,35.8,29.3,55,72.6,29.7,1349,24.6
2011,167,31,41.3,39,52.6,40.5,38,1572,
2012,167,30.5,36.7,27.8,37.7,45.2,32.5,1488,
2013,167,46.8,46.8,41.5,58.6,39.4,42.2,2066,24.5
2014,167,29.53,40.63,40,59.93,54.23,36.8,1577.64,24.76
2015,167,30.46,31.33,32.59,51.78,56.27,20.1,1272.96,22.31
2016,167,41.7,47.3,41.3,67.4,60,44.1,1229,20
2017,167,40.49,41.31,34.9,49.86,,34.8,1481.93,20.32
2018,167,27.9,35.7,33.4,45.4,50,27.6,1100,8
2019,167,45.9,44.6,41.1,66.6,60.1,36.2,1481,
2020,167,51.6,53,42.3,66.5,68.1,43.5,1585,29.4
2021,167,20.3,12.1,16.8,21.4,3.6,16.5,794,9.8
2022,167,37.3,33.8,27,39.8,52.1,23,1107.9,14.3
2023,167,21.6,18.6,18.6,26.5,39.6,20.9,855,8.9
2024,167,31.6,31.5,22.3,40,54.2,29.7,1009,16.7
2025,167,40.2,35,38.7,48.3,,34.1,1543,36.1
1990,168,25.9,24.2,,28.3,40,,,7
1991,168,31.9,39.2,20,41.4,55,,,12
1992,168,34.7,37.3,20,32.7,31.9,8.3,1064,15
1993,168,30.7,33.4,25,50.4,51.5,25.6,1457,15
1994,168,18.8,22.7,20,34.7,50,19.8,978,15
1995,168,30.7,35.9,25,49,55,20,661,18
1996,168,35.9,38.4,20,48.8,47.8,25.9,1176,21.5
1997,168,33.5,37.7,24.7,43.3,44.8,30.4,768.5,14.9
1998,168,29,32.5,12.2,48.6,45.1,30.3,925.8,16.5
1999,168,35.6,37.3,34.3,52.1,45.8,48,1695.8,25
2000,168,31.9,35.3,35,45.8,58.3,41.3,1409.3,25
2001,168,24.9,21.7,14.6,38,39,8.9,439,10
2002,168,17.2,19.1,15.8,26.4,34.6,24.7,977,10
2003,168,12.7,23.1,10.8,24.7,23.5,19,672,9.2
2004,168,32.8,38.4,31.8,54.1,56.5,41,1425,
2005,168,30,37.6,28.9,56.5,64.8,36.6,1478,27.3
2006,168,23.4,25.5,16.4,36.1,,21.6,763,
2007,168,17.8,28.4,21.3,36.2,37.1,25.8,1245,
2008,168,22.2,31.4,26.7,50.7,59.4,25.8,1404,25
2009,168,30,32,25.1,56.5,75,27.7,1197,22.5
2010,168,34.2,34.9,32.3,51.8,65.9,26.4,1466,25.6
2011,168,25.2,40.8,33,56.4,57,35.4,1541,22.9
2012,168,33.2,37.1,26.3,54.8,40,33.8,1712,21
2013,168,39,50.5,42.8,76.7,74.1,47.1,1903,26.6
2014,168,29.22,37.69,41.15,53.88,72.81,33.9,1661.59,24.47
2015,168,19.49,31.74,32.41,51.28,33.09,22.6,1063.29,14.3
2016,168,27.8,52.6,51.4,79.3,32,40.6,1258,35.3
2017,168,33.65,43.59,30.68,35,37.72,28.2,1498.76,18.96
2018,168,28.5,35.2,33.4,42,33.5,22.1,1120,12.5
2019,168,35.2,34.8,35.5,48.3,58.3,31.8,1758,21.3
2020,168,39.3,40.5,32.2,70.1,67.2,44.3,1731,21.7
2021,168,13.8,12.7,14.2,15,13.4,16.2,823,12
2022,168,21.9,24.1,16.6,37.3,22.8,20.8,880.4,15.8
2023,168,9,13.9,9.5,18.7,18.9,13.1,635,5
2024,168,27.5,31.2,18.3,34.2,27.5,39,1014,
2025,168,33,33.2,30.9,40.9,,27.5,1711,22.9
1990,169,19,14.7,,21,35,,,9
1991,169,30.2,38.3,,38.1,57.8,,,9
1992,169,29.1,32,,51.3,55,,950,15
1993,169,30.2,30.7,20,52.9,75.8,,1000,
1994,169,27.5,23.2,16.5,50,60,9,180,
1995,169,30.9,27.9,20,50,46.4,10,1000,19
1996,169,35.4,33.1,18.5,47.7,66.5,13.3,1100,
1997,169,38,33.7,25,46,65.8,15,900,
1998,169,34.9,32.6,15.9,55,61.3,25.9,900,
1999,169,32.5,38.4,26.6,45.8,65,44.6,1682.4,
2000,169,31.9,33.6,26,47.6,62.8,41.3,1464.3,
2001,169,20.1,22.8,15,24.8,22.5,12.9,904,
2002,169,17.8,20.2,,29,41.5,20,873,
2003,169,19,18.7,,22.7,27.3,20.2,609,
2004,169,36.6,41.4,20.5,55.7,56.5,42.2,1378,
2005,169,37.4,41.7,35,55.5,74,43.4,1790,20
2006,169,25.2,25.8,21.4,31.5,43.3,23.3,906,15
2007,169,20.5,29.3,24.6,36.9,50,29.7,1424,11.5
2008,169,,38.3,,37.5,,32.6,,
2009,169,37.4,38.7,30,43.2,40,27.4,1269,
2010,169,38.7,35.2,33.8,33,62.1,36.1,1910,23
2011,169,32.6,35.5,35.1,43.6,42.5,33.1,1660,
2012,169,36.7,34.1,30.7,39.3,,35.1,1598,
2013,169,30,41.6,37.9,40.2,72,31.6,2160,
2014,169,39.1,40.99,49.75,56.22,,33.3,1855.84,27.99
2015,169,29.95,26.26,31.48,30.27,,17.6,1027.63,11.54
2016,169,45,53.2,56.6,74.1,63.1,32.5,1259,
2017,169,42.75,42.05,37.59,,,26.1,1441.77,
2018,169,33,38,33,54,,26.1,1272,
2019,169,35.5,34.2,28,44.9,,29.6,1237,
2020,169,50.2,44.4,33.5,60.8,57.3,44,1561,
2021,169,,13.3,15.6,15.1,,14,816,8.2
2022,169,20.9,22.7,17.5,29.7,,18.3,777.2,
2023,169,20.3,9.4,10.4,11.8,,9.6,600,
2024,169,23.8,22.9,16.1,33,21.4,21.5,895,
2025,169,19.9,22.6,24.4,24.6,,18.2,941,
1990,171,5.9,5.6,,11,12,,,
1991,171,28.7,29.2,,38,53,,,
1992,171,23.1,18.5,,41.8,20,,750,10
1993,171,31,30.6,,54.5,80,,1400,
1994,171,24.8,22.6,,60,40,,800,
1995,171,38.7,36.9,30,69.6,76.8,57,1500,
1996,171,33.1,31.9,20,53.8,60,40,1100,
1997,171,28.9,31,30,41.4,42.5,,748,
1998,171,30.7,31.6,22.5,44.9,75.2,32.1,1270,14.5
1999,171,33.7,34.3,31.4,57.4,73.9,40,1264.3,
2000,171,25.6,27.3,22.5,36.3,32.5,22.2,874.9,
2001,171,12.1,12,7.5,22.9,26.2,5.3,516,
2002,171,21.3,20.9,5,39.8,48.6,15,900,
2003,171,25.8,27.2,20,59.2,57.7,13.8,760,
2004,171,33.6,34.3,,56.4,35,26.3,1273,
2005,171,40.7,42.2,,88.1,75.8,44,1403,
2006,171,31.4,31.9,,55.2,35.4,29.3,,
2007,171,29.8,32.5,,51.9,40.4,35.7,,
2008,171,32.7,34.4,,53.1,,36.4,,
2009,171,34.7,37.6,,44.1,,23.1,,
2010,171,32.2,30.3,30,49.5,50.9,40.8,1790,
2011,171,30.8,34.7,35.2,45.2,48.9,31,1532,
2012,171,33.3,35.7,26.9,33.7,,36.9,1493,
2013,171,38.3,39.6,38.8,64.8,45.8,45.9,1956,
2014,171,36.24,36.66,30.49,49.25,29.26,32.5,1581.45,25
2015,171,32.41,30.41,23.32,47.68,37.34,24.6,1232.49,19.84
2016,171,47.8,39.6,39.2,45.2,75,35.5,1649,
2017,171,34.95,35.77,22.07,29.03,,27.2,1238.98,
2018,171,30,29.9,22.1,29,26,24.1,1025,
2019,171,20.9,22.8,20.4,27.8,36.1,21.6,891,
2020,171,24.2,25.2,16,29.6,,27,873,
2021,171,11.1,8.8,8.4,7.4,,9.9,575,
2022,171,18.6,21.3,10.9,18.6,16.2,21.1,771.5,
2023,171,5,4.9,,4.5,,7.1,247.8,
2024,171,13.3,17,7.7,29.3,21.5,18.1,718,
2025,171,14.2,10.7,14.5,16.8,,6.8,605,
1990,181,45.2,46.7,27.4,72.6,80.7,,,24.5
1991,181,34.7,36.3,27.4,45.4,54.2,,,24.1
1992,181,18.5,24,23.7,55.3,75,26.7,500,32
1993,181,27.6,20,24.3,55.1,71.5,20.4,779,19
1994,181,31,25,23.6,60,56.2,23.3,900,27
1995,181,29.4,25,20.4,55.8,78.7,31.3,1100,23.1
1996,181,35.4,32,28.5,57.7,68.6,33.7,1463,25.4
1997,181,28.3,,24,51.9,51.9,32.8,1506.2,17.5
1998,181,34.3,28,26.7,63.3,59.3,32,1200,22.8
1999,181,38.9,35,28.7,64.4,61.8,35.8,1200,22.6
2000,181,41.1,,28.5,62.6,76.6,44.4,800,22.1
2001,181,36.5,40,24.9,57.9,61.8,35.1,1350,26.8
2002,181,36.7,40,29.2,66,69.7,34,1500,24.6
2003,181,35,,20.4,49.8,53.8,27,,13.7
2004,181,37.1,,23.2,55.5,77.1,39.7,,8.9
2005,181,38.6,,33.1,67.2,83.8,,,26.2
2006,181,42.7,,34.5,65.7,87.3,38.8,,22.2
2007,181,38.3,,25,66.4,61.5,,,
2008,181,47.5,,37.6,70.5,107.7,,,25.5
2009,181,45,,39.9,65.7,73.3,,,22.4
2010,181,35.2,,28.3,45.5,77.6,41.9,1200,20.3
2011,181,28.5,,17.2,38.3,61.5,,,22.3
2012,181,33.7,,20.8,32.8,57.1,,,10
2013,181,58.5,,43.9,82.5,77,41.1,,28.2
2014,181,45.81,,32.49,46.07,78.95,36,,21.33
2015,181,47.25,,41.11,49.84,80.42,43.5,,28.06
2016,181,41.2,,37.1,57.4,79.5,37.1,1380,19.2
2017,181,54.71,,39.57,76.02,83.07,46.4,,
2018,181,56.4,,39.6,76.8,93,54,,
2019,181,63.5,,48.8,86.9,82.7,,,
2020,181,55.8,,43.6,74.5,82.7,41.4,,
2021,181,46.7,,34.1,52.4,61.7,36.2,,27.4
2022,181,47.5,,38.2,80,101.6,49.4,,20
2023,181,44.6,,40.1,88,91.3,35,,
2024,181,54.7,,36.7,98.4,107.5,42.5,,
2025,181,64.9,,46.2,83.9,119.4,47.2,,
1990,183,41.6,40,27.9,59,72,,,27.5
1991,183,30.3,33,25.1,43.3,62,,,21.2
1992,183,31.7,22,27.1,47.9,77.5,25,,12
1993,183,25,,23.9,47.2,68.2,25.6,,17.5
1994,183,26.5,,22.1,51.7,62.3,22.3,,20.4
1995,183,25.2,,10.7,50.1,73,30.3,,23
1996,183,31.4,34.6,25,52.5,69.1,,,26.6
1997,183,21.3,,20.6,38.4,45.1,30.3,,14
1998,183,29.9,39.8,22.8,58.6,66.4,40.8,,20.8
1999,183,34.1,40,27.3,59.6,66.4,37.8,,18.8
2000,183,34.1,40,24.4,52.7,56.7,32.2,,19.8
2001,183,25.8,,21.6,42.8,58.6,19.4,,19.9
2002,183,32.2,40,22.5,48.3,55.7,31.1,,17.9
2003,183,30.5,30,22.7,45.8,43,31.4,,23.8
2004,183,28.9,,16.2,47.6,44.9,37.3,,14.7
2005,183,34.3,,25.4,39.8,53.9,29.1,,16.9
2006,183,34.1,,27.3,53.2,55.2,32.9,,23.3
2007,183,33.3,,22.7,45.8,63,39,,19.5
2008,183,41.1,,34.2,58.1,76.8,35.1,,26.3
2009,183,42.2,,37,55.9,74.5,39,,25
2010,183,37.7,,29.6,48.4,62.7,31.7,,19.1
2011,183,35.7,,25.6,46.2,57.5,16.9,,14.5
2012,183,32.9,,18.8,25,45.7,28.1,,17.5
2013,183,53.8,,40.5,74.7,84,40,,29.9
2014,183,42.82,,29.1,51.73,68.72,28.1,,19.84
2015,183,46.34,,36.55,55.33,50.28,35.9,,28.82
2016,183,40.9,45.4,35.7,64.2,75.1,31.1,,28.3
2017,183,45.16,,32.62,76.47,72.53,37.3,,26.33
2018,183,50.4,,37.5,71.3,74.9,41.5,,26.3
2019,183,60.9,,43.6,61.2,88.1,43.5,,27.1
2020,183,49.7,,35.4,82,81.4,45.5,,27.7
2021,183,33.2,,20.7,43.5,40,27.6,,11.8
2022,183,57.8,,36.3,80.5,88.3,48.5,,27.4
2023,183,54.6,,39,61.9,67.9,32.7,,20.6
2024,183,62.2,61.7,35.8,86.9,105.6,42.7,,26.8
2025,183,68.3,65,53.1,87,115.3,54.4,,32.3
1990,184,32.2,26.5,25.7,46.5,65,,,21
1991,184,29.2,32,24.4,45,47.5,,,20.2
1992,184,24.6,17,19.7,40,43.4,34,1298,11
1993,184,19.6,21,18.4,40.1,60,25.2,300,19.4
1994,184,17.3,22,17.3,37,48,21.4,600,14.9
1995,184,22.3,27,12.8,45.5,80,27.6,900,15.5
1996,184,25.5,24.8,24.9,55.7,57,20.2,,17
1997,184,20.2,,17.3,30.1,52.1,23.4,,16.3
1998,184,28.9,23.5,22.5,43.4,59.3,29.8,,16.1
1999,184,32.8,,23.1,53.5,65.6,31.7,738.2,18.4
2000,184,34.6,,28.1,53.6,65.5,25.1,1000,16.3
2001,184,22,,16,40.7,34.5,27.6,,14.2
2002,184,21.4,,16.7,36.7,36.4,16.4,,19
2003,184,28.4,,14.1,51.6,47.7,17.5,,15.3
2004,184,31.6,27,21.4,51.1,62.3,34,550,10.3
2005,184,30.4,28,26.3,46.8,44.9,30.6,,21.5
2006,184,24.4,,17.5,50.4,54.3,,,14.6
2007,184,20.4,,19.9,43.6,34.5,,,9.6
2008,184,42.4,,29.7,69.2,80.1,42.6,,24.8
2009,184,33.5,,29,49.3,69.4,27.1,,21.2
2010,184,37.4,25.9,27.8,41.5,61.9,29.5,1621,18.5
2011,184,26.3,,23,34.5,49.6,11.3,,16.8
2012,184,28.5,,19.9,26.8,48,23,,8
2013,184,42.2,,33.7,71.1,71.3,38.7,1993,27
2014,184,33.33,,26.02,47.23,65.2,21.4,747.36,17.01
2015,184,34.7,,34.18,53.25,64.19,36.3,1885.85,24.44
2016,184,32.1,40,32.8,41.4,76,23.1,853,22.4
2017,184,45.41,,32.02,52.2,68.63,31.2,1677.21,22.88
2018,184,49.7,,32,64,71.3,35,1464,23
2019,184,48.6,,41.7,69.2,70.9,40.9,2229,15.8
2020,184,36.2,,29.9,47.4,56.4,29.6,1731,13.9
2021,184,36.9,,26.7,31.6,40.1,21.9,1197,11
2022,184,49.2,,37,63.3,89.9,27.1,1702,30.3
2023,184,43.7,,36.9,63.4,61.7,36.3,2056.9,17.8
2024,184,56.3,58.4,33.5,68.9,87.3,35.9,1568,28
2025,184,56.6,,43.7,78.5,89.8,46.4,2271,21.2
1990,185,38.1,33.3,25.2,57.3,74.3,,,24.4
1991,185,35.5,37.6,27.5,48.7,65,,,23.7
1992,185,34.6,35,25.2,57.1,75,15,800,22
1993,185,25.8,36.3,27.5,56.2,68.4,32.7,964,30
1994,185,22.2,18.6,19.3,47,65.6,27.4,859,20
1995,185,25.3,39.1,11.6,49.5,68.1,22.4,1193,15.3
1996,185,33.6,35,27.8,55.8,68.7,29.6,1272,24.2
1997,185,25.1,27.8,19.8,44.6,48.2,29.8,1225,13
1998,185,31.6,37.8,22.6,50,54.9,38.4,1270,16.1
1999,185,34.5,40.9,26.3,43.8,61.2,41.6,,20.7
2000,185,35.9,38.1,24.5,46.4,69.1,37.7,878.4,21.4
2001,185,31.2,32.8,20.4,42,43.3,23.7,950,18.2
2002,185,29.2,32.7,20.9,35.7,46.6,24.1,864,14.2
2003,185,20.8,23.9,13.7,31.2,39.8,18.2,600,12.1
2004,185,26.4,28,16,45.2,43.1,43.7,900,7.7
2005,185,33.1,35.9,29,54.9,76.1,29.9,805,23.3
2006,185,32.6,36.9,26.1,62,58.1,32.4,1100,19
2007,185,33.4,40.4,24.1,53,75.5,35.7,1050,20.4
2008,185,47.3,45.1,36,67.5,82.4,45.6,650,25.2
2009,185,42.4,45.7,40,65,64.3,48.3,1150,25.2
2010,185,34.1,38.7,28,43.8,57.1,28.3,924,13.4
2011,185,31.3,37.3,23.6,32.6,46.5,20.9,647,14.6
2012,185,32,31.3,21.6,35.9,63,27.7,,15.6
2013,185,48.2,49,38,75.2,100.2,40.6,,29.2
2014,185,30.79,36.48,22.51,42.24,65.89,18.2,,19.64
2015,185,37.73,36.17,36.81,59.61,83.97,38.4,,26
2016,185,44,,36,69.6,83.6,39.2,,31.3
2017,185,43.71,,33.29,58.9,81.1,36.3,1602.11,21.86
2018,185,47.1,,36.8,60.1,81.1,33.6,1971,21.9
2019,185,58.8,,47,75.5,97.1,49.2,2346,27
2020,185,47.2,,37.1,65.1,69.6,38.2,1865,19.6
2021,185,43.8,,35.8,57.1,57.3,31.3,1678,26.6
2022,185,56.1,,44.4,80,108.8,43.2,2702.8,33.7
2023,185,54.5,,43.8,74.3,90.9,36,2387.7,27.3
2024,185,58.1,,39.1,80,90.5,41.6,1768,
2025,185,57,85.3,45.5,84.2,99,43.2,2146,26.3
1990,186,34.5,33.2,21.8,61.9,60,,,21.3
1991,186,32,35.8,26.4,46.1,50,,,26.1
1992,186,28.3,35.2,28.6,63.7,70.3,38.3,1297,23.7
1993,186,40,33,21,60,60,33.9,1233,20
1994,186,28,34,20,48,60,32.4,1085,24
1995,186,36,37,16,60,70,31.4,1355,20
1996,186,42,40,24,65,75,29,1491,24
1997,186,31.3,30.1,19.6,55.4,56.9,29.4,1211,16.6
1998,186,33.4,39.2,24.5,57.6,67.3,38.9,1259.8,21.5
1999,186,42.2,45.6,30.4,70.4,59.3,38.1,1577,20.9
2000,186,34.7,40.5,31.4,57.5,67.4,42.5,1004.4,18.4
2001,186,25.4,31.1,21.9,44.5,51.8,28.4,1129,17.5
2002,186,22.8,25.2,13.4,36.4,33.7,21.8,601,11.8
2003,186,21.9,28.4,15.8,44.8,44.3,20.5,826,14.4
2004,186,28.1,26.3,24.2,59.8,66.9,37.2,943,8.9
2005,186,36.9,46,31,66.6,85.1,35.3,1124,28.2
2006,186,36.5,40.6,32.7,60.8,76.1,34.7,1564,21.7
2007,186,37.5,42,32.6,55.7,69.3,37.3,1780,21.9
2008,186,43.2,43.2,37.2,75.7,82.3,36.7,1111,25.3
2009,186,48.5,46.8,38.1,72.1,79.2,47.2,1828,25.4
2010,186,42.6,45.4,29.3,59.5,84.4,31.8,1309,23.6
2011,186,43.1,38.2,31.7,57.8,61.2,28.1,1323,29.8
2012,186,34.7,36.5,25.1,47.3,58.6,31.8,893,24.3
2013,186,55.4,57.8,42.7,91.1,97,46.3,1944,27.9
2014,186,35.34,29.63,24.57,43.22,73.7,18.5,1042.78,19.25
2015,186,46.11,42.82,41.2,74.84,71.22,48.4,1806.99,24.96
2016,186,48.3,54.5,44.2,81.9,75.1,39.9,1862,29
2017,186,49.92,53.91,38.59,76.14,80.59,44.8,1827.37,22.69
2018,186,53.5,59,41.3,76.1,81,44.8,1917,22.7
2019,186,64.5,78.7,52,89.1,116.3,44.8,1642,30
2020,186,54.2,54.8,41.3,79.5,99.3,45.4,2352,26.5
2021,186,39.6,45.4,27.9,59.6,67.1,30.6,1790,13.2
2022,186,63.7,70.8,51.7,96.2,132.5,44.7,2043.7,40.4
2023,186,66.6,59.6,46.7,86.3,,46.4,2262,27.4
2024,186,57.3,56.9,34.3,92.6,100,45.2,2189,26
2025,186,65.4,64.5,43.5,98.3,110.4,48.3,2267,32.5
1990,187,33.2,33.3,19,60,70,,,22
1991,187,33.2,41.5,,45,51,,,20
1992,187,36.5,35,25,45,80,28.3,1400,20
1993,187,26.4,32.5,24.9,65.4,70,22.9,1016,20
1994,187,24.7,26.4,21.6,51.9,65,27.5,1213,24.4
1995,187,27.4,27.7,15,51.9,76.9,26.7,1100,20.2
1996,187,31.8,36,20.5,54.1,69.4,23.4,1100,24.3
1997,187,26.5,32,19,42.4,80,20.8,1000,21.8
1998,187,27.2,37.2,23.7,47.3,75.8,42.3,1567,21
1999,187,34,38.1,22.7,59,72.7,38.8,1565.3,20.1
2000,187,26.2,34.9,24,47.9,73.7,24.6,833.9,15.8
2001,187,29,24.1,21.3,42.2,43.2,20.9,1017,15.6
2002,187,20.7,23.5,18.9,31.7,42.5,20.9,911,16.2
2003,187,26.7,26.5,12.6,42.6,50,18.8,800,12.2
2004,187,28.3,30.8,22.7,50.1,65,39.2,842,14.7
2005,187,32.7,32.5,27.7,53.2,75,30.5,1400,23.8
2006,187,27.2,36.7,28.5,51,64.8,29.3,1500,21.9
2007,187,37.7,44.6,35.3,61.7,88.1,39.1,1800,26.7
2008,187,33.6,42.8,31.7,58.5,75.3,38.1,,21.6
2009,187,43.9,42.6,36.3,72.5,95.3,44.3,,28.4
2010,187,33.8,36,30.8,55.9,51.5,27.5,1175,14.7
2011,187,37.7,39.7,28.5,48.9,59.3,23.9,990,23.3
2012,187,31.2,42.8,25.4,52.7,57.6,26.9,797,22.7
2013,187,52.3,63.9,48.2,78.8,93.1,41.7,1900,34.6
2014,187,46.24,39.43,38.13,66.47,105.84,25.9,765.07,23.93
2015,187,44.09,36.24,39.5,64.79,65.96,40.1,1521.17,24.35
2016,187,48,45.1,43.6,74.6,89.9,48.6,1182,28.1
2017,187,48.5,54.82,37,69.79,,30.7,,28.51
2018,187,51.7,54,38.4,64,,38,,26
2019,187,44.5,46.5,44,64.3,96.2,32.5,,19.1
2020,187,54.5,56.1,41.7,61.3,,45.6,,26
2021,187,38.1,36.3,23.7,41.3,38.3,27.2,,11.8
2022,187,65.2,69,48.8,73.9,,50,,36.3
2023,187,74.7,56.2,48.8,73.3,,50.2,,27.1
2024,187,61,65.7,36.8,80.1,,39.6,2033,
2025,187,61.6,60.8,45.7,90.4,,50.4,2457,29.1
1990,189,29.2,32.3,18,55.7,60,,,21
1991,189,28.3,39.4,25,50.1,71.7,,,17.7
1992,189,28.8,36.1,27.5,65.3,60,,1184,20
1993,189,27.5,31.9,30.4,58.4,60,41.1,1164,20.7
1994,189,30.8,32.1,26.1,53.1,60,32.8,1007,25
1995,189,27.9,35,19.5,61.2,70,28.8,1457,25
1996,189,32.6,33.4,22.8,57.7,68.4,33.5,1700,24.6
1997,189,30.4,33.2,19.9,47.5,53,31.6,1370.2,18.2
1998,189,29.7,34.3,21.8,51.1,58.6,36.6,1352.2,21.1
1999,189,37.5,43.7,28.1,58.4,64.8,38.1,1591.5,23.3
2000,189,33.8,35.8,27.3,63.2,63.8,35.9,1567.5,21.2
2001,189,24.4,25,17.7,42.3,40,22.9,1272,16.8
2002,189,18.4,24.3,12.8,33.9,28.8,18.1,787,14.4
2003,189,20.4,24.3,13.5,33.1,28.7,21,1213,13.7
2004,189,35.6,30.8,24.1,55.5,77.7,41.1,1069,14.1
2005,189,39.5,39.8,26.9,54.8,56.4,38.8,1472,27.4
2006,189,33.3,38.6,29.7,56.8,48.8,40.4,1674,24.6
2007,189,32.2,34.1,22.6,43.9,49.6,34.7,1462,21
2008,189,36.5,39.2,32.9,52.1,72.7,35.7,1661,20
2009,189,41,45.6,35.5,58.4,,37.2,1753,24.3
2010,189,36.8,32.9,38.9,43.6,48.4,32.7,1404,24.1
2011,189,37.5,44.6,27,46.3,56.6,27.4,1056,19.5
2012,189,36.8,39.8,28,54.1,49.5,30.9,1486,25.4
2013,189,60.1,67,46.3,73.6,,45.5,1891,32.7
2014,189,37.48,36.73,28.55,54.53,23.28,20.3,693.78,22.96
2015,189,37.5,36.15,36.52,53.89,83.73,32.8,1457.93,26.36
2016,189,39.8,51.9,42.5,71.7,51.1,42.9,1774,29.4
2017,189,39.79,38.49,27.16,60.87,75.21,29.8,1375.36,21.34
2018,189,38.1,40,32.1,57,,29.8,1370,21.3
2019,189,49.5,49.5,43.8,60.2,63.2,34.2,1620,25
2020,189,50.6,61.2,41.2,76.8,93.1,50.2,2041,27.7
2021,189,38.7,40.1,24.9,49.2,39.5,26.6,1226,16.5
2022,189,53.9,55.9,46.4,73.7,108.9,44.1,1920.1,32.7
2023,189,48,50.1,40.1,72.6,65.1,38.9,1896,23.2
2024,189,43,40.2,31.6,67.8,,34.6,1631,13.1
2025,189,53.8,56.7,41,75.9,,46.2,1967,29.9
1990,190,23.1,19.5,7,32.8,40,,,15
1991,190,28.7,29.1,30.7,35.3,56.6,,,15
1992,190,30.4,26.2,30,33.6,42.5,,,20
1993,190,26.7,30,27.5,52.9,75.9,,,18
1994,190,26.1,28.9,22.5,36.6,50,,,17.5
1995,190,21.8,24.5,16.3,36.7,56.2,13.3,,15.3
1996,190,25.8,26.3,22.6,43.9,60.3,33.3,,20
1997,190,24,22,18.4,41.4,48.2,26.9,,14.8
1998,190,19.8,21.7,19,39.6,48,33.1,1200,19.8
1999,190,27.2,29,26.4,46.1,55.6,33.3,1266.8,24.6
2000,190,28.3,30.9,25.1,41.6,55.8,32.4,1095.9,21.6
2001,190,14.7,11.7,14.1,23.5,25.7,14.1,489,11.4
2002,190,16.9,13.4,7,16.9,21.6,13.9,250,10.4
2003,190,18,13.6,8.6,18.2,20.9,13.6,907,10
2004,190,23.4,24.1,18.8,50.3,43.7,27.6,1034,12.5
2005,190,22.2,25.7,25.6,51.8,55.9,25.2,1164,21.6
2006,190,26.4,25.3,22.2,47.9,49.8,26.5,1453,20.4
2007,190,23.9,23.8,17.1,40,34,25.6,1001,16.2
2008,190,30.8,31.7,22.1,49.8,47.4,28,1410,18.6
2009,190,26.9,28.6,22.8,48.3,42.9,25.9,1439,19.6
2010,190,31.4,29.4,31.9,43.2,56.3,34.7,1465,22.6
2011,190,31.1,31.2,25.6,39,49.2,30.4,1302,19.9
2012,190,33.4,36.8,24.8,49.5,45,30.7,1433,19.5
2013,190,42.8,41.7,32.6,74.1,61.9,39.9,1403,25.5
2014,190,25.55,22.75,24.93,39.76,46.9,24.1,601.02,16.04
2015,190,30.68,31.86,32.4,50,39.91,32.4,907.62,19.53
2016,190,38.6,31.5,36.3,52.8,54.7,43.1,1322,24
2017,190,31.57,20.56,25.21,43.58,40.87,30.6,1314.84,15.96
2018,190,31,20.5,25.2,40.2,43.3,29,1277,16
2019,190,31,33.3,27.9,51.2,46.1,32.3,694,17.4
2020,190,40,41.8,30.5,62.2,49.3,44.4,1735,15.9
2021,190,23.6,19.8,18,34.6,32.4,27.1,1071,14.5
2022,190,38.7,48.1,39,67.3,57.1,48.6,1375.7,27
2023,190,32.5,26,25,44.6,30.5,35.3,1697.6,
2024,190,37.5,32.7,26.1,58.2,68.7,33.7,1240,12.6
2025,190,36.3,33.6,31.6,66.1,49,37.2,1213,31.1
1990,191,33.8,36.8,,55,45,,,20.5
1991,191,32.4,38.1,,35.3,50,,,20
1992,191,33.9,34.8,29.8,70.8,62.7,28.3,1010,20
1993,191,25,27.6,20,50.1,48.9,28.5,514,22.9
1994,191,27.4,29.5,14.9,47.2,44.3,33.4,1281,18.2
1995,191,31.6,33.4,18.9,57,31,33.3,768,24.6
1996,191,31.9,37.2,26,47.3,81.1,40.5,1567,25.8
1997,191,26,27.2,18.3,48.5,52.5,25.3,1079.2,19.8
1998,191,29.3,31.1,25.1,49.4,63.2,35.9,1448.6,22.9
1999,191,36.9,40.6,27.2,56.8,51.6,46.4,1405.4,22.4
2000,191,37.2,40.5,27.2,57.2,89.6,45.3,1613.2,21.1
2001,191,22,21.6,12.2,39.9,45,16.8,907,18.2
2002,191,24.6,25.1,12.4,35.7,55,22.8,503,14.6
2003,191,29.5,37.9,14.9,50.4,60,27.8,1119,16.8
2004,191,36.9,44.5,37.6,73.7,60,47.7,1442,23.3
2005,191,38.1,49.5,32.3,67.7,78.5,34.4,1585,26
2006,191,35,47.4,32.2,42.8,65,41.7,1152,24.6
2007,191,32,41.7,26.6,61.8,70.5,38.2,1368,21.8
2008,191,35.3,42,32.2,65.2,,30.9,1464,21.8
2009,191,31.7,45.4,33.9,,,35.7,1665,28.9
2010,191,34.6,47.4,41,39.9,,38.2,1563,19.1
2011,191,48.9,52.7,44.1,56,,32.1,1852,32.6
2012,191,47.5,52.4,25.7,41.5,,29.4,1321,25.7
2013,191,62,83.5,53.7,68,87.5,37.6,2124,43.3
2014,191,40.96,39.83,31.82,44.35,94.34,15.7,833.67,20.21
2015,191,34.74,37.52,34.07,64.65,,31,1323.18,21.9
2016,191,55.4,53.4,48.8,64.2,110,35.4,772,28.1
2017,191,53.61,54.38,35.51,56.73,,35.1,1920.59,17.81
2018,191,56,56,46.5,51,,38,1883,21
2019,191,51.3,51,46.5,80.4,,36.9,1407,20
2020,191,63.8,63.1,40.7,60.1,,45,1779,25.4
2021,191,38.2,29.7,23.7,38.2,,17.2,1067,9.7
2022,191,45.9,55.2,41.7,60.8,,40.4,1718.4,27.2
2023,191,40.4,34.9,29.5,41.6,,32.2,1447.1,
2024,191,56,54.6,43.2,62.4,,44.6,1462,21.6
2025,191,47.1,55.1,49.3,,,54,2201,
1990,193,28.4,23,,33.9,37,,,24
1991,193,27.3,34.4,30,30.8,34.8,,,15
1992,193,28.3,22.4,29.7,44.4,52,28,644,17.5
1993,193,29.9,25,29.9,48.6,44.8,21.4,698,24
1994,193,26.3,29.1,19.6,32,50.4,20.5,1139,17.2
1995,193,25.6,31.2,19.1,36.9,46.6,27.8,984,15.8
1996,193,31.2,30.2,21.9,40.8,54.5,29,1086,19
1997,193,24.2,24.6,19.6,34.1,35.9,22.8,1065.7,15
1998,193,23.8,22.6,21.9,31.3,56.9,32.8,1096.1,16
1999,193,29.2,28.7,25.3,38.8,55.6,35,983.4,21.6
2000,193,27.6,28.7,23.2,45.5,55.4,33,1130.7,18.5
2001,193,15.2,15.9,15.6,23.1,25.1,14.1,689,15.5
2002,193,19,16.6,10.2,22.7,32.9,13.9,532,8.5
2003,193,19.3,21.7,8.6,19.7,21.5,15.7,744,8.9
2004,193,32.4,33.6,29.4,46.7,62.9,33,1047,18.8
2005,193,28.6,31.6,25,41.3,46.6,28.4,1188,20.3
2006,193,24,24.5,20.8,27.9,48.4,25.1,759,14.9
2007,193,22.7,25.5,16.9,26.9,25,27.2,1112,12.2
2008,193,26.2,29.3,25.5,42,47.5,26.5,1352,18.1
2009,193,29.6,29.4,27.4,44.6,50,28.8,1428,18.2
2010,193,33.6,27.6,28.2,38.2,59.8,26.6,1207,16.9
2011,193,39.4,37.3,33.7,41.9,60,37.3,1507,26.9
2012,193,31.1,34.5,27.7,40.6,60,32.1,1428,22.1
2013,193,47.3,49.5,42.1,42.3,58.8,41.5,1727,29.3
2014,193,38.58,38.49,32.67,38.75,47.5,23.8,1016.63,18.67
2015,193,30.03,29.12,32.12,55.7,70.2,28.5,1451.48,23.55
2016,193,36.9,51.6,46.2,59.7,78.3,36.9,1115,24.7
2017,193,37.95,43.98,32.69,57.66,43.78,24.4,1494.01,16.25
2018,193,41.7,44,38.5,59,59.5,29.8,1413,16.5
2019,193,39.5,38.6,36.1,65,62.5,26.5,1262,16.4
2020,193,41.3,43.8,34,64.6,53.1,31,1390,21.7
2021,193,19,13.9,13.9,21.5,24,11.5,692,7.7
2022,193,33.1,31.5,23.9,43.8,38.6,20.4,1073.5,15.2
2023,193,26.9,21.2,19.5,22.1,3.6,25.5,922.4,10.1
2024,193,38.3,34.8,29.6,51.1,,30.8,1144,14.5
2025,193,34.3,30.5,34.8,48.3,70,25.9,1405,24.8
1990,194,33.6,36.5,11,41,45,,,20.2
1991,194,30.4,36.3,25,39,55,,,18.8
1992,194,29.1,23.2,23,53.6,27.8,,1600,15
1993,194,30.5,29.6,32,44.6,54.2,23.3,829,26.4
1994,194,20.7,22.8,18.3,40,33.5,16.7,675,16.7
1995,194,25.2,27.5,21,37,49.3,16.7,1168,15
1996,194,29.5,35.8,22.2,47.9,37.3,31.8,1035,15
1997,194,23.1,28.8,18.5,25.5,33.9,20.9,1002.4,12.5
1998,194,23.4,26.6,22.7,32.6,39.6,28.1,903.5,19.4
1999,194,27.7,27.4,22.7,34.4,44,39.6,915.3,20.1
2000,194,24.5,25.9,22.2,38.9,40.5,31.4,1130.9,17.3
2001,194,15,15,11.6,42,27.5,11.2,732,14.6
2002,194,18.1,24,10.1,28.4,41.3,20.4,704,13
2003,194,16.8,18.1,8,24.3,22.5,13.7,929,11.4
2004,194,29.5,32.8,20.1,35.5,47.8,35.9,1228,18
2005,194,26.6,29.7,24,35.8,42.6,32.8,1279,18.7
2006,194,22.6,23,17.9,26.8,43.4,28.1,872,16.5
2007,194,19.7,20.4,15.5,26.2,31.8,24.5,888,14.6
2008,194,25,30,19.4,32.8,47.2,31.2,950,16.8
2009,194,24.9,30,20.6,30,35,25.5,1184,18.6
2010,194,32.8,32.1,23.5,48.3,54.3,27.9,1252,19.8
2011,194,34.9,39.4,28.9,37.9,53.7,24.2,1413,19.6
2012,194,27,33.8,21.5,41.1,51.9,27.9,1342,18.9
2013,194,38.7,44,38.8,37.8,47.5,32.6,1580,20.7
2014,194,31.09,37.42,32.8,21.71,62.51,26.1,1414.27,20.6
2015,194,29.08,21.63,28.68,35.75,47.64,23.2,1292.7,21.7
2016,194,35,51.8,44.2,60.8,64.7,32.3,1296,20
2017,194,37.62,35.31,30.64,56.42,,23.2,1277.11,15.75
2018,194,42,44,40,49,29,27,1475,19
2019,194,47.8,47.4,41.1,49.1,35.7,21.9,1444,19.9
2020,194,45,52.4,37.1,70.4,,39.8,1620,18.1
2021,194,15.4,10.6,14.7,12.5,,,582,6.3
2022,194,27.7,30.5,19.4,35,8.1,16.5,905.1,10.9
2023,194,24.2,19.8,18.3,26.5,11,,818.4,8.2
2024,194,40,41.9,31.9,50.6,44.3,32,1161,13.8
2025,194,29,30.1,32.1,46.7,,,1392,18.8
1990,211,40.1,36,28.1,60.8,59,,,23.3
1991,211,31.3,29,26,48,42.7,,,20.7
1992,211,20.1,20,20.9,50,60,16.7,1000,25
1993,211,24.3,24,21.8,55.5,51.7,26.4,900,19.3
1994,211,27,30,17.7,50.9,66.9,29.3,,18.4
1995,211,30.1,30,15.6,52.7,59.1,27.9,1100,20.2
1996,211,32.5,32,26,58.5,64.7,27.1,,21.4
1997,211,29.6,,23,47.6,64.2,32.3,,16.9
1998,211,31.1,30,23.6,53.3,61.3,31,1200,23.2
1999,211,32.3,34,25.6,52.6,39.9,27.4,750,17.6
2000,211,39.2,,27.4,57.4,65.6,35.1,1600,20.7
2001,211,32.6,,24.3,57,54.7,28.7,,19.8
2002,211,31.5,,25.1,50.1,59.2,31.2,1200,15.3
2003,211,35,,22.4,57.2,58.9,25.5,,15.7
2004,211,34.4,,24.1,56.2,71,40.9,,12.4
2005,211,35.7,,25.6,52,70.6,26.9,,22.3
2006,211,37.5,,33,57.7,59.9,30,,21.5
2007,211,37,,26.7,59.6,62.7,38.1,,21.7
2008,211,39.5,,32.2,62.5,70.4,33.6,,20
2009,211,41.4,,35.4,65.3,66,35,,21.5
2010,211,34.2,,28,47.1,57.9,27.5,1080,15
2011,211,33.4,,22,46.9,58.6,22,,18
2012,211,33.1,,19.1,29.1,57.7,19.9,,18.1
2013,211,55.5,,38.3,72.4,95,43.3,,33.3
2014,211,47.78,,26.97,53.86,79.46,34.3,,25.45
2015,211,43.97,,39,73.78,75.97,34.4,,29.01
2016,211,47.2,,44,75.5,82.4,46.9,,23.5
2017,211,52.85,,41.76,76.93,86.42,42.6,,28
2018,211,52.8,,36.9,75.2,85.9,50,,27
2019,211,60.9,,47.2,81.2,92.6,53.9,,35
2020,211,55.4,56.5,43.6,84.6,98.3,49.9,,34.2
2021,211,43,40,32.7,54.9,65.9,33.6,,20
2022,211,59.3,,46.8,80.3,118.6,49.1,,33.1
2023,211,60.8,,46.7,77.6,95.5,42.6,,30
2024,211,62.7,57.8,36.7,78.1,102.9,45.9,1200,31.5
2025,211,75.6,,49.9,93.4,117.2,54.6,,38.8
1990,213,33.8,34,23.4,54.5,53.4,,,18
1991,213,33,31,22.6,47.6,60,,,23.5
1992,213,22.5,20,19.1,55.1,60.9,,,17.7
1993,213,24.7,,23.2,49.4,65,30.9,,20
1994,213,29.5,25,21.6,52.6,67.9,26.7,,20.8
1995,213,31.2,,15.9,49.6,69.2,30,,20
1996,213,33.9,26.1,24.7,59.2,74.9,40,,22.4
1997,213,25.2,,24.1,52.5,62.8,36.7,,19.1
1998,213,31.5,,22.6,57.8,70.8,36.2,,21.7
1999,213,35.7,,24.4,56.5,66.2,33.6,,20.7
2000,213,34,,24.4,52.3,59.2,33.8,2100,15.5
2001,213,30.4,,21.3,43.6,50.1,25.8,,17.5
2002,213,30.7,,24.5,46.1,49.2,27.5,,17.7
2003,213,29.2,,21.6,46.4,54.3,31,,12
2004,213,31.9,,16.7,51.9,58,41,,11.4
2005,213,37.8,,28.6,57.7,78.5,35,,22.2
2006,213,30.3,,23.3,47.2,58.8,32.5,,23.3
2007,213,28.9,,23.2,46.8,61.6,44.7,,17
2008,213,40.5,,34,63.5,82.8,38,,27
2009,213,41.7,,38.3,62.9,88,44.9,,21.6
2010,213,35.4,,29.6,47.7,71.3,30.7,,20.1
2011,213,36.6,,28.8,35.3,60.1,41.4,,17.6
2012,213,31.7,,20.5,28.3,54.8,26,,18
2013,213,49.7,,33.6,70.7,89.3,43.8,,27.3
2014,213,34.6,,28.87,45.99,66.68,22.9,,15.78
2015,213,42.89,,41.08,55.54,87.89,38.6,,21.73
2016,213,48.8,,39.7,66.6,86.4,39.4,1505,25.1
2017,213,46.41,,35.85,65.81,85.01,40,,18.09
2018,213,54.1,,35.9,69.1,95,45.5,2149,18.1
2019,213,54.4,,45.8,82.1,99,44.1,,
2020,213,44.6,,40.3,60.9,80.9,35.6,,
2021,213,38.7,,28.8,40.4,52.2,29.6,,16.2
2022,213,60.2,,42.9,75.4,111.6,50,1814.6,34.3
2023,213,57,,43.1,70.5,91,43.5,1972.2,
2024,213,61.7,,35.9,76.5,100.5,53.5,2116,
2025,213,68.8,65.4,50.3,91,120.6,55.2,2031,41.3
1990,214,26.6,25,17,40.1,45.6,,,9.3
1991,214,28,26,18.1,36.9,35.4,,,20
1992,214,24.6,25,17.2,48.7,49,,,20
1993,214,23,,18.6,48.1,47.8,,,20
1994,214,26.3,25,20.4,45,62.7,33.3,,25
1995,214,26,30,13.5,49,58.9,21.7,,16.9
1996,214,29.8,25.6,26.8,47.6,53.7,13.3,,28.1
1997,214,22.9,,19.3,46.9,48.5,20.5,,15.3
1998,214,24.7,30,19.8,50.6,66.4,29.1,1000,23.5
1999,214,27.6,32.5,27.1,54.1,57.7,32.1,,21.4
2000,214,31.9,36,25.3,50.9,64.2,27.7,,22
2001,214,22.6,20,19,33.8,44.4,20.1,,13.8
2002,214,27.8,32.5,25.3,50.7,56.1,31.1,,15
2003,214,27.2,25,22.4,46.7,49.4,26,,15
2004,214,28.5,27,19.4,55.6,58.7,23.8,526,11.4
2005,214,31.6,,24.7,52,58.7,,,
2006,214,30.4,,27,41.9,56.2,,,
2007,214,30.3,,23.8,44.9,47.1,,,19.1
2008,214,36.7,,30,59.6,72.5,47.5,,28.2
2009,214,44.1,,39.4,60.1,74.1,,,24.7
2010,214,37.2,,26.1,47.6,55.1,34.9,781,17.5
2011,214,33.2,,29.5,50,67.5,35.5,,19.8
2012,214,28.8,,20.4,33.8,61,28,,14.9
2013,214,48.2,,33,64.5,79.4,41.1,553,21.7
2014,214,30.31,,27.04,44.05,58.63,27,282.04,12.97
2015,214,36.14,19.96,32.76,58.95,79.75,45.1,,25.94
2016,214,39.1,,38,53.1,77.1,37.7,1154,19.6
2017,214,42.52,,31.24,69.95,66.82,41.4,,30.36
2018,214,45,,36.1,54,74.3,36.6,,22
2019,214,49.9,,46.4,68.5,85.6,49.5,,
2020,214,41.4,,35.7,43.2,60.8,32.6,,14.6
2021,214,34.8,,26.6,48.5,50.8,18.7,,
2022,214,55.7,,42.4,67.8,92.7,46.4,,
2023,214,57.2,,43.5,74.4,91.4,46.4,,
2024,214,60.3,,33.9,74,105,43.5,,
2025,214,58.9,55,44.5,82.5,98.6,36.7,2400,
1990,215,27.4,25,16,41.2,49,,,16
1991,215,30.6,31,26.2,62.1,77.5,,,21
1992,215,27.1,30,20,52.5,50,,1000,20
1993,215,21.6,30,23.9,44.5,50.7,23.3,,25
1994,215,22,25,18,49.9,73.9,16.7,1000,20
1995,215,21.5,21.5,11.9,40.9,55,25,,18.2
1996,215,30.3,25,24.1,53.6,67.5,39,,20.7
1997,215,21.6,22,20.6,49.5,60.5,26.5,,13.3
1998,215,28.7,25,26.4,64.8,70.7,34,,22.4
1999,215,33,32.5,26.7,54.6,78.3,34.5,,17.7
2000,215,37.9,45,27.3,59,73.2,42.3,,22.2
2001,215,25.1,25,21.7,42.6,58.7,22,,19
2002,215,28,28.6,25.2,47.9,56.8,26.2,,18.7
2003,215,23.9,,19.2,45.5,53.4,21.1,,20
2004,215,23.3,15,14.5,36.3,65.2,27.7,,15
2005,215,30.9,,27.9,57.3,89.5,36,,
2006,215,27.6,,24,39.9,57.7,,,
2007,215,23.1,,,,64.3,,,
2008,215,33.9,,25.6,56.5,79.3,34.3,,22.2
2009,215,34.5,,38.5,61.1,71.7,,,24.1
2010,215,27,,24.1,37.1,45.6,18.1,450,16.8
2011,215,32.6,,25.5,38.5,58.1,27.2,723,18.3
2012,215,27.7,,23.5,31.5,64.1,26.2,,14
2013,215,48.6,,35.9,74.6,87.5,37.1,1196,25.5
2014,215,33.58,,22.84,40.25,61.13,16.7,,17.59
2015,215,38.45,,31.91,58.98,84.11,38.2,,26.23
2016,215,41.9,,40.8,57.6,88.4,34.2,759,19.1
2017,215,40.07,,30.1,66.56,74.36,32.8,,19.02
2018,215,44.3,,35.5,72,74.4,38,1440,23
2019,215,54.5,,46,74.7,90.9,42.9,,
2020,215,46.2,,36,70.4,85,40.3,,
2021,215,37.4,,30.2,46.3,55.5,29.1,,
2022,215,55,,45.5,69.5,112,41.6,,
2023,215,56.9,,44,73.7,82.8,51.1,,13.4
2024,215,59,45,36.8,67.9,92.9,46,1730,35
2025,215,54,,51,75.3,95.5,30.7,1771,
1990,216,36.9,36,23.3,53.2,73.6,,,22
1991,216,29.9,27.5,25.5,33.3,63,,,15
1992,216,33.4,28,19.6,45,78,22,964,28
1993,216,26.3,33.3,25.3,59.9,79.6,29.3,774,20
1994,216,25.6,25,18.1,55.5,78.9,26.9,686,20
1995,216,28.4,25,15.9,53,69.3,24.6,693,18.9
1996,216,33.8,30,26.6,52.2,75.2,27.6,693,23.5
1997,216,33,28,24.1,55.2,67.5,26.3,1000,20.6
1998,216,32.4,34.3,19.4,55.3,65.5,28.9,800,18.7
1999,216,34.1,37.1,27.5,50.4,66.6,30.8,750,23.7
2000,216,33.4,41.4,29.1,56.9,73.1,31.5,800,22.5
2001,216,26.6,26,17.3,45.8,53.2,22.4,500,12.6
2002,216,22.1,15.9,17.4,46.8,52.8,23.6,,6.2
2003,216,26,22.7,18,40.1,51.6,25.8,,19.8
2004,216,23.4,32.3,18.1,47.5,54.8,26.2,,
2005,216,30.3,55,32.9,57.9,69.8,31.2,,19.3
2006,216,27.5,43,23.2,43,54.8,38.5,,19.2
2007,216,26.5,35.3,22,36.1,61.3,36.9,,15.5
2008,216,33,46.9,33.3,53.6,77.8,31.5,,20.8
2009,216,35.1,41.7,30.7,56.4,76,35.5,,20.7
2010,216,26.1,39.3,23.3,38.3,49.2,20.4,,13.7
2011,216,34.7,35.8,25.7,46.4,70.5,20.2,,22.7
2012,216,31.5,38,19.5,33.4,67.9,24.9,,15.7
2013,216,45.1,78.7,37.2,71.6,95.5,49.6,,27.7
2014,216,34.63,,28.56,39.2,67.34,18.4,,18.62
2015,216,40.22,49.98,36.41,51.53,82.83,41.8,,17.8
2016,216,46,36.8,34.2,67.7,82.4,36.2,,24.5
2017,216,44.05,,32.5,66.85,75.54,39,,30.85
2018,216,44.1,30,36.2,66.8,86.2,38.4,1500,26
2019,216,50.7,,40.3,79.7,92.3,47.8,,30.2
2020,216,47.1,,39.5,65.5,95.1,45.8,,34.9
2021,216,38.5,,27.3,45,60.3,25.2,,15.1
2022,216,57.2,,47.4,80.2,116.2,56.1,,39.3
2023,216,47.7,,37.2,62.6,93.6,42.8,,32.5
2024,216,48.3,,34.4,69.6,93.1,42.5,1800,23.6
2025,216,56,,45.3,72,98.4,43.5,2247,31.9
1990,217,37.3,37,17.5,55.7,47.5,,,21.5
1991,217,35.4,30,25,47.8,60,,,20
1992,217,21.9,20,19.5,45.6,69.3,22.5,990,19
1993,217,23.4,23,25.8,52.5,45,15.7,895,17.5
1994,217,22.1,26,18.1,60,80,25,887,18
1995,217,24.1,20.3,11.7,39.7,60,17.4,717,18.3
1996,217,27.4,25,24,47.8,69.1,18.9,1055,17
1997,217,24.7,20.8,17.9,41.3,60,22.9,1080,15.5
1998,217,28.9,36.6,23.1,53.1,68.6,31.5,1370,17.6
1999,217,28.7,33.2,27.1,64.1,60.7,34.9,1170,20.2
2000,217,31,38.5,26.1,61,63.1,36.4,1200,19.7
2001,217,28.6,26.9,21.7,51.6,56.6,19.3,990,16.1
2002,217,19.3,9.5,15.4,38.5,52.7,18.4,,14.1
2003,217,32.3,34.5,20.4,57.3,53,23.7,1220,8.8
2004,217,22,25.7,15.4,53.6,48,34.6,957,8.5
2005,217,30.4,,25.7,47.9,64.8,24.1,,17.2
2006,217,25.6,,26.1,42.1,58.6,31.8,,21
2007,217,23.3,,25.3,56.6,70,26.1,,18.3
2008,217,37.6,46,33.8,59.4,68.1,39.9,,19.3
2009,217,38,41.5,31.1,48.2,76.2,38.6,,20.9
2010,217,35.4,46.8,30.1,41,67.3,22.1,862,17.6
2011,217,32.9,52,24.8,43.8,59.3,24.5,908,21.3
2012,217,36.5,,21.2,44.8,54.1,24,805,18.5
2013,217,55.7,58.1,37.3,65,83.6,33.1,1069,28.6
2014,217,41.42,46.52,26.84,40,68.03,21,871.28,17.55
2015,217,37.46,37.14,34.23,47.35,67.29,27.5,914.41,19.03
2016,217,43.9,44.4,41.9,59.1,77.6,33.4,753,21.1
2017,217,47.53,46.74,35.71,54.2,76.77,33.7,1539.3,20.49
2018,217,52.1,50,40.9,69.5,81.6,38.6,1780,
2019,217,50.1,51.8,40,68.9,88.8,34.1,829,27.9
2020,217,44.7,,40.7,75.8,97,35.8,2026,
2021,217,42.4,,31.2,54.7,50.1,25.8,1237,
2022,217,56.4,53.7,52.3,73.7,102.5,46.2,1327.2,35.2
2023,217,62.4,,40.3,78.8,120,47.2,1803.4,
2024,217,59.4,60.3,37.5,73.1,82.8,37.1,2045,
2025,217,60.5,54.1,45.1,76.5,99.5,45.1,2196,
1990,218,35.6,36.3,14,65.9,50,,,23
1991,218,30.3,36.7,21.7,39.3,60,,,24.3
1992,218,25.5,40.5,30,50.6,65,,1560,22
1993,218,24.5,21.6,24.7,50.9,69.7,30,867,21.5
1994,218,23.5,28.2,23.7,47.9,60.7,36.1,1077,23.9
1995,218,20.5,17.5,14.4,48.6,49.4,17.3,1007,20.4
1996,218,28,24.2,25.2,56.4,69.2,27.7,1310,21.1
1997,218,25.5,22.6,18.9,42.1,54.5,28.1,672.7,16
1998,218,29.9,28.9,21.2,50.7,67.3,34.3,1383.1,18.4
1999,218,34.5,34.6,23,54,56.9,39.6,1549.3,20.5
2000,218,29.9,32,24.6,46,59.1,38.2,1057.8,14.2
2001,218,24.4,20.8,15.5,36,36.1,23.2,906,14.4
2002,218,15.9,17,13.5,26.6,32.2,11.6,545,11.1
2003,218,20.1,31.3,18.1,39.2,50.2,18.4,978,9.7
2004,218,29.5,27.6,28.3,55.9,58.8,36.9,845,12.9
2005,218,37.4,47.8,31.6,59,55.9,31.6,1465,22.9
2006,218,28.4,35.4,23.6,37.8,55.6,26.3,1196,20.4
2007,218,21.1,,18.8,42,52.2,29.2,1069,17.8
2008,218,33.6,39.9,30.7,61.2,69.6,36.7,1232,20
2009,218,28.8,38.2,31.7,54.3,70,32.7,1545,21.5
2010,218,31.6,33,28.6,37.6,54.9,22.2,846,11.3
2011,218,34.1,32.7,29,49.4,50.8,34.4,1200,19.2
2012,218,34.4,45.4,22.6,50.3,59.6,30.4,1248,17.9
2013,218,47.6,45.1,37.3,68.6,73.5,40.1,1474,30.4
2014,218,32.96,34.64,29.46,38.89,41.82,26.5,874.79,21.93
2015,218,34.37,41.76,35.89,54.8,59.49,31.4,1470.97,22.1
2016,218,38.6,48.2,34.2,54.5,68.4,35.9,1206,31.1
2017,218,44.13,54.73,34.95,64.5,69.58,30.3,1680.36,20.41
2018,218,43.1,42,34.6,64.5,59,27.7,1645,20.4
2019,218,53.4,48.9,44.7,70,83.8,36.2,1005,20.1
2020,218,53.1,54.7,44.5,73.9,,41.7,2035,23.6
2021,218,35.7,25.8,27.9,43.8,51.7,24.5,1243,16.8
2022,218,55.4,60.8,45.2,75.6,91.2,42.9,952.1,36.1
2023,218,60.5,54.7,43.5,70.5,,40.1,2151.7,28.4
2024,218,55.9,55.7,38.5,80.4,85.5,37.3,1438,23.9
2025,218,59.8,59.1,43.9,76.6,,46.3,2217,27.7
1990,219,27.7,21.7,22,44.9,54.1,,,15.7
1991,219,29.9,29.9,25.6,39,66.5,,,16.9
1992,219,30.8,23.8,36,56.2,78.7,51,,20
1993,219,21.7,26.5,20.4,49.2,71.9,26.1,1146,17
1994,219,24.4,20.3,22.1,50,60,29.4,772,18
1995,219,25.8,28.4,22,60,77.4,14.1,1284,24.1
1996,219,25.9,25.5,20.5,41.5,47.8,26.2,1298,20.8
1997,219,24.9,20.2,16.4,48.1,59.2,30.9,1185.4,17.4
1998,219,25.6,29.6,21.2,48.7,63.9,29.2,1186.7,17.2
1999,219,31.5,37.9,26.1,51.5,73.9,30,1153.7,21.2
2000,219,29.3,38.6,25.7,48,67.8,28.4,961.8,22
2001,219,19.7,17.2,15,36.2,50,18.8,651,11.5
2002,219,17.5,23.4,10.5,36.5,35.5,24.7,327,9.5
2003,219,25.1,30.9,13.7,38.1,34.4,33.4,1446,11.3
2004,219,27.8,26.3,29.2,52.9,57.6,33.5,,15.3
2005,219,32.9,30.9,27.7,55.8,67,40.6,1608,22.7
2006,219,22.4,34.8,19.6,52,58.2,26.8,1165,18.1
2007,219,23.3,30.2,18.7,45.1,43.8,25.9,,15.3
2008,219,31,42.9,26.9,53.3,63,35,,21
2009,219,30.8,36.8,34.4,58.9,52.6,38.8,1506,19.4
2010,219,31.1,35,27.3,44.8,47.5,28.7,1025,17.1
2011,219,32.3,37.8,27.8,52.1,50.3,30.5,1514,17.7
2012,219,35.8,43.1,21.6,52.3,52.2,29.3,1479,18.4
2013,219,47.3,57,39.5,71,,35,1805,31.7
2014,219,33.57,31.13,28.27,32.02,72.77,21.1,979.93,19.09
2015,219,31.53,33.88,31.65,46.06,64.67,28.3,1267.85,23.83
2016,219,41.4,43.3,37.1,57.9,76.6,36,1293,25.8
2017,219,37.91,48.31,33.74,58.05,56.15,32.6,1571.8,19.23
2018,219,37.9,41,33.7,58,49.8,32.6,1582,19.2
2019,219,53.7,54.5,40.9,76,82.5,36.3,919,26.8
2020,219,47.3,49.2,35,72.8,74.4,38.2,1376,22.7
2021,219,28.8,28.4,23.8,45.8,33.1,19.9,924,13.8
2022,219,46.4,53.7,41.1,71.2,89.5,39.8,1369.1,26.9
2023,219,46.5,41.2,37.8,67.4,52.5,36.4,1563.1,20.3
2024,219,49.2,47.7,35.1,68.5,69.8,40.8,1722,22.4
2025,219,51.7,46.7,42.6,77.8,69.8,42.4,1888,25.6
1990,220,29.8,24,24,50,38.3,,,19
1991,220,26.8,36.1,21.9,34.9,50,,,20
1992,220,33.5,28,28,40,50,,1100,18
1993,220,26.5,25,27.8,47.5,64.7,26.7,881,21.5
1994,220,24,28.8,19,43.6,50.4,25,886,20.1
1995,220,20.7,26.6,19.8,51.6,80,22.9,807,20.8
1996,220,25.8,30.6,25.3,46.7,56.1,29.2,1172,18.9
1997,220,24.7,24.4,19.6,34.7,46,23,1029.9,14.4
1998,220,23.9,23.8,19.9,32.3,55.2,26.4,1151.6,17.2
1999,220,31.5,33.3,24.9,50.9,62.2,35.4,1200,20.8
2000,220,30.2,31.2,27,47.3,52.3,30.9,1123.3,20.1
2001,220,18.6,16.8,14.8,26.7,37.5,15.8,581,15.1
2002,220,18.3,20.5,12.1,30.5,31.1,16.6,250,8.1
2003,220,24.2,23.5,18.2,37.5,33.9,23.5,916,13.9
2004,220,28.9,29.4,29.8,61.4,66.7,41,1091,19.2
2005,220,28.4,33.9,29.9,49.1,44.3,33.8,1270,21.6
2006,220,22.9,27.5,27,48.2,60.7,37.5,1600,21.4
2007,220,22.9,29.1,22.7,46.1,42.5,33.9,1586,16.7
2008,220,36.2,42.2,29.5,61,66.1,39,1650,22.9
2009,220,40.2,36.3,31.5,56.9,77.1,35.3,1504,21.2
2010,220,33.3,53.7,33.3,45.1,62.8,31.1,1126,22.5
2011,220,38.7,40.5,34.4,52,69,33.3,1465,24.5
2012,220,36.1,34.9,23.2,40.8,56.6,37.9,1265,21.7
2013,220,48.8,60.5,40.3,65.3,88.7,41,2193,31.3
2014,220,29.28,34.6,24.52,39.53,61.68,16.8,866.68,15.33
2015,220,33.87,39.92,36.87,58.93,72.84,32.6,1555.01,21.35
2016,220,40.5,44.8,41.4,57.5,64.3,36.7,1110,27.1
2017,220,34.92,41.51,29.91,39.98,42.84,34.3,1593.22,18.58
2018,220,35.6,35.2,33.3,40.5,42.8,29,1462,17.5
2019,220,49,48,44.4,54.2,83.5,40.2,1418,22.6
2020,220,39.1,40.8,31.6,54.5,58.5,41.3,1784,19.4
2021,220,30.4,28.4,23.4,42.3,31.2,28.1,1200,12.7
2022,220,52.4,61.3,42.5,75.3,64.4,44.4,1728.4,29.3
2023,220,46.6,34.5,35.1,64.3,49.9,41.3,1845.3,17.4
2024,220,37.5,36,31.3,67.5,54.2,33.5,769,18.8
2025,220,49.3,43.3,37.7,70.5,48.9,40.5,1899,26.9
1990,221,30.2,26.9,20,32.8,60,,,20
1991,221,27.9,33,25.3,35,70,,,18.6
1992,221,33.4,29.6,32,35.8,60,,900,18
1993,221,25.2,31.2,27.4,44.6,65,8.3,800,23.4
1994,221,26.2,34.4,22.1,40,60,,1300,20
1995,221,24.6,26.5,18,37.1,50,17.4,,16.3
1996,221,26.6,31.6,21.3,49,75,29.2,1050,22.5
1997,221,21.3,24.8,17.4,37,54,25.8,815,14.6
1998,221,21.9,21.7,24,42.5,56.5,39.8,,19.9
1999,221,31.7,36.7,25.8,49.9,69.1,28.1,1108.7,22.8
2000,221,28.6,32.5,24.4,41.8,55.9,44.7,1088.4,18.2
2001,221,14.2,17.3,10.7,25.3,40,12.9,539,15.8
2002,221,18.9,16.9,12.2,26.1,35.2,18.6,465,9.8
2003,221,17.6,16.5,11,29.4,23.4,24.4,693,10.8
2004,221,21.6,18.3,15.1,39.6,49.6,30.4,931,10.5
2005,221,25.2,27.5,23.3,43.2,57.5,33.9,1234,19.3
2006,221,24.6,29.6,22.1,45.7,55.2,33.2,649,22.9
2007,221,22.2,22.8,18.8,32.6,53,30,1275,14.2
2008,221,27.3,38.1,24.6,53.8,52.5,36.3,1167,21
2009,221,36.4,46.8,31.5,58.7,82.5,39.1,1382,25.4
2010,221,30.9,34.7,29.7,35.9,85.3,33.1,1051,17.7
2011,221,34.6,39.5,32.1,46.8,50.7,34.8,1533,25.7
2012,221,35,43.5,23.3,41,47.2,25.3,1092,21.6
2013,221,44.3,54.3,36.1,70.3,64.2,37.7,1608,32.8
2014,221,31.78,33.58,26.92,39.74,53.63,18.9,711.89,20.54
2015,221,34.39,36.03,36.17,59.57,70.77,36.4,1201.72,25.06
2016,221,40.5,40.5,35.3,63.8,56.7,40.3,824,25.6
2017,221,48.59,31.73,35.93,43.37,54.14,32.9,1655.42,23.4
2018,221,44.7,40,35.9,58,53.5,32.9,1557,23.4
2019,221,46.4,42.1,42.5,63.1,53,40.6,1060,23
2020,221,47.1,45.1,31.1,66.6,68.4,38.9,1631,18.7
2021,221,19.4,15.8,14.6,21.3,26.7,15.4,760,7.6
2022,221,41.4,43.3,33.5,55.7,72.1,37.9,1128.6,21.7
2023,221,37.2,34.6,26.4,78.4,70,36.8,1387.5,14.8
2024,221,43.1,41.5,30.7,56.6,55.9,37.6,1483,20.2
2025,221,36.2,35.1,30.6,47.4,60.9,39,1731,18.8
1990,222,33.5,25.5,25.5,39,50,,,25
1991,222,31.1,35,35,35,55,,,20
1992,222,30.5,32.8,37,50,46.1,,,20
1993,222,28.9,34.8,35.2,40.6,95,30,1200,25
1994,222,30,35.4,26.2,52,60,30,1104,20
1995,222,29.3,31.5,21.6,40,40,20,1188,19.2
1996,222,31.7,34.5,22.9,41.7,60,16.7,1082,22.5
1997,222,24.9,28.9,21,39.5,38.8,16.9,750,16.1
1998,222,21.8,21.4,23.9,53.9,53.8,33.6,1037.5,20
1999,222,30.8,32.7,28.5,47.7,65,44.4,1267.5,23.8
2000,222,26.6,31.8,24.4,48.1,50,37.8,1291.8,18
2001,222,17.4,15.5,16.4,33.9,40,15.6,577,16.5
2002,222,23.3,21.6,13.6,29.7,46.8,24.5,499,11.2
2003,222,24,22.7,14.5,42.3,65.6,27.2,1479,14
2004,222,25.9,32.2,23.5,47.3,40,42,1244,17.8
2005,222,34.2,38.9,29.5,55.7,57.2,40,1296,24.5
2006,222,30.9,32.5,24.9,50.7,55.5,29.4,1324,20.9
2007,222,25.3,35.6,21.4,42.3,43.6,36.1,1271,14
2008,222,26.8,37,26.5,53.5,65,30.8,1177,20.4
2009,222,45.3,46.6,36.5,67.5,55,45.9,1711,21.7
2010,222,41.5,41.5,32.8,55.8,51,31.5,1262,21.5
2011,222,40.6,45,33.2,60.2,66,36.1,1819,25
2012,222,33,39.7,22.9,61.3,,31.5,1288,20.9
2013,222,48.8,71.6,44.7,83.3,95.9,45.8,2059,31.5
2014,222,39.33,35.61,32.6,36.23,38.52,28.3,1177.45,15.71
2015,222,44.75,51.73,41.79,61.15,99.97,40.9,1383.78,25.55
2016,222,47.2,54.4,46.5,75.5,100.5,41.4,1265,27.1
2017,222,53.46,57.33,31.08,67.68,91.05,36.9,1561.41,21.69
2018,222,49.8,48.5,37,70,90,38,1487,21.7
2019,222,51.6,49.5,48.9,78.1,101.4,35.6,1428,23.1
2020,222,47.1,43.1,41.5,83.1,92.7,42.7,1637,25.5
2021,222,21.1,15,16.7,18.5,25.7,18.5,621,7.8
2022,222,42,44.4,33.6,59.9,86.9,37.8,933.2,23.5
2023,222,37.1,28,25.2,46.7,45.1,29.9,1118.6,12.5
2024,222,47.8,38.7,33.4,54.1,95.2,37.9,1402,
2025,222,45.9,42.8,31.8,62,81.7,33.2,1598,20
1990,223,28.5,33.3,14,30.5,40.7,,,23
1991,223,30.1,30.2,21.4,32.2,28.1,,,20
1992,223,32.6,17,32,60,49.2,,,25
1993,223,31.3,31.4,35,56.9,80,,677,
1994,223,29.1,23.3,23.4,40,62,,1100,
1995,223,21.8,22.2,17.9,44,40,30,775,15
1996,223,30.2,31.9,23.5,47,75,37.5,1447,20
1997,223,22,24.7,21.4,36.4,39.4,16.3,785.1,15
1998,223,21.7,28.6,25.2,32,37.5,32.6,1399.9,23.8
1999,223,26,28.7,35.2,41.7,39.4,37.2,1308,24.8
2000,223,26.4,27.3,25,38.4,54.5,29.3,1013.2,
2001,223,14.2,14.1,11.4,14.3,24.2,11.4,666,15
2002,223,18.3,17.4,6.7,25.7,11.1,19.3,811,7.2
2003,223,21.9,20.5,13.5,19.3,,28.4,,
2004,223,25,19.8,20.3,37,,35,1284,
2005,223,25.9,34.5,27.5,49.9,,42.2,1367,20.9
2006,223,24.6,22.7,22,40.9,,31.2,1109,15
2007,223,20.9,21.2,13.7,22.5,21.4,30.2,1049,14.6
2008,223,32.2,28.1,22.1,32.7,42.1,26.9,1224,11.8
2009,223,32.9,36.8,30.1,49.7,,33.5,1210,
2010,223,39.6,35.9,28.6,39.7,81.2,24.4,1408,26.7
2011,223,33.7,31.9,25.6,45.8,41.4,30.4,1421,25.7
2012,223,37.4,35.2,26.3,41.3,42.9,32.1,1437,18.9
2013,223,44.3,54.3,37.5,70.6,,40.2,1892,29.3
2014,223,38.24,33.1,30.91,46,26.84,32.5,1199.93,22.02
2015,223,30.01,38.52,39.04,55.25,39.79,38.6,1523.33,27
2016,223,40.1,45.6,44.3,57.5,52.7,42.8,1042,30.5
2017,223,37.91,42.76,27.36,52.79,45,32.9,1443.03,18
2018,223,37.2,36.5,34.1,39.5,40,28,1396,21
2019,223,41.7,46.2,40.3,59.7,56,32.5,940,18
2020,223,39.2,45.2,34,48.8,40,36.7,1014,23.9
2021,223,15.3,13.5,12.4,10.3,25,12.2,699,8.1
2022,223,28.7,29.6,20.5,29,37,19.7,909.7,
2023,223,25.2,22.6,16.2,27.8,,19.4,912,
2024,223,39.1,38.2,33.8,53.7,38,30.4,1075,25
2025,223,35.4,33.4,39.2,40.2,,32,1363,27.2
1990,224,31.1,35.4,20,32,55,,,22.7
1991,224,32.1,39.6,37.8,47.4,26.1,,,16.5
1992,224,26.9,25,36.9,30.4,52.2,,1000,25
1993,224,32.9,25,30.3,42.6,49.3,25,1298,25
1994,224,25.9,30.8,23.5,45,45,18.6,1074,30
1995,224,28.1,24.3,21,33.6,30,25,922,27.4
1996,224,33.2,34.8,23.2,47.2,51.3,29.3,1117,
1997,224,24.8,32.2,26.8,25.1,30,26.6,1087.2,
1998,224,27.7,28,22.7,39.5,34,31.3,903.8,25
1999,224,30.2,32.5,31.1,51.8,61,38.4,872.3,27.5
2000,224,30.2,34,27.5,45,55,33.2,1137.9,20
2001,224,19,24.3,17.1,24.8,29.1,17.9,642,11
2002,224,16.6,15.6,10.1,22.4,28.5,14.5,741,
2003,224,21.4,24.1,11,20.2,48.4,15.2,975,4.8
2004,224,32.7,30,26.6,24.7,55.6,26.3,1154,11.3
2005,224,32.5,35.1,21.8,33.7,44.5,33.3,1302,21.9
2006,224,48.2,22.8,32.8,,,26.8,,18.7
2007,224,30.8,,14.4,26.4,,19.7,879,
2008,224,,,23.3,47.4,,33.3,1121,22.5
2009,224,28,32.1,20.7,,,27.3,1275,36.7
2010,224,36.8,36.3,31.4,36,55.4,27,1164,27.1
2011,224,34.6,42.7,31,39.9,62.5,31.9,1774,28.1
2012,224,31.2,41.2,23.4,36.5,,27.3,1293,31.6
2013,224,42.6,49.1,40.3,43.6,,43.3,1620,32.1
2014,224,33.22,38.73,24.23,32.93,,21.9,1451.7,28.26
2015,224,32.65,31.41,34.82,31.42,41.73,23,1206.83,23.6
2016,224,48.8,56.9,50.7,40.1,,51.9,1470,25.1
2017,224,42.05,40.77,37.22,49.63,,27.6,1752.79,32.58
2018,224,49,43,42,,,28,1640,
2019,224,53.4,56.7,48.4,50.5,,29.3,1444,31.4
2020,224,53.1,64.3,42.6,68.3,,,1667,37
2021,224,20.5,23.4,26,13.7,,26.8,785,20.4
2022,224,31.5,47.9,29.3,41.7,,16.5,931.9,17.5
2023,224,25.6,41.7,25.4,47,,23.8,904,22.2
2024,224,50,56.8,39,65.2,,44,1218,23.5
2025,224,36.4,57.2,44.7,88,,40.8,1696,33.7
1990,225,32.7,32.4,18,47.3,66.7,,,29.3
1991,225,33.7,41.2,30.4,39,50.5,,,18.4
1992,225,31.1,33.6,20,40,45,,1000,15
1993,225,33.8,36.6,28.1,64.9,65.3,,1395,25.5
1994,225,27.4,26,21.4,45,52,,851,15
1995,225,29.4,29.8,22.6,40.8,55,36.8,1278,16
1996,225,35.2,34.5,24.6,50,58,27.9,1317,18.5
1997,225,34.2,29.3,17.1,38.2,51.6,27.4,1036.2,
1998,225,24.2,26.4,21.9,44.9,45.1,25.1,896.9,18
1999,225,35.9,39.4,29.6,50.5,62.5,41,1313.8,25
2000,225,30.8,31.1,24.1,40.6,36.3,30.5,1174,24.5
2001,225,18.8,16.6,12,28.7,25,14.6,709,13.5
2002,225,23.6,25.7,26,40.8,25,21,1036,16.1
2003,225,18,17.1,11.6,20.2,24.2,14.4,569,9.5
2004,225,29.9,30.3,25,46.5,45.2,25.2,1011,17.6
2005,225,32,34,23.4,49.7,56.7,40.3,1271,21.6
2006,225,25.4,29.4,23.9,40.7,38.3,27,933,19.6
2007,225,23.3,23.1,20.6,38.3,29.9,24.5,903,18
2008,225,30.4,29.5,21,40.6,,26.1,1151,
2009,225,23.8,26.4,27.9,41.3,56.5,22.9,962,20
2010,225,36.4,30.6,26.4,47.3,,25.7,1148,19.5
2011,225,40.5,40.7,34.3,49.1,57,36.3,1401,21.5
2012,225,32.5,29.7,26.2,40.3,,25.4,1216,21
2013,225,46.2,41.2,32.7,56,28,38.5,1905,31.8
2014,225,34.27,32.84,35.47,26.32,,21.7,1519.11,17.84
2015,225,35.64,31.71,32.35,61.04,,24.8,1454.67,25.86
2016,225,53,45.9,41.5,79.5,55,42,1266,36
2017,225,34.09,36.47,28.98,52.55,,25.8,1259.59,17.81
2018,225,33.9,30,31.8,51,,24,1184,20
2019,225,36.4,38.6,31.9,55.8,,28.2,1243,19.1
2020,225,54.1,52,37.3,71.1,,40.5,1675,24.6
2021,225,21.8,15.1,11.4,16,,12.8,752,6.5
2022,225,27.4,26,16.9,17.7,,18.7,833.2,10.6
2023,225,20.2,17.6,13.9,15.3,,15.1,826.1,
2024,225,42.1,39,30,64.8,,28.6,1206,15.8
2025,225,64.9,62.9,54.8,70,,45.8,1945,35.9
1990,226,33.5,37.9,20,41.2,40.7,,,16
1991,226,32.1,37,22,43.6,48.3,,,19.5
1992,226,33.5,35.6,20,42.7,80,,1457,15
1993,226,34.1,37.3,30,56.7,61.8,,1027,20
1994,226,28.5,26.9,23,50,60,19.9,999,20
1995,226,27.4,31.1,19.7,43.6,53.9,34,1401,
1996,226,36.3,40.2,22.5,59.2,70.4,23.5,1190,20
1997,226,29.9,35.8,22.6,40.5,57.5,30.3,1238.6,18
1998,226,25.5,32.6,24.2,30.2,44,30.5,1148,21.6
1999,226,35.4,40.1,31.9,52.5,69.9,47.8,1511.2,21.6
2000,226,32,37.2,25.5,48.6,60.7,44.1,1468,21.6
2001,226,21.1,21,15.5,29.9,38.1,17.7,755,10.1
2002,226,16.7,24,16.4,33,53.7,18.9,880,15.1
2003,226,15.8,15.1,6.2,25.7,27.1,12.2,666,10.4
2004,226,29.3,33.7,18.9,56.5,66.8,33.4,1221,17.7
2005,226,32.7,40.9,28.8,61.7,46,34.3,1352,22.8
2006,226,27.6,34.9,21,43.5,49.1,29.2,1181,17.7
2007,226,26.1,31,17.7,37.2,45.8,28.1,1131,13.2
2008,226,31.7,34.4,22.5,46.1,60.2,26.2,1300,19.7
2009,226,21.7,25.5,,39.8,33.6,20.9,912,15.1
2010,226,32.5,34.5,38.4,56.4,80.8,30.1,1499,18.2
2011,226,34.3,39,36.4,39.1,55.5,30.1,1392,18.7
2012,226,27.6,37.3,26.7,40.3,63.5,22,1346,15
2013,226,37.6,50.3,36.5,67.8,85.4,38.1,1831,22.7
2014,226,29.8,39.43,41.99,42.64,46.5,25.2,1584.64,26.19
2015,226,29.3,28.75,35.96,42.04,41.14,18.4,1230.74,14.31
2016,226,43,50.9,46.7,68.9,57.6,32.5,1119,39.2
2017,226,49.27,38.31,28.03,47.7,49.8,21.4,1373.9,21.74
2018,226,46.8,35.2,28,47.7,43,21.4,1316,22
2019,226,37.7,35,34.8,44.6,27.6,26.5,1389,20.3
2020,226,50.4,45.5,34,66.8,70.2,40.7,1615,33.3
2021,226,20.4,14.3,12.5,14.7,11.6,12,717,10.6
2022,226,23,20.5,11.6,29,17.8,20.4,695.7,11.7
2023,226,24.1,18.8,15.9,28.8,9.6,17.2,1084.1,14.3
2024,226,44.3,41.4,30.5,59,60.9,27,1091,21
2025,226,59.7,61.8,51.6,66.1,78.8,46.7,2176,38.3
1990,228,18.3,22.3,,22.7,23,,,9
1991,228,34.2,40.5,30,48.5,39.8,,,19
1992,228,31.4,33.9,20,66.1,91,,661,10
1993,228,33.1,37.7,19,57.4,60,36.3,1191,29.8
1994,228,26.6,34.5,20.5,49.6,40,20.2,1008,20.4
1995,228,33.5,36.6,22.9,47.8,55,18.7,1305,20.9
1996,228,40.4,43,,62.1,65,27.3,1663,
1997,228,33,38.9,21.7,51.4,64.2,30.5,1243,
1998,228,28.5,34.4,8,40.7,55.8,23.1,1201.3,12
1999,228,37.8,39.2,29.3,58.4,61.3,45.5,1560.2,15.5
2000,228,32.4,40.1,27.8,52,50,33.9,1448.7,18.2
2001,228,23.9,26.1,9.9,33.2,27.5,12.6,804,15.7
2002,228,15.1,16.5,16.1,22.5,18.6,11.4,848,
2003,228,22.2,22.2,11.9,32.1,31.7,20.1,758,11.7
2004,228,29.8,36.8,45.5,42.2,41,27.4,1163,20.9
2005,228,37,42.8,31.7,53.4,46.3,35.5,1561,26
2006,228,26.9,34.6,22.2,41.8,36.5,29.9,1128,15.7
2007,228,26.8,32.2,25.7,39.4,50,31.7,1241,20
2008,228,34,37.6,37.1,60.8,47,24.9,1217,20
2009,228,31.2,36.6,37.9,48.3,31,26.9,1301,
2010,228,34.1,38.4,43.9,44.1,42.1,39.1,1578,29
2011,228,37.9,47.5,42.2,57.2,77.5,31.9,1573,
2012,228,31.5,39.5,30.1,41.7,,29.7,1377,
2013,228,39.7,45.4,39,66.6,52.2,44.4,1640,29.8
2014,228,45.64,42.64,44.18,41.42,58.03,33.9,1741.28,26.92
2015,228,41.56,33.95,37.07,36.43,34.16,22.1,1113.07,23.99
2016,228,35.8,39.4,37.8,40.1,80,34.3,903,19.2
2017,228,41.52,45.13,32.21,59.94,41.3,29.6,1198.11,22.86
2018,228,38.8,39.1,32.2,58.6,,29.6,1106,11
2019,228,20.3,20.4,24.4,36.2,29.2,22.3,820,15.1
2020,228,45.1,39.2,28.7,53.3,53.2,38.7,1226,25
2021,228,16.4,11.8,9.9,11.7,18.1,14.1,644,9.6
2022,228,15,11.6,8,10.5,3.9,11.2,413.7,3.1
2023,228,20.4,16.8,13,16.2,3.8,19.6,1012.8,10
2024,228,35.3,35.1,19.1,40,33.4,30.8,1167,
2025,228,49.2,45.9,46.6,69.3,47.3,44.5,1955,36.9
1990,229,10,15.4,,33.3,23,,,16
1991,229,29.7,39.9,,62.2,79.3,,,20
1992,229,29.5,37.4,,77.7,66.9,,2400,15
1993,229,34.9,36.8,22,66.4,73.7,23.3,1102,26
1994,229,32,30.7,23.1,56.8,70,16.7,1128,25
1995,229,34.7,36,22.2,53.9,80,20,1300,25
1996,229,38.1,40.7,28,66,68.8,26.7,1170,28
1997,229,33.3,35.8,21.4,52.1,55.3,32.5,1140.4,18.8
1998,229,36.3,34.7,13.6,43.6,46.8,33.7,1050,17.3
1999,229,37.7,38.5,39.9,55.3,48.9,51.5,1809.6,
2000,229,31.8,39.1,39,54.4,95,44.3,1351.8,
2001,229,15.8,22.4,,36.8,41,10.7,305,
2002,229,21.3,15.4,,29,37.7,15.8,561,
2003,229,23.9,23.1,22.1,29.4,25.2,21.3,661,11.7
2004,229,33.5,37.9,33.5,52.1,44.5,37.1,1125,24
2005,229,39.3,41.7,34.9,59.3,71.5,38.4,1406,21.2
2006,229,29.1,30.4,28.6,44.8,,28.5,1006,18.5
2007,229,28.2,35.2,30.6,45.4,51.4,32.3,1133,
2008,229,32.4,34.4,37,57.1,,31,1332,
2009,229,34.4,35,37.9,53.9,,28.9,1476,
2010,229,40,35.8,37.2,50.6,67.1,32.6,1780,23.5
2011,229,40.7,36.1,38.4,61.3,,33,1486,20.5
2012,229,33.6,39.6,32,40.4,,32.4,1406,10
2013,229,37.1,43.7,42,56.5,92.6,43.7,1914,26.2
2014,229,41.25,42.57,41.33,50.95,84.43,39.1,1800.36,24.41
2015,229,18.66,34.91,30.21,47.6,,21.8,1037.68,16.02
2016,229,24.2,50.8,55.5,61.5,,39.1,1248,25
2017,229,50.76,40.25,28.52,50.92,,32.8,1383.82,30
2018,229,28.5,31,28.5,43.6,35,24.9,1230,14.5
2019,229,30.4,28.3,24.6,41.3,40,29.6,1210,17.3
2020,229,36.8,35.1,27.9,53.5,40,33,1474,10
2021,229,15.9,11.1,10.5,6.9,,11.3,615,8
2022,229,21.7,18.2,9,34.1,25,20.5,784.9,10
2023,229,17.2,13.3,7.6,20.5,14.3,17.1,839.2,5
2024,229,26.7,26.5,21.2,30.1,,24.7,966,16
2025,229,39.7,40.9,38.1,58.9,70,28,1716,10
1990,230,9.7,9.6,,10,18,,,4.5
1991,230,30.8,38,,51.3,72.5,,,
1992,230,30.3,36.8,,65,60,,1700,20
1993,230,33.6,32.1,,61.1,80,,1500,25
1994,230,32,33.8,20,50,57,45,950,18
1995,230,43,37.2,25,59.4,73,35,1600,25
1996,230,34.3,39.7,23,57.6,60.8,35.8,1400,24
1997,230,34.2,35.1,16.6,43.8,40,24.6,889.1,11
1998,230,29.7,36.1,20,50.9,57,34.7,1413,15
1999,230,39.1,37.9,33.2,58.7,73.1,39.4,1684.8,16
2000,230,31.4,39.4,23.5,55.9,47.7,31.1,1263.6,
2001,230,18,20.1,10,30,35,6.9,331,12
2002,230,10.2,13.3,,17.5,25.4,5.7,305,
2003,230,28.3,27.8,,47.5,,25.8,740,
2004,230,0,43.5,33.4,54.6,,28.3,1093,
2005,230,41.8,50.1,32.3,61.2,,37.9,1228,
2006,230,46,44.4,23.3,46.9,,19.2,,
2007,230,24.7,39.7,12.4,43,,26.9,,
2008,230,,38.5,,,,31.1,,
2009,230,,42.7,,,,17.2,753,
2010,230,44.2,34.9,40.1,52.9,41.4,30.7,1555,21.5
2011,230,32.6,42.3,37.2,59.3,,26.2,1373,21.8
2012,230,39,39.1,27.1,31,,29.8,1611,
2013,230,33.9,51.1,40.7,62.3,60,41.3,1798,23.2
2014,230,36.12,45.95,32.91,75.33,38.91,34.7,1978.53,25.75
2015,230,35.37,24.92,20.58,39.1,46.99,14,921.76,17.43
2016,230,32.6,45.1,50.8,72.4,33.6,36.6,1262,23.6
2017,230,41.57,41.34,23.29,57.78,,31.8,1295.68,19.46
2018,230,34,33.5,22.8,40,,26.4,1099,10
2019,230,26.6,27.5,19.4,41.8,,26,1023,12.4
2020,230,30.1,34.7,24.5,51.4,,34.6,1045,21.7
2021,230,29.4,13.8,12.8,11.3,16.6,12,796,8.3
2022,230,23.4,23.9,16.2,26.9,13,19.7,803,12.4
2023,230,10.9,16.2,11.6,15.8,17.9,17,887.6,9.3
2024,230,20.6,32.2,16.6,37,30,21.8,1002,
2025,230,16.4,36.2,38.6,45,,29.1,1429,
1990,231,8.1,7.7,,12.8,16,,,
1991,231,31.5,36.4,,50.5,40,,,
1992,231,36.2,34.3,,55.5,75,,,15
1993,231,32.1,34.3,35,67.5,100,,1000,34
1994,231,30.5,33.8,22,38.6,80,,,20
1995,231,37.8,40.3,30,60.2,80,,,24.8
1996,231,33.8,39.5,,45.9,50.8,,,
1997,231,33.3,36.3,24.8,48.5,,,,24.8
1998,231,30.4,35.2,,61.1,44.5,28.9,1496.4,
1999,231,36.2,39.9,31.6,45.9,55,32.3,1664.2,23.2
2000,231,34.5,33.7,27.3,39.7,24,24,626.9,
2001,231,20.3,21.1,,28.9,,5.2,528,
2002,231,14,13.7,,25.3,,8.9,460,
2003,231,27.2,31.8,,46.6,39.1,27.4,1097,
2004,231,37.8,42.6,31.2,47.1,56.3,30.1,932,
2005,231,41.4,44.5,40.2,63.1,,35.7,1670,24.3
2006,231,31.6,39.3,35.1,55.1,,38.5,,
2007,231,36.5,40,33.4,53.8,,26,1250,
2008,231,37.6,44.9,,,,32.1,1618,
2009,231,38.8,44,39,,,15.7,1360,
2010,231,30.8,34.9,35.5,72.9,65,31.2,1677,
2011,231,37.1,39.3,38.2,58.4,45.7,32.2,1745,31.8
2012,231,35.5,40.6,29.1,63.1,,36.9,1670,
2013,231,38.8,42.9,36.2,69.4,,40.2,1838,24.6
2014,231,40.71,41.52,36.96,61.99,80.01,31.5,1803.52,25.84
2015,231,36.28,29.8,27.82,34.99,50.21,24,1201.9,11.27
2016,231,38.7,47.4,50.5,63.3,46.4,37.3,1053,22
2017,231,40.71,44.87,32.71,54.09,,31.9,1371.1,22.55
2018,231,33.9,37.4,36,29,,27.5,1134,19
2019,231,29.5,23.8,21.9,40.8,,24.8,871,11.8
2020,231,32.2,32,20.5,32.9,31.4,29.3,1381,12.7
2021,231,16.5,15.3,20.7,28,,15.7,797,11.2
2022,231,18.5,17,22.2,31.6,25.5,20.9,833.1,10.6
2023,231,11.2,11.6,9.8,12.6,,11.7,594.2,14
2024,231,29.2,28.6,20.3,44.6,26.5,23,974,
2025,231,18.1,16.7,19.6,31.1,14.9,13.1,1270,
1990,232,6,8,,10,12,,,
1991,232,33.2,26.9,,50,38,,,
1992,232,35.1,28.7,,51,90,,,
1993,232,33.1,34.7,30,48.9,80,,,
1994,232,25.1,30.8,20,10.6,,,,22
1995,232,35.8,38.9,30,50.5,,,,25
1996,232,29.4,31.3,23,31.6,58.8,,,
1997,232,29.5,29.3,14.5,44.7,,30.3,,25
1998,232,30.2,33.6,6.5,,70.9,37.8,,
1999,232,35.3,35.5,,54.7,80,36.5,1624,
2000,232,25.9,28,,,32.9,12.6,,
2001,232,9.2,12.4,6,14.2,16.5,5.5,240,
2002,232,13.5,10.9,10,22.5,25.1,9.1,264,
2003,232,19.2,25.6,24,31.1,22.5,23.6,1000,
2004,232,29.3,32.1,33.8,48.7,60,31.8,1271,
2005,232,36.2,40.6,40.7,49,47.5,39.6,1480,23
2006,232,28.8,33.2,32.2,56.7,60,31.1,,26
2007,232,28,34.3,20,54.4,54.5,34.7,1210,
2008,232,36.1,36.6,37.5,55.6,65,33,,
2009,232,31,30.6,23.7,,,19.4,,
2010,232,33.6,29.1,38.8,49.4,65,38.2,1673,
2011,232,35.7,31.3,31.7,59.7,36.6,39.3,1848,
2012,232,35.3,40.5,32.2,54.8,,43.6,1816,
2013,232,36.6,37.9,37.9,61.5,52.7,39.9,2019,
2014,232,35.18,31.13,37.16,54.19,,31.9,1821.47,
2015,232,29.74,27.61,32.34,59.41,84.16,20.7,1376.82,
2016,232,45.9,43.2,43.9,54.8,62.4,42.3,1145,
2017,232,33.97,37.33,30,41.53,,29.7,1001.28,
2018,232,32,29,38,47,,29,1015,
2019,232,28,24.5,21.2,35.8,,18.4,463,
2020,232,32.4,27.9,18.5,36.2,,27.6,750,
2021,232,12.8,10,14.3,13.1,,11,514,
2022,232,19.6,18.7,18.4,23.7,,14.9,703.3,
2023,232,11.6,6.4,14.3,10.3,,11.3,487.2,
2024,232,29.2,31.2,20.6,40.3,41.9,22.5,1000,
2025,232,21.5,18.2,39.7,36.9,,15.6,1034,
1990,241,39.6,35,26.6,61.1,71.3,,,23.3
1991,241,29.9,30,18.6,35.6,55,,,21.1
1992,241,22.3,20,13.8,34.7,41.3,16.7,900,16.7
1993,241,27.7,25,23.3,63.6,60.4,27.1,1100,20
1994,241,27.5,25,16.9,49.3,65.9,30.4,1200,20
1995,241,26.4,25,13.9,57.6,70,21.6,1200,21.3
1996,241,30.1,22.5,25.2,68.1,79.1,22.5,1200,24.1
1997,241,25.3,20,21.2,53.1,47.7,17.7,600,15.2
1998,241,28.2,25,23.8,65,77.5,18.5,800,19.6
1999,241,34.1,30,29.2,65.5,64.3,29.1,1300,15.6
2000,241,34.2,30,27.7,60.5,65.7,37.1,1200,18.5
2001,241,25.9,20,24.6,51.8,53.5,18.9,750,15
2002,241,30.4,20,20.9,45.7,47.1,21.8,700,12.8
2003,241,23.6,15,19.6,43.8,55.6,19.7,600,12.5
2004,241,28.9,,18.2,53.2,75.1,25,800,15
2005,241,32.8,30,23.1,50,50.6,18.5,900,20.1
2006,241,28.6,30,23.3,50.5,50.7,35,700,17.5
2007,241,33.7,30,27.6,45.8,74.3,37.5,900,25
2008,241,44.4,45,33.5,63.8,82.7,35,900,22.4
2009,241,34.8,39.2,28.4,56.9,68,30,800,18.3
2010,241,27.3,30,21,32.5,59.2,17.2,900,20.9
2011,241,33.8,35,27.5,49.4,59.3,23.9,900,17.5
2012,241,28.4,30,16,24.7,59.5,24,1000,13.5
2013,241,51.2,45,37.6,71.9,91.9,29.7,1250,27.9
2014,241,39.61,40,27.02,35.57,84.2,19.1,1300,22.32
2015,241,37.48,35,36.05,58.87,72.04,32.8,1100,21.01
2016,241,38.4,35,39.1,59.5,80.1,39.4,702,24.9
2017,241,49.13,40,39.16,63.63,83.37,47.8,1200,25.26
2018,241,48.3,35,39.2,61,90.2,41.5,900,20
2019,241,53.3,45,40,68,92.3,42.6,900,25
2020,241,50,40,39.5,66.2,74.8,38.5,800,29
2021,241,34.3,25,25.8,41.8,48.6,24.9,650,19.3
2022,241,53.8,35,42.9,60.9,93.3,44.3,1300,30.2
2023,241,47.4,30,38.8,62.1,64.1,43.1,1200,21.4
2024,241,58.9,35,36,75.4,96.6,45.1,800,30
2025,241,62.2,57.7,50.4,89.4,111.6,47.7,1789,30
1990,243,41.7,37,26.4,57,61.9,,,22
1991,243,35.2,30,26.9,47.8,60,,,25.8
1992,243,23.6,27,19.7,53.9,50.1,35,,8.3
1993,243,28.9,26,22.7,63.1,74.1,23.8,,20.3
1994,243,30.3,25,20.3,59.5,73.6,31,,20.9
1995,243,34.5,32,13.4,60.9,76.1,26.6,,20.6
1996,243,34.6,31.5,24.5,62.5,76.6,31.7,,20.2
1997,243,30.4,30,22.4,51.3,57.8,21.7,500,19.4
1998,243,32.1,27.5,21.1,53.3,69.4,18.2,,19.9
1999,243,40.7,,28.8,63.9,61.4,36.4,,19.6
2000,243,41,,28.5,53.5,61.7,34.3,,17.9
2001,243,29.9,,21.3,51.3,53.3,31.6,,18.9
2002,243,27.4,,21.7,51.8,39.8,20,,16
2003,243,34,,20.9,59,60,23,,17.5
2004,243,33.1,,18.6,62.5,68.8,,,
2005,243,33.3,,29.5,61.3,66.4,32.1,,15
2006,243,31.9,,25.1,59.2,66.6,34.7,,15
2007,243,44.6,,25.8,52.8,81.2,,,
2008,243,40.3,,32.9,69.6,79.5,31.4,,
2009,243,41.6,,38.5,69.1,71.5,42.2,,21
2010,243,32.9,,25.1,45.7,62.2,29.1,,18.2
2011,243,43.3,,32.7,48.5,84.5,20.2,,22.9
2012,243,36.7,,21.6,31,63.6,22,,
2013,243,51,,38,69.2,93.6,59.5,,19.7
2014,243,51.65,,37.28,45.96,68.27,29.8,,17.08
2015,243,48.44,,41.19,65.96,94.39,38.8,,23.05
2016,243,52.8,,51.8,73.1,82.6,54.2,,
2017,243,51.8,,47.97,75.51,102.24,55.1,,
2018,243,50.9,,48,71.4,91.2,64,,
2019,243,51.5,,45.2,64.6,114.6,54.3,,
2020,243,44.4,,42.8,68.7,78.5,39.4,,
2021,243,33.3,,25.3,28.9,61.7,29.1,,15.8
2022,243,52.5,69.3,43.9,67.4,137.3,65.8,,
2023,243,49.7,,40.8,91.4,108,52.7,3238.6,
2024,243,58,75.9,36,92.2,126.3,54.3,,
2025,243,60.3,72.5,46.6,94.4,145.8,64.7,2964,
1990,244,28.7,26,22,44.1,48,,,25
1991,244,30.6,27.5,25.9,46.3,43,,,17.7
1992,244,25,32,21.5,51.5,55,,1122,16.7
1993,244,26.6,30,24.9,55,54.2,,600,16.5
1994,244,27,27.6,20,54.1,64.1,22.9,500,23.3
1995,244,30.6,32.5,17.9,53.3,73.2,33.3,1200,22.3
1996,244,33.7,28.6,23.8,64.4,81.9,31.3,,30.8
1997,244,29.8,,24.6,58.8,64.6,30.5,,21.5
1998,244,30.9,,23.6,56.1,73.1,29.7,,19.7
1999,244,38.3,,27.2,63,71.2,41.3,,17.4
2000,244,35,,29,56.1,60.6,33.1,,18.7
2001,244,32,,21.9,50.6,51.3,25.6,,19.2
2002,244,35.2,,29.8,48.1,53.4,29.7,,21.2
2003,244,30.9,,20.6,49.5,51.3,16.7,,17.3
2004,244,29.6,,25.8,62.1,68.3,28.5,,10
2005,244,52.4,,30.5,71.4,79.5,,,
2006,244,37.5,,41.5,51.8,50,,,
2007,244,31.8,,24.9,45.6,53.9,,,
2008,244,39.6,,33.5,57.7,75.8,,,26.5
2009,244,44.3,,41.9,68.7,80.8,35.4,,22.5
2010,244,30.8,,24.3,48,57.1,17.3,,17.4
2011,244,41.2,,31,53.4,72,36,,22.3
2012,244,30.1,,25.7,30.7,56.4,30,,
2013,244,51.2,,39.7,67.2,97.2,42.7,,34.7
2014,244,40.97,,31.5,42.09,69.39,27.4,,17.72
2015,244,42.1,,38.5,59.4,98.22,38.6,,31.93
2016,244,42.1,,41.3,60.9,87,41.3,,12.3
2017,244,53.01,,41.96,66.71,90.71,45,,
2018,244,53,,42,79,85.4,43,,
2019,244,58.3,,50,79.3,91.7,47.8,,
2020,244,50.6,,39.5,67.9,57.1,35.6,,
2021,244,37.8,,28.8,41.5,37.2,31.5,,
2022,244,60.3,,47.6,78.8,111.6,54.7,,
2023,244,55.6,,43.9,66.5,80.3,41.3,,
2024,244,63.1,,38.8,82.2,110,50,2203,
2025,244,63.5,,50.3,80.5,106.3,49.9,2645,
1990,245,30.6,27,21.3,48.7,60,,,20
1991,245,35.1,30,23.6,53.8,52.5,,,23
1992,245,27.2,30,24.1,51.5,52.5,,600,15
1993,245,20.9,30,20.4,54,43.4,,,15
1994,245,22.7,40,16.8,55,54.8,,1500,18
1995,245,22.5,35,11.9,47.5,67.8,30,,21
1996,245,29.8,32.5,22.7,59.9,72.9,23,,23.8
1997,245,24.2,27.5,18.8,43.9,63.8,23.8,,16.7
1998,245,27.6,30,22.4,55.7,70.8,24.3,,18.2
1999,245,29.7,31,27,54.8,72.7,22.8,,18.4
2000,245,32.4,25,18.3,59.7,69.9,19.2,,18.2
2001,245,24,25,19.8,39.6,48.9,19.5,,16.1
2002,245,26.8,28,25.3,47.9,70,19.6,,20
2003,245,27.8,20,25.3,46.4,46.1,21.7,,15
2004,245,26.3,30,21.4,45.8,49.9,33.5,,17.5
2005,245,32.7,,27,52.7,68.4,27.2,,15.8
2006,245,27.4,,23.2,49.2,58.2,25,,17.5
2007,245,29.8,,20.4,47.2,60.9,26.7,,18.6
2008,245,40.3,,31.1,60.7,82.6,40,,23.5
2009,245,37.9,,29.4,56.4,73.1,37.8,,22.8
2010,245,26.3,,21.3,37.7,49.6,21.3,654,12.9
2011,245,32.3,,25.8,46.1,64.7,34.9,,20.1
2012,245,25.3,,21.2,31.6,47.2,27.5,,16.5
2013,245,46.7,,38.1,63.1,90.6,33.3,,25.4
2014,245,33.17,,24.81,36.2,50.96,29.4,,19.59
2015,245,35.95,,32.91,54.43,80.8,33.9,,21.53
2016,245,45.2,,39.6,60.6,80.4,38.8,,24.3
2017,245,44.87,,35.89,60.86,87.09,46.8,,25
2018,245,44.9,,39.5,60.9,87,39.5,,21.8
2019,245,58,,44.8,75.5,99.5,41.6,,27
2020,245,50.4,,40.5,70.4,89.5,,,23.5
2021,245,38.8,,27,43.4,60,32.1,1459,18
2022,245,52.3,,42.8,74,100.4,45.8,,30
2023,245,49.6,,40.6,71.9,82.7,,2385.4,
2024,245,55.7,,36.9,77.9,97.3,48.6,,
2025,245,57.1,,47.5,84.2,100.9,47.7,2763,30
1990,246,32.4,30,14.2,52.5,56,,,19.3
1991,246,29.9,30,21,40.8,66.2,,,25
1992,246,28,28,17.5,55.4,80,15.8,,18
1993,246,22.5,27,18.1,45,73.4,25.3,1100,18
1994,246,18.7,,17,42.2,68.9,27.2,596,21
1995,246,25.2,,13.4,42.1,61.3,29.7,,18
1996,246,28.5,28,22.2,53.7,79.1,25.8,,17.7
1997,246,26.2,28,19.2,44.4,67.3,26.2,,13.1
1998,246,26.3,28,22.5,51.4,69.6,29.1,,18.7
1999,246,27.6,30,20.3,51.6,63.9,27.8,,21
2000,246,32.5,27,23.4,53.2,73.4,30.7,,16
2001,246,31.1,27,19.7,48.9,59.4,18.2,,17
2002,246,22,,19.2,47.4,63.3,22.8,,11.5
2003,246,32.2,,25,55,72.9,29,,18
2004,246,23.8,,15.9,44.9,64.7,36.5,,6.5
2005,246,38.6,,23.7,59.6,67.9,37.8,,24.2
2006,246,28.2,,15.4,51.8,48.9,34.1,,16.5
2007,246,24.7,,15.5,37.1,51.2,,,10.8
2008,246,39.5,,34.8,56.3,79.1,43.8,,21.8
2009,246,36.9,,32.4,63.3,77.5,42.5,,22.5
2010,246,30.4,,21.7,34.5,40.9,22.3,1170,13.9
2011,246,35.3,,27.8,48.4,71.6,34.4,,17.3
2012,246,28.6,,17.7,32.9,62.9,24,,12.5
2013,246,43.8,62.9,36.1,70,89.3,33.3,,27.5
2014,246,32.98,33.99,24.55,38.27,74.4,22.7,,19.44
2015,246,31.4,23.7,28.34,58.83,78.91,24.4,,22.6
2016,246,44.6,51.8,48.1,63.1,88.5,41.2,,19.7
2017,246,39.87,,34,67.43,73.23,42.4,,20
2018,246,37.7,,34.3,62.5,72.9,37.5,,20
2019,246,38.5,,31,65.1,74.3,29.8,,15
2020,246,45.6,,38.7,73.5,91.2,40.1,,
2021,246,38.8,,30.6,54.4,66,29.1,,15
2022,246,52,,41.7,72.9,96.6,47.4,,17.6
2023,246,59,,42.6,72,92.6,45.7,,30
2024,246,47.4,,35.3,71.2,86.8,29.1,,25
2025,246,56.9,78,42.1,82.3,110.5,42.6,,20
1990,247,32.7,30,21.4,55.6,72.5,,,19
1991,247,29.3,31,20.9,27,69.5,,,20
1992,247,25,23,13.9,33.5,55.4,10,,18
1993,247,27,,18.3,40.9,60.8,25.5,600,20
1994,247,26.4,48.8,24,34,55,23.9,443,18
1995,247,25.2,15,14.5,41.9,62.3,22.3,,17.3
1996,247,30.6,28.2,23.6,47.1,60.8,28,,16.6
1997,247,28.9,,21.4,47.8,57.6,25.3,,15.4
1998,247,29.3,,20.3,51.8,60.8,31.6,,17.4
1999,247,31.6,,24,59.9,57,29.7,,22
2000,247,27.7,,24.8,55,57.6,33.5,,17.2
2001,247,28.4,29.3,18,38.8,39.3,24.1,,18.4
2002,247,20,20,17.3,32.7,33.4,23.5,,9.5
2003,247,30.4,,20.5,39.5,54.1,19.6,,16.5
2004,247,19.4,,15.6,41.7,48.7,33.7,,14.5
2005,247,35.2,,32.5,61.7,73.3,33.5,,25
2006,247,24.9,,18.1,42.9,54.2,25,,18.3
2007,247,28.4,,25.5,49.8,65,37.4,,15.9
2008,247,29.2,,31.1,57,75.4,36,,19.5
2009,247,35,,32.6,60.3,74.6,38.1,,25.9
2010,247,27.4,39.4,30.1,39.9,65.9,16.6,884,17.6
2011,247,31.1,45,28.8,44.6,65,27.7,1157,20.4
2012,247,28.7,,25.8,38.4,62.2,27.4,,19.8
2013,247,42.3,,38.1,65,89.3,31,1680,29.9
2014,247,34.54,29.95,26.99,45.34,69.63,23.6,474.79,21.72
2015,247,32.24,41.58,30.06,54.21,75.76,30.4,1799.89,20.38
2016,247,36.1,52.3,37.6,60.2,77.1,34.9,1461,24.1
2017,247,40.56,,31.77,57.33,72.1,35.5,1806.78,21.29
2018,247,43.8,,37.3,60.4,75.9,37,1735,21.3
2019,247,45.5,,39.2,75.2,96.5,39,,20.2
2020,247,45.8,,42.7,68.4,90.5,40.1,2002,23.7
2021,247,33.9,,27.7,39.1,37.4,30.8,1228,17.2
2022,247,54.5,,43.2,80.4,109.3,35,1507.9,34.5
2023,247,58.5,,45,78.6,87.3,49.3,2244.3,26.6
2024,247,57.6,,35.7,75.4,87.6,42.5,1361,
2025,247,62.2,,46.2,91.2,101.3,39.1,1334,
1990,248,31,27,13.3,47.6,60,,,17.5
1991,248,30,32.1,20,44.5,50,,,20
1992,248,22.2,18,17.4,29.7,30,5,250,17
1993,248,12.2,,12.7,39,47.1,13.3,550,14
1994,248,16.6,20,15.2,46.7,40,16.9,565,18
1995,248,20,13.8,15.6,46.1,56.3,16.3,490,20
1996,248,24.4,30,20,45.2,55.2,18.4,900,19
1997,248,25.1,22.5,16.5,44.4,49.3,24.8,925.8,16.1
1998,248,27,22.6,17.1,40,59.1,,,18.5
1999,248,39,,23.3,54.6,51.5,54.8,781.6,24.4
2000,248,27.5,,19.5,47.5,54.8,40.9,,19.3
2001,248,15.3,,13.5,24.4,42.1,14.8,603,
2002,248,25,20,16.1,27.5,42.1,15.5,,10.6
2003,248,30.1,20,16.3,42.9,44.5,24.6,909,14.8
2004,248,21.4,25,19.5,55.7,77.9,24.3,1077,17.5
2005,248,35,,26.6,58.5,60.1,29.4,1111,18.2
2006,248,29.3,,22.4,42.5,,36,,20.5
2007,248,20.5,,21.9,36.9,64.3,28.5,,16.4
2008,248,33.8,,29.1,43.5,71.8,29.8,,21.1
2009,248,36.6,,33.3,51.1,71.2,34,,20.4
2010,248,28.6,32,29.5,40.3,62.7,24.9,873,16.1
2011,248,34.4,39.5,29,51.9,61.4,28.9,1234,21.8
2012,248,32.8,33.5,24.7,43.1,52,26.3,,18.5
2013,248,54.9,62.3,37.6,68.3,85.7,36.1,1832,23.4
2014,248,33.43,37.4,24.66,33.56,59.79,23.6,,19.6
2015,248,30.73,34.19,32.19,44.01,69.72,32.9,1418.92,21.16
2016,248,34.5,37.8,39.4,61.4,107.6,38,1389,21.9
2017,248,42.26,51.01,27.59,58.09,65.68,29.7,1129.74,18.16
2018,248,38.5,37,32.9,52.5,81,32.4,1045,24
2019,248,50.8,47.5,39.2,66.5,100.2,37.8,822,21.8
2020,248,50.6,49.6,34.7,69,87.1,42.7,1909,26.2
2021,248,38.9,34.5,27.9,52.1,46.5,23.6,1446,15.7
2022,248,53.9,58.1,38.5,79.3,110.7,44.2,1523.4,
2023,248,48.5,44.1,38.1,71.6,69.3,40.7,1816.6,
2024,248,54.9,45.9,30.7,75.5,68,36.4,1759,
2025,248,58.2,47.6,41.8,78.9,,45,1996,10
1990,250,29.1,27.3,22.7,36.1,45,,,17.5
1991,250,28,26.7,23.5,31.1,55,,,20
1992,250,33.2,37.7,18.1,36.4,65,,1574,30
1993,250,25.7,34.4,27.7,50,65,30,980,25
1994,250,27.8,29.9,23.3,45,70,30,834,22.1
1995,250,28.1,30.6,19.3,50,65,27.4,1358,21.2
1996,250,31.1,35.5,25.8,48.1,65,34.4,1530,23.1
1997,250,27.4,28.8,18.1,37.7,43.1,26.6,1077.2,20.9
1998,250,28.1,30.6,22.7,36.7,51.2,37.4,1181.4,20.7
1999,250,35.3,33.7,25.1,53.6,79,38.5,1548.3,22.4
2000,250,35,36.5,26.3,50.6,65.7,38.3,1538.6,20.2
2001,250,17.3,19.4,15.4,31,32.4,18.4,696,13.1
2002,250,18.5,18.7,7.2,22,25.3,21.8,508,10
2003,250,32.1,33.8,25.3,36.7,44.1,32.8,437,13.6
2004,250,31.3,27.5,27.5,41.6,74.6,35.1,1266,19
2005,250,40.4,33.7,34.4,40.6,,36,1307,28.3
2006,250,21.6,34.5,25.7,40.8,,29.2,,22.6
2007,250,25.9,23.6,23.7,38.1,,35.7,,17
2008,250,29.1,,29.9,50.6,62.4,27.7,796,25.1
2009,250,35.1,49.8,35.5,45.6,,32.3,1355,20.4
2010,250,33.1,35,31.4,40.3,54.1,27.8,882,17.4
2011,250,38.7,47.5,31.9,50.8,64.5,34,1349,26.1
2012,250,35.2,40.1,26.4,47.4,66,33.4,1300,20.7
2013,250,48.5,58.7,40.1,67.1,68.3,45.5,1757,30.3
2014,250,30.5,35.63,27.06,38.27,38.91,23.6,862.84,13.18
2015,250,32.85,43.92,35.22,48.47,44.36,38.4,1330.95,23.79
2016,250,38.5,51.1,42.3,57.7,48.9,41.5,1302,25.7
2017,250,44.35,42.65,31.87,61.61,,40.8,1675.87,25.73
2018,250,41.2,41,31.9,60,,35.9,1493,22.9
2019,250,45,40.4,39.1,61.5,,35.7,1175,12.8
2020,250,41.3,42.5,31.5,53.8,,37.4,1792,19.5
2021,250,26.6,17.2,17.9,29.4,27.7,22.2,1049,10.2
2022,250,41.8,48.5,35.4,65.1,58.8,35.8,1428.6,22.6
2023,250,41.7,37.7,30.2,50.2,,31.9,1485.9,17.6
2024,250,45.1,42.7,34.5,60.8,80.8,,1549,23.6
2025,250,48.3,43.3,38.4,66,,,1858,25
1990,251,25.2,29.4,15,31.4,50,,,20.5
1991,251,28.5,23.6,24,28.6,53.3,,,21
1992,251,30.8,28.8,20,45,40,20,1000,20
1993,251,24.8,25,22.8,46.7,55,20.8,1100,18
1994,251,26.4,28,25.4,55,70,23.3,1300,21
1995,251,24.3,23.6,16.5,50.2,60,22.5,1056,15
1996,251,31.4,29,17.5,55,68.4,25.6,1273,19.5
1997,251,24.8,23.6,13.5,40.7,63.4,23.4,1415,13.6
1998,251,27.8,28.2,23.7,40.8,42.1,29.3,1418.4,24.4
1999,251,34.1,33.7,25.7,53.9,75,30,1155,23.4
2000,251,26.6,30.8,22.7,55.4,40,26.1,1247.9,20.5
2001,251,12.6,11.2,10.5,22,25,10.4,579,10.4
2002,251,24.2,18.6,17,38.5,47.5,19.7,812,13.3
2003,251,31.8,24,20.8,43,47.5,28.5,941,19.3
2004,251,26.8,23.7,19.5,54.6,62.5,26.1,1152,14.8
2005,251,30.6,33.6,30.7,56.2,80,39,1559,26.2
2006,251,24.9,26.7,23.2,48,66.1,32.9,1231,22.2
2007,251,26.2,20.3,19.6,45.7,51.1,27.9,1148,13.9
2008,251,38.4,31.5,24.4,59.6,70,32.5,1333,22.7
2009,251,38.5,47.4,35.8,63.2,75,42.1,1416,22.7
2010,251,29.8,34.5,25.5,41.8,60,24.9,896,18.6
2011,251,36.9,40.7,33.5,61.3,61.6,33.5,1314,25.7
2012,251,35.2,34.5,28.9,50.1,54,32,1002,21.1
2013,251,54.1,56.3,38.3,61.9,84.6,42,1303,33.9
2014,251,34.59,31.17,21.67,31.18,84.17,10.2,587.18,17.42
2015,251,37.82,36.82,33.4,52.85,53.13,38.3,1499.31,25.39
2016,251,43,40.6,43.4,67.3,44.5,45.1,1161,25
2017,251,41.02,43.66,33.79,53.18,58.89,33.4,1473.88,21.65
2018,251,41,38.5,33.8,52.5,66.5,33,1733,19.5
2019,251,44.6,40.2,41.4,61.4,73,47.5,1389,25.3
2020,251,52.1,55.8,35.4,73.7,73,47.6,1815,26
2021,251,22.3,19.6,12.9,12.6,3.5,15,873,12.6
2022,251,42.6,42,34.2,56.9,103.7,34.5,1667.6,23.8
2023,251,37.7,31.8,27.9,45.9,,27.4,1529.1,19.2
2024,251,52.7,46.9,34.6,82,80.6,36,1607,23.4
2025,251,51.6,42,38.8,74.3,79.8,47.6,1761,25.5
1990,252,36.1,32.8,20,36.2,55,,,22
1991,252,30.3,35.4,23,27.4,47.5,,,20
1992,252,27,21.4,25,50,53.8,,,18
1993,252,26,25,30,50,70,40,900,25
1994,252,26.1,31.6,30,55,65,,1200,20
1995,252,24.7,25.5,19.7,40,50,17.1,1200,16.6
1996,252,30.6,29.9,21.1,54.5,68.5,22.5,1450,17.5
1997,252,25.2,24.5,21.5,44.9,40,21.2,909.2,19.2
1998,252,22.9,22.5,23,34.2,49.3,25.7,1238.4,17.2
1999,252,27,27.8,24.7,35.1,54.9,40.8,1219.4,20
2000,252,24.9,27.1,22.3,38.3,39.7,29.3,979.1,18.1
2001,252,16,17.4,13.2,24.9,31.2,,420,10.1
2002,252,19.7,27.6,10.2,34.3,39,,510,11.1
2003,252,26.8,30.5,18.3,37.9,70.5,28.6,1320,18.5
2004,252,21.8,20.8,17.5,41,35.7,31,866,12
2005,252,28.7,32,25,50.8,77.5,32.8,1360,24.3
2006,252,26.6,39,21.9,48.1,64.4,29.1,1416,21.5
2007,252,17.8,29.5,17.9,40.1,42.6,32.8,856,12.7
2008,252,32.7,36.6,26.6,51.7,67.6,32.5,1166,19
2009,252,38.6,40.8,30.2,61,67.4,41.2,1343,23
2010,252,38.7,35.6,27.1,59.2,46.7,26.2,1169,18.4
2011,252,42.5,43.9,30.5,61.4,42.7,39.8,1552,24.2
2012,252,37.8,40.7,25.9,56,58.3,32.1,1550,22.9
2013,252,44.3,50.4,39.5,71.9,84.6,47.8,1848,31.7
2014,252,33.76,37.51,28.15,43.55,,22.3,1279.84,18.82
2015,252,42.86,44.01,35.59,67.3,116.93,43.5,1497.57,28.37
2016,252,40.5,45.3,38.4,74.6,60,45.4,787,27.9
2017,252,42.38,47.37,30.81,54.52,,33.6,1456.24,18.51
2018,252,43.9,48,38.6,59.6,,33.3,1533,21.5
2019,252,50.7,52.3,45.8,75.8,100,36.1,1322,34.7
2020,252,43.4,47,35.1,67.8,80,35.3,1565,26.1
2021,252,22.8,13.4,14.4,16.1,,20.7,1020,8.4
2022,252,40,38.6,31.3,68.1,81.1,33.2,1501.8,22.7
2023,252,40.6,30.3,29,52,7.1,30.6,1552.1,13.8
2024,252,52.3,46.3,36.3,78.9,,42.5,1505,23.4
2025,252,53.3,52.1,41.1,75.8,,47.7,1978,30.9
1990,253,27.5,24,15,45,50,,,18
1991,253,28.2,22.8,23,41.5,45,,,23
1992,253,23.2,20,24.2,54.8,44,15,900,19
1993,253,28.3,31,30,47.1,70,26.7,1000,24
1994,253,31,32,22,30,,42.5,800,18
1995,253,25.1,26.6,19.8,26.1,,17.8,803,16
1996,253,32.1,35.8,25.7,45,49.5,28.4,1176,13
1997,253,24.8,24.1,19.5,44.3,33.7,22.3,865,14.5
1998,253,21.8,19.7,22.9,42.4,50.4,29.9,1176.2,17.4
1999,253,26.8,30,25.3,49.9,60.1,35.9,1156.5,22.5
2000,253,27.8,31.7,23.8,43.3,52.2,30.8,1018.5,19.4
2001,253,15.8,14.5,12.3,28.1,27,11.3,448,12
2002,253,15.9,12.9,8.9,24,13.5,13.6,560,12.5
2003,253,25.2,18.8,17.3,39.9,31.4,19,1010,13
2004,253,37.4,30.1,26.8,45.3,,39.2,1002,
2005,253,30.1,40.5,25.9,42.7,52.2,,1288,
2006,253,25.6,30.6,22.7,46.6,42.4,,907,17.6
2007,253,22.3,26.4,17,35.1,42.7,20.5,921,
2008,253,28.7,33,24.5,49.7,70,33.5,1210,18.8
2009,253,32.5,29.6,26.9,50.4,,33.2,1283,23.3
2010,253,41.2,39.6,34,50.5,31.3,33.7,1413,24.4
2011,253,38.5,43.7,32.5,58.6,,32.6,1581,29.5
2012,253,39.9,43.1,25.3,43.9,,33.3,1419,
2013,253,46.9,65.4,37.1,78.5,65.3,46.2,1951,37.9
2014,253,31.37,32.2,26.47,55.83,98.3,26.3,1279.62,18.02
2015,253,34.21,42.29,35.81,68.07,55.33,31.5,1561.19,23.42
2016,253,40.2,43.7,35.6,72.8,75.7,28.4,675,22.2
2017,253,47.01,46.1,32.93,71.57,,32.4,1479.83,
2018,253,47,48,32.9,62.3,46,30,1425,
2019,253,48.8,48.2,42.5,68.2,96.2,37.3,944,23.5
2020,253,50,55.1,33,64.3,80.5,39.2,1347,27.3
2021,253,21.8,17.1,14,16.1,30.4,12.9,670,7.2
2022,253,36.3,33.9,23.4,42.9,38.1,29.2,1040.6,13.5
2023,253,28.5,21.1,17.8,26.7,,18.6,1011.9,13.3
2024,253,49.6,49.1,30.6,75.9,,28.5,906,
2025,253,43.6,43,34.1,65.6,,40.4,1794,
1990,254,35.6,32.3,22.5,56.3,53.2,,,22.5
1991,254,32.8,31.6,27.5,25.7,57.5,,,25
1992,254,31.3,30,23.4,60.7,60,,,20
1993,254,29.1,34.6,31.9,49.6,65,33.3,915,20
1994,254,30.1,35,27.3,45.1,65,30,1120,18.4
1995,254,24.6,27.5,21.6,44.2,60,23.6,976,15
1996,254,33,33.2,19.4,47.6,70,28.9,1180,22.5
1997,254,24.8,25,18.6,34.5,47.2,25.5,919.5,14.3
1998,254,19.9,20.7,17.9,36.6,48.2,24.4,894.5,11
1999,254,32.5,31,24.8,51,65.7,40.6,1376.4,21.4
2000,254,27.2,32.3,27,41.7,70,30,1261.8,20
2001,254,18,16.3,16.2,27.1,30,15.1,535,9.8
2002,254,18.4,13.3,6,17.2,13.5,10.1,456,8.2
2003,254,20.9,22.2,13.9,29.3,18.1,24.1,850,14.4
2004,254,32.9,34.6,27.3,42.7,50,42.4,972,30
2005,254,36.6,37.9,26.9,46.1,54.2,38.6,1394,23.5
2006,254,26.4,31.4,22,36.9,52.7,32.7,1067,19.1
2007,254,23.1,27.9,18.9,30.3,54.3,31.2,1179,15.6
2008,254,26.9,32.3,25.4,49,,31.4,1229,16.9
2009,254,31.3,39.6,32.5,48.8,,35.1,1434,
2010,254,33.8,34.5,28.6,30.1,80.9,31.7,1156,18
2011,254,34.4,41.8,31.2,53.1,78,31.7,1328,25.6
2012,254,34.4,37.9,23.1,45.2,,29.4,1413,28
2013,254,48.1,52.6,35.5,52.9,,39.1,2063,29.5
2014,254,38.26,41.83,31.21,41.46,,31.3,1348.83,29.45
2015,254,36.41,44.39,36.89,50.98,66.98,32.9,1699.03,29.61
2016,254,42.6,50.4,39.8,73.4,55,34.8,1108,28.5
2017,254,44.83,51.08,33.56,46.88,,32.5,1459.84,24.95
2018,254,44.8,40,33.6,43.4,,30,1375,22
2019,254,51.1,46.3,40.7,83.4,,34.4,1080,30.2
2020,254,49.3,49.3,32.1,69,,39.6,1490,18.1
2021,254,24.1,17.2,14.2,26.3,,15.6,825,9.9
2022,254,31.5,26.6,20.8,35.3,,20.7,897.3,14.3
2023,254,21.6,15.9,14.9,29.7,,25,815.5,
2024,254,48.7,47.9,29.2,59.2,,32.4,1195,
2025,254,45.2,40,37.3,45.6,,33.2,1693,31.9
1990,255,34.6,33.1,23,47,68.3,,,27
1991,255,34.2,43.8,25.7,37.7,39.9,,,16
1992,255,30,33.6,30,55.8,55,33.3,1800,10.2
1993,255,32.2,33.7,24.3,58.9,80,39.5,1434,23.9
1994,255,27.7,29.7,28.3,44.6,65,22.5,1230,20
1995,255,29.2,27.6,25.4,43.2,50,24.4,1454,15
1996,255,34.7,33.5,28.8,42,49.7,,1351,
1997,255,29.2,33.7,18.8,44.3,48.5,31.4,1118.9,
1998,255,23.3,25.6,22,35.5,41.8,30.8,893.6,16.1
1999,255,32.5,34.9,24.4,45.5,46.4,31.5,1143.8,30
2000,255,26.8,32.6,24.1,41.2,38.9,36.3,1031.7,
2001,255,17,20.3,13.9,26.6,33.2,12.4,815,
2002,255,17.1,22.1,11.7,28,25.9,17.3,786,
2003,255,18.1,15,12.2,27.4,32.8,17.6,641,7.5
2004,255,29.1,36.7,32.3,43.8,96,41.2,1022,22.6
2005,255,35.1,36.2,37.2,50.5,64.3,32.6,1439,26.2
2006,255,28.5,32.9,34.9,37.4,45.5,29.5,1230,20.6
2007,255,25.2,27.5,18.7,27.9,40.9,30,1238,
2008,255,26.5,30.7,37.7,36,,29.9,846,
2009,255,30.2,31.2,34,57.8,66.1,28.4,1238,17.5
2010,255,28.8,34.2,32.5,37.7,,32.6,1383,21.7
2011,255,38.8,48.7,38.4,40.5,24.8,40.1,1728,22.2
2012,255,30.4,34.9,26.1,38.9,,27.9,1280,
2013,255,41.6,49.1,39.9,62.1,58.9,40.6,1968,31.5
2014,255,35.7,35.62,37.88,46.42,59.57,37.8,1466.56,20.26
2015,255,38.7,34.42,40.13,60.4,82.55,32.8,1448.66,26.47
2016,255,43.2,45.9,44.3,58.1,80,43.2,1226,28.3
2017,255,39.44,34.51,29.07,52.79,,30.8,1235.01,20.11
2018,255,35.5,30,32.5,45,,30.8,1207,20.1
2019,255,45.9,45.5,47.8,57.6,,38.7,1186,26.2
2020,255,52.8,52.8,40.1,59.7,,41.4,1596,32.2
2021,255,24.7,17.3,22,19.7,,20.5,783,14.2
2022,255,30.4,37.6,23,31.6,31.6,20.4,817.2,21.7
2023,255,23.9,18.9,19.7,28,29.7,22.3,566.6,24.8
2024,255,40.3,40.7,32.5,57.6,,32.1,1149,26.5
2025,255,56.6,58.1,51.1,78.9,,45.8,2014,36.8
1990,256,32.6,34.9,22.6,36.1,63.3,,,25
1991,256,34.2,43.7,25,42.4,58,,,18
1992,256,35,33.4,23.5,67.7,60,,486,13.6
1993,256,35.8,38.6,23.4,49.6,70,35.8,1336,
1994,256,28.1,29.4,23.9,40.4,40,13,1078,11
1995,256,35.3,36.3,21.5,43.4,62.5,20.4,1423,17.5
1996,256,36.7,37.8,23.3,50.1,72.2,29.9,1428,15
1997,256,29.6,32.1,17.5,44.8,37.1,17.3,1130.2,15
1998,256,27.1,29.5,23,45.8,46.5,28.9,1066.9,13.5
1999,256,29.8,33,30.6,48.2,55.4,35.1,1294.3,21.9
2000,256,31.5,33.2,23.8,43.1,57.6,37.5,1220.5,20
2001,256,17.4,18.8,10.6,27.9,28,14.4,571,10
2002,256,17.2,17.2,12,25.1,26.8,12.4,505,12
2003,256,16.9,17.3,6.3,26.6,18.7,11.1,658,
2004,256,27.8,25.4,17.6,32.6,38.1,28.3,992,
2005,256,30.7,40.9,23.6,51.3,31.5,37.8,1541,
2006,256,26.8,27.5,21,38.3,47.3,31.3,1400,
2007,256,28.3,30.8,15.7,32.6,37.6,33,1351,
2008,256,22.2,26.5,16.6,36.7,,23.5,1017,
2009,256,25.6,24.8,18.7,37.9,,22.4,1026,
2010,256,31.2,31.9,25.9,41.1,65,31.9,1138,
2011,256,30.7,35.4,27.9,38.5,55.8,33.6,1330,
2012,256,27.3,28.6,20.9,32,,23.3,935,25
2013,256,41.1,40.7,31.2,53.1,,43.6,1675,
2014,256,30.62,31.89,28.26,29.98,59.18,32.8,1242.48,29.09
2015,256,31.41,34.6,31.67,42.94,71,23.7,1165.27,23.84
2016,256,39.5,41.4,39.2,43.8,66.6,33,895,41.4
2017,256,39.44,41.31,26.99,46.67,,31.1,1172.13,29.97
2018,256,35,30,31,39,,24,996,15
2019,256,42.5,42.3,41.1,46.4,65.9,39.8,1030,27.4
2020,256,46.9,52.4,35.1,57.3,,38.2,1404,21.8
2021,256,18.3,9.9,11.3,10.8,34,14.4,608,9
2022,256,24.9,22.9,13,28.9,22.2,18.2,586.4,11.7
2023,256,17.2,15.4,11.5,20.8,,19,734.1,10
2024,256,38.5,36.6,25,52.3,38.6,32.8,1021,19.2
2025,256,48.7,46.4,45.2,72.4,,38.4,1629,39.3
1990,257,29.4,25.7,,34.4,47.5,,,12
1991,257,38,38,,50.7,84.5,,,21.3
1992,257,30.1,27.3,,45.7,40,,1464,17
1993,257,37,37.3,,60.6,85.3,31.6,813,27.4
1994,257,33.8,34.2,21,47.3,54.3,31.3,1213,16.2
1995,257,32.5,6,24.4,44.7,58.8,25.9,1523,21.7
1996,257,38,39.8,26.6,58.2,49.4,38.1,1465,20
1997,257,33.9,35,19.5,50.4,40.8,29,1024.6,17.8
1998,257,31.9,31.7,17.5,52.9,,32.6,1272.1,16.3
1999,257,33.7,33.9,24.4,56.4,66.3,46.5,1544.4,18.6
2000,257,33,33.5,26,48.5,46.4,31.4,1421.1,
2001,257,15.3,13.4,6.8,19.3,17,5.3,429,
2002,257,7.4,7.8,,8.9,8.5,4.3,259,
2003,257,20.3,20.4,10.5,24.4,20.3,14.9,772,8.3
2004,257,25.1,27.7,19.7,44.4,37.1,24.1,980,21
2005,257,36.6,40.7,30.7,58.2,86,36.6,1556,19.8
2006,257,32.6,38.2,27,48.2,,36.7,1217,20.2
2007,257,31.3,35.3,24.1,43,,33.4,1173,
2008,257,37.7,28.5,25,45.2,,21.1,1231,25.9
2009,257,32.8,31,37.1,46.3,,30.3,1620,
2010,257,36.8,39,38,43.8,,33.4,1403,15.1
2011,257,35.5,42.9,38.4,53.2,48.7,36.7,1420,26.6
2012,257,30,36.3,23.7,45.5,,27.5,1116,20.5
2013,257,50.3,54.1,44.6,69.5,64.6,44.3,1831,32.2
2014,257,42.25,46.59,42.28,61.49,41.11,34.8,1458.08,26.57
2015,257,31.1,36.19,37.83,57.64,41.1,25.6,1087.57,22.42
2016,257,38.9,43.9,47.8,67.7,49.5,36.6,650,22.7
2017,257,41.76,40.6,36.53,52.46,,28.3,1336.27,21.19
2018,257,36.9,34.3,36.5,43.7,,24.8,1256,15.5
2019,257,40.3,39.5,35.5,68,,30.8,1218,18.3
2020,257,46.8,41.3,31.7,66.6,,39.8,1430,20.3
2021,257,13.2,7.8,6.8,7.8,,11.4,567,4.1
2022,257,19.3,18.7,10.7,25.4,21.5,14.6,518.1,7.8
2023,257,21.3,14.3,13.2,18.5,24.1,16.8,786.5,4.8
2024,257,44.5,42.5,31.6,80.3,,34.6,1399,
2025,257,58.9,63.5,56.7,100.5,99.7,44.4,2332,42.5
1990,259,26.7,24.3,,44.8,48.7,,,11.2
1991,259,35.8,44.5,,56.2,30,,,17
1992,259,32.9,33.4,,50,40,,1398,14.4
1993,259,34,39.9,,55,82.3,15,707,22.9
1994,259,28.2,41.1,20,53.7,37,13.6,1085,17.2
1995,259,35.3,40.5,18.2,56.4,47.5,24.4,719,17.8
1996,259,37.8,47.7,19,59.6,57.9,29.3,1510,22
1997,259,37.1,41.4,18.4,54.1,55,22.7,1248,21.6
1998,259,36.5,41.5,23.3,59.4,56.1,29.5,1482.7,20.2
1999,259,36.5,38.7,30.7,57,56.6,38,1053.6,20.8
2000,259,33.6,35.9,26.3,54.3,57.1,29.1,1040.8,14.5
2001,259,12.8,14.7,10.1,33.2,,5.1,201,8
2002,259,6.9,7.3,,18.1,,5.5,,
2003,259,30.9,33.8,16.2,47.3,,20.9,918,13.5
2004,259,31.6,38,27.6,55.7,45.3,21.8,878,14.9
2005,259,39.2,47.1,38.8,63.1,77.8,34.6,1267,23
2006,259,32.2,41.3,25,51.2,25.3,27.5,1259,17.9
2007,259,33.2,38.6,27.4,45,,28,1291,10.9
2008,259,33.6,38.6,28.8,54.6,30,30.8,1465,
2009,259,41.1,40.1,29.3,56.3,,29.2,1416,15
2010,259,39,46.6,42.3,43.6,,33.6,1315,24.8
2011,259,42,48.4,43,55.9,,39.6,1419,22.6
2012,259,29.8,43.3,27,45.2,,28.7,1511,20.5
2013,259,52.3,53.2,43.9,69,59,48.5,2105,14.9
2014,259,42.7,47.88,41.7,42.85,53.54,44.1,1933.09,27.56
2015,259,30.01,39.29,37.12,42.17,71.84,22.9,1289.63,15.13
2016,259,47,42.4,44.1,56.8,70,40.3,1129,18
2017,259,53.21,54.1,33.9,59.38,,36.5,1614.74,19.45
2018,259,44,44.5,33.9,53.6,,31.2,1452,13
2019,259,37.6,28.7,34.7,52.3,,32.3,1162,20.3
2020,259,50.2,47.4,38.5,66.3,,42.8,1678,24.3
2021,259,20.3,13,15.3,18.6,,14.5,895,6.3
2022,259,25.1,24.3,15.7,29,,19.1,1039,8.8
2023,259,28,22,17,34.7,,18.8,1236.3,
2024,259,38.9,39.3,32.3,60.4,,29,1561,
2025,259,65.9,66.7,56,92.6,,58.3,2592,
1990,260,16.7,15.5,,25.2,30,,,6
1991,260,37,39,,54.6,40,,,20
1992,260,31.4,27.7,,70,40,,1200,15.2
1993,260,38.6,36.1,,55.6,93.3,,1400,26.7
1994,260,29.8,30.4,21.5,45.4,50,22,1165,19
1995,260,31.4,31.6,20.4,51.4,50,30,1264,20
1996,260,35.3,39.2,14.2,56.4,56.4,32,2520,20.5
1997,260,34.3,36.2,15.6,56.8,43.5,36.8,652.9,20
1998,260,33.4,37.1,24,52.2,,36.3,1574,20
1999,260,34.8,37.8,29.3,51.8,,32.4,1341.8,20
2000,260,31.3,35.2,27.7,54.7,34.7,31,948.8,
2001,260,14.8,12.2,,31.6,,5.5,298,9.1
2002,260,7.1,7.7,,13.8,,3.8,156,
2003,260,28.4,30.8,,41.8,24.7,13.9,784,
2004,260,25.6,30.8,14.6,43.9,,,972,8
2005,260,37.4,42.9,36.2,54.4,,34.7,1481,33.4
2006,260,33.7,37.5,25.3,53,,31.8,,
2007,260,33.3,36.8,22.7,52.9,,39.3,1358,
2008,260,32.5,31.8,,,,35,,
2009,260,27.8,26.7,,36.3,,23.8,824,
2010,260,41.3,40.9,39.1,58.9,90,38.5,1519,27
2011,260,43.1,47.1,41.5,62.1,80.1,36.7,1691,25.6
2012,260,28.4,39.2,25.6,36.5,,26.1,1135,
2013,260,44.5,53.5,42.2,72.1,70,49.3,2167,20
2014,260,36.05,50.01,45.38,82.44,,44.5,1771.42,34.21
2015,260,34.49,33.28,32.16,51.7,52,27.1,1320.58,18.72
2016,260,34,44.2,44.1,64.8,,33.9,822,
2017,260,44.25,46.66,28.27,71.94,,33.2,1441.32,24.51
2018,260,43.5,46.7,32.1,54,,28,1576,25
2019,260,24,23.7,18.8,32.9,,21,897,9.9
2020,260,42.3,43.1,34.5,65.1,,33.3,1631,24.6
2021,260,20.2,13.9,14.2,22.1,,14.7,1036,10.3
2022,260,27.2,24.5,19.7,35.2,,20.3,783,8.3
2023,260,27.9,19.7,17.9,30.7,,21.9,1188.9,14.9
2024,260,44.1,38.5,32.5,53.8,,26.8,1119,
2025,260,58.5,58.1,54.5,86.3,,44.4,2495,40.4
1990,261,13.1,14.1,,23.2,15,,,4
1991,261,34.4,37.5,,45.8,50,,,20
1992,261,31.3,38.8,,66.5,40,45,1080,16
1993,261,40.8,39.2,29,71.1,70,29,1229,23.5
1994,261,31.8,31.4,21.8,54.3,55,23.2,1077,18.5
1995,261,34.8,37.2,20.5,57,58.2,23,1153,18.5
1996,261,28.7,31.2,15.5,45.4,40,20,1177,
1997,261,30.4,37.6,12.4,61.7,,30.3,1314.5,
1998,261,31.4,41.3,26.9,55.8,31.5,31.9,1286,
1999,261,36.4,40.5,44.1,64.2,,56.8,972.7,
2000,261,31.5,40.1,,61.4,,27,1174.1,
2001,261,13,18.3,,24.5,,4.7,307,
2002,261,9,11.2,,19.5,15,3.7,355,
2003,261,17.3,26.4,18.3,38.9,,20.7,609,7.1
2004,261,21.3,33,,49.6,37.1,13.7,570,
2005,261,36.7,41.5,32.9,54.9,,29.9,1406,19.6
2006,261,34.6,38.1,25.2,48.8,,43.6,935,
2007,261,34,40.7,20.1,37.8,,31.7,,
2008,261,31.2,40.3,,45.7,,35.9,1241,
2009,261,29.4,42.5,39.3,38.3,,32.5,1076,
2010,261,35.8,40,41.3,41.6,,33.5,1478,33.7
2011,261,34.2,41.1,37.6,26.9,,32.2,1548,22.7
2012,261,30.8,41.7,26.5,52.7,,35.6,1630,25.1
2013,261,42.4,46.8,36.7,54.3,45.8,41.6,2057,23.6
2014,261,40.63,42.64,35.28,68.68,24.51,38,1960.85,23.49
2015,261,36.69,31.82,29.14,49.01,73.75,20.6,1037.63,10.41
2016,261,52.3,47.2,47.7,59,76.9,43.1,976,24.3
2017,261,40.06,45.42,30.78,56.87,,36.7,1405.6,15.88
2018,261,40.1,45.4,36.2,52.2,,33.4,1455,22
2019,261,23.2,27.8,22.7,32.2,,24.5,966,10.4
2020,261,35.6,35.3,38.8,53.3,22.4,33.3,1391,9.3
2021,261,20.3,15.3,16.4,23.7,,13.2,941,12
2022,261,21.7,24.4,18.9,33.6,1.4,15.9,1131.5,9.1
2023,261,20.5,15.9,18.5,23.4,20,17.4,953.4,11.8
2024,261,32.4,30.6,21.8,43.8,,28.5,1279,
2025,261,37.2,37.8,41.7,66.3,,38.1,2031,27.7
1990,271,47,45,26.5,66.2,70,,,23.6
1991,271,31.6,30,22.7,49.6,55,,,25
1992,271,20.6,25,17,37.9,40,,,20
1993,271,29.3,35,20.3,63.2,60,24.5,800,25
1994,271,31.6,40,18.6,50.5,66.3,27.2,,25
1995,271,37,40,17.9,59.8,69.3,28,,20.1
1996,271,37.3,37.1,29.3,70.9,78.6,29,,24.2
1997,271,32.9,27,24.7,60.9,66.6,31.1,,24.9
1998,271,40.5,,25.4,70.3,80.7,41.6,,21.8
1999,271,43,,29.5,69,71.2,36.4,,27.1
2000,271,39.6,36.8,28.6,60.1,87.2,42.2,,26.6
2001,271,36.6,,26.4,52.4,71.4,25.6,,22.9
2002,271,33.2,,23.8,50.4,52.1,23.4,,17.3
2003,271,38,,33.3,64.7,64.2,32.2,,22.5
2004,271,27.6,,18.3,53.7,61.3,39.4,,
2005,271,45.6,,34.7,57.3,71.9,,,21.2
2006,271,43.7,,33,69.6,76.9,,,24
2007,271,28.4,,24.6,36.3,48.9,32.2,,
2008,271,47,,35,77,84,38.3,,29.3
2009,271,47.7,,34.7,64.8,80.1,,,26
2010,271,42.8,,32.6,51.9,81.8,34.3,,
2011,271,48,,39.2,61.4,87.1,60.5,,19.1
2012,271,33.1,,23.3,30.3,81.8,,,
2013,271,63.6,,45.8,98.3,91.7,45.9,,24.8
2014,271,49.07,,38.46,65.45,110.32,52.3,,25.77
2015,271,47.91,,41.62,67.29,97.99,41.5,,30
2016,271,58.6,,52.5,47.9,85.3,55.9,,
2017,271,63.39,,51.46,105.94,95.18,71.7,,
2018,271,70.7,,54.9,99,129,58,,
2019,271,65.8,,56.3,92.6,121.8,61.8,,
2020,271,52,,49.1,71.3,89.6,55.8,,
2021,271,45.5,,39.4,45.4,73.3,35,,
2022,271,76.6,,54.8,84.3,113,55.1,,
2023,271,63.9,,48.2,69.7,66.7,37.4,,
2024,271,69.8,,41.9,85.7,92.6,52.3,,
2025,271,69.1,,45.5,79.5,98.6,51.5,,
1990,273,40.9,42.3,24.1,59,65,,,22.4
1991,273,29.9,35.5,22.3,49.7,67.5,,,21.9
1992,273,31.9,25,14.4,60.2,43.5,15,,19
1993,273,26.5,30,20.6,59.4,78.2,30,,20
1994,273,26.3,25,16.8,49,70,23.3,,18.6
1995,273,26.4,30,13.7,53.8,73.4,10.3,,20
1996,273,29.2,30.1,25.2,64.3,89.7,,,26
1997,273,32.6,,23,61,64.2,37.8,,25
1998,273,32.8,32,24.9,51.5,71.6,29.5,,20
1999,273,40.5,31,29.5,54.5,73.6,38.6,,20.3
2000,273,38.1,30,26.9,57.3,71.7,46.4,,22
2001,273,32.7,,24.8,46,60.6,,,
2002,273,30.4,,23.3,46.6,52.7,,,
2003,273,33.1,,27,68.4,53,36,,20.3
2004,273,43,,22.7,65.1,69.7,,,22
2005,273,39.7,,32.4,57.9,83.2,,,24.6
2006,273,39.8,,32.5,68.3,63.4,,,24.2
2007,273,28.3,,23.5,49.5,52.2,38.2,,17.5
2008,273,41.9,,34.6,59.4,89.6,31.6,,18.8
2009,273,45.3,,37.1,74.3,100.6,44.2,,
2010,273,34.4,,27.3,34.1,61.7,26.6,,13.8
2011,273,48.6,,35.8,58.2,86,,,15
2012,273,33.6,,20.8,31.5,67.4,,,10.5
2013,273,51.3,,38.4,68.5,97.9,41,379,23.2
2014,273,45.2,,31.72,50.5,88.92,30.9,,21.93
2015,273,45.43,,40.12,62.28,89.92,43,,15.2
2016,273,51,,43.3,68.8,92,52.5,,30
2017,273,56.45,,44.52,78.74,90.51,54.9,,
2018,273,62.2,,48.3,79,99,55,,
2019,273,64.4,,52.8,88.3,95.6,51.1,,
2020,273,45,,41.7,61.3,82.9,37.4,,
2021,273,40.5,,32.6,47.5,47.7,31.4,,10.6
2022,273,68.8,,53,88.4,129.7,60.8,,32.4
2023,273,54.6,45,47.9,68.9,83.8,58.9,,
2024,273,55.4,,38.1,80.6,86,58.4,,
2025,273,66.3,,50,85.6,113.8,48.8,,34.2
1990,274,32.9,30,23.6,47.2,60,,,15
1991,274,29.6,30,20.3,27.6,60,,,20
1992,274,33.9,25,27.7,75,47,,,20
1993,274,24.2,15,22.9,40.8,40.5,20,,
1994,274,25.7,,17,50,51.2,35,,20
1995,274,22.1,,12.6,33.2,46.9,22,,
1996,274,33.7,30,26.9,55.9,66.7,22.5,,20
1997,274,30.3,35,24.6,56.4,61,15,,17.8
1998,274,34.9,37.5,25.3,55.2,70.5,25,,22.2
1999,274,38,40,33,61.2,67.9,30,,20.2
2000,274,40.2,35,34.7,65.5,68.4,16.7,,19.9
2001,274,31.3,,26.4,55.2,59.9,27.8,,16.7
2002,274,30.9,,27.4,44.8,43.1,18.7,,
2003,274,28.7,,21.2,46.5,56.2,,,16.6
2004,274,28.6,,17.8,51.3,45.5,,,
2005,274,33.3,,35.5,58.8,33.3,,,
2006,274,35,,27.3,,70.5,,,
2007,274,19.6,,,,38.7,,,
2008,274,35.5,,30.8,63.8,72.4,,,21.6
2009,274,41.5,,36.4,72.8,94.1,,,20.6
2010,274,26.9,,20.1,23.7,53.1,27.2,,
2011,274,40.3,,32.1,50.8,78.3,59,,19.5
2012,274,29.5,,19.9,32.8,57.9,,,15
2013,274,51.7,,41,77.6,97.4,17.3,,19.5
2014,274,46.81,,29.52,54.61,87.57,44.6,,12.56
2015,274,34.66,,40.98,64.4,74.69,36.2,,25.64
2016,274,47,,44.6,74.1,90.1,42.5,,33.8
2017,274,51.71,,46.36,76.79,96.04,51.7,,39.87
2018,274,52.4,,46.4,78,95.9,49,,39
2019,274,56.7,,50.6,87.4,111.9,36.5,,35.1
2020,274,51.6,,45.4,77.6,95,45,,24.8
2021,274,37.7,,33.9,42.9,46.1,26.8,,
2022,274,62,,50.7,81.3,122.7,55.3,,
2023,274,60,,51.5,84.5,97.7,50.3,,
2024,274,61.3,,38,76.5,117.8,46.9,,
2025,274,61.4,,51.1,80.3,109,49.7,2397,
1990,275,31.5,30,23.8,44.6,48.3,,,16.2
1991,275,25.1,29,22,47.2,55,,,17.3
1992,275,29.3,25,26.4,55,30.8,,,20
1993,275,26.3,26,21.3,45.3,49,17.9,,20
1994,275,26.6,20,17.2,42.4,41,28.4,,18
1995,275,25,30,16.4,48.2,73.2,20,,16.3
1996,275,30.1,26.2,24.3,54.7,66.8,24.1,,19.9
1997,275,22.7,,21.9,40.1,58.9,18.9,,17.1
1998,275,30.1,,24,58.3,70.8,30.3,,21.5
1999,275,32.1,,29.7,53.4,57.9,,,23.1
2000,275,31.7,,27.9,55.1,65.2,29.9,,25.8
2001,275,25.4,,21.4,37.3,45.3,18.9,,21.3
2002,275,24.8,,27,50.6,46.7,24.5,,18.5
2003,275,29.1,,21.9,66.6,50.3,,,15.2
2004,275,34.3,,23.3,63.2,80.1,,,
2005,275,36.2,,30.7,57.9,67.2,,,
2006,275,,,,,,,,
2007,275,28.8,32,20.4,47.8,55.1,25,,10.7
2008,275,41.4,,30.7,67.2,71.3,38.3,,15
2009,275,41.4,,35.5,67.9,68.6,31.5,,
2010,275,27.7,,24.1,35.2,53.5,11.5,,8.8
2011,275,38.8,,32.8,42.2,71.1,33.3,,16.6
2012,275,33.8,,17.1,27.3,68.1,,,10
2013,275,47.7,,36.7,72.8,98.3,49.2,,23.8
2014,275,37.1,,23.96,46.75,73.65,20.6,,16.53
2015,275,33.81,,40.16,69.03,72.8,44.7,,20.01
2016,275,38.2,30.1,35.7,58.4,91.7,27.9,527,17.9
2017,275,43.75,,41.08,72.47,94.87,48.9,1578.29,
2018,275,43.8,32,41.1,68.7,90.9,35,,
2019,275,50.3,,44.7,80.1,92.7,35.3,,25.4
2020,275,57.8,,42.2,82.8,92.7,45.6,1614,22
2021,275,37.4,,29.6,39.9,44.4,23.4,,9.4
2022,275,58.7,,45.9,78.1,107.8,39.5,,35
2023,275,54.3,,42.2,82.4,82.2,34.7,1907,
2024,275,62.1,,38.4,88.7,87.1,41.5,1668,
2025,275,63.7,62.9,49,87.3,104.4,54.3,2061,
1990,276,31.7,27,19.5,50.8,50,,,16.3
1991,276,31.7,32,17.2,52.1,53,,,21
1992,276,27.1,25,20.7,46.6,45.1,28.2,1200,19
1993,276,24.3,25,20.3,47,45.7,25.4,219,19
1994,276,27.2,29,18.1,57.4,70.1,23.8,874,22
1995,276,28.1,29.2,15.7,54.7,67.9,28.3,1150,19.4
1996,276,32.4,25,21.3,57.2,69.9,25.8,900,24.3
1997,276,28.2,,22.5,47,63.6,31.9,,18.3
1998,276,32.1,39.5,25.5,54.9,73.7,32,,20.8
1999,276,35,,24.5,53.7,79.8,35.1,974.4,18.3
2000,276,27,41.2,25.8,47.2,67,28.3,,18
2001,276,24.7,,14.6,36.2,34.3,12.9,,13.7
2002,276,26.7,19.7,21.3,47,50.3,23.2,,18.5
2003,276,26.5,27.2,19.1,42,53.1,19.8,,15.4
2004,276,31.3,,20,53,78,18.3,,
2005,276,29.3,,22.9,47.7,63,,,20.7
2006,276,29,28,22.6,49.6,55.3,25,,19
2007,276,27,,18.3,52.3,67.6,35,,19.1
2008,276,36.9,,26.4,54.5,76.5,,,32.8
2009,276,32.2,,30.4,63.5,80,,,24.6
2010,276,20.2,27.2,18.1,19.2,43.7,11.7,321,18.8
2011,276,36.9,,26.6,53.8,68.5,14.3,,16.8
2012,276,32.9,,21.1,40.6,56.8,25.9,,17.9
2013,276,52.3,,35.9,67.8,99.7,44.8,,33.3
2014,276,37.59,,26,48.12,80.53,19.6,,23.43
2015,276,38.86,,30.3,60.16,85.38,51.4,,22.66
2016,276,43.2,,35.9,60.8,86.7,46.5,,21
2017,276,51.48,,37.27,65.4,90.85,46,,23.55
2018,276,47.8,,38.2,59.1,85.6,40,,25
2019,276,55.7,,44.3,80,106.3,45.2,,23.3
2020,276,52.6,,41.4,80,97.3,43.4,,
2021,276,37.9,,30.4,42.2,49,23.8,,13.9
2022,276,61.3,,50.2,79.3,114.1,45.4,,
2023,276,59.7,,48.6,83.4,99.5,50.8,1979.2,40
2024,276,66,,40.3,78.1,92.8,51.4,1307,
2025,276,67.5,,54.6,100.2,111.5,58.1,2089,33.9
1990,277,28.7,24.5,24.3,46,50.5,,,20
1991,277,30.6,35,17.1,44.7,52.1,,,19.9
1992,277,29.6,29,16.5,57.2,65.8,16.7,1000,20
1993,277,22.7,25,18.5,58.2,54.3,29.7,640,25
1994,277,26,25,20.4,53.9,60.3,28.7,803,19.9
1995,277,27.6,25,12.8,50.4,62.5,33.9,,17
1996,277,32,27.1,27.2,54.1,55.3,26.8,,25.2
1997,277,27.8,,20.2,42.1,47.3,26.4,,19.9
1998,277,30.9,30,25,50.5,64.9,34.8,,20.5
1999,277,30.3,30,26.9,45.5,66,39.9,,16.4
2000,277,30,30,28.4,46.3,54.3,35.2,,19.5
2001,277,22.6,,20.4,27.7,37.3,19.5,,13.3
2002,277,19.2,,18,35.7,34.2,13,,17.2
2003,277,23.9,30,17.7,43.1,54.3,28.2,,18.2
2004,277,33.8,,19.9,47.8,59.2,,,10
2005,277,34.9,,27.7,51.1,77.1,,,21.2
2006,277,24.5,,21.3,37.7,51.4,26.6,,22.8
2007,277,20.5,,18.1,42.5,61.8,32.5,,20
2008,277,35.5,,28.8,58.4,77.8,32.1,,21.7
2009,277,39.5,,30.6,56.6,77.5,33,,21.5
2010,277,19,29.2,17.1,23.1,39.8,13.9,,12.3
2011,277,35.1,,28,44.3,69.4,26.2,,20.4
2012,277,30,,18.4,30.9,64.8,27,,14.9
2013,277,46.4,,33.9,73.7,93.1,34.5,,29.4
2014,277,36.38,,27.73,39.68,73.01,22.1,1323.11,16.34
2015,277,34.24,,31.71,45.65,66.05,43.7,1800,16.97
2016,277,37.8,,36.4,54.9,79.5,38.5,1536,22.3
2017,277,46.83,,37.34,66.96,85.38,41.5,,23
2018,277,42.2,,33.1,55.3,76.1,29,,20
2019,277,48.2,,41.3,69,87.4,47.2,,29.3
2020,277,46.4,,35.5,57.8,81.9,43.7,,23.1
2021,277,24.9,,21.5,31.8,44,22.2,,11
2022,277,46.5,,41.6,72.5,86.2,42,,29.1
2023,277,44.3,,38.7,57.9,78,46.4,1800,21.7
2024,277,47.6,,41.7,62,79.8,51.3,2346,
2025,277,48.6,,34.7,53.7,84.8,38.1,,18.1
1990,278,30.2,29,19.8,46.8,60,,,20
1991,278,32,35,22.1,45.5,45.8,,,20
1992,278,23.8,25,25.9,76.9,55,20,,15
1993,278,25,,16,45,50,33.8,700,20
1994,278,20,,18.9,50,60,25,,20
1995,278,30.9,,19.4,50,60,25,,20
1996,278,31.2,,24.3,40.9,60,33.5,,21.3
1997,278,25.2,,15.4,43.9,66.2,25,,15.8
1998,278,30.9,,21.3,53.7,,38.4,,13
1999,278,40.6,,24.6,66.7,,29,,27.3
2000,278,38.2,,25.8,60.1,67.7,41.2,,24.3
2001,278,20.2,,21.8,31.8,24.9,22.1,,18.7
2002,278,25.6,20,19.8,32.7,40,17.5,,13.9
2003,278,28.6,20,15.5,43.6,38.7,25.4,,16.7
2004,278,20.4,,14.9,35,41.5,,,
2005,278,36.9,,32.5,,,28.3,,
2006,278,24,,17.5,47.9,,,,19.3
2007,278,22.7,,28.4,30.4,74.5,34.1,,16
2008,278,35.8,,30.9,50,85.1,,,23.2
1990,279,30.1,31.3,18.6,44.4,44.6,,,19.8
1991,279,35.3,34.5,23.1,47.9,49.8,,,20
1992,279,27.5,25,25,40.4,50,20,1154,10
1993,279,26.7,15,24.4,53.6,99.4,35.8,831,23.4
1994,279,23.2,32.4,23.3,49.8,70.3,25.2,1096,23.1
1995,279,30.8,34.8,19.4,53.1,72.2,35,1045,22.4
1996,279,32.6,34.5,24.6,54.1,63.5,34.1,1322,19.2
1997,279,30.1,30.3,21.6,48.5,78.3,31,1001.3,18.8
1998,279,31.7,34.2,25.6,53.1,75.3,35.1,996.3,21
1999,279,33.5,36.6,28.6,52.4,79.7,40,876.8,24.6
2000,279,31.5,40.7,26.7,50.1,78.8,32.5,986.8,21.9
2001,279,18.6,12.6,16.9,32.4,42.5,16.7,576,16
2002,279,22.5,,18.1,25,45.1,21.9,274,10.5
2003,279,29.4,32.3,21.4,50.6,55.7,25.6,782,19.8
2004,279,27.3,19.9,26.2,44.7,66.4,25.8,836,8.9
2005,279,35.5,36.3,32.7,60.1,81.3,36.5,,23
2006,279,25.8,37.5,27.3,50.2,75.4,33.2,,24.3
2007,279,29,,25.9,50.6,68.9,37.5,,19
2008,279,33.2,17.7,28.9,49.5,69.4,25,,21.9
2009,279,42.5,,35,65,80,35,,20
2010,279,30.7,49.6,30.8,40.3,72.9,28,727,14.3
2011,279,33.6,57.1,30.1,48.3,76.3,36.3,1224,21.3
2012,279,50.5,47.5,30,42,71.5,29.5,,19
2013,279,70.7,61.5,41.3,67.4,99.5,36.3,2166,37.4
2014,279,,,,,,,,
2015,279,,,,,,,,
2016,279,,,,,,,,
2017,279,,,,,,,,
2018,279,,,,,,,,
2019,279,,,,,,,,
2020,279,,,,,,,,
2021,279,,,,,,,,
2022,279,,,,,,,,
2023,279,,,,,,,,
2024,279,59.2,64.3,39.2,84.6,97.6,48.6,2333,29.6
2025,279,58.9,60.2,48.7,75.2,111.9,54.9,2274,31.7
1990,280,22.1,25,12.3,30.3,38,,,12
1991,280,27.6,36,13.2,37.5,50,,,20
1992,280,26,25,28,55,60,,900,18
1993,280,27.7,27,26.3,56.5,60.2,21.7,879,26.4
1994,280,24.8,27.1,24.4,55.3,75,27,1239,21
1995,280,26.6,25.2,20.5,49.9,66.7,30.3,1105,19
1996,280,29.3,32.5,20.8,52.4,84.9,32.3,1340,22
1997,280,30.1,27.4,19.4,41.3,54.4,31.2,1079.1,17.6
1998,280,31.4,35.6,25.5,52.4,76.5,39.5,869.9,23.4
1999,280,32.4,37.6,26.4,46.9,50.9,38,942.7,24.7
2000,280,30.4,31,25.3,44.2,54.6,31.3,1112.6,20.2
2001,280,19.6,18.2,21.3,26.9,42.3,19.2,985,16.9
2002,280,22.4,20.3,25,38.3,47.5,24.9,,16.3
2003,280,36.2,32.5,28,42.4,43.2,31.8,1210,19.7
2004,280,21,26.5,24.6,50.2,30,29.3,,6.5
2005,280,42.8,44.5,40.7,68.3,80.8,46,1025,28.5
2006,280,32.5,34.3,31.5,64.1,70.5,33.6,,25.7
2007,280,28.4,25.6,26.8,54.9,57.4,35.8,,17.7
2008,280,35.9,31.4,32.2,56.3,76.8,33,1283,27.8
2009,280,42.5,40.5,40.9,65.9,75,45.2,,21.2
2010,280,36,35.8,29.3,49.9,76.5,25.8,972,19.8
2011,280,44.8,43.2,34.8,62,84.8,43.2,1314,28.8
2012,280,43.2,40.2,28.3,47.3,,31,,26
2013,280,51.3,54.5,39.8,75.7,93.8,37.4,1215,32.7
2014,280,33.51,18.45,26.77,49.19,105.04,27.9,1521.17,19.96
2015,280,40.46,45.35,37.95,64.89,65.58,30.3,2201.75,26.1
2016,280,46.2,45.3,42.7,69.2,60.7,35.2,1180,28.3
2017,280,45.45,30.53,35.2,79.61,55.08,38.5,1480.44,25.84
2018,280,45.4,52,39.1,62,89,38.5,2033,25.8
2019,280,47.5,,42.1,68.3,95.5,38.3,996,24.1
2020,280,49.8,54.9,37.3,75.6,,43.8,1693,23
2021,280,23.9,17.2,17.6,16.4,,17.2,1230,8.4
2022,280,49.6,47,40.8,68.4,,44.8,2037.1,27.2
2023,280,52.2,27.4,42.8,64.9,,38.2,1988.6,20.3
2024,280,56.5,57.6,39,81,100.7,39.6,2004,
2025,280,54.5,57.1,43.7,76.2,132.4,50,2063,29.9
1990,281,25.2,24.8,12,38.1,40,,,9.8
1991,281,30.7,31.7,16.6,32,69.6,,,16.7
1992,281,30,28,29.4,45.8,52.8,,1320,19.2
1993,281,25.8,25,27.7,58,80,27.7,1185,28
1994,281,27.4,30,24.8,35,75,24.5,882,20
1995,281,24.2,24,18.1,47.3,70,29.9,954,17.4
1996,281,26.8,28.1,22.6,49.7,72.5,23.2,1131,16.5
1997,281,25.7,27,18.9,40.8,38.4,28.9,1132,19.2
1998,281,30.4,32.2,24.5,47.4,56.5,34.1,1467.9,22.7
1999,281,34.7,32.2,24.2,46.8,68.7,41.2,781.6,21.3
2000,281,32.1,30.7,25.4,45.2,65.6,36.8,1130.3,19.2
2001,281,16.7,14.6,15.5,28.2,47.3,11.4,395,14.9
2002,281,21.6,22.8,22,30,45.8,22,520,14.8
2003,281,35.6,36.2,23.8,46.9,58.7,40.9,1278,21.1
2004,281,26.4,25.7,20.5,44.1,63.2,26.6,1151,13.4
2005,281,34.3,46.5,32,54.5,55,44.2,1123,22.9
2006,281,28.4,39.5,25.4,45.6,,26.1,,21.8
2007,281,26.5,23.5,21.6,40.5,59.8,31.4,1190,21.8
2008,281,35.4,41.2,33.5,54.3,54.5,38.4,1681,25
2009,281,42.6,38.9,35.5,59.1,72.2,42.2,1309,23.2
2010,281,34,36.3,27.8,45.9,56.8,36.2,1016,16
2011,281,40.5,49.4,32.3,58.5,62,36.1,1262,18.8
2012,281,40.6,51.2,26.2,51.5,76.8,28.1,1488,24.7
2013,281,51.7,61,39,81.3,64.6,33.4,1350,28.8
2014,281,30.15,37.04,19.14,32.15,88.35,,903.89,10.89
2015,281,39.17,39.6,35.76,62.35,98.24,31.4,1695.5,23.28
2016,281,46.7,43.2,37.1,76.7,93.2,47.1,866,26.7
2017,281,46.69,40.85,38.54,72.05,84.39,35.6,1640.16,23.26
2018,281,46.7,44,43.3,70.6,84.2,38.8,1772,26.1
2019,281,50.3,56.8,44.9,77.9,77.3,43.8,1307,32
2020,281,51.3,47.9,34.5,72.5,92.5,43.1,1874,26.2
2021,281,26.6,16.4,17.3,20.6,33.3,20.3,1219,8.8
2022,281,50.1,44.3,37.4,71.8,86.8,49.3,1834.2,33.3
2023,281,47.7,33.3,34.4,68.3,15,36,1929.1,22.4
2024,281,56.4,55.7,41.6,74.3,115.8,50.4,2129,
2025,281,54.8,55.3,40.8,94.1,77.4,47.1,2248,28.9
1990,282,32.2,31.6,20,49.1,52,,,15
1991,282,26.5,30,11.1,27.8,52,,,16
1992,282,28,25,20,45,50,,1000,20
1993,282,27.5,30,28,48.8,38,31.1,946,
1994,282,27.2,27.6,21,46.9,62.2,26.8,1084,20
1995,282,27.2,24.5,18.4,45.9,74.7,17.2,1058,22.1
1996,282,26.5,29.7,24.5,49.6,62.3,47.4,1299,20
1997,282,21.7,21.5,17,42.7,56.7,23.6,921.2,15
1998,282,24.3,25,19.1,44.4,58.5,26.6,1017.7,21.3
1999,282,31.4,27,21.4,45.1,52.5,39.1,1166,22.5
2000,282,25.1,28,23.4,51.6,60.9,32.4,1114.2,20
2001,282,14.4,19.6,12.9,32.3,34,12.3,750,15
2002,282,15.3,17.7,11.1,20.9,22.9,16.6,539,15
2003,282,26.9,25.7,14.6,41.3,38.9,25,1144,12.3
2004,282,27.4,18.8,20.8,35.1,53.5,34.8,966,22.2
2005,282,32,34.8,25.6,46.8,46.9,35.9,1425,19.9
2006,282,23.6,,26.5,43.1,39.7,42.5,1221,
2007,282,21.1,22.1,17.9,35.9,42.1,26.1,1028,16
2008,282,31.8,37.2,24.7,45.6,57.8,30.5,1156,
2009,282,33.5,41,30.6,53.7,61,35.7,1286,23.4
2010,282,28.2,24.9,24.6,37.2,58.1,21.8,1171,21.3
2011,282,31.4,38.3,28.5,49.2,62.2,34.8,1469,25.7
2012,282,33.1,39.8,21.7,49,49,24.4,1324,22.8
2013,282,44.6,54.7,39.9,64.4,73.9,49.6,1747,32.4
2014,282,35.12,37.83,27.07,49.5,57.99,38.1,1437.97,25.09
2015,282,31.73,36.7,32.43,57.32,59.78,33.7,1523.2,25.42
2016,282,42.4,54,32.5,67.1,80.8,35.1,936,19.2
2017,282,49.69,48.37,34.7,64.84,79.86,36.6,1559.88,22.78
2018,282,49.7,34,38.3,64.8,57,37,1639,22
2019,282,54.6,44.7,40.1,69.2,65.4,36.2,1001,23.3
2020,282,51.5,52.2,35.9,54.6,68.7,35.5,1262,23.3
2021,282,37.2,19.5,17.4,19,19.7,17.4,1097,9.4
2022,282,51.9,42.7,30.1,60.6,75.2,32.8,1476.8,22.6
2023,282,43.6,30.5,27.7,52.5,39,27.6,1427.4,
2024,282,50.4,44.9,36.8,74.7,,37.3,1819,26.4
2025,282,41.9,45.9,33,67.6,46.2,38,1668,31.2
1990,283,31.8,31.9,12.3,46.9,58.1,,,15
1991,283,31.8,31.4,6.4,39.2,57.8,,,20
1992,283,32.4,30,28,49.2,34.8,,,27.1
1993,283,33.3,42.5,27.9,56.8,78.5,40,1210,
1994,283,31.4,28.4,24.3,46.8,58,20,971,
1995,283,26.9,20,15.8,33.9,48.5,31.1,831,
1996,283,31.3,25.8,25.7,51.2,62.9,30,1074,18
1997,283,27.4,26.9,20.1,40.1,32.5,22.7,872,17.3
1998,283,21.5,19.1,20,33.5,41,21.3,861.1,15.3
1999,283,27.9,26,25.3,46.8,55.6,35.9,823.1,21
2000,283,29.9,25.5,24.4,49.5,48.9,30.8,939.4,17.5
2001,283,15.6,15,11.1,18,23,7.6,328,7.8
2002,283,13.2,11.7,7.5,13.7,40,6.5,190,6.5
2003,283,20.9,16.3,15.4,23.8,27.5,19.7,718,14.4
2004,283,29.8,31.2,29.7,42.3,64.1,28.8,1035,15
2005,283,36,41.5,31.6,41.2,75,41.6,1330,25
2006,283,24.8,20,20.8,44.9,57.3,33.4,1103,16.5
2007,283,19.4,20,19.6,39.4,54.8,30.2,771,
2008,283,28.7,30.1,28.1,41.2,49.2,30.2,1219,
2009,283,35,40,31,52.5,59.4,36.5,1437,24.9
2010,283,27.8,21.5,26.8,36,66.6,27.9,1250,22.5
2011,283,37.8,40.2,33.5,47.4,65.5,36.6,1237,26.6
2012,283,34.4,39.3,26.2,38.5,40,24,1034,21.3
2013,283,45,65.1,38.2,75.2,80.1,49,1793,25.5
2014,283,40.98,43.97,33.64,50,106.92,22.4,1153.33,24.62
2015,283,35.55,43.27,40.43,53.12,40.25,31.6,1520.18,24.59
2016,283,47.1,37,43.7,72,59.3,32.7,628,22.5
2017,283,45.24,59.16,31.87,49.06,74.11,31,1392.28,24.16
2018,283,39.7,25,30,40,,28.7,1167,10
2019,283,47,,40.1,58.8,98.4,38.2,1071,21
2020,283,44.3,39.1,28.6,54.7,65.4,31.2,1396,21.2
2021,283,22.1,12.6,13.1,14.5,27,11,714,7.8
2022,283,32,30.9,20.4,33.3,63.2,25.9,1060.4,12.5
2023,283,23.5,47.4,16.5,24.7,,19.1,945.8,8.3
2024,283,44.9,53,29.6,50.2,36.7,32.1,1217,20.6
2025,283,48.2,44.1,52,55.6,145,44.3,1890,34.2
1990,284,35,32,22,43.3,50,,,20
1991,284,29.1,27.5,26.2,25,57.5,,,25
1992,284,35,21.5,28,45,69.6,70,1377,35
1993,284,34.8,31.5,26,58.8,50,41.7,1102,
1994,284,35,32,25,43.9,60,26.5,1190,28
1995,284,20.9,25,18.7,40.2,50,20.8,800,18
1996,284,36,28.5,20.5,53.6,70,30.8,1160,20
1997,284,20.6,26.3,18.3,28.6,40,16.2,920.1,16
1998,284,20.4,20.6,25,29.8,22.2,22.7,785.6,16.6
1999,284,32.7,34.4,29.9,62.2,70,39.4,1427.6,18.3
2000,284,32.4,33.2,30.6,52.2,60,34,1049.8,23.5
2001,284,13.5,17.7,19,34.6,19,8.8,602,9.5
2002,284,13.1,20.7,9.9,23,20,14.6,515,7
2003,284,18.4,33,15.6,28.2,29.7,17.3,718,13.2
2004,284,26.4,38.8,28.9,49.3,64.4,32.1,870,14.1
2005,284,33.1,39.9,35.5,55.3,67.5,33.9,1191,22.3
2006,284,30.4,27.6,20.7,45.9,58.8,28,914,15.5
2007,284,26,22.8,21.1,43.4,48.4,30.8,986,18.4
2008,284,28.2,37.7,31.4,55.8,46.7,32.8,1317,26.1
2009,284,35,36.2,35.1,60.3,63,27.8,1360,23.9
2010,284,31.5,32.3,29.3,53.6,69.2,29.6,1071,23.7
2011,284,40.4,31.8,38.8,62.4,67.2,32,1100,27.6
2012,284,29.2,28.3,27.4,46.8,77.5,20.6,987,21.8
2013,284,39.7,59.1,39.2,62.5,61,40.8,1448,26
2014,284,35.51,50.67,33.22,49.37,57.71,31.2,1238.54,26.52
2015,284,41.54,43.31,39.6,64.96,82.82,33.2,1604.82,23.45
2016,284,43.4,45.6,39.3,71,66,38.8,818,27.9
2017,284,41.7,41,39.3,49.37,75,34.9,1459.18,23.26
2018,284,41.7,,32.1,35.8,,29,958,17.8
2019,284,48.7,45,36.2,53.4,60,31.6,1398,26
2020,284,47.6,60,34.6,66.4,49.6,33,1521,26.2
2021,284,24.5,15,16.5,19.1,32.8,17.7,709,11.2
2022,284,36.4,,30.3,40.9,37.6,29.3,942.5,15.6
2023,284,20.1,68,13.7,20.6,,19.8,986.8,21.3
2024,284,52.8,53.5,33.2,64.1,60.2,32.6,1347,19.1
2025,284,53.6,60.2,44.8,88.6,65.3,43.9,1709,32.8
1990,285,34,36.4,20,49.1,50,,,18
1991,285,33.1,37,,34.5,43.7,,,20
1992,285,31.1,32,24,49.5,60,20,1459,16
1993,285,32.9,37.5,32,53.5,57.2,30,829,28
1994,285,33.4,35.7,19.7,48.7,45,27.7,1345,16
1995,285,30.4,33.9,21.5,46.6,30,20.2,1031,15
1996,285,37,38.4,21.5,52.4,50,29.5,1060,20
1997,285,29.2,35.2,17.2,40.5,40,22.9,955.9,21
1998,285,23.4,27.6,22,41.1,35,24.2,774.8,12
1999,285,35.3,30.8,27.8,49.7,55,30.3,1054.5,20.9
2000,285,32.1,35.5,26.2,44.2,49.8,28.8,1229.5,20.5
2001,285,17.4,19.8,11.8,23.8,24.2,12,535,10
2002,285,13,14.4,6.8,16.9,21,7.7,286,5
2003,285,20.8,22.8,12.6,26.1,16.4,19.5,745,13.9
2004,285,29.6,30.6,28.4,43.5,51.4,33.7,987,18.4
2005,285,33,36.8,29.3,58.1,54.6,35.4,1349,24.6
2006,285,32.3,31.3,25.1,47,53,36.8,1108,18.3
2007,285,30.7,28.8,24.2,40,57.5,43,1427,19.5
2008,285,30.8,33.9,28.5,39.6,53.9,30.2,1237,17
2009,285,32.1,36.4,32.7,42.7,51.7,34,1278,18
2010,285,29.9,29.6,33.8,45.5,63.5,29.6,1177,19.7
2011,285,35.5,36.6,34.7,44.7,40.9,34.5,1354,23.2
2012,285,27.6,24.4,22.7,37,82.5,20.3,879,23
2013,285,37,35.5,37.1,58.3,71.3,42.3,1620,26.1
2014,285,29.82,35.68,32.61,47.14,108.32,31.3,1381.71,23.49
2015,285,37.78,32.64,36.21,49.7,66.7,32.6,1467.44,23.67
2016,285,41.5,37.1,41.2,61.3,84,39.3,883,27.5
2017,285,38.07,40.63,33.72,57.35,65,30.1,1346,26.57
2018,285,33.4,25.5,29.4,49,45.5,25.3,1087,16
2019,285,42.4,43.9,38.1,70.7,57.4,33.7,1222,26.8
2020,285,39.6,41.8,31,52.4,47.4,32.1,1310,22.5
2021,285,16.2,14.1,13.8,21.8,16.6,12.8,542,8.8
2022,285,22.3,23.1,17.3,30,24.1,17.7,789.8,12.8
2023,285,17.4,17.2,16.4,24.1,35,13.9,692.6,10.4
2024,285,39.7,43.8,33.3,54,66.9,29.5,948,20.3
2025,285,49.9,48.4,45.9,70.8,70,44.1,1843,29.2
1990,286,34,39.4,25,49.1,50,,,20
1991,286,36.1,36,,60,45,,,21
1992,286,36,24.9,20,39.6,57.5,20,834,20
1993,286,35.4,41.9,30,54.8,75,31.1,957,25
1994,286,38.2,41.3,27.1,55,60,29.4,1246,25
1995,286,29.9,34.2,25.4,51.1,60,23.3,1092,20
1996,286,37.1,38.8,28.5,55.7,60,31.8,1163,23
1997,286,30.7,32.8,18.7,51.4,42.5,24.9,935.9,19.3
1998,286,22.5,25.8,13.7,41.3,42.5,19.6,981.1,14.2
1999,286,31,35.1,27.2,47.8,67.5,39.3,1153.3,23.4
2000,286,34.1,41.2,28.5,50.9,75,35.6,1334.9,23
2001,286,14.6,12.4,8,22.1,15,10.3,563,13.8
2002,286,11.8,11.3,15,15.4,,9.6,276,4.3
2003,286,18.5,18.7,6.5,32.4,,15.7,585,8.8
2004,286,16.6,15,14.5,25.1,,19.3,712,5.7
2005,286,31,46,31.4,49.8,,38.9,1424,24
2006,286,31.7,42.3,26.9,46.2,,35.9,1293,18.4
2007,286,31,40.7,22.3,46.5,,35.2,1449,16.7
2008,286,31.6,33.8,25,41.8,,30.2,1187,18.3
2009,286,28.8,30.9,25,45,,27.8,1143,20
2010,286,36.7,33.7,31.8,39,36.1,28.7,1165,18.2
2011,286,38.6,44.2,31.7,52.4,40,34.5,1215,24.3
2012,286,26.2,29.8,22.5,37.3,,20,759,19.3
2013,286,48.1,55.1,42.5,59.1,50,39.8,2065,29
2014,286,37.78,36.58,37.63,44.94,,33.7,1442.55,22.05
2015,286,34.53,38.69,39.21,51.44,,29.1,1284.89,22.05
2016,286,32.3,34.4,33.1,43.6,,28.3,676,21.6
2017,286,40.6,44.81,33.75,58.69,60.1,28.4,1378.15,23.51
2018,286,29,26,29.9,38.5,91,23,1030,17
2019,286,44.4,46.9,41.2,56.8,89.7,33.2,1270,29.5
2020,286,48.6,50.9,39.1,54.2,117.2,33,1657,23.2
2021,286,21.2,16.7,14.1,22.1,58.3,13.6,561,12.9
2022,286,27.2,30.4,18.7,31.5,38.6,21.4,718.1,16.3
2023,286,32,25.3,21.2,30.1,41.8,23.3,1084.9,16.6
2024,286,50.4,44.8,36,65.3,,25.6,606,21.4
2025,286,52.1,53.5,51.7,65.2,,45.8,1678,33.5
1990,287,35.5,39.9,25,50.3,50,,,18
1991,287,39.8,43.4,25,53.2,40,,,16
1992,287,33.6,30.4,20,62.3,55,23.3,1216,22
1993,287,38.3,38.4,25.3,46,80,33.5,769,25
1994,287,38.3,44.8,31.1,54.1,,48,1496,19.5
1995,287,32.3,39.4,24.8,47.4,46.5,29.4,1470,23
1996,287,37.3,46.7,31.6,56.6,67.2,39.7,1110,25.7
1997,287,32.1,31.8,16.8,41,60,25.5,833,14.2
1998,287,21.3,25,8.3,41.5,45.7,25.8,1110.2,18.5
1999,287,36.1,35.5,28.6,59.9,60.9,50.5,1365,25.5
2000,287,34.3,35.4,23,56.2,67.3,36.5,1281.6,19.6
2001,287,11.4,10.2,5.7,22.7,19.5,6.8,310,7.4
2002,287,4.7,4,,8.8,,9.5,147,
2003,287,27.7,32.9,16,51,47.6,23.1,888,11.4
2004,287,24.8,24.2,13,45.2,50.3,26.1,1043,13.8
2005,287,41.2,49.5,33.9,69.1,,42.6,1646,24.3
2006,287,30.1,38.6,24.8,52.2,70.3,34.4,1266,19.9
2007,287,31.5,36.8,20.8,51,65.4,38.4,1265,16.3
2008,287,28.9,29.7,,34.3,,25.3,1119,
2009,287,28.5,33.5,19.4,49.1,,31.3,1402,18
2010,287,38.2,38.3,41.8,39.2,70.4,28.9,997,20
2011,287,45.2,49.2,40.6,75.6,,34.6,1245,27.7
2012,287,32.9,37.2,25.1,41.1,,18.9,789,22
2013,287,50.4,56.3,42.1,69.2,90,45.8,1986,26.8
2014,287,37.41,43.27,32.4,57.78,,35.4,1390.8,24.72
2015,287,41.19,43.14,39.42,66.82,,34.1,1798.02,30.69
2016,287,48.3,40.4,42.2,66.9,,30.1,481,25.1
2017,287,51.88,57.29,41.82,78.49,,30.1,1631.61,21.46
2018,287,38.2,40.3,37.7,63.5,,26,1438,17.6
2019,287,52.3,54.3,47.1,75.6,,42.2,1462,28.2
2020,287,58.1,57.2,41.4,76.1,,38.8,1539,26.5
2021,287,17.8,10.2,9.4,10.2,53.1,8.1,560,6.8
2022,287,27.2,24.7,15.7,32.2,46.2,22.8,859.7,12.3
2023,287,31.7,22.8,20.2,43.1,57.6,22.7,1126.6,10.8
2024,287,52.1,58.6,37.5,77.3,47.9,27.6,941,24.1
2025,287,65.7,69.7,61,108.6,96.8,51.6,2301,39.5
1990,288,27.4,26.7,20,49.6,40,,,14.3
1991,288,30.8,37.3,25,54.7,40,,,16
1992,288,33.4,26.2,20,60.2,50,,1500,18.5
1993,288,27.9,41.8,25,56.2,68.6,21.7,827,18
1994,288,33.5,36.1,23,54.4,60,30,1249,20
1995,288,27,30,21.7,41.1,55,25.6,1276,18
1996,288,33.8,31.2,25.2,47.7,54.2,40,1058,
1997,288,27.1,29.7,18.5,46.4,40,27.2,1107.8,19
1998,288,21.8,19.9,14.9,40.6,48.4,22.7,1089,12
1999,288,30.6,35.2,28.5,60.6,71.1,42.2,1612.1,20
2000,288,23.8,23.4,20,42.8,31.3,21.7,1004.6,13
2001,288,14.2,11.8,16.7,21.4,20,8.8,279,10
2002,288,6.9,9.7,3,13.1,11.2,9.4,150,5
2003,288,21.9,25.8,10.7,39.6,37.5,17.7,719,10.9
2004,288,24.9,27.6,19.1,53.1,48,26.6,1067,16
2005,288,38.7,50,29,57.6,79.7,44.5,1588,24.6
2006,288,27.9,36.5,17.8,50.5,48,36,1325,14.7
2007,288,28.2,29.7,19.7,42.8,35.6,35.4,1060,21.1
2008,288,24.5,26.7,21.6,45.3,25,29.4,1279,15
2009,288,30.6,32.7,20.8,48.4,27.6,32.9,1565,15
2010,288,35.1,37.1,36.6,50.8,82.7,32.6,951,
2011,288,37.7,38.7,36.6,55.8,44.8,34,1345,
2012,288,31.1,36.6,21.1,38.3,,31.2,1043,22
2013,288,46.2,46.3,44,63,77.6,44.1,1790,29.5
2014,288,35.28,39.64,34.49,61.32,55.43,39.5,1373.99,24.13
2015,288,36.4,36.99,35.31,67.37,65.51,37.7,1528.12,25.48
2016,288,37,35.6,39.4,64,120,38,690,19.7
2017,288,41.08,44.05,36.15,65.12,50,30.8,1482.41,27.73
2018,288,41.1,38.5,32.5,60,60,33,1367,20
2019,288,43.9,46.5,33.4,72.1,75,38,1362,22
2020,288,43.1,40.7,31.3,63.3,65,37.3,1339,24.3
2021,288,12.5,8,7.4,8.9,10,10.8,466,3.9
2022,288,19.3,16.7,10.2,22,22.2,16.7,632.9,6.3
2023,288,21.1,16.3,18.5,24.7,21,16.5,816,13.7
2024,288,44,49.1,31,63.1,75,30.9,1306,30
2025,288,57.1,56,48.8,81.1,,60.4,2195,24.6
1990,290,26.2,23.3,,46.2,33,,,8.5
1991,290,35.1,38,,57.9,60,,,14.6
1992,290,29.8,29.4,,58.9,42.1,34.5,800,14.8
1993,290,36.6,40.5,20.7,55.6,87.5,36.3,889,25.1
1994,290,33.4,34.3,17.5,52.8,60,26.1,1121,17.9
1995,290,28.8,30.8,17.4,49.7,20,18,984,18.1
1996,290,36.4,40.9,25,59.7,46.9,42.4,1036,22
1997,290,33.2,34.2,22.8,55.5,37.8,29.5,1061.5,
1998,290,31.8,36,23.9,51.9,39.1,34.6,1340.8,17.4
1999,290,37.7,40.2,29.8,57.2,55.2,47.8,1116.7,25.2
2000,290,31.7,31.9,19,49.1,49.2,22.4,838.1,15.3
2001,290,15.1,14.2,8.7,24.5,12.9,11.1,418,
2002,290,9.6,7.5,,21.1,11.6,8,277,
2003,290,22,26.8,16.4,40.9,36,17,844,17.5
2004,290,35.4,33.5,28.9,52.8,75.8,35.6,1121,12.8
2005,290,41.1,43.1,32.3,61.1,57.4,35.3,1334,20.6
2006,290,28.7,32.3,22.1,41.3,,26.9,1039,16.3
2007,290,28.7,34.3,16.6,43.8,30.7,34,1178,39.4
2008,290,32.8,40.5,34.1,56.4,,46.5,1685,
2009,290,30.3,33.6,24.4,45.2,,26.1,1008,
2010,290,35.5,35.6,34.9,51.4,61.6,35.9,1370,15
2011,290,39.8,43.9,34.1,62.3,64.4,37.6,1557,28.3
2012,290,35,35.9,23.2,44,,32.9,1104,17.2
2013,290,50.6,52.2,41.4,71.3,,43.4,1994,29.5
2014,290,39.95,42.54,42.78,55.43,23.99,39.3,1871.75,30.12
2015,290,41.6,44.95,33.86,63.67,26.76,30.3,1620.82,30.11
2016,290,36.4,44.4,37.5,60.1,31.6,37.8,596,21.3
2017,290,46.61,42.14,31.04,62.79,,29.2,1565.54,20.36
2018,290,45.9,45.5,38,62.8,,29.2,1551,28
2019,290,33.1,31,31.8,48.5,,29.6,954,16.9
2020,290,48.7,50,42.1,68.9,,36.7,1702,29.7
2021,290,22.4,18.2,13.5,22.7,,18.2,726,8.6
2022,290,46.1,42.6,31.5,62.5,,29.7,1377.8,21
2023,290,32.7,28.5,26.8,36.5,55.7,27.3,1402.1,13.4
2024,290,41.1,39.6,36.6,64.5,71.4,28,955,22.2
2025,290,54.9,57.7,47.7,99.8,97.9,46.7,1947,32
1990,292,13.6,11.9,,21.7,10,,,7.3
1991,292,26.2,30.2,,34,38.7,,,16
1992,292,32.6,31.8,,53.1,40,44,900,15
1993,292,38.5,42.2,25,70.4,69.8,25.7,500,20
1994,292,30.8,31,30,49.9,50,16.7,,20
1995,292,25.1,27.1,13.6,32.3,29,8.3,500,12.5
1996,292,26.2,24.8,14,46,37.5,,,
1997,292,24.6,25.6,15.5,38.6,40.6,25.8,1000,15
1998,292,21.1,26.7,18,38.5,35,39.2,1350,20
1999,292,37.1,41,31.9,57.3,85.9,42.8,1584.1,30
2000,292,26.8,28.3,18.8,50.2,50,27.2,917.8,15
2001,292,11.1,10.6,7,33.2,34.2,3.1,199,
2002,292,7.3,13,5,16.7,25,14.7,615,
2003,292,16.4,21.1,9.5,32.7,30,19.4,956,
2004,292,15.6,15.4,15,30.3,21.5,12.6,635,
2005,292,35.4,35.7,22.8,57.4,47.5,43.3,1158,
2006,292,31.7,30.5,24.7,49.2,50,35,1225,
2007,292,27,25.7,23.1,42.7,41.9,30,1080,
2008,292,37.1,35.5,27,49.5,78.1,40,1500,
2009,292,,28.5,,34.4,,,,
2010,292,38.3,31.5,29.8,49,40,32.1,1235,
2011,292,33.2,30.3,28.5,35.7,50,33,1447,
2012,292,30.4,33.1,19.7,35.5,,26,1279,
2013,292,45.5,48.3,32,55.6,,36.7,1606,
2014,292,34.26,40.2,35.19,49.38,50,46.2,2128.95,25.47
2015,292,24.67,30.28,18.93,35.02,24.43,21.9,1532.08,10
2016,292,39.1,41.7,45.5,82.7,,36.6,864,
2017,292,50.62,41.64,27.98,42.72,,32.1,1373.98,
2018,292,49.8,42.5,37.3,57.5,,39.5,1445,
2019,292,30.2,30.4,23.5,45.4,41.4,33,1319,
2020,292,52.7,41.3,41.8,42.3,,,1636,22.8
2021,292,22.5,13,15.4,18.4,30,30,1095,11
2022,292,30,24.2,26.4,38.5,30,30.8,1007.8,14.9
2023,292,26.6,20.3,22.5,36.1,15.7,27.7,880.2,15
2024,292,36.9,37.2,30.9,43.7,45,40.4,1243,
2025,292,49.3,51.2,57.3,69.1,102.9,41.1,1865,
1990,301,45,40,26.5,70,75,,,27.5
1991,301,41,40,23,58,65,,,23
1992,301,30,25,23,55,45,15,,18
1993,301,23.6,,14.2,44.6,65,30,,17
1994,301,18.9,,9,39.5,52,20,,18
1995,301,25,,12.6,43.2,56.3,,,17
1996,301,31.9,,19.8,61.6,70.2,35.7,,
1997,301,27,,19.1,32.8,81.2,,,
1998,301,28.5,,19,56.8,62.6,33.2,,21.2
1999,301,35.4,,26,61.3,73.5,33.3,,20
2000,301,32.8,,25.7,58.4,72.9,30,,20
2001,301,26.1,,9.4,46.2,63.8,,,
2002,301,28.9,,,28.8,,,,
2003,301,39.5,,33,70,63.4,33.5,,32
2004,301,26.1,,16.8,47.3,59,,,
2005,301,42.7,,,,,,,
2006,301,45.6,,33.8,,56.8,,,
2007,301,,,,,,,,
2008,301,49.2,,39.3,74.8,,,,
2009,301,42.8,,37.7,,,,,
2010,301,35.8,,30,,79.6,18,,8.4
2011,301,40.2,,30.4,49.1,68.3,31.1,,20
2012,301,26.8,,12.7,19.7,50.5,15.2,,11.4
2013,301,56.2,,42.3,70.1,109,44.8,,
2014,301,44.73,,24.96,35.6,85.18,36.7,,8.82
2015,301,35.43,,40,54.65,53.86,37.8,,40.02
2016,301,50.3,,46.2,73.6,106.6,50.6,,
2017,301,59.81,,48.92,,115.52,57.1,,
2018,301,59.5,,46.2,71,79,53,,
2019,301,59.6,,54.5,92.3,87.2,58.7,,
2020,301,62.3,,47.8,83.6,113,52.8,,
2021,301,44.8,,32.9,66.8,46,26.9,,
2022,301,65.8,,46.4,88.8,100.5,50.5,,
2023,301,61.6,,48.5,,94.1,49.8,,
2024,301,70.7,,38.4,80.1,136.6,62.4,,
2025,301,67.3,,39.7,80.2,97.4,56.2,,
1990,303,36.1,35,25.4,63.3,60,,,22.5
1991,303,31.8,37,22.4,49.4,57,,,20
1992,303,28.7,15,19.8,63.7,56.4,29,,15
1993,303,20.3,25,20,49,55,28.1,600,20
1994,303,30,45,20,50,60,34,600,25
1995,303,30,40,15,65,65,30.6,,20
1996,303,33.5,31.3,,53.7,59.4,28.6,,
1997,303,30.6,35,21.8,57.6,63.8,29.7,,20
1998,303,39,35,26.1,66.7,64.6,24.3,,20
1999,303,41.4,45,28.9,72.6,67.2,32.9,,25
2000,303,36.8,35,22.2,66.8,65.9,40.4,,20
2001,303,33.5,20,22.7,57.9,61,24.1,,25
2002,303,23.9,20,26.3,47.7,62.5,23.9,,19
2003,303,44.1,,35,59.3,37.6,32.7,,
2004,303,38.8,40,23.3,56.6,85,32.4,,10
2005,303,40.3,30,33.6,66.1,76.1,24.3,,17.7
2006,303,47.9,,33.6,74.3,69.9,,,
2007,303,34.7,,24.7,39.1,100,,,18.7
2008,303,45.4,,32.4,69.7,75.8,25.9,,
2009,303,49.9,,39.5,74.4,95.3,43.8,,
2010,303,48.1,,34.9,62.3,80,30.5,,14
2011,303,52.5,,42.3,65.8,101.4,63.7,,
2012,303,40.1,,20.7,43.4,69.8,25,,
2013,303,61,,43.9,78.6,118.9,46.1,,
2014,303,53.01,,36.88,71.44,57.21,21,,
2015,303,38.64,24.07,43.87,65.24,92.81,45.1,,
2016,303,53.4,41.1,47.5,,101.9,,900,30
2017,303,64.87,,52.89,90.98,107.39,86.8,,
2018,303,66.6,,52.7,82.2,82,69,,
2019,303,61,,54.8,96.8,134.9,67.4,,
2020,303,61.3,,47.5,89.3,106.1,61.9,,24.5
2021,303,40.9,,35.5,62.8,67.9,41,,
2022,303,67.7,,52.3,97,136.4,65.7,,
2023,303,67.2,,60.1,93.7,150.4,71.2,,
2024,303,65.4,,40.5,89.5,137.6,56.5,,
2025,303,60.7,,43.6,89,122.2,52.2,,
1990,304,37,37.5,25.7,61.6,60,,,21.2
1991,304,34.9,37,23.7,49.1,45,,,19.8
1992,304,25,25,19,40,60,,,12
1993,304,25.9,26,19.6,51.3,69.1,20,,18
1994,304,29,35,18.4,55,70,21.7,,22.5
1995,304,26.9,35,16.1,53.2,72.7,40,,25
1996,304,30.5,31.1,25.7,53.9,68.9,30,,26
1997,304,33.4,,28.8,55.7,72.8,34.2,,23.2
1998,304,34.8,,22.8,59.8,67.4,32.5,,21.4
1999,304,40.7,,24.5,58.4,71.9,39.5,,19.9
2000,304,38.2,,25.7,61.2,65,36.9,,20
2001,304,28.5,,20.3,50.4,56.3,23.4,,16.5
2002,304,30.2,21.7,25.6,40.7,60.7,26.8,,19.2
2003,304,34.6,,25.9,61.6,64.4,30.8,,24.6
2004,304,32.4,,21.9,54.8,69.2,32.5,,18.9
2005,304,40.2,,31.4,60.7,65.2,40,,25
2006,304,38.1,,27.7,56,67.9,31.3,,20
2007,304,30.6,,20.2,50,59.9,25.3,,22.5
2008,304,42,,31.8,67.6,85.3,23.6,,22.5
2009,304,41.1,,42.7,74,113.2,,,25.1
2010,304,24.4,,14,22.6,47,18.8,,11.6
2011,304,41.9,,35.5,64,89.1,34.7,,25.9
2012,304,31.8,,20.5,30.3,68.5,24.2,,
2013,304,53.2,,42.2,79.6,116.6,36.7,,21.5
2014,304,46.26,,31.55,62.82,99.01,18.9,,29.45
2015,304,39.88,,42.18,62.29,93.46,39.8,,31.18
2016,304,48.1,,44,80.6,118.4,38.7,665,
2017,304,60.43,,47.36,74.09,115.52,49.9,,
2018,304,60.3,,46.5,74.7,109.5,40,,
2019,304,64.2,,53,93.4,119.8,53.5,,
2020,304,56.6,,47.6,86.5,116.2,47.1,,
2021,304,42,,32.3,46,62.7,23,,
2022,304,61.6,,50.7,81.7,129.2,34.7,,
2023,304,71.5,,57,94.3,124.6,54.5,,
2024,304,67.1,,40.3,84.4,112.6,29.3,,
2025,304,64.1,,46.3,93.8,121.5,44.3,,
1990,305,31.8,32,23.7,50.4,58.7,,,22
1991,305,29.3,30,16.8,43.9,41.5,,,18
1992,305,22.7,25,18.9,48.6,34,20,,20
1993,305,26,,15.8,38.6,68.1,35,,20
1994,305,26,,14.9,50.4,78.7,20,,23
1995,305,29.2,,10.9,44.4,73.6,33.3,,18
1996,305,30.1,,19.3,49.8,64.6,25,,20
1997,305,23.7,,20.5,56.6,58.9,25.7,,17.1
1998,305,25.7,,20.4,41,73.1,27.5,,20.1
1999,305,30.1,,23.7,57.2,56.9,,,18.1
2000,305,28.4,,25.2,49.4,63.2,,,10.6
2001,305,19.3,,10,32.9,38.2,,,
2002,305,24,,21.5,36.4,46,,,
2003,305,32,,27.8,44.8,53.5,16.3,,25.5
2004,305,23.9,,14.9,62.4,53.3,,,
2005,305,28.2,,20.8,47,55.1,,,
2006,305,31.2,,20,31,,,,
2007,305,13.8,,16.7,37.6,56.5,,,
2008,305,36.5,,30.1,53.5,65.8,,,
2009,305,39.2,,31.9,69,77.1,,,
2010,305,16.6,,11.6,15.9,,,,
2011,305,42,,35.3,45.4,63.5,31.6,,24.7
2012,305,33.7,,21,31.8,65.6,15,,15.6
2013,305,50.6,,39.7,82.1,101.4,49.7,,19
2014,305,36.07,,27.77,56.56,91.24,21.5,,19.64
2015,305,43.33,,38.67,73.05,82.44,32.6,,17.85
2016,305,43.9,,41.2,76.7,111.5,31.4,,26.3
2017,305,61.34,,47.64,74.93,95.31,,,25
2018,305,53.4,,43.7,69.1,98.8,45.5,,35
2019,305,54.1,,49.2,89.4,119.9,,,
2020,305,52,,46.9,77.4,97.9,30,,
2021,305,39.1,,31.8,51.6,66,25,,14.1
2022,305,58.7,,47.5,81.3,104.3,55,,
2023,305,62.5,,53.9,92.4,118.2,64.4,,
2024,305,63.4,,39.5,77.8,119,59.1,,
2025,305,65,,49.9,97.3,112.6,57.4,,
1990,307,30,23,23.1,50.2,50.8,,,15
1991,307,31.5,30,23.5,46.8,50,,,20.2
1992,307,25,30,24.9,44.6,47.5,,,25
1993,307,22.2,22.3,20.8,51.1,57.7,23,700,20
1994,307,21.6,30,23.1,55.1,70,30,1200,25
1995,307,34,35,17.8,49.1,61.8,33.3,,23.3
1996,307,31.9,30,25.3,62.4,68,29.9,,25.7
1997,307,26.4,27,22.8,47.2,60.1,28.5,,20.8
1998,307,31.4,32.4,24,50.3,72.2,31.5,,21.2
1999,307,35,36.4,27,59.2,71.5,34.6,1262.8,21.5
2000,307,35.1,33.8,27.3,56.7,62.1,29.6,,21.5
2001,307,21.1,18,16.6,33.2,32.3,17.6,,13.8
2002,307,29.4,32.5,30,47.3,57.2,22.4,,18.9
2003,307,28,48,22.4,51.5,55.1,23.8,,14.8
2004,307,30.3,29.6,25.4,64.8,74.7,37.5,,10
2005,307,35.8,,28.6,65.8,75.8,37.5,,22.2
2006,307,29.5,,26.1,41.7,72,27.5,,22.3
2007,307,25.1,,23.4,47,78.8,36.4,,22.3
2008,307,31.4,,29.5,51.8,72.4,26.3,,26.2
2009,307,37.4,,34.7,65.7,88.8,39.2,1664,22
2010,307,21.8,,15.3,9.7,30,10.6,239,10.1
2011,307,38,,30.6,67.7,70.6,25.2,1772,20.4
2012,307,36.7,,25.9,36.7,64,30.4,,20.4
2013,307,50.4,,43.1,65.6,99.8,50.2,,33.2
2014,307,37.45,,23.71,45.29,72.67,21.9,1084.66,23.45
2015,307,40.92,,36.48,58.19,77.59,39,2339.86,29.96
2016,307,45.8,62.2,37.5,58.5,82.1,38.6,1381,26.9
2017,307,49.51,,38.72,68.18,92.89,46.9,,30.54
2018,307,49.5,,38.7,60.5,84,40,,28
2019,307,48.6,,41.1,54.3,98.7,45.6,,25
2020,307,47.6,,42.1,69.7,89,50.9,,30.3
2021,307,32.4,,27.1,34.7,40.2,25.9,,19.8
2022,307,50.7,,45,70,94.5,45.4,,25.1
2023,307,53.9,,44.5,67.7,72.2,46.4,,25
2024,307,53.6,,41.1,68.5,99.2,45.2,,25
2025,307,54.2,,47.2,82.7,101.4,40.7,,31.8
1990,308,26.3,25,17.7,32.4,55,,,16.7
1991,308,28.7,21,18.1,36.7,55,,,17
1992,308,23.1,22,19.6,30.6,55,10.5,900,18.2
1993,308,26.9,30,23,49.1,63,28.2,561,21.6
1994,308,25,28,24.8,44.5,72.4,28.9,926,24.8
1995,308,29.3,14.9,17.4,42.1,75,33.1,1161,21.8
1996,308,31.5,36,24.4,54.8,62.5,31.7,1222,22.9
1997,308,29.6,30,21,45.4,51,31,1084.6,16.3
1998,308,34.6,,28.4,49.5,65.5,37,1114,22.1
1999,308,33.4,40,24,52.3,66.7,35.1,818.3,24.7
2000,308,31.3,37.5,20.1,49.5,66.6,32.3,1230.3,19.4
2001,308,23.3,21.5,20.3,29.3,34.4,12.1,787,16.9
2002,308,26.2,25.6,22.3,44.1,60.2,19.4,658,16
2003,308,33.1,30,21.5,43.1,46.3,29,900,17.9
2004,308,29.1,32,23.7,54.9,60.5,40,700,12.8
2005,308,41.8,42.5,35.7,58.8,67.1,31.9,1100,27.7
2006,308,33.3,34.5,24.9,46.3,67.6,30.3,1000,21.4
2007,308,30.3,31.4,24.6,51,56.7,38,,16.2
2008,308,38.3,33.5,35.3,60.6,82.7,33.4,,21.8
2009,308,41.4,45,36.9,65.6,74.1,43.9,1340,25.2
2010,308,28,20,24.3,36.8,66,21,445,15.9
2011,308,43.2,40,33.7,59.2,80,40.7,,20.7
2012,308,37.2,36,25.2,52.2,72.9,33.5,1320,25.9
2013,308,46.6,45,37.4,68.4,102.3,40.8,,26.8
2014,308,36.84,,29.67,49.37,96.39,24.7,1309.53,20.12
2015,308,40.96,45,35.68,57.41,89.23,42,618.49,25.56
2016,308,44.4,45,39.3,70.1,108.8,44.2,963,27.9
2017,308,57.11,40,46.56,77.73,100.78,41.5,1800,27.55
2018,308,50,37.5,42.9,64.9,84.3,34.9,1500,27.5
2019,308,61.3,,49.3,91,136.6,47.6,,36.8
2020,308,54.9,,41.4,71.7,92,47.3,1440,28.6
2021,308,29.5,15.3,23.3,32.1,41.1,24,1000,14.7
2022,308,57.9,,44.5,91.8,127.1,51.3,,35.9
2023,308,60.9,,47.3,80.3,100,56.1,,29.3
2024,308,62.4,,42.6,93.1,117.8,46.1,,32.6
2025,308,65.2,,47.6,104.2,133.8,52.2,,36.7
1990,309,20.6,20,15.3,25.7,40,,,13.8
1991,309,26.8,27,12,34,47,,,20
1992,309,27.6,23.5,22,38.8,67.3,,1800,15
1993,309,34.8,,28.7,56.3,85,,1000,28
1994,309,24.5,,27.5,52.4,74.9,17.5,1060,
1995,309,33.2,25,19.4,52.8,70,30.8,1050,21.7
1996,309,32.3,40,25.4,54.1,67.7,41.4,1500,22.5
1997,309,34.9,,21.4,47.2,60.4,35.7,918.8,20.8
1998,309,38.1,38.5,27.6,50.7,77.4,46.8,1500,23.3
1999,309,46.2,,32.3,68.4,77.9,52,684.6,24.1
2000,309,32.6,,28.3,48.1,55.9,42.5,1016.9,16.4
2001,309,20.3,,19.8,34.8,33,16.6,272,18.5
2002,309,22.7,,24.5,40.3,,22.5,,17.2
2003,309,36.1,,32.8,49.2,53.4,41.6,1300,23.3
2004,309,30.8,,21.4,37.1,62.2,39.8,,14.3
2005,309,40.8,,37.3,58.4,83.2,49.8,,28.2
2006,309,42.4,,38.8,70,70.4,48,,29.5
2007,309,37.9,,32.8,59.6,84.9,49,,22.6
2008,309,43.4,,35,63.5,85.2,42,,27.2
2009,309,49.4,,38.9,68,84.1,46.1,,27.2
2010,309,29.8,,23.8,37.4,53.8,22.6,207,9.5
2011,309,46.7,,37.4,62.4,79.8,44.5,,14.4
2012,309,41.8,,30.9,50.4,72,42.3,,26.3
2013,309,70.3,,40.5,85,127.9,45.2,,35
2014,309,46.8,,32.77,51.91,83.03,22.9,,29.09
2015,309,57.14,,41.94,74.81,125.14,43.9,,29.5
2016,309,47.7,43.1,40.8,59.9,85.8,43.5,552,7.7
2017,309,56.37,,40.52,71.91,80.89,48.2,,
2018,309,56.4,,44.3,73,65,43,,
2019,309,63.9,,50.4,76,135.6,51.8,,
2020,309,57.6,,41.7,75.8,111.1,43.7,,29.1
2021,309,29.1,,24.2,21.8,47.8,28.3,,
2022,309,58.3,,48.2,77.5,109.6,53.8,2656.5,
2023,309,62.5,,48.9,86.5,118.1,52,,
2024,309,63.6,,42.1,81,118,48.5,2403,
2025,309,67.5,,47.4,83.8,156.4,56.8,,
1990,310,22.3,20,10,33.3,42.5,,,15.7
1991,310,30.3,26,11.9,31.1,53.1,,,15
1992,310,29.4,25,22.5,47.6,49.6,20,1000,20
1993,310,27.8,30,26.6,49.2,60,25,700,23
1994,310,23.8,24,25.7,43,55,23.8,1100,23
1995,310,27.7,27,19.9,47,45,22.6,1200,20
1996,310,32.1,28,22.7,51.2,55.6,24.2,1100,22.1
1997,310,28.1,24.8,17.7,41.8,45.7,28,1170,19.4
1998,310,32.5,38.3,25.6,54,49.9,39.1,1273.4,23.6
1999,310,39.4,41.9,28.9,61.5,73.3,45.4,505.5,22.9
2000,310,31.8,32.1,28.2,51.9,52.4,37.3,1435.5,19.7
2001,310,19.7,15,20.1,32.4,34.7,17.9,,15.1
2002,310,16.9,13.9,15.7,27.8,36.3,17.2,,10.8
2003,310,32.7,35.8,26.2,42,36.9,32.4,,14.1
2004,310,25.9,27.5,27.8,41.5,38.6,35.5,,12.7
2005,310,40.4,40,40,66.5,69,40.7,,28.4
2006,310,38.6,,32.2,44.6,,39.8,,21.9
2007,310,36,,25.7,46.7,51.2,35.8,,23
2008,310,48,,33.9,60.7,63.4,41,,25.4
2009,310,53.8,,37.9,67.8,69.2,55.5,,22.5
2010,310,37.3,,28.7,48.9,87.5,31.1,936,15.8
2011,310,49.1,51.6,35.2,56.5,73.9,40.6,376,25.7
2012,310,49.4,,27.9,49.9,58.4,34.6,,25.9
2013,310,63.5,70,42.9,69.7,91.8,39.1,,36.5
2014,310,42.06,,32.27,52.34,123.46,24.1,893.12,21.14
2015,310,43.72,42.55,41.18,67.68,95.53,40.5,1805.94,24.77
2016,310,53.1,,39.9,75.3,109.5,45.4,1096,33.2
2017,310,54.15,,38.95,67.96,70.17,33.1,1295.47,21.61
2018,310,54.1,,42.5,64,53,40,1466,26
2019,310,54.2,,45,79.3,84.2,38.8,1473,20.5
2020,310,51.9,47.1,38.7,71.1,92.9,44.2,1715,22.6
2021,310,25.1,,19.4,21.3,31.9,15.3,547,8.5
2022,310,52.9,39.7,42.5,76.7,83.6,51.7,2277.4,
2023,310,51.4,,43.7,69.6,106.8,47.8,2054.7,
2024,310,55.9,,40.8,73.2,100.2,50.4,1988,
2025,310,59.7,,45.9,82.7,138.8,50.8,2384,
1990,312,24.1,27.3,11.3,39.8,40,,,12
1991,312,25.9,27.7,20,42.9,44.6,,,15.1
1992,312,32.2,35,25,40.9,80,,1100,20
1993,312,28.7,30.3,25.9,57.7,70,31.7,1500,18
1994,312,28.3,30,23.8,50.4,57.8,32,700,20.6
1995,312,26.4,24.6,20.3,48.7,40,30,950,21.1
1996,312,31.5,30.5,23.3,52.1,69.9,32,1394,24.2
1997,312,25.7,25,17.2,46.6,36.1,24.1,1080.1,18.5
1998,312,28.7,27.4,22.3,44.9,60.2,30.8,1479.6,18
1999,312,40.9,43.3,21.2,54.5,68.9,34,905.8,21.3
2000,312,29.2,38.6,25.4,46.5,58.1,25.4,1137.9,18.8
2001,312,16.3,18.4,16.7,28.5,35,14,602,10.4
2002,312,18.9,19.4,20.5,27.2,40,17.3,960,16.6
2003,312,36.1,34.8,24.8,53.3,45.8,28.4,1340,18.9
2004,312,25.6,23.9,21.9,51.1,44.6,37.4,1156,12.5
2005,312,32.6,42.6,31.7,61.5,70.6,39.7,1483,26.4
2006,312,31,32.7,27.5,51.7,60.5,35.8,1368,23.3
2007,312,28.1,26.9,25.6,49.5,61.1,39.5,1282,21.2
2008,312,39.4,45.9,35.5,69.8,78.3,41.5,1660,26
2009,312,42.4,43.1,36.7,66.9,86,40.7,1354,24.2
2010,312,34.9,38,25.4,50.5,52.4,32.4,1032,19.1
2011,312,43.3,49.9,35,64.2,81.5,39.8,1679,24.8
2012,312,39.4,,27.6,45.1,55,32.8,1144,25.2
2013,312,55.5,61,36.5,75.4,93,48.8,1969,25.7
2014,312,35.94,34.83,27.69,49.23,66.25,31.2,972.23,22.03
2015,312,43.74,46.57,37.37,61.39,87.19,39.1,1724.12,22.5
2016,312,41.1,47.9,38.7,64.6,82.1,49.7,1162,25
2017,312,40.99,48.73,36.97,73.11,89.76,39.2,1504.85,24.12
2018,312,41,42,40.8,63,85.5,39.2,1436,24.5
2019,312,42.6,36,41.2,64.2,86,34.6,1479,19.4
2020,312,47.3,39.4,32.7,61.9,70.2,38.1,1541,17.4
2021,312,23.1,16.6,15.6,15.5,8.8,16.5,690,8.4
2022,312,49.9,47.5,37.7,69.7,87.1,45.3,2061.3,24.3
2023,312,39.4,31.7,31.4,60.6,55.4,31,1587.3,16
2024,312,54.1,56.6,40.8,,84.1,41.5,2009,
2025,312,54.5,46.7,42.2,,107.5,44,2029,
1990,313,33.4,39.7,20,59.8,42.5,,,17
1991,313,26.2,27,11,50,45,,,18
1992,313,36.8,30.9,30,59.3,65,20,,18
1993,313,26.9,30,35.1,51.1,70,33.3,,28
1994,313,27.6,33,26.6,40.8,70,33.3,1000,23
1995,313,27.1,23.8,22.3,48.3,,21.4,790,15
1996,313,29.7,34.5,24.4,50.6,54.8,,1200,17
1997,313,29.4,29.4,18.7,51.4,57.3,32.5,1325,19.9
1998,313,26,26.8,17.5,45.2,62,37.1,1461.7,20.1
1999,313,31.4,33.2,23.7,46.2,69.2,35.3,911.5,19.6
2000,313,31.3,29.5,20.3,47.5,47.9,35.8,1235.8,17.6
2001,313,11.9,17,11.4,18.7,30,9.7,303,9.5
2002,313,11.8,14.7,11.9,18.4,40,15.4,350,12
2003,313,34.6,36.1,21.3,53.4,69.6,29.8,1053,18.8
2004,313,26.9,25,21.2,45.9,50.1,35.9,1200,13.1
2005,313,33.9,48.8,32.3,60.6,89.2,37.6,1306,25
2006,313,29.9,35.6,22.8,48.7,56.6,30.9,1150,22.2
2007,313,19,23.5,21.2,51,60,37.5,1500,23.2
2008,313,38.4,36.6,34.7,62.3,72.9,32.7,,23.5
2009,313,35.2,32.8,31.9,55,61.6,37.2,1350,24.6
2010,313,27.6,39.1,22.7,48.5,36.6,22,1015,12.7
2011,313,36.2,38.5,33.1,64.3,68.4,42.3,1414,24.3
2012,313,35.6,42.5,26.5,43.1,,25.9,,19
2013,313,49.7,64.3,34.2,55.5,86.9,42.8,,26.3
2014,313,38.51,37.71,28.98,50.75,65,23.6,,24.28
2015,313,40.6,45.27,32.88,52.35,55.01,39.8,1502.95,25.98
2016,313,38.5,49.2,37.1,69.7,,39.7,1347,25
2017,313,44.94,65.4,35.82,64.05,,38,2082.53,30.23
2018,313,38.6,,34.4,54,,32.1,,23
2019,313,42.1,46.1,44.3,50.5,,30.6,1034,26.8
2020,313,44.8,,31.1,51,79.8,33.5,1501,18.2
2021,313,20.6,5.9,12.4,9.1,4.9,14.9,858,6.1
2022,313,43.1,30.2,25.9,64,72.3,37.8,1812.2,21.9
2023,313,36.9,37.6,26,34.1,41.6,32.1,1838.7,18.6
2024,313,52.6,,35.2,76.6,,39.4,1803,19.8
2025,313,56.1,48.3,44,76,,48.6,2012,28.4
1990,314,29.8,28,16,50,43.8,,,15
1991,314,27.5,26,25,41.8,47.8,,,18
1992,314,37.4,32,33.5,45,65,,525,19
1993,314,30,33,36,70,90,25,1400,43
1994,314,28,25,27,48,73,31.7,1650,23
1995,314,23,23,16,33,40,20,1500,22
1996,314,33.5,40.4,28.6,45.4,55.1,17.1,1500,
1997,314,24.2,27.5,21.4,44.7,44.8,21.6,1000,19
1998,314,26.8,24.1,19.3,41,41.5,28.4,,15
1999,314,40.3,57.5,25,47.2,61.1,45.5,750,22.5
2000,314,34.1,35,28,49.8,56.5,39.6,,22.5
2001,314,16,18,15.4,26.5,22,11.3,490,12
2002,314,13.2,,17.5,30,22.3,,600,
2003,314,22.3,,22.4,28.8,31.8,18.9,,
2004,314,32.7,,27.1,48.1,50.7,49.5,,
2005,314,34.2,30,28.1,52.5,57.5,43.6,1165,25
2006,314,30.3,,27.5,51.2,55,37.1,,15
2007,314,29.9,,21.4,39.4,35.7,40,,20
2008,314,28.4,,25.6,42,47.5,34.5,,
2009,314,31.2,,29.5,48.6,62.3,39.1,,18.4
2010,314,34.6,37.2,28,41.6,47.8,31.7,885,
2011,314,39.8,,34.6,57.1,51.9,41.9,1003,24
2012,314,34.8,42,23.5,34.2,39,35,,18
2013,314,43.9,45,37.6,67.6,78.9,51.2,,30
2014,314,39.31,34.14,35.44,52.33,76.93,43.4,1895.96,22.56
2015,314,39.46,45,40.72,56.49,64.59,40.1,,29.22
2016,314,42.5,39.1,44,69.3,69.4,46,1157,33.3
2017,314,45.42,,32.64,52.63,45.51,37.5,,20
2018,314,198,,33,43.5,41,35,1742,25
2019,314,37,,34,52.8,57.6,39.9,597,20
2020,314,42.7,,43.3,56.4,47.3,30.9,1470,27.5
2021,314,14.8,8,12.8,16.9,10.5,10,,8.2
2022,314,38.9,,28.7,52.2,61.3,30,1186.1,22
2023,314,31.9,,26.4,31.9,37.8,24.7,,20
2024,314,39.9,,34,62,64.3,50.1,1800,22
2025,314,54.2,,45.5,73,86.8,50.7,1885,35
1990,315,32.7,32,30.6,41.9,45,,,25
1991,315,31.3,30.9,19.7,41,40,,,20
1992,315,29.7,30,30,49,55,20,1041,19
1993,315,38.5,,29.6,51.8,64.1,,553,
1994,315,32.2,43.7,29.4,50,75,25.5,1004,21.5
1995,315,30.5,,22.6,50.4,39.2,27.3,1534,20
1996,315,39.8,,27.7,62.9,62.9,34.5,1256,20
1997,315,28.2,30.7,20.5,38.7,37.5,23.8,982.1,9.7
1998,315,25.7,29.1,25.5,42.7,41.9,27.8,1312.8,20
1999,315,42.7,37.5,33.6,55,55.4,50,1126.3,20
2000,315,36.7,36.6,28.5,52.2,46.4,37.1,1428,20
2001,315,16.7,15.8,13.5,24.4,25,8.5,581,14.9
2002,315,9.5,,11.4,26,18.4,11,243,
2003,315,17.4,,16.2,23.5,16.8,12.9,1084,
2004,315,33.4,,26,54,89.7,41,,17.1
2005,315,39.4,,35.9,59.5,72.6,44,,
2006,315,29.8,,24.5,29.6,54.9,23.5,,
2007,315,28.6,,28.3,37.3,42.5,40.2,1033,
2008,315,32.3,,31.2,35.6,,35.4,1522,23.6
2009,315,38.5,,37.1,51.6,49.8,34.3,1408,
2010,315,37,72.3,40.2,54.4,60,31.7,1200,30.4
2011,315,44.2,72.4,40.8,45.9,58.6,38.4,1569,32.7
2012,315,34.9,,25.6,31,,24.5,1247,
2013,315,54.9,67.7,51.3,61.3,56.8,54.7,2415,37.7
2014,315,47.79,45.71,46.09,62.79,48.64,41,1586.04,32.75
2015,315,46.82,31.91,46.58,50.65,47.46,30.5,1896.85,36
2016,315,50,42.9,46.1,69.3,99.9,42.8,1443,37
2017,315,48.38,,40.12,43.8,,35.3,1632.92,
2018,315,40,,37,51,,24,1074,
2019,315,49.6,,45.7,69.2,64.1,39.5,1334,25.4
2020,315,48.3,35.2,37.1,59.2,68.6,38.6,1530,23.8
2021,315,18.8,,15.2,13.3,6.7,14.6,668,
2022,315,28,,19.9,19.2,27.2,24,762.8,
2023,315,23.4,,21.8,13.2,19.1,19,773.8,
2024,315,48.1,55.7,32.7,42,,35.4,1231,29.7
2025,315,62.9,75,54,75.5,,50.5,1974,30.4
1990,316,25.6,29.6,10.2,31,44.4,,,15
1991,316,30.2,31.1,21.6,38.2,40,,,27
1992,316,28.4,28,22,43.6,40,45,1300,19
1993,316,34.5,30,25,48.9,75,50,958,15
1994,316,35,35,30,50.5,70,41.7,1413,35
1995,316,27.5,25,18,35,47.5,18.9,718,20
1996,316,32.5,30,20,50.9,61.9,31.9,1319,25
1997,316,28.3,26.7,8.6,46.6,,26.3,988.5,18.8
1998,316,15.6,18.8,10.5,18.4,12.5,21.1,975.1,6.5
1999,316,38.9,32.8,32.4,44.2,61.5,43,1080.1,25
2000,316,34.3,39.3,32.5,52.9,42.8,35.2,1201.4,
2001,316,20.4,21,24.2,22.6,,14.4,532,10.8
2002,316,10.6,10.4,12.6,17.3,12.5,4.9,284,
2003,316,20.2,24,12.6,22.5,23.6,18.2,981,
2004,316,30.2,27.2,22.8,47.7,62,33.6,1023,
2005,316,40.6,50.7,41.1,45.7,64.1,49.9,1682,
2006,316,31.7,31.1,31.7,51.5,,43,1232,27.3
2007,316,33.5,44.4,31.1,36.5,81.7,44.3,1444,
2008,316,34.7,35.4,32.1,55.5,,28.5,1253,
2009,316,39.2,36.8,37.4,61.7,,32.5,1488,
2010,316,37.9,32.5,34.6,47.9,43.9,32.1,908,24.5
2011,316,40.4,49.6,34.7,63.5,60,46.5,1686,28
2012,316,37.7,50,24.6,35.7,,31.4,1118,
2013,316,58,50,48.1,59,77.2,43.5,2097,39.4
2014,316,46.89,47.52,40.45,46.02,48.32,25,1330.41,28.66
2015,316,39.02,37.76,39.73,45.68,40.91,33.9,1682.59,26.45
2016,316,56.3,52.1,44.7,78.3,80,47.9,1489,27.7
2017,316,53.96,59.48,37.08,67.13,,38.2,1872.06,
2018,316,48.9,28,34.5,38,30,34.1,1618,
2019,316,49.8,48.4,42.1,64.1,,38.8,1343,
2020,316,50.6,51.4,38,70.5,,37.4,1744,17.2
2021,316,19.1,10,12.5,19.4,,15.7,659,7.8
2022,316,20.2,19.1,12,20.3,,16.6,676.8,8.6
2023,316,33.4,29,25.5,56.9,50.6,30.6,1267.4,16
2024,316,48.6,55.2,33.8,79.3,,34.4,1183,
2025,316,67.5,65.5,54.2,100.6,,64.4,2329,
1990,317,33,30.3,20,44,46.4,,,14.6
1991,317,33.2,34.7,20.1,43.5,40,,,16
1992,317,26.1,26.7,18,47.8,35,,1205,12.5
1993,317,32.6,35.6,28.3,48.3,60.9,34.1,833,25
1994,317,29.1,29.5,27.3,42.3,50.5,31.1,1283,20.5
1995,317,27.3,22.6,15.2,31.4,43,20.7,1008,19
1996,317,33.5,37.1,22.9,53.7,58.9,32.6,1548,19
1997,317,24.3,29.3,18.5,36.9,36.8,29.9,912.4,10
1998,317,16.8,15.2,12.3,28.7,32.4,20.1,833.7,13.5
1999,317,36.9,36.9,29.2,56.5,60.3,40.9,1291.2,23.6
2000,317,32,30,28,47.9,55.9,29.9,1372.6,19.3
2001,317,17.7,12.7,14.6,20.9,32.9,11,578,13.6
2002,317,14,6.7,12,16.4,19.6,8.4,352,9.5
2003,317,19.3,20.2,11.9,27.5,28.7,15.9,760,10.6
2004,317,26.5,23.1,25.4,38.8,39.6,28.9,1032,14.4
2005,317,32.8,36.5,36.9,56.8,65.6,37.7,1477,27.8
2006,317,24.2,25.9,26.9,34,42.6,26.8,1098,14.6
2007,317,25.9,31.1,26.2,35.3,77.6,29.1,1239,20
2008,317,26.8,26.4,27.7,48.2,45,24.1,1423,20
2009,317,30.9,34.7,36.1,56.5,75,34.4,1551,18
2010,317,32.4,34,31.5,50.3,56.2,24.2,775,26.3
2011,317,35.9,43.8,36.9,51.9,67,44,1222,27.4
2012,317,28.9,37.4,24.7,40,55,23.7,984,21
2013,317,43.4,44.8,44.3,62.7,85.4,43,1857,35.7
2014,317,33.46,39.8,32.12,61.8,80.01,27.8,875.83,30.31
2015,317,35.81,33.49,34.62,58.9,56.6,29.9,1789.01,27.65
2016,317,40,36.5,37.8,64.7,72.1,48.1,1166,25.7
2017,317,45.12,41.14,37.27,59.03,60,38.7,1759.28,28.35
2018,317,45.1,39,42.7,52.5,60,37.2,1542,25
2019,317,45.1,41.7,41.1,67.4,70,38,1490,29.8
2020,317,44.3,49.3,33.9,64.3,70,39,1455,34.2
2021,317,18.9,14.5,14.5,13.7,30,14,472,7.3
2022,317,30,25.5,21.4,33.9,28.3,20.1,883.6,12.2
2023,317,38.8,29.1,26.4,53.1,,22.1,1180.4,13.6
2024,317,51.8,53,36.7,74.2,,27.2,889,27.3
2025,317,67.1,72.1,54.3,99.4,,58.4,2203,36.5
1990,318,33.7,32.4,18.5,50.7,47,,,17.7
1991,318,31.9,39.5,23,53.8,50,,,27.5
1992,318,26.6,28.8,20,60.2,35,25,1050,20
1993,318,35.9,42.3,30,49.1,60,36.1,622,24.6
1994,318,36.8,38.5,25.1,58.9,53.5,21.2,1179,22.4
1995,318,26.2,27.7,20.8,46.4,40,16.3,912,18
1996,318,36.6,38.3,28.8,60.7,62.2,31,1628,25
1997,318,27.5,31.1,21,49.3,48.9,20.9,1104.4,16.5
1998,318,18.3,18.6,12.2,33.8,25.4,15.2,585.9,14.8
1999,318,32,34.3,25.8,59.5,50,33.9,1501,19.6
2000,318,30,29.7,25.3,43.8,48.3,23.4,1044.1,15
2001,318,15.4,17.6,9.7,27.6,30,9.4,469,13.5
2002,318,8,7.5,,13.1,,,390,
2003,318,24.7,29.1,16,37.5,33.2,20.9,801,9.9
2004,318,32.6,28.9,29.1,46.6,59.4,29.3,1070,17.3
2005,318,36.5,46.5,37.6,64.7,62.3,39.9,1797,23.3
2006,318,32,31,28.7,54.1,41.1,35.5,985,19.4
2007,318,29.1,35.6,26.8,49.4,54.9,32.3,1342,20
2008,318,36.4,38.2,35,56.6,65.6,32.9,1299,26
2009,318,37.7,38.2,39.8,62.7,69.8,38.3,1952,
2010,318,34.2,35.5,31.9,45.2,58.3,24.9,848,25
2011,318,44.5,47.7,39,67.9,77.5,37.7,1739,25.3
2012,318,38.9,41.5,26,43,,25.9,1061,
2013,318,51.3,51.1,40.4,75.8,80.4,41.8,1986,33.3
2014,318,25.75,29.07,29.69,44.88,67.45,20.4,661.15,17.94
2015,318,38.32,41.44,38.62,60.27,67.14,32.6,1734.18,29.87
2016,318,41,38,42.2,59.3,65.1,45.6,951,18.7
2017,318,52.83,56.03,44.29,71.79,80,47.5,1796.13,30.69
2018,318,46.3,43.5,39.4,64.3,,37,1628,30
2019,318,47,44.2,42.3,60.6,,36.3,1781,
2020,318,52.1,54,41.1,71,73.5,36.1,1576,29.3
2021,318,24.3,12.9,14.7,17.6,4.9,12.6,694,8.1
2022,318,29.1,28.6,20.1,38.9,25,20.8,987.7,13
2023,318,28.5,21.6,24,32.3,14.9,22.9,1104.7,10.1
2024,318,51.1,52.9,37,65.9,,23.3,961,24.6
2025,318,63.5,68.4,51.8,91,,56.4,2226,43.1
1990,319,31.5,28.5,,53.2,50,,,19
1991,319,36.4,28.1,,53.9,45,,,15
1992,319,30.7,26,30,56.5,40,37.2,802,19
1993,319,32.1,39.6,27.3,55.6,90,40,607,26.6
1994,319,35.4,36.4,25.5,59,70,30.6,1205,23.9
1995,319,28.3,31.6,17.7,46.2,65,20.8,1149,18
1996,319,37,37.1,27.1,57.2,85,31.6,1555,24.5
1997,319,33.6,37.8,20.5,53.6,62.5,29.9,1345.7,18.5
1998,319,31.6,31.5,19.8,51.1,,22.4,1082.8,17.3
1999,319,41,42.2,28.9,62.5,80.6,46.6,1524.6,31.6
2000,319,28.5,28.4,18.7,47.6,49.1,27.2,1201.5,18.5
2001,319,24.5,23.6,14.8,36.7,49.9,16.9,638,12.9
2002,319,10.8,9.5,8.7,14.4,20,5.6,290,8
2003,319,24.5,23.1,12.3,41.2,57.3,16.7,922,11.6
2004,319,29.7,31.5,20.5,52.9,43.8,34,1089,14.2
2005,319,37.5,43.3,24,52.9,59.2,42.8,1100,20.3
2006,319,30.7,32.7,28.2,49.4,43.2,29,1168,20.8
2007,319,30.2,32.8,22,46.7,68,31.7,1114,
2008,319,37.8,40.2,27.8,64.5,,37.6,1567,
2009,319,36,32.2,31.8,55,,29.2,1392,
2010,319,31.1,32.6,29.7,49.7,,29.1,1030,17.4
2011,319,33.9,41.9,30.3,48.5,,24.2,1262,24.5
2012,319,29.2,33.3,22.7,37.2,,19.6,997,29.5
2013,319,45.5,44.9,40.1,73.5,,41.7,1839,34
2014,319,35.92,31.18,35.42,54.17,51.1,29.3,1226.53,27.05
2015,319,36.83,33.18,33.56,54.63,,24.3,1320.79,32.22
2016,319,45.2,43.7,40.2,70.9,,38.1,719,28.6
2017,319,45.17,55.7,40.22,73.27,,40.8,1880.62,26.39
2018,319,45.5,55,37.5,73.3,,44,1923,34
2019,319,48,38.8,37.9,66.6,,41.5,1656,21.8
2020,319,55.5,57.8,42.9,78.3,,40.3,1477,30.6
2021,319,24.4,16.5,15.9,19.6,,16.3,842,9.7
2022,319,38.4,35.2,27,56.4,,27.8,1210.3,14.1
2023,319,33.1,20.3,26.3,41.8,,24.7,1364.7,18.1
2024,319,52.4,48.3,34.2,74.3,,28.9,1100,27
2025,319,61.6,62,47.8,93.3,,,2056,43.3
1990,320,30.4,18.8,10,42.5,20,,,18
1991,320,31.7,32,15,37.9,50,,,15
1992,320,23.1,35,20.4,46.7,40,,900,19
1993,320,38.4,39.2,20,62,60,,,
1994,320,34.4,24.7,19.7,52.7,40,,1199,10
1995,320,30.7,25,14,49,32.6,11.3,1100,13.1
1996,320,38.8,33.3,22.1,45.5,43.7,,,
1997,320,30.8,30.3,21,45.2,43.5,24,1640.3,17.6
1998,320,28.6,29.2,21,48.1,47.5,28.7,1020,15
1999,320,36.6,34.2,23.3,53.3,43.2,30.8,1101.4,20
2000,320,25.8,25.8,13.3,34.8,25,26,672.5,10
2001,320,12.9,14.8,9.6,23.4,10,7.5,227,5.5
2002,320,5.2,7.3,5.1,21,12.5,5.2,210,10
2003,320,19.4,23.3,11.9,32.3,45,19,857,10
2004,320,34.6,37.3,44,48.8,59,,950,
2005,320,38.5,41.1,33.9,52.6,50,32.1,,27.5
2006,320,28.1,33.7,25.7,46.9,45,26.7,1500,19
2007,320,28.1,29.1,17.3,31.3,25,23.7,1200,19.5
2008,320,32.9,36.1,30.4,57.3,,34.5,2100,35
2009,320,31.7,31.7,28.8,57.7,29,21.6,,
2010,320,32.6,32.5,37.9,45.4,,23.1,1324,29.8
2011,320,36.6,40.7,34.4,53.5,,32.2,1626,21.1
2012,320,26.4,30.2,20.4,39.9,42,29,1070,12.7
2013,320,43.4,46.5,40.7,61.8,30,36.2,1819,24.3
2014,320,34.25,47.58,34.81,55.27,,38,1808.96,25.82
2015,320,25.9,20.9,29.81,52.67,,28.1,1377.83,16.68
2016,320,37.5,40.4,40,61.1,,47.2,811,22.4
2017,320,39.49,49.62,32.35,57.64,,38.3,1404,22.18
2018,320,39.5,49.9,35.1,62.2,,41.3,1416,20.5
2019,320,30.8,25.5,21.8,46.8,,34.1,1144,19.2
2020,320,42.4,51.2,37.2,62.1,99.9,35.3,1376,27.2
2021,320,22.9,16.2,15.6,18.3,,16.3,746,
2022,320,46.7,53.2,34,70.1,,31.5,1532.7,23.7
2023,320,30.7,24,25.3,42.1,,25.9,1096,
2024,320,41.2,42.2,31.8,61,,27.6,980,
2025,320,53.9,56.9,47.9,85.1,,50.7,2423,37.9
1990,321,14.3,14.2,,36.2,25,,,7
1991,321,26.5,30.3,,33.7,50,,,14
1992,321,28.2,31.2,,54.4,50,,,18
1993,321,41,42.5,20,60.7,60,50,,28
1994,321,29.1,32.8,25.1,48,75,25,,22.5
1995,321,23.3,26.4,19.6,36,50,,,25
1996,321,40.3,35.2,20,57.7,51.7,,,24
1997,321,28.4,29.1,15.4,43.4,55,,,13.1
1998,321,30.5,31.1,21.3,38.8,45,38.7,1190,22
1999,321,32.3,37.6,30.8,55.2,52.5,39.4,965.6,21
2000,321,30.7,30.3,21.3,43.9,55,20.8,1081.2,17.5
2001,321,15.4,18.2,3.3,26.7,30,8.1,415,16.5
2002,321,6.7,6.8,15,15.4,15.5,,,12.5
2003,321,18.8,19,10.5,23.8,22.5,15.5,683,10
2004,321,37,43.2,25.9,57.8,73.7,21.8,1237,25
2005,321,38.3,41.2,29.6,55.5,60,37.9,1225,24.8
2006,321,26.5,30.9,18.5,49.5,30,22.9,600,6.7
2007,321,33.4,30.5,22.9,39.5,41.3,31.9,630,20.3
2008,321,38.1,34.7,36.8,56.1,37.5,34.4,1800,27
2009,321,26.4,25,22,46.4,50,16.8,466,17.5
2010,321,34.7,35.9,29.8,48.4,,33.6,1327,
2011,321,38.4,38.1,35.6,51.9,,42.4,1699,27
2012,321,27.4,32,18.7,30.9,,26,958,
2013,321,42.1,41.9,38.2,56.8,50.6,42.6,2263,23.7
2014,321,41.67,40.13,34.06,48.32,28.08,39,1628.85,23.58
2015,321,26.63,33.22,30.43,65.57,70,25.5,1204.25,24.54
2016,321,42.9,38.3,40.7,59.6,55,36.4,569,27
2017,321,35.87,38.29,24.91,48.34,,25.6,1243.17,13.73
2018,321,43,43.5,32.1,61.5,,31.4,1951,32.5
2019,321,34.5,29.7,19.7,45.7,44.9,26.2,1127,15
2020,321,48.5,47.5,31.9,52.8,,37.7,1432,26.3
2021,321,26.8,19.3,16.5,29.5,14.6,20.4,906,17.9
2022,321,46.2,51.5,37.6,66.6,,34.1,1640.2,
2023,321,37.3,34.1,29.8,37.9,39.3,35.1,1362.5,
2024,321,41.6,40.1,26.7,61.7,,32.7,1179,
2025,321,59.9,63.7,49.5,107.5,,47.1,1940,34.6
1990,322,3.3,3,,7,5,,,
1991,322,26.6,27,,26.7,37,,,
1992,322,24.1,27.2,,50.1,58.5,,,21.5
1993,322,38.7,40,25,72.6,90.7,,1000,
1994,322,25.4,27.5,19.3,40.6,60,,,
1995,322,22.3,20.5,21.7,37.6,40,,,
1996,322,24.9,33.4,25,41.3,50.8,,,
1997,322,24.3,23.7,14.5,41.6,38,,,
1998,322,26,27.4,18.1,38.2,34.9,,,
1999,322,33.6,36.8,28,63.6,77.5,,,
2000,322,25.8,28,26.5,46.9,45.8,25.8,,
2001,322,18.6,21.6,6,31.4,44.4,8.9,,
2002,322,8.8,12.5,,15.3,,7.8,,
2003,322,15.8,13.1,21.8,24.4,,12.3,,13.8
2004,322,24.8,29.7,21,42.8,80.7,,,
2005,322,35.4,35.2,26.3,56.3,60.6,,,
2006,322,23.8,30.4,20.8,45.9,53,,,
2007,322,23.8,27,,48.9,42,,,
2008,322,24.5,34.7,,,,,,
2009,322,28.1,31.4,,41.2,,,,
2010,322,32.7,27.9,26.6,48.9,33.5,,,
2011,322,26.1,26.9,24,57.9,52.5,33.1,,
2012,322,24.8,,31.5,34.8,,,,
2013,322,35.3,42.2,34,43.2,,46.8,1383,
2014,322,37.69,36.63,32.34,50.26,60.55,43,2139.17,
2015,322,20.03,25.29,21.56,,,15.3,943.44,
2016,322,52.4,47.9,42.6,55.8,82.2,38.1,823,
2017,322,22.47,35.67,21.77,24.51,,30.4,1157.83,
2018,322,30.9,38,35,55,,33,1448,
2019,322,31.7,38.3,29.1,38.5,27.9,19.2,1305,
2020,322,44.4,50,33.7,49.2,74.8,23.5,1340,
2021,322,16.8,17.6,14.9,14.5,,25.3,1023,
2022,322,37.8,43.9,36.1,35.8,35.8,33.4,1538.8,
2023,322,25.8,19.6,22.7,7.7,,27.1,557.8,
2024,322,41.2,40.2,32.5,44.9,47.1,29.7,992,
2025,322,53.9,47.1,53.1,61.7,82.1,41.4,1800,
1990,331,35.1,30,22.7,49.6,60,,,20
1991,331,29.1,29,26.4,35.1,55,,,20
1992,331,23.8,24,16.3,40,35,18,,18
1993,331,24,25,16.3,45,47.4,20,,20
1994,331,25,,13.6,40,60,28.8,,25
1995,331,34,30,25,48.8,53,27.3,,18.2
1996,331,31.9,30,21.4,54.2,62.6,13.7,,27
1997,331,37,30,28.1,51.6,55.2,27.7,,22.5
1998,331,32.9,30,22.9,49.7,58,22.5,,23.5
1999,331,33.9,32,24.7,53.1,58.9,30,,23.5
2000,331,42.6,,33.3,42.7,45.5,,,
2001,331,33.2,,23.8,37.6,55.1,,,
2002,331,31.1,,24.2,57.2,51.1,,,
2003,331,39.2,,32.3,65.8,72.2,,,
2004,331,41.7,,28,52.4,88.1,,,
2005,331,47.1,,39.7,,,,,
2006,331,45.7,,30,,70.1,,,
2007,331,37.3,,31.8,,92.9,,,
2008,331,49.9,,34.5,,84.5,,,
2009,331,44.8,,36.9,,89.6,,,
2010,331,37.6,,27.8,35,64.4,,,
2011,331,44.4,,36.1,53.2,90.4,,,
2012,331,37,,15.8,19,47,,,
2013,331,55.6,,36.3,76.1,77.1,49.6,,
2014,331,45.94,,30.37,66.06,74.18,24,,
2015,331,35.31,,40.08,35,67.21,40.3,,
2016,331,54.6,,49.2,61.1,112.3,32.3,1799,
2017,331,61.06,,49.19,73,,65.1,,
2018,331,67.8,,49.2,72,,59,,
2019,331,53,,47.9,71.8,,41.3,,
2020,331,53.2,,41.1,64.9,,45.6,,
2021,331,38.7,,29,38.9,,23.6,,
2022,331,56.1,,41.7,72.7,,41.8,,
2023,331,50.4,,43.7,72.2,,41.7,,
2024,331,53.5,,31.6,54.2,103.3,41.5,,
2025,331,51.1,,36.7,71,87.3,38.9,,
1990,333,36.6,35,22.5,57.9,52.5,,,22.8
1991,333,31.9,30,20.8,47.1,51,,,17
1992,333,24.9,22,17.9,53.7,65,,,15
1993,333,21.8,,14.6,53.3,56.5,,,17
1994,333,30.3,,14.8,50.7,51,30,,16
1995,333,41.8,,22.5,53,62.1,31.5,,20
1996,333,32.1,,26.2,67.7,72,30.1,1000,22.5
1997,333,49,,30.5,64.4,80.2,37.7,,20
1998,333,37.9,,24.6,60,80.7,28.2,,24
1999,333,43.8,,26.5,70.1,78.9,35.1,,22
2000,333,41.9,,23.6,59.6,81.3,29.9,,23.5
2001,333,43.4,42,26.4,67.7,85,33.3,,22.5
2002,333,28.1,,29,46.4,53.5,,,
2003,333,41.1,,37.8,73.8,81.7,31.9,,
2004,333,33,,15.1,66.8,91.2,,,
2005,333,54.7,,38,83.1,87.6,,,
2006,333,48.2,,34.8,74.4,74.2,,,
2007,333,43.3,,27.8,56.7,84.9,,,
2008,333,48.2,,38,66.4,77.4,,,
2009,333,54.5,,42.7,70.3,105.7,,,
2010,333,43.7,,34.6,45.6,89.7,21.1,,
2011,333,49,,40.9,68.4,104.2,,,
2012,333,36.1,,21.4,30,76.1,,,
2013,333,62.5,,40.3,59.5,130,,,
2014,333,59.42,,39.25,72.1,123.65,29.3,,
2015,333,34.87,,37.97,62.95,93.56,49.4,,28.03
2016,333,53.3,,45.8,79.3,133,58.5,,37
2017,333,67.96,,49.42,84.86,,72.5,,42.02
2018,333,68,,49.4,88.4,,58,,38
2019,333,58.1,,30.2,100.8,,53.8,,24.7
2020,333,64.4,,49.3,102.7,,62.5,,
2021,333,50.5,,37.2,69.7,,29.8,,
2022,333,62.4,,48,84.1,,60.1,,
2023,333,68.7,,58.6,95.8,,63.6,,
2024,333,69.1,,34.9,81.5,141.5,55.3,,
2025,333,65.1,,46.4,84.7,121.7,51.7,,
1990,334,34,35,24.5,50.7,53.4,,,24.3
1991,334,29.7,30,21.2,48.7,43.1,,,20
1992,334,18.1,20,17,35.5,35.1,,,16.7
1993,334,19.8,,14.2,46.2,48.2,10.8,,
1994,334,31.3,45,16.8,46.3,63,20.1,,20
1995,334,29.9,,12.5,44.9,50.1,29.2,,22.5
1996,334,31.8,,18.3,53.4,55.5,26.4,,25
1997,334,31.1,,25.1,50.7,57,29,,20.2
1998,334,37,,24.7,53.9,63,22.5,,17.9
1999,334,33.3,,29.4,49.8,72.1,33.3,,18
2000,334,30.3,,22.2,56,67.8,45,,19.6
2001,334,34.6,,25.1,64.8,66.8,45.3,,20.3
2002,334,28.5,,23.3,46.9,57.9,11.5,,19
2003,334,36.7,,33,52.3,65.7,23,,22.5
2004,334,29,,20.1,61.6,59.8,32.5,,
2005,334,47.2,,33.1,58.8,92.1,,,
2006,334,38.8,,29.4,58.9,79.8,,,
2007,334,35.7,,25.1,55.8,84.9,,,
2008,334,46.7,,36,64.8,103.9,,,22.8
2009,334,49.6,,36.8,69.1,102.5,,,
2010,334,34.3,,23,19.1,72,27.9,,20.3
2011,334,49.3,,38.2,61.8,114.1,43.1,,20.1
2012,334,35.8,,24.5,32.7,77.1,24.5,,
2013,334,61.4,,41.7,56.4,124.3,35.6,,34.5
2014,334,51.04,,35.32,69.66,120.06,30.8,,20.16
2015,334,43.01,,37.87,53.2,104.84,47.4,,25.52
2016,334,51.6,,41.1,74.7,117.9,43.9,1620,30.4
2017,334,58.66,,47.26,84.72,128.85,53,,34.99
2018,334,58.4,,47.3,84.7,125.9,54,,
2019,334,62.5,,52.5,95.3,128.1,49.9,,24.4
2020,334,63.7,,52.1,91.7,122.7,52.4,,
2021,334,53.2,,34.8,74,78.4,38.7,,
2022,334,57.6,,45.2,77.8,127.2,49.7,,
2023,334,67.7,,56.6,86.2,120.9,37.3,,
2024,334,60.4,,34.7,78.1,122.6,43.2,,
2025,334,63.4,,44.2,86.2,108.6,42.8,,
1990,335,34.8,36,23,53.1,62.2,,,22.5
1991,335,40.9,,18.2,53.8,48.2,,,25
1992,335,21,20,19.9,63,37.8,,,16.7
1993,335,22.7,,16.6,32.1,57.8,,,
1994,335,30,,11.7,32.7,65,,,12
1995,335,30,,12.7,35.5,52.6,,,18
1996,335,30.7,,14.1,41,68.5,,,
1997,335,29.8,,19.2,46.5,69.7,30.8,,12.6
1998,335,29.4,,23.8,53.8,80,26.7,,18.7
1999,335,39.3,,19,60.1,75.4,,,18.6
2000,335,39,,23.8,55.5,76.2,,,15.8
2001,335,34.7,,24.9,46,55.6,,,18.4
2002,335,30.3,,23.5,33.6,65,17.1,,
2003,335,32.1,,22,41,50.4,,,11.6
2004,335,11.8,,8.2,43.1,59.1,19.8,,7.3
2005,335,40.5,,30.3,60.4,74.9,,,
2006,335,34.3,,26.8,43.4,64.9,,,
2007,335,34,,26.1,49.6,64.3,,,
2008,335,44.6,,34.9,71.7,105.2,40,,22.5
2009,335,43,,31.6,66.3,92.7,42.5,,22.5
2010,335,19.5,,19.9,29.9,61,12.7,,22.5
2011,335,39.9,,31.9,38.8,79.5,17.3,,18.4
2012,335,35.6,,19.2,44,64.5,,,12
2013,335,47,,34.9,78.8,89.3,,,24
2014,335,39.41,,26.85,55.42,84.02,28.9,,21.14
2015,335,41.33,,40.15,67.47,90.83,50.6,,17.91
2016,335,41.5,,44,73.6,112.8,45.7,,17.5
2017,335,43.66,,43.42,94.75,96.77,56.9,,
2018,335,45.1,,43.4,83,93.3,57,,
2019,335,52.6,,46.5,86.5,122.9,46.4,,
2020,335,55.9,,43.4,81.2,121.7,46.1,,
2021,335,42,,34.8,60.3,69.5,22.5,,21.9
2022,335,53.7,,46.4,83.6,116.9,34.8,,
2023,335,66.1,,55.9,92,114,54.4,,
2024,335,61.1,,41.3,87.6,103.5,,,
2025,335,62.8,,48.6,99.2,119.2,,,
1990,336,33.3,33,22.5,49.9,68,,,17.9
1991,336,36.7,39,21.2,43.6,57.9,,,20.1
1992,336,27.5,20,20.3,47.2,63.5,21.7,,18.4
1993,336,20.6,,17.2,52.2,83,22.2,,20
1994,336,30.1,37,18.8,52.6,91.2,33,,20.2
1995,336,35,,16.5,56.9,80.2,34.5,,22
1996,336,35.6,,22.3,59.8,88.5,28.1,,21.6
1997,336,31.6,,20.9,52.8,80.8,33.9,,22.7
1998,336,37.5,,27.2,61.3,85.4,35.1,,21.5
1999,336,39.3,,27.8,62.6,89.1,47,,23.7
2000,336,38.5,,26,63.7,81.2,29.4,,20.9
2001,336,25.5,,22,43.2,58.9,19.4,,18.7
2002,336,19.5,,19.2,41.5,46.1,12.2,,8.2
2003,336,33,,28,55,63.2,23.7,,20.7
2004,336,18,,12.8,52.1,48.6,22.7,,5.7
2005,336,36.7,,29.5,62.2,75.1,25.6,,
2006,336,31.7,,25.2,51,85.6,26,,19.1
2007,336,27.3,,21.6,42.4,62.4,26,,16.5
2008,336,37.4,,37,71.5,93.2,38.5,,17
2009,336,36.3,,33.9,73.5,96.5,39.8,,22.2
2010,336,28.3,,20.4,33.7,85.1,8.8,,13.3
2011,336,35.4,,32.5,68.8,90.3,22.6,,22.7
2012,336,37.3,,26.4,55.7,82.4,27,,22
2013,336,54.4,,40.9,82.8,111.5,33.6,,28.7
2014,336,38.63,,35.67,53.66,100,21.1,,16.51
2015,336,42.21,,41.87,72.64,99.65,46.9,,25.11
2016,336,45.5,,40.1,74.7,106.4,39.2,,29.3
2017,336,53.91,,44.19,79.11,100.58,42.2,,
2018,336,50.9,,40.2,73.1,91.5,48.5,,24
2019,336,52.3,,49,85,95.3,40.3,,26.7
2020,336,53.6,,47.5,71.9,108.2,41.1,,36
2021,336,34.6,,30.2,43,69.5,24.9,,
2022,336,63.3,,49.5,88.1,120,47.4,,37
2023,336,64.8,,55.3,91.8,111.2,45.7,,
2024,336,66.5,,39.3,82.3,115.9,43.2,1800,30
2025,336,68.1,,45.8,84.7,116.8,46.5,1800,35
1990,337,25,25,16.2,41.7,45,,,15
1991,337,35.6,,20.4,45.9,70,,,18
1992,337,20.9,20,13.4,26.8,45,,,12
1993,337,17.7,,20.1,41.8,66.9,,,18
1994,337,25.8,33,22.2,43.2,75,33.3,,17
1995,337,28.3,33,16.8,43.5,75,30.4,,17
1996,337,33.9,40,23.7,51.3,71.3,22.1,,22.5
1997,337,23.8,,19.9,45.8,75.9,34.1,,18
1998,337,30.5,,24.4,51.5,74.1,33.6,,21.7
1999,337,36.1,,27.2,59.7,76,38.8,,22.7
2000,337,30.9,35,23.8,57,73,30.4,,20.8
2001,337,22.8,23,20.1,47.3,50.8,15.7,,13.9
2002,337,18.9,20,20.4,36.8,43.8,13.7,,15
2003,337,33.6,30,24.4,49.4,50.6,20.4,,17.1
2004,337,25.5,25,17,48.3,51.6,16.4,650,9
2005,337,36,38,30.8,58.2,71.8,32.2,1050,23.1
2006,337,32.7,35,25.8,64.8,87.5,30,1600,22.8
2007,337,23.3,,22,51.2,76.3,34.3,,
2008,337,37.4,40,31.6,66.3,80.4,32.1,,24
2009,337,37.8,40,31.1,70.2,83.7,39.8,,28.6
2010,337,26.8,30,23.9,35.1,65.3,14.9,910,16.9
2011,337,38.2,30,31.4,59,88.7,25.6,1200,27
2012,337,40.6,40,25.2,51.2,79.6,27.6,,27.7
2013,337,52.1,45,39,75.7,101.2,46.1,,31.4
2014,337,40.23,,29.99,54.22,110.12,27.8,398.1,23.22
2015,337,48.61,45,40.37,69.62,98.37,44.3,,25.76
2016,337,49.3,22.5,38.3,72.7,115.4,37.2,570,29.6
2017,337,64.68,,47.3,79.2,108.53,53.8,,31.16
2018,337,59.6,,47.3,74.6,99.2,37,,
2019,337,67.1,,49,85.2,122,49.5,,
2020,337,66.1,,46.7,83.7,112.4,58.3,,
2021,337,35.7,,26.6,36.2,57.1,28.3,,
2022,337,59,,47.6,76.7,100.6,43.7,,
2023,337,64.7,,52,86.9,105.4,71.9,,
2024,337,69.8,,44.1,91.6,121.2,55.3,,
2025,337,67.4,,50,89,127.6,55,,
1990,338,23.8,24,13.4,34.5,30,,,15.7
1991,338,35.5,,20.1,42.6,50,,,20
1992,338,28.7,20,21.2,45.6,50,31.7,780,10
1993,338,23.2,,19.2,48,45,20,500,16.7
1994,338,28.2,,22.7,50.2,80,31.3,1000,23
1995,338,36,,25,53.4,75,31.9,,23.3
1996,338,34.9,,26.5,57.6,77.2,26.3,,25
1997,338,38.1,,23.1,53.6,78.2,30.1,,24.1
1998,338,39.3,,28.3,62.2,80.8,36.4,,22.8
1999,338,38.4,,29.2,67.9,84.1,40.7,,21.5
2000,338,40.4,,27.9,56.6,75,38,,27.8
2001,338,28.6,,24.1,43.2,57.3,21.5,,17.5
2002,338,22.6,42.3,18.5,34.6,41.8,13.5,,11.2
2003,338,39.7,,28.1,60.7,79.4,20.6,,16.8
2004,338,33.9,,18.7,59.1,66.6,37.1,,7.5
2005,338,40.3,,30.8,61.8,67.5,31.9,,19.5
2006,338,41,,32.6,65.3,77.6,34.4,,19.9
2007,338,39.8,,26.7,56,91.4,31.5,,25
2008,338,42.9,,35.8,70.5,92.3,36.8,,25
2009,338,45.8,,37.9,75.5,103.4,38,,21
2010,338,25.1,,26.1,35.3,76.9,14.9,300,
2011,338,46.6,,40.3,67.3,97.4,33.6,,
2012,338,45.6,,32.7,58.3,99.7,38,,30
2013,338,70,,43.7,80.2,125.8,47.7,,30
2014,338,48.85,,36.57,59.7,123.87,27.6,,28.31
2015,338,52.65,,44.19,78.16,126.81,47.5,,31.24
2016,338,54.2,,47.4,81,120.7,41.4,,29.3
2017,338,66.65,,52.95,89.4,135.16,44.4,,
2018,338,53,,52.9,81.1,98,30,,26
2019,338,70.2,,51.2,93.9,132.8,54.4,,32.6
2020,338,64.9,,44.3,80.2,116.4,45.3,,11.1
2021,338,32.6,,22.9,31.3,39.5,17.2,,
2022,338,60.9,,50.6,84.7,121.6,43.9,,
2023,338,72.8,,54.1,94.7,126.3,53.1,,
2024,338,67.5,,42.1,97.7,138.6,55.8,,
2025,338,68,,48.7,99.8,119.6,59.7,,
1990,339,29.1,26.7,15,44.4,46.5,,,15.5
1991,339,31.4,32,21,45.8,50,,,19.9
1992,339,24,20,27.2,54.1,50,,,17
1993,339,24.3,24,22.6,47.6,50,35,985,18.6
1994,339,30.2,28,24.3,45.7,45,22.3,900,19
1995,339,32.5,24,25.4,51.4,85,27.6,700,21.1
1996,339,32.3,36,27.9,57,70.1,33.5,900,23
1997,339,31.6,26.3,21.8,50.8,68.1,32.8,900,19.1
1998,339,36,32.8,27.4,59.9,73.6,43.4,,24.5
1999,339,34.1,40,26.8,62.6,83.3,40.3,910.1,23.8
2000,339,30,36.7,27.5,52.6,75.6,40,1113.5,18.7
2001,339,23.4,19.6,19.7,35.4,53.6,18.1,660,18.1
2002,339,19.3,19,18.7,30.5,43,13.7,200,14.8
2003,339,31,11,24.2,59.4,60.4,29.1,1020,13.1
2004,339,31.2,28.1,20.6,55.4,45.4,41,240,11.1
2005,339,38.1,32.5,33.4,59.7,63.8,36.4,1320,26.6
2006,339,31.1,42,25.8,49.5,73.1,29.5,400,28.8
2007,339,27.2,19.5,22.9,51,82.1,36.9,500,20.7
2008,339,35.1,33,31.4,62.5,66.5,38.3,900,23.3
2009,339,38.2,34,29,59.4,82.4,36,1020,19.5
2010,339,27.9,22,16.5,26.3,55.8,15.9,465,13.5
2011,339,43.2,,33.3,61.3,81.5,36.1,720,26.4
2012,339,42.5,19,24.3,41.8,66.6,30.6,870,21.5
2013,339,54.9,34.7,36.4,73.9,104.2,38.9,1440,30.9
2014,339,40.64,20.05,25.65,51.56,78.74,21.9,1260,19.9
2015,339,43.63,19.9,38.52,63.11,95.33,38.4,1200,29.06
2016,339,53.1,24.7,42.1,74.6,94.8,47.4,,25.4
2017,339,57.34,34,42.28,76.66,94.47,50.5,1020,28.54
2018,339,51.7,22,42.3,67,81.5,45.1,900,25.6
2019,339,52.4,35,36.3,74.3,90,47.7,900,36.9
2020,339,48.4,41.1,34.7,67.8,84.9,36.2,1020,23.4
2021,339,23.9,13.8,17.2,30.1,26.7,19.2,420,10.6
2022,339,54.3,58.2,49.2,80.1,99.6,50.6,2084.6,29.7
2023,339,54.9,35.2,50.4,72,93.8,44.9,2771.2,30.9
2024,339,55.9,44.4,34.2,76.3,96.6,45.4,1887,23.6
2025,339,63.8,57.9,44.3,90.3,109.8,54.2,1500,34.5
1990,340,29.1,28,12,40,58,,,17.4
1991,340,30.1,,18.6,25,41.6,,,15
1992,340,24,22.5,26.4,42.5,38.4,,,16
1993,340,28,25,27.6,47.7,54.7,21.8,,
1994,340,26.7,31,23.6,40.1,63.8,34.5,840,32
1995,340,27.8,20.7,21.2,48,63.2,24.7,1200,17.4
1996,340,29.5,21.5,25.8,47.5,60.3,26.2,,21.3
1997,340,28,,19.6,42.3,46.9,19.6,,17.3
1998,340,33.3,30,25.7,50.7,66.7,41.9,,22.6
1999,340,37.1,40,27.4,65.7,73,49.6,,23.2
2000,340,30.7,,25.6,51.3,53.5,40.2,,24.5
2001,340,21.8,24,19.5,32.3,40.3,16.3,,17.3
2002,340,20.1,30,25.9,39.3,52.9,15.5,,15
2003,340,32.5,38,20.8,50.5,54.5,25.8,,20.3
2004,340,27.4,30,21.9,53.1,59.4,38.4,,19.5
2005,340,37.8,33.5,32.1,52.6,69.8,44.5,,28.3
2006,340,29.9,35.3,27,43.4,64.1,27.4,,22.7
2007,340,29.1,30,27,49.7,72.2,40.5,,19.6
2008,340,36.6,,30.6,57.5,77.4,32.3,,22.6
2009,340,38.7,,30.7,60.6,75.1,41.8,,26
2010,340,24,20,18.6,24.5,55.5,16.9,807,10
2011,340,41.4,,30.9,64.4,99.9,38.5,,31
2012,340,36.7,,25.3,42.9,66.2,30.6,,25.7
2013,340,48,82.2,33.3,64.2,92.1,38.1,,32.1
2014,340,36.44,,24.44,39.43,74.33,26.5,436.51,23.1
2015,340,40.57,,37.56,60.24,84.48,26.5,1973.5,32.21
2016,340,42.1,59.5,37.7,58.5,94,42,875,23.3
2017,340,43.37,,32.53,66.82,88.42,43.1,1678.63,31.5
2018,340,43.4,75,36.8,61.3,75,44.5,,30.5
2019,340,51.7,,43.4,79.2,91.8,51.7,,34.6
2020,340,54.4,61.7,39,79.1,101.7,39.6,,31.6
2021,340,28.2,18.1,18.4,27.3,25.8,19.2,,9.8
2022,340,58.7,61.4,48.9,78.7,113.1,48.5,,30.6
2023,340,63.1,63.2,50.6,82.5,123.8,46.4,1979.8,
2024,340,59.7,61.3,37.1,82,119,39.9,1135,26.1
2025,340,63.8,72.3,44.8,83.7,140.1,54,2118,35.5
1990,341,30.1,31,15,41.1,58.3,,,15
1991,341,28.7,44.9,20,39.2,38.9,,,13.8
1992,341,32.2,25,21,69,70.2,20,1500,15
1993,341,26,35,23.2,49.5,35.9,55,1500,23.7
1994,341,23.6,25,23.6,65,65,25.4,1200,15
1995,341,27.1,24.9,21.8,46.9,29.9,21.5,,20
1996,341,26,31.3,25.2,44.7,51.4,31.4,,22.7
1997,341,26.9,,16.1,38.3,29.6,26.2,,13.9
1998,341,32,38.4,24,55.7,63.7,34.5,1152,20.6
1999,341,37,37,28.1,56.5,82.3,40.1,600,20.5
2000,341,29.1,37.5,21,54.7,70.1,37.9,1088.5,20.6
2001,341,21,25.5,14.6,29.3,36.4,11.3,294,14.3
2002,341,12.6,11.2,17.9,21.7,36.7,8.7,330,
2003,341,24,49.9,19.3,39,45.3,29.1,1140,13.9
2004,341,25.1,22.8,17.7,53.9,47.5,28.9,1200,8.4
2005,341,35.4,,31.8,58.5,72.4,38.1,,25.9
2006,341,33.4,,27.9,49,67.6,34.7,,23.3
2007,341,29,,26,58.5,79.5,44.1,,25.3
2008,341,39.7,30,32.7,55.3,90.4,37.4,,23.4
2009,341,39.1,,34.6,56.2,64.2,38.5,,21.7
2010,341,30.4,28.8,24.8,31.2,60.7,25.7,1108,14.1
2011,341,45.6,49.2,32.5,57.6,81,34.2,,22.4
2012,341,36.2,39,26.1,40.7,68.4,24.8,,17.9
2013,341,53.6,47.2,32.9,60.1,91.9,40.3,,34.8
2014,341,34.92,,28.4,40.5,76.8,23.7,,18.23
2015,341,39.71,39.14,34,52.83,78.67,34.3,,25.55
2016,341,42.6,39,36.7,62.6,78.4,35.9,1291,25.9
2017,341,45.49,34.98,42.64,65.31,93.41,43.1,,29.67
2018,341,45.5,,42.6,59.7,54,32,,22
2019,341,47.1,,42.8,62.3,66.1,36.7,,24.3
2020,341,50.6,,35.4,66.9,94,36.6,,22.2
2021,341,24.5,9.3,15.8,13.2,8.3,17.8,,8.4
2022,341,58.9,,44.5,82.4,98.4,46.4,,30.5
2023,341,50.6,,40.5,59.3,59.8,41.9,,25.3
2024,341,53.7,,34.8,74.4,78.4,45.4,1987,
2025,341,54.7,,41.8,76.5,82.3,46.7,1986,39.2
1990,342,31.9,37.5,13,48,51.2,,,17.4
1991,342,32.5,41,17.5,56.7,42.3,,,21.5
1992,342,28,20,29.5,49.7,25,25.5,1500,15
1993,342,27.8,32.4,29.3,62.4,89.5,,,27.4
1994,342,23.7,25,28.2,53.5,67.2,32.8,,26.4
1995,342,28.2,30.5,23,48.7,43.4,24.8,1080,21.9
1996,342,29.8,32,26.8,54.2,49.9,25.3,960,24.9
1997,342,29,27.7,18,44.8,58.1,30.4,,18.3
1998,342,32.4,31.8,23.1,52.5,67.6,31.6,1800,21
1999,342,38.2,31.2,27.6,58.3,68.5,47.8,860.2,25.9
2000,342,34.1,41.7,27.8,51.7,73.9,44.4,,25.5
2001,342,14.7,18.5,11.8,29.8,40,10.3,480,11
2002,342,12,7,14.6,18.4,41.6,5.4,,7
2003,342,30.5,27.5,21.7,52.6,62.1,32,1150,21.1
2004,342,25.5,27.2,22.3,56.7,80.9,35.8,1320,10
2005,342,35,,27.7,57.8,97.4,,,20.4
2006,342,30.2,,25.9,50.1,62,26.2,,21.5
2007,342,26.6,,18.3,36.4,,33.4,,17.7
2008,342,38,,31.8,62.6,74.4,39.5,1675,23.9
2009,342,41.3,,31,60.9,90,40,1238,22.5
2010,342,28.4,,24.1,38.8,77.4,22.7,493,21.7
2011,342,40.1,69.5,33.1,58.2,90.1,37.8,1662,24.6
2012,342,36.9,47.5,28.2,47.6,93.4,26.8,1311,19.5
2013,342,51.1,43.6,35.9,61.2,82.1,38.7,2079,33.1
2014,342,42.46,37.15,32.76,51.33,92.08,27.5,853.93,24.78
2015,342,40.12,41.02,40.42,58.95,78.76,33.2,664.04,27.41
2016,342,44.6,41.2,41.5,63.3,97.1,38.2,858,29.3
2017,342,50.36,,40.73,65.17,73.3,46.3,1838.34,27.87
2018,342,47,36,37.4,56.1,,29,1704,20
2019,342,47,,45.2,61,84.4,36.3,2066,23.7
2020,342,49.7,,33.7,63.8,94.7,38.8,1854,23.9
2021,342,24,19,15.8,16.8,15.4,16.5,871,6.3
2022,342,57.6,59.5,42,81.9,109.3,49.2,1679.9,28.6
2023,342,44.9,40.5,33.2,57,,33.7,1706.4,19
2024,342,52.5,46.9,32.6,72.4,,38.9,1815,20.8
2025,342,54,51.7,43.2,81.4,,44.9,2309,29.4
1990,343,27,25,13.5,40.6,48,,,20
1991,343,33.1,30,18.9,36.6,48.6,,,20
1992,343,26.7,25,23,55.5,40,,,15
1993,343,32,35,26.8,54.5,75,30.4,1023,20
1994,343,28.5,30,23,45.8,63.5,24.1,1068,20
1995,343,26.1,28,20.7,43.5,63.7,27.5,1037,20
1996,343,31.4,34.5,20.9,54.5,67.4,27.2,1158,20
1997,343,27.4,23.4,20.1,42.6,47.1,27,922.5,15
1998,343,29.2,29.2,23,45.3,67.4,27.4,1181.6,20.2
1999,343,38.8,38.8,29.4,59.5,81.7,41.2,821.6,19.5
2000,343,33,38.4,26.7,47.9,47.7,38.6,1013.2,21
2001,343,11.3,18.1,8.1,27.4,40,8,341,9.5
2002,343,12.1,5.5,11.3,21.1,15.9,5.5,,19
2003,343,31.5,32.7,23,52.7,55.5,25.9,1130,17.5
2004,343,30.4,26.9,26.5,46.8,84.4,36,1290,10
2005,343,35.2,35,31.4,61.2,97.4,37.1,1150,24.3
2006,343,30.6,30,25.3,55.2,75.2,29.8,955,23.2
2007,343,29,25,26.2,52.8,79.7,40.3,1253,21.9
2008,343,36.5,36,32,62.3,82.7,35.1,1558,27.3
2009,343,37.5,41.3,33.7,60.4,75.5,41.8,1536,24.5
2010,343,37,30,31.2,52.3,71.5,32.8,919,23
2011,343,43,48.1,37.3,64,88.6,41.3,1941,31.4
2012,343,36.3,47.1,27.3,54.5,70.7,32.8,1220,24.3
2013,343,56.3,45.6,44.4,77.7,95.5,40.9,2205,34.2
2014,343,45.29,34.6,33.33,64.41,97.56,29.1,1538.19,29.47
2015,343,43.51,37.92,38.84,58.73,97.71,37.5,2003.17,26.89
2016,343,43.6,40.2,39.6,68,71.2,42,1033,24.6
2017,343,52.35,,45.42,74.72,115.69,47.7,1888.06,24.09
2018,343,48.8,,45.4,62.2,69,36.9,1885,27.8
2019,343,48.1,,41.6,57.7,60.6,34.5,1243,26.8
2020,343,48.9,,33.9,61.9,77.7,37.4,1709,19.5
2021,343,22,7.4,12.9,20.6,15.8,13.1,827,9.7
2022,343,49.6,55.1,33.4,58.7,74.2,39.6,1642.4,34.4
2023,343,34.6,27.9,28.5,43.3,44.3,23.9,1053.8,
2024,343,48,,32.6,55.3,80.5,33.8,1389,4.7
2025,343,58.4,38.7,46.3,79.7,102.6,49.2,2061,22.4
1990,344,29,29,18.3,38.5,48.3,,,14
1991,344,34.9,30,20.3,45.9,40.2,,,20
1992,344,32.4,25,18.9,44.1,48.8,11.7,800,15
1993,344,33.5,35,28.4,60.5,76.3,27.1,737,20
1994,344,28.9,26.5,23.4,49.2,63.9,30.2,722,20
1995,344,27.8,14.9,25.2,53.6,80.5,20.2,873,19.4
1996,344,32.8,27.4,24.7,52.7,68.8,36.3,912,23.8
1997,344,25.4,21.9,19.7,41.2,38.6,24.9,611.6,15.5
1998,344,26,26.1,19.6,38.4,43.5,29,878.3,12.2
1999,344,35.3,33.9,29.4,63.2,74.5,46.6,1083.3,26.2
2000,344,30.2,30.5,24.9,50.1,59.9,36,1209,16.7
2001,344,18.3,15,16,25.9,30,15.3,547,11.8
2002,344,11.7,8.1,9.5,18.2,28.3,8.9,400,11
2003,344,16.2,15.4,16.7,23.9,28.9,17.1,600,14
2004,344,34.8,27.8,25.4,53.2,61.6,41.1,900,17.1
2005,344,39.2,35,33.8,54.1,72.4,45.5,1400,22.6
2006,344,33.7,30,28.1,33.3,48.7,36.3,900,21.5
2007,344,28,26.5,23.6,41.8,60.5,30.4,917,16.2
2008,344,32.9,32.5,32.9,53.7,72.7,43.7,1078,21.1
2009,344,39.5,37.5,34.5,50,68,35.1,1376,26.1
2010,344,30.5,33.3,26.8,40.5,63.2,28.5,856,17.8
2011,344,40.9,41.5,33.3,47.5,79.4,31.5,890,21.1
2012,344,30.3,26.1,20.3,42,66.3,18.6,588,19.2
2013,344,41.7,37.5,36.8,59.6,79.5,41.3,1197,26.4
2014,344,38.72,40.41,33.15,56.14,83.9,33.4,1242.55,20.67
2015,344,30.99,26.55,32.63,48.61,68.97,30.4,1111.97,25.01
2016,344,42.8,43.4,38.5,72.2,92.4,49,1275,25.9
2017,344,44.19,40.93,41.63,57.74,81.52,44.2,1445.03,27.01
2018,344,37.4,30,37.9,50.6,74.1,37.7,1496,23.9
2019,344,41.5,36.8,38,61.5,81.4,40.4,1187,29
2020,344,41.4,46.4,33.2,65.1,92.4,46.2,1544,21.6
2021,344,11.3,8.5,10.7,10.4,13.4,4.9,629,9.5
2022,344,28.5,26.2,20.4,43.2,56.7,20.7,949.1,16.9
2023,344,31.4,20.8,28.4,40.9,46,27.1,1235.7,20
2024,344,57.2,,41.7,79.1,98.1,43.7,1799,
2025,344,55.2,66,46.2,78.7,99.7,52.8,2473,37.7
1990,345,27.9,25,23,40.4,47.5,,,15
1991,345,34.3,35,26.3,35,40,,,22
1992,345,20,27,20,30,30,,900,20
1993,345,35.6,,33.4,51,50,35.4,601,
1994,345,28.3,57.6,29.8,42.5,75,23.5,1042,28.3
1995,345,30.2,46.5,30.4,49.8,50,23.1,1544,20.4
1996,345,36.4,40,25.7,53.9,68.9,32.8,1178,
1997,345,29,25.3,24,41.8,44.9,29.2,1095.9,15
1998,345,22.7,25.1,15.5,29.4,45.8,32.8,1072.3,32.5
1999,345,40.9,46.9,34,54.6,64.4,58.3,814.4,32.2
2000,345,35.1,41.9,29.1,47.9,50.7,40.8,1119.8,30
2001,345,18.2,15.3,20.5,26.2,,12.2,596,13
2002,345,12.1,14.9,18.4,19.1,,7.4,357,10.4
2003,345,21.1,26.2,20.4,34.1,44.8,25.4,1019,13.6
2004,345,34.3,30,25,54.2,61.4,36,1226,15.8
2005,345,39.2,46.8,37.3,68.5,71.3,42.9,1211,22.5
2006,345,37.3,42.1,32.4,52.5,72,40.6,1583,25
2007,345,27.1,30,23,40.1,70,36.9,758,
2008,345,39.3,42.5,32.5,57.1,67.3,37.2,1652,22.1
2009,345,41.2,,35.9,55.7,66.8,33.8,1631,
2010,345,34.6,,32.2,54.8,66.8,28.6,1023,22
2011,345,39.2,,34.4,41.5,74.2,26,1642,36.3
2012,345,41.6,,28.3,43.1,60.8,23.5,1241,
2013,345,52.3,,43,71.2,96.6,53.4,2185,28.8
2014,345,46.04,,39.75,66.8,87.76,39.6,1703.65,20.31
2015,345,40.54,,40.76,54.77,74.21,37.4,1732.53,18.22
2016,345,52.5,76.8,41.2,75.5,115.2,46,1681,28.5
2017,345,51.76,,42.25,65.21,90.2,44.6,1902.09,29.95
2018,345,47.9,,42.2,59.8,68,40.3,1424,
2019,345,52.6,,42.1,75.9,82.8,47.7,1883,22.2
2020,345,53.9,50,43.9,78,77.4,44.8,1769,
2021,345,18.4,,13.7,12.2,10.8,11.8,791,5.5
2022,345,33,,21.5,43.6,49.7,20.4,1080.3,
2023,345,33,,29.2,39.6,36.1,32.4,1466.1,
2024,345,55.9,,36.6,72,84.3,44,1824,
2025,345,65,88.9,54.9,91.9,128.7,59,2816,
1990,346,30.6,29.5,33.2,40.4,37,,,16
1991,346,30.2,32,25.1,41.9,45.7,,,22.5
1992,346,28.3,29,24.3,44.7,58.6,20,867,25
1993,346,29,33.9,31.1,48.8,65,35.4,601,30
1994,346,29.8,29.8,26.8,46.1,72.4,35.8,1250,22.5
1995,346,23.4,24.7,32.6,36.8,50,19.3,820,20
1996,346,33.4,40.2,25,68.6,65.2,36.7,1257,23.5
1997,346,26.1,23.8,23.5,42.8,36.9,22.6,789.1,20
1998,346,19.2,23.1,19.5,33.5,33.8,22.6,968.7,13
1999,346,40.7,40.1,34.1,55.8,70.1,45.9,1039.3,20
2000,346,36,34.7,36.8,51.3,64.7,40.7,1401.3,20
2001,346,23.1,24.6,24.1,31.8,54.1,21,579,
2002,346,12.9,9.7,11.2,23.5,36.6,9.3,536,
2003,346,20,25.3,17.6,41.6,40.5,21.7,1046,15.1
2004,346,29.3,29,28.7,49.5,73.2,31.4,1847,
2005,346,39.6,41,34.5,71.6,73.6,42.3,1645,24
2006,346,34.1,30,31.8,55.7,64,35,1364,24
2007,346,32.2,31.6,20.4,53.4,69,43.4,919,19.1
2008,346,35.1,34.8,29.3,52.9,51.5,33.5,1122,20
2009,346,37.7,32.6,36.5,64.2,55.9,42.3,1110,21.8
2010,346,31.8,33.4,33.3,53.5,68.3,30.7,996,18.6
2011,346,39.9,28.9,33.6,58.6,93.8,39.1,1214,23.9
2012,346,33.4,37,23.1,44.6,70,28.4,1185,20
2013,346,50,47.5,40,67.6,82.2,51.7,1736,30
2014,346,48.86,40.59,38.48,75.98,74.57,37.3,1257.28,24.92
2015,346,40.94,49.5,37.92,58.17,66.56,33.8,1646.76,21.63
2016,346,51.8,54.6,44.2,60,73.2,41.4,984,20
2017,346,48.04,50,43.86,78.77,70,46.2,2028.84,
2018,346,53.3,51,48,78.8,79,50.2,1957,27
2019,346,53.1,45,44.7,83.9,85,46,1598,25
2020,346,57.4,58.5,40.9,71.1,,42.3,2050,
2021,346,19.5,11.4,11.5,11.1,,12.1,767,
2022,346,25.6,23,15.3,28.9,29.4,17.3,756,
2023,346,29.4,24.3,25,34.8,39.4,22.5,1221.8,15
2024,346,52.8,52.4,32.1,69.1,52.8,38.1,1349,
2025,346,70.6,63.6,53.4,88.1,87.4,59.2,2385,
1990,347,32.3,27,21.3,42.3,53.1,,,19
1991,347,31.6,28.8,19.8,36.6,40.7,,,21
1992,347,25.5,15,23.5,41.5,53.8,40,,15
1993,347,29,45,24.1,44,63.1,31.2,600,30
1994,347,33.7,35.6,27.6,48.7,51.7,28.9,1581,25
1995,347,27.1,31.3,17.9,36.1,40.4,13.4,822,20
1996,347,35.8,40.4,25.7,54.1,57.4,36.3,1400,25
1997,347,26.4,28.5,16.8,36.8,35.8,19.7,709.6,14
1998,347,20.5,20.3,11.7,29.6,26.2,18.4,1065,13.8
1999,347,36,38,30.1,56.4,70.5,41,1267.5,24.5
2000,347,30.3,28.7,24.8,40.4,47.8,28.4,1208.6,19.1
2001,347,23.9,28.2,22.9,37.6,39.1,19,933,18.3
2002,347,17.1,12,16.2,18.6,22.4,6.8,317,8
2003,347,23.9,22.8,16.8,34.4,29.6,18.3,1099,5
2004,347,29.3,25.5,19.1,40.3,38.9,32.5,1102,10.9
2005,347,40,42.6,35.4,55.5,59.7,40.9,1518,22.9
2006,347,31.7,34.6,31.1,48.2,48.4,30.2,1200,26.6
2007,347,30.8,32.5,28.9,46.2,50.4,33,1249,20.2
2008,347,39.1,40.5,31,55.9,54.1,36.8,1041,25.9
2009,347,42.4,36.4,40.3,59.2,61.7,38.6,2137,28
2010,347,32,31.3,29.8,51.5,58.5,40.4,1001,21
2011,347,36.3,37,32.4,51.8,54,34.5,1528,27.5
2012,347,36,32.9,25.8,40.5,48.1,25.9,1474,19.2
2013,347,52.1,44.1,40,59.3,50.6,47.3,2369,31.7
2014,347,44.29,38.89,37.46,48.59,43.99,35.3,1341.33,29.3
2015,347,41.23,36.53,37.44,52.74,63.3,34.6,1421.09,27.99
2016,347,48.8,39.6,40.7,69,88.9,50.5,1496,26.8
2017,347,46.85,29.73,35.17,73.54,55,37.7,1854.24,32.09
2018,347,51.6,47,39.4,67.5,60,43.2,1887,25
2019,347,52.2,32.2,41.1,67.8,80,48.1,1935,31.8
2020,347,54.2,46.8,38.9,66,,51.8,2289,30
2021,347,21.4,2.6,13.9,21.1,15.4,15.8,784,10.2
2022,347,36.1,23,26.5,41.5,52.8,26.4,1788.6,18.8
2023,347,36,21,28.1,48.9,73.7,30.8,1669.4,22
2024,347,53.3,37.4,37.1,52,105.8,43.3,1812,28
2025,347,62.4,54.6,47.8,80.4,124.4,49.6,2332,34.4
1990,349,34.2,30.8,23.3,39.8,50,,,16.3
1991,349,34.2,28.2,24.6,54.4,50,,,22
1992,349,25,30,23.8,46.3,50,25,1800,20
1993,349,32,36.2,26.1,47.9,63.3,42.5,391,
1994,349,27.9,28.2,21.5,48.5,55,24.1,1058,22.5
1995,349,23.3,22,17.8,25.9,35,17.1,793,19
1996,349,36.2,39.2,23.8,54.7,47.1,25.1,1348,23.5
1997,349,25.7,30.8,19.3,38.4,45.8,20.6,1046.8,17.7
1998,349,23.9,25.5,17.1,37.7,33.6,21.1,996.6,12.1
1999,349,35,35.5,31.1,49.6,63.5,41.9,1500.6,31.3
2000,349,28.4,31.4,22.2,42.1,41.4,21.3,975.9,20
2001,349,22.7,23.5,17.2,36.6,50,15.3,871,14.2
2002,349,9.2,7.1,10.1,11.1,15,5.3,238,
2003,349,20.4,18.9,10.8,27.3,17.6,13.8,630,
2004,349,32.1,29.6,22.2,39.5,50.7,27.5,1001,
2005,349,34.5,38.5,32.1,53.8,66.1,35.7,1465,
2006,349,31.1,32.4,26.6,44,47.6,33.9,1195,
2007,349,29.8,,22.5,40.2,44,36,1222,
2008,349,36.9,50.2,31.8,49.4,68.5,37.7,1506,
2009,349,33,34.3,26.9,43.2,,31.1,1816,
2010,349,43.6,34.1,36.9,30.5,82.5,33,1177,
2011,349,46.8,41.1,38.5,45,,41.8,1676,19.3
2012,349,34,30.3,22.4,37.4,,20.4,834,
2013,349,49.2,49.8,39.2,47.3,,47,2125,25.2
2014,349,42.69,,39.04,47.57,76.41,27.4,864.28,25.83
2015,349,33.23,22.12,30.45,40.37,88.3,26.8,1130.23,29.34
2016,349,50.6,39.1,44.3,74.3,78,47.8,1352,25
2017,349,45.62,61.39,36.21,61.55,,37.3,1682.31,34.28
2018,349,49.3,51,36.2,70,,39,1700,32
2019,349,49.1,52.5,39.5,73.7,119.8,40.1,1625,27.5
2020,349,59.2,63.6,43.8,84.7,,45.7,2022,32.8
2021,349,22.6,24.4,14.9,22.9,4,18.2,853,10.6
2022,349,36.6,36.8,28.1,62.5,,26.4,1228,22.3
2023,349,38.5,30.8,32.6,35.5,,27,1536.6,28.4
2024,349,50.6,42.6,33.2,54.3,,33.5,1544,22.4
2025,349,61.9,52,50.1,96.1,121.6,47.6,2280,34.4
1990,350,26.3,30,15,33.2,42,,,18
1991,350,31.6,33.3,25,36.8,50,,,20
1992,350,32,28,30,41.2,35,,,22.5
1993,350,36.9,35,25.7,52,80,38.8,805,25
1994,350,34.4,35,27.3,49.7,50,29.5,998,27
1995,350,21.6,20.4,13.9,36.6,35,9.7,506,17
1996,350,40.3,36.3,26.5,58.8,64.8,39.8,1307,22
1997,350,25.1,25.1,18.1,39.8,48.1,21.2,751.3,
1998,350,25,29.7,17.6,34.5,49.2,26.4,788.5,16
1999,350,37.8,41,30,56.8,75.6,41.1,1071.7,31.1
2000,350,25,21.8,19.1,37,51.4,15.8,1160,
2001,350,20.7,20.2,9.9,30.8,32.6,14.9,1065,
2002,350,5.9,6.3,3.6,5,5,3.9,,
2003,350,19.7,21,9.3,30.8,32,21.1,691,
2004,350,34.8,30.7,28.9,44.4,40.4,31.5,1088,15.1
2005,350,37.7,44.3,32.6,53.5,,37.8,999,
2006,350,32.1,25.2,25,44.7,,32.1,900,
2007,350,28.4,24.3,20,37.2,60.7,36.8,,
2008,350,34.3,,29.6,46.9,98.7,43.2,,
2009,350,31.6,,30.7,43.4,,27,,
2010,350,35.7,32.6,36.5,47.8,58.7,27.6,721,20
2011,350,41.6,34,37.2,55.7,62.2,41,1251,26.7
2012,350,36.4,19.5,24.7,37.6,,22,812,14
2013,350,51.6,36.8,44.2,53,74.2,44.5,1505,23.9
2014,350,43.6,34.35,36.24,52.35,,32.8,822.45,18.37
2015,350,36.97,28.39,34.21,51.35,70,31.6,1119.08,21.29
2016,350,48.3,49.1,37.9,66.7,56.2,37.2,1091,35.4
2017,350,48.76,46.84,37.33,65.86,,37.7,1923.31,32.64
2018,350,52,45,32.9,67,96,35.8,1872,25
2019,350,52.2,67.4,41.4,66.8,,40.4,1680,46.1
2020,350,68.7,59.3,45.1,81.1,,34.1,1618,43.8
2021,350,21.5,8.9,15.5,20.4,,14.1,809,11.5
2022,350,44,40.4,33,63.8,63.8,33.4,1449.2,23.4
2023,350,35.3,22.7,25.2,44.4,,31,1409.7,20.5
2024,350,47.6,46,31.5,77.5,,32.4,1290,21.4
2025,350,65.9,54.4,45.8,90,,46.8,2259,44.4
1990,351,30,28,20,33.6,50,,,17.5
1991,351,32.7,33,23,49.5,57.5,,,17.6
1992,351,26.2,26,29,45.8,63.4,,,25
1993,351,41.4,,29.8,60.7,65,50,912,25
1994,351,34.6,39.1,24.9,57,70,40,1200,20
1995,351,27.7,27.7,21.7,41.8,40,17.7,1500,24
1996,351,38.6,33.9,24.5,56.7,58.7,34.7,1662,
1997,351,31.2,33.4,22.6,42.2,55.1,24.6,1190,19.9
1998,351,29.9,29,22,45.2,58.5,25.1,760,16.5
1999,351,39.8,43.7,31.6,59.3,76,42.2,520,24.8
2000,351,31.1,32.7,23.5,46.2,65.6,21.5,566.7,19.8
2001,351,25.5,25,16.1,42.2,45,20.9,328,21.1
2002,351,14.5,11.5,17,23.1,33.6,8.2,,6.8
2003,351,22.6,26.9,13.2,36.7,22.5,20.5,864,8.5
2004,351,41,40.2,32.3,56.6,71.1,40,,21.1
2005,351,36.2,42.3,33.7,60.3,84.7,45.9,,26.6
2006,351,29.4,30.6,25.7,49.8,51.4,21,,13.1
2007,351,28.7,32.1,26.3,48.8,52.7,36.4,,18
2008,351,36.5,43.6,34.7,56.5,70,43.6,,30.7
2009,351,32.9,33.9,35.6,50.6,70,35.8,,23.3
2010,351,34,35.1,35.3,49.6,71.2,30.4,867,24.6
2011,351,42,40.7,37,56.2,88.3,44.2,1042,26.7
2012,351,33.9,24,22.1,35.9,50,25.3,962,19
2013,351,48.6,50.3,36.8,63.7,84.8,46.6,1873,35.6
2014,351,36.7,39.46,34.17,50.42,,33.8,,29.77
2015,351,30.03,24.47,29.52,50.64,94.32,27.5,1219.85,23.17
2016,351,46,47.1,37.8,64.5,99.9,41.9,1216,24.6
2017,351,46.99,42.05,30.05,55.92,,32.4,1260.49,28.51
2018,351,51.5,54,36.5,72,,39.7,2213,
2019,351,42.3,,34.2,62.6,86.6,37.8,1592,24.8
2020,351,52.5,55.2,38.4,79.5,100,31.7,1580,33.7
2021,351,25.8,19,18.9,33.2,60.5,22.1,884,11
2022,351,46.7,40.6,32.1,68.2,141,34.6,1737.2,36.1
2023,351,41.7,31.7,30.3,51.2,,32.4,1666.7,37.7
2024,351,56.3,51.4,38.5,77.5,81.7,38.8,1355,25
2025,351,62.2,55.1,48.5,91.8,100,52.7,2217,35
1990,352,25.5,25,8.5,42.3,50,,,15
1991,352,32.5,32,25,56.1,44.6,,,
1992,352,26.5,25,25.1,39.9,46.3,,,25
1993,352,41.5,,29.1,59.1,64.4,,,25
1994,352,33.6,32,31.4,51.9,61.9,,1200,15
1995,352,31.5,25,25.3,49.7,45,12.1,,15
1996,352,34.2,35,28.3,51.5,40,,,20
1997,352,30.2,26.7,21.6,45.8,41,,,15
1998,352,26.1,23.8,19.6,39.6,42.6,15,,15
1999,352,35.8,42.8,29.4,56.4,61.2,,,15
2000,352,19.7,23,21.6,30.5,29,20.8,,12
2001,352,19.1,17.9,14.4,34.6,30.8,13.2,405,12
2002,352,16.1,12.7,11.1,21.6,11.7,14.2,,
2003,352,16.3,16.4,12.7,28.3,31.5,,,
2004,352,30.8,32.9,21.2,45.1,51.2,43.8,939,
2005,352,37.1,39.5,35.1,55,70.3,39.9,,
2006,352,25.5,28.9,22.6,43.7,37.9,29.4,,
2007,352,28.5,28.4,26.6,56.7,52.9,25.8,,13.9
2008,352,34.9,39.1,34.9,56,60,44.6,,15
2009,352,23.1,26.3,25.2,44.8,56.8,17,,
2010,352,38.3,39.2,34.7,55.3,63.3,31.8,1708,14.5
2011,352,38.8,40.4,34.6,54.3,62.2,36.8,1916,25.1
2012,352,34.4,32.7,25.5,43.4,59.7,21.6,,
2013,352,49.8,46.6,36,58.9,63.4,49,1830,15
2014,352,36.52,30.31,33.62,52.19,62.49,36.2,2072.47,26.81
2015,352,32.19,28.1,31.37,50.75,38.41,23.9,1056.52,24.91
2016,352,51.1,62.6,41.7,68.1,67.6,42.5,1236,40.1
2017,352,38.04,34.01,29.86,46.88,39.85,26.1,1132.76,15
2018,352,45.7,42.5,38.3,62.3,60.5,38.5,1842,30
2019,352,38.8,41.8,33.1,67.3,53.9,37.3,1488,26.5
2020,352,55.3,63.4,44,64.2,97.7,47.3,1836,27.3
2021,352,18.5,12.8,9.5,18.2,,16.1,858,9.3
2022,352,42.3,40.8,27.1,54.3,64.3,35.4,1519,20.2
2023,352,46.7,34.4,35,52.3,47.3,40.2,1552.1,
2024,352,49.4,43.9,35.4,64.3,,41.8,1376,
2025,352,63.3,58.7,46.1,92.6,,52.5,2317,36.7
1990,366,31.5,32,20.7,51.1,60,,,17.8
1991,366,34.8,,22.9,51.3,44,,,19.6
1992,366,28.4,20,15,40,30,13.3,,5
1993,366,23.6,,15.4,34,50,18.7,600,20
1994,366,31.5,,17.1,52.7,70,29.2,,20
1995,366,32.6,,18.5,53.9,82.7,32.2,,24.2
1996,366,32.5,,18.9,50.7,61.4,28,,21.9
1997,366,34.1,,23.7,56.1,80.3,25.8,,20.8
1998,366,36.2,,25.9,52.8,70.8,34.3,,21
1999,366,47.5,,28.1,61.8,91.3,41.1,,21.9
2000,366,44.7,,27,58.6,88.3,38.9,,17.6
2001,366,32.1,,22.6,50.8,65.7,24.3,,17.3
2002,366,23.1,,19.9,34.9,42.9,11.7,,12
2003,366,37.2,,25.3,55.2,75.7,24.2,,20
2004,366,26.8,,8.7,44.3,68.5,19.4,,6
2005,366,37.7,,30.3,60.8,88.7,18.3,,18.3
2006,366,41.9,,26.7,57.8,86.3,34.9,,18
2007,366,29.9,,23.1,44.5,85.5,32.2,,15
2008,366,47,,32.8,66.1,97,40.4,,20
2009,366,42.1,,32.8,62.8,93.1,30.1,,20.8
2010,366,28.1,,22.5,31.5,53.3,13.8,,11.6
2011,366,41.9,,30.8,53.4,88.3,25.3,,19
2012,366,36.7,,16.2,33.1,80.2,19.1,600,10.3
2013,366,47.3,,35.9,75.2,110.3,38.9,,23.9
2014,366,40.01,,31.76,55.37,98.07,28.6,,21.69
2015,366,47.68,59.87,38.94,73.43,104.15,40,,26.46
2016,366,46,31.5,29.9,69.7,118.8,27.7,,30
2017,366,47.11,,33.66,68,98.43,45.4,,
2018,366,49.6,,38.2,70.6,104.1,43,,
2019,366,56.6,,43.4,84,125.8,45.1,,42.6
2020,366,67.2,,45.3,81.5,125.9,38.1,,40.7
2021,366,52.1,,35.2,70.5,80.8,37.1,,20
2022,366,59.7,,44.9,83.6,115.4,52.1,,22
2023,366,54.9,,48.6,84.6,103.4,50.7,,
2024,366,60.7,,38.1,79.1,114.2,38.8,,
2025,366,64.5,,42.3,88.6,117.5,43,,32.7
1990,367,31.2,31,19.6,48.3,60,,,18.6
1991,367,41.7,,21.1,50.9,60,,,21.2
1992,367,32.5,20,18.8,49.2,45,12,,19
1993,367,21.8,,16.6,44.9,57.5,30.1,,15
1994,367,26,,16.6,46.4,69.9,32.5,,22.5
1995,367,33.8,,16.5,47.2,50,40.6,,22.9
1996,367,38,,23.8,61.6,90.2,30.4,,20
1997,367,30.9,,25.2,54.9,87.1,33.5,,18.2
1998,367,36.6,,26.3,64.6,76.3,34,,24
1999,367,40.7,,28.1,67.9,87.6,36,,21.3
2000,367,35.9,,24.5,64.5,81.3,32.8,,19
2001,367,27,,21.5,52.9,63,21.9,,22
2002,367,16.9,,17.7,25,52.2,9.6,,13
2003,367,33.4,,22.9,54.8,63.3,19,,16
2004,367,29.6,,17.7,56,68.9,30.4,,4
2005,367,39.6,,31.4,66.1,76.1,29,,20.7
2006,367,37.8,,31.3,58.7,75.9,27.5,,20
2007,367,32.3,,24.6,53.8,75.3,35,,15
2008,367,46.3,,35.1,68.2,94.1,37.1,,28.8
2009,367,47.5,,26.9,70.2,85.2,37.1,,
2010,367,28.7,,20.6,26.9,74.1,15.3,371,8.7
2011,367,42.2,,34.5,61.1,92,28.8,,14.5
2012,367,35.7,,20.8,34.6,80.2,,,
2013,367,53.4,,39.8,83.4,116,36.3,,
2014,367,44.9,,30.07,57.65,103.71,16.4,,15.59
2015,367,48.83,,43.38,78.49,113.8,45.1,,26.86
2016,367,47,28.8,41.5,74.4,134.4,40.9,,20
2017,367,56,,43.97,72.26,122.59,48.1,,
2018,367,55.8,,45.3,72.3,120.4,48.1,,
2019,367,61.8,,50.7,85,147.3,37,,
2020,367,65,,47.2,79.7,120.2,,,
2021,367,40.2,,30.2,51.6,70,21.6,,
2022,367,68.9,,52.7,79.9,100.1,,,
2023,367,67,,56.6,90.8,131.2,52.8,,
2024,367,69.6,,42.4,84.7,109.6,,,
2025,367,70.4,,51.4,94.8,128,53.8,,
1990,368,32.4,32,17.2,54.6,50,,,15.8
1991,368,43.7,,27.6,54.5,52,,,19.3
1992,368,24,20,21.7,48.7,61,39.3,360,15
1993,368,17.6,,16.6,39.2,57.2,19.9,500,15
1994,368,35.5,,20.5,52.5,60,42.8,,23
1995,368,38,,21.9,59.4,80,34.1,900,20
1996,368,35.4,,24.1,64.4,61.6,32.4,600,25
1997,368,37.8,,24.9,57,81.8,33.5,800,22.5
1998,368,43,65,27.9,60.2,76,35.8,,23.6
1999,368,43.2,,29,71.7,78.9,46.4,,23.1
2000,368,38.9,,27.9,53.6,61.5,39.4,,22.4
2001,368,34.9,,29.2,56.2,63,23,,21.3
2002,368,21.6,,22.3,32.5,39.8,11,360,16.3
2003,368,35.8,,25.1,57.1,67.4,27,,17.7
2004,368,32.1,,18.5,65.4,68.2,32.4,,13.6
2005,368,40.8,,29.5,54.2,76.1,36,,20.6
2006,368,34.6,,30.1,52.5,86.2,28.5,,
2007,368,34.4,,26.7,55.8,71.8,43,,
2008,368,46.4,,36.2,79.6,89.4,35,417,
2009,368,44.1,,35,73.6,94.2,36.6,,
2010,368,35.3,,21.7,34.6,79,14.6,,
2011,368,53,,38,70.1,100.6,34.9,,
2012,368,47.4,,28.1,57.2,95.8,29.6,,
2013,368,68,,41.9,94.3,139,54.3,,
2014,368,49.88,,31.58,58.4,111.88,17.7,,22.5
2015,368,59.93,,41.38,72.54,99.43,45.2,,28.53
2016,368,62.6,,44.5,75.1,116.6,45,,17.2
2017,368,69.99,,44.07,81.65,126.26,50.9,,
2018,368,70,,44.1,75.2,120.6,40,,
2019,368,68.2,,51.6,92.4,139.7,39.8,,
2020,368,66.5,,48.5,86.3,136.9,43.4,,
2021,368,32.6,,23.4,33.6,50.6,22.1,,
2022,368,75.9,,55.1,94.1,142.9,47.9,,42.6
2023,368,72.4,,58.3,96.9,132.8,,,
2024,368,75.2,,43.6,97.8,146.7,49.4,,
2025,368,77.1,,51.5,99.3,143.4,45.6,,38
1990,369,32.4,30,15.8,43.9,57,,,15
1991,369,40.6,33,25.8,52.9,60,,,26
1992,369,30.5,20,23.6,58.6,50,25,,16
1993,369,27.3,22,22,56.6,70,32.5,420,16.9
1994,369,31.6,,28.2,63.2,120,40.8,,30
1995,369,39.4,37.5,27.6,67.6,91.3,43.2,,28.3
1996,369,38.6,,29.8,67,80.7,35.2,800,24.6
1997,369,39.1,,27.3,61.3,84.5,35.6,,25.5
1998,369,40.8,,28.6,66.6,93.2,38.7,,24.3
1999,369,44.5,,30.3,78.5,101.8,46.4,,27.2
2000,369,41.4,,31.3,68.1,89.1,41.4,,24.9
2001,369,33.4,,29.7,59.3,70.1,32.5,900,19.7
2002,369,19.8,,18.2,40.5,47.3,13.9,,17.5
2003,369,40.2,,27.7,66.4,83.6,35.2,,22.9
2004,369,33.1,,21.4,73,77.6,39.4,750,13.3
2005,369,46.7,,38.5,71.9,92.6,35.4,,28.4
2006,369,33.2,,28,46,70.4,32.9,,19.5
2007,369,35.3,,28.4,58.7,88.6,37.8,,16.5
2008,369,48.3,,37.5,71.3,97,41.4,,26.3
2009,369,47,,35.2,74,96,42.9,,20
2010,369,29.5,,15.1,28.1,91.8,12,,
2011,369,52.1,55,41,77.6,118.8,43.3,,27.7
2012,369,49.4,,27.5,53.2,94.9,40.3,,
2013,369,61.6,,37.9,86.5,134.4,46.2,,30
2014,369,46.74,,33.35,65.21,107.93,26.9,,22.91
2015,369,54.48,,39.4,78.24,121.89,42.6,,27.15
2016,369,60.4,65.5,44.3,84,121,44,,27.9
2017,369,63.33,,49.57,86.27,124.95,56.9,,30
2018,369,58.1,,49.6,82.6,111.5,49.7,,
2019,369,72.1,,51.5,92.2,143.7,39.5,,40
2020,369,74.5,,50,91.2,135.5,48.8,,
2021,369,33.1,,24.5,44.1,60.5,28.8,,15
2022,369,76.2,,56.5,98.9,148.7,60.2,,40
2023,369,70.3,,55,86.5,129.6,52.3,,
2024,369,79.8,,45.3,103.4,149.4,48.8,,28
2025,369,88.6,105.6,54.5,119.2,165.1,49.4,,40
1990,370,30.1,29,18.1,48.3,50,,,18
1991,370,32.3,38.4,23.7,41.8,72.5,,,23.5
1992,370,25.6,25,26,71,40,37,900,12
1993,370,24.4,30.1,23.6,54.7,67.1,27.4,550,15
1994,370,27.4,27.5,21.8,55.3,77.4,41.9,1020,20
1995,370,30.7,30,23,60,84.8,45.4,600,25.8
1996,370,29.8,25.8,30.1,54.9,57,34.9,975,20
1997,370,33.8,25.3,24.8,51.3,80,31.3,,16
1998,370,33.8,33.2,25.2,58.7,70.3,39.2,,22.2
1999,370,40.3,31.5,26.8,65.2,83.2,39.7,,23.2
2000,370,34.2,39.3,26.4,58.3,69.8,43,,20.2
2001,370,25.9,29.3,18.8,40.9,55,19.8,,11.3
2002,370,15.6,13,15.5,31.3,37.9,12.3,463,10.5
2003,370,35,42.5,24,57.2,50.4,29.6,,20.8
2004,370,38.5,40,21.2,67.1,79.6,41.3,,9
2005,370,43.9,50,36.8,66.4,89.8,43.1,,22.6
2006,370,34.1,33.4,31.4,59.6,75.3,28.1,,21.8
2007,370,30.3,,29.1,56,79.6,33.3,,16
2008,370,42.5,48.8,36.7,70.9,87,41.1,1027,24.2
2009,370,44.6,52.7,36,72.2,91.1,41.5,,21.6
2010,370,31.3,40.1,17.7,27.5,58.8,14.6,284,14.4
2011,370,47.4,57.2,38.2,70.5,111,40.2,,25.5
2012,370,42.7,47.8,25.9,49.4,86,33.3,,24.6
2013,370,54.2,76,39.8,76.9,109.7,34.9,,29.4
2014,370,37.96,48.6,31.29,58.69,96.78,29,,28.62
2015,370,44.73,56.19,39.38,70.95,102.58,42.2,1122.96,31.56
2016,370,44.5,54.6,43.8,79,102.4,43,880,27.7
2017,370,54.06,65,46.3,82.98,101.5,51.4,2183.37,32.21
2018,370,45.9,50,38.9,75.2,88.5,41.8,1691,25
2019,370,62.4,75.3,48.9,81.3,117.4,46.9,,36.8
2020,370,59.7,64.8,44.3,80,115.8,45.3,2533,32.2
2021,370,34.6,23.9,21.2,30.1,45.9,23.8,,10.7
2022,370,63.1,88.1,55,99.7,140.5,51.6,,40.8
2023,370,63.1,71.9,50.6,87.5,113.2,59.7,3132.8,30
2024,370,59.8,68.7,38,88.4,137,54.2,,30
2025,370,66.1,70.2,48.2,94.6,134.2,57.5,2718,30
1990,371,35.7,29.7,27,45.5,60,,,18.5
1991,371,29.3,27.9,17.6,36,50,,,11.2
1992,371,28.7,25,26.4,51,60,,,12
1993,371,25.9,25,25.6,51.9,60,39.1,900,16.3
1994,371,24.8,34.5,25.7,49.7,112,29.4,800,20
1995,371,32.3,30,22.1,53.6,79,28.5,1100,22.4
1996,371,34.8,32.9,29,62.7,73.4,31.1,900,25.5
1997,371,30.3,35,21.6,48,60.8,28.4,,17.9
1998,371,30.9,38.1,22.7,55.4,76.4,31.5,,23.6
1999,371,41.1,43.8,27.1,65,73.8,41.3,,25.1
2000,371,37,38.1,25.9,60.8,76.2,37.9,,22.3
2001,371,21.6,21.8,17.7,40.6,37.2,16.4,800,17.8
2002,371,8.3,9,9.4,17.2,27.2,8.1,,8.5
2003,371,36.6,36.4,21.4,56,57.2,25.1,,18
2004,371,29.7,28.1,22.8,62.1,73.4,41,,18.8
2005,371,38.2,43.5,32,66.5,83.1,27.4,,25.2
2006,371,31.8,36.5,27.1,55.3,81.4,30.8,,21.6
2007,371,24,23.7,25.5,53.2,78.1,37.9,,17.4
2008,371,38.6,47.5,32,63.5,88.8,35.1,,21.1
2009,371,42.4,57.9,34.6,67.7,78,33.8,,23.2
2010,371,30,40.5,20.3,34.8,60.9,21.7,1804,20.6
2011,371,39.3,56.1,34.5,63.5,59.6,46.5,,23.8
2012,371,37.2,47,24.7,44.3,73.9,25.3,,21.3
2013,371,44.3,57.8,33.8,68.8,85.2,40.8,,25.5
2014,371,36.15,45.58,30.18,62.88,79.36,19.7,1139.65,19.71
2015,371,41.16,45.25,37.7,67.56,81.4,38.8,1414.21,26.27
2016,371,45.1,45.6,39.2,70.2,101.7,41.5,1773,27.9
2017,371,49.5,48.58,38.46,70.48,94.66,45.1,1705.45,26.26
2018,371,49.5,46.5,38.5,70.5,87.4,31.5,1638,28
2019,371,53.1,50,45,76,86.1,46.2,1387,31.7
2020,371,55.8,58.3,38,75.6,88,42.6,1716,23.4
2021,371,29.6,25,14.7,25.1,25.3,20.7,582,9.2
2022,371,60.2,56,44.9,81.8,95.8,50.8,1536.6,37
2023,371,54.2,55,45.1,73.3,80.1,44.9,,25.1
2024,371,59,61,36.7,82.4,95.8,46.4,1722,35
2025,371,53.1,60,45.6,85.9,86.4,55.4,2425,33.1
1990,372,31.4,30,20,34.4,50,,,14
1991,372,24,30,17.9,26,45,,,11
1992,372,24.7,22.5,29.8,36.3,32.5,22,1680,15
1993,372,31.3,40,31.2,58.4,50.9,36.3,843,30
1994,372,26.2,38,22.8,63.1,74.2,26.8,931,22.6
1995,372,26.7,30,21.1,42.4,61.4,27.3,941,25
1996,372,31.7,,23.8,43.3,46.2,27.3,841,
1997,372,25.9,28.8,19.3,40.8,43.7,28.1,1097.6,14.8
1998,372,30.5,30,21.9,50.7,53.5,28.1,1158.2,20.5
1999,372,37.2,40,31.5,56.7,56.4,41.5,1246.4,22.3
2000,372,38.3,43.2,25.3,53.1,61,37.1,1288.2,20.8
2001,372,16.5,19.7,12.5,20.4,26.1,11.7,450,10.8
2002,372,8.7,7,7.9,7.3,17.5,5.9,240,
2003,372,27.7,35.5,17.3,40.2,46,25.9,1320,14
2004,372,29.5,30.5,23.3,49.4,65,36,1110,12
2005,372,37,38.1,30.4,57.4,76.2,37.6,1120,27.5
2006,372,32.1,30,25.8,50.2,52.5,28.3,1200,16
2007,372,25.7,30,22.5,43.4,44.4,29.7,1140,23.5
2008,372,31.6,35,28.8,50.4,53.6,32.3,,19.7
2009,372,33.7,37.8,27.7,54.7,67.8,37.5,1253,21.4
2010,372,31.3,28,23.8,46.4,62.2,27.1,933,14.9
2011,372,41.9,45.7,30.3,54.9,83.6,37.9,1565,24.7
2012,372,35,35,26.1,44.4,78,24.6,1003,20.5
2013,372,35.9,36,31.1,56.8,69.4,50.1,1357,23.1
2014,372,33.1,41.49,29.28,50.02,86.12,29.8,912.31,25.21
2015,372,35.21,32.5,35.01,54.06,65.75,35,1438.62,21.58
2016,372,45.5,37.4,39.6,71,110.4,44,1695,24.1
2017,372,39.99,,36.99,59.42,73.75,40.9,1588.08,18.8
2018,372,45.8,,37,58.6,70.1,40.9,1730,18
2019,372,47.8,,40.7,65.3,82.9,43.1,1711,31.7
2020,372,48.3,,35.1,65,76.3,41,1362,22.2
2021,372,23.9,,15.2,20.2,34.5,16.3,624,7.6
2022,372,50.3,,35.3,64.2,72,44.9,1384.2,25.3
2023,372,43.8,,34.3,55,,37,1761.5,18.8
2024,372,52.9,,34.1,77,100.2,46.6,1381,23.2
2025,372,41.2,,37.6,48.1,77.7,40.6,1693,29.8
1990,373,31.9,31,14.6,51.9,50,,,16
1991,373,31.4,33,22.2,30.3,49.2,,,20
1992,373,29.8,29,18.6,41.7,72.3,21,1320,18
1993,373,31.6,35,27.8,58.6,60,38.5,1064,24
1994,373,27.6,34,21.7,56.2,66.1,32,977,20
1995,373,27.9,35,19.8,56.6,55.5,33.5,1260,20.7
1996,373,37.3,33.9,24.8,54.4,64.4,28.4,1299,20
1997,373,33.8,32.3,17.9,47.6,52.5,28.5,935.7,17.2
1998,373,28.6,25.3,22.1,47.2,53.3,26.1,1096.5,18.1
1999,373,35.5,29.6,27,55.4,60.6,39.1,883.1,26
2000,373,32.6,36.9,26.5,57.5,57.5,33.4,1110,20.5
2001,373,13.5,17.1,12.4,29.2,35.4,9.6,477,7
2002,373,10.9,7.3,6.8,10,11.5,5.3,,
2003,373,32.3,32.5,21.6,60.6,70.1,25.1,1044,15.5
2004,373,29.9,30.6,22.7,54.1,61.1,37.7,627,12
2005,373,38.3,48.7,35.4,68,88.7,38.5,730,30.6
2006,373,29.7,,27.9,56,61.9,28.3,,20.8
2007,373,29.8,,24.8,57.9,100,28.6,,22.1
2008,373,39.8,,29.2,62.5,82.3,34.6,,26.2
2009,373,38.4,,29.8,53.4,80.3,,,21
2010,373,27.9,,22,35.2,72,27.6,868,15.8
2011,373,38.8,,29.2,50.9,82.4,29.7,,23.8
2012,373,23.2,,20.8,39.9,71,13.2,,18.7
2013,373,48.7,37,35.3,62.1,120.7,32.1,1321,29.3
2014,373,41.34,,33.48,50.92,124.14,16.1,854.31,20.93
2015,373,38.76,49.9,40.92,65.36,88.79,35.2,1174.56,26.54
2016,373,47.7,,39.1,79.2,71,41.7,612,26.4
2017,373,46.88,,30.76,67.18,69.01,38.3,915.77,25.51
2018,373,37,,29.3,49,69,33,1803,21
2019,373,47.4,,46,54.6,,35.9,1625,29.5
2020,373,52.9,,36.2,68.4,97,41,1914,27
2021,373,22,,15.1,16.9,10.5,14.2,708,9
2022,373,42.7,,29.8,54.7,55.6,25.1,1340.4,14.8
2023,373,46.6,,36.2,59.2,83.4,31.6,1878.4,15.4
2024,373,53.1,,35.4,77,102.6,39.6,1955,23.4
2025,373,48.2,55,43.7,77.9,57,42.3,1729,36.5
1990,376,29.9,34,21.5,40,45,,,19
1991,376,33.1,35,29,40.7,50,,,25
1992,376,24.8,30,23,41.9,47.2,30,1700,15
1993,376,29.8,40,25.5,52.5,70,43.3,900,
1994,376,28.2,30,24,46,62.5,29.7,1100,20
1995,376,29.5,29,20,47.8,54.4,28,900,16
1996,376,29.4,32.5,22.2,54.7,66.6,29.7,720,
1997,376,20.6,21.1,17.4,34.1,42.7,19.4,514.7,16.7
1998,376,22.6,23.9,17.3,39.3,34.1,25.9,,14.9
1999,376,34.7,33.3,25.2,58.3,68.9,43.1,1200,22.9
2000,376,29.4,35.7,22.3,48.9,58.1,32.2,1123.1,24
2001,376,18.4,17,14.7,25.1,32.7,15,700,
2002,376,11.8,17,13.7,21.4,25,11.7,500,
2003,376,18.5,22,10.9,23,31.6,16.3,1050,
2004,376,34.8,34.8,27.3,52.9,73,41.6,,
2005,376,37,44,32.2,56.2,70.4,40.4,1700,32
2006,376,31.4,30.3,29.7,53.7,68.1,34.3,,
2007,376,28.6,,23.5,41.2,49.2,37.3,,
2008,376,34,,26,57.2,43,29.5,,
2009,376,32.3,,31.4,55.8,52.3,39.9,,
2010,376,26.6,24.1,26.7,51.9,55.9,32.3,971,20
2011,376,37.6,36,30.6,54,61.7,39.5,1640,24.8
2012,376,28.7,,21.7,47,55.7,19.4,866,24.5
2013,376,43.5,44.3,36.6,71.5,68.1,43.8,2400,22.9
2014,376,37.54,36.12,33.95,70.83,86.46,36.7,985.68,26.07
2015,376,32.44,34.18,35.03,58.08,44.69,32.6,1504.37,18.93
2016,376,39.5,42.2,35.4,72.4,56.1,42.7,1785,15
2017,376,42.07,,35.93,52.31,38.61,38.5,1792.03,
2018,376,50.5,,41.5,71.5,84,45.5,2235,
2019,376,42.3,,33.6,62.6,50.8,43.6,1508,
2020,376,54,,38.1,81.2,76,50.3,2090,
2021,376,17.5,,12.5,11.6,,12.5,748,
2022,376,24.2,40,13.6,35.6,26.7,18.8,713.4,18
2023,376,27.9,20.8,21.6,42.2,9.3,25.1,1121.4,
2024,376,54.9,,35.6,82.9,68.7,40.9,1336,
2025,376,46.4,69.3,40.1,91.1,,48.8,2175,35.3
1990,377,37.1,,27.1,53.8,57,,,25
1991,377,35.3,,22,28.1,50,,,
1992,377,22.9,,28.2,41.3,45,,,5
1993,377,34.2,,26.8,52.3,53.9,32.3,900,25
1994,377,34.3,40,25.8,57.7,57.7,25.3,816,25
1995,377,28.4,30,22.2,47.8,51.2,13.6,942,20
1996,377,40.3,30.7,30.9,63.6,62.6,28.8,,21.5
1997,377,23.7,16.3,16,35.9,24.2,11.4,,13.8
1998,377,24.5,,25.2,38.7,43.6,28.3,1100,21.5
1999,377,39.6,,28.7,58.3,70.4,46,510.4,20
2000,377,33.1,,27.8,52.2,60.1,31.5,1145.9,
2001,377,19.3,,15.7,34.3,42.5,15.5,693,
2002,377,8.5,,8.5,16.1,21.3,4,240,
2003,377,23.8,,15,33.9,39,24.4,890,18.5
2004,377,30.7,,24.3,53.5,69.4,38.8,500,10
2005,377,36.4,,29.8,60.9,56.7,37.8,520,10
2006,377,36,,30.7,57.1,57.7,,,
2007,377,34,,24.4,48.4,49.4,25.8,,
2008,377,43.4,,25.6,54.9,74.4,38.1,1440,
2009,377,40.8,,29,51.4,54.7,43.1,1647,
2010,377,33.4,,29.3,44.6,52.2,32.9,1467,29.8
2011,377,43.7,,35.3,57.2,55.3,44.3,1981,35
2012,377,34.9,,26.9,43.8,60.1,30.9,1673,
2013,377,56.2,,38.7,59,62.4,46.5,2005,31.8
2014,377,44.46,,42.52,53.06,64.36,41.3,1570.2,38.97
2015,377,43.92,,42.17,56.84,57.4,36.3,1560.2,34.99
2016,377,48.5,,48.4,81.9,65.8,56.4,1114,
2017,377,46.71,,40.92,63.63,50,50.5,1990.08,
2018,377,52.6,,40.9,88,,44,1766,
2019,377,57,,45.4,87.5,,39.6,1837,
2020,377,59.1,,46,78.9,80,46.1,2170,39
2021,377,24.5,,18,22.6,20,17.3,1068,11.5
2022,377,48,,25.2,44.4,30,23.9,1411.9,
2023,377,45.1,,32.9,63.9,,31.9,2237.7,
2024,377,61.4,,35.2,75.7,,41.9,1544,
2025,377,71,,49.1,96.8,,60.8,2525,
1990,378,34.5,27.5,26.2,50,62.6,,,20.3
1991,378,30.6,28,17.6,36,43.5,,,
1992,378,22,20.4,28.7,40,50,20.8,,15
1993,378,35.5,20,25.3,43.5,54.2,35,,
1994,378,32.6,15,19.2,47.5,50,31.7,,
1995,378,24.5,15.6,18.9,36.8,40,15,700,22
1996,378,40.2,22.3,26.2,56.8,64.2,32.5,,25
1997,378,22.9,,19.5,31.1,37.6,21,900,15
1998,378,23.1,25.3,19.5,38.3,28.6,21.9,,20
1999,378,35.9,29.8,31.1,62.3,73.2,44.7,1350,26
2000,378,29.6,30.2,22.4,42.2,47.5,20.8,761.4,20
2001,378,18.4,17,14.6,26,35.4,13.2,703,10
2002,378,6.2,12,6.8,15,30,3.7,,9
2003,378,20.4,17.4,11.2,30.1,22.3,21.3,625,12.5
2004,378,25.7,31.9,20.4,42.2,42.6,29.6,1320,15
2005,378,29.2,30,24.5,47,64.5,27.3,1225,20.5
2006,378,26.5,30.4,22.1,40.4,49.6,40.7,,15
2007,378,28.8,31.4,22.3,39.1,46.1,31.5,1566,20.5
2008,378,30.7,,25.8,47.5,51.9,32.8,1500,20
2009,378,31.1,32,26.7,49.4,50.9,31.4,1300,22
2010,378,35,35,31.9,48.6,64.7,36.8,1412,23.9
2011,378,37.8,31.7,33.4,53.6,71.8,38.4,1781,25
2012,378,32.7,17,25.7,40,,31.8,1552,25
2013,378,40.5,25.5,34.2,53,78.8,43,1733,29.5
2014,378,42.5,,33.57,47.73,36.8,35.8,1565.55,27.58
2015,378,38.05,37.32,35.7,53.86,76.65,29.9,1469.8,23.9
2016,378,45.3,,39.4,54.1,101.3,47.3,1502,33.2
2017,378,40.51,,36.8,59.82,61.08,39.3,1786.37,
2018,378,40.5,,36.8,66,74,42.8,1735,
2019,378,48.8,,38,53.7,78.3,43.1,1802,
2020,378,49,,41.1,65.5,76.6,47.1,1797,
2021,378,33.6,,20.9,33,40,25.4,1241,18.4
2022,378,45.1,,35.3,71.5,71.2,40.8,1787.4,28.4
2023,378,42.2,,34.5,51.7,,39.7,1959.3,10.8
2024,378,47.6,,34,72.9,66.7,36.6,1466,
2025,378,57.6,,45.1,94.6,87,47.4,2429,33.4
1990,379,38.4,36,26.3,54.2,61.4,,,28.5
1991,379,30.8,32.3,21.8,47,51.8,,,
1992,379,25.3,25,24.4,38.1,44.8,28,1275,15
1993,379,34.7,40,22.9,46,73,39.1,923,25
1994,379,33.2,35,23.8,48.1,58.6,35.4,1430,
1995,379,25.4,27.1,20.4,35.8,46.5,13.4,895,
1996,379,35.8,36.4,25.7,58.9,71.1,36.4,1203,
1997,379,25.2,29.5,19.8,34.7,32.3,19.8,849.3,
1998,379,23,22.7,17,34.6,37.9,19.6,719.2,
1999,379,36.1,35,31.3,57,70,40.6,1276.7,
2000,379,31.5,33.2,26.5,46.5,57.7,34,1242.9,17.1
2001,379,23.4,27.2,15.9,35.2,39.8,22.9,686,14
2002,379,7.5,5.9,5.4,9.6,14,3.3,375,
2003,379,21,18.6,9.3,30.6,32.1,18.8,548,
2004,379,29,30.9,19.2,43.5,45.9,31.3,1274,
2005,379,35.4,38.3,32.2,52.7,69.2,39.8,1548,
2006,379,29.3,27,23.7,40.4,47.8,35.6,1003,
2007,379,30.8,32,25.3,45.7,57,37,1569,
2008,379,35.7,40,29.4,50.9,59.3,44.3,2076,
2009,379,30.7,34,24.8,48.2,57.5,32.2,1459,
2010,379,42.4,40,36.4,47.9,64.6,32.9,1166,22
2011,379,47.9,58.3,38.3,63.9,32.7,44.2,1889,28
2012,379,34.7,41,25.4,40.2,,27.5,914,
2013,379,52.7,60.4,45.7,62.9,95,48.9,1869,27.1
2014,379,47.01,56.86,36.44,64.06,56.86,38.7,1126.84,28.03
2015,379,37.27,43.34,37.31,55.59,54.55,34.1,1434.52,21.78
2016,379,51.2,49.9,46.1,77.8,68.6,46.6,1430,25
2017,379,46.14,,38,73.79,90,46.6,1731.38,
2018,379,49.7,54,38,71.6,,46.4,1879,
2019,379,55.2,,45.6,74.9,100,46.7,1749,
2020,379,65.4,63.2,47.5,78.8,,39.5,2028,29.6
2021,379,35,,22.5,45.5,46.8,25.9,1177,14.8
2022,379,43.9,,35.2,66.1,95.7,33.2,1410.9,22.2
2023,379,54.1,,38.6,75.2,,38.7,1935.7,19.4
2024,379,55.2,,36.5,74.1,,37.7,1375,
2025,379,68,,53.1,101.3,,57.4,2405,29.8
1990,380,33.7,35,23.6,43,41.6,,,23
1991,380,36.7,36,23.9,45.4,50.4,,,20
1992,380,19.4,20,21.4,49.7,42,30,1100,15
1993,380,35.8,40,23.3,59.4,64.3,24.1,300,30.5
1994,380,32.2,41.9,24.4,54.4,46,34.3,1200,15
1995,380,21.3,30.5,16.6,24.3,40,15.4,758,
1996,380,39.1,30.9,25.8,51.4,55.5,31.6,1320,
1997,380,27.9,19.5,19.1,44.9,39.8,21.2,,
1998,380,25.8,20.9,21.2,40.9,68.6,29.3,,
1999,380,39.7,48.5,31,59.4,78.1,49.4,1000,30.8
2000,380,36.3,40.4,28.4,50.6,,38.7,,27.6
2001,380,23.2,,14.6,29.3,,21.2,559,
2002,380,8.5,,7.6,10.5,16.7,3.2,,
2003,380,20.1,,11.4,33.5,38.5,23.2,,
2004,380,29.3,,20.5,47.9,61,41.4,,
2005,380,35.1,38.3,36.7,55.2,,43.7,,
2006,380,32.3,,27.6,55.3,65.5,33.8,,26.5
2007,380,34.8,,27.9,52.8,,38.9,,
2008,380,39.7,,32.8,56.5,,45.1,,
2009,380,36.2,,28,51.3,64.5,30.1,,
2010,380,36.2,,30.3,55.8,64.7,32.4,956,26.8
2011,380,44.5,,36.2,65.3,90.9,43.6,1860,26.4
2012,380,36.9,,28.2,54.5,,26.7,,
2013,380,53.2,,36.8,72.9,73.6,50.7,1817,34.7
2014,380,45.78,,36.83,73.26,,37.1,809.09,38.54
2015,380,33.81,,39.62,65.03,,31.4,1328.07,35.69
2016,380,52.8,,43.3,80.9,94.5,43,1478,40
2017,380,53.72,,46.18,85.92,,49.6,2739.23,
2018,380,47.8,,46.2,75,,36,2350,
2019,380,63.3,,51.3,85.6,,46,2575,32.6
2020,380,69.5,,49.4,89,137,40.1,2566,40.4
2021,380,31.7,,23.1,33.1,,19,807,12.2
2022,380,45.2,,35,64.2,99.8,31.9,1750.5,20
2023,380,48.1,,35.5,61.3,,35.5,2096.6,24.3
2024,380,51.2,40.7,35.6,81,,39.9,2102,
2025,380,69.3,,55.6,122.5,,56.2,3086,
1990,381,27,25,15.9,46.4,49.2,,,15.3
1991,381,29.2,25,18.8,41.7,49.7,,,18
1992,381,29.7,19,23.7,50.9,30,,,15
1993,381,37.4,,27.8,59.3,71.5,34.9,300,25
1994,381,27,31.8,22.1,47.9,70.7,35.8,600,20.6
1995,381,22.1,29.7,17.2,33,,8.7,600,21.1
1996,381,39.2,32.9,24.5,52.5,72.6,31.6,,25
1997,381,28.5,24.9,21,40.9,45,20.1,,21.9
1998,381,23.8,21.3,15.9,35.2,37.5,17.6,,18
1999,381,37.3,35.3,30.9,62.8,68.4,38.9,833,24
2000,381,31.1,32.8,24.1,41.9,45.6,28.2,750,18.4
2001,381,22.6,19.7,11.4,29.6,31,17.4,400,16.9
2002,381,9.3,,9.3,7.9,,5.5,,
2003,381,20.5,20.2,12.2,29.5,29.9,15.5,,10
2004,381,37.9,31.9,26.5,50.9,51.9,38,500,16.1
2005,381,32.2,30.3,27,48.6,,25.3,,28.8
2006,381,33.5,36.2,34.7,48.2,59.1,33.2,,24.9
2007,381,27.7,28.6,25.9,50.1,46.3,40.9,1384,20
2008,381,36.3,,34.1,58.6,70,41.9,,30
2009,381,32.7,,31.7,51,,31.4,,
2010,381,38,,33.9,50.5,63.8,38.8,647,18.7
2011,381,41.2,41.8,35,61.2,55.8,44.8,626,26.6
2012,381,37.7,,22.9,35.7,60.5,27.6,,
2013,381,56.9,40.4,35.7,65.6,61.6,42.7,,28.4
2014,381,40.08,41.51,31.42,53.58,73.31,29.7,,25.97
2015,381,31.46,25.11,29.26,,66.78,28,2022.11,23.79
2016,381,49.2,53.2,44.1,73,74.9,44.7,1661,30.3
2017,381,53.06,,41.7,61.81,,39.1,1337.69,35.8
2018,381,53.6,,41.7,82,,40.6,2178,
2019,381,60.6,,49.1,85.7,108.5,47.2,2339,42.8
2020,381,62,,45.6,86.4,125.5,36.7,1889,36.2
2021,381,34.5,,23.6,33.9,44.6,23.2,1109,13.4
2022,381,42.4,,32.7,60.2,63.6,28.4,1543.2,23.6
2023,381,45.9,,32,57.5,62,33.5,2059.1,
2024,381,54.7,,35,78.8,83.8,36.5,1327,27.2
2025,381,74.2,73.6,52.8,98.3,149.9,68.7,2096,45.5
1990,382,30.9,19,21,41.2,45.7,,,15
1991,382,31.7,30,17.6,41,40,,,10
1992,382,28.6,18,25.5,53.3,40,17,,10
1993,382,34.3,35,25.6,54,62.4,35.8,900,17.8
1994,382,29.6,30,21.6,51.7,50,20,800,20
1995,382,19.9,20,18,32.4,34,12.5,500,14.3
1996,382,37.5,37.5,27.3,60.4,62.9,27.1,1200,20
1997,382,27.2,13,19.4,43.2,44.5,26,800,18
1998,382,21.7,14.9,16.9,35.8,38.1,22.5,400,10
1999,382,37.5,40,27.9,65.2,74.3,42.7,700,21.3
2000,382,31.9,30,26.4,46.1,48.4,27.4,1300,20
2001,382,22,23.3,12.2,33.4,30,12.9,600,15
2002,382,8.2,12.1,11.5,14.2,15.9,5.4,300,10
2003,382,15.7,20,12.5,26.3,30,13.6,,10
2004,382,35.3,40,27.9,43.8,57.6,40.4,,18
2005,382,34.8,38.5,34.5,57.9,57.8,37.2,1269,18
2006,382,32.8,30,33.6,50.6,51.2,37.1,,28
2007,382,30.8,30,26,45.4,56.3,38.5,,12
2008,382,37.4,27.5,35.3,55.4,53.7,42.1,1500,
2009,382,28.1,25,26,46,55.7,29.7,,12
2010,382,36.4,30.5,35.8,64.1,69.5,46.1,1719,18
2011,382,44.5,,36.4,60,61.1,46.5,,
2012,382,42,,25.3,41,72.5,28,,
2013,382,49.5,,35.3,60.5,77.4,50,2100,29.7
2014,382,32.49,,30.7,43.56,50.21,28.6,1753.18,24.15
2015,382,39.28,19.33,32.29,51.29,70,38.9,1437.96,23.45
2016,382,51.6,,42.3,70.5,70.9,46.1,2218,30.8
2017,382,37.22,28.7,26.1,55.68,60,38.6,2108.92,24
2018,382,45.7,,38.7,72,73.5,51,2364,30
2019,382,48.1,,40.7,71.1,,46.6,1301,
2020,382,49.8,50,42.5,74.2,80.8,55,2230,30
2021,382,25.3,21.6,19.1,19.7,30,18.7,1054,16
2022,382,40.4,,30.3,55.2,64.2,35.2,1507.9,
2023,382,43.8,40,36.4,60.8,51.1,41.8,1893.3,30
2024,382,48,44.2,36.7,60.9,76,46.6,1761,30
2025,382,58.8,45,48.4,85.5,100.5,53.2,2708,40
1990,394,32.4,29,15.7,46.6,60,,,16.7
1991,394,36,,25.5,41.8,54,,,25
1992,394,20.7,26.5,8.8,35.1,42.5,20,,15
1993,394,26.5,,11.6,55.1,55.9,14.6,,15.7
1994,394,33.1,15,19.7,53.5,60.1,22.6,,21.9
1995,394,35.9,30,17.6,56.5,68.9,31.4,,20
1996,394,35.7,,19.3,67.3,72.6,33.3,,20
1997,394,37.9,35,25.5,67.6,71,,,21.9
1998,394,32.7,,17.3,56.5,42,41.3,,19.8
1999,394,44.7,,20.7,51.9,68.3,39.4,,15.5
2000,394,41.5,,22.4,27.8,59.2,23.6,,20
2001,394,37.6,,21.2,43.3,45.4,30.9,,21.7
2002,394,27.4,,26.3,29.4,50.6,23,,17.2
2003,394,40.3,,33.6,65.9,68.4,33,,20
2004,394,41.4,,20.6,46,64.5,15.7,,12.4
2005,394,44.1,,40.5,76.3,98.4,,,
2006,394,35.4,,31.8,,82.2,,,
2007,394,30.3,,22.4,55.6,72.1,,,
2008,394,47.9,,36.1,67.7,81.9,,,
2009,394,50.7,,34.4,80.5,80.1,45.5,,22.8
2010,394,30.2,,24.6,23.9,72.1,,,26.6
2011,394,38.3,,35.5,62.7,95.7,22.4,,28.7
2012,394,46.4,,21.9,39.1,67.8,31.5,,
2013,394,68.8,,46.9,83.3,109.5,46.9,,24.6
2014,394,57.58,,35.53,37.91,101.02,,,22.99
2015,394,36.83,,36.33,54.63,67.81,23,,
2016,394,44.1,,33.7,40,95.4,27.5,,19
2017,394,54.69,,37.59,69.56,112.31,20.2,,
2018,394,52.7,,34.5,89,100.1,,,
2019,394,58.9,,44.2,79.9,101.7,42.9,,15
2020,394,59.2,,34.9,70.2,125.8,40,,20
2021,394,54.4,,31.8,83,96.3,25.4,,27.6
2022,394,59.2,,42.5,83.4,119.8,46.5,,18
2023,394,46.6,,41.1,64.7,103.7,40,,15
2024,394,54.3,,28.9,66.3,99.8,23.6,,10
2025,394,58.7,,39.4,75.2,104.8,41,,14
1990,395,35.4,,23.6,49.6,65,,,15
1991,395,36.8,30,23.1,49.7,52.2,,,21
1992,395,23.4,35,16.7,44.7,42.9,30,,11.7
1993,395,22.6,25,14.8,52.6,46.5,23.5,,17.2
1994,395,32.9,27,21.4,55,61.4,27.2,1171,19.6
1995,395,40,45.1,23.7,65.3,69.2,33.9,,22.5
1996,395,35.2,30,25.8,59.1,74.9,30.9,,24.8
1997,395,36.2,30,24.7,56.2,74.2,36,,22
1998,395,41.5,31.8,25.8,59.9,81.5,42.7,,24.8
1999,395,40.3,35,24,63.9,77,38.6,,18.4
2000,395,38.7,28,25.1,61.3,80.3,32.1,,18.6
2001,395,34.9,35,19.1,52.7,46.1,23,,17.8
2002,395,21.7,25,23.8,30.9,54.6,13,,18.8
2003,395,29.7,,25.7,57.8,62.7,25.5,,17.8
2004,395,28.7,,20.7,47,67.5,14.8,,5.7
2005,395,37.2,,33.6,52,56.3,37.4,,21.9
2006,395,30.1,,23.7,55.3,66.7,33.7,,18.9
2007,395,33.2,,24.5,42.4,58.5,27.5,,17
2008,395,43.6,,36.1,76.8,84.6,39.2,,26.7
2009,395,44.9,,35.8,72.1,78.8,42.2,,19.5
2010,395,36.3,,26,36.3,74.1,12.7,,10
2011,395,39,,30.6,60.3,82,24.6,,21.8
2012,395,34.4,20,21.4,39.5,60,20,,14.9
2013,395,49.9,,38.8,76.3,115.4,50.1,,23.6
2014,395,50.53,,35.28,69.32,98.72,31.8,,26.85
2015,395,42.91,,48.57,64.34,95.9,48.6,,26.49
2016,395,40.9,,31.9,67.4,101,53.2,,24.4
2017,395,55.16,,39.49,71.11,112.42,48.4,,18
2018,395,55.2,,39.5,71.1,112.4,52,,26
2019,395,55.8,,46.9,78.4,120,56.1,,29.4
2020,395,56.8,,38.5,72.7,133.9,52.9,,26.2
2021,395,51.1,,30.4,66.4,86.1,30.8,,12.8
2022,395,59.5,,42.4,80.2,119.9,59.5,,26.7
2023,395,63.4,,53.9,84,113.9,46,,
2024,395,61.3,,34.8,83.5,108.7,54.1,,20
2025,395,50.9,,45.3,75.9,98.7,47,,21.3
1990,397,34.9,,19.3,42.6,45,,,18.4
1991,397,31,,20.8,45,39.9,,,25
1992,397,18.8,20,18.6,33.1,40.2,8.3,500,11
1993,397,19.3,,12.2,35.4,64.4,12.9,,15
1994,397,28.5,,18.7,45.3,60,20.9,,19.2
1995,397,33.6,,16.9,63.6,65.4,18.5,,21.1
1996,397,29.2,,17,56.7,82.3,24.4,990,20.2
1997,397,32.7,,22,44,41.8,22.4,,17.9
1998,397,30.3,,23.2,55.4,68.3,21.9,,24
1999,397,39,,21.7,45.3,67.5,30.4,,20.1
2000,397,37,,23.8,53.9,71.4,17.3,,16
2001,397,31.8,,20.1,45.8,37.4,29.9,,
2002,397,15,,16.5,21.8,30.9,7.2,,7.5
2003,397,26,,23.6,57.2,57.7,15.6,,12
2004,397,31.1,,14.6,65.4,68.4,23.7,,6
2005,397,41,,29.7,62.4,78.1,41.2,,25
2006,397,38.6,,29.2,55.1,76.1,17.7,,27.4
2007,397,38.6,,24.8,43.8,84.8,27.6,,20
2008,397,42.6,,34.7,56.3,92.9,40.5,,22.1
2009,397,39.8,,35,65.6,73.2,45.3,,15
2010,397,36.5,,23,49.6,58.8,24.5,,
2011,397,44.2,,33.6,56.2,91.5,39.2,276,26.7
2012,397,44,,18.6,29.4,89,12,,18.7
2013,397,53.7,,44.4,58.4,112.7,47.3,,26.9
2014,397,44.2,,30.82,55,90.59,23.2,,16.69
2015,397,48.49,,52.19,60.3,104.57,44.8,,22.81
2016,397,43.3,,46.6,73.6,107.6,40.8,,
2017,397,45.7,,43.83,59.94,103.62,45.1,,
2018,397,50.3,,43.8,68,116,45,,
2019,397,57.6,,45.8,76,133.2,39.6,,
2020,397,60.3,,43.4,69.7,123.5,,,
2021,397,35.8,,26.1,47.5,52.6,20,,20
2022,397,55.2,,43,74.9,111.4,45,,30
2023,397,54.6,40,47,67.4,96.1,45,1500,25
2024,397,57.4,,36.4,71.3,104.1,,1000,25
2025,397,59.5,,44.1,74.9,107.4,53.2,2000,30
1990,398,31.1,35,17.5,47.6,40,,,16
1991,398,36.1,40,19.1,47.4,52.5,,,25.5
1992,398,18.2,20,19.6,45.4,71.2,24.3,,17.4
1993,398,22.2,,18.2,39.6,62,13,600,18.2
1994,398,29,,21.5,49.3,50,31.1,607,19
1995,398,32.3,,18.2,53.4,58.6,35.8,,24
1996,398,32.8,,25.3,60.6,67.6,32.3,,
1997,398,35.1,42.5,25.2,56.2,74.2,34.7,,24.7
1998,398,39.4,49,26.7,64.8,73.2,33.9,,22.4
1999,398,43.8,,30.1,70.2,84.2,39.7,,27.6
2000,398,37.3,,27.5,60.8,72.9,27.4,,25.3
2001,398,29.2,,27.6,32.3,53.9,25.9,1333,20.3
2002,398,15.6,,16.6,23,43.5,11.9,,13
2003,398,34.8,,24.8,56.3,72.8,28.8,1590,17.5
2004,398,30.4,,25.1,54.1,64.8,28.9,866,
2005,398,46.9,,38.9,52.7,65.3,33.9,,20
2006,398,39.8,,25.3,60,75.9,21.6,,20
2007,398,35.4,,31.4,61.8,84.8,40.2,1450,25
2008,398,41.5,,35.9,73.8,86.1,43.6,1860,25
2009,398,45.2,,33.7,73.9,70.8,34.8,,
2010,398,24.8,,20.4,29.2,82.1,10.6,108,14
2011,398,47.2,,33.1,70.8,113.9,27.9,,28.9
2012,398,41.3,,24,46.2,87.9,35,,
2013,398,60.5,,39.9,80.9,133.9,38.7,,
2014,398,43.1,,29.43,58.1,106.8,23.3,,16.68
2015,398,55.88,,56.69,77.41,110.8,52.4,,26.35
2016,398,48.5,62.5,41.6,80,122.2,45.2,668,22.1
2017,398,61.51,,42.86,80.55,127.45,48.8,,25.26
2018,398,61.5,,44.5,76,111.8,48,,
2019,398,64.3,,48.4,83.6,129.5,44.9,,40
2020,398,60.9,,47,83.5,129.2,37.1,,
2021,398,33,,22.1,35.3,45.3,22.4,,
2022,398,68.1,,51.4,81.7,134.4,51.8,,
2023,398,64.6,,53.7,85.8,116.9,28.4,,
2024,398,69.1,,40.9,81.5,125.7,47,,
2025,398,70.2,,48.1,94.3,131.4,48.5,,
1990,399,40.2,38,15,62.5,65,,,20
1991,399,36.3,,18.7,40,55,,,21
1992,399,24.2,20,20.4,34.5,65,,,16.2
1993,399,25.3,,19.2,34.1,60,25.3,465,16.5
1994,399,31.2,,18.7,54.4,55,37.1,1367,24.6
1995,399,36.8,,24.6,58.7,63.1,26.6,,23.2
1996,399,37.7,,26.5,62.1,80.1,31.3,,25.9
1997,399,37.3,31,24.5,56.1,60.2,31.7,790,20
1998,399,34.3,,24.9,54.4,69.9,30.9,,18.9
1999,399,39.3,30,25.7,58.5,72.5,37.8,,20.8
2000,399,32.5,27,23.1,49.1,61.8,28.4,800,18.5
2001,399,26.9,23,24.3,43.4,52.9,18,650,14.5
2002,399,17.4,14,10.4,21.8,27,9.4,,9
2003,399,32.7,30,23.7,53.8,47.6,27.8,1152,15.2
2004,399,21.9,18,15.3,42.9,61.6,28.4,505,16.5
2005,399,40.1,34,27.5,52.1,74.1,42.7,,21
2006,399,31.3,27,24.2,42.9,53,30,700,18.5
2007,399,34.7,28,24,50.7,77.5,33.8,780,17.5
2008,399,44.5,,40.4,73.4,97.6,40.1,,
2009,399,47.1,,35.6,70.7,86.2,36.4,,20
2010,399,29,,20,27.1,68.8,23,,
2011,399,49.2,,39.1,64.6,99.3,39.2,,28.6
2012,399,42.8,,27.5,54.5,83,26.9,,27
2013,399,50,,32.2,67.2,112.2,36,,31.4
2014,399,49.12,,35.25,60.24,99.64,25.7,,13.95
2015,399,52.18,,57.93,77.24,106.52,52.3,,32.01
2016,399,51.4,38.1,46.9,78,93.3,40.1,,25
2017,399,57.75,,48.22,73.95,111.04,56.7,,30.45
2018,399,57.8,,48.2,66,106,48,,
2019,399,67.9,,51,87.5,151.2,40.8,,39.8
2020,399,66.3,,45.9,81.8,124.7,46.3,,22.1
2021,399,38.4,,24.7,40.8,59.9,30.5,,6.8
2022,399,71.9,,50.4,92.4,143.7,61,,40.7
2023,399,57.8,,51.8,79.9,102.6,46.8,,27.7
2024,399,71.8,,42.7,94.6,138.5,49.2,,
2025,399,73.2,,48.6,92.7,139.1,51.1,,
1990,400,32,30,22.6,44.6,60,,,20.3
1991,400,38.2,40,24.3,48.4,55,,,20.8
1992,400,21.5,20,20.4,43.3,58.3,28.9,,15
1993,400,29,,23.1,45,50.9,30.4,900,15
1994,400,29.6,50,25.8,49.9,73.9,28.4,,25
1995,400,32.2,,24.6,56.3,59.3,30.3,,20.1
1996,400,33.9,,30.6,61.1,68.2,34.7,,21.9
1997,400,32.7,,22.5,50.7,64.4,31.3,,18.8
1998,400,33.6,,24.5,56.4,73.1,32.4,570,17
1999,400,40.6,,26.9,66.1,84.8,41.1,,26.7
2000,400,34,,27.1,57.4,75.8,39.3,,22
2001,400,25.3,,18.9,42.8,58.4,18.2,,
2002,400,14.6,,17.7,31.5,42.5,14.7,,14
2003,400,37.5,,22.2,58.1,62.7,33.2,,16.9
2004,400,37,,25.4,55.6,75.2,35.2,,15
2005,400,40.1,,32.9,67.4,79.2,35.2,,29.5
2006,400,34.3,,26,62.8,78.7,30.4,,19.5
2007,400,28.9,,24.7,51.4,78.7,31.7,,
2008,400,44.2,,32.7,64.6,86.4,36.9,,
2009,400,42.8,,34.4,65.8,84.7,35.9,,19.1
2010,400,34,,22,37.3,58.7,20.9,487,9
2011,400,44.7,,37.2,63.1,109.2,34.9,,27.9
2012,400,38.7,56,22.3,41.5,81.9,19.2,,20
2013,400,54.3,72.1,38.3,71.2,110,31.6,,30.9
2014,400,41.25,56.99,29.1,57.78,103.89,22.5,,20.81
2015,400,47.89,60.17,53.16,70.09,104.52,35.7,,28.63
2016,400,50.1,52.9,44.2,70.5,111.4,51.9,,32.6
2017,400,55.16,71.55,39.97,71.68,112.8,48.3,,32.57
2018,400,48.6,52,40,71.7,102,42.9,,28.2
2019,400,62.5,60.3,47.1,79.3,112,47.2,,32.6
2020,400,55.7,66.4,42.5,79,105.8,46.8,,32
2021,400,36.6,34.9,24,34.3,61.2,28.1,,11.5
2022,400,67.3,71.7,49.4,83.8,127.3,58.5,,35.5
2023,400,59.5,63.5,47.8,83.9,97.8,54.2,,35
2024,400,68.5,70.8,43.1,89.3,139.1,52.6,,40
2025,400,72.9,74.8,50.4,100.3,147.1,51.4,2446,34.6
1990,401,33.2,31,18.6,50,50,,,22.5
1991,401,35.3,35.3,26.7,55,50,,,20
1992,401,25.3,13,21.3,36.5,67.1,37,1200,20.5
1993,401,30.7,,25.9,57.1,61.8,39.5,655,27.5
1994,401,29.4,30,28.2,51.1,67.2,33.6,920,19
1995,401,33.9,40,23.9,54.8,63.3,30.3,1200,23.8
1996,401,38.8,,28.8,57.6,72.5,32.2,1200,26.8
1997,401,31.6,,25.1,47.4,59.5,34.2,1500,24.4
1998,401,31.9,,23.8,55.5,59.6,34.9,,17.1
1999,401,42.3,,28.8,64.9,69.1,47.9,,25.7
2000,401,35.9,,27.8,55.9,76.4,41.1,,22.7
2001,401,22.3,,20.2,39.9,45.6,21.6,,17.2
2002,401,11.3,,10.2,25.5,28.1,8.9,,8
2003,401,39.4,,22.7,65,53.6,30.1,,20
2004,401,31.3,,23.9,57.8,77.5,38.4,,
2005,401,38.2,,31,71.2,105.3,44.8,,23.9
2006,401,33.5,,28,60.9,64.4,42.2,,30.8
2007,401,26,,26.3,54.9,78.2,35,,25.4
2008,401,39.5,,34.9,70.9,90.1,40.2,,24.7
2009,401,39.5,,34.2,65.8,85.8,40.2,,19.8
2010,401,38.5,,28.5,54.6,77,31.5,968,16.2
2011,401,41,,37.1,72.1,99.7,41.2,,25
2012,401,33,,24.2,43.1,92.3,24.1,,
2013,401,49.6,,36.1,76.3,103.7,36.5,1890,29.5
2014,401,39.49,55.48,31.18,70.8,85.7,31.1,1320.56,26.99
2015,401,46.92,61.62,40.89,71.8,96.03,41.3,1459.88,30.07
2016,401,46.2,50.6,40.6,77,113.5,57.1,1713,29.3
2017,401,54.18,85.37,43.9,69.67,106.11,52.8,2373.25,37.98
2018,401,53.8,58,43.4,68.2,95.2,50.1,,28
2019,401,57.3,68.3,48.7,85.4,101.2,50.4,1570,35.9
2020,401,59.9,74.7,43.7,82.8,97.8,46,2337,24.3
2021,401,36.4,,21.6,34.7,57.6,25.2,791,15.6
2022,401,63.7,,47.6,88.1,128.4,48.7,1393.3,35.7
2023,401,53.3,57.1,44.9,73,,40,,
2024,401,67.4,79.1,44.4,91.8,124.7,46.2,2446,
2025,401,62.9,61.2,50,87.9,145.3,45.8,2461,38.3
1990,402,38.7,35,21,48.4,51,,,17
1991,402,31.7,,23,37,53.1,,,18
1992,402,23.9,20,15,32,38,20,800,19.5
1993,402,33.8,,21.6,47.6,65,24.9,607,18
1994,402,29.9,35,23.4,45,60,27.1,555,16
1995,402,29.1,24,20.4,57.8,65,26.1,898,17
1996,402,35.2,,25.4,64.6,81.6,24.6,778,18
1997,402,27.5,20,19.2,42.1,43.3,20.7,883.7,13.9
1998,402,28.5,26,19.1,49.3,67,26.3,1155,18.3
1999,402,37.1,30,23.6,57.2,74,30.3,1410,14.9
2000,402,31.2,30,26.6,45.7,73.9,30.2,850,16
2001,402,17.4,,13.6,19.1,24.1,9,210,
2002,402,7.2,,9.5,13.9,24,4.7,213,
2003,402,25,,17.6,38.8,48.2,23.6,700,
2004,402,31.8,,23.5,69,66.2,31.1,800,
2005,402,34.6,,28.9,52.2,83.8,37.5,800,23
2006,402,29,,25.1,55.4,93.9,31.9,900,24
2007,402,26,,27.7,46.1,74.2,38.2,877,
2008,402,31.9,,29.3,52.8,81.4,35,932,23.6
2009,402,38.6,,34.4,65.1,82.9,35,1100,19
2010,402,33.4,,27.3,51.4,63,28.4,1070,15.4
2011,402,34.7,,29.5,66.1,84.5,35.8,1567,22.9
2012,402,32.7,,21.4,46.5,67.9,28.8,750,18.6
2013,402,42.6,,34.3,61.5,82.6,46.4,1237,32.9
2014,402,36.6,,30.74,63.45,89.46,31.4,916.04,25.67
2015,402,40.26,,48.81,65.99,78.31,29,1190.57,30.3
2016,402,43.6,,33.1,76.7,89.9,37.7,1426,26.5
2017,402,48.2,,40.19,73.01,117.97,44.5,1717.11,
2018,402,45.6,,40.2,68.3,99,35,1664,29
2019,402,48,,43,78.4,122,46.6,1446,35
2020,402,49.3,,38.2,72.2,100.2,37.8,1554,27.6
2021,402,29.1,,18.1,31.1,31.5,20.1,741,10.7
2022,402,49.6,,39.7,69.9,107.6,46.4,1582.9,19.1
2023,402,45.8,,38.2,62.9,66.2,37.9,1695.4,23.7
2024,402,51.4,,36.8,76.4,101.3,44.7,1788,
2025,402,53.6,,44.8,74.8,105.9,46,1712,
1990,403,36.4,33,26.5,55.1,48.6,,,22.2
1991,403,36.1,,24.8,44.1,53.2,,,23.1
1992,403,27.7,25,25.7,68,44,33.6,1710,19
1993,403,34.4,,23.5,64.1,73.2,48.6,704,20
1994,403,30.1,,19.3,55.9,62.8,35.4,903,22.9
1995,403,33.5,,23.4,54.6,70.3,33.2,1057,25.5
1996,403,44.4,,28.6,60.2,74.5,36.7,1139,19.7
1997,403,26,,18.5,36,33.8,23.2,1252.2,17.5
1998,403,36.9,50,28.1,69.3,60.6,33.2,926.9,25.5
1999,403,38.6,,27.8,67.5,86,43.8,,27
2000,403,41.5,,26.8,59.2,77,41.6,801,23.7
2001,403,18.4,,19.6,26.7,26.2,13,1000,13.7
2002,403,14.5,,6.2,15.2,26.5,7.3,,
2003,403,29,,19.5,45.8,66.4,24.1,,
2004,403,39.5,,22.4,82,91.8,43,,12.1
2005,403,43.7,,36.2,78,99.8,45,,
2006,403,43.2,,30.6,67.2,88.1,40.9,,
2007,403,37.3,,35.2,62.2,101,51.5,,21.5
2008,403,45.8,,41.7,77.2,97.1,49.5,,30
2009,403,47.3,,38.3,73.8,100.8,43.4,,
2010,403,47.7,,40.1,67.3,94.8,31,611,26.9
2011,403,49.7,,40.1,73.9,100.9,37.8,1374,28.1
2012,403,38.4,,29.4,49.7,78,20.2,,29
2013,403,53.3,,36.9,74,93.3,33.9,325,36.7
2014,403,52.44,,43.68,77.09,99.01,36.2,990.3,32.2
2015,403,49.79,,42.06,74.84,93.55,45.1,1569.32,36.66
2016,403,49.8,,46.9,81.2,114.9,45.4,1626,32.4
2017,403,53.06,,43.36,76.7,106.06,42.3,2120.48,36.01
2018,403,53.6,,49.5,75.9,101.4,48.1,2152,110
2019,403,56.7,,46.6,78.7,117.9,53.5,324,
2020,403,63.7,,43.2,83.2,109.2,44.3,2531,40
2021,403,24.2,,15,16.3,16.4,14.7,1045,9.4
2022,403,52.5,,37.5,52.5,89.4,37.6,1719.6,19.6
2023,403,59.8,,46.7,74,82.8,46,2250.9,30
2024,403,58.1,,42.5,65,88.3,43.2,1497,
2025,403,56.9,,50.5,73.4,84.6,47.7,2238,34.9
1990,404,43.2,38,28.2,60.8,77,,,24.3
1991,404,38.8,,24.6,43.4,63.2,,,20
1992,404,31.2,25,19.3,62.7,84.6,30,1496,20
1993,404,40.7,,31.8,63.3,99.7,49.7,859,30
1994,404,30,25,26.4,57.1,53.5,32.8,910,31.4
1995,404,37.1,,29.7,55.9,74.8,27.7,941,23.7
1996,404,42.1,29.6,27.7,58.9,89.9,33.5,1088,23.5
1997,404,29.1,,21.5,42.1,60.3,28.3,1155.5,15.1
1998,404,37,37.3,24.5,63.9,77.2,33.6,973.3,24.5
1999,404,44.7,,30.1,64.1,90.1,45.4,1700,22.8
2000,404,33.3,,24.3,58.3,70,35.7,821.5,24
2001,404,20.5,,17,32.4,40.3,12.9,,15.5
2002,404,12.8,,7.4,13.6,22.2,10.3,336,
2003,404,28.1,30.8,14,39.5,41.8,15,675,17.5
2004,404,39,,23.8,57.1,65.4,41.3,593,13.2
2005,404,45,,38.4,64.8,86.2,44.1,,25
2006,404,48.4,,33.5,62.3,84.3,43.8,,29
2007,404,28.5,,32.4,57.2,99.4,48,,23
2008,404,49.1,,40.1,79,106.1,47.2,,
2009,404,57.4,,41.3,95.8,98.3,43.6,,
2010,404,49.6,,42.2,75.6,90.4,36.5,934,21.1
2011,404,52.6,,42.4,71.7,116,33.5,,23.7
2012,404,41.5,,28.9,60.1,86.4,24,,
2013,404,66,,42.8,83.1,110.7,58.5,325,25.9
2014,404,53.75,41.56,40.62,80.79,114.63,53,2117.49,29.29
2015,404,59.26,,50.09,87.1,117.19,57,1733.62,37.13
2016,404,56.1,,48.2,83.5,130.8,56,2476,29
2017,404,56.87,,49.18,79.77,,42.1,2313.89,
2018,404,56.9,,49.2,82.4,,48.5,2364,26
2019,404,58.3,,45.2,93.4,,51.2,2185,31.6
2020,404,67.4,62.4,46.7,81.7,,46.8,2302,29.6
2021,404,23.7,,14.4,13.6,,12.4,831,7.3
2022,404,48.6,,34.3,61.8,,38,1417.6,19.8
2023,404,66.4,,46.3,78.6,,55.9,2258.9,19.2
2024,404,61.7,,38.9,77,95.7,42.9,1665,
2025,404,60.7,,49.7,86.9,119.6,52.8,2261,30.6
1990,405,33.9,31,18.8,47.9,46.4,,,21
1991,405,36.5,38,26.7,43.7,62.6,,,15
1992,405,24.6,30,22.4,25.4,50,15,700,18
1993,405,32.8,35,28.2,57.1,65.5,23.3,636,22
1994,405,27.4,22,22.5,49.9,59.4,27.1,,24
1995,405,29.5,30,21.8,45.7,59.6,16,1100,20
1996,405,35.4,29.1,25,54,62.5,30.2,950,24
1997,405,26.4,22,16.8,38.3,34.7,23.9,630,16.1
1998,405,25,28.6,16,39.3,57.2,29.1,1014.8,18.5
1999,405,33.1,45,32.4,53.2,59,47.6,657.8,21
2000,405,33.9,40,24.8,51.8,54.8,34.5,1094.6,22
2001,405,12.5,18,12,21.3,27.3,11.6,586,8
2002,405,8.4,7.5,5.7,11.8,28.5,6.1,,4
2003,405,19.5,,11.7,28.8,15,15.9,,15.7
2004,405,46.8,,28.3,76.9,67.6,48.1,,17.5
2005,405,40.5,,32.5,54.7,77.5,44,,
2006,405,29.1,,29.8,53,53.9,37.1,1350,24.9
2007,405,26.9,,25.8,42.9,67,37.2,,
2008,405,36.1,,31.5,55.4,69.3,39.6,,
2009,405,39.7,,36.5,47.6,74.7,39,,
2010,405,37.2,44.2,31.3,42.2,59.7,35.9,1367,22.8
2011,405,44.2,,39.2,52.5,76.6,49.8,1251,35.2
2012,405,35.6,,22,39.3,56.2,21.6,890,22.3
2013,405,46.7,,42.2,64,66,49.6,791,27.6
2014,405,46.21,,36.79,61.53,80.25,34.9,1833.63,27.81
2015,405,44.19,,39.67,60.37,72.37,40.1,972.22,29.33
2016,405,48.8,48,41.2,71.7,76.3,50.6,1314,30.7
2017,405,48.41,,43.32,61.12,66.88,37.9,960.53,33.11
2018,405,51.5,,43.3,66.4,77,45,2337,26
2019,405,43.4,,34.3,68.1,97,39.3,877,28.6
2020,405,53.7,,40.6,68.6,82.2,44.8,2167,31.3
2021,405,19.6,,14.8,15.8,6.7,9.5,635,6.1
2022,405,32.9,,24,38.6,45.1,19.1,701.1,16.3
2023,405,36.5,,32.1,46.9,41,28.3,1135.4,16.3
2024,405,52.4,,35.8,66.4,63.3,46.1,1461,
2025,405,55.8,,45.2,75.2,90.9,48.1,2576,
1990,406,29,27.3,22.4,44,41.6,,,22.5
1991,406,30.5,34.2,21.8,34.6,55,,,19.4
1992,406,25.4,,26,59.4,51.8,18.3,800,23
1993,406,32.4,40,19.8,52.2,43.2,20,800,25
1994,406,25.7,32.7,20.8,45.5,36.8,31.9,1188,20.7
1995,406,24.4,,20.4,43.7,41.8,16.9,1000,18.7
1996,406,33,37.2,23.8,47.3,49.6,25.1,,24
1997,406,21.9,23,16.6,32.9,47.4,24.2,1000,15.6
1998,406,27.4,33.7,21.2,49,61.7,29.6,1000,20.3
1999,406,40.9,,31.4,69.4,64.9,46.8,1750,29.3
2000,406,34.5,,24.7,52,62.4,32.3,1075,26.5
2001,406,20.8,,15.9,28.9,34,14.4,,16.7
2002,406,6.8,,12.5,17.4,14.8,5.2,,10
2003,406,19.7,,12.1,32.7,28.5,15.6,,13
2004,406,38,,28.2,50.3,65.2,40.5,1415,17
2005,406,35.7,,35.4,69.4,85.1,39.6,,25
2006,406,37,,31.2,53,62.8,37,,24
2007,406,28.1,,27.2,55.8,69.7,33.6,,21.1
2008,406,34.1,,28.7,54.8,65,27.5,,22.9
2009,406,39.2,,32.3,65.1,78.6,39.3,,20.6
2010,406,38,31.7,33.7,46.3,74.7,39.1,1709,20.3
2011,406,44.4,38.3,34.4,61.1,82.8,39,1359,23.1
2012,406,31.4,,26.1,45.4,62,26,,18
2013,406,51,45.2,41.1,61.4,85.5,43.3,,24.1
2014,406,47.5,35.71,38.24,56.52,100.92,36.4,,23.77
2015,406,43.73,26.99,42.91,61.36,73.83,39.4,1442.32,28.13
2016,406,47.6,28.6,42.4,69.2,74.3,44.7,1823,24.9
2017,406,41.18,,37.69,59.08,76.37,37.4,1548.59,25
2018,406,41.2,,37.7,59.1,69.2,35.7,1786,30
2019,406,48.7,,41.6,74.7,91.4,43.2,1735,
2020,406,60,,44.3,74.9,106.9,44.8,1960,33.5
2021,406,19,,14.1,13.8,24.3,13.7,540,5.5
2022,406,32.3,,25.3,32.9,45.8,24.9,1073.6,13.7
2023,406,40.4,,30.8,48.2,54.1,26.3,1534.4,
2024,406,43.6,,32.3,54.3,,34.6,,
2025,406,60.4,,50.4,80.8,93.8,42.5,2661,32.6
1990,408,36.1,31,27.9,52.6,62.4,,,24
1991,408,34.9,24.2,27.4,39,59.1,,,
1992,408,27,,21.3,39.8,52.3,30,600,15
1993,408,30.7,,20.6,42.1,64.7,33.3,250,24.2
1994,408,29.7,,22.6,48.4,66.3,30.2,971,18.4
1995,408,25.8,,20.2,32.4,42.5,16.8,500,20.4
1996,408,37,,28.7,55.3,82.4,41,470,25
1997,408,27.5,,19.8,40.3,43.1,26.3,,12
1998,408,29.1,,22.7,52,59.2,30.9,,14.8
1990,409,29.8,28,24.4,47.9,50,,,15
1991,409,31.7,,21.5,40.9,79.9,,,8
1992,409,23.5,,23,38.9,40.5,23.2,900,15
1993,409,36.1,,25.3,57.8,69.6,40.2,297,
1994,409,32.4,,26,45.7,,34.5,1331,
1995,409,21.9,,23.4,32.2,52.1,17.6,1563,15
1996,409,38.9,,27,60,58,36.1,1348,10
1997,409,25.4,,19.2,38.8,42.5,24.8,1155.1,
1998,409,30.1,32.8,23.4,48.6,55.4,30.1,958.8,15.6
1999,409,39.4,,31.5,58.4,72.7,42.2,1113.3,27.4
2000,409,34.9,35.1,26.1,45.6,70.6,32,1190.3,17.1
2001,409,25.8,13.4,17.4,35.4,37.9,22.1,602,
2002,409,9,,12.7,14.4,16.3,7,147,
2003,409,19.5,,11.9,23,28,16.6,665,13.5
2004,409,36,57.8,26.7,62.2,68.2,34.4,1334,15.4
2005,409,41.8,39,39.8,68.8,91.8,38.2,1092,30
2006,409,35.7,,31.9,50.2,65.7,34.9,,
2007,409,36.8,,30.8,51.7,61.8,37.4,,
2008,409,42.4,,32.9,56.3,68.1,38.9,1559,
2009,409,37.5,,31,52.9,73.8,35.8,1176,
2010,409,38.1,,30.7,38.9,73.7,26.1,523,
2011,409,45.5,,39.6,63.4,74.5,44,1573,
2012,409,35.2,,22.9,40,71.1,19.7,663,
2013,409,51,65,37.9,69.6,92.8,46.8,1726,
2014,409,47.04,,39.21,54.22,97.36,35.5,1085.29,
2015,409,42.55,36.03,41.67,63.44,94.9,34.7,1580.97,17.01
2016,409,55.1,61.1,47,71.8,112.1,43.8,1439,
2017,409,51.62,,43.98,68.28,75,38.3,1922.06,
2018,409,51.1,,44,67,101,44.8,2139,
2019,409,61.8,,51.2,88.1,119.7,46.2,2019,
2020,409,62.3,,48.1,81.2,118.9,37.8,1963,36.4
2021,409,36.2,,28,41.8,42.5,25.1,1308,18.5
2022,409,52.9,,37,66.9,90.1,33.5,1313.9,19.6
2023,409,59.3,,39.7,71.3,84.7,39.1,1922.4,
2024,409,58.7,,38,69.3,94.1,38.6,1525,24.7
2025,409,68.9,,49.8,93.1,92.9,55.6,2246,
1990,410,27.4,28,24.8,41.6,51.7,,,20
1991,410,32.1,32,17.2,40.3,40,,,25
1992,410,19.4,,20.9,40.6,30,24.7,,15
1993,410,40.8,37.5,21.4,48.9,56.8,42.6,640,19
1994,410,31.9,35,24.1,50.3,50,32.2,1000,20
1995,410,19.8,20,20.7,35.3,40.9,13.1,850,20
1996,410,35.4,28.9,25.9,47.6,57.6,29.7,,
1997,410,25.3,,17.7,36.8,43.4,24.9,,
1998,410,21.2,22.2,17.1,29.4,50.6,21.4,1300,
1999,410,38.8,,32.1,59.3,82.3,40.9,589.5,
2000,410,32.8,35.3,25,53,62.9,34.7,1500,
2001,410,26.7,,18.3,39,36.9,20.2,690,
2002,410,8.8,,10,25.5,,5,,
2003,410,22.5,21.3,13.7,32,39.6,17.7,1200,
2004,410,31.6,,22.1,49.6,63.4,37.2,1000,
2005,410,43.1,,37.7,49.9,74.7,40.5,,
2006,410,36.5,,32.4,44.1,62.8,42.6,,
2007,410,35.1,,30,48.9,58.3,37.6,,
2008,410,41.8,,34.1,52.1,,41.7,,
2009,410,34.6,,26.8,,,31.2,,
2010,410,39.2,,39,43.7,73.7,39.6,1095,
2011,410,51.3,,38.1,45.1,48,45.7,1774,
2012,410,49.4,,29,49.1,,30.6,1516,
2013,410,62.7,,44.3,65.8,68.7,47.9,1898,
2014,410,50.36,,37.25,41.3,116.93,34.1,1049.65,
2015,410,49.15,,43.48,66,54.18,44.1,1719.34,29.01
2016,410,60.5,,45.7,77.7,95,51.6,2118,
2017,410,60.3,,46,45.47,,52.2,2278.26,
2018,410,54,,46,74,,49.2,,25
2019,410,68.4,,51.8,67,,52.2,,
2020,410,66.3,,51.4,75.6,137,43.5,,
2021,410,34,,27.3,33.3,,23,,16
2022,410,46.1,,42.4,61.4,68.1,34.5,,
2023,410,55.3,,42.1,62.3,67.4,39.1,,
2024,410,34,,33,56.5,66.2,45.8,,
2025,410,67.7,,53.2,99.2,,54.1,1966,
1990,411,26.2,25,20.5,37.8,56.7,,,20
1991,411,30.7,35,16.2,52.9,50.3,,,20
1992,411,22.9,15,22.2,28.6,45,35,1100,15
1993,411,32.6,35,21.4,57,69.5,28.1,1100,20
1994,411,27.3,25,22.6,46.3,56.7,23.7,588,20
1995,411,23.8,19,16.5,32,36.7,10,,23.3
1996,411,29.2,29.6,17.1,42.5,51.9,20,600,
1997,411,25.5,,15.9,34,44.1,21.5,,
1998,411,23.8,,13.3,31.7,46.8,29.8,,
1999,411,40.4,,30.2,56.9,54.8,48,,
2000,411,32.4,40.5,25.6,52.3,67,35.8,655.4,
2001,411,27.8,14,16.1,40.7,44.4,22.3,,
2002,411,6.9,,13.8,12,,6.3,,
2003,411,31.8,,16.7,44.6,50.6,33.9,,
2004,411,41.5,,29.1,70.5,68.3,49.3,,
2005,411,38.4,,30.1,63.7,64.7,45,,27.5
2006,411,36.2,,31.7,61.5,51.4,33.3,,
2007,411,28,,25.7,52.3,46.6,38.9,,22.5
2008,411,30.7,,26.2,47.4,,,,
2009,411,29.7,,25.9,51.8,,,,
2010,411,41.9,,37.1,59.3,87.2,41.6,1320,
2011,411,44.1,,31.5,62.4,74.2,48.8,,
2012,411,43.4,,25,45,87,30.7,,
2013,411,48.9,,36.3,64.5,89.1,51.7,,30
2014,411,43.28,,37.46,47.1,79.95,39.3,,29.01
2015,411,44.1,,38.75,53.07,60.98,40.3,,14.02
2016,411,51.2,,48.5,72.4,89.5,50,,28.2
2017,411,52.36,,40.94,69.15,83.97,49.3,,
2018,411,52.4,,43.5,65.3,88.7,49.3,,
2019,411,55,,49.2,85.1,89.5,50.6,,
2020,411,59.2,,45.1,84.3,84.7,48.5,,
2021,411,27.5,,28.8,34.1,30.9,21.7,,
2022,411,40,,33.2,53.3,68.2,30.6,903.9,
2023,411,39.7,,32.8,61.9,39,36.5,,
2024,411,41.4,,29.9,58.2,60.9,36.6,964,
2025,411,62.6,,44,90.4,69,52.4,2145,
1990,426,36,,22.2,60.8,62.5,,,18
1991,426,36.6,,22.6,56.4,60,,,16.6
1992,426,25.1,,12.5,40.5,35,15,600,12
1993,426,22.7,,17.8,55.6,62,13.6,300,15
1994,426,30.6,50,22.2,67.7,78.7,30.4,,25.3
1995,426,42.7,,23.5,65.3,82.7,40.9,,29.6
1996,426,37.4,,28.3,60.6,72.4,20,,27.7
1997,426,38.3,,26.8,55.3,67.1,25.2,,22.4
1998,426,38.7,,27.2,60.3,65,43.9,,24.4
1999,426,41.3,,26.1,66.5,74.6,40.8,,24.7
2000,426,37.6,,26.6,60,64.9,23.5,,17.7
2001,426,30.3,,21,51.7,57.6,22.4,,16.1
2002,426,11.4,,14.4,23.1,32.9,9.9,,
2003,426,28.7,,26.5,53.9,74.3,23.8,,15.7
2004,426,34.8,,17.5,55.6,63.8,,,
2005,426,36.6,,31.4,61.5,68.9,,,28.6
2006,426,35.4,,26.3,60.4,67.2,,,
2007,426,34.9,,25.6,44.6,78.2,,,
2008,426,42.7,,36.8,65.6,80.8,,,
2009,426,42,,34.6,72.4,79.3,32.6,,22.4
2010,426,29.7,,21.1,40.2,61.4,24.9,,
2011,426,39.7,,32.1,47.8,88.2,32.7,,
2012,426,33.3,,20.4,35.9,68,26,,18
2013,426,56,,42.1,77.4,120.8,40.9,,
2014,426,52.48,,34.27,51.35,122.24,33.1,612.88,21.73
2015,426,46.13,,37.5,65.16,99.71,27.2,,27.8
2016,426,53.2,,37.8,70,127.2,40.8,,
2017,426,58.73,,45.2,56.83,113.68,49.4,,
2018,426,62.9,,49.1,65.4,115.3,41,,
2019,426,64.9,,49.4,81.1,132.2,49.8,,
2020,426,63.5,,43.8,75.2,132.3,37,,
2021,426,41.8,,26.6,52.6,67.7,,,
2022,426,61.7,,48.1,80.4,106.3,47.7,,
2023,426,56.3,,49.7,73,97.7,35.5,,
2024,426,58.4,,38,79.4,116.6,33.7,,
2025,426,60.2,,44.5,75.1,111.5,40.9,,
1990,427,40.4,,20.3,55.5,70,,,19.4
1991,427,42.7,,26.6,62.9,75,,,21.6
1992,427,29.4,,21,56,74.2,37,1187,17.4
1993,427,30.4,,19.2,50.3,69.1,28.9,377,21.3
1994,427,35,35,20.3,59.7,85.7,28.8,798,22.4
1995,427,38.1,,22.8,66.6,80.5,26.2,,22.4
1996,427,37.4,,26.4,63.4,80.5,31.9,,23.7
1997,427,38.4,,26.1,58.5,73.4,34.1,,18.9
1998,427,38.2,,22.9,60,71.4,34.9,,23.1
1999,427,45.1,,28.8,71.1,93.5,41.5,519.5,25
2000,427,42.8,50.9,28.7,62.1,68.7,33.9,1203.9,22.5
2001,427,22.9,,16.4,38.7,47.6,16.6,625,13.4
2002,427,11.1,,12.9,21.8,28.7,7.5,,10.8
2003,427,33.4,,22.7,52.6,66.9,31.3,,19.2
2004,427,34.7,,23.3,67.5,109,35.4,,18.8
2005,427,47.1,,36,63.1,105.3,35.1,,23.4
2006,427,39.6,,26.9,53.9,88.1,32.8,,18.3
2007,427,36.7,,27.2,51.6,87.9,32.5,,22.1
2008,427,45.1,,38.5,72.9,102,42.9,,28.7
2009,427,44.5,,35.1,70,95.4,39.7,,24.4
2010,427,36.8,,26.1,35.7,84.3,21.3,328,21.9
2011,427,52,,38.2,67.3,115.3,37.6,560,32
2012,427,41.1,,21.6,47,89.6,24.5,,28.5
2013,427,61.4,,42,85.7,140.1,44.4,2039,30.7
2014,427,52.22,,32.36,56.5,119.07,22.4,,27.56
2015,427,51.4,,40.37,70.92,120.44,46.1,,30.62
2016,427,51.5,,45.1,68.6,128.7,47,635,20.6
2017,427,56.12,,42.48,73.84,118.56,48.5,,30.59
2018,427,65.4,,52.6,93.9,135.4,56.8,,39
2019,427,64.9,,48.9,96.2,145,54.7,,37.6
2020,427,69.7,,51.1,91,140.7,38.2,,33.7
2021,427,40.5,,22.8,50.7,62.4,30.4,,9.3
2022,427,59.5,,46.7,92,117.9,51.8,,24.3
2023,427,55.2,,47.7,74,88.8,45.3,,21.5
2024,427,66.9,,43.3,91.1,119.2,51.8,2197,30.1
2025,427,61.4,,45.1,86.9,107.2,54,1459,
1990,428,34.4,33,20.4,56,60,,,18.7
1991,428,48.9,,25.7,55.5,70,,,19.8
1992,428,31.4,,25.1,48,77.6,36,1877,25
1993,428,27.9,,19.7,48.4,77.9,25.4,357,17.6
1994,428,36.4,,19.9,63.4,87.8,31.6,756,26.3
1995,428,39.9,,26.9,64.9,72.9,35.8,1200,24.8
1996,428,45.2,,31,69.4,73.7,33.7,,26.9
1997,428,42.5,,28.7,64,65.9,36.4,,25
1998,428,48.5,41.3,28.3,66.9,81.3,37.1,,25
1999,428,48.3,,30.6,70.9,92.9,36.6,,29.9
2000,428,40.2,,28.4,66.7,82.3,34,,23.2
2001,428,25.1,,19.8,44,47.4,17.9,,17.7
2002,428,13.3,,18.7,24,39.3,7.2,,10.6
2003,428,38.5,,27.5,60.4,90.2,26.6,,16.4
2004,428,32.1,38.7,22.1,64,79.8,27.3,,
2005,428,48.4,,40.5,60.5,98.1,36.2,,23.6
2006,428,41.5,,30.3,60,99.6,25.6,,27.2
2007,428,33,,27.1,44.6,83.8,23.9,,21.1
2008,428,45.5,,37.1,71.2,101.8,39.4,,25.7
2009,428,44.4,,35.7,72.7,100.9,41.5,,24
2010,428,32.8,,24.1,37.3,89.4,14,,15.3
2011,428,46.5,,36.6,67.3,100.6,34.6,,25.2
2012,428,36,,22.8,45,90.6,18.3,,
2013,428,53.2,,35.6,69.8,125,31.4,,38
2014,428,42.27,,27.86,49.71,107.31,26.5,,17.12
2015,428,48.24,,43.37,70.5,116.39,42.8,,22.21
2016,428,48.6,,43,73.7,118.2,45.2,,17
2017,428,58.05,,42.69,71.36,121.08,45.7,,
2018,428,58,,46.6,77,122,51.6,,
2019,428,59.1,,43.9,86.8,129.1,43.8,,
2020,428,56.7,,40.4,78.4,118.5,36.8,,28
2021,428,35,,21.8,44.9,57.4,26.7,,14.3
2022,428,60.5,,45.9,82.3,122,49.6,,29.5
2023,428,51.9,,45.6,70,99,42.7,2835.2,
2024,428,54.8,,38.2,80.1,123,42.7,2427,
2025,428,60.1,,49.3,95.2,121,48.3,3411,31
1990,429,41.4,32.5,25.4,62.9,71.6,,,21.8
1991,429,44.9,,28.4,58.5,65.3,,,23.1
1992,429,31.3,,25,61.9,62.5,35,1206,14.5
1993,429,33.4,,20.4,58.1,81,26,659,18.6
1994,429,39.2,40,16.3,63.3,87.2,32.2,831,25
1995,429,45,,27.6,67.5,84.4,36.2,1200,22.9
1996,429,43.2,,29.6,69.4,89.9,37.9,1487,22.5
1997,429,47.4,40,31.5,67,81,34.9,1500,22.6
1998,429,48.5,42.5,27.3,72.1,88.4,35.8,,22.3
1999,429,50.4,,29.4,73,101.3,41.8,,29.1
2000,429,45.3,,26.6,66.2,,37.2,,
2001,429,19.6,,19.2,33.9,51.3,15.4,,8
2002,429,11.4,,10.2,13.6,24.9,6.2,,10
2003,429,47.7,,31.6,73.3,78.9,26.3,,25
2004,429,34.9,,18.6,40.8,101.1,16.9,,9.4
2005,429,45.9,,37,71.7,97.2,36,,30.4
2006,429,38.5,,30.6,59.6,96.1,32.5,,21.5
2007,429,35.7,,28,41.3,60.2,27.6,,
2008,429,44,,37.4,73.5,103.2,38.8,,27.5
2009,429,44.4,,35.6,76.4,103.4,38.9,,
2010,429,34.7,,27.9,44.5,71.3,16.6,,30
2011,429,46.2,,36.2,62.3,105.1,23,,
2012,429,34.5,,21.7,33.9,80.5,5,,
2013,429,41.1,,26.9,55,88.3,35,,27.3
2014,429,42.42,,25.49,44.1,103.08,13.8,,20.84
2015,429,51.29,,39.92,66.25,106.82,40.4,,28.04
2016,429,47.4,,42.1,78.9,116.3,45,,29.9
2017,429,51.96,,39.42,76.6,121.99,48.7,,
2018,429,52,,47.1,83.4,121.6,56,,
2019,429,57.5,,44,85.7,121.5,49.4,,
2020,429,56.3,,42.1,80.9,120.9,50.4,,27.9
2021,429,35.6,,18.1,34.1,63.1,20.4,,12.1
2022,429,60.9,,43.6,86.6,121.9,52.6,,39.9
2023,429,51.1,,41.4,69.3,88.1,42.5,,23.9
2024,429,60.4,,44.3,83.5,115.9,55.5,,
2025,429,62.5,,49.6,93.2,143.5,63.3,,39.6
1990,430,35.8,32,22.8,50.2,60,,,19
1991,430,36.3,,25.3,45.4,60,,,17
1992,430,24.9,,23.5,54,50,20,400,11.1
1993,430,30.2,,24.9,50.6,60,27,1020,19.5
1994,430,28.4,,22.4,46.6,70,27.1,600,23
1995,430,32.9,,21.9,57.4,70,25,,19.5
1996,430,34,,27.4,55.2,54.5,30,,18.2
1997,430,37,,23.2,52.8,52.5,27.4,,20.2
1998,430,35,30,26.5,61.3,79.1,27.2,,23.4
1999,430,38.9,,25.6,63.1,76.6,34.9,,22.7
2000,430,36,25,25.2,58.1,61.3,30.8,,20.6
2001,430,21.4,,17.7,36.8,34.4,14.8,,16.3
2002,430,9.8,,8.6,15,30,6.2,,5.5
2003,430,35.8,,27.8,54.1,64.1,28.8,,20
2004,430,40.6,,23.8,59.2,65.3,31.3,,16.6
2005,430,46.6,,33.8,63.2,82.8,42.6,,28.1
2006,430,37.7,,27.6,54.9,96.1,24,,22.7
2007,430,33.2,,24.2,34.5,71.7,28.9,,19.5
2008,430,42.6,,35.7,67.7,87.7,32.7,,
2009,430,45.9,,37,79.6,95.1,42,,23.1
2010,430,33,,26.3,50.1,74,26.4,,17.6
2011,430,40,,34.7,61.5,95.3,42.4,,22.4
2012,430,36,,18.5,35.6,84.8,18,,
2013,430,43.9,,27.5,51.6,91.7,40.7,,30.7
2014,430,37.74,,26.86,49.57,92.23,24.1,,26.28
2015,430,43.29,,40.53,60.38,98.6,35.7,,25.47
2016,430,46.5,51.2,40.7,76.1,119.1,50.4,,22.7
2017,430,48.49,,40.81,72.53,123.86,48.1,,
2018,430,48.5,,38.2,70.9,110.8,44.8,,26
2019,430,57.8,,46.9,89.6,126.5,42.7,,32
2020,430,57.3,,41.2,77.1,119.2,43.3,,23.7
2021,430,34.8,,23.6,43.8,53.9,21.6,,
2022,430,64.1,82.9,46.1,86.8,132.1,49.9,,
2023,430,54.9,,45.2,73.3,98.9,46.8,,26.9
2024,430,56.9,,37.8,81.7,111.6,60.2,,
2025,430,61.7,,46.9,90.3,139.4,54.7,,
1990,431,42.3,39,28.1,49.9,70,,,25.2
1991,431,43,,23.9,44,60,,,24.3
1992,431,23.6,,18,49.6,60,32,1218,15.3
1993,431,39,,24.1,57.4,95,37.2,762,26.1
1994,431,40,,22.9,63.4,85,33.2,1313,28.7
1995,431,40.2,55,24,57.4,70,21.4,903,24.3
1996,431,47.8,48.1,26.3,65.1,66,31,1200,24.1
1997,431,35.6,,20.9,58.4,33.3,24,,21.2
1998,431,36.6,33.5,25.9,58.8,79.7,30.6,1137.7,21.5
1999,431,43.8,,29.2,65.7,77.5,32.4,936.6,29.9
2000,431,41,37.4,27.5,58.6,53.8,33.9,,
2001,431,16.6,,15.6,29.5,27.9,13.5,,
2002,431,8.2,6.6,16.6,9.7,,4.4,,
2003,431,31.9,,20.5,59.5,33.8,22.8,1137,21
2004,431,39.9,,24,58.7,57.5,28.7,,
2005,431,43.4,,38.8,73.1,96.5,37.4,,26
2006,431,41.2,,32.4,54.2,67.3,36,,
2007,431,37.6,,33.5,52.2,81.1,38.6,,
2008,431,43,,36.5,75.2,89.8,41.1,,
2009,431,47.7,,33.1,80.6,101.9,42.4,,
2010,431,37,,31.5,63.9,89,35.2,1093,21.7
2011,431,42.6,,33.3,63.4,109,34.2,,
2012,431,35.7,44,21.7,37.9,74.3,25.7,,
2013,431,52,60,36.4,70.2,95.5,51,,28.8
2014,431,41.61,,34,67.79,113.86,36.4,,26.89
2015,431,46.05,,44.08,58.73,113.95,46.4,,33.66
2016,431,43.9,34.2,44.4,73.8,92.8,52.8,1643,17.4
2017,431,54.4,,51.42,75.89,110.69,54,2372.05,
2018,431,53.3,,51.4,71.1,109.6,48.2,1894,
2019,431,57.9,60.6,50.1,86.2,125.1,49.3,2116,
2020,431,61.8,,46.6,82.1,105.7,48.4,1742,31.1
2021,431,42.2,,27.1,44.5,57.6,31.9,,15
2022,431,68.9,,48.7,84.5,134.6,58.1,2235.5,33.9
2023,431,52.5,,46.1,69.1,72.1,42.1,2147.3,
2024,431,60.6,,42.4,83.2,105.1,47.1,,
2025,431,68.4,,52.1,96,134.3,57.3,,
1990,434,45.9,40,29.6,64.2,63.3,,,20
1991,434,36.5,30,25.6,47.5,68.9,,,28
1992,434,31.5,20,12.6,47.4,51.8,,1500,15
1993,434,34.9,40,20.8,61.1,62.9,31.7,691,23
1994,434,26.3,20,19.5,49.1,50,27.4,923,21.9
1995,434,28.7,,19.5,47.7,59.8,20.1,600,
1996,434,36.7,,24.5,60.1,64.8,29.7,1086,20
1997,434,26.4,25,19.1,40.9,41.2,23.1,,13.8
1998,434,33,30,24.9,54.4,59.7,34.5,,20.8
1999,434,38.8,30,28.6,62,80.5,43.3,,26.8
2000,434,34.4,,23.5,64.3,,37.5,,
2001,434,16.9,,16.9,46.6,31.1,14.1,,
2002,434,7.7,,,,8.1,11.8,,
2003,434,27.7,,15.5,33,54.7,7.6,,9.2
2004,434,35.8,,20.2,57.2,56.5,15.4,,
2005,434,41.2,,38,45.5,,,,
2006,434,36.7,,28.7,42.6,55.5,,,20.1
2007,434,33.8,,30.4,55.6,96.5,,,
2008,434,27.9,,29.7,68.8,74.2,35.6,,25.7
2009,434,45.1,,38.6,67.2,105.7,46.6,,24.1
2010,434,44.5,26.2,35.7,61,103.9,34.9,1011,18.8
2011,434,44.4,,37.4,61.7,103.5,40.3,,35.9
2012,434,36.6,,25.7,49,84.2,26.4,,
2013,434,55,,42.1,59.9,121.7,62.4,,34.5
2014,434,49.26,,39.47,63.27,108.19,41.1,,34.76
2015,434,45.38,,41.77,61.9,78.86,24,2018.57,40.15
2016,434,52.9,,51.3,87,117.2,54,2449,35.4
2017,434,51.38,,47.14,81.29,94.32,53.4,2239.29,32.67
2018,434,50.1,,48,64.4,72.4,54,,
2019,434,59.5,,52.2,71.5,96.8,57.7,,34.5
2020,434,68.7,,49.8,72.8,102.8,52.7,2050,30.3
2021,434,30.2,,21.2,31.1,27.3,23.7,939,6.7
2022,434,58.7,,46.7,63.5,151.1,37.3,,22.5
2023,434,64.2,,50.4,62.4,85.6,42.4,,
2024,434,46.2,,34,57.2,84,32.1,1696,
2025,434,49,,43.6,74.2,97.9,43.8,1800,
1990,435,34.3,35,27.6,63,64,,,20
1991,435,33.1,39.6,21.3,48.8,70.6,,,20
1992,435,25.3,30,24.2,44.1,70,,,15
1993,435,30.9,,19.6,58.4,70,10,600,20
1994,435,21.4,,23.9,26.9,84.5,30.1,1200,22.2
1995,435,28.7,,20.3,28.2,55,14,,
1996,435,27.4,,21.1,35.9,67.9,,,
1997,435,27,,19.3,34.9,36.3,26.7,300,11.5
1998,435,26.9,24.8,21.5,52.2,34.9,26.3,,20.6
1999,435,31.3,,25.6,44.3,55.7,31.2,,23.9
2000,435,29.5,,21.6,44.2,49.7,23.1,,14.5
2001,435,19.2,,13,27.3,25.6,6.6,,8.5
2002,435,8.3,,8.9,9.2,9.9,4.8,,
2003,435,19.3,,12.9,32.5,35,13.3,716,10.6
2004,435,29.9,,21.3,52,34.2,31.1,,5
2005,435,34.1,,25.4,49.6,69,36.8,,20
2006,435,31.2,,24.5,39.7,44.7,29.2,,20
2007,435,26.1,,27.2,46.1,65,,,
2008,435,38.5,,34.9,58.8,99,,,
2009,435,36.4,,33.1,56.7,65.8,37.6,,
2010,435,36.9,,27.3,46.2,71.9,33.1,900,18.4
2011,435,38.3,,31.2,51.1,86.2,34.8,1402,28.8
2012,435,30.7,,23.4,41.3,60.8,30.4,660,19.7
2013,435,46.3,,32.8,60.5,92.9,42.3,,27
2014,435,43.81,,33.67,56.56,91.62,30.4,1260.36,25.82
2015,435,42.83,,32.93,59.6,84.81,39.8,1464.98,27.14
2016,435,46.5,,42.5,71.4,82,46.6,1866,41.2
2017,435,45.76,,39.01,71.02,79.63,43.1,2437.72,39
2018,435,45.8,,42,71,84,45.1,2158,
2019,435,49.2,,42.4,74.8,114.3,42.8,,32.5
2020,435,52.9,,42.8,74.7,95.1,46.7,2776,32.4
2021,435,24.5,,16.9,29.2,35.5,20,,10.6
2022,435,41.4,,32.2,61,70.3,36.3,,22.2
2023,435,50.1,,39.7,59.9,81.9,45.7,,
2024,435,48.6,,30.2,48.2,82.3,40.3,1730,
2025,435,55,,47.2,80.5,110.1,47.8,,
1990,436,38.7,34.3,28,59.5,70,,,26
1991,436,32.8,32,19.1,45.8,46.7,,,20
1992,436,25.9,30,19.1,43.6,70,25,,20
1993,436,36.5,40,30.2,59.9,70,33.2,511,27.4
1994,436,31.8,35.9,22.8,61.6,80.7,37.4,300,28.5
1995,436,28,,23,43.8,70,16.9,970,20.9
1996,436,40.3,37.8,28.3,61.8,79.6,38.3,1200,30.5
1997,436,31.9,,21.7,45,42.6,30.3,,14.8
1998,436,34.8,,24.4,53.1,63,28.7,1200,24.1
1999,436,33.1,,27.2,59.6,69.4,36.1,1036.4,23.1
2000,436,36.7,,26.2,51.5,57.5,30.8,,24
2001,436,27.6,,22.3,36.7,50,11.1,,16
2002,436,14.2,,12.7,20.3,29,7.2,,7.9
2003,436,20.6,,19.5,39.8,41,18.4,600,11.5
2004,436,38.4,,24.9,65.4,69.1,33.1,485,13.8
2005,436,37.5,,32.5,57.5,70.9,41.6,,25
2006,436,35.9,,32.2,51,61.6,34.3,,18.9
2007,436,31.9,,28.9,56.9,52.1,31.7,,22.2
2008,436,32.3,,29.7,49.9,55.9,33.1,,
2009,436,39.4,,34.4,64.4,89.4,40.4,,
2010,436,37.5,,35,57.2,103,36.7,2145,22.5
2011,436,37.2,,34.1,60.5,90.2,30.4,,31.4
2012,436,32.9,,26.2,48.8,68.3,26.1,,14.8
2013,436,47,,37.6,75.4,97,50.5,,14.5
2014,436,40.3,,34.79,64.93,99.06,34.9,,34.03
2015,436,44.34,49.56,39.06,65.68,93.94,43.5,1995.47,31.59
2016,436,46.1,,41.9,71.1,111.5,46.4,974,34.4
2017,436,48.97,,34.51,63.67,86.82,47.1,1327.12,38.83
2018,436,49,,34.5,72.8,108.5,43.1,,33
2019,436,47,,41.6,74.7,121.9,49.9,,42
2020,436,55.3,,40.6,81.3,113.5,36,,37.6
2021,436,16.8,,15.2,12,26.8,14,,8.6
2022,436,47.8,,35,63.6,83.2,37.2,1208.1,21
2023,436,42.7,,31.7,54.1,53.9,33.3,1796.3,
2024,436,42.7,,29.9,72.8,60.8,33.2,1172,29.9
2025,436,57.8,,50.5,91.1,121.6,53.7,3107,22.4
1990,437,32.3,30,24.3,50.8,41.8,,,21.7
1991,437,29.1,30,20.8,40.5,35.8,,,20.2
1992,437,20.2,27.5,22.5,36.2,38.8,13.5,1500,20.7
1993,437,36.5,,23.3,52.8,92.9,33,692,20
1994,437,30,,22.1,44.9,80.7,26.4,1154,21.7
1995,437,27.4,,22.4,35.9,75.1,17.1,1181,18.5
1996,437,39,,28,58.6,77.6,30.7,1001,25
1997,437,29.1,,20.9,42.7,54.4,29.6,1221.3,14.8
1998,437,33.6,,26.5,48.5,74.8,31.5,1003.8,19.9
1999,437,37.6,,28.2,64.6,99.5,42.3,601.8,18.4
2000,437,29.8,,24.7,49,85.7,27.8,1132.4,21.6
2001,437,27.5,,20.8,43.8,56.1,21.1,946,17.4
2002,437,9.6,,9,16.7,26.8,6.1,142,8.7
2003,437,20,,13.9,31.3,50.8,11.9,806,8.7
2004,437,36,,22.2,70.9,76.6,35.8,,17.4
2005,437,34.6,,29,65,81.6,37.3,1083,
2006,437,37,,30.5,49.6,,34.1,,19
2007,437,38.6,,28.9,49,75.8,36,,
2008,437,34.1,,29,69.8,63.4,33.5,,
2009,437,40,,35.5,56.4,,41.6,,
2010,437,44.1,,40.5,65.8,98.2,44.5,1657,21.8
2011,437,45.5,,37.6,60.3,120,36.7,1234,26.1
2012,437,41.5,,27.8,54.8,74.1,24.7,,
2013,437,55.5,,43.7,67.1,99.1,47.8,,31
2014,437,48.47,,39.21,56.19,79.48,36.2,,26.26
2015,437,45.73,,42.02,57.47,74.21,35.3,1238.36,27.5
2016,437,50.3,,43.7,67.4,110.7,46.1,1732,30
2017,437,49.94,,41.25,70.74,134.94,45.5,1904.03,
2018,437,47.2,,42.3,66,,49.6,,33
2019,437,58.1,,45,69.7,,37.3,1775,33.9
2020,437,57.5,,47.1,79.6,59.1,39.3,1874,29.8
2021,437,26.2,,17.6,32.2,25.2,24.2,741,11.3
2022,437,51,,40.7,67.6,97.9,39.9,1684.3,33.3
2023,437,49.2,,32.3,78,80,37,1489.7,15
2024,437,49.2,,34.7,74.8,77,34.5,1575,24
2025,437,59.1,,51.5,79.4,79.8,39.9,1902,27.4
1990,438,38,30,26,57.2,70,,,19.3
1991,438,35.9,,19.6,52,45,,,17.5
1992,438,24,25,24.6,35,40,25,800,21
1993,438,35,,33,70.4,62,34.3,759,30
1994,438,33,28,15,50,70,28.2,1067,22
1995,438,24.1,26,16.8,48,60,20.3,1200,21
1996,438,33.5,42,24,48.3,55,32.6,978,20
1997,438,30.5,30,21.2,37.3,30,31.2,850,16.5
1998,438,34.2,35,25.4,57.9,58.8,36.2,1200,23
1999,438,40.5,,30.8,60.2,68,39.4,875,23.4
2000,438,38,25,27.7,47.7,66.4,33.7,864.3,20
2001,438,25.9,20,16.3,43.3,32.9,21.4,1087,22.5
2002,438,8.7,,10.4,18.8,12,6.4,360,10
2003,438,21.1,22.6,12.7,27.5,30.2,12.6,,9
2004,438,32.7,35,26.9,49.7,53.8,29.1,,13
2005,438,40.1,40,34.5,61.1,74,38.8,,27.2
2006,438,35.9,30,29.8,59.6,64.7,29.4,900,23.9
2007,438,32.9,,27.7,50.9,55.1,33.6,,23
2008,438,35.5,,33.5,57.1,48.6,37.6,,15
2009,438,40.4,,33.7,56.5,77.4,40.3,600,
2010,438,34.4,,32,51.5,57.8,38,1041,25.3
2011,438,45.9,,38.7,69.3,75.5,37,1501,24.4
2012,438,35.6,,28.6,54.8,57.5,24.3,697,20
2013,438,48.9,,39.7,71.5,85.5,39.3,906,40
2014,438,43.12,,41.15,64.93,96.3,29.7,1686.42,20.51
2015,438,33.87,,37.83,55.61,71.16,31.1,1058.6,30.78
2016,438,45.7,,44.5,76.3,81.3,44,1401,36.1
2017,438,48.2,,37.1,64.23,92.04,37.5,1153.19,
2018,438,48.2,,43.4,70.4,103.5,41.8,1096,
2019,438,65.1,,47.2,88.6,138.3,43.4,,33.6
2020,438,67.3,,46.9,84,165.1,47,1653,45.4
2021,438,39.4,,24.3,32.5,46.2,21.6,966,14.5
2022,438,56.6,,43.6,84,110.4,47.9,1858.5,38.6
2023,438,61.3,,40.8,82,75.5,51.6,2372.2,33
2024,438,50.3,,33.4,60.7,109.7,40.5,1523,19.2
2025,438,61.4,,49,62,60.7,50.1,2430,31.5
1990,439,32.9,30,24.8,58.7,55.6,,,19
1991,439,33.6,,22,44.1,57,,,20
1992,439,30.6,,12.1,47.7,40,18,600,20.5
1993,439,30.1,,19.9,46.2,68.7,39.5,714,20
1994,439,20,,19.9,51.2,,32.1,1531,22
1995,439,15.6,,16.1,26.7,35.5,13.6,1049,
1996,439,29.5,,17.6,48.3,61.2,28.9,1362,
1997,439,29.6,,19,40.9,68.3,31.8,,
1998,439,31.2,35,21,48.2,64,30.6,,
1999,439,39.7,,32.2,69.1,,49.2,,
2000,439,35.4,,30.6,52.5,88,38.9,,
2001,439,31.9,,22.9,42.3,29.5,28.1,,
2002,439,8.3,,6.8,14.1,,3.5,,
2003,439,18.5,,12.9,25.8,37.6,17.8,,
2004,439,40.9,,25,71.3,102.2,35,,
2005,439,44.8,,44.4,60.8,,45.5,,
2006,439,33.3,,32,,,33.8,,
2007,439,30.6,,26.9,78.3,,39.3,,
2008,439,40,,37.9,,,43.4,,
2009,439,49.1,,40.1,,,45.2,,
2010,439,37.6,,37.8,52.5,61.9,41.4,763,
2011,439,47.9,,41.9,64.7,80.2,44.6,1799,
2012,439,40.2,,30.7,57.8,,26.2,350,
2013,439,57.9,,40.7,61,68.6,41.2,1799,
2014,439,53.41,,47.03,70.85,84.32,34.8,712.09,
2015,439,46.64,,46.22,65.13,63.06,41,2037.12,
2016,439,60,,48.9,,,54.1,2108,
2017,439,65.64,,47.81,76.33,,48.6,1578.36,
2018,439,65.6,,49.1,93,,48.6,,
2019,439,72.1,,55.6,86.6,164.1,59.1,,
2020,439,72.8,,53.4,96.3,125.9,55.8,,35.4
2021,439,32.3,,21.7,29.1,32.6,16.7,,10.6
2022,439,54,,43.1,65.9,63.2,42.7,,30.2
2023,439,61.8,,48.7,76.6,49,51.3,,
2024,439,43.9,,29.9,54.7,58.6,39.8,,
2025,439,55.2,,47.2,66.2,71.5,44.9,,9.8
1990,440,29.2,28,24.2,52.2,63,,,20
1991,440,32.2,34,19.1,58.8,51.9,,,23
1992,440,21.3,,21.8,36.8,44,,,20
1993,440,37.2,,24.3,56,73.6,36.8,,
1994,440,33.3,36,24.7,48.1,72.2,34.9,900,24
1995,440,23.8,,16.6,20.9,40,15.4,,
1996,440,31.9,,19.3,47.5,68.7,37.9,,15
1997,440,28.4,,21,36.8,66.3,30.1,,18
1998,440,21.6,,17.6,37.9,57.3,15.9,,13
1999,440,41.6,,31.8,68.4,86.6,45.4,,22.5
2000,440,32.6,,28.5,54,66.4,37.8,,
2001,440,30.7,,21.8,46.3,33.4,33.4,,18
2002,440,4.1,,5,,,2.9,,
2003,440,22.1,,14.6,37.9,48.7,19.6,,15
2004,440,46.4,,31.4,61.1,85.3,34.6,,
2005,440,43.4,,37.1,62.7,77.5,39.2,,20
2006,440,34.3,,32.3,56.2,80,,,
2007,440,36.8,,29.3,51,60,36,,
2008,440,34.7,,30,44.1,,38,,
2009,440,44.4,,32.7,71.2,80.5,36.3,,
2010,440,43.4,,35.9,61,81.8,43.8,997,
2011,440,40.9,,31.8,52.6,72.1,37,1500,25
2012,440,40.9,,31.7,52.8,67.5,32.6,,
2013,440,50.1,,42.7,78.2,72.9,43.5,,
2014,440,55.57,,43.42,81.25,97.19,46.1,1053.8,
2015,440,45.55,,47.42,65.47,59.97,43.5,,
2016,440,58.9,,47.6,83.5,82.6,50.1,,
2017,440,62.29,,46.33,71.64,82.44,48.6,,
2018,440,62.3,,46.3,68,,52.7,,
2019,440,62,,47.1,81.8,,38.7,,
2020,440,57.5,,48.8,82.4,105,41.3,,
2021,440,25.4,,26.1,35,,24,,
2022,440,62.7,,45.5,74.1,100,42,,37.4
2023,440,50.4,,42.1,67.2,,42.7,,
2024,440,37.6,,29.1,36,53.9,36.8,,14.1
2025,440,58.5,,45.6,78.9,95,51.3,,
1990,442,31.7,,23.8,58.1,59.3,,,20
1991,442,34.1,27,21.1,34.7,50.9,,,21
1992,442,23.9,,24.6,37.9,50,25,,20
1993,442,42.8,45,26.6,61.4,86.7,44.1,1650,27.5
1994,442,32.5,,21.1,56.8,73,38.2,1298,20
1995,442,16.1,24,13.5,28.3,35.1,7.3,500,
1996,442,33,,20.9,50,78.6,39.9,1500,22
1997,442,28.8,,20.2,41.3,41.6,30.4,,20
1998,442,19.2,,15.6,37.7,37.1,16.6,,11.3
1999,442,34.4,,29.1,66.1,79,39.5,,23.4
2000,442,33.7,,30.8,61.2,75.7,36.2,,14
2001,442,31.7,,20.1,45.3,50.8,28.3,,18
2002,442,4.3,,5.3,5.1,,,,
2003,442,30.9,,19.7,46.5,52.3,22.7,,
2004,442,49.5,,29.8,67.1,70.5,41.1,,
2005,442,40.9,,36.3,69.8,85,35.9,,25
2006,442,39.1,,33.9,60.5,72,,,
2007,442,33,,28.6,50.1,51.5,33.2,,25
2008,442,39.2,,36.7,60.9,78.6,33,,30
2009,442,46.2,,35.4,56.7,56.7,36.3,,
2010,442,44.7,,40.2,63.9,68.2,37.3,,
2011,442,40.8,,36.2,60.3,64.7,31.6,,
2012,442,45,,35.5,56.3,72.8,34.1,,
2013,442,55.5,,39.3,69.5,83.2,48.7,,
2014,442,47.56,,40.73,55.51,81.15,41.5,,
2015,442,46.9,,40.09,57.33,87.99,41,,
2016,442,52.1,,45.6,59.8,104.9,47.1,,
2017,442,60.73,,46.17,66.84,90.45,53.5,,
2018,442,60.7,,46.2,67.5,86,45,,
2019,442,59.3,,46.8,84.3,92.2,33.6,,
2020,442,56.2,,41.9,76.5,90.1,38.7,,36.6
2021,442,45,,30.9,56.2,50.3,26.1,,29.3
2022,442,59.3,,47,71.1,115.7,41.6,,29.4
2023,442,54.8,,43.1,61.1,79.8,64,,
2024,442,39.2,,29.5,44.1,57.1,39.7,,30
2025,442,63.2,,46.7,86,109.1,47,,40
1990,456,40.8,35,24.6,61.1,70,,,19.8
1991,456,33.2,35,27.5,58.9,55,,,17.7
1992,456,24.3,15,21.8,47.8,64.8,40,600,22.8
1993,456,28.6,,11.6,51.3,108.2,20.2,900,18.4
1994,456,36.1,37.5,24.7,50.7,87.5,23,,21.5
1995,456,30.9,,21.3,54.7,81.2,21.8,900,18.9
1996,456,41.3,,35.5,52.7,90.8,28.3,,22.7
1997,456,37.7,,28,56.2,73.7,39.1,,18.9
1998,456,43.6,,28.2,60.7,92.8,36.6,,22.7
1999,456,43.9,30,37.2,52.8,84.8,43.7,,25.7
2000,456,35.5,,34.1,42.4,81.7,41.2,,21.7
2001,456,32.3,,25.5,47.1,57.5,26.8,,18.9
2002,456,6.5,10,7.9,9.8,22.6,6.4,,7
2003,456,28.4,,26.7,39.6,45.9,24.2,,22.4
2004,456,43.7,55,29.7,58.2,84.5,42.8,,17
2005,456,47.9,,39.5,57.6,76.4,26.6,,22.6
2006,456,34.6,,31.3,44.3,78,32.2,,22.3
2007,456,33.6,,27.3,30.3,83.1,28.5,,18.9
2008,456,42.2,,36.9,62.6,86,37.6,,29.4
2009,456,44.9,,36.2,56,101.4,40.5,,21
2010,456,31.6,,29.3,42.7,81.3,22.5,,23.7
2011,456,43.2,,38.6,47.3,95.9,25.1,,28.9
2012,456,37.2,,25.4,37,79.9,19,,24
2013,456,47.1,,42.7,61.9,113.2,41.5,,30.8
2014,456,48.24,,30.19,52,111.62,32.2,,23.59
2015,456,46.31,,42.17,65.68,108.54,41.2,,29.49
2016,456,46.4,,35.9,59.2,103.9,34.1,436,25
2017,456,55.28,,34.75,61.91,105.22,46.7,,29.98
2018,456,53.7,,42,71.9,108.8,43.3,,28.5
2019,456,54.6,,54.5,67.1,104.7,53.6,,38.4
2020,456,48.8,,32.3,74.9,104.9,36.4,1500,27.2
2021,456,46.1,,23.5,59.8,58.8,37,,12.7
2022,456,58.5,,43.5,85.4,120.6,37.3,,28.6
2023,456,46.5,,39.8,64.2,84.9,36.1,,18
2024,456,63.3,,37.3,75.9,108.9,39.3,,28.4
2025,456,56.5,,47.4,75.2,106.8,49.2,,32.8
1990,457,46.1,40,23.9,65.1,81.8,,,22.8
1991,457,41.5,43,25.5,56.4,60,,,21
1992,457,26.4,,19.5,46.5,48.1,17.7,900,12.1
1993,457,26.2,,19.6,48.2,75,25,1000,16.9
1994,457,30.7,,21.8,54.6,92.5,30.8,520,21.5
1995,457,28.8,,20.3,50.5,85,26.4,1150,17.8
1996,457,36.2,,30.3,57.5,92,27.3,,21.7
1997,457,36.3,,23.5,53.6,73.7,27.2,,17.8
1998,457,38,,24.4,61.3,82.1,33.3,,21.1
1999,457,44.6,,29.1,67.7,90.7,37.4,1420,25.3
2000,457,37.9,,27.9,66.1,89.1,31,1383.2,21.9
2001,457,20.9,,16.5,38.5,37.9,21.7,1144,12.5
2002,457,9.1,,11.1,20.3,26.8,6.1,,6.1
2003,457,31.2,,22.8,54.2,72,24.9,,17.5
2004,457,38.9,,22.3,70.9,101.6,30.4,570,13.2
2005,457,46.2,,35,66.5,96.7,35.8,,24.8
2006,457,36.4,,25.7,60,78.6,40.5,,19.6
2007,457,31.3,,20.4,43.7,68.5,37.3,,18.4
2008,457,41.5,,35,62.9,83.9,43.6,,26
2009,457,43,,33.8,69.9,97.1,43.3,,16.6
2010,457,27.7,,24,44.3,78.7,19.1,966,20.1
2011,457,40.8,,32.8,61.6,90.1,25.7,1812,18.6
2012,457,36.5,,22.2,39.9,74.3,25.3,,21.2
2013,457,53.8,,36.5,75.5,122.6,44.8,,24.7
2014,457,41.5,,24.44,57.31,104.24,29.6,,22.7
2015,457,47.39,,37.91,71.95,104.97,39.5,1133.54,26.2
2016,457,46.9,,35.3,66.3,107.2,32.1,918,25.7
2017,457,47.92,,36.58,61.57,101.49,39.9,,26.98
2018,457,47.9,,41.2,68.7,111.6,39.8,,25
2019,457,51.6,,47.9,77.6,113.5,51.7,,33.2
2020,457,52.1,,32.2,78.5,124.3,37.5,,31
2021,457,47,,25.7,58.3,76.3,30.3,,18.7
2022,457,59.6,,47.3,82.6,119.8,48.3,,29.5
2023,457,49.5,,44.3,70.8,89.5,33.5,1620.4,27.7
2024,457,61.9,,40.8,90.7,112.4,51.6,2341,30
2025,457,63.6,,48.1,96.3,129.1,53,2350,39.9
1990,458,46.1,41,23.1,58.5,60,,,21.4
1991,458,40.2,,26.2,62,68.8,,,23.7
1992,458,26.3,,19.9,46.8,44,23,1850,17.5
1993,458,32,,20,50.3,73.9,28.6,346,19.8
1994,458,34.7,40,21,59.6,87.1,29.3,465,24.5
1995,458,39.9,,24.2,53.7,80,32.3,,16.3
1996,458,40.9,,26.1,63.1,62.8,36.6,,23.4
1997,458,40.4,,25.7,46.9,67.1,29.6,,18.8
1998,458,38.8,,24.1,54,65.8,30.7,,23.2
1999,458,44.7,,28.8,61.2,81.7,41,920,25
2000,458,36.5,,19.6,54.3,64.8,21.4,,22.8
2001,458,30.1,,22.4,44.5,56.1,25.3,,14.6
2002,458,15.1,,16.6,22.8,29.6,11.2,,12
2003,458,33.8,,24.1,44.3,57.2,26.3,,18.2
2004,458,32.7,,19,66.8,77.1,27.6,,15.7
2005,458,39.1,,29.9,60.4,80.4,36.5,,21.9
2006,458,36.8,,28.9,49.2,72.3,35,,21.2
2007,458,33.2,,26.2,40.5,78.8,22.5,,
2008,458,45.6,,35.2,68.5,92.4,41,,25
2009,458,42.1,,27.9,64.8,99.5,45.1,,19.4
2010,458,31.2,,27.3,49.1,81.9,24.2,1121,16.4
2011,458,40.5,,32,52.4,94.4,23.2,,23.6
2012,458,36.1,,21.1,47.4,77.9,14.6,,23
2013,458,49.9,,33.4,71.2,107.3,12.8,,21.9
2014,458,38.81,,26.69,51.52,101.75,,,22.82
2015,458,44.86,34.95,38.6,71.43,106.67,45,,25.64
2016,458,50.3,,40.8,70.6,115.4,42.8,,14.8
2017,458,54.91,,40.43,78.37,120.86,53.1,,
2018,458,55.6,,46.7,82.7,120.3,57,,
2019,458,66,,50,93,138.7,52.5,,
2020,458,59.7,,37.4,71.7,129.8,50,,
2021,458,47.9,,28,57,70.4,33.5,,
2022,458,69.8,,51.8,78.9,135.8,55.6,,
2023,458,51.7,,51.5,67.3,93.6,44.2,,
2024,458,71.1,,43.7,92.1,129.6,57.4,,
2025,458,72,,52.6,97,139,54.5,,
1990,459,44.1,35,28.3,59.8,75,,,20.3
1991,459,39.1,,26.3,48.9,53.4,,,25.1
1992,459,24.5,,22.6,50.7,40,14.8,700,20
1993,459,30.8,,15.3,55.5,44.7,24.7,413,18.6
1994,459,28.3,,14.8,55,83.5,25.4,159,17.6
1995,459,36.7,47.5,25.2,52.8,39.7,24.1,,18.5
1996,459,38.4,39.7,26.4,72.7,68.5,39.2,,10
1997,459,38.9,,25.4,53.8,63.2,32.7,,21.5
1998,459,35.7,21.4,26.3,62.2,80.9,31.2,,22.2
1999,459,44.2,,27,71.2,97.8,43.4,,26.1
2000,459,42.3,38.3,25.7,61.2,85.5,31.8,,20.5
2001,459,27.3,,23.5,47.7,49.9,20.6,,11.3
2002,459,7.9,,12.2,11.4,32.4,9.9,,
2003,459,40,,25.9,61.1,67.2,30.3,,14.5
2004,459,30.3,,16.9,64.7,84.5,20.6,,9.2
2005,459,45.8,,33.2,59.4,88.6,37.7,,
2006,459,40,,27.4,64.5,106.7,39.7,,24.4
2007,459,29.8,,24.3,40.3,86.7,37.5,,
2008,459,39.7,,35.9,74.5,106.2,38.2,,
2009,459,47,,37.1,75.9,100.9,39.4,,
2010,459,29.6,,20.6,40.6,73.9,18.8,282,
2011,459,39.8,,32,57.8,102.3,38.3,,31.6
2012,459,30.7,,22.2,37.2,77.4,17.5,,21.5
2013,459,39.4,,29.6,53.6,93.5,,,24.5
2014,459,39.24,,25.75,46.34,91.24,28.6,,30.22
2015,459,46.6,,42.06,62.55,91.03,46.6,,27.21
2016,459,49.4,,44,75.3,112.5,50.2,1199,31.2
2017,459,44.19,,41.1,80.16,120.76,53.4,,
2018,459,50.1,,45.5,86.9,124.6,57.7,,
2019,459,63.8,,47,90.4,138.3,49.2,,
2020,459,51.7,,37.1,83.4,109.7,53.3,,
2021,459,33.4,,20.9,40.9,53.6,25.3,,12
2022,459,61.8,,46.6,93.6,114.8,55,,25
2023,459,55.1,,45.3,75.5,85,44.8,,
2024,459,68,,41,86.1,121,52.7,,
2025,459,63.2,,45.7,82.1,117.1,52,1200,25
1990,460,43.2,36,26.3,63.3,83,,,21
1991,460,37.3,,24.5,52.9,65,,,20
1992,460,28.5,,18.8,50.4,71.1,13,,10
1993,460,38.8,,23.4,69.4,106.8,35.8,1330,24.1
1994,460,34,,22,64.4,64.1,32.4,771,24
1995,460,35.2,,23.4,60.4,50,26.1,,17
1996,460,41.7,42.7,29.2,68.1,59.9,35.3,,25.7
1997,460,39.4,,24.9,54,56.4,27.3,,19.8
1998,460,37.6,43.5,27.9,71.7,91.7,32.6,,26.1
1999,460,44.7,,27.9,72.5,73.6,42.9,,25.4
2000,460,42.1,50,25.8,61.3,90.9,35.2,,20.2
2001,460,30.2,,24.3,47.5,75,16.2,,20.5
2002,460,8.8,,8.5,16.1,23.1,7.2,,
2003,460,43.2,,29.5,73.2,72.5,40,,12.6
2004,460,38.4,,19.3,64.3,83.4,29.6,,11.9
2005,460,48.1,,35.2,64.1,78.8,,,
2006,460,34.6,,29.5,68.1,,,,
2007,460,29.4,,27.6,40.6,74.2,,,
2008,460,45.2,,36.5,74.5,84.4,27.3,,22.5
2009,460,46.2,,31.6,70.1,87.8,41.6,,
2010,460,41.2,,28.9,54.6,84.7,31.3,,14.1
2011,460,36,,32.6,53.4,87.7,,,
2012,460,32.7,,22.8,35.7,72.9,16.6,,22
2013,460,49.8,,37.5,66.2,111.4,28.1,,27.8
2014,460,34.34,,25.7,51.69,104.15,18,,24.76
2015,460,39.43,,35.05,64.3,93.29,39.5,,28.24
2016,460,47.4,,43.4,73.6,126.6,59.1,639,26.8
2017,460,53.95,,41.66,70.39,106.55,59.4,,27.95
2018,460,50.1,,41.7,76.7,115.3,59.3,,18
2019,460,52.9,,46.2,81.3,115.4,45.9,,31.4
2020,460,52.9,,40.1,74.5,107.6,45.7,3411,
2021,460,38.5,,23.8,48.5,45.9,26.5,,10.2
2022,460,67.3,,47.5,91.1,131.8,59.6,,33.7
2023,460,56.6,,46,70.8,89.3,50.1,,
2024,460,58.5,,35.7,88,119.1,52.4,,
2025,460,68.2,,46.1,91.2,128,62,,
1990,461,36.5,34,20.3,57.5,59.3,,,23.7
1991,461,28,30,19.9,46.3,54.3,,,18.9
1992,461,21.4,20,23.1,38.9,50.7,20.2,,12
1993,461,27.1,,18.4,52.8,66.6,25.5,,16.3
1994,461,25.4,,18.8,59.4,75,24.9,,18.9
1995,461,27.2,,20.2,38.7,50,17.4,,13.4
1996,461,31.6,,26.3,50.1,53.2,37.7,,
1997,461,30.1,,19.3,35.6,44.9,28.1,,15.4
1998,461,31.4,,26.5,57.8,70.8,30.6,,20.2
1999,461,37.4,,31.8,66.3,66.2,36.2,,19.8
2000,461,31.6,,26.1,49.5,53,26.7,1000,17.4
2001,461,23.2,,22.3,34.9,33.7,21.3,600,27.5
2002,461,5.9,,10.4,11.7,24,9,,10
2003,461,24.4,,19.6,30.5,35.4,15,,15
2004,461,27.5,,20.9,48.4,53.6,24.5,,17.6
2005,461,32.8,,30.1,54.5,55.1,40,,22
2006,461,40.8,,23.7,52.1,83.3,41.9,,
2007,461,37.4,,29.1,48,82.3,34.7,,
2008,461,33.9,,31.4,64.9,79.8,43.9,,24.7
2009,461,37.8,,36.4,70.5,95.2,43.6,,22.3
2010,461,40.3,,30.2,58.1,84.5,34.9,,16.7
2011,461,36.7,,35.7,59.4,92.2,35.2,,24
2012,461,34.1,,25.8,49,77.4,29.7,,20.6
2013,461,44.5,,37.1,67.2,104.3,37.8,,25.8
2014,461,35.78,,29.88,51.63,85.86,26.6,,16.46
2015,461,36.61,,37.2,59.85,99.07,31.4,,23.76
2016,461,42,,40.3,71.7,96.3,50.1,,28.5
2017,461,43.65,,38.24,62.3,93.49,43.5,,31.09
2018,461,43.7,,38.2,71,97.5,38,,31
2019,461,51.1,,45.2,78.5,112.5,37.2,,35.4
2020,461,49.7,,41.1,70.4,107.6,39.8,,30
2021,461,36.1,,23.2,45.2,61.9,38,,14.8
2022,461,59.5,,46.5,82,116.2,57.4,,28
2023,461,51,,49.9,75.5,92.8,53.3,,17.8
2024,461,62.6,,40.6,76.9,107.8,52.9,,30
2025,461,59.4,,46.3,82.5,112.8,52.6,,25.8
1990,463,34.4,35,28.2,52,58.4,,,27.5
1991,463,32.7,,20,37.5,37.5,,,16
1992,463,24.3,,24.8,58,40,30,500,20
1993,463,33.5,,21.7,53,61.6,36.2,700,20
1994,463,32.5,,17.5,47.5,52.9,23.7,400,22.5
1995,463,31.8,25,26,46.9,48.1,23.5,500,18.5
1996,463,37.8,,28.1,54.7,67.6,31.3,1200,22.5
1997,463,26.8,,16.2,33.4,42.6,21.8,875,14
1998,463,32.2,,23.5,56.3,67.2,31.9,,18.3
1999,463,31.8,,30.1,61.3,68.4,41.1,,22.5
2000,463,31.4,,24.8,58.5,64.9,42.9,,25
2001,463,16.3,30,11.4,30.5,45,14.3,,15
2002,463,6.2,,4.5,8.9,10.6,6.3,,8
2003,463,28.7,,24.7,44.8,31.9,20,,17.4
2004,463,45,,25.7,65.3,,44.5,,20
2005,463,47.4,,41.3,58.7,76.5,45,,20
2006,463,39.7,,30.8,53,72.3,,,27.5
2007,463,30.1,,27,41,86.7,34.6,,20
2008,463,38.1,,36,66.8,82.2,45.1,,
2009,463,39.2,,36.9,69.9,76.3,39.1,,
2010,463,43.8,,35.9,61.1,80.1,37.9,648,
2011,463,44.2,,42.7,68,92.1,42.8,,
2012,463,36.4,,29,55,64.8,27,,
2013,463,48.6,,44,65.9,100,37.4,,27.3
2014,463,49.39,,42.96,65.48,86.48,48.5,,32.35
2015,463,46.09,,46.63,70.16,99.92,52,,37.86
2016,463,47.7,,47,76.5,102.2,48.5,,20
2017,463,51.4,,43.41,72.21,83.2,43.7,1888.52,
2018,463,45.5,,43.1,63.5,84.5,34,,
2019,463,46.6,,47.3,72.9,95.3,51.4,,
2020,463,50.5,,44.1,82.5,97.3,45.6,,
2021,463,25.7,,27,29.3,27.4,24.2,,
2022,463,52,,47.5,93.9,134,40,,
2023,463,46.7,,42.6,63.5,76.3,33.7,,
2024,463,45.7,,37.5,62.9,76.1,44.9,1047,
2025,463,57.1,,50,70.3,86.1,55.8,2073,
1990,464,35.6,35,28,58.6,60,,,24.5
1991,464,30.9,,24.4,51.9,52.5,,,22.5
1992,464,25,,14.2,49,39.9,13,,16.7
1993,464,33.4,35,17.2,38.4,64.9,25,780,22
1994,464,33.4,,19.4,46.9,74,17.9,566,22
1995,464,30.7,40,20.3,44.1,68.1,19.2,,18
1996,464,44.2,35.5,30,62.5,85,30.4,,25
1997,464,29.4,,16.5,44.9,44.9,22.9,,15
1998,464,39.3,,23.9,49.4,71.7,39.2,,18.5
1999,464,41.3,,25.8,58.9,73.6,38.2,,22.5
2000,464,33,,21.8,45.3,75.2,29.4,,20
2001,464,25.1,,16.1,41.1,44.6,16.9,,15
2002,464,15.9,,6.5,16.1,25,3.5,,3
2003,464,28.5,,20.7,35.4,49.4,23,,20
2004,464,37.2,,19.9,61.8,95.6,32.5,,22
2005,464,40.4,,32.2,60.7,95,40,,30
2006,464,36.1,,30.4,57.8,82.7,40,,25
2007,464,35.4,,29.3,50.9,87.1,36.8,,17.9
2008,464,40.1,,30.4,67.9,89.5,40,,
2009,464,45.8,,31.9,61.2,98,40,,
2010,464,45.1,,35.9,62.4,97.4,48,1008,20.9
2011,464,43.3,,35.5,52.2,93.9,29.2,,
2012,464,50.4,,30.5,47.3,88.4,33,,
2013,464,60.6,,41.8,46.5,122.6,35.3,,39.7
2014,464,48.18,,37.69,61.51,121.49,43.2,,26.82
2015,464,44.74,,44.56,63.24,89.79,25.9,,32.9
2016,464,55.2,,50.4,80.8,155.2,55.4,2386,19.8
2017,464,54.2,,45.2,80.21,107.84,67.2,2084.02,
2018,464,45.6,,45.4,66,90.7,43,,
2019,464,64.3,,54.4,73.3,132.3,49.8,,
2020,464,73.8,,47.3,64.7,122,46.6,2251,
2021,464,36.2,,27.9,33.1,38.2,24.4,,
2022,464,70.5,,52.4,80.7,150.3,68.9,,
2023,464,72.2,,56.5,88.6,116.3,44.5,,
2024,464,56.3,,37.4,59.9,80.6,33.7,,
2025,464,47.7,,41,54.8,84.4,26.7,,
1990,466,39,,23.6,60.9,81.6,,,25
1991,466,33.3,,16,44.2,55,,,18
1992,466,15.4,,11.4,37.4,66.5,15,,15.4
1993,466,29,,15.9,54.2,72.8,30.2,1680,16.5
1994,466,30,,14.9,53.6,75.1,40,442,
1995,466,18.8,,15,40.7,62.8,23.1,,17.5
1996,466,31.2,30,23.7,59.9,75.1,32.5,,25
1997,466,27.4,,15,42.2,60.3,23.4,,
1998,466,32.3,,18.8,48.9,76.5,34.7,,22.5
1999,466,36.6,,26.2,55.4,76.4,47.1,1300,
2000,466,32.3,,20,50.1,64.6,38.7,,
2001,466,25,,19.1,39.4,38.2,18,1500,
2002,466,10.3,,6,19.9,25,6,,
2003,466,29.1,,8.2,36.5,44.2,12.6,600,
2004,466,24.1,,19.6,42.1,66.8,25.7,,
2005,466,33,,33.4,55.9,86.5,41.8,1020,
2006,466,34.1,,27.4,40.1,59.8,31.5,300,
2007,466,28.4,,25,46.7,72.5,33.3,,
2008,466,35.6,,32.3,60.4,81.1,39,,
2009,466,44.7,,35,60.3,75.6,44.8,,
2010,466,37.3,,34.2,46,81.6,38.5,599,
2011,466,44.2,,29.3,57.3,87.9,37.9,,
2012,466,47.1,,28.7,58.3,76.5,31.3,,
2013,466,47.3,,35.5,70.5,90.2,50.7,352,
2014,466,48.8,,39.32,70.94,99.34,34.9,,
2015,466,47.09,,40.55,67.39,80.49,34.8,,26
2016,466,49.9,,45.9,78,81.8,48,2220,40
2017,466,54.75,,42.37,77.8,97.65,45.3,1467.63,
2018,466,50.1,,42.4,77.9,90,43.3,1020,
2019,466,39.2,,31.2,69,99.9,26.8,,18
2020,466,51.4,,37.9,75.4,109.5,40.2,,
2021,466,24.4,,16.9,33,43.1,15.2,540,
2022,466,53.2,,37.5,77.4,99.2,36.3,1020,
2023,466,52.3,,41.4,80.4,69.8,42.2,,
2024,466,50.8,,31.3,75.2,90.9,39.4,,
2025,466,54,,40.6,79.6,105.2,39.3,2058,
1990,467,38.1,25,28.6,58.9,85.4,,,17.7
1991,467,31.3,,17,44.1,56.4,,,12
1992,467,18,,16.1,37.1,50,27.8,,14
1993,467,33.2,,21.2,50.8,65.2,29,,18
1994,467,29,,20.7,40.1,63,31.7,,20
1995,467,20.1,,18.2,35.6,37.9,14.6,,
1996,467,31.2,,21.1,45.2,59.5,33.1,,
1997,467,28.5,,17.8,43.5,53.7,30.6,,
1998,467,30.1,,20.3,47.9,67.5,30.8,,
1999,467,42.1,,23.7,49.8,82.9,38,,19.7
2000,467,35.8,,21.6,51.5,71.2,32.1,,
2001,467,26.7,,20.9,41.9,54.7,22.8,,
2002,467,9.4,,3.3,9.8,17.3,4,,
2003,467,17,,15.2,33.5,42.8,18.9,,
2004,467,34.8,,18.6,64.4,61.9,35.9,,
2005,467,42.5,,28.4,59.4,77.7,36.9,,
2006,467,30.9,,23.8,51.4,73.3,37.2,,
2007,467,33.1,,28.5,44.4,64.8,35.2,,
2008,467,36,,29.1,57.3,79.7,36.3,,
2009,467,43.4,,30.8,62.7,87.1,42.7,,
2010,467,38.2,,31.9,61.7,102.8,35.7,1080,
2011,467,41.7,,32.8,69.5,117.4,36.7,,
2012,467,40.8,,28.2,65.8,89.5,37.9,,
2013,467,53.5,,37.7,73.2,104.3,46.4,783,
2014,467,45.2,,36.95,64.3,94,36.7,,30
2015,467,44.85,,43.08,69.51,67.52,37.3,1487.69,11.88
2016,467,46.4,,45.4,71.9,97.5,48.5,2270,
2017,467,48.04,,37.1,67.74,90.52,45.4,1591.47,
2018,467,44.5,,37.1,67.7,80,38.8,1357,
2019,467,42.4,,34.5,67.6,72,25.7,1012,18
2020,467,44.7,,34.7,63.3,89.9,29.2,1207,25
2021,467,20.8,,15.2,25.8,15.8,11.2,383,
2022,467,60.9,,43.6,85.3,106.1,46.7,1446.2,
2023,467,40.5,,35.6,69.9,80,32.2,1184.9,20
2024,467,40.2,,26.9,71.2,88.4,35.9,909,
2025,467,50.4,,41.8,71.9,83.3,36.8,1463,
1990,468,31.2,27,23.3,46.4,65,,,19
1991,468,32.9,39,22.3,38.2,47.9,,,20
1992,468,25.8,25,22.2,55.7,27.5,26.5,,15.5
1993,468,35.4,,21.3,50.9,91.5,28.6,,30
1994,468,30.1,,23,54.2,87.9,30.9,999,20
1995,468,25.2,,20.8,45.3,78.8,20.7,683,14.8
1996,468,37.9,,25.4,58.4,70,28.3,1200,
1997,468,32.1,,19.4,48.4,59.6,30.2,,14.4
1998,468,31.8,,23,55.7,69.7,29.9,,
1999,468,37.2,,28.4,64.2,79.5,40.3,1371,
2000,468,38.3,,25.2,61.2,81.3,35.5,,24
2001,468,27.9,,22.3,37.6,50.6,20,,
2002,468,6.4,,8,19.3,8.9,3.9,280,6
2003,468,16.4,,11.1,21.3,11.8,5.6,,
2004,468,41.8,,24.8,59.5,86.5,39.1,,
2005,468,42.1,,32.7,65.4,86.2,36.9,,
2006,468,36.9,,31.7,60,78.5,,,
2007,468,34.4,,33.1,61.2,89.7,36.9,,
2008,468,42.7,,36.6,66.4,72.3,39.3,,
2009,468,45.9,,35.1,57.1,80.8,46.3,,
2010,468,46.1,,40.7,61.8,94.4,47.7,1400,
2011,468,48.9,,34.4,64.2,79.4,35.7,,
2012,468,49.5,,31.6,57.4,101.2,35.8,,
2013,468,59.4,,42.4,70.6,114.3,54.6,1293,
2014,468,48.41,,38.62,64.26,87.5,36.6,1827.61,
2015,468,46.39,,44.31,62.57,77.43,32.4,1475.21,39.01
2016,468,57.7,,44.4,70.1,105.4,43,2094,30
2017,468,52.77,,41.1,73.55,84.93,42.6,1823.9,
2018,468,53.8,,44.3,79,90,39.9,1738,
2019,468,60,,48.5,74.4,125.1,41.2,1351,
2020,468,60.9,,46.7,74.6,105.5,34.5,1841,
2021,468,30.8,,22.8,35.5,47.6,16.9,280,
2022,468,62.3,,48.5,80.1,110.1,44.8,1651.2,
2023,468,63.8,,45.2,77.3,112.8,34.9,2270.8,
2024,468,47,,35.5,55.2,79.1,38.5,1410,
2025,468,47.2,,44.1,56.3,94.6,45.9,1830,28
1990,469,25.3,22,21.5,36.8,40,,,17.5
1991,469,24.4,,20.8,41.6,34.1,,,
1992,469,15.4,,18.8,38.3,35,13.3,800,15.5
1993,469,30.5,,22.9,44.7,64.8,27.9,600,20
1994,469,27,25,19.8,48.3,71.1,30.1,1500,25
1995,469,20.6,20,18.7,36.8,42.7,15,1500,
1996,469,30.4,26.1,22.4,47.8,62.3,20.9,1200,20
1997,469,29,,17,37.1,44.8,18.9,,
1998,469,25.4,,18.2,40.6,47.4,23.5,945,16.3
1999,469,37.8,,25.7,62.6,75,37.3,,
2000,469,27.6,,25.2,47.4,62.7,34.9,,
2001,469,31.2,,22.1,39.3,47,24.4,,
2002,469,2.7,,,,,2.3,,
2003,469,12.3,,5,16.1,,6.2,,
2004,469,45.8,,28.5,75.2,,,,
2005,469,,,,,,,,
2006,469,34.1,,27.8,,66.5,,,
2007,469,,,,,,,,
2008,469,46,,38.6,,,49.5,,
2009,469,44.8,,33.7,74.1,,,,
2010,469,45.1,,38.9,58.1,93,50.5,1540,
2011,469,48.4,,34.7,57,90.6,36.5,,
2012,469,43.8,,29.7,60.6,27.3,32.2,,
2013,469,51.8,,38.6,54.5,110.8,46.9,,
2014,469,55.47,,38.97,29.01,,33.5,,
2015,469,43.46,,41.45,46.84,64.3,25.6,,
2016,469,56.6,,46.5,72.1,64.9,46.4,,
2017,469,58.19,,46.31,,,49,,
2018,469,61,,49,,,35,,
2019,469,65.3,,51.7,96.1,,39.3,,
2020,469,60.6,,46.8,99.8,134.9,51.4,,
2021,469,31.6,,21.7,25.8,31.5,25.9,430,
2022,469,63.5,,45.6,71.3,124.4,31.2,1598.3,
2023,469,62.4,,49.3,60.4,90.2,,,
2024,469,42.4,,30.1,45.9,87.4,45.9,,
2025,469,37,,37.6,45.1,52.8,27.1,,
1990,470,23.4,,21,41,34.3,,,15.7
1991,470,40,,17.2,34.9,61.9,,,20
1992,470,25.6,,21.4,40,35.1,30,1100,17
1993,470,40,,28.5,63.5,73.9,33.6,1000,25
1994,470,33.6,,27.8,60,70,33.9,1200,20
1995,470,26.5,,22.2,44.9,51.3,14.8,1000,15
1996,470,35.2,,27.4,52,53.6,30.7,1200,22.5
1997,470,31.6,,26,48.9,71.1,33.1,1350,20.8
1998,470,30.3,,29.2,43.8,63.6,30.7,1200,20
1999,470,43.8,,29.6,38,50.1,33.5,,
2000,470,39.7,,33.7,41.3,63,41.1,,
2001,470,33.7,,26.8,47.2,,37.5,,
2002,470,,,,,,,,
2003,470,,,16.7,,,15,,
2004,470,45.3,,26.2,75,,41,565,
2005,470,44.8,,42.5,80,,38.6,832,27.5
2006,470,39.8,,,,,,,
2007,470,37.7,,36.2,,,,,
2008,470,,,,,79.1,,,
2009,470,46.4,,31.7,64.7,,49.8,,
2010,470,43.4,,33,66.1,61.6,40.1,1535,
2011,470,43.4,,32.2,64.2,69.4,31.9,1517,
2012,470,49.5,,32.2,56.4,,33.5,,
2013,470,57.1,,47.1,70.6,83.9,41.3,,
2014,470,54.16,,43.42,71.7,74.99,35.5,,25.12
2015,470,50.21,,51.87,58.16,83.36,47.8,,
2016,470,56.1,,50.5,89.5,106.7,53.7,,
2017,470,,,,,,,,
2018,470,,,,,,,,
2019,470,,,,,,,,
2020,470,,,,,,,,
2021,470,,,,,,,,
2022,470,,,,,,,,
2023,470,,,,,,,,
2024,470,43.2,,35.6,66.2,,38.8,,
2025,470,44.5,,40.8,69.2,73.4,43.9,,
1990,471,27.2,23,21.2,48.9,46.6,,,17
1991,471,34.7,,23.3,45.9,59.8,,,25
1992,471,26.9,,23.8,61.3,50,26.8,,15
1993,471,41,,33.5,74.5,85.8,30.8,,35
1994,471,27.4,,27.7,39.5,63.1,23.3,,25
1995,471,14.7,,16.1,15.7,21.5,8,,
1996,471,33.8,,23.9,46.7,56.5,32.1,1320,
1997,471,29.1,,22.8,45.7,32.6,37.2,,
1998,471,25.1,,21,48.7,49.7,30.6,,
1999,471,39.1,,29.9,66.4,77,40.1,,
2000,471,32.4,,28.7,59.8,71.9,28.9,,
2001,471,30.7,32.1,24.6,47.9,40,30.2,,
2002,471,8.7,,16.9,12.8,37.4,6.5,,
2003,471,17.8,,14.4,31,33.1,21.9,,
2004,471,41.6,,28.2,71.3,94.9,39.7,,
2005,471,45.2,,35.6,62.5,89.3,38.3,,
2006,471,40.1,,32,56.9,66.3,33.6,,
2007,471,40.3,,31.4,58.6,76.6,33.6,,
2008,471,44.2,,36.7,71.9,83.1,53.1,,
2009,471,45.8,,34.4,71.8,104.3,47.4,,
2010,471,43.2,,39.1,61.4,77.6,50.1,,
2011,471,44.5,,32.4,67.2,95.2,22.5,,
2012,471,47.4,,29.8,53.8,80.3,33.9,,
2013,471,55.3,,46.6,76.7,64.8,52.3,,
2014,471,55.71,,38.08,67.72,103.29,41.6,,
2015,471,49.11,45.42,44.42,68.19,87.25,40.9,,22.4
2016,471,62.7,55.6,42.3,68.1,106.1,46.6,1121,
2017,471,57.66,,39.3,63.77,114.23,41,,
2018,471,60.5,,42,73,117,48,,
2019,471,69.4,,46.5,84.6,148.6,43.3,,
2020,471,64.5,,45.1,73.5,100.3,54.2,,
2021,471,39.5,,26.7,60.2,28.7,33.7,,
2022,471,68.1,,48.3,80.5,86.8,55.5,,
2023,471,65.3,,46.8,84.1,110.7,48.5,,
2024,471,39.9,,30,58.6,52.6,39.6,,
2025,471,51.9,,41,56.5,64,45.6,,
1990,472,38.1,33,29.3,60.4,75.6,,,24.2
1991,472,35.9,,23,49.9,54.4,,,22.5
1992,472,26,,24.2,38.9,53.5,23,,20
1993,472,42.5,,25.9,59.2,71.1,41.1,,20
1994,472,37.2,,24.7,56.1,65.6,37.8,,20
1995,472,19.7,,19.3,25.9,44.9,9.9,,15.4
1996,472,38.6,,23.8,56.1,76.5,29.9,,22.5
1997,472,35.9,,24.3,49,70.6,35.6,,
1998,472,24.4,,19.2,37.7,38.3,22,,14.4
1999,472,33.7,,29.3,53.9,77.9,37.2,,27.5
2000,472,34.6,,27.9,50,84.9,35.3,,20
2001,472,31.8,,22.2,42.4,63.4,27.9,,22.2
2002,472,5.6,,8.7,19.2,22.5,5.9,,
2003,472,30.2,,18.2,45.1,62.9,20.9,,
2004,472,44.7,,26.4,74.2,84.6,28.8,,
2005,472,38,,27,58.5,79.1,42.3,,24.3
2006,472,40,,27.6,48.6,78.3,36.4,,20
2007,472,38.3,,27.6,51,70.5,38.3,,
2008,472,43.7,,35.2,63.4,95.2,41.3,,
2009,472,45.7,,31.7,66.5,68.7,44.4,,
2010,472,43.5,,38.4,63.8,106.1,40.4,517,
2011,472,41.4,,30.7,61.5,103.9,29.9,,
2012,472,43.2,,27.4,53.1,103.1,37.4,,
2013,472,61.8,,41.5,79.8,108.2,52.9,,
2014,472,53.31,,38.09,60.95,108.42,35.2,,11.77
2015,472,44.28,,40.77,59.12,85.65,43.9,,
2016,472,60.6,,46.1,77,92.8,56.1,,
2017,472,66.46,,44.03,60.73,,51.5,,
2018,472,63.2,,44,59.7,,51.5,,
2019,472,59.4,,43.5,87.1,123.6,32.6,,
2020,472,60.6,,44.2,76.6,105,51.8,,
2021,472,46,,31.4,54.5,85.5,28.7,,19.1
2022,472,67.8,,46.8,86,126.9,48.7,,41.3
2023,472,65.5,,46.7,83.2,,51.1,,
2024,472,44.2,,32.1,59.3,,40.1,,
2025,472,58.6,,47.9,83,100.9,49.3,,
1990,486,43.3,40,22.4,63.9,70,,,19.8
1991,486,40.1,,26.2,53.5,75,,,24.1
1992,486,32.8,,20.9,48.4,52,33.8,,13.6
1993,486,28.3,,10.9,53,57.1,23.3,,13.8
1994,486,39.1,38.4,26.1,63.3,80.2,36.2,,22.3
1995,486,39.1,,24.9,65.5,82.2,39.4,,19
1996,486,40.8,25.7,24.6,70,77.2,27.2,,20.6
1997,486,41.2,,30.5,64.3,78.7,36.7,,18.9
1998,486,42.8,,28.5,61,79.2,38.6,,22.5
1999,486,44.5,,29.6,61.2,84.3,44,1080,18.6
2000,486,33.3,28,21.7,58.4,66.6,32.1,,20.6
2001,486,35.3,,24.7,57.4,62.7,34.6,,16.8
2002,486,18.5,,14.2,22.9,28.5,11.7,,9.6
2003,486,36.5,,25.3,63.7,56.4,38.1,,15.2
2004,486,42.6,,24.3,62.4,88.6,27.1,,12.6
2005,486,44.8,,37,65.1,88.5,40.5,,24.3
2006,486,45.4,,31.7,53.1,70.9,39.7,,22.9
2007,486,40.7,,27.4,53,81.7,18.4,,22.3
2008,486,40.7,,32.1,60.4,82.2,34,,20.2
2009,486,50.4,,35.5,70.2,96.7,34.3,,23.2
2010,486,37.5,,32.3,54.5,100.2,31.7,717,21.9
2011,486,45.2,,32.6,65.9,106.4,27.8,,29.7
2012,486,35.9,,20.3,38.5,78,19.7,,15.5
2013,486,56.7,,35.7,71.9,122.8,38.2,,26.9
2014,486,42.26,,30.13,58.35,92.87,25.7,,22.63
2015,486,45.99,,40.51,67.85,107.27,46.4,1499.13,26.31
2016,486,37.7,,28.8,54,83.4,24.5,,20.9
2017,486,48.43,,29.91,56.94,113.8,39.5,,
2018,486,55.3,,37.5,66,119.6,47,,28
2019,486,62.9,,47.2,82.3,134.2,47.6,,31.3
2020,486,44.9,,26.8,66.7,110.4,30.3,,24.4
2021,486,50.4,,28,63.5,86.9,39.6,,17.5
2022,486,64,,48,88.9,128.8,49.3,,34.4
2023,486,57.5,,51.8,81.7,106.4,46.1,,26.1
2024,486,52.4,,34.2,75.9,99.2,31.2,,21.6
2025,486,65.9,,47.8,99.5,125.2,52.1,,23.7
1990,487,43.8,40,22.6,62.2,63.3,,,22.7
1991,487,37.8,38,28.6,49.2,66.2,,,23.4
1992,487,33.6,,24.8,37.5,54,35.8,1500,15.2
1993,487,30.7,,16.1,54.3,85.4,26.3,,17
1994,487,33.9,,20.3,56.8,87.4,28.5,1200,21.6
1995,487,40.8,,23.1,65.4,86.8,36.4,1860,19.9
1996,487,40.5,,26,70.7,74.5,34,,24.2
1997,487,39.5,,27.6,64.3,75.6,33.3,,17.7
1998,487,38.1,,28.1,63.1,84.6,36.2,,23.2
1999,487,40.2,,30,65.4,86.6,39.4,,25
2000,487,30.7,20.7,25,60.9,83.2,28.6,,16.3
2001,487,31.7,,24.7,57.6,72.8,27.3,,18.1
2002,487,14.9,,12.7,18.4,25.8,9.5,,9.7
2003,487,32.9,,29.1,59.8,67.7,30.4,,20.9
2004,487,38.8,,26.7,67.4,93.3,35.3,,12.2
2005,487,39.9,,38.3,50.7,80.8,48.7,,22.5
2006,487,39.8,,35.2,65.1,92.6,44,,21.9
2007,487,41.8,,33.4,51.7,92.5,40.2,,21.1
2008,487,43.3,,35.6,84.2,93.8,40.6,,26.6
2009,487,42.7,,35,82.9,109.1,46.6,,22.8
2010,487,40.9,,35.3,55.9,96.5,32.7,1000,25.3
2011,487,46.6,,34.2,64.7,97,36.7,,27.4
2012,487,40.5,,22.9,48.5,86.7,30.4,,15.8
2013,487,45.1,,37.2,69.5,103.9,47.5,,24.9
2014,487,44.05,,32.99,35.59,81.26,30.6,,22.68
2015,487,44.9,,38.22,72.38,95.3,37.9,,23.74
2016,487,44.1,,42,63.5,105.6,38.2,,23.8
2017,487,53.5,,39.18,68.18,94.36,45.1,,
2018,487,54.4,,44.7,77.2,104.1,45.2,,32
2019,487,58.8,,48.1,81,139.5,39.4,,28.1
2020,487,57.5,,39,81,113.6,35.7,,15.1
2021,487,48.1,,35.4,74.9,87.5,36.4,,17.1
2022,487,60.6,,48.5,83,120.1,43.9,,38.9
2023,487,56.2,,50.2,79.1,110.1,41.8,,
2024,487,64.8,,42.5,84.4,123.1,42.6,,
2025,487,63.5,,52,96.4,137.4,57.8,,41.2
1990,488,40.1,38,21.7,51.5,56,,,18.9
1991,488,34.3,,24.1,54.2,60,,,22.1
1992,488,26.4,,17.8,39.5,55,25,,22.1
1993,488,30.1,,13.2,52.1,56.7,28.3,383,15.9
1994,488,30.3,40,18.4,48.4,67.2,28.8,960,19.6
1995,488,31.6,,20.4,56.7,76.5,24.6,,19.1
1996,488,35.6,,24.1,71.1,74.6,33.2,,18.4
1997,488,39.3,,25,55.7,71.2,32.2,,18.5
1998,488,36.9,,24.8,55.6,65.3,30.7,,22.8
1999,488,42,,23.7,57.2,58.1,32.2,,19
2000,488,33.4,,22.6,45.3,53.7,29.4,,18.9
2001,488,32.5,,27.1,53.7,63.6,29.4,,19.8
2002,488,11.4,,14.5,20,29.1,9.2,,8.5
2003,488,37.5,,31.1,60.5,72,34,,17.8
2004,488,33.6,,21.8,62.1,79.2,26,,7
2005,488,40.8,,30.8,61.7,87.2,33.8,,26.2
2006,488,38.2,,28.6,54.9,87.2,33,,20.6
2007,488,32.6,,29.1,60.5,82,28.9,,21.5
2008,488,35.8,,32.4,70.5,92.9,34.3,,24.5
2009,488,41.2,,38.5,73.6,109.7,36.6,,23.7
2010,488,36.7,,32.6,59.9,104.8,26.3,,23.1
2011,488,34.3,,27.1,50,93.7,25.2,,20.9
2012,488,39.9,,22.6,52.3,91.1,24.9,,21.1
2013,488,44.9,,25.3,58.6,106.7,22.7,,21.4
2014,488,40.48,40.01,24.89,54.82,103.89,20.3,,18.02
2015,488,47,,37.89,64.76,106.96,37.3,,26.14
2016,488,42,,40.9,58.4,114.3,29.4,892,18.3
2017,488,47.32,,32.67,62.11,109.85,41,,75
2018,488,50.8,,40.8,68.4,102.8,44.5,,27
2019,488,49.1,,44.1,76.2,126.5,34.7,,28
2020,488,55.6,,38.5,77.8,124.2,39.6,,31.7
2021,488,40.6,,30.2,56.6,71.8,26.8,,14.9
2022,488,59.5,,41.9,79.2,116.2,38.3,,28.1
2023,488,53.4,,49.6,68.3,104,43.6,,30
2024,488,58.7,,37.2,84.5,127.6,36.2,,
2025,488,65.2,,44.4,87.7,132.9,43.9,,25.4
1990,490,42.4,40,25.1,61.1,75,,,19.5
1991,490,40.8,42,23.8,50.5,65,,,20.6
1992,490,17.7,,15.2,46.4,53.8,13.3,800,15
1993,490,29.2,,17.5,45.7,60,15.8,800,17
1994,490,32.6,40,20.4,43.6,60,24.3,800,22.6
1995,490,33.2,,18.8,44.9,47,20.5,,16.4
1996,490,34.9,,22.3,56.9,63.5,25.8,,18
1997,490,35.3,,24.6,54.9,63.4,25.3,,17.4
1998,490,35,46,22.8,53.5,51.6,22.2,,16.3
1999,490,35.2,,23,63.3,51.9,30,,
2000,490,35.3,,13.6,45.5,,26.8,,
2001,490,32.8,,22.2,56.5,47.6,25.3,,19.7
2002,490,10.1,,7.2,19.2,8.7,6.2,,
2003,490,38.7,,31.6,70.4,86.3,28,,
2004,490,23.5,,16.5,32.7,45.3,35.4,,
2005,490,40.1,,32.9,51.2,51,,,
2006,490,34.1,,24.2,57,,,,
2007,490,29.1,,29.7,53.8,42,37.4,,
2008,490,31.3,,31.4,58.4,61.2,28.2,,17.5
2009,490,42.1,,33.5,76.4,99.3,40.7,,
2010,490,36.6,,27.9,56.3,99.1,29.4,976,18.8
2011,490,33.9,,27.1,47.8,88.3,39,,
2012,490,37.5,,24.9,54,98.2,24.9,,
2013,490,39.3,,26.2,43.5,102.8,39,,25
2014,490,36.59,,23.48,30.17,86.02,21.4,,17.95
2015,490,38.27,,36.71,55.68,95.51,28.5,,23.03
2016,490,46.5,,39,61.7,109.2,39.8,1362,
2017,490,54.79,,35.66,69.29,131.24,44.4,,
2018,490,53.5,,37.8,72,114,48,,
2019,490,55.9,,48.1,78.5,141.6,55.5,,
2020,490,53.2,,35.7,73.2,128.3,43.1,1437,
2021,490,46.4,,31.7,65.5,72.2,36.6,,11.5
2022,490,58.6,,48.3,74.9,129.3,48.4,,16.1
2023,490,62.6,,55.3,75.4,124.6,52.7,,
2024,490,55.8,,37.8,76.9,133.4,46.9,,
2025,490,63.1,,45.2,81.7,146.2,54,,
1990,491,38.1,,23.6,64.4,80,,,21
1991,491,34,,20.6,46.3,60,,,25
1992,491,25.6,,16.1,45.9,65.5,30,,17.5
1993,491,30.1,,15.8,37.8,61.8,38.3,,
1994,491,34.4,,15.3,48.3,52.2,39,,15
1995,491,26.8,,16.3,40.3,49.8,19.3,,
1996,491,36.4,,19.5,52.7,68.8,36.6,,
1997,491,28.3,,17.3,44.7,37.8,25.3,,15
1998,491,32.5,,24.9,56.9,52.5,32.1,,
1999,491,41.7,,28.4,66.5,72.9,32.7,,
2000,491,33.9,,20.6,56.2,52.9,30.1,,
2001,491,31.7,,23.7,61,66.9,35.8,,
2002,491,13.6,,11.3,21.1,41,11.4,,
2003,491,38.8,,23.4,42.3,78.2,34.7,,
2004,491,19.7,,12.2,57.4,66.6,13.6,,
2005,491,36.7,,30.1,55.3,,35.7,,
2006,491,36.1,,30.6,44.6,,,,
2007,491,27.4,,23.3,59.3,,,,
2008,491,44.3,,32.4,37.4,72.1,,,
2009,491,46.2,,32.9,63,84.2,43,,
2010,491,36.8,,40.5,38.9,94.9,36.8,876,
2011,491,41.9,,33.8,52.4,98.6,44.5,1552,
2012,491,42.3,,27.9,43.7,95.4,28.1,,29
2013,491,45.6,,31.7,56.8,99.1,51.5,,
2014,491,39.86,,24.08,41.45,97.79,22.1,2400.81,25.39
2015,491,47.53,,34.47,46.93,89.5,30.8,2096.06,4.25
2016,491,49.6,,40.4,64.5,109.4,42.9,2099,
2017,491,53.09,,37.26,56.93,109.14,38.2,,
2018,491,50.2,,40.6,73.7,100.1,37,,
2019,491,56.5,,50.5,82.1,103.6,45.1,,
2020,491,54.6,,44.8,79.1,100.6,42.2,,35
2021,491,43,,31.5,64.6,73.2,26.6,,20
2022,491,63.1,,47.7,77,106.2,37.7,,
2023,491,68,,51.3,77.5,93.4,38.4,,
2024,491,56.7,,37.6,55.7,84.3,43,,
2025,491,60.5,,42.3,80.9,84.3,48.2,,
1990,493,44.8,,28.7,59.2,62.8,,,22.3
1991,493,41.2,,24.9,48.2,57,,,26.8
1992,493,29.5,,17.7,50.7,35,35,,21
1993,493,35.8,,18.3,64.7,55.6,36.1,,25
1994,493,36.6,45,20.1,57.4,89.6,32.8,700,30
1995,493,40,,23.4,61.3,74.8,34.5,,30
1996,493,36.4,52.5,25.6,69.8,77.1,31.6,,30
1997,493,36.5,,25.2,54.4,52.3,32.3,,21.8
1998,493,39.4,,24.4,63.5,65.8,33.5,,
1999,493,39.4,,24.2,62.9,80.3,35.1,,30
2000,493,36.5,,23.6,60.1,75.8,31.3,,30
2001,493,35.3,,27.7,54.3,72.6,37,,25
2002,493,9.7,,8.6,12.7,17.1,6.1,,4
2003,493,26.1,,17,46.8,46.2,21,,22
2004,493,30.7,,16.1,61.7,67.1,28,,
2005,493,43.1,,37.2,66,91,44.3,,
2006,493,38.8,,33.8,58.9,86.4,37.4,,
2007,493,37.9,,33.1,65.1,86.2,38.9,,
2008,493,42.8,,36.4,65.9,86,43.4,,
2009,493,48.7,,38.6,71.2,88.8,42.9,,
2010,493,41,,36.3,60.4,90.5,39.8,,
2011,493,42.1,,33.6,55.8,110.5,28.3,,
2012,493,45.3,,30.5,50.3,108.2,37.3,,
2013,493,50,,37,66.3,133.5,34.9,,
2014,493,45.35,,33.33,60.79,116.59,38.9,,14.91
2015,493,47.67,,46.81,64.17,114.12,45.5,,25
2016,493,51.7,,47.8,79.7,114.3,47.8,1969,
2017,493,56.95,,47.95,78.2,122.43,46.1,,
2018,493,57,,47.9,81.1,110,45.8,,
2019,493,64.6,,53.7,90.2,155.8,48.7,,
2020,493,65.8,,47.7,90.1,142.4,49.3,,
2021,493,49.9,,35.5,69.6,90.5,25.3,,
2022,493,69.1,,54.6,98.1,156.3,,,
2023,493,68.3,,56,96.1,139.6,65,,
2024,493,60.8,,45.9,79.2,124.4,40,,
2025,493,59.2,,40.4,87.2,116.3,,,
1990,494,43.3,,25.2,63.1,90,,,22
1991,494,34.4,,22.9,53.6,59.8,,,17
1992,494,24.2,,15.4,54.7,63.6,15,,30
1993,494,32.2,,16.8,69.5,72.8,30,,
1994,494,30.9,,16.1,51.3,72.2,21.5,,
1995,494,36.1,,21.5,58.1,54.9,25.9,,
1996,494,41.8,,25.7,55.7,88.1,33,,
1997,494,31.3,,21.7,44.4,45.3,27.8,,
1998,494,34.9,,20.8,56.1,71.7,31.4,,
1999,494,34.3,,21.3,60.5,64.8,22.3,,25
2000,494,29.9,,18.8,53.6,74.9,32,,
2001,494,34.2,,20.5,58.6,67.9,38.6,,
2002,494,11.6,,9.2,29,34.5,10.1,,
2003,494,35.6,,23.8,53.8,62.2,22.8,,21.7
2004,494,31.2,,16.1,48.1,60.8,29,,
2005,494,41.5,,33.1,58.4,78.2,32.4,,
2006,494,35.5,,27,57.2,68.1,50,,
2007,494,38.2,,26.5,53.2,82.5,36.4,,
2008,494,37.5,,31.4,61.8,84.9,41.8,,
2009,494,43.4,,33.5,63.2,86.8,53,,
2010,494,42,,33.1,50.5,74.5,31.8,,
2011,494,41.1,,33.1,51.9,98.2,31.9,1380,
2012,494,40.6,,25.4,47.5,89,38.5,,
2013,494,49.2,,33.5,55.7,106.2,33.2,,
2014,494,42.5,,31.74,60.11,107.54,35.1,,
2015,494,42.55,51.88,43.03,56.84,99.78,42.7,,
2016,494,46.9,47.2,41.2,70.4,108,44.3,1620,
2017,494,56.53,,44.65,79.61,103,50.1,1799.42,
2018,494,50.8,,44.6,75.3,90.1,41.6,,
2019,494,63,,50,90.4,127,45.8,,
2020,494,59.7,,41.4,79.3,128.1,42.3,,
2021,494,47,,33.1,58.2,68.7,33.6,,
2022,494,65,,49.5,85.6,130.8,47.7,,
2023,494,73,,53.6,97.2,125,60,,
2024,494,58.4,,36.3,68.8,110.5,43.6,,
2025,494,53.8,,42.3,81,105,42.1,,
1990,496,42.8,,23.8,67.6,77.7,,,24.3
1991,496,36.5,,18.8,49.4,76.6,,,15
1992,496,24.8,,29.7,61.5,53.8,33.3,,25
1993,496,24.2,,14.5,59.9,77,32,,12
1994,496,23.3,,13.9,51.8,68.6,28.5,,
1995,496,25.8,,16.9,51.7,55.4,23.9,,
1996,496,35.5,,22.4,60.6,76.1,33.4,,
1997,496,34.9,,19.6,49.9,69.2,30.7,,
1998,496,44.4,,24.3,64.7,78.4,36.6,,
1999,496,38.3,,22.6,64.5,78.5,36,,
2000,496,39.2,,20,57.7,75.4,36.6,,
2001,496,30.4,,27.6,53.3,65.9,36.3,,
2002,496,8.5,,,12.8,22.5,7.1,,
2003,496,24.8,,13,38.1,43,19.8,,
2004,496,27.3,,8.2,60.8,80.7,19.3,,
2005,496,44.2,,33.9,72.1,90.7,36.5,,
2006,496,41.2,,34.7,59.5,79.4,36,,
2007,496,50.6,,34,66.1,106.3,41,,
2008,496,41.4,,39.4,71,96.5,44.4,,
2009,496,54.4,,34.7,71.5,97.7,44.3,,
2010,496,43.5,,31.4,61.1,91.2,36.9,930,
2011,496,47.9,,29.7,53.2,104.8,20.1,,
2012,496,53.1,,27,56.5,92.3,32.2,,
2013,496,58.5,,39.1,63.9,121.8,37.9,,
2014,496,58.03,,37.83,51.83,122.17,43.3,,
2015,496,55.57,,46.62,68.81,88.66,36.2,,25
2016,496,58,,50.1,75,108.8,53.9,,25
2017,496,57.82,,43.4,71.94,123.61,43.3,,
2018,496,54.5,,43.8,73,119.5,39,,
2019,496,67.3,,49.4,80.7,141.4,36.3,,
2020,496,64,,33.4,62.9,130.7,31.2,,
2021,496,46.7,,30.8,49.1,76.1,28.7,,20
2022,496,61.9,,39.8,63.8,123.2,31.6,,
2023,496,70.9,,51.8,88.6,153.4,51,,
2024,496,63.4,,29.1,69.7,130.8,35.9,,
2025,496,58.8,,50.2,83.3,112,34.3,,
1990,497,38.2,,23.7,55.8,81.6,,,
1991,497,31.2,,19.9,36.1,57,,,
1992,497,18.9,,13,22.5,28.7,,,
1993,497,33.9,,18.5,49,65.4,29.1,,
1994,497,32.9,,17.5,43.6,72.7,30.7,,
1995,497,24.3,,20.4,47.5,66.1,13.8,,
1996,497,40.4,,20.7,55.5,74.3,24.8,,
1997,497,32.1,,15.9,41.1,73.3,23.6,,
1998,497,34.6,,15.6,56.8,63.3,30.9,,
1999,497,39.3,,24.1,65.6,84.8,35.2,,
2000,497,41.9,,17.3,54,76.1,37,,18
2001,497,31,,23.3,52.2,68.4,31.2,,25
2002,497,6.3,,4.9,11.9,15.8,6.6,,
2003,497,29.1,,19.6,35.8,40,16.6,,
2004,497,25.9,,16.8,44.4,62.7,20.1,,
2005,497,35.1,,30,50,57.8,36.1,,
2006,497,34,,29.4,52.1,112.2,36.1,,
2007,497,33,,29.7,53.1,102.5,38.1,,
2008,497,33.1,,31.9,60.6,105.9,37.5,,
2009,497,36.7,,32,58,81,43.2,,
2010,497,37.8,,31.3,51.9,93.2,36.3,,
2011,497,41.4,,28.1,64,94.2,31.7,,
2012,497,47.6,,29.1,53.3,89,29.7,,
2013,497,55.6,,39,57.1,107.8,40.4,,
2014,497,47.22,,38.96,61.17,101.71,40.2,,
2015,497,44.66,,41.78,64.37,112.21,38.6,,
2016,497,59.9,,48.2,78.5,101.4,45.5,,
2017,497,52.92,,43.46,67.55,93.51,41.9,,
2018,497,56.5,,43.5,83.8,107,46.9,,
2019,497,61.1,,39.1,77.2,,32.8,,
2020,497,67,,38.3,76.8,118,37.2,,
2021,497,29.1,,20.9,34.9,39.8,15.1,,5.4
2022,497,56.1,,42.3,73.1,134.7,26.2,,
2023,497,65.1,,50.4,88.6,142.3,44.6,,
2024,497,54.3,,31,70.3,117.5,34.6,,
2025,497,37.8,,39.4,44.9,72.2,24.4,,
1990,498,27.8,,22.1,51.4,69,,,
1991,498,23.9,,16.2,37.5,59.8,,,
1992,498,21.9,,18.6,43.5,46.4,15,,
1993,498,34.2,,25.1,64,79.4,29.2,1600,
1994,498,24.5,,22.1,47.7,64.7,29,,
1995,498,19.7,40,18.7,39.8,43.2,8,900,
1996,498,37.5,,19.7,54.4,77.6,27.4,,
1997,498,27.4,,17.3,39.7,52.1,25.4,,
1998,498,28.2,45,19.9,49.9,54,30,,
1999,498,35.3,,26.2,58.7,79.6,32.9,,
2000,498,32.8,,25.9,56.6,63.4,31.3,,
2001,498,24.3,,19.3,45.1,52,19.8,,
2002,498,3,,,6.2,,2.8,,
2003,498,22.5,,12.9,23,24.9,13.2,,
2004,498,27.2,,18.7,48,71.1,24.1,,
2005,498,41,,30.7,59.7,79.4,33.6,,
2006,498,30.7,,26.8,46.2,68.5,28.9,,
2007,498,29,,23.9,48.7,59.1,27.1,,
2008,498,35.6,,28,61.3,105.4,34.4,,
2009,498,37.6,,30.3,61.8,88.3,35.1,,
2010,498,43.2,,34.8,61.1,85.8,39.9,,
2011,498,42.2,,27.9,60.2,90.9,36.9,,
2012,498,46.9,,28.7,53,83.6,36.8,,
2013,498,62.3,,35.3,71.6,119.9,46.1,,
2014,498,50.08,,31.44,66.48,103.16,37.5,,
2015,498,48.78,,41.73,68.43,115.11,41.4,,
2016,498,,,45.5,76.5,118.9,39.6,2401,
2017,498,67.85,,40.07,72.68,121.95,48.6,2163.09,
2018,498,67.8,,41.6,78.7,109,44.9,1618,
2019,498,63.7,,45.4,72,90.9,37.9,,
2020,498,57.3,,43.2,68.5,102.4,40.2,,
2021,498,26.2,,19.9,33.2,32.7,12,,
2022,498,61.4,,45.1,79.4,151.5,43.4,,
2023,498,62.3,,45.6,73.7,115.1,40.3,,
2024,498,46.7,,31.5,62.2,80.4,26.8,,
2025,498,44.3,,38.3,59.6,67.7,28.6,,
1990,499,23.8,,20.6,46.6,51.2,,,
1991,499,31.9,,17.8,41.9,43,,,
1992,499,17.9,,13.2,45.6,51.2,25,,
1993,499,35.1,,23.1,56.2,62,27.6,,
1994,499,27.7,30,59.5,48.6,57.9,30.6,,20
1995,499,18.6,20,15.2,30.3,32.1,10,,
1996,499,35.6,,21.9,55.2,69.4,30.9,,
1997,499,29.8,,21.4,39.2,49.2,33.2,,
1998,499,24.8,60,19.7,44.1,37.9,28.7,,
1999,499,37.2,33,26.7,51.6,78.6,46.6,,25
2000,499,36.1,,27.2,54.2,65.4,45.7,,25
2001,499,27.3,,19.4,34.6,41.1,22.4,600,17
2002,499,6.2,,5,18,25.4,3.7,,5
2003,499,17.2,,16.3,25.5,23.1,10.1,,
2004,499,46.3,,27,63.8,63.5,36.5,,
2005,499,42.7,,38.7,66.1,88.5,41.1,,
2006,499,35.6,,29.3,51.4,57.6,30.5,,
2007,499,38.4,,29.8,58.6,60.6,32.9,,
2008,499,40.3,,36.6,67.7,76.5,45.4,,30
2009,499,46.1,,35.4,67.8,75.1,46.4,,
2010,499,47.6,,36.2,54,79.7,46.5,967,
2011,499,45.4,,32.6,59.1,88.5,42.8,,
2012,499,51.9,,31.3,53.4,70.9,42,,
2013,499,55.4,,38.1,63.4,81.8,49.9,,
2014,499,50.44,,38.63,65.76,81.31,43.7,,
2015,499,47.99,,40.27,59.7,96.3,42.7,,
2016,499,59.5,,49.4,68.7,104.4,53.6,1949,
2017,499,58.84,,46.39,74.15,105.46,52.4,2400,
2018,499,63.6,,50.4,81.6,110.9,55.5,,
2019,499,69.9,,50.5,92.2,122,43.5,,
2020,499,56.8,,40.6,81.4,127.7,36.9,1356,
2021,499,36.6,,26,59.5,51.1,29.4,1443,
2022,499,72.1,,50.8,78.4,133.1,45.9,1715.2,
2023,499,69.1,,49.9,81.9,103.2,51.9,,
2024,499,45.5,,33.4,68.5,84,30.2,,
2025,499,45.2,,37.2,59.7,59.6,36.7,,
1990,501,25,,20.5,41.1,45.8,,,
1991,501,29.1,,19.1,39.7,38.1,,,25
1992,501,18.5,,14.3,27,29.9,,,
1993,501,30.7,,19.1,55.7,71.7,23.5,,
1994,501,28.5,30,20.5,47.9,55,33.3,,16
1995,501,16.8,20,13,27.6,38.8,14.2,,18
1996,501,36.5,,20.1,53,62,35.1,,
1997,501,30.1,,19.8,40.7,55,30.6,,
1998,501,25.4,,20.6,40.2,50.3,26,,
1999,501,42.7,,29.5,62.4,76.8,42.4,,
2000,501,33.7,,31.3,49.5,74.9,41.1,,
2001,501,25.9,,21.7,38.3,44.4,26,,
2002,501,5.5,,6,6,15,3.3,,
2003,501,25.3,,17.2,38.3,41.5,21.4,,
2004,501,44.8,,27,62.9,71.3,42.7,,
2005,501,41.9,,36.3,70.4,78.3,44.8,,
2006,501,36.1,,30.9,44.2,59,31.8,,
2007,501,34,,28.6,46.8,64.2,38.2,,
2008,501,39.5,,35.1,63.2,56.1,46.4,,
2009,501,40.3,,34.9,62.5,71.3,44,,25
2010,501,40.2,,39.1,62.3,90.1,45.2,,
2011,501,42.5,,35.8,56,90,43.2,,
2012,501,43.6,,28.7,54.6,81,39.3,,
2013,501,55.5,,39,81.7,111.1,59.6,,
2014,501,53.06,,39.55,63.06,104.49,46.7,,
2015,501,40.12,,43.66,60.93,67.18,35.7,,
2016,501,55.1,,46.6,62.1,96.5,53.1,1740,
2017,501,54.22,,45.72,67.15,91.3,49.9,2418.16,
2018,501,55.8,,46.2,80,97.6,44,,
2019,501,64,,51.8,91.1,,44.1,,
2020,501,56.7,,42.7,74.4,136.7,42.5,,
2021,501,35,,25.6,36.6,44.1,24.4,,
2022,501,68.5,,44.9,75.7,117.8,43.4,,
2023,501,55.2,,48.4,72.7,81.5,44.5,,
2024,501,39.6,,29.5,40.9,60.8,30.9,,
2025,501,35.6,,27.7,32.1,82.4,29.9,,
1990,502,25.5,28,26.4,45.5,54,,,
1991,502,28.2,,19.7,37.6,47.2,,,
1992,502,23.8,,16.9,42.5,55,22,686,
1993,502,25.4,,24.2,44.1,54.9,30.2,1200,
1994,502,25.6,,19.9,48.3,95.7,27.3,,
1995,502,14.8,,11.4,25.8,45.5,5.6,600,
1996,502,33.8,,20.2,49.2,61.2,37.4,,
1997,502,29.7,,18.5,41.6,54.1,35.7,,
1998,502,19.2,,16.4,33.5,38.8,25,,
1999,502,37.2,,31.5,67.3,91,48.7,,
2000,502,31.7,,27.7,52.8,83.7,38.5,,
2001,502,30,,21.8,47.1,63.6,26.1,,
2002,502,11.7,,12.4,16.5,29.5,7.6,,
2003,502,31.6,,17.3,34.5,,16.5,,
2004,502,43.2,,29.1,66.4,100.2,36.8,,
2005,502,37.2,,32.6,58.7,96.7,45,,
2006,502,31.8,,29.6,53.5,77,28.5,,
2007,502,32.2,,27.4,45.6,71.9,28.5,,
2008,502,42.3,,37.1,55,73.3,43,,
2009,502,41.4,,33.5,57,89.7,36.8,,
2010,502,41.5,30.9,39.5,57.1,93.2,47.6,,
2011,502,42.4,,33.8,56,73.1,24.8,,24.7
2012,502,48.8,,30.5,46.3,85.1,25.6,,21
2013,502,55.4,,42.5,64.1,80.1,39.7,,36.5
2014,502,47.14,,37.59,62.44,99.46,33.6,,21.73
2015,502,34.49,,43.49,58,96.47,26.5,,27.45
2016,502,54.7,,45.5,66,116.9,45.3,1140,32.6
2017,502,56.51,,45.07,65.89,97.69,39.7,,
2018,502,56.5,,45.1,68.4,121.6,59,,
2019,502,64.4,,47.5,77.5,138.8,,,
2020,502,56.3,,42,69.9,141.2,,,
2021,502,35.7,,24.2,83.1,52.1,,,
2022,502,64.2,,43.3,77.7,123.4,62.4,,
2023,502,65,,42.2,76,108.6,26.1,,
2024,502,38.8,,27.7,56,60.3,33.2,,
2025,502,40.9,,36.4,67.9,56,37.2,,
1990,520,40.7,,22,67.5,81,,,15
1991,520,35.9,,26.1,42.9,60,,,20
1992,520,20,,25,30,50,12.5,,10
1993,520,23.7,,13.6,45.9,50,19.1,,10
1994,520,31.4,35,20.2,51,63.5,,1201,12
1995,520,29.3,,17.7,43.6,54.2,19.3,,
1996,520,32.5,,19.6,52.5,61,30.8,,
1997,520,29.8,,16.8,42.4,51.9,23.8,,10
1998,520,28.7,,18.5,57.9,89,33,,
1999,520,33.8,,23,60.3,68.9,28.5,,
2000,520,33.2,,19.1,57.7,52.5,26.9,,
2001,520,41.5,,25.4,60.2,70,42.6,,
2002,520,12.2,,9.7,39.6,52.3,19.3,,
2003,520,36.3,,22.1,36.5,63.3,27.9,,18.5
2004,520,25.4,,10.4,50.4,,16.6,,
2005,520,42.2,,32.1,71.2,75.1,31.4,,
2006,520,39.5,,26.9,52.9,,26.6,,
2007,520,27.7,,28.8,52.1,80,32.7,,
2008,520,27.5,,26.2,46.9,28.2,27.4,,
2009,520,44.8,,31.3,58.3,78.9,,,
2010,520,37.2,,25,53.3,84.6,37.5,,
2011,520,32.5,,26.4,46.5,95.2,14.3,,
2012,520,40.8,,27.1,55.1,109.1,29.5,,
2013,520,41.7,,30,38.9,95.6,13.8,,
2014,520,38.26,,26.38,25.58,87.37,12.5,,
2015,520,42.79,,40.62,58.1,106.61,34.2,,
2016,520,47.9,,48,61.8,115.5,40.8,667,
2017,520,52.99,,39.03,71.55,113.23,45,,
2018,520,53,,42,81,107,45,,
2019,520,57.5,,48.1,79.2,,50.1,,
2020,520,51.3,,39.2,77.9,135.8,44.8,,
2021,520,46.9,,36.6,92.1,84.8,37.8,,
2022,520,60.8,,47.9,88,118.9,54.2,,
2023,520,72,,51.1,58.7,133.7,65.2,,
2024,520,56.9,,35.3,72.3,144.4,42.4,,
2025,520,62.3,,42.8,63.5,136.4,47.6,,
1990,521,,,,,,,,
1990,529,25,,27,42.5,60,,,
1991,529,24,,15.5,27.8,43,,,
1990,555,33,,20.3,45,70,,,
1991,555,30,,18.6,29.1,45,,,
1992,555,19,,14.3,37.3,45,,,
1993,555,26.7,,,,85,,,
1994,555,,,6.5,,,,,
1995,555,20,,17,50,50,20,,
1996,555,30,,22,60,70,,,
1997,555,26,,16.5,35,60,40,,20
1998,555,32.3,,18.4,51.3,68.4,46.3,,
1999,555,34.6,,19.8,52.2,57,35,,
2000,555,,,,,37.9,,,
2001,555,,,,,,,,
2002,555,22,,12,30,18,,,
2003,555,30,,20,44.7,70,,,
2004,555,0,,19.1,0,,,,
2005,555,,,,,,,,
2006,555,,,,,,,,
2007,555,,,,43,,,,
2008,555,,,,,,,,
2010,555,32.1,,24.3,67.1,81.8,,,
2011,555,33.6,,29.4,92.7,42.8,,,
2012,555,,,21,47.5,75,,,
2013,555,59.9,,28.9,54,81.4,,,
2014,555,72.15,,33.86,47.14,90.88,,,
2015,555,42.8,,45.8,51.65,69.45,,,
2016,555,54.8,,46.8,,83.3,,,
2017,555,,,43.06,,118.51,,,
2018,555,55,,44,,74,,,
2019,555,,,50.4,,81.8,,,
2020,555,,,31.3,,109.6,,,
2021,555,54.1,,36.9,,52.4,,,
2022,555,68.9,,39.9,,87.4,,,
2023,555,72.2,,54.2,,98.2,,,
2024,555,56.9,,30.9,,,,,
2025,555,49.3,,50.2,,60.6,,,
1990,561,23,,19.1,41.8,49.3,,,
1991,561,26.3,,20.1,42.2,40.7,,,
1992,561,19.3,,10.5,35.8,37.8,,,10
1993,561,28.8,,23.7,54.7,70,,,
1994,561,15,,14.6,30,60,15,,
1995,561,12.4,11,16,24.2,16,5,,
1996,561,26.2,,22.5,55,68.4,,,
1997,561,31.8,,21,47.8,61,21.1,,
1998,561,27.4,,23.8,53.8,59,20,,
1999,561,37.7,,25.5,56.8,68.2,42.6,,
2000,561,33,,18.8,54,65.7,28.8,,
2001,561,27.1,,17.2,33.3,35,25,,
2002,561,4.9,,,11,,6.5,,
2003,561,26.8,,18.5,36.4,45.9,20,,
2004,561,45.5,,19.9,54.4,79.7,40,,
2005,561,40.2,,28.5,66.6,,49,,
2006,561,,,,,,,,
2007,561,31.9,,26.9,34.1,,,,
2008,561,43.5,,38,51.4,65.5,43.4,,
2009,561,53,,29.1,46.8,74.7,,,
2010,561,43,,40.6,51.6,73.4,40.5,1995,
2011,561,42.2,,33.1,60.9,100.6,20.9,535,
2012,561,50,,26.9,52.2,84,28.7,,
2013,561,56.2,,34.8,65.9,82.5,31.4,,
2014,561,48.59,,33.64,56.33,74.03,34.6,,
2015,561,31.71,,41.32,57.14,62.56,20.4,,
2016,561,60.2,,47.9,73.9,95.6,54.3,,
2017,561,61.46,,43,43.23,92.9,28.9,,
2018,561,58.4,,50.3,68.5,89.5,47,,
2019,561,64.3,,48.8,87.3,94.1,41.3,,
2020,561,50.1,,33.8,51.4,78.6,43.4,,
2021,561,47.6,,26.8,71.5,50.5,24.1,,
2022,561,48.2,,28.2,66,101.4,21.5,,
2023,561,65.9,,50.8,99,113.7,59.9,,
2024,561,59.5,,33.5,,81.5,30,,
2025,561,40.1,,32,43.4,53.7,25,,
1990,588,30.8,33,26.1,47.6,66.7,,,26
1991,588,31.2,,20.4,42.3,63.9,,,
1992,588,21.3,,15.3,44.9,32.6,,,
1993,588,24.6,,20,50.6,57.9,10,,
1994,588,23.9,45,28,39.6,49.4,23.6,,
1995,588,18.5,20,21.4,35.7,48.2,11.2,,
1996,588,31.2,,22.5,52.7,60.5,40,,
1997,588,36.4,32.5,21.2,43.9,51.7,35.3,,
1998,588,25.4,,23.6,46.3,57,30.9,,
1999,588,35.8,40,26.7,59,62.4,44.3,1400,22.5
2000,588,29.6,40,21.8,48.3,62.8,40.5,1500,25
2001,588,28.4,35,23.8,53.9,64.3,41.3,1500,20
2002,588,15.8,10,8.1,28.6,35.9,11.4,300,10
2003,588,25.6,,19.1,41.4,50,30.8,1200,15
2004,588,34.8,40,19,58.2,57.5,39.2,1300,23
2005,588,42.6,,31.7,62.2,81.4,43.5,,
2006,588,41.4,,29.3,53.4,63.9,33.2,,23.5
2007,588,38.4,,32.2,57.6,75.1,43.1,,
2008,588,40.6,,35.3,68.8,90.1,38.6,,30
2009,588,46.7,,36.3,71.7,74.5,43.7,,
2010,588,42.7,,36.3,63.7,80,41.1,1557,
2011,588,39.9,,27.8,61.8,68.8,19.4,,
2012,588,46.3,,25,69.9,72.7,34.2,,
2013,588,56.6,,38,70.2,112.2,51,,
2014,588,49.87,,30.53,70.9,88.26,36.8,,
2015,588,41.73,,41.7,61.59,95.01,39.4,,
2016,588,52.9,,46,66.8,95.1,52.6,1320,
2017,588,47.91,,34.06,52.1,87.72,32.3,,
2018,588,52.8,,43.7,71.7,87.7,35.3,,
2019,588,63.3,,48.1,83.3,98,36.1,,
2020,588,55.6,,27.5,67.4,69.3,34,,
2021,588,46.1,,30.2,65.9,50.1,30.1,,
2022,588,59.8,,35.9,92.6,106.1,48.4,,
2023,588,70.9,,46.6,96.1,117.1,54.1,,
2024,588,52.8,,28.8,50.6,89.4,35.7,,
2025,588,48.8,,37.7,61.2,59.5,34.4,,
1990,622,20.6,,17.6,34.2,51,,,
1991,622,20.8,,16.5,31.1,29,,,
1992,622,16.1,,10.1,21.7,18.9,,,
1993,622,24.9,,20.2,24.3,38,,,
1994,622,15,,14.5,38.1,32.9,,,
1995,622,15,,9.4,22,35,,,
1996,622,26.6,,16.6,43.2,46.9,,,
1997,622,22.6,,13.6,43.8,74.9,32,,
1998,622,19.7,,22.1,39.4,53.6,,,
1999,622,27.8,,21.8,48.5,52.5,27.9,,
2000,622,38.7,,22.9,57.4,74.1,39.8,,
2001,622,41.1,,27.4,53.7,61.1,,,
2002,622,8,,3,19,9.9,,,
2003,622,26,,14.3,34.5,55.5,7.5,,
2004,622,37.3,,20,46,55.2,,,
2005,622,48.8,,40.1,64.4,61.1,,,
2006,622,32.2,,21,47.5,57.2,,,
2007,622,44.2,,31.3,57.5,63.3,,,
2008,622,53.5,,34.5,71,68.5,29.3,,
2009,622,56.2,,37.4,57.7,81.4,,,
2010,622,42.6,,44,65.2,83.9,47.4,,
2011,622,51.9,,26.3,52.8,92.5,,,
2012,622,67.5,,28.1,46.9,95,,,
2013,622,67.5,,42.2,63.7,100.4,56.8,,
2014,622,45.26,,28.3,61.97,92.39,30.4,,
2015,622,51.84,,46.3,59.39,93.61,37.7,,
2016,622,67.4,,48.6,73.2,120.9,45.3,,
2017,622,59.49,,43.06,,93.01,43.6,,
2018,622,59.5,,39.3,54,96.4,43,,
2019,622,63.9,,46.1,73.9,106,33.7,,
2020,622,55.1,,40.9,74.3,94.5,49.2,,
2021,622,17,,23.9,23.3,25.8,,,
2022,622,66.8,,44.4,76.9,93,,,
2023,622,69.8,,45.9,74.8,121.3,,,
2024,622,48.2,,34.1,46.9,73.2,,,
2025,622,44.2,,40.7,44.8,59.5,,,
