Year,RM,Spring Wheat,Durum,Canola,Barley,Oats,Peas
2015,1,34.32,29.18,28.65,50.96,56.36,37.7
2016,1,40.5,38.4,32.1,68.1,75.7,26.2
2017,1,45.97,,39.19,,85.82,43.4
2018,1,50,,39.2,76,96,42
2019,1,50.9,,32.4,83.5,102.1,43.8
2020,1,56,,39.9,94,120.2,48.4
2021,1,46.2,,33.2,63.7,84,37.7
2022,1,52.4,,37.4,90.3,105.6,47.4
2023,1,50.8,,36.8,53,55.1,44.9
2024,1,46.7,,36.4,77.1,99.4,40.1
2015,2,36.63,32.67,29.45,44.18,55.23,29.7
2016,2,40.3,54.4,31,63.1,104.2,30.1
2017,2,44.32,,33.77,50.92,70.13,34
2018,2,44.4,,33.8,63,71.4,47
2019,2,51.1,,34.4,59.8,83.5,43.1
2020,2,58.1,60,41.3,80.8,93.5,56.4
2021,2,43.7,37.7,30.4,52.1,76.5,44.1
2022,2,46.5,53.1,39.1,61.2,77.9,46.9
2023,2,48.5,,34.4,50.5,81.8,41.3
2024,2,56.2,45.7,36.2,67.5,95.3,48.3
2015,3,36.46,36.61,31.04,54.24,59.79,27.1
2016,3,46,47.4,37.3,68.6,66.8,33.2
2017,3,42.78,34.91,32.55,64.34,71.67,28.8
2018,3,46.6,50,32.6,65,72.5,35.5
2019,3,48.9,49.7,33.1,63.1,60.3,39.1
2020,3,49.5,46.7,34.5,78.2,68.1,39.5
2021,3,44.5,42.3,26.1,70.8,74.6,44.5
2022,3,55.2,57.5,42.2,72.5,82.8,41.2
2023,3,49,42.7,31.5,62.6,76.9,36.9
2024,3,51.2,51.7,38.6,83.3,99.3,36.8
2015,4,28.78,23.53,25.39,38.62,47.87,27.8
2016,4,45.4,42.6,35.6,43.8,106.7,31.2
2017,4,39.11,36.54,29.46,50.42,61.16,36.6
2018,4,46,46,36,50.4,,38
2019,4,44.3,57,39.1,58.7,68.9,38.7
2020,4,45.6,51.6,33.3,51,,43.2
2021,4,48,44,33.3,47.3,62.7,34.1
2022,4,46.4,52.2,34.8,68.3,74.5,30.9
2023,4,33.3,32.7,30.8,45,80,38.4
2024,4,43.9,45.7,28.8,64.1,88.9,20.3
2015,5,31.26,36.55,30.6,49,,32.5
2016,5,26.5,45,32.1,76.8,,32.5
2017,5,35.69,29.55,24.72,,,30.1
2018,5,39.1,49,29.9,72,,34
2019,5,43.3,44.5,33.9,58.2,48,37
2020,5,47.6,50.8,34.8,83.4,,41.9
2021,5,39.8,40.3,28.7,64.4,,35.2
2022,5,37.6,52.6,42.2,84.6,,38.5
2023,5,40.2,33.5,23.9,50,,32.7
2024,5,47.6,40.7,29.5,52.1,,33.6
2015,6,30.56,37.62,31.42,34.87,87.23,33.1
2016,6,33,47.1,34.8,54.4,97.3,35.4
2017,6,23,24.77,15.69,27.85,,18.3
2018,6,37,36.4,24.8,54,,30
2019,6,39.8,52.2,30.3,62.6,,38.7
2020,6,43.4,51.1,35.3,87.3,58.7,39.4
2021,6,36.3,41.9,30.1,56.2,47.3,33.8
2022,6,53,55.5,39.2,69.5,,32.7
2023,6,30.4,27.5,21,54,,25.3
2024,6,46.5,42.2,30.6,43.1,58.6,35.8
2015,7,28.42,40.45,33.19,26.83,,32.8
2016,7,44.9,47.3,37.9,44.3,110,37.1
2017,7,,20.62,14.08,,,12.5
2018,7,49,32.8,25,,,21.5
2019,7,53.2,50.4,29.3,88.5,66.5,31.6
2020,7,21.5,49.8,35.6,67.8,,41.5
2021,7,30,38.8,27.2,64.9,,29.9
2022,7,41.9,51.4,38.5,69.6,54.6,33.4
2023,7,28.3,29.5,21,32.6,,24.9
2024,7,27.1,39,28.2,,,27.8
2015,8,25.66,24.15,29.22,,29.57,24.1
2016,8,35.9,33.8,40.4,40,66.7,36.8
2017,8,17.17,25.71,14.2,,,
2018,8,31,32.4,23.6,,52,
2019,8,33.9,53.6,30.2,,72.3,40.7
2020,8,27.4,41.3,34.4,,67.9,
2021,8,19.6,31.9,25.7,12.3,,21.5
2022,8,19.5,38.7,30.9,,51.3,36.1
2023,8,19.3,32.5,20.5,,19.6,26.1
2024,8,27.5,22.5,17.7,23.2,36.9,17.4
2015,9,23.72,28.7,,,,22.8
2016,9,,43.5,,,69.2,43
2017,9,,19.9,17.31,,31.04,
2018,9,15,31.9,39,,61,36
2019,9,,57.2,41.8,,79.3,30.5
2020,9,,47.7,42.2,,,32.4
2021,9,,30.1,27.9,,34.6,21
2022,9,,36.3,31.8,,37.8,40.1
2023,9,,21.3,17.9,,16,23.7
2024,9,,16.8,9.3,,11.4,13.4
2015,10,13.79,26.81,28.18,30.65,,15
2016,10,,41.6,40.3,,,42.8
2017,10,17,12.22,11,46.09,,12.6
2018,10,21,20.7,16,,,22
2019,10,,50.5,27.9,29.6,,
2020,10,,48.8,30.9,,,
2021,10,26,29.8,27.5,,,20
2022,10,35,36.5,27.2,,24.8,26.5
2023,10,22,22.2,18,,,15.8
2024,10,16,15.1,2.5,,,7
2015,11,17.79,25.5,21.67,38.56,,21.1
2016,11,33.5,50,42.6,58.4,60,30.6
2017,11,,14,6.94,,,17.9
2018,11,,25,21.3,,40,
2019,11,,52.7,29,84.7,31,
2020,11,,57.8,35.6,78.8,,39.2
2021,11,,24.1,12.7,,8,
2022,11,,37.4,24.6,37.2,,21.6
2023,11,,38.7,30.1,,,
2024,11,,22,10.6,25,7.2,12.1
2015,12,27.54,26.87,33.4,61.76,73.73,17.9
2016,12,38.4,57,38.9,83.5,79.1,37
2017,12,14.44,20.02,12.05,20,25,17.1
2018,12,19.4,20,16.7,50,40,19
2019,12,41.5,47.4,32.6,100,82.9,39.7
2020,12,,46.3,35.1,50,55,42.5
2021,12,6.9,10.8,12,3.4,,6.7
2022,12,14.1,28.8,19.7,,10.5,24.7
2023,12,11.8,30.5,30.1,,,23.9
2024,12,,20.8,11.6,22.1,8.4,19
2015,17,29.62,36.39,33.17,57.52,66.42,26.1
2016,17,34.2,44.5,44.7,66.3,71.5,42.1
2017,17,11.47,22.55,18.38,12.89,,12.2
2018,17,,22.5,28,41,,12.2
2019,17,37.4,39.5,37.7,58.3,,29.6
2020,17,39.3,34.1,26.2,48,,29.2
2021,17,11,8.5,15,10.6,,6.1
2022,17,14.8,13.6,10.9,14.9,,9
2023,17,22.8,15.2,,22.8,,14.8
2024,17,35.1,29.2,24.1,46.2,,21.1
2015,18,20.52,34.55,,33.25,86.05,35.9
2016,18,25.2,43.5,,63.4,,32.8
2017,18,8.27,22.39,,29.7,,17.2
2018,18,34,22.4,18,45,,17.2
2019,18,46.8,42.1,27.2,64.9,,34.1
2020,18,45.4,37.4,24.2,60.9,,37
2021,18,17.1,7.1,,3.4,,8
2022,18,12.6,11.9,1.9,13.1,,11.2
2023,18,19.9,12.3,5.5,20.6,,14.3
2024,18,25.8,26.1,,36.7,,21.2
2015,19,23.46,31.49,28.76,29.09,66.63,19.7
2016,19,25.5,46,44.6,,66,34.4
2017,19,22.29,27.92,5.75,20.86,,8.6
2018,19,19.1,25,5,24,,16
2019,19,21.2,33.4,26.4,47,,33.5
2020,19,25.6,31.6,29.2,41.6,,33.8
2021,19,12.6,9.6,4.1,6.3,,10.2
2022,19,10.5,13.6,6.4,14.1,,13.8
2023,19,12.5,10.7,,11.1,,15
2024,19,18,24.3,10.2,28.1,,21
2015,31,39.95,,31.38,48.81,55.44,26.9
2016,31,46.7,,36.6,74.1,70.7,30.9
2017,31,41.11,,35.44,54.7,77.01,43.1
2018,31,44.1,51,35.4,62.2,85,40
2019,31,52.2,55,37.6,83.6,74.4,44.1
2020,31,54.6,50.5,40.7,81.6,85.7,49.8
2021,31,43.7,38.9,31.8,57,57.2,27.9
2022,31,53.2,64.9,42.7,75.9,92.4,43.5
2023,31,48.8,,38.9,69.6,72.6,36.3
2024,31,61.5,66.8,40.5,83.9,103.7,53.6
2015,32,39.91,,34.79,51.87,70.45,40.9
2016,32,41.8,47.6,35.8,59.7,88.7,38.6
2017,32,41.59,,31.41,60.14,81.04,37.7
2018,32,44.7,,32.3,64,84,44
2019,32,46.7,,32.9,76.3,78.2,40.1
2020,32,56.1,,38.5,79.2,76.7,52.5
2021,32,46,,34.7,63.1,71,36.7
2022,32,49.5,,40.5,73.8,92.7,40.2
2023,32,49.2,,37.6,73.5,63.5,41.5
2024,32,57.2,54.1,36.3,83.9,114.1,49.3
2015,33,32.73,22.81,32.69,56.5,71.43,38.8
2016,33,47.9,46.2,40.5,65.4,78.6,43.5
2017,33,37.11,40.9,30.35,59.16,66.13,37.8
2018,33,41.7,41,32.9,79,65.5,47
2019,33,50,39.1,37.1,81.3,83,49
2020,33,54.9,58.2,41.8,85.6,97.1,56.8
2021,33,49.5,54.2,33.9,77.2,73.9,43.6
2022,33,53,51.8,43.7,75.1,89.7,39.8
2023,33,46.1,44.3,38.7,62.1,77.5,38.5
2024,33,56,52.5,38.5,87.1,105.3,45.6
2015,34,38.06,42.48,29.63,58.04,57.92,35.1
2016,34,52.3,54.8,35.5,73.4,79.5,37.3
2017,34,46.18,51.48,30.26,65.04,71.41,34.4
2018,34,46.2,50,36.4,68.5,73,40.5
2019,34,47.5,49.7,37.9,64.9,67,37.5
2020,34,50.5,48.5,37.9,77.3,91,41.1
2021,34,50.3,45.2,32.4,71.7,98.8,36
2022,34,53.6,53.9,40.7,80.1,115.4,30.4
2023,34,48.2,36.5,35.6,63.1,93.3,37
2024,34,52.5,52.1,37.8,78,111.9,32.8
2015,35,29.75,35.87,27.35,41.4,34.51,30.5
2016,35,38.4,50.4,33,59.3,66.8,34.3
2017,35,41.51,40.39,35.58,69.22,52.55,31.3
2018,35,41.5,48,35.6,68,48,36
2019,35,41.6,45,35.5,71.7,,37.4
2020,35,50.9,57.2,39.2,81.4,52.9,45.5
2021,35,37.5,34.9,27.6,49.5,,30
2022,35,53,54.7,42.9,83.3,,31.2
2023,35,41.2,36.4,30.2,63.7,,31.7
2024,35,48.9,47.2,31.9,72.3,,32.4
2015,36,25.76,38.54,29.27,36.29,53.75,30.8
2016,36,32.6,53.4,31,44.9,47.4,42.2
2017,36,28.3,29.06,26.94,38.52,,18.5
2018,36,35.1,39.5,32,58,48,40
2019,36,45.8,51,33.4,64.9,44.6,40.5
2020,36,43.5,53.8,39,72.6,55.7,37.1
2021,36,30.1,33,23.3,43.2,17.6,22.7
2022,36,50.3,59.9,43.5,63.2,79.8,37.7
2023,36,34.5,37.4,27.4,53.7,14.7,30.8
2024,36,43,44.6,31.1,69.8,49.7,25.3
2015,37,29.04,29.41,31.82,45.03,56.54,31.3
2016,37,36.6,44.2,35.6,63.4,49.9,40.1
2017,37,17.7,22.13,15.44,,15.85,17.3
2018,37,27.8,33.6,25.7,,58,38
2019,37,33,37.5,20.2,,45.2,36.2
2020,37,43.2,44.2,32.7,,21.7,41.3
2021,37,22.9,28.6,21.5,,,29.7
2022,37,47.8,52.9,36.6,,,40.8
2023,37,38.1,31.3,24.6,,,32.5
2024,37,31.8,31.8,22.4,38.1,,29.2
2015,38,27.33,28.73,29.45,20.85,38.82,21
2016,38,29.5,43.3,40.7,44.8,51.1,40.3
2017,38,21.17,22.33,13.34,25,19.83,18
2018,38,34.3,29.4,23.3,39,49.3,25
2019,38,37.1,39.9,27,45.8,55.4,30.6
2020,38,41.1,46,37.2,55.1,53.5,37.3
2021,38,33.5,30,23.8,26.5,38.7,27.5
2022,38,39.1,48.4,36.4,52.3,71.9,33.5
2023,38,35.4,32.6,24.5,45.8,30,28.9
2024,38,20.3,23.3,14.9,7.4,2.6,26.9
2015,39,28.95,34.01,28.8,41.55,54.99,23.5
2016,39,36.3,57.6,46.6,55,67.4,42.5
2017,39,21.62,25.44,17.83,,,21.3
2018,39,37.5,37.8,31.6,,,38
2019,39,47.1,57.5,37.8,86.4,39.9,39.6
2020,39,,62.1,40.7,80.8,,46.6
2021,39,,39.1,28.9,45.8,,31.1
2022,39,,43.9,30.3,37.4,,31.7
2023,39,,34.3,25.8,3.4,15.7,30.2
2024,39,,22.5,11.1,29,,19.5
2015,40,25.82,22.67,26.86,30.8,25.61,18.7
2016,40,24.1,38.8,37.1,42.4,124.9,31.5
2017,40,12.56,14.95,11.57,,19.6,11.1
2018,40,17.8,22.2,30,45,19.6,19.1
2019,40,28.9,38.3,29.9,46.7,,29.9
2020,40,26.4,41.3,26.6,37.3,43.9,34
2021,40,8.9,28,20.6,24.3,,21.6
2022,40,15.7,36.6,25.9,14,,27.1
2023,40,6.3,21,18.8,24.9,14.8,23.6
2024,40,16,16.8,7.4,10.4,,13.4
2015,42,27.47,34.25,37.93,39.31,64.91,26.8
2016,42,40.5,52.7,50.9,52.8,78.1,38.2
2017,42,14.94,17.97,14.91,22.96,,16.1
2018,42,28,27,34,60,,26
2019,42,36.4,46.1,37.6,56,,31
2020,42,35.4,46.9,32.5,53.7,,36.9
2021,42,18.9,14.9,13.6,23.5,,14.6
2022,42,27.5,38.5,25.4,40.5,,27.3
2023,42,19.7,26.3,27.4,29.5,,25.5
2024,42,19.4,21.6,10.7,32.3,,21.1
2015,43,24.82,25.04,20.48,20.79,48.01,24.9
2016,43,28.9,40.2,37.3,34.1,67.7,35
2017,43,16.98,14.21,9.49,10.19,30,13.1
2018,43,18.5,19.7,15.5,20,31,15.9
2019,43,32,35.3,18,30.5,46,21.2
2020,43,37.2,38.9,22.2,40,40.3,30
2021,43,8.7,6.9,6,5.6,15,5.8
2022,43,30.3,28.2,25.9,31,35.1,21
2023,43,15.5,16.9,11.8,2.9,,16.6
2024,43,19.9,17,8,14.9,17.7,13.6
2015,44,21.32,34.37,37.74,37.05,43.66,24.5
2016,44,25,40.9,47.1,70.4,56.6,38.4
2017,44,12.34,25.1,17.56,59.41,2.37,10.6
2018,44,15.1,26.4,18,9,4,14.3
2019,44,21.4,37.4,35.5,51.3,34.2,24.9
2020,44,17.8,31.4,19.4,28.9,59,20.8
2021,44,3.9,,,,,
2022,44,21.7,22.6,17.3,17.1,8.8,27
2023,44,17.4,11.8,10.8,7.5,,19.4
2024,44,23.2,16.8,10.3,11.7,22.9,22.9
2015,45,29.2,32.29,32.5,67.72,55.42,25.3
2016,45,,49.2,,26.9,47.3,29
2017,45,11.34,24.33,9.33,,,15.4
2018,45,13,24.3,30,12,,19.7
2019,45,34.4,35.3,38.9,38.5,,25.5
2020,45,25.9,37.8,24.4,51.4,,29.6
2021,45,3.3,1.7,4,1.7,,2.7
2022,45,11.1,19.3,11.4,16.2,14.8,18.8
2023,45,12.7,17.5,13.4,16.9,,28
2024,45,11.7,23,13.5,10.7,45.1,27.3
2015,46,40.74,40.53,,53.98,88.12,29.1
2016,46,50.8,46.8,,53.6,39.5,28
2017,46,12.5,23.53,12.63,15.7,27.69,10.4
2018,46,26,26.4,,29,,22
2019,46,38.4,42.4,36.9,47.1,,31.1
2020,46,23.1,40.4,,41.3,26.9,35.7
2021,46,7.2,4.2,6,3.4,4.1,3.5
2022,46,17.7,18.1,15.4,19.4,13.9,14.1
2023,46,13.7,11.8,,19.2,1,19.1
2024,46,39.5,28.4,19.8,64.4,,21.4
2015,49,33.83,39.36,28,54.68,82.84,35.2
2016,49,32.8,50.8,26.8,56,100,45
2017,49,,20.49,17.52,38.02,,15.2
2018,49,,25.2,25,37,,20.1
2019,49,34.7,43.4,33.9,52.8,,37
2020,49,38.8,33.8,26.7,43.4,,33.1
2021,49,,11.8,18.3,15.7,,14
2022,49,13.3,19.3,12.1,45.3,10.1,14.2
2023,49,21.5,17.7,12.7,28.8,,19.3
2024,49,23.7,30.3,20.6,45.9,,23.6
2015,51,25.53,26.12,15.67,44.13,,29.3
2016,51,34.1,42.3,36,64,56.3,45.6
2017,51,18.35,24.9,14.48,29.6,,24.1
2018,51,21.9,24.9,13.5,35.1,44,25
2019,51,27.1,33.7,19.5,47,60,31.4
2020,51,16.8,21.9,15.1,31.6,30,27
2021,51,8.3,8.8,4.6,11.8,,12.2
2022,51,14.1,20.4,,24.1,,19.6
2023,51,19.4,24,19,40.1,28.3,26.7
2024,51,21.8,28.5,,40.7,33.8,21.7
2015,61,38.76,44.8,31.43,66.93,85.13,35
2016,61,42.5,42.5,33.6,66.6,76.6,32.9
2017,61,51.34,62.6,35.76,70.31,82.41,48.2
2018,61,51.5,56,34.6,70.3,91.2,47
2019,61,54.2,,38.6,76.5,99,48.4
2020,61,58.3,,40.6,78.3,103,53.3
2021,61,49.4,,34.9,58.6,79.3,32.8
2022,61,53.6,,38.8,69.9,121.3,34.7
2023,61,55.5,,42.8,74.9,101.2,47
2024,61,60.9,,39.5,88.9,113.5,49.9
2015,63,41.39,,34.48,71.91,62.25,39.6
2016,63,50.4,,38.5,78.4,72.6,34.2
2017,63,52.04,59.51,33.82,84.6,93.41,41
2018,63,55,72,39.4,92,99.9,46
2019,63,51,62.1,40,87.8,103.9,51.8
2020,63,58.7,78.6,46.3,87.4,143,60.4
2021,63,54.8,55.7,38.6,84.1,83.2,45.1
2022,63,50.3,66,44.6,84.7,128.6,39.2
2023,63,54.5,41,42,76.5,63.2,32.8
2024,63,58.5,65.1,41.1,94.3,,44.1
2015,64,39.57,30.1,32.49,66.31,80.01,35.3
2016,64,44.9,49.5,37.9,70.3,78.7,32.9
2017,64,42.31,36.23,32.5,71,85,42.7
2018,64,44.4,42.5,38,79.5,102.5,39
2019,64,42.1,37.5,38.7,72.8,92.9,42.9
2020,64,58.9,52.4,39.7,71.8,94.8,38.4
2021,64,46.5,37.2,38.6,71.7,86.9,36.8
2022,64,44,39.6,39,75.4,87.7,34.1
2023,64,46.8,37.8,35.9,58.1,70.5,25.5
2024,64,52.7,54.6,38.3,74.9,103,35.7
2015,65,34.25,27.22,26.78,34.63,53.68,25
2016,65,43.1,39.5,34.1,62.1,62.6,38.5
2017,65,34.99,28.83,24.75,46.9,48.99,31.2
2018,65,40.7,35.4,33.6,58.5,56.5,33
2019,65,50.4,50.7,39.8,59.8,60.8,45.6
2020,65,39.8,38.9,42.4,76.2,92,48
2021,65,34.9,31.7,29,49.5,54,33.9
2022,65,50,51.6,42.1,83.7,89.9,42.3
2023,65,41.2,30.6,28.2,51.7,28.3,31
2024,65,45.9,45.7,33.9,64.3,63.6,37.8
2015,66,36.69,30.63,28.89,34.03,67.8,21.1
2016,66,40.4,41.5,39.5,57,,43.9
2017,66,35.53,26.44,22.92,47.85,,26.8
2018,66,42.1,38.2,31.5,52.1,75,35
2019,66,54.2,47.1,39,83.2,,39.7
2020,66,49.6,51.7,38.6,84.1,,49.2
2021,66,37.3,32,26.8,50.4,69.6,31.1
2022,66,52.2,54.5,43.6,70.8,113.9,42.4
2023,66,38.6,30.3,24.9,48.7,,30.8
2024,66,45.4,40.4,29.8,75,106.6,37
2015,67,33.48,32.72,27.13,56.42,65.43,33.3
2016,67,41.7,45.4,35.5,78.3,85.3,32.9
2017,67,27.7,30.33,19.96,51.96,38.86,22.1
2018,67,31.4,39.7,29.5,67,60,38
2019,67,43.9,50.1,30.2,69.4,74.8,39.9
2020,67,43,47.7,32.8,65.7,68.5,51.7
2021,67,26.9,30.9,20.6,40.1,52.4,30.3
2022,67,43.4,53.4,41.2,60.4,76.6,44.3
2023,67,36.1,34.5,29.8,54.1,49.5,35.4
2024,67,34,39,25.6,49.2,66.9,34.5
2015,68,16.37,24.18,25.7,36.51,,17.2
2016,68,31.9,47.8,42.7,69.9,,19.4
2017,68,15.03,18.01,17.01,25.17,11.6,8.3
2018,68,31,31.3,31.5,62,23,22
2019,68,27.1,41.7,27.7,41.8,,32
2020,68,36.4,43.5,33,61.8,59.3,35.9
2021,68,25.1,30.6,21.5,32.3,,27.5
2022,68,40.2,48.2,37.7,44.1,71.7,29.8
2023,68,29,31.7,26.3,42.6,,19.6
2024,68,22.3,33,21,31.5,39.4,25
2015,69,14.87,21.67,29.67,23.75,22.55,13.7
2016,69,29.4,43.3,37.6,34.6,54.5,30.1
2017,69,15.26,24.28,20.8,12.82,20.05,14.4
2018,69,20.8,30.5,24.9,31,26,28
2019,69,29.9,41.5,33,31.5,31.1,29.9
2020,69,30.1,47.4,37,26.6,51.2,38.5
2021,69,24.1,34.5,25.7,32.9,24.5,27.2
2022,69,20,42.3,33.7,17.2,40.6,30.2
2023,69,22.1,27.8,21.5,20.2,9.4,22.3
2024,69,31.8,30,15.6,37.5,24.1,11.5
2015,70,18.72,29.63,32.81,25.48,31.11,20.7
2016,70,35.9,35.4,39.8,41,64.5,31.8
2017,70,17.95,24.16,16.86,31.29,,16.3
2018,70,26,29.6,25,35,,29
2019,70,24,42.1,34.1,35,32,34
2020,70,22.8,43.3,40.6,53.9,50.2,32.7
2021,70,30.8,32,24.2,27,26.6,22.3
2022,70,40.7,44.5,34.3,,,35.9
2023,70,,33.5,27.3,34.7,,30.1
2024,70,13,30,18.7,42.9,,21.1
2015,71,27.19,31.44,33.44,33.64,26.57,24
2016,71,36.6,45,40.1,54.4,79.1,30.6
2017,71,24.23,20.18,18.1,13.85,,14.1
2018,71,37,26.6,26.5,40,,21.6
2019,71,50,45.1,41,64.1,,36.3
2020,71,42.3,48.2,34.2,65.4,,40.6
2021,71,30.5,28.2,21.1,27.6,,26.5
2022,71,42,41.9,34.7,57.9,,34.8
2023,71,,24.9,17.5,24.9,,22.8
2024,71,,18,9.7,34.6,22.5,15.5
2015,72,43.06,31.29,31.94,40.45,,27.6
2016,72,62.5,58.6,47.9,55.3,92,39.4
2017,72,25.77,32.06,24.84,27.57,,18
2018,72,40,32.1,28.3,35,,22.5
2019,72,57.9,51.4,43.4,66.3,,26.6
2020,72,51.4,48.3,34.9,73,,31.6
2021,72,29.1,18.6,14.2,24.2,,23.7
2022,72,41.6,38.5,26.8,61.2,,27.3
2023,72,35,22.1,17.9,43.5,,28.9
2024,72,33.3,16.9,10.6,37.4,,16.3
2015,73,30.79,32.44,36.82,40.55,58.57,27.4
2016,73,40.7,49.4,40.9,63.3,45,22.1
2017,73,35.36,31.48,24.44,53.46,,16.3
2018,73,35,28.8,24.9,,,18.6
2019,73,42.6,44.5,39.8,59.6,,28
2020,73,40.7,44.7,32.2,44.5,,36.5
2021,73,14.3,9.2,7,16.3,25,10
2022,73,30.5,28.1,17.5,38.8,,21.6
2023,73,19.5,17.6,15.9,36.9,,16.4
2024,73,21,14.8,10.3,19.3,11,15.7
2015,74,33.01,35.07,35.17,,62.47,30.6
2016,74,22.2,50.6,42.3,78.3,,32.4
2017,74,23.99,30.48,24.66,36.56,,18.5
2018,74,24,27.7,24.7,7,,18.5
2019,74,47,44.6,34,46,,27.1
2020,74,20.2,35.5,21.8,41.8,,24.3
2021,74,5.1,3.3,5.2,6.8,,7.6
2022,74,18.9,18.8,12.3,24.6,,15.1
2023,74,18.6,11.3,12.3,15.3,,11.4
2024,74,25.5,17.9,14.2,31.4,,14.5
2015,75,37.3,37.68,38.25,61.15,56,36
2016,75,49.5,53.3,48.3,70.3,85,35.4
2017,75,25.06,28.48,19.88,40,50,20.2
2018,75,26,25.1,24,48,60,23
2019,75,40.3,42.6,33.7,46.9,80,40.8
2020,75,27.5,34.3,27.6,36.5,50,26.6
2021,75,6.2,3.5,7.4,8,10,8.6
2022,75,10.8,17.1,14.6,19.2,30,16.4
2023,75,7.2,8.6,12.2,7.9,6,15.7
2024,75,19.6,19.5,13.7,28.5,40,22.9
2015,76,31.82,43.79,42.17,56.16,29.59,35.4
2016,76,49.4,41.8,46.1,59,44.5,38.7
2017,76,22.38,20.44,18.39,21.68,22.97,16.7
2018,76,23.5,20.4,15,21.5,25,16.7
2019,76,55.2,45.7,,56.2,,35.9
2020,76,40.6,37.5,30.6,52.6,,33.5
2021,76,8.9,4.7,7.3,1.5,,7.4
2022,76,19.6,17.7,9,18.9,14.7,16.1
2023,76,15.4,15.3,13.8,18.4,11,18.4
2024,76,22.9,27.2,14.3,47.4,,24.5
2015,77,34.95,37.28,36.87,39.05,27.86,29.3
2016,77,21.9,51,41.8,34.9,69.8,37.3
2017,77,,22.29,20.62,17.59,32,13.2
2018,77,,22.3,20.6,,,16.1
2019,77,47.4,46.9,35.5,70,80,37.4
2020,77,33.8,36.1,27.7,48.7,50,31.8
2021,77,8,7.8,5.9,9.5,,12.1
2022,77,16.7,13.9,7,18.6,,14.4
2023,77,15,11.8,8.8,9.6,,11.7
2024,77,35.9,28.2,26.1,35.3,,19.2
2015,78,23.37,39.05,33.38,51.42,,26.9
2016,78,40.5,56.7,51.6,52.5,,41.4
2017,78,25,32.46,22.11,50,40,26.3
2018,78,,32.5,22.1,44,,26.3
2019,78,39.1,50.9,42.3,55.8,,40.9
2020,78,,37.2,28.3,48,,34.8
2021,78,,18.3,16.5,20.7,,15
2022,78,,25.9,14.7,36.7,,24.5
2023,78,18.9,16.4,14.2,18.2,20.1,16.3
2024,78,,37.1,23.6,51.7,,26
2015,79,27.49,40.64,31.56,42.51,47.08,29.5
2016,79,23.7,48.9,48.7,57.4,73.2,35.1
2017,79,25.48,24.66,19.4,26.78,,16.1
2018,79,40,29.7,24.5,40.8,,24.7
2019,79,39.7,45.5,34,52.4,,35.4
2020,79,34.5,36,22.7,55.5,50,29.5
2021,79,27.4,20.7,22.9,28.7,,23.3
2022,79,23,28.1,17.5,34.2,,19.9
2023,79,22.1,18.6,16.7,27.7,25,17.4
2024,79,32,25.8,22.4,44.9,,24.1
2015,91,44.22,,35.24,60.65,77.81,54.9
2016,91,49.3,,36.7,71.2,95.7,35.2
2017,91,54.25,,38.21,73.44,93.96,42.2
2018,91,54,,38.9,70.3,70,40
2019,91,55.2,,41.8,86.9,93.2,47.1
2020,91,63.9,,45.9,88.4,85.3,60.8
2021,91,50.9,,33.1,62.8,63.4,33
2022,91,55.1,,40.8,69.9,102.9,43.1
2023,91,58.3,,43,74.5,61.1,41.4
2024,91,63.4,,38.5,90.1,103.5,46.6
2015,92,40.8,,36.07,62.39,62.64,29.7
2016,92,48.6,62.1,40.3,65.7,54.2,45.1
2017,92,51.41,,40.66,63.07,68.85,49.7
2018,92,53.2,51,40.7,63.2,74,52
2019,92,58.9,,43.3,82.2,78.7,50.2
2020,92,63.2,64.9,45.6,85,96.3,54.2
2021,92,53.5,,37,65.2,69.8,43
2022,92,50.7,51,37.5,67.6,88.2,22.9
2023,92,56.1,52.4,43.1,77.4,78.6,45.1
2024,92,60.1,50.3,39.1,82.9,120.4,48.7
2015,93,41.29,,38.81,63.82,52.81,61.5
2016,93,49.9,,39.3,68,79.1,
2017,93,49.87,,37.93,79.48,71.59,
2018,93,49.8,,40.5,78,80,
2019,93,55.7,,42.4,75,74.4,36.4
2020,93,60.7,,45.1,77.9,119.6,
2021,93,52.2,,33.3,72.1,69.4,41.2
2022,93,51.3,,42.8,65.2,106.3,28.7
2023,93,50.6,,43.2,66.9,62.9,
2024,93,63.8,,39.9,72.9,108.7,
2015,94,34.42,,26.07,50.04,62.06,37.1
2016,94,42.7,,35.5,55.6,72.5,39.3
2017,94,42.19,59.9,28.88,68.61,56.41,56.2
2018,94,53,60,39.6,74,66.1,59.5
2019,94,54.2,61,44.1,60.9,61.3,42.2
2020,94,50.6,65,42.3,84.4,67.4,49
2021,94,47.1,53.3,27.7,47.6,47.1,37
2022,94,42.9,62.2,41.4,61.9,113.3,49.8
2023,94,44.3,39.1,34,59.9,,32.4
2024,94,58,49,34.5,77.2,57.2,34.9
2015,95,38.49,39.81,37.53,63.53,61.8,32.2
2016,95,46.5,52.6,40.1,80.2,77.1,38.3
2017,95,47.09,47.56,31.97,61.96,79.04,38.3
2018,95,50.5,60,37,71,79,42.6
2019,95,56.6,54.7,42.4,74.7,83.9,45.7
2020,95,49.3,49.6,41.1,74.1,77,41.9
2021,95,44,35.2,27.5,58.8,62.3,32.8
2022,95,52.1,50.7,41.7,62.3,74.2,42
2023,95,32.1,32.9,29.2,44.7,51.6,26.3
2024,95,41.4,47.2,28.8,74.8,69.6,34.8
2015,96,33.7,42.23,32.58,59.7,74.65,33.2
2016,96,37.6,53.1,37.9,73.5,65,38.5
2017,96,42.34,42.55,31.44,53.76,58.56,34.7
2018,96,55.1,56.3,41.8,74.5,80,43.5
2019,96,56.1,56.4,43.3,56.4,88.5,36.7
2020,96,51.1,50.5,40.8,60.5,81.8,46.4
2021,96,42.3,37.7,26.1,36.2,42.7,30.1
2022,96,51.2,60.5,42.9,66.2,87.7,39.4
2023,96,44.8,38.6,29.2,42.8,,33.6
2024,96,44.9,48.1,30.9,42.3,90.1,36.9
2015,97,33.6,31.65,38.06,48.64,68.57,36.4
2016,97,40.3,44.6,41.2,65.8,112.8,50.5
2017,97,33.59,37.04,28.3,31.7,52.42,26.4
2018,97,40,42.7,42.9,69.5,64.5,46
2019,97,42.4,71.8,33.6,52.4,69.9,51.8
2020,97,39.7,45.6,39.2,51.1,70.8,33.4
2021,97,35.1,42.8,29.1,40.6,55.6,30.3
2022,97,48.2,62.4,40,70.7,89.7,35.9
2023,97,37.3,41.4,31.6,48.1,71.6,33.3
2024,97,36.8,34.8,21.1,56.9,55.1,30.8
2015,98,35.72,43.37,37.4,72.53,102.78,37.4
2016,98,49.6,56.1,46.3,72,121.8,40.3
2017,98,39.07,35.36,26.61,56.94,46.78,22.5
2018,98,65,44.5,37.3,,133,46
2019,98,40.5,48.2,33.9,69.1,52.3,
2020,98,55.8,57.7,44.3,82.7,83.1,39.2
2021,98,43.5,44,30.3,33.2,83.5,20.1
2022,98,49.7,67.6,49,63.1,119.4,38.8
2023,98,41.3,47.1,32.1,76.7,60.8,25.7
2024,98,39.7,41.9,23.4,31.9,69.7,18.5
2015,99,13.4,35.84,40.25,14.3,30.78,20.2
2016,99,,55.3,48.4,32.4,32.4,24.8
2017,99,19.22,29.78,27.03,15.46,,17.3
2018,99,26,32.1,39,20.4,,20.1
2019,99,32.4,43.3,36.4,67.1,46.7,28.4
2020,99,37.7,52,45.8,72.7,,35.7
2021,99,18.3,33.6,26.4,36.1,17.1,14.6
2022,99,26.7,57.9,47.1,46.5,66.7,22.4
2023,99,,39,31.9,29.4,54.7,20.5
2024,99,22.8,44.8,31.3,43.8,,13.8
2015,100,16.97,21.85,24.95,33.65,30.4,20.7
2016,100,31.3,44.2,44.3,52.4,73.5,35.1
2017,100,35.55,29.85,29.08,48.06,,20.6
2018,100,25,29.8,33.5,44,24,25
2019,100,36.3,50,42.1,66.7,80.9,29.4
2020,100,43.8,54.5,41.2,60.5,,34.1
2021,100,32.8,34.2,28.5,48.9,50,21.6
2022,100,70,55.5,46,68.7,73.9,27.9
2023,100,52.9,42.8,31.1,56.6,60,27
2024,100,52.3,46,34.9,66.9,100,28
2015,101,19.54,23.93,23.98,32.76,34.46,20.6
2016,101,27.9,52,40.6,50.8,43.9,35.4
2017,101,15.1,26.2,23.55,20.33,,14.5
2018,101,21,30.7,28.5,31,36,29
2019,101,26.7,44.2,33.2,31.6,33,31.3
2020,101,30.7,47.5,28.9,49.9,38.8,17.4
2021,101,26.8,35.6,24.2,26.8,13.7,30.6
2022,101,25.6,42.9,34.3,48.6,,33.8
2023,101,,28.3,24.9,15.4,,29.9
2024,101,,34.9,27,42.9,,12.7
2015,102,32.9,34.46,39.37,47.92,,29.1
2016,102,22.6,45.4,48.4,75.8,70,36.9
2017,102,15.07,29.32,21.89,,,14.8
2018,102,25,36,35,65,,27
2019,102,50.2,50,37.6,69.9,,29.1
2020,102,30.9,52.1,35.7,65.8,,30.9
2021,102,35.3,30.5,23.2,42.5,,25
2022,102,45.7,39.6,32.2,63.1,,29.4
2023,102,29.2,23.7,20.9,44.8,,29.7
2024,102,,30,19.7,67,,18.5
2015,103,27.11,39.46,38.11,32.66,43.51,28
2016,103,44.9,53.6,44.4,53.3,,34.8
2017,103,21.53,36.7,29.58,30.97,,20.1
2018,103,35,36.7,29.6,48,,21.5
2019,103,44.7,39.8,30,54.4,,30.5
2020,103,42.8,48.2,35.6,55.2,35.9,20
2021,103,19.1,16.2,18.2,10.2,,19.7
2022,103,32.5,29,22.2,30.1,61.1,22.6
2023,103,,18.4,16.7,22.5,,22.6
2024,103,26.5,21.2,17.5,45.9,,20.8
2015,104,27.6,37.32,37.41,40.68,29.98,27.7
2016,104,28,49.6,44.3,43.6,50,35.2
2017,104,32.66,40.17,33.1,15.71,,25.8
2018,104,34,40.2,35.8,40,,25.8
2019,104,39.3,44.2,35.1,44.9,62.5,29.6
2020,104,34.1,41.2,31.5,43.2,,29.8
2021,104,9.4,7.7,8.5,8.7,,7.5
2022,104,22.2,22,15,25.6,,16.2
2023,104,40.6,24.4,22.7,28.9,,20
2024,104,20.9,21.8,14.9,41.7,,10.9
2015,105,32,37.22,37.35,46.17,89.94,38.3
2016,105,30.3,44.3,39.9,63.7,,33.3
2017,105,34.59,38.89,26.3,44.27,50,25.4
2018,105,26.5,30.6,27.6,42.5,30,23.9
2019,105,39,43.5,35.5,56.4,,29.7
2020,105,35.9,41.4,34.6,64.3,,44.9
2021,105,11.1,7.2,7,12.1,,7.6
2022,105,26.8,24.4,16.8,35.2,54.8,19.8
2023,105,21.8,18.7,18.6,30.5,,12.3
2024,105,30,24.7,16.6,36.8,,
2015,106,34.93,35.46,29.79,43.25,,26.3
2016,106,38.7,49,29.1,62.8,35.8,26.5
2017,106,24.72,31.68,27.45,32,,25.3
2018,106,25.5,27.9,23.7,39.5,37,25.3
2019,106,36.6,36.5,32.5,58.5,55,30
2020,106,34.4,34.8,24.7,57.8,,40.1
2021,106,16.2,9,7.5,12.7,,9.2
2022,106,25.5,25.2,19.4,40.1,60,20.8
2023,106,19,18,17,26,,17.7
2024,106,24.1,24.1,15.6,34.8,44.5,19.4
2015,107,34.91,39.7,36.44,47.18,47.23,21.8
2016,107,31.9,53,45,63.6,26.7,32.9
2017,107,28.09,35.33,30.03,58.26,,30.6
2018,107,22,30.7,28.4,26,30,28.8
2019,107,57.5,55.9,43.3,72.1,54.3,36.1
2020,107,42.6,39.9,32.9,67.2,,39.5
2021,107,12.5,10.3,9.8,12.9,,12.1
2022,107,35.1,31.4,23.2,48.6,,28.9
2023,107,16.6,16.8,15.3,25.6,,18.2
2024,107,28.7,26.8,19,46.7,,24.3
2015,108,40.85,42.84,33.56,64.24,36.02,28.4
2016,108,38.2,50.6,44.7,57.5,65,30.5
2017,108,21.95,28.3,22.6,44.16,,24.5
2018,108,29,34.1,26.5,52,,21.8
2019,108,46.7,55.2,40.1,74.5,,41.2
2020,108,29.3,31.7,22.6,46.2,,31.9
2021,108,13.5,16.8,15.2,19.5,,18.5
2022,108,33.9,32.6,20.8,38.1,20.2,24.1
2023,108,14.1,13.9,11.4,17.2,,14.8
2024,108,35,27.6,15.5,39.3,35.8,26.9
2015,109,39.53,39.48,33.81,65.15,,34.6
2016,109,48.2,48.9,43.6,57.9,72,38
2017,109,35.61,38.61,27.65,49.55,,28.6
2018,109,31,32,26.5,54,,27
2019,109,53,55,43,71.7,,41.9
2020,109,36.4,34.7,27,53.1,,34.8
2021,109,25.9,20.1,20.5,19.1,,20.5
2022,109,39.9,37.8,27.5,58.7,44.9,33.6
2023,109,24.1,15.7,14.7,25.7,,20.3
2024,109,43.8,31.7,27.4,49.3,,25.7
2015,110,30.63,35.98,32.74,41.79,37.32,25.9
2016,110,35.8,60.1,,62.2,67.1,22.7
2017,110,20.91,31.67,,28.75,,
2018,110,20,21.5,,27,25,23.5
2019,110,,34.7,,43.6,,
2020,110,23.1,19.2,,26.2,20,31.9
2021,110,5,9.9,,12.6,11,12.2
2022,110,28.4,31.8,,52.9,,39
2023,110,25.9,11.6,24.1,9.3,,16.6
2024,110,15,20.6,17.4,39.4,20,20.9
2015,111,20.87,22.11,17.79,41.46,83.89,21.9
2016,111,54.6,,55.6,72.3,136.8,54.9
2017,111,40.68,42.4,33.47,64.24,,33.5
2018,111,33.5,39,36,63,,36
2019,111,26.2,23.2,22.7,35.7,,32.4
2020,111,28.7,22.6,25.2,31.9,,36.6
2021,111,31.8,11.6,19.4,23.7,,14.6
2022,111,30.9,28.2,21.7,51.8,,36.4
2023,111,23.4,15.6,17.1,32.9,15.8,20.5
2024,111,43.3,37.5,28.5,76.9,,39.9
2015,121,48.63,,37.75,71.87,61.47,36.8
2016,121,51,,38.3,71.9,72.5,26.5
2017,121,64.45,,43.71,84.06,84.73,
2018,121,67,,47,87,102,
2019,121,67.8,,48.3,89,112.8,63.6
2020,121,63.4,,49.2,90.2,112.8,77
2021,121,50.2,,33.1,66.9,68.5,42.3
2022,121,57.5,,37.7,63.1,76.4,51
2023,121,65.4,,49.4,67.1,86.5,
2024,121,69.3,,44,104.3,84.8,
2015,122,44.36,,37.33,68.73,77.29,
2016,122,47.6,,39.1,77.4,61.6,51.1
2017,122,45.07,,31.48,55,63.45,40
2018,122,55.5,,35,65,73.6,55
2019,122,53.5,,40.2,67.4,89.5,50
2020,122,49.2,,43.8,70,71.5,70
2021,122,40.7,,28.5,59.5,59.1,40
2022,122,44.5,,32.7,68.1,85.3,50
2023,122,43.4,,35.9,49.8,68.2,45
2024,122,52.5,,35.3,71.6,73.6,
2015,123,40.74,,34.43,54.23,67.43,33.5
2016,123,49.9,53.8,41.8,66.1,81.2,40.6
2017,123,43.75,,35.85,58.12,69.34,38.8
2018,123,47.3,,40.9,67.5,73.5,46
2019,123,55.4,,45.2,66.6,94.5,48.2
2020,123,59.7,68.3,43.6,65.2,87.5,55.9
2021,123,39.1,,30.9,55.8,65.5,36.1
2022,123,50.5,,41.3,76.3,104.3,42.4
2023,123,43.8,,36.2,70.5,79.4,31
2024,123,51.1,50.1,38.5,81.2,83.5,
2015,124,38.21,,35.47,49.52,75.21,30.1
2016,124,47,64.4,44,68.2,90.4,43.2
2017,124,42.69,32,33.34,65.87,68.07,35
2018,124,46.6,49,33.3,64.8,73.7,40.5
2019,124,47.4,53.1,38.2,69.4,77.5,41.5
2020,124,43.7,46.6,37.4,63,65.4,42.9
2021,124,37,31.3,22.8,50.2,48.2,30.3
2022,124,48.1,45.5,36.4,68.7,86.5,44
2023,124,42,39.2,35.5,53.7,64.1,35.7
2024,124,54.1,46.5,35,68.2,81.6,47.3
2015,125,40.69,38.62,34.87,63.36,69.6,36.7
2016,125,46.2,48.1,42.4,74.3,83.2,39.4
2017,125,46.09,48.33,35.72,61.47,78.59,37.9
2018,125,50.7,55.5,39.5,67.6,74,45
2019,125,56.6,56.4,47.5,78.4,82.9,46.6
2020,125,50.9,48,41.1,67.7,86.3,42.4
2021,125,41.8,40,32.1,56.1,62.8,36
2022,125,52.4,58.8,44.3,71.5,98.1,43
2023,125,48.1,41.6,39.6,67.6,61.8,39.7
2024,125,59.6,53.4,36.2,83.1,82.1,43.5
2015,126,38.08,37.28,31.47,54.04,66.6,25.4
2016,126,45.1,54.5,42.9,71.6,79.9,33.6
2017,126,40.99,40.95,31.22,57.71,54.22,27.7
2018,126,46.4,47.1,36.6,58,60,44
2019,126,44.4,47.5,40.5,54.7,39.6,38.6
2020,126,50.3,51.1,40.3,61.9,50.8,44.1
2021,126,41.2,37.7,27.4,49.1,21.9,29.6
2022,126,53.9,62.6,45.9,73.4,81.9,40.5
2023,126,51.7,46.9,40.9,72.5,84.4,41
2024,126,46,47,34.3,61.8,65.4,37.2
2015,127,33.39,27.69,33.44,48.6,56.82,34.4
2016,127,44.2,56,41.2,63.9,84.8,45.4
2017,127,39.57,38.15,26.14,60.07,63.41,26.9
2018,127,45.4,46.4,36.7,72,82.3,34.3
2019,127,47.4,45.5,36.3,64.6,63.1,34.3
2020,127,40.6,38.8,34.8,59.7,58.9,35
2021,127,34.3,34.7,28.5,49.8,63.1,26.7
2022,127,56.2,61.5,43.1,81.4,104.9,26.9
2023,127,49.5,48.8,38.7,68.3,65.1,39.5
2024,127,45.3,43.4,29.6,65.8,90,27.5
2015,128,32.52,38.86,37.17,48.82,59.74,28.7
2016,128,48.6,65.7,48.9,90.2,155.8,41.6
2017,128,40.7,36.96,25.3,58.81,,23.4
2018,128,51.9,42.8,37.2,71,107,32.8
2019,128,55.9,47,45.9,74.6,79.5,41.3
2020,128,51.3,52.9,40.4,87.9,100.7,43.9
2021,128,44.8,38.7,30.4,50.7,,22.4
2022,128,63.5,72.2,50,86.8,149.3,30.5
2023,128,62,51.4,42.5,83.1,,26.8
2024,128,44.7,56.3,33.4,86.6,,50.8
2015,129,20.16,23.24,29.89,44.02,43.72,24.6
2016,129,41.1,59.4,44.5,50.6,,36.7
2017,129,38.61,44.04,30.68,51.27,,27.6
2018,129,47.6,50.2,43.5,62,,31
2019,129,42.6,46.7,42.5,56.5,60,29.5
2020,129,43.9,53.3,39.3,86.9,,40
2021,129,32,33.9,28.4,,,
2022,129,38.1,56,50.6,,,33.3
2023,129,48.1,54.8,42.6,76.5,,44.9
2024,129,,59.5,41.9,,,41.9
2015,130,29.55,33.18,35.56,30.34,,10.9
2016,130,47.7,56.5,47.9,70.9,53.2,23.4
2017,130,47.71,42.02,27.64,47.76,,20.1
2018,130,47.7,42,33.3,48,,20.1
2019,130,47.5,47.3,46.7,62.1,,19.3
2020,130,62.4,62.1,45.6,69.1,,33
2021,130,38.3,35.4,26.6,56,,21.8
2022,130,58.2,64.1,50.6,73.9,,33.9
2023,130,31.4,49.9,39.3,49.9,,19.5
2024,130,46.2,48.2,35.7,62.8,,31.6
2015,131,28.49,27.35,24.64,59.79,34.73,21
2016,131,42.3,48.9,42.4,59.2,59.3,27.9
2017,131,29.36,30,21.5,48.04,50,27.3
2018,131,28.3,30,25.5,45,37,25.5
2019,131,44.2,41.4,37.3,63,64.1,32.9
2020,131,47.7,47.8,36.1,64,65.6,48
2021,131,28.1,28.1,14.8,34.1,24.5,25.3
2022,131,44.3,44.7,36.1,62.4,65,34.6
2023,131,36,37.8,31.4,55.7,70,29.7
2024,131,48.3,45.6,37.5,61.9,19.7,33.5
2015,132,16.12,26.76,20.12,35.56,37.7,
2016,132,32.6,50.7,42.6,62.6,48.2,37.5
2017,132,27.97,34.36,19.81,43.32,50,25
2018,132,31,32.5,17,65,50.5,30
2019,132,29.6,35.7,34.4,58.6,70,30
2020,132,35,35.2,27.3,60,60,20
2021,132,21,26.9,20.8,33.7,37.7,12
2022,132,31.3,30.9,29.4,40.1,75,20
2023,132,26.7,27.6,21.8,29.8,44.6,15
2024,132,32.4,33.4,20.6,46.4,40.7,20
2015,133,23.98,33.12,27.32,41.06,50.27,24.9
2016,133,31.1,49.6,54.2,75,100,41.6
2017,133,24.74,39.14,23.31,,17.29,22.1
2018,133,36,33,37,,48,38
2019,133,30.1,37.4,27.4,38.7,29.3,21
2020,133,33.3,46.1,35.1,40.1,,
2021,133,17.6,15.3,13,1.3,,16.4
2022,133,31.9,34.9,24.1,27,,25.4
2023,133,17.9,24.1,22.4,3.8,,25.5
2024,133,28.1,30.9,23.9,30.8,,28.7
2015,134,21.29,24.74,30.86,48.04,41.73,18.9
2016,134,36.8,49.7,39.1,65.3,80.8,34.4
2017,134,26.54,38.99,22.4,30.18,,19.3
2018,134,21.4,32,25.7,21,,9
2019,134,30.2,32.6,30.1,42.4,,22.1
2020,134,30.7,41.4,34.8,45.4,,28.3
2021,134,6.9,11.2,10.3,4.4,,10.1
2022,134,24.8,32,21.3,30.5,,21.6
2023,134,31.9,26.2,22.4,27.9,,25.4
2024,134,20.6,24.7,14.5,13.7,,19
2015,135,30.59,30.26,27.43,47.21,46.08,25.9
2016,135,38.7,54.6,45.4,67.9,70.1,34.5
2017,135,27.05,40.75,29.61,55.27,67.11,24.6
2018,135,19.2,32.9,25,26,21,26
2019,135,39.2,40.3,33.8,56.7,51.8,21
2020,135,46.6,49.5,40.7,61.4,,44.1
2021,135,12.1,9.9,12.4,5,5.1,12.7
2022,135,31.1,36,29.1,43.9,,26.3
2023,135,35.2,24.5,22.6,33.8,4.6,24.1
2024,135,28.2,21.9,17.4,30.6,,15.9
2015,136,32.63,31.16,32.37,46.85,74.96,20.2
2016,136,34.9,49.5,41.8,67.8,,32.2
2017,136,39.41,36.26,28.23,59.73,,26.5
2018,136,40,35,27,53,,28
2019,136,51.4,46.4,37.5,74.3,,38.4
2020,136,49.8,53.4,39.8,77.6,,34
2021,136,15.7,13.5,14.9,24.5,,15.1
2022,136,42.7,34.5,25.8,61.5,,27.5
2023,136,30.8,23.8,20.2,44.4,,23.3
2024,136,30.1,21.9,15.7,39.2,,20.7
2015,137,32.71,34.08,39.42,56.6,,26.5
2016,137,40.9,56.5,53.3,69.8,,51
2017,137,33.95,36.35,30.31,57.21,,28
2018,137,36,36.4,27,42.8,,25.3
2019,137,50,52.7,44,77.4,,44.4
2020,137,48.8,48,40.3,70.8,,45.6
2021,137,17.3,12.8,15.9,15.9,,14
2022,137,41.8,36.2,30.5,58.7,13.7,31.5
2023,137,21.6,20.2,19.7,31.6,,18.1
2024,137,24.7,25.5,17.7,35.5,,27.2
2015,138,46.49,40.28,39.63,67.4,44.5,40.4
2016,138,49.8,56.6,47.4,87.9,78.3,45.1
2017,138,47.35,37.6,28.5,48.92,,28.1
2018,138,30.3,34.2,28.5,50,48.5,28.1
2019,138,47.4,49.4,45,53.9,60,39.8
2020,138,46.8,41.7,34,72.6,,52.4
2021,138,20.8,15.3,18.2,27.1,19.2,17
2022,138,42.5,40,25.1,70,38.1,34.1
2023,138,21.2,16.2,18.2,28.7,18.6,15.3
2024,138,34.3,31,23.5,41.7,28.3,27.4
2015,139,32.1,34.92,30.71,54.96,46.2,24.4
2016,139,,48.9,44.2,95.4,52.1,42.6
2017,139,34.39,36.61,26.02,48.95,51.33,27.4
2018,139,33,36,26,47,35,22
2019,139,42.5,41.3,31.1,50,47.5,31.1
2020,139,32,35.1,28.4,49.2,70.9,32.4
2021,139,17.4,14.9,12.7,16.3,15.2,16.2
2022,139,23.1,21.5,9.8,23.3,34.1,16.5
2023,139,11.8,9.5,6.9,10.3,3.2,11.3
2024,139,21.7,20,15.9,29.3,,24.7
2015,141,34.47,34.78,32.85,48.29,,23.1
2016,141,47,43.5,52.9,48.4,,43.4
2017,141,30.03,28.89,22.02,31.5,,23.4
2018,141,41,28.9,,34,,23.4
2019,141,32.8,20.7,,27.1,,24
2020,141,27.9,19.2,,24.2,,19
2021,141,9.6,7,5.8,8.9,,6.8
2022,141,12.8,16.5,7.5,23.9,,15.7
2023,141,7.3,5.1,3.4,7.7,,7.3
2024,141,19.3,15.8,2.1,15.9,,16.7
2015,142,30.47,33.33,25.7,43.87,28.79,18.9
2016,142,36,40.3,42.1,55.2,,36.9
2017,142,32.39,34.03,17.71,35.36,,27.1
2018,142,29.2,29,20.4,35.4,,23.1
2019,142,27.4,24.3,14.9,34.9,,22.3
2020,142,28.8,27.3,14.6,36,,30.8
2021,142,11.7,8.5,9.8,13.9,,11
2022,142,26.4,28,19.9,31.7,,27.7
2023,142,6.3,7.7,4.8,9.8,,8.7
2024,142,21.6,20.8,12.5,31,,21.5
2015,151,37.61,27,39.18,58.34,76.43,
2016,151,47.7,35,38.3,59.6,74.9,27.8
2017,151,45.32,40,39.56,48.57,51.61,
2018,151,53.4,,42.6,64.5,75.5,
2019,151,53.7,35,46.2,64.5,71.4,59.6
2020,151,52,40,42.8,78.5,76.8,
2021,151,42.3,,30.6,62.1,68.5,
2022,151,50.4,,41.2,76.3,91.4,
2023,151,52.8,35,41.9,51.4,70,
2024,151,58,35,44.6,58.7,73.5,
2015,152,41.44,,43.27,64.03,66.91,34
2016,152,45.7,45.9,38.7,56.7,63.2,35.3
2017,152,49.79,,37.45,71.83,79.78,35.5
2018,152,54.3,,40.6,,68.4,34
2019,152,58.1,,45.2,60.8,71.4,48.4
2020,152,53,,41.8,,70.4,48.2
2021,152,42,,28.1,66.7,50.3,29
2022,152,51.8,,36.1,,78.6,38.5
2023,152,50.2,,40.3,67,48.8,
2024,152,53.7,,34.2,58.3,62.2,
2015,153,34.39,,34.06,76.64,79.88,
2016,153,40.1,,40.9,53.1,79.7,53.3
2017,153,43.43,,31.03,57.06,74.67,
2018,153,62,,34.8,75,86,64
2019,153,59.9,,44,89.9,112,40.6
2020,153,53.2,,43.1,69.3,97.5,
2021,153,43.1,,27.4,70,76.2,36.6
2022,153,54.6,,41.3,61.9,121.6,
2023,153,49.2,,37.4,84,79.6,20.9
2024,153,59.8,,40.9,93.5,107.3,58.1
2015,154,43.52,,36.44,69.33,82.46,45.4
2016,154,44.9,54.5,41.5,64.6,64.9,41.8
2017,154,53.18,,37.78,66.02,78.95,36
2018,154,53.2,,37.8,67.9,77.5,36
2019,154,57.1,,44.1,93.6,102.7,46.7
2020,154,48.8,,38.9,72.4,77,41.6
2021,154,41.1,,24.2,48.3,57.6,36
2022,154,48.2,,38.6,69.2,90.8,43.9
2023,154,47.3,38.3,35,71.7,82.8,37.2
2024,154,49.8,45.6,33.7,69.9,86.5,43
2015,155,43.98,47.15,36.07,67.69,67.04,44.3
2016,155,53.8,62.8,43.6,78.6,84.6,37.5
2017,155,50.33,50.52,38.91,72.22,72.94,40.6
2018,155,51.3,47,39.7,78.1,76.5,50
2019,155,58.7,50.9,49.3,88.1,106.2,53.2
2020,155,45.8,46.5,39.6,67.2,70.4,42.1
2021,155,52.1,49.6,30.1,59.1,63.6,37.4
2022,155,59.7,68.9,44.1,84,116.3,50.3
2023,155,58.3,42.9,42.8,77.4,116.7,39.4
2024,155,61.1,48.1,38.5,87.2,78,42.3
2015,156,43.41,42.05,44.32,47.93,60.42,38.7
2016,156,52.7,48.7,47.5,62.7,90.6,44.5
2017,156,51.67,42.98,41.83,58.99,73.99,38.5
2018,156,59,48.5,42,68,86,43.5
2019,156,47.9,47.9,45,61.8,70.5,42.9
2020,156,47.6,47.6,42.8,65.7,69.3,44.3
2021,156,45.7,36.4,34.4,66.5,61.5,35.5
2022,156,66.8,67.9,54.5,77.6,128.1,52.8
2023,156,55.8,57.2,45.8,74.4,87.2,52.3
2024,156,63.6,45,37.3,84,112.7,42.6
2015,157,41.03,39.23,40.16,59.12,54.04,37.5
2016,157,45.3,45,41.2,72.3,70.3,24.4
2017,157,47.17,55.75,30.26,64.61,80.5,36.9
2018,157,54.1,55,37.1,70.3,61,45
2019,157,49.8,55.7,41.7,60.4,43.3,41.6
2020,157,52.3,53.1,39.2,63.2,63.9,47.1
2021,157,42.4,36.1,27.5,42,34.8,30.2
2022,157,60.1,65.4,43.4,72.7,70.6,39.4
2023,157,66.7,49.4,47.8,76.3,,45.7
2024,157,55,44,34.5,65.4,81.7,38
2015,158,34.47,36.92,38.63,50.08,68.65,30.3
2016,158,48.4,50.1,46,67.8,66.9,38.7
2017,158,40.88,43.72,30.45,65.36,,32.2
2018,158,44.7,43.9,37.2,68.2,74,40
2019,158,50.8,51.5,47.4,70.9,113.5,40.1
2020,158,55.3,50.2,37.5,76.5,88.3,40
2021,158,35.4,31.6,19.7,40.2,,23.9
2022,158,55,55.9,42.8,74.6,,47.7
2023,158,61.5,54,44.9,79.3,,45.6
2024,158,50.3,43.7,30.8,59.4,,36.3
2015,159,15.38,35.08,41.81,45.75,60.66,22.1
2016,159,44,55.7,48.2,61.1,,48.5
2017,159,39.59,46.84,27.52,60.03,,28.2
2018,159,43.8,47.7,38.8,55.7,64,35.4
2019,159,57.3,57.5,49.2,77.4,131.8,42.5
2020,159,57.8,63.5,46.4,77.2,141.5,44.2
2021,159,35.3,33.3,17.8,49.4,93.5,26
2022,159,53.1,57,48.1,71.6,,49.4
2023,159,52.3,55.7,47.4,69.7,,32.1
2024,159,50.2,53.9,42.9,78.9,,41.4
2015,160,33.12,32.32,32.18,40.37,76,30.5
2016,160,44.4,60.1,46.4,71.6,,
2017,160,49.6,48.55,34.64,65.81,,30.6
2018,160,41.2,43.6,37.3,57.9,85,30.9
2019,160,44.2,42.9,41.4,71.4,,41.3
2020,160,58.3,62.5,50,97,,54.3
2021,160,43.9,33.1,21.8,68.9,70.8,28.8
2022,160,53.2,53.7,41.5,91.9,101.9,47.3
2023,160,47.4,48.5,42.4,77.4,74.8,45.8
2024,160,53.7,55.2,43.5,93.8,98.4,40.6
2015,161,38.82,30.23,31.69,63.64,68.43,20.5
2016,161,35.8,49.5,46.6,60.6,,24.8
2017,161,52.31,45.35,33.76,54.92,,29.9
2018,161,46.5,39.2,37.4,49.3,,24
2019,161,54.2,48.9,45.7,60.9,98.4,39.3
2020,161,49.3,54.5,40.1,73.4,93.5,44.5
2021,161,40.3,38.7,25.3,47.3,68.8,27.3
2022,161,49.2,55.5,44.9,64.8,113,29.6
2023,161,42.7,40.3,36.3,53.6,,33.5
2024,161,53.7,57.8,44.4,68,,41.4
2015,162,23.2,27.98,23.39,37.47,,20.5
2016,162,50,56.6,50.7,85.9,,
2017,162,39.81,47.13,34.19,61.16,,34.7
2018,162,43.9,51,49,65,54,
2019,162,51.9,51,53,,82.2,41
2020,162,49.5,55.6,42.8,64.3,,
2021,162,35.6,34.9,22.5,20.8,43.9,33
2022,162,45.3,47.7,38.6,46.5,,47.8
2023,162,45.6,38.2,36.8,35.1,,33.8
2024,162,41.7,52.1,43.8,53.8,75.1,44.6
2015,163,16.96,26.58,23.15,35.9,32.6,20.1
2016,163,36.6,48.9,47.8,49.2,85.8,20.6
2017,163,31.28,33.47,27.04,,,17.9
2018,163,41,43,44,,57,25
2019,163,28.8,31.5,27.6,45.2,,14.4
2020,163,36.1,41.6,35.9,38.4,,24.4
2021,163,23,20.2,15.7,8.8,4.5,12.2
2022,163,28.1,30,24.3,23.1,50.5,21.2
2023,163,23.3,26.6,24.3,24.8,,13.9
2024,163,35.2,32.9,20.5,34.5,69.2,23.2
2015,164,24.78,24.03,29.51,,27.6,22.9
2016,164,36.7,42.9,38.4,55,62.5,36.3
2017,164,24.3,34.3,24.44,,,17.6
2018,164,33,32,30,,,27
2019,164,41.3,33.1,32.8,36.5,,25.3
2020,164,43.9,39.9,30.9,,,35.2
2021,164,14.9,7.6,11.8,3.3,,3.5
2022,164,24.6,38.3,22.6,36.7,,32.2
2023,164,21.6,22.7,20.2,11.3,22.8,21.1
2024,164,30.6,28.9,19.9,28.6,,27
2015,165,30.94,31.17,34.72,57.6,48.88,27.3
2016,165,39.8,36.5,41,47.9,49,39.9
2017,165,36.45,35.27,27.58,36.75,,22.9
2018,165,33.6,35.3,31.9,55.5,,24.6
2019,165,37.2,39,32.5,57,,27.8
2020,165,42.2,47.9,36.3,71.4,,34
2021,165,13.5,10.4,10.6,7.7,,12.9
2022,165,30.3,32.1,18.8,28.3,,22.9
2023,165,21.6,20,19.8,22.9,,18.1
2024,165,25.8,25.1,15.7,45.6,,19.5
2015,166,29.21,32.88,25.24,58.58,54.49,24.6
2016,166,39.6,50.2,45.2,68.2,70.4,35.9
2017,166,32.32,32.79,25.37,59.53,60,23.8
2018,166,32.3,30.7,28.2,45,,18.8
2019,166,41.9,41.1,40.6,68.8,,37.6
2020,166,47,52,39.6,75.6,,44.2
2021,166,13.6,9.6,13.6,12.4,,12.1
2022,166,20.1,24.9,16.4,42.8,14.7,26.7
2023,166,18.4,15.7,15.8,27.4,,20.5
2024,166,24.7,22.5,15.8,42.1,,19.5
2015,167,30.46,31.33,32.59,51.78,56.27,20.1
2016,167,41.7,47.3,41.3,67.4,60,44.1
2017,167,40.49,41.31,34.9,49.86,,34.8
2018,167,27.9,35.7,33.4,45.4,50,27.6
2019,167,45.9,44.6,41.1,66.6,60.1,36.2
2020,167,51.6,53,42.3,66.5,68.1,43.5
2021,167,20.3,12.1,16.8,21.4,3.6,16.5
2022,167,37.3,33.8,27,39.8,52.1,23
2023,167,21.6,18.6,18.6,26.5,39.6,20.9
2024,167,31.6,31.5,22.3,40,54.2,29.7
2015,168,19.49,31.74,32.41,51.28,33.09,22.6
2016,168,27.8,52.6,51.4,79.3,32,40.6
2017,168,33.65,43.59,30.68,35,37.72,28.2
2018,168,28.5,35.2,33.4,42,33.5,22.1
2019,168,35.2,34.8,35.5,48.3,58.3,31.8
2020,168,39.3,40.5,32.2,70.1,67.2,44.3
2021,168,13.8,12.7,14.2,15,13.4,16.2
2022,168,21.9,24.1,16.6,37.3,22.8,20.8
2023,168,9,13.9,9.5,18.7,18.9,13.1
2024,168,27.5,31.2,18.3,34.2,27.5,39
2015,169,29.95,26.26,31.48,30.27,,17.6
2016,169,45,53.2,56.6,74.1,63.1,32.5
2017,169,42.75,42.05,37.59,,,26.1
2018,169,33,38,33,54,,26.1
2019,169,35.5,34.2,28,44.9,,29.6
2020,169,50.2,44.4,33.5,60.8,57.3,44
2021,169,,13.3,15.6,15.1,,14
2022,169,20.9,22.7,17.5,29.7,,18.3
2023,169,20.3,9.4,10.4,11.8,,9.6
2024,169,23.8,22.9,16.1,33,21.4,21.5
2015,171,32.41,30.41,23.32,47.68,37.34,24.6
2016,171,47.8,39.6,39.2,45.2,75,35.5
2017,171,34.95,35.77,22.07,29.03,,27.2
2018,171,30,29.9,22.1,29,26,24.1
2019,171,20.9,22.8,20.4,27.8,36.1,21.6
2020,171,24.2,25.2,16,29.6,,27
2021,171,11.1,8.8,8.4,7.4,,9.9
2022,171,18.6,21.3,10.9,18.6,16.2,21.1
2023,171,5,4.9,,4.5,,7.1
2024,171,13.3,17,7.7,29.3,21.5,18.1
2015,181,47.25,,41.11,49.84,80.42,43.5
2016,181,41.2,,37.1,57.4,79.5,37.1
2017,181,54.71,,39.57,76.02,83.07,46.4
2018,181,56.4,,39.6,76.8,93,54
2019,181,63.5,,48.8,86.9,82.7,
2020,181,55.8,,43.6,74.5,82.7,41.4
2021,181,46.7,,34.1,52.4,61.7,36.2
2022,181,47.5,,38.2,80,101.6,49.4
2023,181,44.6,,40.1,88,91.3,35
2024,181,54.7,,36.7,98.4,107.5,42.5
2015,183,46.34,,36.55,55.33,50.28,35.9
2016,183,40.9,45.4,35.7,64.2,75.1,31.1
2017,183,45.16,,32.62,76.47,72.53,37.3
2018,183,50.4,,37.5,71.3,74.9,41.5
2019,183,60.9,,43.6,61.2,88.1,43.5
2020,183,49.7,,35.4,82,81.4,45.5
2021,183,33.2,,20.7,43.5,40,27.6
2022,183,57.8,,36.3,80.5,88.3,48.5
2023,183,54.6,,39,61.9,67.9,32.7
2024,183,62.2,61.7,35.8,86.9,105.6,42.7
2015,184,34.7,,34.18,53.25,64.19,36.3
2016,184,32.1,40,32.8,41.4,76,23.1
2017,184,45.41,,32.02,52.2,68.63,31.2
2018,184,49.7,,32,64,71.3,35
2019,184,48.6,,41.7,69.2,70.9,40.9
2020,184,36.2,,29.9,47.4,56.4,29.6
2021,184,36.9,,26.7,31.6,40.1,21.9
2022,184,49.2,,37,63.3,89.9,27.1
2023,184,43.7,,36.9,63.4,61.7,36.3
2024,184,56.3,58.4,33.5,68.9,87.3,35.9
2015,185,37.73,36.17,36.81,59.61,83.97,38.4
2016,185,44,,36,69.6,83.6,39.2
2017,185,43.71,,33.29,58.9,81.1,36.3
2018,185,47.1,,36.8,60.1,81.1,33.6
2019,185,58.8,,47,75.5,97.1,49.2
2020,185,47.2,,37.1,65.1,69.6,38.2
2021,185,43.8,,35.8,57.1,57.3,31.3
2022,185,56.1,,44.4,80,108.8,43.2
2023,185,54.5,,43.8,74.3,90.9,36
2024,185,58.1,,39.1,80,90.5,41.6
2015,186,46.11,42.82,41.2,74.84,71.22,48.4
2016,186,48.3,54.5,44.2,81.9,75.1,39.9
2017,186,49.92,53.91,38.59,76.14,80.59,44.8
2018,186,53.5,59,41.3,76.1,81,44.8
2019,186,64.5,78.7,52,89.1,116.3,44.8
2020,186,54.2,54.8,41.3,79.5,99.3,45.4
2021,186,39.6,45.4,27.9,59.6,67.1,30.6
2022,186,63.7,70.8,51.7,96.2,132.5,44.7
2023,186,66.6,59.6,46.7,86.3,,46.4
2024,186,57.3,56.9,34.3,92.6,100,45.2
2015,187,44.09,36.24,39.5,64.79,65.96,40.1
2016,187,48,45.1,43.6,74.6,89.9,48.6
2017,187,48.5,54.82,37,69.79,,30.7
2018,187,51.7,54,38.4,64,,38
2019,187,44.5,46.5,44,64.3,96.2,32.5
2020,187,54.5,56.1,41.7,61.3,,45.6
2021,187,38.1,36.3,23.7,41.3,38.3,27.2
2022,187,65.2,69,48.8,73.9,,50
2023,187,74.7,56.2,48.8,73.3,,50.2
2024,187,61,65.7,36.8,80.1,,39.6
2015,189,37.5,36.15,36.52,53.89,83.73,32.8
2016,189,39.8,51.9,42.5,71.7,51.1,42.9
2017,189,39.79,38.49,27.16,60.87,75.21,29.8
2018,189,38.1,40,32.1,57,,29.8
2019,189,49.5,49.5,43.8,60.2,63.2,34.2
2020,189,50.6,61.2,41.2,76.8,93.1,50.2
2021,189,38.7,40.1,24.9,49.2,39.5,26.6
2022,189,53.9,55.9,46.4,73.7,108.9,44.1
2023,189,48,50.1,40.1,72.6,65.1,38.9
2024,189,43,40.2,31.6,67.8,,34.6
2015,190,30.68,31.86,32.4,50,39.91,32.4
2016,190,38.6,31.5,36.3,52.8,54.7,43.1
2017,190,31.57,20.56,25.21,43.58,40.87,30.6
2018,190,31,20.5,25.2,40.2,43.3,29
2019,190,31,33.3,27.9,51.2,46.1,32.3
2020,190,40,41.8,30.5,62.2,49.3,44.4
2021,190,23.6,19.8,18,34.6,32.4,27.1
2022,190,38.7,48.1,39,67.3,57.1,48.6
2023,190,32.5,26,25,44.6,30.5,35.3
2024,190,37.5,32.7,26.1,58.2,68.7,33.7
2015,191,34.74,37.52,34.07,64.65,,31
2016,191,55.4,53.4,48.8,64.2,110,35.4
2017,191,53.61,54.38,35.51,56.73,,35.1
2018,191,56,56,46.5,51,,38
2019,191,51.3,51,46.5,80.4,,36.9
2020,191,63.8,63.1,40.7,60.1,,45
2021,191,38.2,29.7,23.7,38.2,,17.2
2022,191,45.9,55.2,41.7,60.8,,40.4
2023,191,40.4,34.9,29.5,41.6,,32.2
2024,191,56,54.6,43.2,62.4,,44.6
2015,193,30.03,29.12,32.12,55.7,70.2,28.5
2016,193,36.9,51.6,46.2,59.7,78.3,36.9
2017,193,37.95,43.98,32.69,57.66,43.78,24.4
2018,193,41.7,44,38.5,59,59.5,29.8
2019,193,39.5,38.6,36.1,65,62.5,26.5
2020,193,41.3,43.8,34,64.6,53.1,31
2021,193,19,13.9,13.9,21.5,24,11.5
2022,193,33.1,31.5,23.9,43.8,38.6,20.4
2023,193,26.9,21.2,19.5,22.1,3.6,25.5
2024,193,38.3,34.8,29.6,51.1,,30.8
2015,194,29.08,21.63,28.68,35.75,47.64,23.2
2016,194,35,51.8,44.2,60.8,64.7,32.3
2017,194,37.62,35.31,30.64,56.42,,23.2
2018,194,42,44,40,49,29,27
2019,194,47.8,47.4,41.1,49.1,35.7,21.9
2020,194,45,52.4,37.1,70.4,,39.8
2021,194,15.4,10.6,14.7,12.5,,
2022,194,27.7,30.5,19.4,35,8.1,16.5
2023,194,24.2,19.8,18.3,26.5,11,
2024,194,40,41.9,31.9,50.6,44.3,32
2015,211,43.97,,39,73.78,75.97,34.4
2016,211,47.2,,44,75.5,82.4,46.9
2017,211,52.85,,41.76,76.93,86.42,42.6
2018,211,52.8,,36.9,75.2,85.9,50
2019,211,60.9,,47.2,81.2,92.6,53.9
2020,211,55.4,56.5,43.6,84.6,98.3,49.9
2021,211,43,40,32.7,54.9,65.9,33.6
2022,211,59.3,,46.8,80.3,118.6,49.1
2023,211,60.8,,46.7,77.6,95.5,42.6
2024,211,62.7,57.8,36.7,78.1,102.9,45.9
2015,213,42.89,,41.08,55.54,87.89,38.6
2016,213,48.8,,39.7,66.6,86.4,39.4
2017,213,46.41,,35.85,65.81,85.01,40
2018,213,54.1,,35.9,69.1,95,45.5
2019,213,54.4,,45.8,82.1,99,44.1
2020,213,44.6,,40.3,60.9,80.9,35.6
2021,213,38.7,,28.8,40.4,52.2,29.6
2022,213,60.2,,42.9,75.4,111.6,50
2023,213,57,,43.1,70.5,91,43.5
2024,213,61.7,,35.9,76.5,100.5,53.5
2015,214,36.14,19.96,32.76,58.95,79.75,45.1
2016,214,39.1,,38,53.1,77.1,37.7
2017,214,42.52,,31.24,69.95,66.82,41.4
2018,214,45,,36.1,54,74.3,36.6
2019,214,49.9,,46.4,68.5,85.6,49.5
2020,214,41.4,,35.7,43.2,60.8,32.6
2021,214,34.8,,26.6,48.5,50.8,18.7
2022,214,55.7,,42.4,67.8,92.7,46.4
2023,214,57.2,,43.5,74.4,91.4,46.4
2024,214,60.3,,33.9,74,105,43.5
2015,215,38.45,,31.91,58.98,84.11,38.2
2016,215,41.9,,40.8,57.6,88.4,34.2
2017,215,40.07,,30.1,66.56,74.36,32.8
2018,215,44.3,,35.5,72,74.4,38
2019,215,54.5,,46,74.7,90.9,42.9
2020,215,46.2,,36,70.4,85,40.3
2021,215,37.4,,30.2,46.3,55.5,29.1
2022,215,55,,45.5,69.5,112,41.6
2023,215,56.9,,44,73.7,82.8,51.1
2024,215,59,45,36.8,67.9,92.9,46
2015,216,40.22,49.98,36.41,51.53,82.83,41.8
2016,216,46,36.8,34.2,67.7,82.4,36.2
2017,216,44.05,,32.5,66.85,75.54,39
2018,216,44.1,30,36.2,66.8,86.2,38.4
2019,216,50.7,,40.3,79.7,92.3,47.8
2020,216,47.1,,39.5,65.5,95.1,45.8
2021,216,38.5,,27.3,45,60.3,25.2
2022,216,57.2,,47.4,80.2,116.2,56.1
2023,216,47.7,,37.2,62.6,93.6,42.8
2024,216,48.3,,34.4,69.6,93.1,42.5
2015,217,37.46,37.14,34.23,47.35,67.29,27.5
2016,217,43.9,44.4,41.9,59.1,77.6,33.4
2017,217,47.53,46.74,35.71,54.2,76.77,33.7
2018,217,52.1,50,40.9,69.5,81.6,38.6
2019,217,50.1,51.8,40,68.9,88.8,34.1
2020,217,44.7,,40.7,75.8,97,35.8
2021,217,42.4,,31.2,54.7,50.1,25.8
2022,217,56.4,53.7,52.3,73.7,102.5,46.2
2023,217,62.4,,40.3,78.8,120,47.2
2024,217,59.4,60.3,37.5,73.1,82.8,37.1
2015,218,34.37,41.76,35.89,54.8,59.49,31.4
2016,218,38.6,48.2,34.2,54.5,68.4,35.9
2017,218,44.13,54.73,34.95,64.5,69.58,30.3
2018,218,43.1,42,34.6,64.5,59,27.7
2019,218,53.4,48.9,44.7,70,83.8,36.2
2020,218,53.1,54.7,44.5,73.9,,41.7
2021,218,35.7,25.8,27.9,43.8,51.7,24.5
2022,218,55.4,60.8,45.2,75.6,91.2,42.9
2023,218,60.5,54.7,43.5,70.5,,40.1
2024,218,55.9,55.7,38.5,80.4,85.5,37.3
2015,219,31.53,33.88,31.65,46.06,64.67,28.3
2016,219,41.4,43.3,37.1,57.9,76.6,36
2017,219,37.91,48.31,33.74,58.05,56.15,32.6
2018,219,37.9,41,33.7,58,49.8,32.6
2019,219,53.7,54.5,40.9,76,82.5,36.3
2020,219,47.3,49.2,35,72.8,74.4,38.2
2021,219,28.8,28.4,23.8,45.8,33.1,19.9
2022,219,46.4,53.7,41.1,71.2,89.5,39.8
2023,219,46.5,41.2,37.8,67.4,52.5,36.4
2024,219,49.2,47.7,35.1,68.5,69.8,40.8
2015,220,33.87,39.92,36.87,58.93,72.84,32.6
2016,220,40.5,44.8,41.4,57.5,64.3,36.7
2017,220,34.92,41.51,29.91,39.98,42.84,34.3
2018,220,35.6,35.2,33.3,40.5,42.8,29
2019,220,49,48,44.4,54.2,83.5,40.2
2020,220,39.1,40.8,31.6,54.5,58.5,41.3
2021,220,30.4,28.4,23.4,42.3,31.2,28.1
2022,220,52.4,61.3,42.5,75.3,64.4,44.4
2023,220,46.6,34.5,35.1,64.3,49.9,41.3
2024,220,37.5,36,31.3,67.5,54.2,33.5
2015,221,34.39,36.03,36.17,59.57,70.77,36.4
2016,221,40.5,40.5,35.3,63.8,56.7,40.3
2017,221,48.59,31.73,35.93,43.37,54.14,32.9
2018,221,44.7,40,35.9,58,53.5,32.9
2019,221,46.4,42.1,42.5,63.1,53,40.6
2020,221,47.1,45.1,31.1,66.6,68.4,38.9
2021,221,19.4,15.8,14.6,21.3,26.7,15.4
2022,221,41.4,43.3,33.5,55.7,72.1,37.9
2023,221,37.2,34.6,26.4,78.4,70,36.8
2024,221,43.1,41.5,30.7,56.6,55.9,37.6
2015,222,44.75,51.73,41.79,61.15,99.97,40.9
2016,222,47.2,54.4,46.5,75.5,100.5,41.4
2017,222,53.46,57.33,31.08,67.68,91.05,36.9
2018,222,49.8,48.5,37,70,90,38
2019,222,51.6,49.5,48.9,78.1,101.4,35.6
2020,222,47.1,43.1,41.5,83.1,92.7,42.7
2021,222,21.1,15,16.7,18.5,25.7,18.5
2022,222,42,44.4,33.6,59.9,86.9,37.8
2023,222,37.1,28,25.2,46.7,45.1,29.9
2024,222,47.8,38.7,33.4,54.1,95.2,37.9
2015,223,30.01,38.52,39.04,55.25,39.79,38.6
2016,223,40.1,45.6,44.3,57.5,52.7,42.8
2017,223,37.91,42.76,27.36,52.79,45,32.9
2018,223,37.2,36.5,34.1,39.5,40,28
2019,223,41.7,46.2,40.3,59.7,56,32.5
2020,223,39.2,45.2,34,48.8,40,36.7
2021,223,15.3,13.5,12.4,10.3,25,12.2
2022,223,28.7,29.6,20.5,29,37,19.7
2023,223,25.2,22.6,16.2,27.8,,19.4
2024,223,39.1,38.2,33.8,53.7,38,30.4
2015,224,32.65,31.41,34.82,31.42,41.73,23
2016,224,48.8,56.9,50.7,40.1,,51.9
2017,224,42.05,40.77,37.22,49.63,,27.6
2018,224,49,43,42,,,28
2019,224,53.4,56.7,48.4,50.5,,29.3
2020,224,53.1,64.3,42.6,68.3,,
2021,224,20.5,23.4,26,13.7,,26.8
2022,224,31.5,47.9,29.3,41.7,,16.5
2023,224,25.6,41.7,25.4,47,,23.8
2024,224,50,56.8,39,65.2,,44
2015,225,35.64,31.71,32.35,61.04,,24.8
2016,225,53,45.9,41.5,79.5,55,42
2017,225,34.09,36.47,28.98,52.55,,25.8
2018,225,33.9,30,31.8,51,,24
2019,225,36.4,38.6,31.9,55.8,,28.2
2020,225,54.1,52,37.3,71.1,,40.5
2021,225,21.8,15.1,11.4,16,,12.8
2022,225,27.4,26,16.9,17.7,,18.7
2023,225,20.2,17.6,13.9,15.3,,15.1
2024,225,42.1,39,30,64.8,,28.6
2015,226,29.3,28.75,35.96,42.04,41.14,18.4
2016,226,43,50.9,46.7,68.9,57.6,32.5
2017,226,49.27,38.31,28.03,47.7,49.8,21.4
2018,226,46.8,35.2,28,47.7,43,21.4
2019,226,37.7,35,34.8,44.6,27.6,26.5
2020,226,50.4,45.5,34,66.8,70.2,40.7
2021,226,20.4,14.3,12.5,14.7,11.6,12
2022,226,23,20.5,11.6,29,17.8,20.4
2023,226,24.1,18.8,15.9,28.8,9.6,17.2
2024,226,44.3,41.4,30.5,59,60.9,27
2015,228,41.56,33.95,37.07,36.43,34.16,22.1
2016,228,35.8,39.4,37.8,40.1,80,34.3
2017,228,41.52,45.13,32.21,59.94,41.3,29.6
2018,228,38.8,39.1,32.2,58.6,,29.6
2019,228,20.3,20.4,24.4,36.2,29.2,22.3
2020,228,45.1,39.2,28.7,53.3,53.2,38.7
2021,228,16.4,11.8,9.9,11.7,18.1,14.1
2022,228,15,11.6,8,10.5,3.9,11.2
2023,228,20.4,16.8,13,16.2,3.8,19.6
2024,228,35.3,35.1,19.1,40,33.4,30.8
2015,229,18.66,34.91,30.21,47.6,,21.8
2016,229,24.2,50.8,55.5,61.5,,39.1
2017,229,50.76,40.25,28.52,50.92,,32.8
2018,229,28.5,31,28.5,43.6,35,24.9
2019,229,30.4,28.3,24.6,41.3,40,29.6
2020,229,36.8,35.1,27.9,53.5,40,33
2021,229,15.9,11.1,10.5,6.9,,11.3
2022,229,21.7,18.2,9,34.1,25,20.5
2023,229,17.2,13.3,7.6,20.5,14.3,17.1
2024,229,26.7,26.5,21.2,30.1,,24.7
2015,230,35.37,24.92,20.58,39.1,46.99,14
2016,230,32.6,45.1,50.8,72.4,33.6,36.6
2017,230,41.57,41.34,23.29,57.78,,31.8
2018,230,34,33.5,22.8,40,,26.4
2019,230,26.6,27.5,19.4,41.8,,26
2020,230,30.1,34.7,24.5,51.4,,34.6
2021,230,29.4,13.8,12.8,11.3,16.6,12
2022,230,23.4,23.9,16.2,26.9,13,19.7
2023,230,10.9,16.2,11.6,15.8,17.9,17
2024,230,20.6,32.2,16.6,37,30,21.8
2015,231,36.28,29.8,27.82,34.99,50.21,24
2016,231,38.7,47.4,50.5,63.3,46.4,37.3
2017,231,40.71,44.87,32.71,54.09,,31.9
2018,231,33.9,37.4,36,29,,27.5
2019,231,29.5,23.8,21.9,40.8,,24.8
2020,231,32.2,32,20.5,32.9,31.4,29.3
2021,231,16.5,15.3,20.7,28,,15.7
2022,231,18.5,17,22.2,31.6,25.5,20.9
2023,231,11.2,11.6,9.8,12.6,,11.7
2024,231,29.2,28.6,20.3,44.6,26.5,23
2015,232,29.74,27.61,32.34,59.41,84.16,20.7
2016,232,45.9,43.2,43.9,54.8,62.4,42.3
2017,232,33.97,37.33,30,41.53,,29.7
2018,232,32,29,38,47,,29
2019,232,28,24.5,21.2,35.8,,18.4
2020,232,32.4,27.9,18.5,36.2,,27.6
2021,232,12.8,10,14.3,13.1,,11
2022,232,19.6,18.7,18.4,23.7,,14.9
2023,232,11.6,6.4,14.3,10.3,,11.3
2024,232,29.2,31.2,20.6,40.3,41.9,22.5
2015,241,37.48,35,36.05,58.87,72.04,32.8
2016,241,38.4,35,39.1,59.5,80.1,39.4
2017,241,49.13,40,39.16,63.63,83.37,47.8
2018,241,48.3,35,39.2,61,90.2,41.5
2019,241,53.3,45,40,68,92.3,42.6
2020,241,50,40,39.5,66.2,74.8,38.5
2021,241,34.3,25,25.8,41.8,48.6,24.9
2022,241,53.8,35,42.9,60.9,93.3,44.3
2023,241,47.4,30,38.8,62.1,64.1,43.1
2024,241,58.9,35,36,75.4,96.6,45.1
2015,243,48.44,,41.19,65.96,94.39,38.8
2016,243,52.8,,51.8,73.1,82.6,54.2
2017,243,51.8,,47.97,75.51,102.24,55.1
2018,243,50.9,,48,71.4,91.2,64
2019,243,51.5,,45.2,64.6,114.6,54.3
2020,243,44.4,,42.8,68.7,78.5,39.4
2021,243,33.3,,25.3,28.9,61.7,29.1
2022,243,52.5,69.3,43.9,67.4,137.3,65.8
2023,243,49.7,,40.8,91.4,108,52.7
2024,243,58,75.9,36,92.2,126.3,54.3
2015,244,42.1,,38.5,59.4,98.22,38.6
2016,244,42.1,,41.3,60.9,87,41.3
2017,244,53.01,,41.96,66.71,90.71,45
2018,244,53,,42,79,85.4,43
2019,244,58.3,,50,79.3,91.7,47.8
2020,244,50.6,,39.5,67.9,57.1,35.6
2021,244,37.8,,28.8,41.5,37.2,31.5
2022,244,60.3,,47.6,78.8,111.6,54.7
2023,244,55.6,,43.9,66.5,80.3,41.3
2024,244,63.1,,38.8,82.2,110,50
2015,245,35.95,,32.91,54.43,80.8,33.9
2016,245,45.2,,39.6,60.6,80.4,38.8
2017,245,44.87,,35.89,60.86,87.09,46.8
2018,245,44.9,,39.5,60.9,87,39.5
2019,245,58,,44.8,75.5,99.5,41.6
2020,245,50.4,,40.5,70.4,89.5,
2021,245,38.8,,27,43.4,60,32.1
2022,245,52.3,,42.8,74,100.4,45.8
2023,245,49.6,,40.6,71.9,82.7,
2024,245,55.7,,36.9,77.9,97.3,48.6
2015,246,31.4,23.7,28.34,58.83,78.91,24.4
2016,246,44.6,51.8,48.1,63.1,88.5,41.2
2017,246,39.87,,34,67.43,73.23,42.4
2018,246,37.7,,34.3,62.5,72.9,37.5
2019,246,38.5,,31,65.1,74.3,29.8
2020,246,45.6,,38.7,73.5,91.2,40.1
2021,246,38.8,,30.6,54.4,66,29.1
2022,246,52,,41.7,72.9,96.6,47.4
2023,246,59,,42.6,72,92.6,45.7
2024,246,47.4,,35.3,71.2,86.8,29.1
2015,247,32.24,41.58,30.06,54.21,75.76,30.4
2016,247,36.1,52.3,37.6,60.2,77.1,34.9
2017,247,40.56,,31.77,57.33,72.1,35.5
2018,247,43.8,,37.3,60.4,75.9,37
2019,247,45.5,,39.2,75.2,96.5,39
2020,247,45.8,,42.7,68.4,90.5,40.1
2021,247,33.9,,27.7,39.1,37.4,30.8
2022,247,54.5,,43.2,80.4,109.3,35
2023,247,58.5,,45,78.6,87.3,49.3
2024,247,57.6,,35.7,75.4,87.6,42.5
2015,248,30.73,34.19,32.19,44.01,69.72,32.9
2016,248,34.5,37.8,39.4,61.4,107.6,38
2017,248,42.26,51.01,27.59,58.09,65.68,29.7
2018,248,38.5,37,32.9,52.5,81,32.4
2019,248,50.8,47.5,39.2,66.5,100.2,37.8
2020,248,50.6,49.6,34.7,69,87.1,42.7
2021,248,38.9,34.5,27.9,52.1,46.5,23.6
2022,248,53.9,58.1,38.5,79.3,110.7,44.2
2023,248,48.5,44.1,38.1,71.6,69.3,40.7
2024,248,54.9,45.9,30.7,75.5,68,36.4
2015,250,32.85,43.92,35.22,48.47,44.36,38.4
2016,250,38.5,51.1,42.3,57.7,48.9,41.5
2017,250,44.35,42.65,31.87,61.61,,40.8
2018,250,41.2,41,31.9,60,,35.9
2019,250,45,40.4,39.1,61.5,,35.7
2020,250,41.3,42.5,31.5,53.8,,37.4
2021,250,26.6,17.2,17.9,29.4,27.7,22.2
2022,250,41.8,48.5,35.4,65.1,58.8,35.8
2023,250,41.7,37.7,30.2,50.2,,31.9
2024,250,45.1,42.7,34.5,60.8,80.8,
2015,251,37.82,36.82,33.4,52.85,53.13,38.3
2016,251,43,40.6,43.4,67.3,44.5,45.1
2017,251,41.02,43.66,33.79,53.18,58.89,33.4
2018,251,41,38.5,33.8,52.5,66.5,33
2019,251,44.6,40.2,41.4,61.4,73,47.5
2020,251,52.1,55.8,35.4,73.7,73,47.6
2021,251,22.3,19.6,12.9,12.6,3.5,15
2022,251,42.6,42,34.2,56.9,103.7,34.5
2023,251,37.7,31.8,27.9,45.9,,27.4
2024,251,52.7,46.9,34.6,82,80.6,36
2015,252,42.86,44.01,35.59,67.3,116.93,43.5
2016,252,40.5,45.3,38.4,74.6,60,45.4
2017,252,42.38,47.37,30.81,54.52,,33.6
2018,252,43.9,48,38.6,59.6,,33.3
2019,252,50.7,52.3,45.8,75.8,100,36.1
2020,252,43.4,47,35.1,67.8,80,35.3
2021,252,22.8,13.4,14.4,16.1,,20.7
2022,252,40,38.6,31.3,68.1,81.1,33.2
2023,252,40.6,30.3,29,52,7.1,30.6
2024,252,52.3,46.3,36.3,78.9,,42.5
2015,253,34.21,42.29,35.81,68.07,55.33,31.5
2016,253,40.2,43.7,35.6,72.8,75.7,28.4
2017,253,47.01,46.1,32.93,71.57,,32.4
2018,253,47,48,32.9,62.3,46,30
2019,253,48.8,48.2,42.5,68.2,96.2,37.3
2020,253,50,55.1,33,64.3,80.5,39.2
2021,253,21.8,17.1,14,16.1,30.4,12.9
2022,253,36.3,33.9,23.4,42.9,38.1,29.2
2023,253,28.5,21.1,17.8,26.7,,18.6
2024,253,49.6,49.1,30.6,75.9,,28.5
2015,254,36.41,44.39,36.89,50.98,66.98,32.9
2016,254,42.6,50.4,39.8,73.4,55,34.8
2017,254,44.83,51.08,33.56,46.88,,32.5
2018,254,44.8,40,33.6,43.4,,30
2019,254,51.1,46.3,40.7,83.4,,34.4
2020,254,49.3,49.3,32.1,69,,39.6
2021,254,24.1,17.2,14.2,26.3,,15.6
2022,254,31.5,26.6,20.8,35.3,,20.7
2023,254,21.6,15.9,14.9,29.7,,25
2024,254,48.7,47.9,29.2,59.2,,32.4
2015,255,38.7,34.42,40.13,60.4,82.55,32.8
2016,255,43.2,45.9,44.3,58.1,80,43.2
2017,255,39.44,34.51,29.07,52.79,,30.8
2018,255,35.5,30,32.5,45,,30.8
2019,255,45.9,45.5,47.8,57.6,,38.7
2020,255,52.8,52.8,40.1,59.7,,41.4
2021,255,24.7,17.3,22,19.7,,20.5
2022,255,30.4,37.6,23,31.6,31.6,20.4
2023,255,23.9,18.9,19.7,28,29.7,22.3
2024,255,40.3,40.7,32.5,57.6,,32.1
2015,256,31.41,34.6,31.67,42.94,71,23.7
2016,256,39.5,41.4,39.2,43.8,66.6,33
2017,256,39.44,41.31,26.99,46.67,,31.1
2018,256,35,30,31,39,,24
2019,256,42.5,42.3,41.1,46.4,65.9,39.8
2020,256,46.9,52.4,35.1,57.3,,38.2
2021,256,18.3,9.9,11.3,10.8,34,14.4
2022,256,24.9,22.9,13,28.9,22.2,18.2
2023,256,17.2,15.4,11.5,20.8,,19
2024,256,38.5,36.6,25,52.3,38.6,32.8
2015,257,31.1,36.19,37.83,57.64,41.1,25.6
2016,257,38.9,43.9,47.8,67.7,49.5,36.6
2017,257,41.76,40.6,36.53,52.46,,28.3
2018,257,36.9,34.3,36.5,43.7,,24.8
2019,257,40.3,39.5,35.5,68,,30.8
2020,257,46.8,41.3,31.7,66.6,,39.8
2021,257,13.2,7.8,6.8,7.8,,11.4
2022,257,19.3,18.7,10.7,25.4,21.5,14.6
2023,257,21.3,14.3,13.2,18.5,24.1,16.8
2024,257,44.5,42.5,31.6,80.3,,34.6
2015,259,30.01,39.29,37.12,42.17,71.84,22.9
2016,259,47,42.4,44.1,56.8,70,40.3
2017,259,53.21,54.1,33.9,59.38,,36.5
2018,259,44,44.5,33.9,53.6,,31.2
2019,259,37.6,28.7,34.7,52.3,,32.3
2020,259,50.2,47.4,38.5,66.3,,42.8
2021,259,20.3,13,15.3,18.6,,14.5
2022,259,25.1,24.3,15.7,29,,19.1
2023,259,28,22,17,34.7,,18.8
2024,259,38.9,39.3,32.3,60.4,,29
2015,260,34.49,33.28,32.16,51.7,52,27.1
2016,260,34,44.2,44.1,64.8,,33.9
2017,260,44.25,46.66,28.27,71.94,,33.2
2018,260,43.5,46.7,32.1,54,,28
2019,260,24,23.7,18.8,32.9,,21
2020,260,42.3,43.1,34.5,65.1,,33.3
2021,260,20.2,13.9,14.2,22.1,,14.7
2022,260,27.2,24.5,19.7,35.2,,20.3
2023,260,27.9,19.7,17.9,30.7,,21.9
2024,260,44.1,38.5,32.5,53.8,,26.8
2015,261,36.69,31.82,29.14,49.01,73.75,20.6
2016,261,52.3,47.2,47.7,59,76.9,43.1
2017,261,40.06,45.42,30.78,56.87,,36.7
2018,261,40.1,45.4,36.2,52.2,,33.4
2019,261,23.2,27.8,22.7,32.2,,24.5
2020,261,35.6,35.3,38.8,53.3,22.4,33.3
2021,261,20.3,15.3,16.4,23.7,,13.2
2022,261,21.7,24.4,18.9,33.6,1.4,15.9
2023,261,20.5,15.9,18.5,23.4,20,17.4
2024,261,32.4,30.6,21.8,43.8,,28.5
2015,271,47.91,,41.62,67.29,97.99,41.5
2016,271,58.6,,52.5,47.9,85.3,55.9
2017,271,63.39,,51.46,105.94,95.18,71.7
2018,271,70.7,,54.9,99,129,58
2019,271,65.8,,56.3,92.6,121.8,61.8
2020,271,52,,49.1,71.3,89.6,55.8
2021,271,45.5,,39.4,45.4,73.3,35
2022,271,76.6,,54.8,84.3,113,55.1
2023,271,63.9,,48.2,69.7,66.7,37.4
2024,271,69.8,,41.9,85.7,92.6,52.3
2015,273,45.43,,40.12,62.28,89.92,43
2016,273,51,,43.3,68.8,92,52.5
2017,273,56.45,,44.52,78.74,90.51,54.9
2018,273,62.2,,48.3,79,99,55
2019,273,64.4,,52.8,88.3,95.6,51.1
2020,273,45,,41.7,61.3,82.9,37.4
2021,273,40.5,,32.6,47.5,47.7,31.4
2022,273,68.8,,53,88.4,129.7,60.8
2023,273,54.6,45,47.9,68.9,83.8,58.9
2024,273,55.4,,38.1,80.6,86,58.4
2015,274,34.66,,40.98,64.4,74.69,36.2
2016,274,47,,44.6,74.1,90.1,42.5
2017,274,51.71,,46.36,76.79,96.04,51.7
2018,274,52.4,,46.4,78,95.9,49
2019,274,56.7,,50.6,87.4,111.9,36.5
2020,274,51.6,,45.4,77.6,95,45
2021,274,37.7,,33.9,42.9,46.1,26.8
2022,274,62,,50.7,81.3,122.7,55.3
2023,274,60,,51.5,84.5,97.7,50.3
2024,274,61.3,,38,76.5,117.8,46.9
2015,275,33.81,,40.16,69.03,72.8,44.7
2016,275,38.2,30.1,35.7,58.4,91.7,27.9
2017,275,43.75,,41.08,72.47,94.87,48.9
2018,275,43.8,32,41.1,68.7,90.9,35
2019,275,50.3,,44.7,80.1,92.7,35.3
2020,275,57.8,,42.2,82.8,92.7,45.6
2021,275,37.4,,29.6,39.9,44.4,23.4
2022,275,58.7,,45.9,78.1,107.8,39.5
2023,275,54.3,,42.2,82.4,82.2,34.7
2024,275,62.1,,38.4,88.7,87.1,41.5
2015,276,38.86,,30.3,60.16,85.38,51.4
2016,276,43.2,,35.9,60.8,86.7,46.5
2017,276,51.48,,37.27,65.4,90.85,46
2018,276,47.8,,38.2,59.1,85.6,40
2019,276,55.7,,44.3,80,106.3,45.2
2020,276,52.6,,41.4,80,97.3,43.4
2021,276,37.9,,30.4,42.2,49,23.8
2022,276,61.3,,50.2,79.3,114.1,45.4
2023,276,59.7,,48.6,83.4,99.5,50.8
2024,276,66,,40.3,78.1,92.8,51.4
2015,277,34.24,,31.71,45.65,66.05,43.7
2016,277,37.8,,36.4,54.9,79.5,38.5
2017,277,46.83,,37.34,66.96,85.38,41.5
2018,277,42.2,,33.1,55.3,76.1,29
2019,277,48.2,,41.3,69,87.4,47.2
2020,277,46.4,,35.5,57.8,81.9,43.7
2021,277,24.9,,21.5,31.8,44,22.2
2022,277,46.5,,41.6,72.5,86.2,42
2023,277,44.3,,38.7,57.9,78,46.4
2024,277,47.6,,41.7,62,79.8,51.3
2015,279,,,,,,
2016,279,,,,,,
2017,279,,,,,,
2018,279,,,,,,
2019,279,,,,,,
2020,279,,,,,,
2021,279,,,,,,
2022,279,,,,,,
2023,279,,,,,,
2024,279,59.2,64.3,39.2,84.6,97.6,48.6
2015,280,40.46,45.35,37.95,64.89,65.58,30.3
2016,280,46.2,45.3,42.7,69.2,60.7,35.2
2017,280,45.45,30.53,35.2,79.61,55.08,38.5
2018,280,45.4,52,39.1,62,89,38.5
2019,280,47.5,,42.1,68.3,95.5,38.3
2020,280,49.8,54.9,37.3,75.6,,43.8
2021,280,23.9,17.2,17.6,16.4,,17.2
2022,280,49.6,47,40.8,68.4,,44.8
2023,280,52.2,27.4,42.8,64.9,,38.2
2024,280,56.5,57.6,39,81,100.7,39.6
2015,281,39.17,39.6,35.76,62.35,98.24,31.4
2016,281,46.7,43.2,37.1,76.7,93.2,47.1
2017,281,46.69,40.85,38.54,72.05,84.39,35.6
2018,281,46.7,44,43.3,70.6,84.2,38.8
2019,281,50.3,56.8,44.9,77.9,77.3,43.8
2020,281,51.3,47.9,34.5,72.5,92.5,43.1
2021,281,26.6,16.4,17.3,20.6,33.3,20.3
2022,281,50.1,44.3,37.4,71.8,86.8,49.3
2023,281,47.7,33.3,34.4,68.3,15,36
2024,281,56.4,55.7,41.6,74.3,115.8,50.4
2015,282,31.73,36.7,32.43,57.32,59.78,33.7
2016,282,42.4,54,32.5,67.1,80.8,35.1
2017,282,49.69,48.37,34.7,64.84,79.86,36.6
2018,282,49.7,34,38.3,64.8,57,37
2019,282,54.6,44.7,40.1,69.2,65.4,36.2
2020,282,51.5,52.2,35.9,54.6,68.7,35.5
2021,282,37.2,19.5,17.4,19,19.7,17.4
2022,282,51.9,42.7,30.1,60.6,75.2,32.8
2023,282,43.6,30.5,27.7,52.5,39,27.6
2024,282,50.4,44.9,36.8,74.7,,37.3
2015,283,35.55,43.27,40.43,53.12,40.25,31.6
2016,283,47.1,37,43.7,72,59.3,32.7
2017,283,45.24,59.16,31.87,49.06,74.11,31
2018,283,39.7,25,30,40,,28.7
2019,283,47,,40.1,58.8,98.4,38.2
2020,283,44.3,39.1,28.6,54.7,65.4,31.2
2021,283,22.1,12.6,13.1,14.5,27,11
2022,283,32,30.9,20.4,33.3,63.2,25.9
2023,283,23.5,47.4,16.5,24.7,,19.1
2024,283,44.9,53,29.6,50.2,36.7,32.1
2015,284,41.54,43.31,39.6,64.96,82.82,33.2
2016,284,43.4,45.6,39.3,71,66,38.8
2017,284,41.7,41,39.3,49.37,75,34.9
2018,284,41.7,,32.1,35.8,,29
2019,284,48.7,45,36.2,53.4,60,31.6
2020,284,47.6,60,34.6,66.4,49.6,33
2021,284,24.5,15,16.5,19.1,32.8,17.7
2022,284,36.4,,30.3,40.9,37.6,29.3
2023,284,20.1,68,13.7,20.6,,19.8
2024,284,52.8,53.5,33.2,64.1,60.2,32.6
2015,285,37.78,32.64,36.21,49.7,66.7,32.6
2016,285,41.5,37.1,41.2,61.3,84,39.3
2017,285,38.07,40.63,33.72,57.35,65,30.1
2018,285,33.4,25.5,29.4,49,45.5,25.3
2019,285,42.4,43.9,38.1,70.7,57.4,33.7
2020,285,39.6,41.8,31,52.4,47.4,32.1
2021,285,16.2,14.1,13.8,21.8,16.6,12.8
2022,285,22.3,23.1,17.3,30,24.1,17.7
2023,285,17.4,17.2,16.4,24.1,35,13.9
2024,285,39.7,43.8,33.3,54,66.9,29.5
2015,286,34.53,38.69,39.21,51.44,,29.1
2016,286,32.3,34.4,33.1,43.6,,28.3
2017,286,40.6,44.81,33.75,58.69,60.1,28.4
2018,286,29,26,29.9,38.5,91,23
2019,286,44.4,46.9,41.2,56.8,89.7,33.2
2020,286,48.6,50.9,39.1,54.2,117.2,33
2021,286,21.2,16.7,14.1,22.1,58.3,13.6
2022,286,27.2,30.4,18.7,31.5,38.6,21.4
2023,286,32,25.3,21.2,30.1,41.8,23.3
2024,286,50.4,44.8,36,65.3,,25.6
2015,287,41.19,43.14,39.42,66.82,,34.1
2016,287,48.3,40.4,42.2,66.9,,30.1
2017,287,51.88,57.29,41.82,78.49,,30.1
2018,287,38.2,40.3,37.7,63.5,,26
2019,287,52.3,54.3,47.1,75.6,,42.2
2020,287,58.1,57.2,41.4,76.1,,38.8
2021,287,17.8,10.2,9.4,10.2,53.1,8.1
2022,287,27.2,24.7,15.7,32.2,46.2,22.8
2023,287,31.7,22.8,20.2,43.1,57.6,22.7
2024,287,52.1,58.6,37.5,77.3,47.9,27.6
2015,288,36.4,36.99,35.31,67.37,65.51,37.7
2016,288,37,35.6,39.4,64,120,38
2017,288,41.08,44.05,36.15,65.12,50,30.8
2018,288,41.1,38.5,32.5,60,60,33
2019,288,43.9,46.5,33.4,72.1,75,38
2020,288,43.1,40.7,31.3,63.3,65,37.3
2021,288,12.5,8,7.4,8.9,10,10.8
2022,288,19.3,16.7,10.2,22,22.2,16.7
2023,288,21.1,16.3,18.5,24.7,21,16.5
2024,288,44,49.1,31,63.1,75,30.9
2015,290,41.6,44.95,33.86,63.67,26.76,30.3
2016,290,36.4,44.4,37.5,60.1,31.6,37.8
2017,290,46.61,42.14,31.04,62.79,,29.2
2018,290,45.9,45.5,38,62.8,,29.2
2019,290,33.1,31,31.8,48.5,,29.6
2020,290,48.7,50,42.1,68.9,,36.7
2021,290,22.4,18.2,13.5,22.7,,18.2
2022,290,46.1,42.6,31.5,62.5,,29.7
2023,290,32.7,28.5,26.8,36.5,55.7,27.3
2024,290,41.1,39.6,36.6,64.5,71.4,28
2015,292,24.67,30.28,18.93,35.02,24.43,21.9
2016,292,39.1,41.7,45.5,82.7,,36.6
2017,292,50.62,41.64,27.98,42.72,,32.1
2018,292,49.8,42.5,37.3,57.5,,39.5
2019,292,30.2,30.4,23.5,45.4,41.4,33
2020,292,52.7,41.3,41.8,42.3,,
2021,292,22.5,13,15.4,18.4,30,30
2022,292,30,24.2,26.4,38.5,30,30.8
2023,292,26.6,20.3,22.5,36.1,15.7,27.7
2024,292,36.9,37.2,30.9,43.7,45,40.4
2015,301,35.43,,40,54.65,53.86,37.8
2016,301,50.3,,46.2,73.6,106.6,50.6
2017,301,59.81,,48.92,,115.52,57.1
2018,301,59.5,,46.2,71,79,53
2019,301,59.6,,54.5,92.3,87.2,58.7
2020,301,62.3,,47.8,83.6,113,52.8
2021,301,44.8,,32.9,66.8,46,26.9
2022,301,65.8,,46.4,88.8,100.5,50.5
2023,301,61.6,,48.5,,94.1,49.8
2024,301,70.7,,38.4,80.1,136.6,62.4
2015,303,38.64,24.07,43.87,65.24,92.81,45.1
2016,303,53.4,41.1,47.5,,101.9,
2017,303,64.87,,52.89,90.98,107.39,86.8
2018,303,66.6,,52.7,82.2,82,69
2019,303,61,,54.8,96.8,134.9,67.4
2020,303,61.3,,47.5,89.3,106.1,61.9
2021,303,40.9,,35.5,62.8,67.9,41
2022,303,67.7,,52.3,97,136.4,65.7
2023,303,67.2,,60.1,93.7,150.4,71.2
2024,303,65.4,,40.5,89.5,137.6,56.5
2015,304,39.88,,42.18,62.29,93.46,39.8
2016,304,48.1,,44,80.6,118.4,38.7
2017,304,60.43,,47.36,74.09,115.52,49.9
2018,304,60.3,,46.5,74.7,109.5,40
2019,304,64.2,,53,93.4,119.8,53.5
2020,304,56.6,,47.6,86.5,116.2,47.1
2021,304,42,,32.3,46,62.7,23
2022,304,61.6,,50.7,81.7,129.2,34.7
2023,304,71.5,,57,94.3,124.6,54.5
2024,304,67.1,,40.3,84.4,112.6,29.3
2015,305,43.33,,38.67,73.05,82.44,32.6
2016,305,43.9,,41.2,76.7,111.5,31.4
2017,305,61.34,,47.64,74.93,95.31,
2018,305,53.4,,43.7,69.1,98.8,45.5
2019,305,54.1,,49.2,89.4,119.9,
2020,305,52,,46.9,77.4,97.9,30
2021,305,39.1,,31.8,51.6,66,25
2022,305,58.7,,47.5,81.3,104.3,55
2023,305,62.5,,53.9,92.4,118.2,64.4
2024,305,63.4,,39.5,77.8,119,59.1
2015,307,40.92,,36.48,58.19,77.59,39
2016,307,45.8,62.2,37.5,58.5,82.1,38.6
2017,307,49.51,,38.72,68.18,92.89,46.9
2018,307,49.5,,38.7,60.5,84,40
2019,307,48.6,,41.1,54.3,98.7,45.6
2020,307,47.6,,42.1,69.7,89,50.9
2021,307,32.4,,27.1,34.7,40.2,25.9
2022,307,50.7,,45,70,94.5,45.4
2023,307,53.9,,44.5,67.7,72.2,46.4
2024,307,53.6,,41.1,68.5,99.2,45.2
2015,308,40.96,45,35.68,57.41,89.23,42
2016,308,44.4,45,39.3,70.1,108.8,44.2
2017,308,57.11,40,46.56,77.73,100.78,41.5
2018,308,50,37.5,42.9,64.9,84.3,34.9
2019,308,61.3,,49.3,91,136.6,47.6
2020,308,54.9,,41.4,71.7,92,47.3
2021,308,29.5,15.3,23.3,32.1,41.1,24
2022,308,57.9,,44.5,91.8,127.1,51.3
2023,308,60.9,,47.3,80.3,100,56.1
2024,308,62.4,,42.6,93.1,117.8,46.1
2015,309,57.14,,41.94,74.81,125.14,43.9
2016,309,47.7,43.1,40.8,59.9,85.8,43.5
2017,309,56.37,,40.52,71.91,80.89,48.2
2018,309,56.4,,44.3,73,65,43
2019,309,63.9,,50.4,76,135.6,51.8
2020,309,57.6,,41.7,75.8,111.1,43.7
2021,309,29.1,,24.2,21.8,47.8,28.3
2022,309,58.3,,48.2,77.5,109.6,53.8
2023,309,62.5,,48.9,86.5,118.1,52
2024,309,63.6,,42.1,81,118,48.5
2015,310,43.72,42.55,41.18,67.68,95.53,40.5
2016,310,53.1,,39.9,75.3,109.5,45.4
2017,310,54.15,,38.95,67.96,70.17,33.1
2018,310,54.1,,42.5,64,53,40
2019,310,54.2,,45,79.3,84.2,38.8
2020,310,51.9,47.1,38.7,71.1,92.9,44.2
2021,310,25.1,,19.4,21.3,31.9,15.3
2022,310,52.9,39.7,42.5,76.7,83.6,51.7
2023,310,51.4,,43.7,69.6,106.8,47.8
2024,310,55.9,,40.8,73.2,100.2,50.4
2015,312,43.74,46.57,37.37,61.39,87.19,39.1
2016,312,41.1,47.9,38.7,64.6,82.1,49.7
2017,312,40.99,48.73,36.97,73.11,89.76,39.2
2018,312,41,42,40.8,63,85.5,39.2
2019,312,42.6,36,41.2,64.2,86,34.6
2020,312,47.3,39.4,32.7,61.9,70.2,38.1
2021,312,23.1,16.6,15.6,15.5,8.8,16.5
2022,312,49.9,47.5,37.7,69.7,87.1,45.3
2023,312,39.4,31.7,31.4,60.6,55.4,31
2024,312,54.1,56.6,40.8,,84.1,41.5
2015,313,40.6,45.27,32.88,52.35,55.01,39.8
2016,313,38.5,49.2,37.1,69.7,,39.7
2017,313,44.94,65.4,35.82,64.05,,38
2018,313,38.6,,34.4,54,,32.1
2019,313,42.1,46.1,44.3,50.5,,30.6
2020,313,44.8,,31.1,51,79.8,33.5
2021,313,20.6,5.9,12.4,9.1,4.9,14.9
2022,313,43.1,30.2,25.9,64,72.3,37.8
2023,313,36.9,37.6,26,34.1,41.6,32.1
2024,313,52.6,,35.2,76.6,,39.4
2015,314,39.46,45,40.72,56.49,64.59,40.1
2016,314,42.5,39.1,44,69.3,69.4,46
2017,314,45.42,,32.64,52.63,45.51,37.5
2018,314,198,,33,43.5,41,35
2019,314,37,,34,52.8,57.6,39.9
2020,314,42.7,,43.3,56.4,47.3,30.9
2021,314,14.8,8,12.8,16.9,10.5,10
2022,314,38.9,,28.7,52.2,61.3,30
2023,314,31.9,,26.4,31.9,37.8,24.7
2024,314,39.9,,34,62,64.3,50.1
2015,315,46.82,31.91,46.58,50.65,47.46,30.5
2016,315,50,42.9,46.1,69.3,99.9,42.8
2017,315,48.38,,40.12,43.8,,35.3
2018,315,40,,37,51,,24
2019,315,49.6,,45.7,69.2,64.1,39.5
2020,315,48.3,35.2,37.1,59.2,68.6,38.6
2021,315,18.8,,15.2,13.3,6.7,14.6
2022,315,28,,19.9,19.2,27.2,24
2023,315,23.4,,21.8,13.2,19.1,19
2024,315,48.1,55.7,32.7,42,,35.4
2015,316,39.02,37.76,39.73,45.68,40.91,33.9
2016,316,56.3,52.1,44.7,78.3,80,47.9
2017,316,53.96,59.48,37.08,67.13,,38.2
2018,316,48.9,28,34.5,38,30,34.1
2019,316,49.8,48.4,42.1,64.1,,38.8
2020,316,50.6,51.4,38,70.5,,37.4
2021,316,19.1,10,12.5,19.4,,15.7
2022,316,20.2,19.1,12,20.3,,16.6
2023,316,33.4,29,25.5,56.9,50.6,30.6
2024,316,48.6,55.2,33.8,79.3,,34.4
2015,317,35.81,33.49,34.62,58.9,56.6,29.9
2016,317,40,36.5,37.8,64.7,72.1,48.1
2017,317,45.12,41.14,37.27,59.03,60,38.7
2018,317,45.1,39,42.7,52.5,60,37.2
2019,317,45.1,41.7,41.1,67.4,70,38
2020,317,44.3,49.3,33.9,64.3,70,39
2021,317,18.9,14.5,14.5,13.7,30,14
2022,317,30,25.5,21.4,33.9,28.3,20.1
2023,317,38.8,29.1,26.4,53.1,,22.1
2024,317,51.8,53,36.7,74.2,,27.2
2015,318,38.32,41.44,38.62,60.27,67.14,32.6
2016,318,41,38,42.2,59.3,65.1,45.6
2017,318,52.83,56.03,44.29,71.79,80,47.5
2018,318,46.3,43.5,39.4,64.3,,37
2019,318,47,44.2,42.3,60.6,,36.3
2020,318,52.1,54,41.1,71,73.5,36.1
2021,318,24.3,12.9,14.7,17.6,4.9,12.6
2022,318,29.1,28.6,20.1,38.9,25,20.8
2023,318,28.5,21.6,24,32.3,14.9,22.9
2024,318,51.1,52.9,37,65.9,,23.3
2015,319,36.83,33.18,33.56,54.63,,24.3
2016,319,45.2,43.7,40.2,70.9,,38.1
2017,319,45.17,55.7,40.22,73.27,,40.8
2018,319,45.5,55,37.5,73.3,,44
2019,319,48,38.8,37.9,66.6,,41.5
2020,319,55.5,57.8,42.9,78.3,,40.3
2021,319,24.4,16.5,15.9,19.6,,16.3
2022,319,38.4,35.2,27,56.4,,27.8
2023,319,33.1,20.3,26.3,41.8,,24.7
2024,319,52.4,48.3,34.2,74.3,,28.9
2015,320,25.9,20.9,29.81,52.67,,28.1
2016,320,37.5,40.4,40,61.1,,47.2
2017,320,39.49,49.62,32.35,57.64,,38.3
2018,320,39.5,49.9,35.1,62.2,,41.3
2019,320,30.8,25.5,21.8,46.8,,34.1
2020,320,42.4,51.2,37.2,62.1,99.9,35.3
2021,320,22.9,16.2,15.6,18.3,,16.3
2022,320,46.7,53.2,34,70.1,,31.5
2023,320,30.7,24,25.3,42.1,,25.9
2024,320,41.2,42.2,31.8,61,,27.6
2015,321,26.63,33.22,30.43,65.57,70,25.5
2016,321,42.9,38.3,40.7,59.6,55,36.4
2017,321,35.87,38.29,24.91,48.34,,25.6
2018,321,43,43.5,32.1,61.5,,31.4
2019,321,34.5,29.7,19.7,45.7,44.9,26.2
2020,321,48.5,47.5,31.9,52.8,,37.7
2021,321,26.8,19.3,16.5,29.5,14.6,20.4
2022,321,46.2,51.5,37.6,66.6,,34.1
2023,321,37.3,34.1,29.8,37.9,39.3,35.1
2024,321,41.6,40.1,26.7,61.7,,32.7
2015,322,20.03,25.29,21.56,,,15.3
2016,322,52.4,47.9,42.6,55.8,82.2,38.1
2017,322,22.47,35.67,21.77,24.51,,30.4
2018,322,30.9,38,35,55,,33
2019,322,31.7,38.3,29.1,38.5,27.9,19.2
2020,322,44.4,50,33.7,49.2,74.8,23.5
2021,322,16.8,17.6,14.9,14.5,,25.3
2022,322,37.8,43.9,36.1,35.8,35.8,33.4
2023,322,25.8,19.6,22.7,7.7,,27.1
2024,322,41.2,40.2,32.5,44.9,47.1,29.7
2015,331,35.31,,40.08,35,67.21,40.3
2016,331,54.6,,49.2,61.1,112.3,32.3
2017,331,61.06,,49.19,73,,65.1
2018,331,67.8,,49.2,72,,59
2019,331,53,,47.9,71.8,,41.3
2020,331,53.2,,41.1,64.9,,45.6
2021,331,38.7,,29,38.9,,23.6
2022,331,56.1,,41.7,72.7,,41.8
2023,331,50.4,,43.7,72.2,,41.7
2024,331,53.5,,31.6,54.2,103.3,41.5
2015,333,34.87,,37.97,62.95,93.56,49.4
2016,333,53.3,,45.8,79.3,133,58.5
2017,333,67.96,,49.42,84.86,,72.5
2018,333,68,,49.4,88.4,,58
2019,333,58.1,,30.2,100.8,,53.8
2020,333,64.4,,49.3,102.7,,62.5
2021,333,50.5,,37.2,69.7,,29.8
2022,333,62.4,,48,84.1,,60.1
2023,333,68.7,,58.6,95.8,,63.6
2024,333,69.1,,34.9,81.5,141.5,55.3
2015,334,43.01,,37.87,53.2,104.84,47.4
2016,334,51.6,,41.1,74.7,117.9,43.9
2017,334,58.66,,47.26,84.72,128.85,53
2018,334,58.4,,47.3,84.7,125.9,54
2019,334,62.5,,52.5,95.3,128.1,49.9
2020,334,63.7,,52.1,91.7,122.7,52.4
2021,334,53.2,,34.8,74,78.4,38.7
2022,334,57.6,,45.2,77.8,127.2,49.7
2023,334,67.7,,56.6,86.2,120.9,37.3
2024,334,60.4,,34.7,78.1,122.6,43.2
2015,335,41.33,,40.15,67.47,90.83,50.6
2016,335,41.5,,44,73.6,112.8,45.7
2017,335,43.66,,43.42,94.75,96.77,56.9
2018,335,45.1,,43.4,83,93.3,57
2019,335,52.6,,46.5,86.5,122.9,46.4
2020,335,55.9,,43.4,81.2,121.7,46.1
2021,335,42,,34.8,60.3,69.5,22.5
2022,335,53.7,,46.4,83.6,116.9,34.8
2023,335,66.1,,55.9,92,114,54.4
2024,335,61.1,,41.3,87.6,103.5,
2015,336,42.21,,41.87,72.64,99.65,46.9
2016,336,45.5,,40.1,74.7,106.4,39.2
2017,336,53.91,,44.19,79.11,100.58,42.2
2018,336,50.9,,40.2,73.1,91.5,48.5
2019,336,52.3,,49,85,95.3,40.3
2020,336,53.6,,47.5,71.9,108.2,41.1
2021,336,34.6,,30.2,43,69.5,24.9
2022,336,63.3,,49.5,88.1,120,47.4
2023,336,64.8,,55.3,91.8,111.2,45.7
2024,336,66.5,,39.3,82.3,115.9,43.2
2015,337,48.61,45,40.37,69.62,98.37,44.3
2016,337,49.3,22.5,38.3,72.7,115.4,37.2
2017,337,64.68,,47.3,79.2,108.53,53.8
2018,337,59.6,,47.3,74.6,99.2,37
2019,337,67.1,,49,85.2,122,49.5
2020,337,66.1,,46.7,83.7,112.4,58.3
2021,337,35.7,,26.6,36.2,57.1,28.3
2022,337,59,,47.6,76.7,100.6,43.7
2023,337,64.7,,52,86.9,105.4,71.9
2024,337,69.8,,44.1,91.6,121.2,55.3
2015,338,52.65,,44.19,78.16,126.81,47.5
2016,338,54.2,,47.4,81,120.7,41.4
2017,338,66.65,,52.95,89.4,135.16,44.4
2018,338,53,,52.9,81.1,98,30
2019,338,70.2,,51.2,93.9,132.8,54.4
2020,338,64.9,,44.3,80.2,116.4,45.3
2021,338,32.6,,22.9,31.3,39.5,17.2
2022,338,60.9,,50.6,84.7,121.6,43.9
2023,338,72.8,,54.1,94.7,126.3,53.1
2024,338,67.5,,42.1,97.7,138.6,55.8
2015,339,43.63,19.9,38.52,63.11,95.33,38.4
2016,339,53.1,24.7,42.1,74.6,94.8,47.4
2017,339,57.34,34,42.28,76.66,94.47,50.5
2018,339,51.7,22,42.3,67,81.5,45.1
2019,339,52.4,35,36.3,74.3,90,47.7
2020,339,48.4,41.1,34.7,67.8,84.9,36.2
2021,339,23.9,13.8,17.2,30.1,26.7,19.2
2022,339,54.3,58.2,49.2,80.1,99.6,50.6
2023,339,54.9,35.2,50.4,72,93.8,44.9
2024,339,55.9,44.4,34.2,76.3,96.6,45.4
2015,340,40.57,,37.56,60.24,84.48,26.5
2016,340,42.1,59.5,37.7,58.5,94,42
2017,340,43.37,,32.53,66.82,88.42,43.1
2018,340,43.4,75,36.8,61.3,75,44.5
2019,340,51.7,,43.4,79.2,91.8,51.7
2020,340,54.4,61.7,39,79.1,101.7,39.6
2021,340,28.2,18.1,18.4,27.3,25.8,19.2
2022,340,58.7,61.4,48.9,78.7,113.1,48.5
2023,340,63.1,63.2,50.6,82.5,123.8,46.4
2024,340,59.7,61.3,37.1,82,119,39.9
2015,341,39.71,39.14,34,52.83,78.67,34.3
2016,341,42.6,39,36.7,62.6,78.4,35.9
2017,341,45.49,34.98,42.64,65.31,93.41,43.1
2018,341,45.5,,42.6,59.7,54,32
2019,341,47.1,,42.8,62.3,66.1,36.7
2020,341,50.6,,35.4,66.9,94,36.6
2021,341,24.5,9.3,15.8,13.2,8.3,17.8
2022,341,58.9,,44.5,82.4,98.4,46.4
2023,341,50.6,,40.5,59.3,59.8,41.9
2024,341,53.7,,34.8,74.4,78.4,45.4
2015,342,40.12,41.02,40.42,58.95,78.76,33.2
2016,342,44.6,41.2,41.5,63.3,97.1,38.2
2017,342,50.36,,40.73,65.17,73.3,46.3
2018,342,47,36,37.4,56.1,,29
2019,342,47,,45.2,61,84.4,36.3
2020,342,49.7,,33.7,63.8,94.7,38.8
2021,342,24,19,15.8,16.8,15.4,16.5
2022,342,57.6,59.5,42,81.9,109.3,49.2
2023,342,44.9,40.5,33.2,57,,33.7
2024,342,52.5,46.9,32.6,72.4,,38.9
2015,343,43.51,37.92,38.84,58.73,97.71,37.5
2016,343,43.6,40.2,39.6,68,71.2,42
2017,343,52.35,,45.42,74.72,115.69,47.7
2018,343,48.8,,45.4,62.2,69,36.9
2019,343,48.1,,41.6,57.7,60.6,34.5
2020,343,48.9,,33.9,61.9,77.7,37.4
2021,343,22,7.4,12.9,20.6,15.8,13.1
2022,343,49.6,55.1,33.4,58.7,74.2,39.6
2023,343,34.6,27.9,28.5,43.3,44.3,23.9
2024,343,48,,32.6,55.3,80.5,33.8
2015,344,30.99,26.55,32.63,48.61,68.97,30.4
2016,344,42.8,43.4,38.5,72.2,92.4,49
2017,344,44.19,40.93,41.63,57.74,81.52,44.2
2018,344,37.4,30,37.9,50.6,74.1,37.7
2019,344,41.5,36.8,38,61.5,81.4,40.4
2020,344,41.4,46.4,33.2,65.1,92.4,46.2
2021,344,11.3,8.5,10.7,10.4,13.4,4.9
2022,344,28.5,26.2,20.4,43.2,56.7,20.7
2023,344,31.4,20.8,28.4,40.9,46,27.1
2024,344,57.2,,41.7,79.1,98.1,43.7
2015,345,40.54,,40.76,54.77,74.21,37.4
2016,345,52.5,76.8,41.2,75.5,115.2,46
2017,345,51.76,,42.25,65.21,90.2,44.6
2018,345,47.9,,42.2,59.8,68,40.3
2019,345,52.6,,42.1,75.9,82.8,47.7
2020,345,53.9,50,43.9,78,77.4,44.8
2021,345,18.4,,13.7,12.2,10.8,11.8
2022,345,33,,21.5,43.6,49.7,20.4
2023,345,33,,29.2,39.6,36.1,32.4
2024,345,55.9,,36.6,72,84.3,44
2015,346,40.94,49.5,37.92,58.17,66.56,33.8
2016,346,51.8,54.6,44.2,60,73.2,41.4
2017,346,48.04,50,43.86,78.77,70,46.2
2018,346,53.3,51,48,78.8,79,50.2
2019,346,53.1,45,44.7,83.9,85,46
2020,346,57.4,58.5,40.9,71.1,,42.3
2021,346,19.5,11.4,11.5,11.1,,12.1
2022,346,25.6,23,15.3,28.9,29.4,17.3
2023,346,29.4,24.3,25,34.8,39.4,22.5
2024,346,52.8,52.4,32.1,69.1,52.8,38.1
2015,347,41.23,36.53,37.44,52.74,63.3,34.6
2016,347,48.8,39.6,40.7,69,88.9,50.5
2017,347,46.85,29.73,35.17,73.54,55,37.7
2018,347,51.6,47,39.4,67.5,60,43.2
2019,347,52.2,32.2,41.1,67.8,80,48.1
2020,347,54.2,46.8,38.9,66,,51.8
2021,347,21.4,2.6,13.9,21.1,15.4,15.8
2022,347,36.1,23,26.5,41.5,52.8,26.4
2023,347,36,21,28.1,48.9,73.7,30.8
2024,347,53.3,37.4,37.1,52,105.8,43.3
2015,349,33.23,22.12,30.45,40.37,88.3,26.8
2016,349,50.6,39.1,44.3,74.3,78,47.8
2017,349,45.62,61.39,36.21,61.55,,37.3
2018,349,49.3,51,36.2,70,,39
2019,349,49.1,52.5,39.5,73.7,119.8,40.1
2020,349,59.2,63.6,43.8,84.7,,45.7
2021,349,22.6,24.4,14.9,22.9,4,18.2
2022,349,36.6,36.8,28.1,62.5,,26.4
2023,349,38.5,30.8,32.6,35.5,,27
2024,349,50.6,42.6,33.2,54.3,,33.5
2015,350,36.97,28.39,34.21,51.35,70,31.6
2016,350,48.3,49.1,37.9,66.7,56.2,37.2
2017,350,48.76,46.84,37.33,65.86,,37.7
2018,350,52,45,32.9,67,96,35.8
2019,350,52.2,67.4,41.4,66.8,,40.4
2020,350,68.7,59.3,45.1,81.1,,34.1
2021,350,21.5,8.9,15.5,20.4,,14.1
2022,350,44,40.4,33,63.8,63.8,33.4
2023,350,35.3,22.7,25.2,44.4,,31
2024,350,47.6,46,31.5,77.5,,32.4
2015,351,30.03,24.47,29.52,50.64,94.32,27.5
2016,351,46,47.1,37.8,64.5,99.9,41.9
2017,351,46.99,42.05,30.05,55.92,,32.4
2018,351,51.5,54,36.5,72,,39.7
2019,351,42.3,,34.2,62.6,86.6,37.8
2020,351,52.5,55.2,38.4,79.5,100,31.7
2021,351,25.8,19,18.9,33.2,60.5,22.1
2022,351,46.7,40.6,32.1,68.2,141,34.6
2023,351,41.7,31.7,30.3,51.2,,32.4
2024,351,56.3,51.4,38.5,77.5,81.7,38.8
2015,352,32.19,28.1,31.37,50.75,38.41,23.9
2016,352,51.1,62.6,41.7,68.1,67.6,42.5
2017,352,38.04,34.01,29.86,46.88,39.85,26.1
2018,352,45.7,42.5,38.3,62.3,60.5,38.5
2019,352,38.8,41.8,33.1,67.3,53.9,37.3
2020,352,55.3,63.4,44,64.2,97.7,47.3
2021,352,18.5,12.8,9.5,18.2,,16.1
2022,352,42.3,40.8,27.1,54.3,64.3,35.4
2023,352,46.7,34.4,35,52.3,47.3,40.2
2024,352,49.4,43.9,35.4,64.3,,41.8
2015,366,47.68,59.87,38.94,73.43,104.15,40
2016,366,46,31.5,29.9,69.7,118.8,27.7
2017,366,47.11,,33.66,68,98.43,45.4
2018,366,49.6,,38.2,70.6,104.1,43
2019,366,56.6,,43.4,84,125.8,45.1
2020,366,67.2,,45.3,81.5,125.9,38.1
2021,366,52.1,,35.2,70.5,80.8,37.1
2022,366,59.7,,44.9,83.6,115.4,52.1
2023,366,54.9,,48.6,84.6,103.4,50.7
2024,366,60.7,,38.1,79.1,114.2,38.8
2015,367,48.83,,43.38,78.49,113.8,45.1
2016,367,47,28.8,41.5,74.4,134.4,40.9
2017,367,56,,43.97,72.26,122.59,48.1
2018,367,55.8,,45.3,72.3,120.4,48.1
2019,367,61.8,,50.7,85,147.3,37
2020,367,65,,47.2,79.7,120.2,
2021,367,40.2,,30.2,51.6,70,21.6
2022,367,68.9,,52.7,79.9,100.1,
2023,367,67,,56.6,90.8,131.2,52.8
2024,367,69.6,,42.4,84.7,109.6,
2015,368,59.93,,41.38,72.54,99.43,45.2
2016,368,62.6,,44.5,75.1,116.6,45
2017,368,69.99,,44.07,81.65,126.26,50.9
2018,368,70,,44.1,75.2,120.6,40
2019,368,68.2,,51.6,92.4,139.7,39.8
2020,368,66.5,,48.5,86.3,136.9,43.4
2021,368,32.6,,23.4,33.6,50.6,22.1
2022,368,75.9,,55.1,94.1,142.9,47.9
2023,368,72.4,,58.3,96.9,132.8,
2024,368,75.2,,43.6,97.8,146.7,49.4
2015,369,54.48,,39.4,78.24,121.89,42.6
2016,369,60.4,65.5,44.3,84,121,44
2017,369,63.33,,49.57,86.27,124.95,56.9
2018,369,58.1,,49.6,82.6,111.5,49.7
2019,369,72.1,,51.5,92.2,143.7,39.5
2020,369,74.5,,50,91.2,135.5,48.8
2021,369,33.1,,24.5,44.1,60.5,28.8
2022,369,76.2,,56.5,98.9,148.7,60.2
2023,369,70.3,,55,86.5,129.6,52.3
2024,369,79.8,,45.3,103.4,149.4,48.8
2015,370,44.73,56.19,39.38,70.95,102.58,42.2
2016,370,44.5,54.6,43.8,79,102.4,43
2017,370,54.06,65,46.3,82.98,101.5,51.4
2018,370,45.9,50,38.9,75.2,88.5,41.8
2019,370,62.4,75.3,48.9,81.3,117.4,46.9
2020,370,59.7,64.8,44.3,80,115.8,45.3
2021,370,34.6,23.9,21.2,30.1,45.9,23.8
2022,370,63.1,88.1,55,99.7,140.5,51.6
2023,370,63.1,71.9,50.6,87.5,113.2,59.7
2024,370,59.8,68.7,38,88.4,137,54.2
2015,371,41.16,45.25,37.7,67.56,81.4,38.8
2016,371,45.1,45.6,39.2,70.2,101.7,41.5
2017,371,49.5,48.58,38.46,70.48,94.66,45.1
2018,371,49.5,46.5,38.5,70.5,87.4,31.5
2019,371,53.1,50,45,76,86.1,46.2
2020,371,55.8,58.3,38,75.6,88,42.6
2021,371,29.6,25,14.7,25.1,25.3,20.7
2022,371,60.2,56,44.9,81.8,95.8,50.8
2023,371,54.2,55,45.1,73.3,80.1,44.9
2024,371,59,61,36.7,82.4,95.8,46.4
2015,372,35.21,32.5,35.01,54.06,65.75,35
2016,372,45.5,37.4,39.6,71,110.4,44
2017,372,39.99,,36.99,59.42,73.75,40.9
2018,372,45.8,,37,58.6,70.1,40.9
2019,372,47.8,,40.7,65.3,82.9,43.1
2020,372,48.3,,35.1,65,76.3,41
2021,372,23.9,,15.2,20.2,34.5,16.3
2022,372,50.3,,35.3,64.2,72,44.9
2023,372,43.8,,34.3,55,,37
2024,372,52.9,,34.1,77,100.2,46.6
2015,373,38.76,49.9,40.92,65.36,88.79,35.2
2016,373,47.7,,39.1,79.2,71,41.7
2017,373,46.88,,30.76,67.18,69.01,38.3
2018,373,37,,29.3,49,69,33
2019,373,47.4,,46,54.6,,35.9
2020,373,52.9,,36.2,68.4,97,41
2021,373,22,,15.1,16.9,10.5,14.2
2022,373,42.7,,29.8,54.7,55.6,25.1
2023,373,46.6,,36.2,59.2,83.4,31.6
2024,373,53.1,,35.4,77,102.6,39.6
2015,376,32.44,34.18,35.03,58.08,44.69,32.6
2016,376,39.5,42.2,35.4,72.4,56.1,42.7
2017,376,42.07,,35.93,52.31,38.61,38.5
2018,376,50.5,,41.5,71.5,84,45.5
2019,376,42.3,,33.6,62.6,50.8,43.6
2020,376,54,,38.1,81.2,76,50.3
2021,376,17.5,,12.5,11.6,,12.5
2022,376,24.2,40,13.6,35.6,26.7,18.8
2023,376,27.9,20.8,21.6,42.2,9.3,25.1
2024,376,54.9,,35.6,82.9,68.7,40.9
2015,377,43.92,,42.17,56.84,57.4,36.3
2016,377,48.5,,48.4,81.9,65.8,56.4
2017,377,46.71,,40.92,63.63,50,50.5
2018,377,52.6,,40.9,88,,44
2019,377,57,,45.4,87.5,,39.6
2020,377,59.1,,46,78.9,80,46.1
2021,377,24.5,,18,22.6,20,17.3
2022,377,48,,25.2,44.4,30,23.9
2023,377,45.1,,32.9,63.9,,31.9
2024,377,61.4,,35.2,75.7,,41.9
2015,378,38.05,37.32,35.7,53.86,76.65,29.9
2016,378,45.3,,39.4,54.1,101.3,47.3
2017,378,40.51,,36.8,59.82,61.08,39.3
2018,378,40.5,,36.8,66,74,42.8
2019,378,48.8,,38,53.7,78.3,43.1
2020,378,49,,41.1,65.5,76.6,47.1
2021,378,33.6,,20.9,33,40,25.4
2022,378,45.1,,35.3,71.5,71.2,40.8
2023,378,42.2,,34.5,51.7,,39.7
2024,378,47.6,,34,72.9,66.7,36.6
2015,379,37.27,43.34,37.31,55.59,54.55,34.1
2016,379,51.2,49.9,46.1,77.8,68.6,46.6
2017,379,46.14,,38,73.79,90,46.6
2018,379,49.7,54,38,71.6,,46.4
2019,379,55.2,,45.6,74.9,100,46.7
2020,379,65.4,63.2,47.5,78.8,,39.5
2021,379,35,,22.5,45.5,46.8,25.9
2022,379,43.9,,35.2,66.1,95.7,33.2
2023,379,54.1,,38.6,75.2,,38.7
2024,379,55.2,,36.5,74.1,,37.7
2015,380,33.81,,39.62,65.03,,31.4
2016,380,52.8,,43.3,80.9,94.5,43
2017,380,53.72,,46.18,85.92,,49.6
2018,380,47.8,,46.2,75,,36
2019,380,63.3,,51.3,85.6,,46
2020,380,69.5,,49.4,89,137,40.1
2021,380,31.7,,23.1,33.1,,19
2022,380,45.2,,35,64.2,99.8,31.9
2023,380,48.1,,35.5,61.3,,35.5
2024,380,51.2,40.7,35.6,81,,39.9
2015,381,31.46,25.11,29.26,,66.78,28
2016,381,49.2,53.2,44.1,73,74.9,44.7
2017,381,53.06,,41.7,61.81,,39.1
2018,381,53.6,,41.7,82,,40.6
2019,381,60.6,,49.1,85.7,108.5,47.2
2020,381,62,,45.6,86.4,125.5,36.7
2021,381,34.5,,23.6,33.9,44.6,23.2
2022,381,42.4,,32.7,60.2,63.6,28.4
2023,381,45.9,,32,57.5,62,33.5
2024,381,54.7,,35,78.8,83.8,36.5
2015,382,39.28,19.33,32.29,51.29,70,38.9
2016,382,51.6,,42.3,70.5,70.9,46.1
2017,382,37.22,28.7,26.1,55.68,60,38.6
2018,382,45.7,,38.7,72,73.5,51
2019,382,48.1,,40.7,71.1,,46.6
2020,382,49.8,50,42.5,74.2,80.8,55
2021,382,25.3,21.6,19.1,19.7,30,18.7
2022,382,40.4,,30.3,55.2,64.2,35.2
2023,382,43.8,40,36.4,60.8,51.1,41.8
2024,382,48,44.2,36.7,60.9,76,46.6
2015,394,36.83,,36.33,54.63,67.81,23
2016,394,44.1,,33.7,40,95.4,27.5
2017,394,54.69,,37.59,69.56,112.31,20.2
2018,394,52.7,,34.5,89,100.1,
2019,394,58.9,,44.2,79.9,101.7,42.9
2020,394,59.2,,34.9,70.2,125.8,40
2021,394,54.4,,31.8,83,96.3,25.4
2022,394,59.2,,42.5,83.4,119.8,46.5
2023,394,46.6,,41.1,64.7,103.7,40
2024,394,54.3,,28.9,66.3,99.8,23.6
2015,395,42.91,,48.57,64.34,95.9,48.6
2016,395,40.9,,31.9,67.4,101,53.2
2017,395,55.16,,39.49,71.11,112.42,48.4
2018,395,55.2,,39.5,71.1,112.4,52
2019,395,55.8,,46.9,78.4,120,56.1
2020,395,56.8,,38.5,72.7,133.9,52.9
2021,395,51.1,,30.4,66.4,86.1,30.8
2022,395,59.5,,42.4,80.2,119.9,59.5
2023,395,63.4,,53.9,84,113.9,46
2024,395,61.3,,34.8,83.5,108.7,54.1
2015,397,48.49,,52.19,60.3,104.57,44.8
2016,397,43.3,,46.6,73.6,107.6,40.8
2017,397,45.7,,43.83,59.94,103.62,45.1
2018,397,50.3,,43.8,68,116,45
2019,397,57.6,,45.8,76,133.2,39.6
2020,397,60.3,,43.4,69.7,123.5,
2021,397,35.8,,26.1,47.5,52.6,20
2022,397,55.2,,43,74.9,111.4,45
2023,397,54.6,40,47,67.4,96.1,45
2024,397,57.4,,36.4,71.3,104.1,
2015,398,55.88,,56.69,77.41,110.8,52.4
2016,398,48.5,62.5,41.6,80,122.2,45.2
2017,398,61.51,,42.86,80.55,127.45,48.8
2018,398,61.5,,44.5,76,111.8,48
2019,398,64.3,,48.4,83.6,129.5,44.9
2020,398,60.9,,47,83.5,129.2,37.1
2021,398,33,,22.1,35.3,45.3,22.4
2022,398,68.1,,51.4,81.7,134.4,51.8
2023,398,64.6,,53.7,85.8,116.9,28.4
2024,398,69.1,,40.9,81.5,125.7,47
2015,399,52.18,,57.93,77.24,106.52,52.3
2016,399,51.4,38.1,46.9,78,93.3,40.1
2017,399,57.75,,48.22,73.95,111.04,56.7
2018,399,57.8,,48.2,66,106,48
2019,399,67.9,,51,87.5,151.2,40.8
2020,399,66.3,,45.9,81.8,124.7,46.3
2021,399,38.4,,24.7,40.8,59.9,30.5
2022,399,71.9,,50.4,92.4,143.7,61
2023,399,57.8,,51.8,79.9,102.6,46.8
2024,399,71.8,,42.7,94.6,138.5,49.2
2015,400,47.89,60.17,53.16,70.09,104.52,35.7
2016,400,50.1,52.9,44.2,70.5,111.4,51.9
2017,400,55.16,71.55,39.97,71.68,112.8,48.3
2018,400,48.6,52,40,71.7,102,42.9
2019,400,62.5,60.3,47.1,79.3,112,47.2
2020,400,55.7,66.4,42.5,79,105.8,46.8
2021,400,36.6,34.9,24,34.3,61.2,28.1
2022,400,67.3,71.7,49.4,83.8,127.3,58.5
2023,400,59.5,63.5,47.8,83.9,97.8,54.2
2024,400,68.5,70.8,43.1,89.3,139.1,52.6
2015,401,46.92,61.62,40.89,71.8,96.03,41.3
2016,401,46.2,50.6,40.6,77,113.5,57.1
2017,401,54.18,85.37,43.9,69.67,106.11,52.8
2018,401,53.8,58,43.4,68.2,95.2,50.1
2019,401,57.3,68.3,48.7,85.4,101.2,50.4
2020,401,59.9,74.7,43.7,82.8,97.8,46
2021,401,36.4,,21.6,34.7,57.6,25.2
2022,401,63.7,,47.6,88.1,128.4,48.7
2023,401,53.3,57.1,44.9,73,,40
2024,401,67.4,79.1,44.4,91.8,124.7,46.2
2015,402,40.26,,48.81,65.99,78.31,29
2016,402,43.6,,33.1,76.7,89.9,37.7
2017,402,48.2,,40.19,73.01,117.97,44.5
2018,402,45.6,,40.2,68.3,99,35
2019,402,48,,43,78.4,122,46.6
2020,402,49.3,,38.2,72.2,100.2,37.8
2021,402,29.1,,18.1,31.1,31.5,20.1
2022,402,49.6,,39.7,69.9,107.6,46.4
2023,402,45.8,,38.2,62.9,66.2,37.9
2024,402,51.4,,36.8,76.4,101.3,44.7
2015,403,49.79,,42.06,74.84,93.55,45.1
2016,403,49.8,,46.9,81.2,114.9,45.4
2017,403,53.06,,43.36,76.7,106.06,42.3
2018,403,53.6,,49.5,75.9,101.4,48.1
2019,403,56.7,,46.6,78.7,117.9,53.5
2020,403,63.7,,43.2,83.2,109.2,44.3
2021,403,24.2,,15,16.3,16.4,14.7
2022,403,52.5,,37.5,52.5,89.4,37.6
2023,403,59.8,,46.7,74,82.8,46
2024,403,58.1,,42.5,65,88.3,43.2
2015,404,59.26,,50.09,87.1,117.19,57
2016,404,56.1,,48.2,83.5,130.8,56
2017,404,56.87,,49.18,79.77,,42.1
2018,404,56.9,,49.2,82.4,,48.5
2019,404,58.3,,45.2,93.4,,51.2
2020,404,67.4,62.4,46.7,81.7,,46.8
2021,404,23.7,,14.4,13.6,,12.4
2022,404,48.6,,34.3,61.8,,38
2023,404,66.4,,46.3,78.6,,55.9
2024,404,61.7,,38.9,77,95.7,42.9
2015,405,44.19,,39.67,60.37,72.37,40.1
2016,405,48.8,48,41.2,71.7,76.3,50.6
2017,405,48.41,,43.32,61.12,66.88,37.9
2018,405,51.5,,43.3,66.4,77,45
2019,405,43.4,,34.3,68.1,97,39.3
2020,405,53.7,,40.6,68.6,82.2,44.8
2021,405,19.6,,14.8,15.8,6.7,9.5
2022,405,32.9,,24,38.6,45.1,19.1
2023,405,36.5,,32.1,46.9,41,28.3
2024,405,52.4,,35.8,66.4,63.3,46.1
2015,406,43.73,26.99,42.91,61.36,73.83,39.4
2016,406,47.6,28.6,42.4,69.2,74.3,44.7
2017,406,41.18,,37.69,59.08,76.37,37.4
2018,406,41.2,,37.7,59.1,69.2,35.7
2019,406,48.7,,41.6,74.7,91.4,43.2
2020,406,60,,44.3,74.9,106.9,44.8
2021,406,19,,14.1,13.8,24.3,13.7
2022,406,32.3,,25.3,32.9,45.8,24.9
2023,406,40.4,,30.8,48.2,54.1,26.3
2024,406,43.6,,32.3,54.3,,34.6
2015,409,42.55,36.03,41.67,63.44,94.9,34.7
2016,409,55.1,61.1,47,71.8,112.1,43.8
2017,409,51.62,,43.98,68.28,75,38.3
2018,409,51.1,,44,67,101,44.8
2019,409,61.8,,51.2,88.1,119.7,46.2
2020,409,62.3,,48.1,81.2,118.9,37.8
2021,409,36.2,,28,41.8,42.5,25.1
2022,409,52.9,,37,66.9,90.1,33.5
2023,409,59.3,,39.7,71.3,84.7,39.1
2024,409,58.7,,38,69.3,94.1,38.6
2015,410,49.15,,43.48,66,54.18,44.1
2016,410,60.5,,45.7,77.7,95,51.6
2017,410,60.3,,46,45.47,,52.2
2018,410,54,,46,74,,49.2
2019,410,68.4,,51.8,67,,52.2
2020,410,66.3,,51.4,75.6,137,43.5
2021,410,34,,27.3,33.3,,23
2022,410,46.1,,42.4,61.4,68.1,34.5
2023,410,55.3,,42.1,62.3,67.4,39.1
2024,410,34,,33,56.5,66.2,45.8
2015,411,44.1,,38.75,53.07,60.98,40.3
2016,411,51.2,,48.5,72.4,89.5,50
2017,411,52.36,,40.94,69.15,83.97,49.3
2018,411,52.4,,43.5,65.3,88.7,49.3
2019,411,55,,49.2,85.1,89.5,50.6
2020,411,59.2,,45.1,84.3,84.7,48.5
2021,411,27.5,,28.8,34.1,30.9,21.7
2022,411,40,,33.2,53.3,68.2,30.6
2023,411,39.7,,32.8,61.9,39,36.5
2024,411,41.4,,29.9,58.2,60.9,36.6
2015,426,46.13,,37.5,65.16,99.71,27.2
2016,426,53.2,,37.8,70,127.2,40.8
2017,426,58.73,,45.2,56.83,113.68,49.4
2018,426,62.9,,49.1,65.4,115.3,41
2019,426,64.9,,49.4,81.1,132.2,49.8
2020,426,63.5,,43.8,75.2,132.3,37
2021,426,41.8,,26.6,52.6,67.7,
2022,426,61.7,,48.1,80.4,106.3,47.7
2023,426,56.3,,49.7,73,97.7,35.5
2024,426,58.4,,38,79.4,116.6,33.7
2015,427,51.4,,40.37,70.92,120.44,46.1
2016,427,51.5,,45.1,68.6,128.7,47
2017,427,56.12,,42.48,73.84,118.56,48.5
2018,427,65.4,,52.6,93.9,135.4,56.8
2019,427,64.9,,48.9,96.2,145,54.7
2020,427,69.7,,51.1,91,140.7,38.2
2021,427,40.5,,22.8,50.7,62.4,30.4
2022,427,59.5,,46.7,92,117.9,51.8
2023,427,55.2,,47.7,74,88.8,45.3
2024,427,66.9,,43.3,91.1,119.2,51.8
2015,428,48.24,,43.37,70.5,116.39,42.8
2016,428,48.6,,43,73.7,118.2,45.2
2017,428,58.05,,42.69,71.36,121.08,45.7
2018,428,58,,46.6,77,122,51.6
2019,428,59.1,,43.9,86.8,129.1,43.8
2020,428,56.7,,40.4,78.4,118.5,36.8
2021,428,35,,21.8,44.9,57.4,26.7
2022,428,60.5,,45.9,82.3,122,49.6
2023,428,51.9,,45.6,70,99,42.7
2024,428,54.8,,38.2,80.1,123,42.7
2015,429,51.29,,39.92,66.25,106.82,40.4
2016,429,47.4,,42.1,78.9,116.3,45
2017,429,51.96,,39.42,76.6,121.99,48.7
2018,429,52,,47.1,83.4,121.6,56
2019,429,57.5,,44,85.7,121.5,49.4
2020,429,56.3,,42.1,80.9,120.9,50.4
2021,429,35.6,,18.1,34.1,63.1,20.4
2022,429,60.9,,43.6,86.6,121.9,52.6
2023,429,51.1,,41.4,69.3,88.1,42.5
2024,429,60.4,,44.3,83.5,115.9,55.5
2015,430,43.29,,40.53,60.38,98.6,35.7
2016,430,46.5,51.2,40.7,76.1,119.1,50.4
2017,430,48.49,,40.81,72.53,123.86,48.1
2018,430,48.5,,38.2,70.9,110.8,44.8
2019,430,57.8,,46.9,89.6,126.5,42.7
2020,430,57.3,,41.2,77.1,119.2,43.3
2021,430,34.8,,23.6,43.8,53.9,21.6
2022,430,64.1,82.9,46.1,86.8,132.1,49.9
2023,430,54.9,,45.2,73.3,98.9,46.8
2024,430,56.9,,37.8,81.7,111.6,60.2
2015,431,46.05,,44.08,58.73,113.95,46.4
2016,431,43.9,34.2,44.4,73.8,92.8,52.8
2017,431,54.4,,51.42,75.89,110.69,54
2018,431,53.3,,51.4,71.1,109.6,48.2
2019,431,57.9,60.6,50.1,86.2,125.1,49.3
2020,431,61.8,,46.6,82.1,105.7,48.4
2021,431,42.2,,27.1,44.5,57.6,31.9
2022,431,68.9,,48.7,84.5,134.6,58.1
2023,431,52.5,,46.1,69.1,72.1,42.1
2024,431,60.6,,42.4,83.2,105.1,47.1
2015,434,45.38,,41.77,61.9,78.86,24
2016,434,52.9,,51.3,87,117.2,54
2017,434,51.38,,47.14,81.29,94.32,53.4
2018,434,50.1,,48,64.4,72.4,54
2019,434,59.5,,52.2,71.5,96.8,57.7
2020,434,68.7,,49.8,72.8,102.8,52.7
2021,434,30.2,,21.2,31.1,27.3,23.7
2022,434,58.7,,46.7,63.5,151.1,37.3
2023,434,64.2,,50.4,62.4,85.6,42.4
2024,434,46.2,,34,57.2,84,32.1
2015,435,42.83,,32.93,59.6,84.81,39.8
2016,435,46.5,,42.5,71.4,82,46.6
2017,435,45.76,,39.01,71.02,79.63,43.1
2018,435,45.8,,42,71,84,45.1
2019,435,49.2,,42.4,74.8,114.3,42.8
2020,435,52.9,,42.8,74.7,95.1,46.7
2021,435,24.5,,16.9,29.2,35.5,20
2022,435,41.4,,32.2,61,70.3,36.3
2023,435,50.1,,39.7,59.9,81.9,45.7
2024,435,48.6,,30.2,48.2,82.3,40.3
2015,436,44.34,49.56,39.06,65.68,93.94,43.5
2016,436,46.1,,41.9,71.1,111.5,46.4
2017,436,48.97,,34.51,63.67,86.82,47.1
2018,436,49,,34.5,72.8,108.5,43.1
2019,436,47,,41.6,74.7,121.9,49.9
2020,436,55.3,,40.6,81.3,113.5,36
2021,436,16.8,,15.2,12,26.8,14
2022,436,47.8,,35,63.6,83.2,37.2
2023,436,42.7,,31.7,54.1,53.9,33.3
2024,436,42.7,,29.9,72.8,60.8,33.2
2015,437,45.73,,42.02,57.47,74.21,35.3
2016,437,50.3,,43.7,67.4,110.7,46.1
2017,437,49.94,,41.25,70.74,134.94,45.5
2018,437,47.2,,42.3,66,,49.6
2019,437,58.1,,45,69.7,,37.3
2020,437,57.5,,47.1,79.6,59.1,39.3
2021,437,26.2,,17.6,32.2,25.2,24.2
2022,437,51,,40.7,67.6,97.9,39.9
2023,437,49.2,,32.3,78,80,37
2024,437,49.2,,34.7,74.8,77,34.5
2015,438,33.87,,37.83,55.61,71.16,31.1
2016,438,45.7,,44.5,76.3,81.3,44
2017,438,48.2,,37.1,64.23,92.04,37.5
2018,438,48.2,,43.4,70.4,103.5,41.8
2019,438,65.1,,47.2,88.6,138.3,43.4
2020,438,67.3,,46.9,84,165.1,47
2021,438,39.4,,24.3,32.5,46.2,21.6
2022,438,56.6,,43.6,84,110.4,47.9
2023,438,61.3,,40.8,82,75.5,51.6
2024,438,50.3,,33.4,60.7,109.7,40.5
2015,439,46.64,,46.22,65.13,63.06,41
2016,439,60,,48.9,,,54.1
2017,439,65.64,,47.81,76.33,,48.6
2018,439,65.6,,49.1,93,,48.6
2019,439,72.1,,55.6,86.6,164.1,59.1
2020,439,72.8,,53.4,96.3,125.9,55.8
2021,439,32.3,,21.7,29.1,32.6,16.7
2022,439,54,,43.1,65.9,63.2,42.7
2023,439,61.8,,48.7,76.6,49,51.3
2024,439,43.9,,29.9,54.7,58.6,39.8
2015,440,45.55,,47.42,65.47,59.97,43.5
2016,440,58.9,,47.6,83.5,82.6,50.1
2017,440,62.29,,46.33,71.64,82.44,48.6
2018,440,62.3,,46.3,68,,52.7
2019,440,62,,47.1,81.8,,38.7
2020,440,57.5,,48.8,82.4,105,41.3
2021,440,25.4,,26.1,35,,24
2022,440,62.7,,45.5,74.1,100,42
2023,440,50.4,,42.1,67.2,,42.7
2024,440,37.6,,29.1,36,53.9,36.8
2015,442,46.9,,40.09,57.33,87.99,41
2016,442,52.1,,45.6,59.8,104.9,47.1
2017,442,60.73,,46.17,66.84,90.45,53.5
2018,442,60.7,,46.2,67.5,86,45
2019,442,59.3,,46.8,84.3,92.2,33.6
2020,442,56.2,,41.9,76.5,90.1,38.7
2021,442,45,,30.9,56.2,50.3,26.1
2022,442,59.3,,47,71.1,115.7,41.6
2023,442,54.8,,43.1,61.1,79.8,64
2024,442,39.2,,29.5,44.1,57.1,39.7
2015,456,46.31,,42.17,65.68,108.54,41.2
2016,456,46.4,,35.9,59.2,103.9,34.1
2017,456,55.28,,34.75,61.91,105.22,46.7
2018,456,53.7,,42,71.9,108.8,43.3
2019,456,54.6,,54.5,67.1,104.7,53.6
2020,456,48.8,,32.3,74.9,104.9,36.4
2021,456,46.1,,23.5,59.8,58.8,37
2022,456,58.5,,43.5,85.4,120.6,37.3
2023,456,46.5,,39.8,64.2,84.9,36.1
2024,456,63.3,,37.3,75.9,108.9,39.3
2015,457,47.39,,37.91,71.95,104.97,39.5
2016,457,46.9,,35.3,66.3,107.2,32.1
2017,457,47.92,,36.58,61.57,101.49,39.9
2018,457,47.9,,41.2,68.7,111.6,39.8
2019,457,51.6,,47.9,77.6,113.5,51.7
2020,457,52.1,,32.2,78.5,124.3,37.5
2021,457,47,,25.7,58.3,76.3,30.3
2022,457,59.6,,47.3,82.6,119.8,48.3
2023,457,49.5,,44.3,70.8,89.5,33.5
2024,457,61.9,,40.8,90.7,112.4,51.6
2015,458,44.86,34.95,38.6,71.43,106.67,45
2016,458,50.3,,40.8,70.6,115.4,42.8
2017,458,54.91,,40.43,78.37,120.86,53.1
2018,458,55.6,,46.7,82.7,120.3,57
2019,458,66,,50,93,138.7,52.5
2020,458,59.7,,37.4,71.7,129.8,50
2021,458,47.9,,28,57,70.4,33.5
2022,458,69.8,,51.8,78.9,135.8,55.6
2023,458,51.7,,51.5,67.3,93.6,44.2
2024,458,71.1,,43.7,92.1,129.6,57.4
2015,459,46.6,,42.06,62.55,91.03,46.6
2016,459,49.4,,44,75.3,112.5,50.2
2017,459,44.19,,41.1,80.16,120.76,53.4
2018,459,50.1,,45.5,86.9,124.6,57.7
2019,459,63.8,,47,90.4,138.3,49.2
2020,459,51.7,,37.1,83.4,109.7,53.3
2021,459,33.4,,20.9,40.9,53.6,25.3
2022,459,61.8,,46.6,93.6,114.8,55
2023,459,55.1,,45.3,75.5,85,44.8
2024,459,68,,41,86.1,121,52.7
2015,460,39.43,,35.05,64.3,93.29,39.5
2016,460,47.4,,43.4,73.6,126.6,59.1
2017,460,53.95,,41.66,70.39,106.55,59.4
2018,460,50.1,,41.7,76.7,115.3,59.3
2019,460,52.9,,46.2,81.3,115.4,45.9
2020,460,52.9,,40.1,74.5,107.6,45.7
2021,460,38.5,,23.8,48.5,45.9,26.5
2022,460,67.3,,47.5,91.1,131.8,59.6
2023,460,56.6,,46,70.8,89.3,50.1
2024,460,58.5,,35.7,88,119.1,52.4
2015,461,36.61,,37.2,59.85,99.07,31.4
2016,461,42,,40.3,71.7,96.3,50.1
2017,461,43.65,,38.24,62.3,93.49,43.5
2018,461,43.7,,38.2,71,97.5,38
2019,461,51.1,,45.2,78.5,112.5,37.2
2020,461,49.7,,41.1,70.4,107.6,39.8
2021,461,36.1,,23.2,45.2,61.9,38
2022,461,59.5,,46.5,82,116.2,57.4
2023,461,51,,49.9,75.5,92.8,53.3
2024,461,62.6,,40.6,76.9,107.8,52.9
2015,463,46.09,,46.63,70.16,99.92,52
2016,463,47.7,,47,76.5,102.2,48.5
2017,463,51.4,,43.41,72.21,83.2,43.7
2018,463,45.5,,43.1,63.5,84.5,34
2019,463,46.6,,47.3,72.9,95.3,51.4
2020,463,50.5,,44.1,82.5,97.3,45.6
2021,463,25.7,,27,29.3,27.4,24.2
2022,463,52,,47.5,93.9,134,40
2023,463,46.7,,42.6,63.5,76.3,33.7
2024,463,45.7,,37.5,62.9,76.1,44.9
2015,464,44.74,,44.56,63.24,89.79,25.9
2016,464,55.2,,50.4,80.8,155.2,55.4
2017,464,54.2,,45.2,80.21,107.84,67.2
2018,464,45.6,,45.4,66,90.7,43
2019,464,64.3,,54.4,73.3,132.3,49.8
2020,464,73.8,,47.3,64.7,122,46.6
2021,464,36.2,,27.9,33.1,38.2,24.4
2022,464,70.5,,52.4,80.7,150.3,68.9
2023,464,72.2,,56.5,88.6,116.3,44.5
2024,464,56.3,,37.4,59.9,80.6,33.7
2015,466,47.09,,40.55,67.39,80.49,34.8
2016,466,49.9,,45.9,78,81.8,48
2017,466,54.75,,42.37,77.8,97.65,45.3
2018,466,50.1,,42.4,77.9,90,43.3
2019,466,39.2,,31.2,69,99.9,26.8
2020,466,51.4,,37.9,75.4,109.5,40.2
2021,466,24.4,,16.9,33,43.1,15.2
2022,466,53.2,,37.5,77.4,99.2,36.3
2023,466,52.3,,41.4,80.4,69.8,42.2
2024,466,50.8,,31.3,75.2,90.9,39.4
2015,467,44.85,,43.08,69.51,67.52,37.3
2016,467,46.4,,45.4,71.9,97.5,48.5
2017,467,48.04,,37.1,67.74,90.52,45.4
2018,467,44.5,,37.1,67.7,80,38.8
2019,467,42.4,,34.5,67.6,72,25.7
2020,467,44.7,,34.7,63.3,89.9,29.2
2021,467,20.8,,15.2,25.8,15.8,11.2
2022,467,60.9,,43.6,85.3,106.1,46.7
2023,467,40.5,,35.6,69.9,80,32.2
2024,467,40.2,,26.9,71.2,88.4,35.9
2015,468,46.39,,44.31,62.57,77.43,32.4
2016,468,57.7,,44.4,70.1,105.4,43
2017,468,52.77,,41.1,73.55,84.93,42.6
2018,468,53.8,,44.3,79,90,39.9
2019,468,60,,48.5,74.4,125.1,41.2
2020,468,60.9,,46.7,74.6,105.5,34.5
2021,468,30.8,,22.8,35.5,47.6,16.9
2022,468,62.3,,48.5,80.1,110.1,44.8
2023,468,63.8,,45.2,77.3,112.8,34.9
2024,468,47,,35.5,55.2,79.1,38.5
2015,469,43.46,,41.45,46.84,64.3,25.6
2016,469,56.6,,46.5,72.1,64.9,46.4
2017,469,58.19,,46.31,,,49
2018,469,61,,49,,,35
2019,469,65.3,,51.7,96.1,,39.3
2020,469,60.6,,46.8,99.8,134.9,51.4
2021,469,31.6,,21.7,25.8,31.5,25.9
2022,469,63.5,,45.6,71.3,124.4,31.2
2023,469,62.4,,49.3,60.4,90.2,
2024,469,42.4,,30.1,45.9,87.4,45.9
2015,470,50.21,,51.87,58.16,83.36,47.8
2016,470,56.1,,50.5,89.5,106.7,53.7
2017,470,,,,,,
2018,470,,,,,,
2019,470,,,,,,
2020,470,,,,,,
2021,470,,,,,,
2022,470,,,,,,
2023,470,,,,,,
2024,470,43.2,,35.6,66.2,,38.8
2015,471,49.11,45.42,44.42,68.19,87.25,40.9
2016,471,62.7,55.6,42.3,68.1,106.1,46.6
2017,471,57.66,,39.3,63.77,114.23,41
2018,471,60.5,,42,73,117,48
2019,471,69.4,,46.5,84.6,148.6,43.3
2020,471,64.5,,45.1,73.5,100.3,54.2
2021,471,39.5,,26.7,60.2,28.7,33.7
2022,471,68.1,,48.3,80.5,86.8,55.5
2023,471,65.3,,46.8,84.1,110.7,48.5
2024,471,39.9,,30,58.6,52.6,39.6
2015,472,44.28,,40.77,59.12,85.65,43.9
2016,472,60.6,,46.1,77,92.8,56.1
2017,472,66.46,,44.03,60.73,,51.5
2018,472,63.2,,44,59.7,,51.5
2019,472,59.4,,43.5,87.1,123.6,32.6
2020,472,60.6,,44.2,76.6,105,51.8
2021,472,46,,31.4,54.5,85.5,28.7
2022,472,67.8,,46.8,86,126.9,48.7
2023,472,65.5,,46.7,83.2,,51.1
2024,472,44.2,,32.1,59.3,,40.1
2015,486,45.99,,40.51,67.85,107.27,46.4
2016,486,37.7,,28.8,54,83.4,24.5
2017,486,48.43,,29.91,56.94,113.8,39.5
2018,486,55.3,,37.5,66,119.6,47
2019,486,62.9,,47.2,82.3,134.2,47.6
2020,486,44.9,,26.8,66.7,110.4,30.3
2021,486,50.4,,28,63.5,86.9,39.6
2022,486,64,,48,88.9,128.8,49.3
2023,486,57.5,,51.8,81.7,106.4,46.1
2024,486,52.4,,34.2,75.9,99.2,31.2
2015,487,44.9,,38.22,72.38,95.3,37.9
2016,487,44.1,,42,63.5,105.6,38.2
2017,487,53.5,,39.18,68.18,94.36,45.1
2018,487,54.4,,44.7,77.2,104.1,45.2
2019,487,58.8,,48.1,81,139.5,39.4
2020,487,57.5,,39,81,113.6,35.7
2021,487,48.1,,35.4,74.9,87.5,36.4
2022,487,60.6,,48.5,83,120.1,43.9
2023,487,56.2,,50.2,79.1,110.1,41.8
2024,487,64.8,,42.5,84.4,123.1,42.6
2015,488,47,,37.89,64.76,106.96,37.3
2016,488,42,,40.9,58.4,114.3,29.4
2017,488,47.32,,32.67,62.11,109.85,41
2018,488,50.8,,40.8,68.4,102.8,44.5
2019,488,49.1,,44.1,76.2,126.5,34.7
2020,488,55.6,,38.5,77.8,124.2,39.6
2021,488,40.6,,30.2,56.6,71.8,26.8
2022,488,59.5,,41.9,79.2,116.2,38.3
2023,488,53.4,,49.6,68.3,104,43.6
2024,488,58.7,,37.2,84.5,127.6,36.2
2015,490,38.27,,36.71,55.68,95.51,28.5
2016,490,46.5,,39,61.7,109.2,39.8
2017,490,54.79,,35.66,69.29,131.24,44.4
2018,490,53.5,,37.8,72,114,48
2019,490,55.9,,48.1,78.5,141.6,55.5
2020,490,53.2,,35.7,73.2,128.3,43.1
2021,490,46.4,,31.7,65.5,72.2,36.6
2022,490,58.6,,48.3,74.9,129.3,48.4
2023,490,62.6,,55.3,75.4,124.6,52.7
2024,490,55.8,,37.8,76.9,133.4,46.9
2015,491,47.53,,34.47,46.93,89.5,30.8
2016,491,49.6,,40.4,64.5,109.4,42.9
2017,491,53.09,,37.26,56.93,109.14,38.2
2018,491,50.2,,40.6,73.7,100.1,37
2019,491,56.5,,50.5,82.1,103.6,45.1
2020,491,54.6,,44.8,79.1,100.6,42.2
2021,491,43,,31.5,64.6,73.2,26.6
2022,491,63.1,,47.7,77,106.2,37.7
2023,491,68,,51.3,77.5,93.4,38.4
2024,491,56.7,,37.6,55.7,84.3,43
2015,493,47.67,,46.81,64.17,114.12,45.5
2016,493,51.7,,47.8,79.7,114.3,47.8
2017,493,56.95,,47.95,78.2,122.43,46.1
2018,493,57,,47.9,81.1,110,45.8
2019,493,64.6,,53.7,90.2,155.8,48.7
2020,493,65.8,,47.7,90.1,142.4,49.3
2021,493,49.9,,35.5,69.6,90.5,25.3
2022,493,69.1,,54.6,98.1,156.3,
2023,493,68.3,,56,96.1,139.6,65
2024,493,60.8,,45.9,79.2,124.4,40
2015,494,42.55,51.88,43.03,56.84,99.78,42.7
2016,494,46.9,47.2,41.2,70.4,108,44.3
2017,494,56.53,,44.65,79.61,103,50.1
2018,494,50.8,,44.6,75.3,90.1,41.6
2019,494,63,,50,90.4,127,45.8
2020,494,59.7,,41.4,79.3,128.1,42.3
2021,494,47,,33.1,58.2,68.7,33.6
2022,494,65,,49.5,85.6,130.8,47.7
2023,494,73,,53.6,97.2,125,60
2024,494,58.4,,36.3,68.8,110.5,43.6
2015,496,55.57,,46.62,68.81,88.66,36.2
2016,496,58,,50.1,75,108.8,53.9
2017,496,57.82,,43.4,71.94,123.61,43.3
2018,496,54.5,,43.8,73,119.5,39
2019,496,67.3,,49.4,80.7,141.4,36.3
2020,496,64,,33.4,62.9,130.7,31.2
2021,496,46.7,,30.8,49.1,76.1,28.7
2022,496,61.9,,39.8,63.8,123.2,31.6
2023,496,70.9,,51.8,88.6,153.4,51
2024,496,63.4,,29.1,69.7,130.8,35.9
2015,497,44.66,,41.78,64.37,112.21,38.6
2016,497,59.9,,48.2,78.5,101.4,45.5
2017,497,52.92,,43.46,67.55,93.51,41.9
2018,497,56.5,,43.5,83.8,107,46.9
2019,497,61.1,,39.1,77.2,,32.8
2020,497,67,,38.3,76.8,118,37.2
2021,497,29.1,,20.9,34.9,39.8,15.1
2022,497,56.1,,42.3,73.1,134.7,26.2
2023,497,65.1,,50.4,88.6,142.3,44.6
2024,497,54.3,,31,70.3,117.5,34.6
2015,498,48.78,,41.73,68.43,115.11,41.4
2016,498,,,45.5,76.5,118.9,39.6
2017,498,67.85,,40.07,72.68,121.95,48.6
2018,498,67.8,,41.6,78.7,109,44.9
2019,498,63.7,,45.4,72,90.9,37.9
2020,498,57.3,,43.2,68.5,102.4,40.2
2021,498,26.2,,19.9,33.2,32.7,12
2022,498,61.4,,45.1,79.4,151.5,43.4
2023,498,62.3,,45.6,73.7,115.1,40.3
2024,498,46.7,,31.5,62.2,80.4,26.8
2015,499,47.99,,40.27,59.7,96.3,42.7
2016,499,59.5,,49.4,68.7,104.4,53.6
2017,499,58.84,,46.39,74.15,105.46,52.4
2018,499,63.6,,50.4,81.6,110.9,55.5
2019,499,69.9,,50.5,92.2,122,43.5
2020,499,56.8,,40.6,81.4,127.7,36.9
2021,499,36.6,,26,59.5,51.1,29.4
2022,499,72.1,,50.8,78.4,133.1,45.9
2023,499,69.1,,49.9,81.9,103.2,51.9
2024,499,45.5,,33.4,68.5,84,30.2
2015,501,40.12,,43.66,60.93,67.18,35.7
2016,501,55.1,,46.6,62.1,96.5,53.1
2017,501,54.22,,45.72,67.15,91.3,49.9
2018,501,55.8,,46.2,80,97.6,44
2019,501,64,,51.8,91.1,,44.1
2020,501,56.7,,42.7,74.4,136.7,42.5
2021,501,35,,25.6,36.6,44.1,24.4
2022,501,68.5,,44.9,75.7,117.8,43.4
2023,501,55.2,,48.4,72.7,81.5,44.5
2024,501,39.6,,29.5,40.9,60.8,30.9
2015,502,34.49,,43.49,58,96.47,26.5
2016,502,54.7,,45.5,66,116.9,45.3
2017,502,56.51,,45.07,65.89,97.69,39.7
2018,502,56.5,,45.1,68.4,121.6,59
2019,502,64.4,,47.5,77.5,138.8,
2020,502,56.3,,42,69.9,141.2,
2021,502,35.7,,24.2,83.1,52.1,
2022,502,64.2,,43.3,77.7,123.4,62.4
2023,502,65,,42.2,76,108.6,26.1
2024,502,38.8,,27.7,56,60.3,33.2
2015,520,42.79,,40.62,58.1,106.61,34.2
2016,520,47.9,,48,61.8,115.5,40.8
2017,520,52.99,,39.03,71.55,113.23,45
2018,520,53,,42,81,107,45
2019,520,57.5,,48.1,79.2,,50.1
2020,520,51.3,,39.2,77.9,135.8,44.8
2021,520,46.9,,36.6,92.1,84.8,37.8
2022,520,60.8,,47.9,88,118.9,54.2
2023,520,72,,51.1,58.7,133.7,65.2
2024,520,56.9,,35.3,72.3,144.4,42.4
2015,555,42.8,,45.8,51.65,69.45,
2016,555,54.8,,46.8,,83.3,
2017,555,,,43.06,,118.51,
2018,555,55,,44,,74,
2019,555,,,50.4,,81.8,
2020,555,,,31.3,,109.6,
2021,555,54.1,,36.9,,52.4,
2022,555,68.9,,39.9,,87.4,
2023,555,72.2,,54.2,,98.2,
2024,555,56.9,,30.9,,,
2015,561,31.71,,41.32,57.14,62.56,20.4
2016,561,60.2,,47.9,73.9,95.6,54.3
2017,561,61.46,,43,43.23,92.9,28.9
2018,561,58.4,,50.3,68.5,89.5,47
2019,561,64.3,,48.8,87.3,94.1,41.3
2020,561,50.1,,33.8,51.4,78.6,43.4
2021,561,47.6,,26.8,71.5,50.5,24.1
2022,561,48.2,,28.2,66,101.4,21.5
2023,561,65.9,,50.8,99,113.7,59.9
2024,561,59.5,,33.5,,81.5,30
2015,588,41.73,,41.7,61.59,95.01,39.4
2016,588,52.9,,46,66.8,95.1,52.6
2017,588,47.91,,34.06,52.1,87.72,32.3
2018,588,52.8,,43.7,71.7,87.7,35.3
2019,588,63.3,,48.1,83.3,98,36.1
2020,588,55.6,,27.5,67.4,69.3,34
2021,588,46.1,,30.2,65.9,50.1,30.1
2022,588,59.8,,35.9,92.6,106.1,48.4
2023,588,70.9,,46.6,96.1,117.1,54.1
2024,588,52.8,,28.8,50.6,89.4,35.7
2015,622,51.84,,46.3,59.39,93.61,37.7
2016,622,67.4,,48.6,73.2,120.9,45.3
2017,622,59.49,,43.06,,93.01,43.6
2018,622,59.5,,39.3,54,96.4,43
2019,622,63.9,,46.1,73.9,106,33.7
2020,622,55.1,,40.9,74.3,94.5,49.2
2021,622,17,,23.9,23.3,25.8,
2022,622,66.8,,44.4,76.9,93,
2023,622,69.8,,45.9,74.8,121.3,
2024,622,48.2,,34.1,46.9,73.2,
