{"type":"FeatureCollection","features":[{"type":"Feature","geometry":{"type":"Polygon","coordinates":[[[-108.469,51.62],[-108.535,51.62],[-108.535,51.358],[-108.113,51.358],[-108.113,51.62],[-108.469,51.62]]]},"properties":{"RMNO":"288","RMNM":"PLEASANT VALLEY"}},{"type":"Feature","geometry":{"type":"Polygon","coordinates":[[[-107.87,50.693],[-107.907,50.691],[-107.974,50.655],[-108.008,50.655],[-108.027,50.664],[-108.025,50.674],[-108.082,50.681],[-108.082,50.572],[-108.067,50.572],[-108.067,50.397],[-107.655,50.397],[-107.655,50.499],[-107.666,50.499],[-107.666,50.514],[-107.689,50.521],[-107.689,50.536],[-107.7,50.536],[-107.701,50.572],[-107.713,50.572],[-107.713,50.594],[-107.724,50.594],[-107.724,50.616],[-107.736,50.616],[-107.736,50.645],[-107.748,50.653],[-107.749,50.671],[-107.804,50.688],[-107.87,50.693]]]},"properties":{"RMNO":"167","RMNM":"SASKATCHEWAN LANDING"}},{"type":"Feature","geometry":{"type":"Polygon","coordinates":[[[-107.224,49.524],[-107.621,49.524],[-107.621,49.262],[-107.217,49.262],[-107.218,49.524],[-107.224,49.524]]]},"properties":{"RMNO":"046","RMNM":"GLEN MCPHERSON"}},{"type":"Feature","geometry":{"type":"Polygon","coordinates":[[[-106.817,49.785],[-107.224,49.786],[-107.224,49.524],[-106.817,49.524],[-106.817,49.785]]]},"properties":{"RMNO":"075","RMNM":"PINTO CREEK"}},{"type":"Feature","geometry":{"type":"Polygon","coordinates":[[[-106.562,50.048],[-106.824,50.048],[-106.817,49.785],[-106.411,49.785],[-106.414,50.048],[-106.562,50.048]]]},"properties":{"RMNO":"104","RMNM":"GRAVELBOURG"}},{"type":"Feature","geometry":{"type":"Polygon","coordinates":[[[-106.005,50.048],[-106.414,50.048],[-106.411,49.785],[-106.005,49.786],[-106.005,50.048]]]},"properties":{"RMNO":"103","RMNM":"SUTTON"}},{"type":"Feature","geometry":{"type":"Polygon","coordinates":[[[-106.739,50.31],[-106.83,50.31],[-106.824,50.048],[-106.414,50.048],[-106.417,50.252],[-106.486,50.252],[-106.486,50.266],[-106.509,50.266],[-106.509,50.281],[-106.532,50.281],[-106.532,50.295],[-106.555,50.295],[-106.555,50.31],[-106.739,50.31]]]},"properties":{"RMNO":"134","RMNM":"SHAMROCK"}},{"type":"Feature","geometry":{"type":"Polygon","coordinates":[[[-106.828,50.572],[-106.83,50.31],[-106.555,50.31],[-106.555,50.295],[-106.532,50.295],[-106.532,50.281],[-106.509,50.281],[-106.509,50.266],[-106.486,50.266],[-106.486,50.252],[-106.417,50.252],[-106.417,50.572],[-106.828,50.572]]]},"properties":{"RMNO":"164","RMNM":"CHAPLIN"}},{"type":"Feature","geometry":{"type":"Polygon","coordinates":[[[-106.976,50.827],[-106.991,50.815],[-106.991,50.799],[-107.003,50.794],[-106.993,50.793],[-106.999,50.784],[-107.049,50.756],[-107.102,50.753],[-107.123,50.768],[-107.123,50.763],[-107.135,50.766],[-107.136,50.772],[-107.156,50.773],[-107.161,50.784],[-107.166,50.778],[-107.18,50.785],[-107.228,50.782],[-107.179,50.774],[-107.216,50.769],[-107.251,50.745],[-107.251,50.572],[-107.242,50.572],[-107.242,50.31],[-106.83,50.31],[-106.836,50.659],[-106.974,50.659],[-106.976,50.827]]]},"properties":{"RMNO":"165","RMNM":"MORSE"}},{"type":"Feature","geometry":{"type":"Polygon","coordinates":[[[-107.194,50.31],[-107.242,50.31],[-107.242,50.222],[-107.234,50.222],[-107.234,50.048],[-106.824,50.048],[-106.83,50.31],[-107.194,50.31]]]},"properties":{"RMNO":"135","RMNM":"LAWTONIA"}},{"type":"Feature","geometry":{"type":"Polygon","coordinates":[[[-106.824,50.048],[-107.234,50.048],[-107.234,49.873],[-107.224,49.873],[-107.224,49.786],[-106.817,49.785],[-106.824,50.048]]]},"properties":{"RMNO":"105","RMNM":"GLEN BAIN"}},{"type":"Feature","geometry":{"type":"Polygon","coordinates":[[[-107.599,51.881],[-107.705,51.882],[-107.705,51.62],[-107.28,51.62],[-107.28,51.845],[-107.291,51.845],[-107.291,51.852],[-107.28,51.852],[-107.28,51.882],[-107.599,51.881]]]},"properties":{"RMNO":"316","RMNM":"HARRIS"}},{"type":"Feature","geometry":{"type":"Polygon","coordinates":[[[-106.528,51.707],[-106.713,51.707],[-106.707,51.446],[-106.426,51.446],[-106.426,51.358],[-106.286,51.358],[-106.288,51.707],[-106.528,51.707]]]},"properties":{"RMNO":"283","RMNM":"ROSEDALE"}},{"type":"Feature","geometry":{"type":"Polygon","coordinates":[[[-106.812,50.834],[-106.975,50.83],[-106.974,50.659],[-106.836,50.659],[-106.836,50.572],[-106.42,50.572],[-106.42,50.834],[-106.812,50.834]]]},"properties":{"RMNO":"194","RMNM":"ENFIELD"}},{"type":"Feature","geometry":{"type":"Polygon","coordinates":[[[-107.252,51.009],[-107.26,51.009],[-107.26,50.921],[-107.252,50.921],[-107.251,50.745],[-107.216,50.769],[-107.179,50.774],[-107.228,50.782],[-107.18,50.785],[-107.166,50.778],[-107.161,50.784],[-107.156,50.773],[-107.136,50.772],[-107.135,50.766],[-107.123,50.763],[-107.123,50.768],[-107.102,50.753],[-107.075,50.752],[-107.029,50.764],[-107.005,50.779],[-106.993,50.792],[-107.003,50.794],[-106.991,50.799],[-106.991,50.815],[-106.96,50.839],[-106.976,50.852],[-106.996,50.841],[-106.984,50.855],[-106.995,50.859],[-106.989,50.86],[-106.998,50.866],[-106.991,50.877],[-106.997,50.873],[-107.003,50.878],[-106.995,50.881],[-107.003,50.883],[-106.99,50.882],[-106.991,50.896],[-106.97,50.906],[-106.977,50.915],[-106.965,50.907],[-106.94,50.917],[-106.911,50.968],[-106.941,50.966],[-106.909,50.977],[-106.911,50.991],[-106.915,50.988],[-106.91,50.996],[-106.917,50.997],[-106.909,51.001],[-106.935,51.007],[-107.252,51.009]]]},"properties":{"RMNO":"225","RMNM":"CANAAN"}},{"type":"Feature","geometry":{"type":"Polygon","coordinates":[[[-109.745,50.572],[-110.005,50.572],[-110.005,50.135],[-109.691,50.135],[-109.691,50.223],[-109.717,50.223],[-109.717,50.572],[-109.745,50.572]]]},"properties":{"RMNO":"142","RMNM":"ENTERPRISE"}},{"type":"Feature","geometry":{"type":"Polygon","coordinates":[[[-109.026,52.45],[-109.027,52.668],[-109.457,52.667],[-109.457,52.406],[-109.026,52.406],[-109.026,52.45]]]},"properties":{"RMNO":"410","RMNM":"ROUND VALLEY"}},{"type":"Feature","geometry":{"type":"Polygon","coordinates":[[[-103.609,49.072],[-103.609,49.174],[-103.621,49.174],[-103.621,49.261],[-104.024,49.26],[-104.024,49.174],[-104.01,49.174],[-104.01,49.0],[-103.609,48.999],[-103.609,49.072]]]},"properties":{"RMNO":"007","RMNM":"SOURIS VALLEY"}},{"type":"Feature","geometry":{"type":"Polygon","coordinates":[[[-104.025,49.37],[-104.025,49.523],[-104.428,49.523],[-104.428,49.261],[-104.024,49.26],[-104.025,49.37]]]},"properties":{"RMNO":"038","RMNM":"LAURIER"}},{"type":"Feature","geometry":{"type":"Polygon","coordinates":[[[-104.149,52.265],[-104.149,52.318],[-104.166,52.318],[-104.166,52.405],[-104.597,52.405],[-104.597,52.318],[-104.578,52.318],[-104.578,52.144],[-104.149,52.144],[-104.149,52.265]]]},"properties":{"RMNO":"368","RMNM":"SPALDING"}},{"type":"Feature","geometry":{"type":"Polygon","coordinates":[[[-103.707,51.852],[-103.707,51.882],[-104.132,51.881],[-104.132,51.652],[-103.707,51.652],[-103.707,51.852]]]},"properties":{"RMNO":"307","RMNM":"ELFROS"}},{"type":"Feature","geometry":{"type":"Polygon","coordinates":[[[-103.72,52.144],[-103.72,52.318],[-103.697,52.32],[-103.722,52.337],[-103.714,52.346],[-103.715,52.365],[-103.726,52.376],[-103.715,52.364],[-103.706,52.37],[-103.713,52.372],[-103.71,52.381],[-103.724,52.384],[-103.711,52.393],[-103.725,52.397],[-103.71,52.393],[-103.712,52.399],[-103.703,52.402],[-103.703,52.395],[-103.7,52.406],[-104.166,52.405],[-104.166,52.318],[-104.149,52.318],[-104.149,52.144],[-103.72,52.144]]]},"properties":{"RMNO":"367","RMNM":"PONASS LAKE"}},{"type":"Feature","geometry":{"type":"Polygon","coordinates":[[[-102.814,49.363],[-102.814,49.523],[-103.218,49.523],[-103.217,49.261],[-102.814,49.261],[-102.814,49.363]]]},"properties":{"RMNO":"035","RMNM":"BENSON"}},{"type":"Feature","geometry":{"type":"Polygon","coordinates":[[[-102.856,51.299],[-102.856,51.387],[-103.28,51.387],[-103.28,51.299],[-103.27,51.298],[-103.27,51.122],[-102.849,51.122],[-102.849,51.298],[-102.856,51.299]]]},"properties":{"RMNO":"245","RMNM":"GARRY"}},{"type":"Feature","geometry":{"type":"Polygon","coordinates":[[[-101.609,51.969],[-101.609,52.318],[-102.007,52.318],[-102.007,51.882],[-101.577,51.881],[-101.577,51.969],[-101.609,51.969]]]},"properties":{"RMNO":"331","RMNM":"LIVINGSTON"}},{"type":"Feature","geometry":{"type":"Polygon","coordinates":[[[-108.913,50.572],[-109.098,50.572],[-109.099,50.31],[-108.48,50.31],[-108.48,50.572],[-108.913,50.572]]]},"properties":{"RMNO":"169","RMNM":"PITTVILLE"}},{"type":"Feature","geometry":{"type":"Polygon","coordinates":[[[-105.134,49.523],[-105.234,49.523],[-105.234,49.377],[-105.299,49.39],[-105.309,49.386],[-105.314,49.371],[-105.369,49.394],[-105.369,49.348],[-105.503,49.348],[-105.503,49.261],[-104.831,49.261],[-104.831,49.523],[-105.134,49.523]]]},"properties":{"RMNO":"040","RMNM":"BENGOUGH"}},{"type":"Feature","geometry":{"type":"Polygon","coordinates":[[[-104.428,49.363],[-104.428,49.523],[-104.831,49.523],[-104.831,49.261],[-104.428,49.261],[-104.428,49.363]]]},"properties":{"RMNO":"039","RMNM":"THE GAP"}},{"type":"Feature","geometry":{"type":"Polygon","coordinates":[[[-103.226,49.523],[-103.226,49.785],[-103.633,49.785],[-103.633,49.523],[-103.226,49.523]]]},"properties":{"RMNO":"066","RMNM":"GRIFFIN"}},{"type":"Feature","geometry":{"type":"Polygon","coordinates":[[[-108.414,51.882],[-108.556,51.882],[-108.556,51.62],[-108.13,51.62],[-108.13,51.882],[-108.414,51.882]]]},"properties":{"RMNO":"318","RMNM":"MOUNTAIN VIEW"}},{"type":"Feature","geometry":{"type":"Polygon","coordinates":[[[-110.001,50.969],[-110.005,50.572],[-109.745,50.572],[-109.744,50.921],[-109.772,50.921],[-109.772,50.947],[-109.846,50.955],[-109.876,50.953],[-109.892,50.923],[-109.926,50.919],[-109.912,50.928],[-109.917,50.939],[-109.928,50.937],[-109.937,50.925],[-109.951,50.925],[-109.957,50.928],[-109.941,50.936],[-109.944,50.941],[-109.969,50.946],[-109.979,50.963],[-110.001,50.969]]]},"properties":{"RMNO":"232","RMNM":"DEER FORKS"}},{"type":"Feature","geometry":{"type":"Polygon","coordinates":[[[-102.006,51.387],[-102.006,51.652],[-102.432,51.652],[-102.431,51.387],[-102.006,51.387]]]},"properties":{"RMNO":"273","RMNM":"SLIDING HILLS"}},{"type":"Feature","geometry":{"type":"Polygon","coordinates":[[[-107.41,51.271],[-107.679,51.271],[-107.679,51.009],[-107.26,51.009],[-107.26,51.271],[-107.41,51.271]]]},"properties":{"RMNO":"256","RMNM":"KING GEORGE"}},{"type":"Feature","geometry":{"type":"Polygon","coordinates":[[[-104.831,49.261],[-105.234,49.261],[-105.234,49.174],[-105.211,49.174],[-105.211,48.999],[-104.811,48.999],[-104.811,49.174],[-104.831,49.174],[-104.831,49.261]]]},"properties":{"RMNO":"010","RMNM":"HAPPY VALLEY"}},{"type":"Feature","geometry":{"type":"Polygon","coordinates":[[[-105.503,49.261],[-105.638,49.261],[-105.638,49.173],[-105.612,49.173],[-105.612,49.0],[-105.211,48.999],[-105.211,49.174],[-105.234,49.174],[-105.234,49.261],[-105.503,49.261]]]},"properties":{"RMNO":"011","RMNM":"HART BUTTE"}},{"type":"Feature","geometry":{"type":"Polygon","coordinates":[[[-105.692,50.047],[-106.005,50.048],[-106.005,49.786],[-105.71,49.785],[-105.726,49.817],[-105.703,49.858],[-105.687,49.872],[-105.692,50.047]]]},"properties":{"RMNO":"102","RMNM":"LAKE JOHNSTON"}},{"type":"Feature","geometry":{"type":"Polygon","coordinates":[[[-105.619,50.047],[-105.692,50.047],[-105.687,49.872],[-105.703,49.858],[-105.726,49.817],[-105.71,49.785],[-105.258,49.785],[-105.258,49.872],[-105.283,49.872],[-105.283,50.047],[-105.619,50.047]]]},"properties":{"RMNO":"101","RMNM":"TERRELL"}},{"type":"Feature","geometry":{"type":"Polygon","coordinates":[[[-105.278,52.144],[-105.432,52.144],[-105.432,51.969],[-105.405,51.969],[-105.405,51.882],[-104.982,51.882],[-104.982,51.969],[-105.005,51.969],[-105.004,52.144],[-105.278,52.144]]]},"properties":{"RMNO":"340","RMNM":"WOLVERINE"}},{"type":"Feature","geometry":{"type":"Polygon","coordinates":[[[-103.621,49.37],[-103.621,49.523],[-104.025,49.523],[-104.024,49.26],[-103.621,49.261],[-103.621,49.37]]]},"properties":{"RMNO":"037","RMNM":"LOMOND"}},{"type":"Feature","geometry":{"type":"Polygon","coordinates":[[[-104.024,49.26],[-104.428,49.261],[-104.428,49.173],[-104.41,49.173],[-104.411,48.999],[-104.01,49.0],[-104.01,49.174],[-104.024,49.174],[-104.024,49.26]]]},"properties":{"RMNO":"008","RMNM":"LAKE ALMA"}},{"type":"Feature","geometry":{"type":"Polygon","coordinates":[[[-107.347,52.929],[-107.456,52.929],[-107.455,52.668],[-107.444,52.668],[-107.444,52.58],[-107.155,52.58],[-107.155,52.609],[-107.012,52.609],[-107.012,52.668],[-107.02,52.668],[-107.021,52.929],[-107.347,52.929]]]},"properties":{"RMNO":"435","RMNM":"REDBERRY"}},{"type":"Feature","geometry":{"type":"Polygon","coordinates":[[[-102.857,51.652],[-102.857,51.881],[-103.282,51.881],[-103.282,51.652],[-102.857,51.652]]]},"properties":{"RMNO":"305","RMNM":"INVERMAY"}},{"type":"Feature","geometry":{"type":"Polygon","coordinates":[[[-105.135,51.882],[-105.405,51.882],[-105.404,51.62],[-104.982,51.62],[-104.982,51.882],[-105.135,51.882]]]},"properties":{"RMNO":"310","RMNM":"USBORNE"}},{"type":"Feature","geometry":{"type":"Polygon","coordinates":[[[-104.166,52.405],[-104.165,52.667],[-104.597,52.667],[-104.597,52.405],[-104.166,52.405]]]},"properties":{"RMNO":"398","RMNM":"PLEASANTDALE"}},{"type":"Feature","geometry":{"type":"Polygon","coordinates":[[[-104.054,50.164],[-104.054,50.222],[-104.068,50.222],[-104.068,50.397],[-104.206,50.397],[-104.206,50.309],[-104.48,50.309],[-104.481,50.222],[-104.464,50.222],[-104.464,50.047],[-104.054,50.047],[-104.054,50.164]]]},"properties":{"RMNO":"128","RMNM":"LAJORD"}},{"type":"Feature","geometry":{"type":"Polygon","coordinates":[[[-102.857,51.954],[-102.857,51.969],[-102.863,51.969],[-102.863,52.318],[-103.291,52.318],[-103.292,51.969],[-103.282,51.969],[-103.282,51.881],[-102.857,51.881],[-102.857,51.954]]]},"properties":{"RMNO":"335","RMNM":"HAZEL DELL"}},{"type":"Feature","geometry":{"type":"Polygon","coordinates":[[[-107.242,50.434],[-107.242,50.572],[-107.251,50.572],[-107.251,50.745],[-107.317,50.707],[-107.436,50.717],[-107.464,50.702],[-107.461,50.695],[-107.47,50.695],[-107.468,50.685],[-107.484,50.675],[-107.483,50.666],[-107.494,50.665],[-107.497,50.653],[-107.528,50.645],[-107.565,50.642],[-107.582,50.649],[-107.577,50.656],[-107.6,50.672],[-107.636,50.678],[-107.679,50.677],[-107.691,50.668],[-107.695,50.675],[-107.748,50.668],[-107.748,50.653],[-107.736,50.645],[-107.736,50.616],[-107.724,50.616],[-107.724,50.594],[-107.713,50.594],[-107.713,50.572],[-107.701,50.572],[-107.7,50.536],[-107.689,50.536],[-107.689,50.521],[-107.666,50.514],[-107.666,50.499],[-107.655,50.499],[-107.655,50.31],[-107.242,50.31],[-107.242,50.434]]]},"properties":{"RMNO":"166","RMNM":"EXCELSIOR"}},{"type":"Feature","geometry":{"type":"Polygon","coordinates":[[[-106.245,49.786],[-106.411,49.785],[-106.411,49.465],[-106.331,49.466],[-106.295,49.455],[-106.295,49.461],[-106.269,49.464],[-106.257,49.483],[-106.225,49.474],[-106.2,49.478],[-106.148,49.448],[-106.123,49.454],[-106.006,49.451],[-106.005,49.786],[-106.245,49.786]]]},"properties":{"RMNO":"073","RMNM":"STONEHENGE"}},{"type":"Feature","geometry":{"type":"Polygon","coordinates":[[[-108.444,49.786],[-108.851,49.785],[-108.851,49.524],[-108.445,49.524],[-108.444,49.786]]]},"properties":{"RMNO":"079","RMNM":"ARLINGTON"}},{"type":"Feature","geometry":{"type":"Polygon","coordinates":[[[-105.925,51.882],[-106.004,51.882],[-106.004,51.62],[-105.404,51.62],[-105.405,51.724],[-105.503,51.732],[-105.565,51.756],[-105.688,51.751],[-105.688,51.882],[-105.925,51.882]]]},"properties":{"RMNO":"312","RMNM":"MORRIS"}},{"type":"Feature","geometry":{"type":"Polygon","coordinates":[[[-109.305,50.31],[-109.717,50.31],[-109.717,50.223],[-109.691,50.223],[-109.691,50.048],[-109.281,50.048],[-109.281,50.223],[-109.305,50.223],[-109.305,50.31]]]},"properties":{"RMNO":"141","RMNM":"BIG STICK"}},{"type":"Feature","geometry":{"type":"Polygon","coordinates":[[[-102.431,51.387],[-102.432,51.652],[-102.856,51.652],[-102.856,51.387],[-102.431,51.387]]]},"properties":{"RMNO":"274","RMNM":"GOOD LAKE"}},{"type":"Feature","geometry":{"type":"Polygon","coordinates":[[[-108.053,49.96],[-108.462,49.96],[-108.462,49.873],[-108.444,49.873],[-108.444,49.698],[-108.038,49.698],[-108.037,49.873],[-108.052,49.873],[-108.053,49.96]]]},"properties":{"RMNO":"108","RMNM":"BONE CREEK"}},{"type":"Feature","geometry":{"type":"Polygon","coordinates":[[[-105.306,50.309],[-105.718,50.309],[-105.718,50.222],[-105.692,50.222],[-105.692,50.047],[-105.283,50.047],[-105.283,50.222],[-105.306,50.222],[-105.306,50.309]]]},"properties":{"RMNO":"131","RMNM":"BAILDON"}},{"type":"Feature","geometry":{"type":"Polygon","coordinates":[[[-108.768,51.882],[-108.981,51.882],[-108.981,51.62],[-108.556,51.62],[-108.556,51.882],[-108.768,51.882]]]},"properties":{"RMNO":"319","RMNM":"WINSLOW"}},{"type":"Feature","geometry":{"type":"Polygon","coordinates":[[[-107.643,50.048],[-108.053,50.048],[-108.052,49.873],[-108.037,49.873],[-108.037,49.786],[-107.631,49.786],[-107.631,49.873],[-107.643,49.873],[-107.643,50.048]]]},"properties":{"RMNO":"107","RMNM":"LAC PELLETIER"}},{"type":"Feature","geometry":{"type":"Polygon","coordinates":[[[-103.707,51.94],[-103.707,51.969],[-103.72,51.969],[-103.72,52.144],[-104.149,52.144],[-104.149,51.969],[-104.133,51.969],[-104.132,51.881],[-103.707,51.882],[-103.707,51.94]]]},"properties":{"RMNO":"337","RMNM":"LAKEVIEW"}},{"type":"Feature","geometry":{"type":"Polygon","coordinates":[[[-106.238,51.62],[-106.286,51.62],[-106.286,51.358],[-105.804,51.358],[-105.804,51.62],[-106.238,51.62]]]},"properties":{"RMNO":"282","RMNM":"MCCRANEY"}},{"type":"Feature","geometry":{"type":"Polygon","coordinates":[[[-104.982,51.62],[-105.382,51.62],[-105.382,51.358],[-104.96,51.358],[-104.96,51.62],[-104.982,51.62]]]},"properties":{"RMNO":"280","RMNM":"WREFORD"}},{"type":"Feature","geometry":{"type":"Polygon","coordinates":[[[-102.856,51.593],[-102.856,51.652],[-103.281,51.652],[-103.28,51.387],[-102.856,51.387],[-102.856,51.593]]]},"properties":{"RMNO":"275","RMNM":"INSINGER"}},{"type":"Feature","geometry":{"type":"Polygon","coordinates":[[[-105.215,49.785],[-105.258,49.785],[-105.258,49.523],[-104.852,49.523],[-104.852,49.785],[-105.215,49.785]]]},"properties":{"RMNO":"070","RMNM":"KEY WEST"}},{"type":"Feature","geometry":{"type":"Polygon","coordinates":[[[-106.004,51.882],[-106.288,51.882],[-106.288,51.62],[-106.004,51.62],[-106.004,51.882]]]},"properties":{"RMNO":"313","RMNM":"LOST RIVER"}},{"type":"Feature","geometry":{"type":"Polygon","coordinates":[[[-106.004,49.524],[-106.005,49.262],[-105.927,49.261],[-105.898,49.246],[-105.891,49.221],[-105.871,49.232],[-105.875,49.243],[-105.869,49.252],[-105.866,49.237],[-105.853,49.233],[-105.823,49.277],[-105.796,49.289],[-105.813,49.261],[-105.503,49.261],[-105.503,49.348],[-105.369,49.348],[-105.369,49.394],[-105.411,49.436],[-105.455,49.454],[-105.495,49.451],[-105.532,49.463],[-105.621,49.468],[-105.638,49.478],[-105.638,49.522],[-106.004,49.524]]]},"properties":{"RMNO":"042","RMNM":"WILLOW BUNCH"}},{"type":"Feature","geometry":{"type":"Polygon","coordinates":[[[-107.41,51.62],[-107.691,51.62],[-107.691,51.271],[-107.41,51.271],[-107.41,51.62]]]},"properties":{"RMNO":"286","RMNM":"MILDEN"}},{"type":"Feature","geometry":{"type":"Polygon","coordinates":[[[-107.764,51.62],[-108.113,51.62],[-108.113,51.358],[-107.691,51.358],[-107.691,51.62],[-107.764,51.62]]]},"properties":{"RMNO":"287","RMNM":"ST. ANDREWS"}},{"type":"Feature","geometry":{"type":"Polygon","coordinates":[[[-103.656,50.397],[-104.068,50.397],[-104.068,50.222],[-104.054,50.222],[-104.054,50.047],[-103.644,50.047],[-103.644,50.222],[-103.656,50.222],[-103.656,50.397]]]},"properties":{"RMNO":"127","RMNM":"FRANCIS"}},{"type":"Feature","geometry":{"type":"Polygon","coordinates":[[[-105.891,52.333],[-105.891,52.493],[-106.148,52.493],[-106.147,52.144],[-105.86,52.144],[-105.86,52.318],[-105.891,52.318],[-105.891,52.333]]]},"properties":{"RMNO":"372","RMNM":"GRANT"}},{"type":"Feature","geometry":{"type":"Polygon","coordinates":[[[-103.217,49.343],[-103.218,49.523],[-103.621,49.523],[-103.621,49.261],[-103.217,49.261],[-103.217,49.343]]]},"properties":{"RMNO":"036","RMNM":"CYMRI"}},{"type":"Feature","geometry":{"type":"Polygon","coordinates":[[[-107.705,51.882],[-108.13,51.882],[-108.13,51.62],[-107.705,51.62],[-107.705,51.882]]]},"properties":{"RMNO":"317","RMNM":"MARRIOTT"}},{"type":"Feature","geometry":{"type":"Polygon","coordinates":[[[-101.664,49.178],[-101.664,49.266],[-102.007,49.264],[-102.006,48.999],[-101.631,48.999],[-101.631,49.178],[-101.664,49.178]]]},"properties":{"RMNO":"002","RMNM":"MOUNT PLEASANT"}},{"type":"Feature","geometry":{"type":"Polygon","coordinates":[[[-103.644,50.047],[-104.054,50.047],[-104.054,49.872],[-104.039,49.872],[-104.039,49.785],[-103.633,49.785],[-103.633,49.872],[-103.644,49.872],[-103.644,50.047]]]},"properties":{"RMNO":"097","RMNM":"WELLINGTON"}},{"type":"Feature","geometry":{"type":"Polygon","coordinates":[[[-105.674,52.406],[-105.891,52.406],[-105.891,52.318],[-105.86,52.318],[-105.86,52.144],[-105.432,52.144],[-105.432,52.318],[-105.459,52.318],[-105.459,52.405],[-105.674,52.406]]]},"properties":{"RMNO":"371","RMNM":"BAYNE"}},{"type":"Feature","geometry":{"type":"Polygon","coordinates":[[[-102.434,51.969],[-102.435,52.318],[-102.863,52.318],[-102.857,51.881],[-102.432,51.882],[-102.434,51.969]]]},"properties":{"RMNO":"334","RMNM":"PREECEVILLE"}},{"type":"Feature","geometry":{"type":"Polygon","coordinates":[[[-103.209,49.123],[-103.209,49.174],[-103.217,49.174],[-103.217,49.261],[-103.621,49.261],[-103.621,49.174],[-103.609,49.174],[-103.609,48.999],[-103.209,48.999],[-103.209,49.123]]]},"properties":{"RMNO":"006","RMNM":"CAMBRIA"}},{"type":"Feature","geometry":{"type":"Polygon","coordinates":[[[-109.561,52.406],[-109.601,52.406],[-109.601,52.318],[-109.574,52.318],[-109.574,52.143],[-109.146,52.143],[-109.146,52.318],[-109.17,52.318],[-109.17,52.406],[-109.561,52.406]]]},"properties":{"RMNO":"381","RMNM":"GRASS LAKE"}},{"type":"Feature","geometry":{"type":"Polygon","coordinates":[[[-109.692,52.66],[-109.703,52.664],[-109.698,52.667],[-110.005,52.667],[-110.005,52.405],[-109.457,52.406],[-109.457,52.667],[-109.686,52.667],[-109.692,52.66]]]},"properties":{"RMNO":"411","RMNM":"SENLAC"}},{"type":"Feature","geometry":{"type":"Polygon","coordinates":[[[-104.039,49.814],[-104.039,49.872],[-104.054,49.872],[-104.054,50.047],[-104.464,50.047],[-104.464,49.872],[-104.445,49.872],[-104.445,49.785],[-104.039,49.785],[-104.039,49.814]]]},"properties":{"RMNO":"098","RMNM":"SCOTT"}},{"type":"Feature","geometry":{"type":"Polygon","coordinates":[[[-107.289,52.144],[-107.717,52.144],[-107.717,51.969],[-107.705,51.969],[-107.705,51.882],[-107.28,51.882],[-107.28,51.969],[-107.289,51.969],[-107.289,52.144]]]},"properties":{"RMNO":"346","RMNM":"PERDUE"}},{"type":"Feature","geometry":{"type":"Polygon","coordinates":[[[-108.01,49.138],[-108.01,49.174],[-108.024,49.174],[-108.024,49.262],[-108.427,49.262],[-108.427,49.174],[-108.41,49.174],[-108.41,49.0],[-108.01,49.0],[-108.01,49.138]]]},"properties":{"RMNO":"018","RMNM":"LONE TREE"}},{"type":"Feature","geometry":{"type":"Polygon","coordinates":[[[-109.248,52.143],[-109.574,52.143],[-109.574,51.969],[-109.548,51.969],[-109.548,51.881],[-109.123,51.882],[-109.123,51.969],[-109.146,51.969],[-109.146,52.143],[-109.248,52.143]]]},"properties":{"RMNO":"351","RMNM":"PROGRESS"}},{"type":"Feature","geometry":{"type":"Polygon","coordinates":[[[-105.404,51.62],[-105.804,51.62],[-105.804,51.358],[-105.382,51.358],[-105.382,51.62],[-105.404,51.62]]]},"properties":{"RMNO":"281","RMNM":"WOOD CREEK"}},{"type":"Feature","geometry":{"type":"Polygon","coordinates":[[[-106.518,51.096],[-106.659,51.096],[-106.731,51.054],[-106.768,51.055],[-106.811,51.045],[-106.844,51.048],[-106.85,51.066],[-106.859,51.07],[-106.851,51.065],[-106.851,51.05],[-106.89,51.037],[-106.881,51.036],[-106.903,51.009],[-106.958,51.009],[-106.909,51.001],[-106.917,50.997],[-106.91,50.996],[-106.915,50.988],[-106.911,50.991],[-106.909,50.977],[-106.941,50.966],[-106.911,50.968],[-106.94,50.917],[-106.965,50.907],[-106.977,50.915],[-106.97,50.906],[-106.991,50.896],[-106.99,50.882],[-107.003,50.883],[-106.995,50.881],[-107.003,50.878],[-106.997,50.873],[-106.991,50.877],[-106.998,50.866],[-106.989,50.86],[-106.995,50.859],[-106.984,50.855],[-106.996,50.841],[-106.977,50.852],[-106.961,50.841],[-106.966,50.834],[-106.42,50.834],[-106.423,51.096],[-106.518,51.096]]]},"properties":{"RMNO":"224","RMNM":"MAPLE BUSH"}},{"type":"Feature","geometry":{"type":"Polygon","coordinates":[[[-102.849,51.122],[-103.27,51.122],[-103.27,50.945],[-103.284,50.945],[-103.285,50.857],[-102.843,50.857],[-102.849,51.122]]]},"properties":{"RMNO":"215","RMNM":"STANLEY"}},{"type":"Feature","geometry":{"type":"Polygon","coordinates":[[[-103.735,52.493],[-103.735,52.667],[-104.165,52.667],[-104.166,52.405],[-103.735,52.406],[-103.735,52.493]]]},"properties":{"RMNO":"397","RMNM":"BARRIER VALLEY"}},{"type":"Feature","geometry":{"type":"Polygon","coordinates":[[[-101.754,50.241],[-101.754,50.328],[-102.006,50.326],[-102.006,50.06],[-101.723,50.064],[-101.723,50.24],[-101.754,50.241]]]},"properties":{"RMNO":"122","RMNM":"MARTIN"}},{"type":"Feature","geometry":{"type":"Polygon","coordinates":[[[-104.464,50.047],[-104.873,50.047],[-104.873,49.872],[-104.852,49.872],[-104.852,49.785],[-104.445,49.785],[-104.445,49.872],[-104.464,49.872],[-104.464,50.047]]]},"properties":{"RMNO":"099","RMNM":"CALEDONIA"}},{"type":"Feature","geometry":{"type":"Polygon","coordinates":[[[-104.129,51.564],[-104.27,51.564],[-104.27,51.533],[-104.538,51.533],[-104.538,51.62],[-104.96,51.62],[-104.96,51.358],[-104.819,51.358],[-104.82,51.27],[-104.799,51.27],[-104.799,51.139],[-104.659,51.139],[-104.659,51.183],[-104.52,51.183],[-104.519,51.27],[-104.538,51.27],[-104.538,51.358],[-104.27,51.358],[-104.271,51.387],[-104.129,51.387],[-104.129,51.564]]]},"properties":{"RMNO":"279","RMNM":"MOUNT HOPE"}},{"type":"Feature","geometry":{"type":"Polygon","coordinates":[[[-104.446,49.53],[-104.445,49.785],[-104.852,49.785],[-104.852,49.523],[-104.445,49.523],[-104.446,49.53]]]},"properties":{"RMNO":"069","RMNM":"NORTON"}},{"type":"Feature","geometry":{"type":"Polygon","coordinates":[[[-107.679,51.009],[-107.818,51.009],[-107.818,50.921],[-107.805,50.921],[-107.803,50.684],[-107.748,50.668],[-107.695,50.675],[-107.691,50.668],[-107.679,50.677],[-107.651,50.678],[-107.6,50.672],[-107.577,50.656],[-107.582,50.649],[-107.557,50.642],[-107.498,50.653],[-107.494,50.665],[-107.483,50.666],[-107.484,50.675],[-107.468,50.685],[-107.47,50.695],[-107.461,50.695],[-107.464,50.702],[-107.436,50.717],[-107.326,50.706],[-107.253,50.738],[-107.252,50.921],[-107.26,50.921],[-107.26,51.009],[-107.679,51.009]]]},"properties":{"RMNO":"226","RMNM":"VICTORY"}},{"type":"Feature","geometry":{"type":"Polygon","coordinates":[[[-104.149,51.998],[-104.149,52.144],[-104.578,52.144],[-104.578,51.969],[-104.557,51.969],[-104.557,51.882],[-104.132,51.881],[-104.133,51.969],[-104.149,51.969],[-104.149,51.998]]]},"properties":{"RMNO":"338","RMNM":"LAKESIDE"}},{"type":"Feature","geometry":{"type":"Polygon","coordinates":[[[-104.578,52.144],[-104.578,52.318],[-104.597,52.318],[-104.597,52.405],[-105.028,52.406],[-105.028,52.318],[-105.004,52.318],[-105.004,52.144],[-104.578,52.144]]]},"properties":{"RMNO":"369","RMNM":"ST. PETER"}},{"type":"Feature","geometry":{"type":"Polygon","coordinates":[[[-102.41,49.261],[-102.411,49.523],[-102.814,49.523],[-102.814,49.261],[-102.41,49.261]]]},"properties":{"RMNO":"034","RMNM":"BROWNING"}},{"type":"Feature","geometry":{"type":"Polygon","coordinates":[[[-102.006,51.099],[-102.006,51.122],[-102.428,51.122],[-102.425,50.855],[-102.006,50.856],[-102.006,51.099]]]},"properties":{"RMNO":"213","RMNM":"SALTCOATS"}},{"type":"Feature","geometry":{"type":"Polygon","coordinates":[[[-109.123,49.262],[-109.235,49.262],[-109.234,49.174],[-109.212,49.174],[-109.212,49.0],[-108.41,49.0],[-108.41,49.174],[-108.427,49.174],[-108.427,49.262],[-109.123,49.262]]]},"properties":{"RMNO":"019","RMNM":"FRONTIER"}},{"type":"Feature","geometry":{"type":"Polygon","coordinates":[[[-109.065,49.698],[-109.258,49.698],[-109.258,49.524],[-109.168,49.525],[-109.168,49.51],[-109.123,49.51],[-109.123,49.262],[-108.427,49.262],[-108.428,49.524],[-108.851,49.524],[-108.851,49.698],[-109.065,49.698]]]},"properties":{"RMNO":"049","RMNM":"WHITE VALLEY"}},{"type":"Feature","geometry":{"type":"Polygon","coordinates":[[[-102.007,49.522],[-102.411,49.523],[-102.41,49.261],[-102.007,49.261],[-102.007,49.522]]]},"properties":{"RMNO":"033","RMNM":"MOOSE CREEK"}},{"type":"Feature","geometry":{"type":"Polygon","coordinates":[[[-103.27,51.152],[-103.27,51.298],[-103.28,51.299],[-103.28,51.387],[-103.704,51.387],[-103.705,51.299],[-103.691,51.299],[-103.691,51.122],[-103.27,51.122],[-103.27,51.152]]]},"properties":{"RMNO":"246","RMNM":"ITUNA BON ACCORD"}},{"type":"Feature","geometry":{"type":"Polygon","coordinates":[[[-101.477,50.329],[-101.754,50.328],[-101.754,50.24],[-101.723,50.24],[-101.723,50.064],[-101.447,50.064],[-101.447,50.241],[-101.477,50.241],[-101.477,50.329]]]},"properties":{"RMNO":"121","RMNM":"MOOSOMIN"}},{"type":"Feature","geometry":{"type":"Polygon","coordinates":[[[-102.428,50.945],[-102.428,51.122],[-102.849,51.122],[-102.843,50.857],[-102.425,50.855],[-102.428,50.945]]]},"properties":{"RMNO":"214","RMNM":"CANA"}},{"type":"Feature","geometry":{"type":"Polygon","coordinates":[[[-107.525,49.786],[-107.631,49.786],[-107.631,49.524],[-107.224,49.524],[-107.224,49.786],[-107.525,49.786]]]},"properties":{"RMNO":"076","RMNM":"AUVERGNE"}},{"type":"Feature","geometry":{"type":"Polygon","coordinates":[[[-105.258,49.785],[-105.665,49.785],[-105.666,49.522],[-105.638,49.522],[-105.638,49.478],[-105.606,49.464],[-105.442,49.452],[-105.402,49.43],[-105.366,49.393],[-105.326,49.381],[-105.314,49.371],[-105.309,49.386],[-105.299,49.39],[-105.234,49.377],[-105.234,49.523],[-105.258,49.523],[-105.258,49.785]]]},"properties":{"RMNO":"071","RMNM":"EXCEL"}},{"type":"Feature","geometry":{"type":"Polygon","coordinates":[[[-105.925,49.785],[-106.005,49.786],[-106.005,49.524],[-105.666,49.522],[-105.665,49.785],[-105.925,49.785]]]},"properties":{"RMNO":"072","RMNM":"LAKE OF THE RIVERS"}},{"type":"Feature","geometry":{"type":"Polygon","coordinates":[[[-105.77,50.309],[-106.005,50.31],[-106.005,50.048],[-105.692,50.047],[-105.692,50.222],[-105.718,50.222],[-105.718,50.309],[-105.77,50.309]]]},"properties":{"RMNO":"132","RMNM":"HILLSBOROUGH"}},{"type":"Feature","geometry":{"type":"Polygon","coordinates":[[[-101.392,49.178],[-101.392,49.266],[-101.664,49.266],[-101.664,49.178],[-101.631,49.178],[-101.631,48.999],[-101.362,48.999],[-101.362,49.178],[-101.392,49.178]]]},"properties":{"RMNO":"001","RMNM":"ARGYLE"}},{"type":"Feature","geometry":{"type":"Polygon","coordinates":[[[-104.039,49.523],[-104.039,49.785],[-104.445,49.785],[-104.445,49.523],[-104.039,49.523]]]},"properties":{"RMNO":"068","RMNM":"BROKENSHELL"}},{"type":"Feature","geometry":{"type":"Polygon","coordinates":[[[-106.411,49.785],[-106.817,49.785],[-106.817,49.524],[-106.411,49.524],[-106.411,49.785]]]},"properties":{"RMNO":"074","RMNM":"WOOD RIVER"}},{"type":"Feature","geometry":{"type":"Polygon","coordinates":[[[-101.418,49.695],[-101.418,49.71],[-102.007,49.706],[-102.007,49.529],[-101.418,49.533],[-101.418,49.695]]]},"properties":{"RMNO":"061","RMNM":"ANTLER"}},{"type":"Feature","geometry":{"type":"Polygon","coordinates":[[[-108.431,52.144],[-108.812,52.143],[-108.828,52.054],[-108.821,52.038],[-108.776,51.999],[-108.794,51.975],[-108.779,51.975],[-108.768,51.966],[-108.768,51.882],[-108.414,51.882],[-108.414,51.969],[-108.431,51.969],[-108.431,52.144]]]},"properties":{"RMNO":"349","RMNM":"GRANDVIEW"}},{"type":"Feature","geometry":{"type":"Polygon","coordinates":[[[-102.843,50.65],[-102.843,50.857],[-103.261,50.857],[-103.261,50.592],[-103.253,50.592],[-103.253,50.572],[-103.244,50.572],[-103.244,50.53],[-103.203,50.529],[-103.207,50.524],[-103.2,50.522],[-103.186,50.529],[-103.181,50.523],[-103.137,50.532],[-103.122,50.527],[-103.066,50.554],[-103.068,50.564],[-103.056,50.563],[-103.033,50.584],[-103.023,50.581],[-103.025,50.588],[-103.006,50.589],[-102.996,50.604],[-102.985,50.598],[-102.975,50.614],[-102.948,50.617],[-102.941,50.631],[-102.928,50.631],[-102.933,50.635],[-102.921,50.631],[-102.917,50.641],[-102.907,50.636],[-102.906,50.645],[-102.899,50.642],[-102.902,50.637],[-102.894,50.642],[-102.843,50.638],[-102.843,50.65]]]},"properties":{"RMNO":"185","RMNM":"MCLEOD"}},{"type":"Feature","geometry":{"type":"Polygon","coordinates":[[[-107.694,52.49],[-107.732,52.503],[-107.732,52.318],[-107.718,52.318],[-107.717,52.144],[-107.289,52.144],[-107.289,52.318],[-107.3,52.318],[-107.3,52.355],[-107.413,52.355],[-107.448,52.378],[-107.554,52.418],[-107.605,52.452],[-107.694,52.49]]]},"properties":{"RMNO":"376","RMNM":"EAGLE CREEK"}},{"type":"Feature","geometry":{"type":"Polygon","coordinates":[[[-102.41,49.258],[-102.814,49.261],[-102.813,48.999],[-102.41,48.999],[-102.41,49.258]]]},"properties":{"RMNO":"004","RMNM":"COALFIELDS"}},{"type":"Feature","geometry":{"type":"Polygon","coordinates":[[[-101.392,49.385],[-101.393,49.533],[-101.664,49.533],[-101.664,49.266],[-101.392,49.266],[-101.392,49.385]]]},"properties":{"RMNO":"031","RMNM":"STORTHOAKS"}},{"type":"Feature","geometry":{"type":"Polygon","coordinates":[[[-101.664,49.266],[-101.664,49.533],[-102.007,49.529],[-102.007,49.264],[-101.664,49.266]]]},"properties":{"RMNO":"032","RMNM":"RECIPROCITY"}},{"type":"Feature","geometry":{"type":"Polygon","coordinates":[[[-108.171,49.698],[-108.444,49.698],[-108.445,49.524],[-108.428,49.524],[-108.428,49.436],[-108.024,49.436],[-108.024,49.524],[-108.038,49.524],[-108.038,49.698],[-108.171,49.698]]]},"properties":{"RMNO":"078","RMNM":"GRASSY CREEK"}},{"type":"Feature","geometry":{"type":"Polygon","coordinates":[[[-106.409,50.572],[-106.417,50.572],[-106.417,50.31],[-106.005,50.31],[-106.005,50.572],[-106.409,50.572]]]},"properties":{"RMNO":"163","RMNM":"WHEATLANDS"}},{"type":"Feature","geometry":{"type":"Polygon","coordinates":[[[-106.375,50.31],[-106.417,50.31],[-106.414,50.048],[-106.005,50.048],[-106.005,50.31],[-106.375,50.31]]]},"properties":{"RMNO":"133","RMNM":"RODGERS"}},{"type":"Feature","geometry":{"type":"Polygon","coordinates":[[[-105.432,52.144],[-105.717,52.144],[-105.718,51.969],[-105.688,51.969],[-105.688,51.751],[-105.565,51.756],[-105.503,51.732],[-105.405,51.724],[-105.405,51.969],[-105.432,51.969],[-105.432,52.144]]]},"properties":{"RMNO":"341","RMNM":"VISCOUNT"}},{"type":"Feature","geometry":{"type":"Polygon","coordinates":[[[-108.947,52.143],[-109.146,52.143],[-109.146,51.969],[-109.123,51.969],[-109.123,51.882],[-108.768,51.882],[-108.768,51.966],[-108.779,51.975],[-108.794,51.975],[-108.776,51.999],[-108.821,52.038],[-108.828,52.054],[-108.812,52.143],[-108.947,52.143]]]},"properties":{"RMNO":"350","RMNM":"MARIPOSA"}},{"type":"Feature","geometry":{"type":"Polygon","coordinates":[[[-108.81,52.318],[-108.81,52.405],[-109.17,52.406],[-109.17,52.318],[-109.146,52.318],[-109.146,52.143],[-108.811,52.144],[-108.798,52.16],[-108.8,52.172],[-108.84,52.198],[-108.809,52.287],[-108.81,52.318]]]},"properties":{"RMNO":"380","RMNM":"TRAMPING LAKE"}},{"type":"Feature","geometry":{"type":"Polygon","coordinates":[[[-102.006,50.583],[-102.006,50.856],[-102.425,50.855],[-102.425,50.592],[-102.419,50.551],[-102.357,50.548],[-102.282,50.508],[-102.263,50.507],[-102.265,50.502],[-102.241,50.505],[-102.239,50.499],[-102.202,50.505],[-102.201,50.511],[-102.144,50.53],[-102.124,50.546],[-102.081,50.548],[-102.07,50.555],[-102.006,50.547],[-102.006,50.583]]]},"properties":{"RMNO":"183","RMNM":"FERTILE BELT"}},{"type":"Feature","geometry":{"type":"Polygon","coordinates":[[[-102.069,50.555],[-102.081,50.548],[-102.124,50.546],[-102.144,50.53],[-102.201,50.511],[-102.202,50.505],[-102.239,50.499],[-102.241,50.505],[-102.265,50.502],[-102.263,50.507],[-102.282,50.508],[-102.357,50.548],[-102.419,50.551],[-102.419,50.309],[-102.006,50.309],[-102.006,50.547],[-102.069,50.555]]]},"properties":{"RMNO":"153","RMNM":"WILLOWDALE"}},{"type":"Feature","geometry":{"type":"Polygon","coordinates":[[[-106.621,52.81],[-106.711,52.761],[-106.716,52.749],[-106.758,52.723],[-106.783,52.694],[-106.838,52.673],[-106.848,52.641],[-106.882,52.606],[-106.886,52.571],[-106.94,52.455],[-106.989,52.406],[-106.676,52.405],[-106.676,52.435],[-106.58,52.435],[-106.585,52.791],[-106.609,52.791],[-106.609,52.806],[-106.621,52.81]]]},"properties":{"RMNO":"404","RMNM":"LAIRD"}},{"type":"Feature","geometry":{"type":"Polygon","coordinates":[[[-106.972,52.929],[-107.021,52.929],[-107.02,52.668],[-107.012,52.668],[-107.012,52.58],[-106.885,52.58],[-106.882,52.606],[-106.848,52.641],[-106.838,52.673],[-106.783,52.694],[-106.758,52.723],[-106.716,52.749],[-106.711,52.761],[-106.601,52.82],[-106.571,52.862],[-106.493,52.891],[-106.45,52.929],[-106.972,52.929]]]},"properties":{"RMNO":"434","RMNM":"BLAINE LAKE"}},{"type":"Feature","geometry":{"type":"Polygon","coordinates":[[[-105.86,52.144],[-106.004,52.144],[-106.004,51.882],[-105.688,51.882],[-105.688,51.969],[-105.718,51.969],[-105.717,52.144],[-105.86,52.144]]]},"properties":{"RMNO":"342","RMNM":"COLONSAY"}},{"type":"Feature","geometry":{"type":"Polygon","coordinates":[[[-102.006,50.149],[-102.006,50.309],[-102.419,50.309],[-102.416,50.047],[-102.006,50.047],[-102.006,50.149]]]},"properties":{"RMNO":"123","RMNM":"SILVERWOOD"}},{"type":"Feature","geometry":{"type":"Polygon","coordinates":[[[-109.329,50.572],[-109.717,50.572],[-109.717,50.31],[-109.099,50.31],[-109.098,50.572],[-109.329,50.572]]]},"properties":{"RMNO":"171","RMNM":"FOX VALLEY"}},{"type":"Feature","geometry":{"type":"Polygon","coordinates":[[[-109.099,50.31],[-109.305,50.31],[-109.305,50.223],[-109.281,50.223],[-109.281,49.873],[-109.258,49.873],[-109.258,49.698],[-108.851,49.698],[-108.852,49.873],[-108.872,49.873],[-108.872,50.223],[-108.892,50.223],[-108.892,50.31],[-109.099,50.31]]]},"properties":{"RMNO":"110","RMNM":"PIAPOT"}},{"type":"Feature","geometry":{"type":"Polygon","coordinates":[[[-102.831,50.222],[-102.831,50.309],[-103.244,50.309],[-103.244,50.222],[-103.235,50.222],[-103.235,50.047],[-102.825,50.047],[-102.826,50.222],[-102.831,50.222]]]},"properties":{"RMNO":"125","RMNM":"CHESTER"}},{"type":"Feature","geometry":{"type":"Polygon","coordinates":[[[-103.381,50.397],[-103.656,50.397],[-103.656,50.222],[-103.644,50.222],[-103.644,50.047],[-103.235,50.047],[-103.235,50.222],[-103.244,50.222],[-103.244,50.309],[-103.381,50.309],[-103.381,50.397]]]},"properties":{"RMNO":"126","RMNM":"MONTMARTRE"}},{"type":"Feature","geometry":{"type":"Polygon","coordinates":[[[-104.928,52.934],[-105.074,52.934],[-105.074,52.801],[-105.052,52.801],[-105.052,52.667],[-104.616,52.667],[-104.617,52.929],[-104.928,52.934]]]},"properties":{"RMNO":"429","RMNM":"FLETT'S SPRINGS"}},{"type":"Feature","geometry":{"type":"Polygon","coordinates":[[[-109.667,51.881],[-109.69,51.882],[-109.69,51.62],[-109.407,51.62],[-109.407,51.882],[-109.667,51.881]]]},"properties":{"RMNO":"321","RMNM":"PRAIRIEDALE"}},{"type":"Feature","geometry":{"type":"Polygon","coordinates":[[[-109.123,51.882],[-109.407,51.882],[-109.407,51.62],[-108.981,51.62],[-108.981,51.882],[-109.123,51.882]]]},"properties":{"RMNO":"320","RMNM":"OAKDALE"}},{"type":"Feature","geometry":{"type":"Polygon","coordinates":[[[-108.113,51.358],[-108.371,51.358],[-108.371,51.271],[-108.353,51.271],[-108.353,51.096],[-108.097,51.096],[-108.097,51.067],[-108.074,51.067],[-108.074,51.009],[-107.679,51.009],[-107.679,51.271],[-107.691,51.271],[-107.691,51.358],[-108.113,51.358]]]},"properties":{"RMNO":"257","RMNM":"MONET"}},{"type":"Feature","geometry":{"type":"Polygon","coordinates":[[[-109.476,53.016],[-109.488,53.016],[-109.488,52.929],[-109.633,52.929],[-109.632,52.782],[-109.646,52.754],[-109.63,52.749],[-109.628,52.741],[-109.636,52.724],[-109.656,52.712],[-109.648,52.708],[-109.645,52.682],[-109.656,52.677],[-109.658,52.668],[-109.198,52.668],[-109.198,53.016],[-109.476,53.016]]]},"properties":{"RMNO":"440","RMNM":"HILLSDALE"}},{"type":"Feature","geometry":{"type":"Polygon","coordinates":[[[-106.286,51.358],[-106.426,51.358],[-106.423,51.096],[-106.005,51.096],[-106.004,51.358],[-106.286,51.358]]]},"properties":{"RMNO":"253","RMNM":"WILLNER"}},{"type":"Feature","geometry":{"type":"Polygon","coordinates":[[[-104.415,51.882],[-104.982,51.882],[-104.982,51.62],[-104.557,51.62],[-104.557,51.785],[-104.529,51.794],[-104.415,51.794],[-104.415,51.882]]]},"properties":{"RMNO":"309","RMNM":"PRAIRIE ROSE"}},{"type":"Feature","geometry":{"type":"Polygon","coordinates":[[[-107.119,49.524],[-107.218,49.524],[-107.218,49.174],[-107.209,49.174],[-107.209,49.0],[-106.808,49.0],[-106.814,49.524],[-107.119,49.524]]]},"properties":{"RMNO":"045","RMNM":"MANKOTA"}},{"type":"Feature","geometry":{"type":"Polygon","coordinates":[[[-106.751,53.991],[-106.754,54.151],[-107.353,54.151],[-107.345,53.977],[-107.791,53.977],[-107.791,53.802],[-107.94,53.802],[-107.94,53.715],[-106.724,53.715],[-106.727,53.736],[-106.778,53.785],[-106.768,53.801],[-106.771,53.818],[-106.751,53.823],[-106.751,53.991]]]},"properties":{"RMNO":"555","RMNM":"BIG RIVER"}},{"type":"Feature","geometry":{"type":"Polygon","coordinates":[[[-109.105,51.03],[-109.194,51.01],[-109.23,51.015],[-109.258,51.009],[-109.305,51.017],[-109.353,50.996],[-109.353,50.922],[-109.329,50.921],[-109.329,50.572],[-108.913,50.572],[-108.914,50.922],[-108.935,50.922],[-108.934,51.018],[-108.975,51.027],[-109.031,51.026],[-109.049,51.018],[-109.105,51.03]]]},"properties":{"RMNO":"230","RMNM":"CLINWORTH"}},{"type":"Feature","geometry":{"type":"Polygon","coordinates":[[[-109.074,51.023],[-109.048,51.018],[-109.031,51.026],[-108.973,51.027],[-108.934,51.018],[-108.934,51.271],[-108.958,51.271],[-108.958,51.358],[-109.379,51.358],[-109.379,51.271],[-109.353,51.271],[-109.353,50.996],[-109.305,51.017],[-109.258,51.009],[-109.23,51.015],[-109.194,51.01],[-109.108,51.03],[-109.074,51.023]]]},"properties":{"RMNO":"260","RMNM":"NEWCOMBE"}},{"type":"Feature","geometry":{"type":"MultiPolygon","coordinates":[[[[-108.853,50.973],[-108.898,50.991],[-108.934,51.018],[-108.935,50.922],[-108.914,50.922],[-108.913,50.572],[-108.498,50.572],[-108.498,50.921],[-108.553,50.945],[-108.655,50.941],[-108.737,50.966],[-108.811,50.953],[-108.853,50.973]]],[[[-108.853,50.973],[-108.852,50.973],[-108.853,50.973],[-108.853,50.973]]]]},"properties":{"RMNO":"229","RMNM":"MIRY CREEK"}},{"type":"Feature","geometry":{"type":"Polygon","coordinates":[[[-102.413,49.523],[-102.413,49.785],[-102.82,49.785],[-102.819,49.523],[-102.413,49.523]]]},"properties":{"RMNO":"064","RMNM":"BROCK"}},{"type":"Feature","geometry":{"type":"Polygon","coordinates":[[[-109.179,49.524],[-110.005,49.524],[-110.005,49.0],[-109.212,49.0],[-109.212,49.174],[-109.234,49.174],[-109.235,49.262],[-109.123,49.262],[-109.123,49.51],[-109.168,49.51],[-109.168,49.525],[-109.179,49.524]]]},"properties":{"RMNO":"051","RMNM":"RENO"}},{"type":"Feature","geometry":{"type":"Polygon","coordinates":[[[-102.416,50.047],[-102.419,50.309],[-102.831,50.309],[-102.825,50.047],[-102.416,50.047]]]},"properties":{"RMNO":"124","RMNM":"KINGSLEY"}},{"type":"Feature","geometry":{"type":"Polygon","coordinates":[[[-109.655,51.62],[-109.661,51.62],[-109.661,51.358],[-108.535,51.358],[-108.535,51.62],[-109.655,51.62]]]},"properties":{"RMNO":"290","RMNM":"KINDERSLEY"}},{"type":"Feature","geometry":{"type":"Polygon","coordinates":[[[-107.621,49.451],[-107.621,49.524],[-108.024,49.524],[-108.024,49.436],[-108.428,49.436],[-108.427,49.262],[-108.024,49.262],[-108.024,49.174],[-108.01,49.174],[-108.01,49.0],[-107.209,49.0],[-107.209,49.174],[-107.218,49.174],[-107.217,49.262],[-107.621,49.262],[-107.621,49.451]]]},"properties":{"RMNO":"017","RMNM":"VAL MARIE"}},{"type":"Feature","geometry":{"type":"Polygon","coordinates":[[[-103.612,50.679],[-103.677,50.68],[-103.677,50.659],[-103.809,50.659],[-103.809,50.572],[-103.793,50.572],[-103.793,50.397],[-103.381,50.397],[-103.381,50.57],[-103.382,50.564],[-103.405,50.567],[-103.401,50.572],[-103.446,50.579],[-103.446,50.587],[-103.449,50.581],[-103.461,50.584],[-103.456,50.589],[-103.489,50.593],[-103.485,50.602],[-103.525,50.612],[-103.588,50.649],[-103.612,50.679]]]},"properties":{"RMNO":"156","RMNM":"INDIAN HEAD"}},{"type":"Feature","geometry":{"type":"Polygon","coordinates":[[[-106.005,50.834],[-106.42,50.834],[-106.42,50.572],[-106.005,50.572],[-106.005,50.834]]]},"properties":{"RMNO":"193","RMNM":"EYEBROW"}},{"type":"Feature","geometry":{"type":"Polygon","coordinates":[[[-104.129,51.358],[-104.129,51.387],[-104.2,51.387],[-104.271,51.387],[-104.27,51.358],[-104.538,51.358],[-104.538,51.27],[-104.519,51.27],[-104.519,51.096],[-104.101,51.096],[-104.101,51.27],[-104.117,51.27],[-104.117,51.299],[-104.129,51.299],[-104.129,51.358]]]},"properties":{"RMNO":"248","RMNM":"TOUCHWOOD"}},{"type":"Feature","geometry":{"type":"Polygon","coordinates":[[[-108.018,52.583],[-108.019,52.493],[-108.163,52.493],[-108.163,52.319],[-108.145,52.318],[-108.146,52.231],[-107.717,52.231],[-107.718,52.318],[-107.732,52.318],[-107.732,52.503],[-107.808,52.533],[-107.83,52.557],[-107.853,52.567],[-108.018,52.583]]]},"properties":{"RMNO":"377","RMNM":"GLENSIDE"}},{"type":"Feature","geometry":{"type":"Polygon","coordinates":[[[-105.54,50.572],[-105.718,50.572],[-105.718,50.309],[-105.306,50.309],[-105.306,50.571],[-105.54,50.572]]]},"properties":{"RMNO":"161","RMNM":"MOOSE JAW"}},{"type":"Feature","geometry":{"type":"Polygon","coordinates":[[[-106.41,49.342],[-106.411,49.524],[-106.814,49.524],[-106.808,49.0],[-106.541,49.0],[-106.541,49.174],[-106.5,49.175],[-106.5,49.262],[-106.41,49.262],[-106.41,49.342]]]},"properties":{"RMNO":"044","RMNM":"WAVERLEY"}},{"type":"Feature","geometry":{"type":"Polygon","coordinates":[[[-106.254,49.482],[-106.269,49.464],[-106.295,49.461],[-106.295,49.455],[-106.331,49.466],[-106.411,49.465],[-106.41,49.262],[-106.5,49.262],[-106.5,49.175],[-106.541,49.174],[-106.541,49.0],[-106.005,49.0],[-106.006,49.451],[-106.123,49.454],[-106.148,49.448],[-106.2,49.478],[-106.225,49.474],[-106.254,49.482]]]},"properties":{"RMNO":"043","RMNM":"OLD POST"}},{"type":"Feature","geometry":{"type":"Polygon","coordinates":[[[-105.901,50.572],[-106.005,50.572],[-106.005,50.31],[-105.718,50.309],[-105.718,50.572],[-105.901,50.572]]]},"properties":{"RMNO":"162","RMNM":"CARON"}},{"type":"Feature","geometry":{"type":"Polygon","coordinates":[[[-106.307,51.096],[-106.423,51.096],[-106.42,50.834],[-106.005,50.834],[-106.005,51.096],[-106.307,51.096]]]},"properties":{"RMNO":"223","RMNM":"HURON"}},{"type":"Feature","geometry":{"type":"Polygon","coordinates":[[[-107.923,53.606],[-107.923,53.628],[-108.169,53.628],[-108.169,53.602],[-108.231,53.535],[-108.239,53.515],[-108.223,53.506],[-108.224,53.494],[-108.169,53.497],[-108.169,53.483],[-108.194,53.482],[-108.239,53.446],[-108.235,53.435],[-108.219,53.438],[-108.218,53.365],[-108.199,53.365],[-108.199,53.191],[-107.76,53.191],[-107.76,53.366],[-107.775,53.365],[-107.775,53.541],[-107.923,53.541],[-107.923,53.606]]]},"properties":{"RMNO":"497","RMNM":"MEDSTEAD"}},{"type":"Feature","geometry":{"type":"Polygon","coordinates":[[[-103.282,51.794],[-103.471,51.794],[-103.471,51.809],[-103.478,51.81],[-103.465,51.812],[-103.502,51.832],[-103.521,51.854],[-103.552,51.859],[-103.541,51.87],[-103.558,51.867],[-103.565,51.852],[-103.589,51.867],[-103.626,51.858],[-103.624,51.852],[-103.707,51.852],[-103.704,51.387],[-103.28,51.387],[-103.282,51.794]]]},"properties":{"RMNO":"276","RMNM":"FOAM LAKE"}},{"type":"Feature","geometry":{"type":"Polygon","coordinates":[[[-109.965,51.62],[-110.005,51.62],[-110.005,51.358],[-109.661,51.358],[-109.661,51.62],[-109.965,51.62]]]},"properties":{"RMNO":"292","RMNM":"MILTON"}},{"type":"Feature","geometry":{"type":"Polygon","coordinates":[[[-108.729,52.405],[-108.81,52.405],[-108.809,52.287],[-108.84,52.198],[-108.8,52.172],[-108.798,52.16],[-108.812,52.143],[-108.431,52.144],[-108.432,52.318],[-108.45,52.318],[-108.45,52.406],[-108.729,52.405]]]},"properties":{"RMNO":"379","RMNM":"REFORD"}},{"type":"Feature","geometry":{"type":"Polygon","coordinates":[[[-105.743,53.976],[-105.874,53.977],[-105.874,53.802],[-105.799,53.802],[-105.8,53.715],[-105.765,53.715],[-105.765,53.533],[-105.814,53.533],[-105.814,53.54],[-105.838,53.54],[-105.84,53.554],[-105.9,53.562],[-105.912,53.598],[-106.004,53.598],[-106.004,53.54],[-105.991,53.54],[-106.004,53.521],[-106.004,53.452],[-105.101,53.453],[-105.101,53.715],[-105.13,53.715],[-105.13,53.977],[-105.743,53.976]]]},"properties":{"RMNO":"520","RMNM":"PADDOCKWOOD"}},{"type":"Feature","geometry":{"type":"Polygon","coordinates":[[[-101.736,53.366],[-101.735,53.715],[-102.89,53.715],[-102.891,53.365],[-102.88,53.365],[-102.88,53.191],[-103.027,53.191],[-103.023,52.929],[-102.732,52.929],[-102.727,52.406],[-103.158,52.405],[-103.159,52.318],[-101.609,52.318],[-101.638,52.318],[-101.638,52.667],[-101.672,52.667],[-101.672,53.016],[-101.701,53.016],[-101.701,53.366],[-101.736,53.366]]]},"properties":{"RMNO":"394","RMNM":"HUDSON BAY"}},{"type":"Feature","geometry":{"type":"Polygon","coordinates":[[[-105.255,50.047],[-105.283,50.044],[-105.283,49.872],[-105.258,49.872],[-105.258,49.785],[-104.852,49.785],[-104.852,49.872],[-104.873,49.872],[-104.873,50.047],[-105.255,50.047]]]},"properties":{"RMNO":"100","RMNM":"ELMSTHORPE"}},{"type":"Feature","geometry":{"type":"Polygon","coordinates":[[[-108.713,50.048],[-108.872,50.048],[-108.872,49.873],[-108.852,49.873],[-108.851,49.785],[-108.444,49.786],[-108.444,49.873],[-108.462,49.873],[-108.462,50.048],[-108.713,50.048]]]},"properties":{"RMNO":"109","RMNM":"CARMICHAEL"}},{"type":"Feature","geometry":{"type":"Polygon","coordinates":[[[-104.185,53.016],[-104.197,53.016],[-104.197,53.191],[-104.636,53.191],[-104.636,53.016],[-104.616,53.016],[-104.617,52.929],[-104.181,52.929],[-104.185,53.016]]]},"properties":{"RMNO":"458","RMNM":"WILLOW CREEK"}},{"type":"Feature","geometry":{"type":"Polygon","coordinates":[[[-102.006,49.784],[-102.413,49.785],[-102.413,49.523],[-102.007,49.523],[-102.006,49.784]]]},"properties":{"RMNO":"063","RMNM":"MOOSE MOUNTAIN"}},{"type":"Feature","geometry":{"type":"Polygon","coordinates":[[[-104.181,52.929],[-104.617,52.929],[-104.616,52.667],[-104.181,52.667],[-104.181,52.929]]]},"properties":{"RMNO":"428","RMNM":"STAR CITY"}},{"type":"Feature","geometry":{"type":"Polygon","coordinates":[[[-103.809,50.659],[-103.947,50.659],[-103.947,50.674],[-104.109,50.674],[-104.109,50.71],[-104.224,50.71],[-104.224,50.571],[-104.206,50.571],[-104.206,50.397],[-103.793,50.397],[-103.793,50.572],[-103.809,50.572],[-103.809,50.659]]]},"properties":{"RMNO":"157","RMNM":"SOUTH QU'APPELLE"}},{"type":"Feature","geometry":{"type":"Polygon","coordinates":[[[-109.69,51.882],[-110.005,51.882],[-110.005,51.62],[-109.69,51.62],[-109.69,51.882]]]},"properties":{"RMNO":"322","RMNM":"ANTELOPE PARK"}},{"type":"Feature","geometry":{"type":"Polygon","coordinates":[[[-102.819,49.588],[-102.82,49.785],[-103.226,49.785],[-103.226,49.523],[-102.819,49.523],[-102.819,49.588]]]},"properties":{"RMNO":"065","RMNM":"TECUMSEH"}},{"type":"Feature","geometry":{"type":"Polygon","coordinates":[[[-102.431,51.38],[-102.431,51.387],[-102.856,51.387],[-102.849,51.122],[-102.428,51.122],[-102.431,51.38]]]},"properties":{"RMNO":"244","RMNM":"ORKNEY"}},{"type":"Feature","geometry":{"type":"Polygon","coordinates":[[[-104.597,52.5],[-104.597,52.667],[-105.028,52.667],[-105.028,52.551],[-105.004,52.551],[-105.004,52.537],[-104.981,52.537],[-104.981,52.493],[-104.957,52.493],[-104.957,52.449],[-105.004,52.449],[-105.004,52.406],[-104.597,52.405],[-104.597,52.5]]]},"properties":{"RMNO":"399","RMNM":"LAKE LENORE"}},{"type":"Feature","geometry":{"type":"Polygon","coordinates":[[[-101.539,51.118],[-101.539,51.125],[-102.006,51.122],[-102.006,50.856],[-101.509,50.86],[-101.509,50.948],[-101.539,50.949],[-101.539,51.118]]]},"properties":{"RMNO":"211","RMNM":"CHURCHBRIDGE"}},{"type":"Feature","geometry":{"type":"Polygon","coordinates":[[[-101.509,50.698],[-101.509,50.86],[-102.006,50.856],[-102.006,50.679],[-101.509,50.683],[-101.509,50.698]]]},"properties":{"RMNO":"181","RMNM":"LANGENBURG"}},{"type":"Feature","geometry":{"type":"Polygon","coordinates":[[[-103.758,53.191],[-104.197,53.191],[-104.197,53.016],[-104.181,53.016],[-104.181,52.929],[-103.745,52.929],[-103.745,53.016],[-103.758,53.016],[-103.758,53.191]]]},"properties":{"RMNO":"457","RMNM":"CONNAUGHT"}},{"type":"Feature","geometry":{"type":"Polygon","coordinates":[[[-103.746,52.667],[-103.745,52.929],[-104.181,52.929],[-104.181,52.667],[-103.746,52.667]]]},"properties":{"RMNO":"427","RMNM":"TISDALE"}},{"type":"Feature","geometry":{"type":"Polygon","coordinates":[[[-103.704,51.387],[-103.704,51.652],[-104.129,51.652],[-104.129,51.387],[-103.704,51.387]]]},"properties":{"RMNO":"277","RMNM":"EMERALD"}},{"type":"Feature","geometry":{"type":"Polygon","coordinates":[[[-102.814,49.258],[-103.217,49.261],[-103.217,49.174],[-103.209,49.174],[-103.209,48.999],[-102.813,48.999],[-102.814,49.258]]]},"properties":{"RMNO":"005","RMNM":"ESTEVAN"}},{"type":"Feature","geometry":{"type":"Polygon","coordinates":[[[-107.868,49.786],[-108.037,49.786],[-108.038,49.524],[-107.631,49.524],[-107.631,49.786],[-107.868,49.786]]]},"properties":{"RMNO":"077","RMNM":"WISE CREEK"}},{"type":"Feature","geometry":{"type":"Polygon","coordinates":[[[-109.968,52.405],[-110.005,52.405],[-110.005,52.143],[-109.574,52.143],[-109.574,52.318],[-109.601,52.318],[-109.601,52.406],[-109.968,52.405]]]},"properties":{"RMNO":"382","RMNM":"EYE HILL"}},{"type":"Feature","geometry":{"type":"Polygon","coordinates":[[[-105.765,53.557],[-105.765,53.715],[-105.8,53.715],[-105.799,53.802],[-105.874,53.802],[-105.874,53.977],[-106.004,53.976],[-106.004,53.598],[-105.912,53.598],[-105.9,53.562],[-105.84,53.554],[-105.838,53.54],[-105.814,53.54],[-105.814,53.533],[-105.765,53.533],[-105.765,53.557]]]},"properties":{"RMNO":"521","RMNM":"DISTRICT OF LAKELAND"}},{"type":"Feature","geometry":{"type":"Polygon","coordinates":[[[-104.481,50.222],[-104.48,50.309],[-104.893,50.309],[-104.893,50.222],[-104.873,50.222],[-104.873,50.047],[-104.464,50.047],[-104.464,50.222],[-104.481,50.222]]]},"properties":{"RMNO":"129","RMNM":"BRATT'S LAKE"}},{"type":"Feature","geometry":{"type":"Polygon","coordinates":[[[-105.18,50.309],[-105.306,50.309],[-105.306,50.222],[-105.283,50.222],[-105.283,50.047],[-104.873,50.047],[-104.873,50.222],[-104.893,50.222],[-104.893,50.309],[-105.18,50.309]]]},"properties":{"RMNO":"130","RMNM":"REDBURN"}},{"type":"Feature","geometry":{"type":"Polygon","coordinates":[[[-104.48,50.309],[-104.481,50.572],[-104.893,50.572],[-104.893,50.309],[-104.48,50.309]]]},"properties":{"RMNO":"159","RMNM":"SHERWOOD"}},{"type":"Feature","geometry":{"type":"Polygon","coordinates":[[[-103.677,50.834],[-104.224,50.834],[-104.224,50.71],[-104.109,50.71],[-104.109,50.674],[-103.947,50.674],[-103.947,50.659],[-103.677,50.659],[-103.677,50.68],[-103.612,50.68],[-103.622,50.693],[-103.632,50.693],[-103.629,50.706],[-103.638,50.719],[-103.65,50.719],[-103.654,50.736],[-103.677,50.747],[-103.677,50.834]]]},"properties":{"RMNO":"187","RMNM":"NORTH QU'APPELLE"}},{"type":"Feature","geometry":{"type":"Polygon","coordinates":[[[-104.494,50.812],[-104.501,50.819],[-104.501,50.783],[-104.478,50.783],[-104.478,50.746],[-104.501,50.746],[-104.501,50.572],[-104.481,50.572],[-104.48,50.309],[-104.206,50.309],[-104.206,50.571],[-104.224,50.571],[-104.224,50.793],[-104.308,50.785],[-104.329,50.776],[-104.326,50.782],[-104.363,50.78],[-104.464,50.793],[-104.494,50.812]]]},"properties":{"RMNO":"158","RMNM":"EDENWOLD"}},{"type":"Feature","geometry":{"type":"Polygon","coordinates":[[[-102.808,50.639],[-102.85,50.643],[-102.877,50.636],[-102.878,50.642],[-102.884,50.637],[-102.894,50.642],[-102.902,50.637],[-102.899,50.642],[-102.906,50.645],[-102.906,50.636],[-102.918,50.641],[-102.917,50.634],[-102.934,50.635],[-102.928,50.631],[-102.941,50.631],[-102.949,50.617],[-102.96,50.619],[-102.983,50.609],[-102.976,50.606],[-102.982,50.592],[-102.976,50.592],[-102.976,50.572],[-102.969,50.572],[-102.969,50.309],[-102.419,50.309],[-102.419,50.548],[-102.434,50.535],[-102.451,50.538],[-102.465,50.531],[-102.473,50.537],[-102.476,50.53],[-102.509,50.532],[-102.528,50.544],[-102.539,50.536],[-102.537,50.542],[-102.544,50.543],[-102.535,50.551],[-102.552,50.556],[-102.56,50.55],[-102.557,50.558],[-102.576,50.561],[-102.583,50.555],[-102.584,50.564],[-102.592,50.56],[-102.611,50.569],[-102.615,50.563],[-102.655,50.591],[-102.665,50.587],[-102.663,50.599],[-102.688,50.615],[-102.722,50.616],[-102.769,50.602],[-102.779,50.622],[-102.787,50.619],[-102.785,50.628],[-102.793,50.61],[-102.792,50.619],[-102.8,50.618],[-102.79,50.628],[-102.8,50.631],[-102.801,50.64],[-102.806,50.632],[-102.814,50.635],[-102.808,50.639]]]},"properties":{"RMNO":"154","RMNM":"ELCAPO"}},{"type":"Feature","geometry":{"type":"Polygon","coordinates":[[[-102.425,50.855],[-102.843,50.857],[-102.843,50.638],[-102.812,50.644],[-102.809,50.632],[-102.798,50.639],[-102.8,50.631],[-102.79,50.627],[-102.8,50.618],[-102.792,50.619],[-102.795,50.611],[-102.784,50.628],[-102.787,50.619],[-102.779,50.622],[-102.769,50.602],[-102.717,50.617],[-102.686,50.614],[-102.662,50.598],[-102.665,50.588],[-102.655,50.591],[-102.615,50.563],[-102.611,50.569],[-102.592,50.56],[-102.584,50.564],[-102.583,50.555],[-102.576,50.561],[-102.557,50.558],[-102.56,50.55],[-102.552,50.556],[-102.535,50.551],[-102.544,50.543],[-102.537,50.542],[-102.539,50.536],[-102.528,50.544],[-102.509,50.532],[-102.433,50.535],[-102.419,50.548],[-102.425,50.855]]]},"properties":{"RMNO":"184","RMNM":"GRAYSON"}},{"type":"Feature","geometry":{"type":"Polygon","coordinates":[[[-105.638,49.261],[-105.813,49.261],[-105.796,49.289],[-105.823,49.277],[-105.853,49.233],[-105.866,49.237],[-105.869,49.252],[-105.875,49.243],[-105.871,49.232],[-105.891,49.221],[-105.898,49.246],[-105.927,49.261],[-106.005,49.262],[-106.005,49.0],[-105.612,49.0],[-105.612,49.173],[-105.638,49.173],[-105.638,49.261]]]},"properties":{"RMNO":"012","RMNM":"POPLAR VALLEY"}},{"type":"Feature","geometry":{"type":"Polygon","coordinates":[[[-108.572,53.191],[-108.637,53.191],[-108.638,53.016],[-108.617,53.016],[-108.617,52.966],[-108.539,52.938],[-108.491,52.911],[-108.447,52.901],[-108.447,52.929],[-108.181,52.929],[-108.181,53.016],[-108.199,53.016],[-108.199,53.191],[-108.572,53.191]]]},"properties":{"RMNO":"468","RMNM":"MEOTA"}},{"type":"Feature","geometry":{"type":"Polygon","coordinates":[[[-107.244,52.144],[-107.289,52.144],[-107.289,51.969],[-107.28,51.969],[-107.28,51.882],[-106.755,51.882],[-106.751,51.887],[-106.757,51.901],[-106.777,51.913],[-106.772,51.921],[-106.777,51.925],[-106.75,51.936],[-106.805,51.952],[-106.798,51.969],[-106.861,51.969],[-106.861,52.144],[-107.244,52.144]]]},"properties":{"RMNO":"345","RMNM":"VANSCOY"}},{"type":"Feature","geometry":{"type":"Polygon","coordinates":[[[-103.447,52.406],[-103.447,52.493],[-103.735,52.493],[-103.735,52.406],[-103.699,52.404],[-103.703,52.395],[-103.703,52.402],[-103.712,52.399],[-103.71,52.393],[-103.725,52.397],[-103.711,52.393],[-103.724,52.384],[-103.71,52.381],[-103.713,52.372],[-103.706,52.37],[-103.715,52.364],[-103.726,52.376],[-103.715,52.365],[-103.714,52.346],[-103.722,52.337],[-103.697,52.32],[-103.72,52.318],[-103.72,52.144],[-103.292,52.144],[-103.291,52.318],[-103.303,52.318],[-103.303,52.406],[-103.447,52.406]]]},"properties":{"RMNO":"366","RMNM":"KELVINGTON"}},{"type":"Feature","geometry":{"type":"Polygon","coordinates":[[[-103.048,53.722],[-103.048,53.779],[-103.086,53.762],[-103.116,53.737],[-103.159,53.722],[-103.209,53.73],[-103.245,53.716],[-103.296,53.716],[-103.326,53.695],[-103.392,53.688],[-103.405,53.677],[-103.398,53.659],[-103.411,53.662],[-103.415,53.65],[-103.446,53.645],[-103.458,53.649],[-103.453,53.655],[-103.507,53.644],[-103.541,53.654],[-103.552,53.644],[-103.637,53.639],[-103.701,53.615],[-103.716,53.588],[-103.695,53.552],[-103.774,53.547],[-103.775,53.365],[-103.758,53.365],[-103.758,53.191],[-102.88,53.191],[-102.88,53.365],[-102.891,53.365],[-102.89,53.715],[-103.048,53.715],[-103.048,53.722]]]},"properties":{"RMNO":"486","RMNM":"MOOSE RANGE"}},{"type":"Feature","geometry":{"type":"Polygon","coordinates":[[[-106.525,52.827],[-106.585,52.828],[-106.587,52.842],[-106.6,52.821],[-106.621,52.811],[-106.609,52.806],[-106.609,52.791],[-106.585,52.791],[-106.58,52.435],[-106.346,52.435],[-106.325,52.464],[-106.304,52.473],[-106.305,52.486],[-106.258,52.5],[-106.244,52.526],[-106.152,52.573],[-106.158,52.617],[-106.135,52.617],[-106.121,52.639],[-106.116,52.662],[-106.129,52.673],[-106.116,52.681],[-106.121,52.697],[-106.105,52.713],[-106.296,52.713],[-106.296,52.757],[-106.442,52.757],[-106.442,52.842],[-106.521,52.842],[-106.525,52.827]]]},"properties":{"RMNO":"403","RMNM":"ROSTHERN"}},{"type":"Feature","geometry":{"type":"Polygon","coordinates":[[[-102.006,50.045],[-102.416,50.047],[-102.413,49.785],[-102.006,49.784],[-102.006,50.045]]]},"properties":{"RMNO":"093","RMNM":"WAWKEN"}},{"type":"Feature","geometry":{"type":"Polygon","coordinates":[[[-104.41,49.116],[-104.41,49.173],[-104.428,49.173],[-104.428,49.261],[-104.831,49.261],[-104.831,49.174],[-104.811,49.174],[-104.811,48.999],[-104.411,48.999],[-104.41,49.116]]]},"properties":{"RMNO":"009","RMNM":"SURPRISE VALLEY"}},{"type":"Feature","geometry":{"type":"Polygon","coordinates":[[[-102.416,50.033],[-102.416,50.047],[-102.825,50.047],[-102.82,49.785],[-102.413,49.785],[-102.416,50.033]]]},"properties":{"RMNO":"094","RMNM":"HAZELWOOD"}},{"type":"Feature","geometry":{"type":"Polygon","coordinates":[[[-102.825,50.045],[-103.235,50.047],[-103.235,49.872],[-103.226,49.872],[-103.226,49.785],[-102.82,49.785],[-102.825,50.045]]]},"properties":{"RMNO":"095","RMNM":"GOLDEN WEST"}},{"type":"Feature","geometry":{"type":"Polygon","coordinates":[[[-105.364,52.406],[-105.459,52.405],[-105.459,52.318],[-105.432,52.318],[-105.432,52.144],[-105.004,52.144],[-105.004,52.318],[-105.028,52.318],[-105.028,52.406],[-105.364,52.406]]]},"properties":{"RMNO":"370","RMNM":"HUMBOLDT"}},{"type":"Feature","geometry":{"type":"Polygon","coordinates":[[[-103.168,52.873],[-103.168,52.929],[-103.745,52.929],[-103.746,52.667],[-103.735,52.667],[-103.735,52.493],[-103.447,52.493],[-103.447,52.537],[-103.303,52.537],[-103.311,52.798],[-103.168,52.799],[-103.168,52.873]]]},"properties":{"RMNO":"426","RMNM":"BJORKDALE"}},{"type":"Feature","geometry":{"type":"Polygon","coordinates":[[[-104.132,51.794],[-104.132,51.881],[-104.415,51.882],[-104.415,51.794],[-104.529,51.794],[-104.557,51.785],[-104.557,51.62],[-104.538,51.62],[-104.538,51.533],[-104.27,51.533],[-104.27,51.564],[-104.129,51.564],[-104.132,51.794]]]},"properties":{"RMNO":"308","RMNM":"BIG QUILL"}},{"type":"Feature","geometry":{"type":"Polygon","coordinates":[[[-106.432,52.143],[-106.429,51.882],[-106.004,51.882],[-106.004,52.144],[-106.432,52.143]]]},"properties":{"RMNO":"343","RMNM":"BLUCHER"}},{"type":"Feature","geometry":{"type":"Polygon","coordinates":[[[-109.258,49.524],[-109.258,49.873],[-109.281,49.873],[-109.281,50.048],[-109.691,50.048],[-109.691,50.135],[-110.005,50.135],[-110.005,49.524],[-109.258,49.524]]]},"properties":{"RMNO":"111","RMNM":"MAPLE CREEK"}},{"type":"Feature","geometry":{"type":"Polygon","coordinates":[[[-109.533,54.507],[-109.533,54.515],[-109.609,54.515],[-109.609,54.529],[-109.634,54.529],[-109.634,54.558],[-109.785,54.558],[-109.785,54.587],[-109.861,54.587],[-109.873,54.602],[-109.886,54.602],[-109.886,54.616],[-109.898,54.616],[-109.898,54.631],[-109.911,54.631],[-109.911,54.645],[-109.936,54.645],[-109.936,54.653],[-110.006,54.653],[-110.006,54.064],[-109.603,54.064],[-109.601,54.317],[-109.534,54.311],[-109.509,54.316],[-109.474,54.29],[-109.421,54.283],[-109.418,54.276],[-109.433,54.26],[-109.431,54.253],[-109.394,54.233],[-109.376,54.239],[-109.373,54.254],[-109.329,54.259],[-109.292,54.248],[-109.297,54.244],[-109.288,54.243],[-109.284,54.232],[-109.252,54.23],[-109.226,54.258],[-109.19,54.276],[-109.148,54.278],[-109.109,54.27],[-109.085,54.279],[-109.032,54.276],[-109.026,54.282],[-109.034,54.281],[-108.997,54.3],[-108.971,54.295],[-108.974,54.29],[-108.959,54.287],[-108.959,54.28],[-108.88,54.268],[-108.853,54.272],[-108.853,54.413],[-108.878,54.413],[-108.878,54.486],[-109.155,54.486],[-109.155,54.5],[-109.533,54.5],[-109.533,54.507]]]},"properties":{"RMNO":"622","RMNM":"BEAVER RIVER"}},{"type":"Feature","geometry":{"type":"Polygon","coordinates":[[[-106.15,52.58],[-106.196,52.546],[-106.244,52.526],[-106.258,52.5],[-106.305,52.486],[-106.305,52.472],[-106.325,52.464],[-106.347,52.44],[-106.343,52.406],[-106.38,52.404],[-106.405,52.383],[-106.406,52.362],[-106.461,52.318],[-106.433,52.318],[-106.433,52.144],[-106.147,52.144],[-106.15,52.58]]]},"properties":{"RMNO":"373","RMNM":"ABERDEEN"}},{"type":"Feature","geometry":{"type":"Polygon","coordinates":[[[-106.588,52.435],[-106.676,52.435],[-106.676,52.405],[-106.989,52.406],[-107.011,52.385],[-107.043,52.374],[-107.123,52.393],[-107.184,52.358],[-107.228,52.352],[-107.3,52.355],[-107.3,52.318],[-107.289,52.318],[-107.289,52.144],[-106.861,52.144],[-106.861,51.969],[-106.433,51.969],[-106.433,52.318],[-106.461,52.318],[-106.406,52.362],[-106.405,52.383],[-106.38,52.404],[-106.343,52.406],[-106.346,52.434],[-106.588,52.435]]]},"properties":{"RMNO":"344","RMNM":"CORMAN PARK"}},{"type":"Feature","geometry":{"type":"Polygon","coordinates":[[[-101.571,51.648],[-101.571,51.655],[-102.006,51.652],[-102.006,51.387],[-101.732,51.39],[-101.733,51.376],[-101.726,51.375],[-101.734,51.368],[-101.724,51.368],[-101.724,51.346],[-101.701,51.325],[-101.647,51.306],[-101.56,51.289],[-101.539,51.277],[-101.539,51.302],[-101.571,51.302],[-101.571,51.648]]]},"properties":{"RMNO":"271","RMNM":"COTE"}},{"type":"Feature","geometry":{"type":"Polygon","coordinates":[[[-105.282,59.999],[-110.006,60.0],[-110.006,54.653],[-109.936,54.653],[-109.936,54.645],[-109.911,54.645],[-109.911,54.631],[-109.898,54.631],[-109.898,54.616],[-109.886,54.616],[-109.886,54.602],[-109.873,54.602],[-109.861,54.587],[-109.785,54.587],[-109.785,54.558],[-109.634,54.558],[-109.634,54.529],[-109.609,54.529],[-109.609,54.515],[-109.533,54.515],[-109.533,54.5],[-109.155,54.5],[-109.155,54.486],[-108.802,54.486],[-108.802,54.515],[-108.651,54.515],[-108.651,54.587],[-107.97,54.587],[-107.97,54.413],[-107.953,54.413],[-107.953,54.151],[-106.754,54.151],[-106.751,53.823],[-106.773,53.815],[-106.768,53.802],[-106.777,53.793],[-106.776,53.778],[-106.727,53.736],[-106.722,53.716],[-106.728,53.702],[-106.69,53.676],[-106.667,53.649],[-106.652,53.64],[-106.607,53.642],[-106.594,53.636],[-106.545,53.604],[-106.541,53.584],[-106.078,53.583],[-106.078,53.576],[-106.004,53.569],[-106.004,53.976],[-105.13,53.977],[-105.13,53.802],[-103.642,53.802],[-103.642,53.714],[-103.627,53.714],[-103.627,53.641],[-103.552,53.644],[-103.534,53.655],[-103.507,53.644],[-103.453,53.655],[-103.458,53.649],[-103.446,53.645],[-103.415,53.65],[-103.411,53.662],[-103.398,53.659],[-103.405,53.677],[-103.392,53.688],[-103.326,53.695],[-103.296,53.716],[-103.245,53.716],[-103.209,53.73],[-103.159,53.722],[-103.116,53.737],[-103.086,53.762],[-103.048,53.779],[-103.048,53.715],[-101.735,53.715],[-101.771,53.715],[-101.771,54.064],[-101.81,54.064],[-101.81,54.414],[-101.847,54.414],[-101.847,54.763],[-101.885,54.763],[-101.885,55.112],[-101.924,55.112],[-101.924,55.46],[-101.964,55.46],[-101.964,55.809],[-102.004,55.809],[-102.008,59.999],[-105.282,59.999]]]},"properties":{"RMNO":"999","RMNM":"NORTHERN ADMIN DISTRICT"}},{"type":"Feature","geometry":{"type":"Polygon","coordinates":[[[-107.012,52.609],[-107.155,52.609],[-107.155,52.58],[-107.444,52.58],[-107.444,52.375],[-107.399,52.353],[-107.228,52.352],[-107.181,52.359],[-107.128,52.392],[-107.102,52.393],[-107.058,52.374],[-107.011,52.385],[-106.94,52.455],[-106.885,52.58],[-107.012,52.58],[-107.012,52.609]]]},"properties":{"RMNO":"405","RMNM":"GREAT BEND"}},{"type":"Feature","geometry":{"type":"Polygon","coordinates":[[[-109.993,53.6],[-110.006,53.604],[-110.006,53.278],[-109.516,53.278],[-109.516,53.366],[-109.545,53.366],[-109.545,53.42],[-109.565,53.436],[-109.54,53.472],[-109.539,53.488],[-109.618,53.524],[-109.634,53.546],[-109.626,53.575],[-109.636,53.588],[-109.745,53.604],[-109.775,53.597],[-109.788,53.587],[-109.796,53.561],[-109.819,53.553],[-109.897,53.568],[-109.993,53.6]]]},"properties":{"RMNO":"502","RMNM":"BRITANNIA"}},{"type":"Feature","geometry":{"type":"MultiPolygon","coordinates":[[[[-101.991,50.549],[-102.006,50.547],[-102.006,50.326],[-101.477,50.329],[-101.477,50.484],[-101.488,50.492],[-101.567,50.49],[-101.589,50.495],[-101.594,50.506],[-101.613,50.509],[-101.611,50.516],[-101.621,50.513],[-101.617,50.519],[-101.626,50.516],[-101.629,50.524],[-101.635,50.517],[-101.684,50.523],[-101.687,50.515],[-101.722,50.51],[-101.719,50.505],[-101.772,50.475],[-101.813,50.489],[-101.807,50.49],[-101.814,50.497],[-101.805,50.509],[-101.816,50.505],[-101.817,50.514],[-101.809,50.516],[-101.83,50.532],[-101.874,50.536],[-101.898,50.526],[-101.905,50.531],[-101.915,50.519],[-101.921,50.526],[-101.95,50.519],[-101.968,50.538],[-101.978,50.535],[-101.975,50.541],[-101.987,50.536],[-101.984,50.545],[-101.991,50.549]]],[[[-101.851,50.534],[-101.849,50.536],[-101.851,50.536],[-101.851,50.534]]]]},"properties":{"RMNO":"151","RMNM":"ROCANVILLE"}},{"type":"Feature","geometry":{"type":"Polygon","coordinates":[[[-105.194,51.096],[-105.239,51.095],[-105.23,51.074],[-105.221,51.08],[-105.227,51.077],[-105.225,51.06],[-105.212,51.052],[-105.217,51.048],[-105.205,51.021],[-105.199,51.02],[-105.185,50.993],[-105.171,50.991],[-105.179,50.99],[-105.151,50.948],[-105.102,50.9],[-105.1,50.886],[-105.036,50.802],[-105.005,50.812],[-104.917,50.788],[-104.917,50.921],[-104.799,50.921],[-104.799,51.096],[-105.194,51.096]]]},"properties":{"RMNO":"220","RMNM":"MCKILLOP"}},{"type":"Feature","geometry":{"type":"Polygon","coordinates":[[[-105.055,50.827],[-105.054,50.797],[-105.044,50.783],[-105.02,50.776],[-105.055,50.756],[-105.055,50.572],[-104.501,50.572],[-104.501,50.746],[-104.478,50.746],[-104.478,50.783],[-104.501,50.783],[-104.501,50.819],[-104.544,50.81],[-104.559,50.818],[-104.574,50.805],[-104.597,50.803],[-104.6,50.793],[-104.62,50.799],[-104.645,50.788],[-104.643,50.782],[-104.66,50.779],[-104.653,50.773],[-104.661,50.766],[-104.684,50.764],[-104.679,50.758],[-104.709,50.73],[-104.714,50.734],[-104.726,50.723],[-104.747,50.722],[-104.748,50.711],[-104.77,50.714],[-104.771,50.706],[-104.79,50.707],[-104.792,50.699],[-104.801,50.702],[-104.797,50.707],[-104.814,50.701],[-104.817,50.709],[-104.829,50.702],[-104.843,50.706],[-104.843,50.719],[-104.864,50.733],[-104.88,50.768],[-104.921,50.793],[-105.005,50.812],[-105.036,50.802],[-105.055,50.827]]]},"properties":{"RMNO":"189","RMNM":"LUMSDEN"}},{"type":"Feature","geometry":{"type":"Polygon","coordinates":[[[-107.313,50.048],[-107.643,50.048],[-107.643,49.873],[-107.631,49.873],[-107.631,49.786],[-107.224,49.786],[-107.224,49.873],[-107.234,49.873],[-107.234,50.048],[-107.313,50.048]]]},"properties":{"RMNO":"106","RMNM":"WHISKA CREEK"}},{"type":"Feature","geometry":{"type":"Polygon","coordinates":[[[-105.575,50.834],[-105.61,50.834],[-105.609,50.728],[-105.494,50.644],[-105.332,50.572],[-105.055,50.572],[-105.055,50.756],[-105.02,50.776],[-105.044,50.783],[-105.054,50.797],[-105.06,50.834],[-105.575,50.834]]]},"properties":{"RMNO":"190","RMNM":"DUFFERIN"}},{"type":"Feature","geometry":{"type":"Polygon","coordinates":[[[-103.284,50.945],[-103.27,50.945],[-103.27,51.122],[-103.691,51.122],[-103.691,50.945],[-103.678,50.945],[-103.677,50.856],[-103.285,50.857],[-103.284,50.945]]]},"properties":{"RMNO":"216","RMNM":"TULLYMET"}},{"type":"Feature","geometry":{"type":"Polygon","coordinates":[[[-103.261,50.736],[-103.261,50.857],[-103.677,50.856],[-103.677,50.747],[-103.654,50.736],[-103.65,50.719],[-103.637,50.718],[-103.628,50.703],[-103.632,50.693],[-103.621,50.693],[-103.588,50.649],[-103.525,50.612],[-103.489,50.604],[-103.483,50.6],[-103.489,50.593],[-103.477,50.588],[-103.456,50.589],[-103.461,50.584],[-103.449,50.581],[-103.446,50.587],[-103.446,50.579],[-103.394,50.565],[-103.382,50.564],[-103.381,50.57],[-103.375,50.565],[-103.376,50.571],[-103.353,50.564],[-103.358,50.56],[-103.353,50.556],[-103.347,50.564],[-103.347,50.556],[-103.332,50.56],[-103.323,50.549],[-103.297,50.548],[-103.3,50.541],[-103.29,50.549],[-103.296,50.541],[-103.291,50.538],[-103.281,50.544],[-103.246,50.535],[-103.249,50.527],[-103.244,50.572],[-103.253,50.572],[-103.253,50.592],[-103.261,50.592],[-103.261,50.736]]]},"properties":{"RMNO":"186","RMNM":"ABERNETHY"}},{"type":"Feature","geometry":{"type":"Polygon","coordinates":[[[-103.677,50.856],[-103.678,50.945],[-103.691,50.945],[-103.691,51.096],[-104.101,51.096],[-104.101,50.921],[-104.085,50.921],[-104.085,50.834],[-103.677,50.834],[-103.677,50.856]]]},"properties":{"RMNO":"217","RMNM":"LIPTON"}},{"type":"Feature","geometry":{"type":"Polygon","coordinates":[[[-108.853,50.972],[-108.812,50.953],[-108.737,50.966],[-108.666,50.942],[-108.627,50.938],[-108.554,50.945],[-108.516,50.928],[-108.516,51.096],[-108.353,51.096],[-108.353,51.271],[-108.371,51.271],[-108.371,51.358],[-108.958,51.358],[-108.958,51.271],[-108.934,51.271],[-108.934,51.018],[-108.903,50.994],[-108.853,50.972]]]},"properties":{"RMNO":"259","RMNM":"SNIPE LAKE"}},{"type":"Feature","geometry":{"type":"Polygon","coordinates":[[[-105.822,51.096],[-106.005,51.096],[-106.005,50.878],[-105.984,50.874],[-105.975,50.856],[-105.955,50.856],[-105.944,50.841],[-105.932,50.841],[-105.932,50.834],[-105.887,50.819],[-105.887,50.812],[-105.863,50.805],[-105.863,50.797],[-105.84,50.797],[-105.84,50.79],[-105.798,50.771],[-105.771,50.775],[-105.771,50.768],[-105.685,50.765],[-105.609,50.728],[-105.61,50.921],[-105.636,50.921],[-105.636,51.096],[-105.822,51.096]]]},"properties":{"RMNO":"222","RMNM":"CRAIK"}},{"type":"Feature","geometry":{"type":"Polygon","coordinates":[[[-103.633,49.785],[-103.226,49.785],[-103.226,49.872],[-103.235,49.872],[-103.235,50.047],[-103.644,50.047],[-103.644,49.872],[-103.633,49.872],[-103.633,49.785]]]},"properties":{"RMNO":"096","RMNM":"FILLMORE"}},{"type":"Feature","geometry":{"type":"Polygon","coordinates":[[[-101.723,49.887],[-101.723,50.064],[-102.006,50.06],[-102.007,49.706],[-101.691,49.71],[-101.691,49.886],[-101.723,49.887]]]},"properties":{"RMNO":"092","RMNM":"WALPOLE"}},{"type":"Feature","geometry":{"type":"Polygon","coordinates":[[[-101.691,49.71],[-101.418,49.71],[-101.418,49.887],[-101.447,49.887],[-101.447,50.064],[-101.723,50.064],[-101.723,49.887],[-101.691,49.886],[-101.691,49.71]]]},"properties":{"RMNO":"091","RMNM":"MARYFIELD"}},{"type":"Feature","geometry":{"type":"Polygon","coordinates":[[[-108.829,50.31],[-108.892,50.31],[-108.892,50.223],[-108.872,50.223],[-108.872,50.048],[-108.462,50.048],[-108.462,50.223],[-108.48,50.223],[-108.48,50.31],[-108.829,50.31]]]},"properties":{"RMNO":"139","RMNM":"GULL LAKE"}},{"type":"Feature","geometry":{"type":"Polygon","coordinates":[[[-107.801,50.397],[-108.067,50.397],[-108.067,50.222],[-108.053,50.222],[-108.053,50.048],[-107.643,50.048],[-107.643,50.223],[-107.655,50.223],[-107.655,50.397],[-107.801,50.397]]]},"properties":{"RMNO":"137","RMNM":"SWIFT CURRENT"}},{"type":"Feature","geometry":{"type":"Polygon","coordinates":[[[-107.563,50.31],[-107.655,50.31],[-107.655,50.223],[-107.643,50.223],[-107.643,50.048],[-107.234,50.048],[-107.234,50.222],[-107.242,50.222],[-107.242,50.31],[-107.563,50.31]]]},"properties":{"RMNO":"136","RMNM":"COULEE"}},{"type":"Feature","geometry":{"type":"Polygon","coordinates":[[[-108.256,50.673],[-108.317,50.698],[-108.332,50.728],[-108.366,50.767],[-108.44,50.803],[-108.442,50.82],[-108.431,50.834],[-108.448,50.835],[-108.442,50.868],[-108.498,50.921],[-108.498,50.572],[-108.48,50.572],[-108.48,50.31],[-108.067,50.31],[-108.067,50.572],[-108.082,50.572],[-108.082,50.681],[-108.17,50.676],[-108.228,50.663],[-108.256,50.673]]]},"properties":{"RMNO":"168","RMNM":"RIVERSIDE"}},{"type":"Feature","geometry":{"type":"Polygon","coordinates":[[[-104.52,51.182],[-104.659,51.183],[-104.659,51.139],[-104.799,51.139],[-104.799,50.921],[-104.917,50.921],[-104.917,50.788],[-104.88,50.768],[-104.864,50.733],[-104.843,50.719],[-104.843,50.706],[-104.829,50.702],[-104.817,50.709],[-104.814,50.701],[-104.797,50.707],[-104.801,50.702],[-104.791,50.699],[-104.79,50.707],[-104.771,50.706],[-104.77,50.714],[-104.748,50.711],[-104.747,50.722],[-104.704,50.733],[-104.702,50.742],[-104.693,50.741],[-104.698,50.747],[-104.679,50.758],[-104.684,50.764],[-104.661,50.766],[-104.653,50.773],[-104.66,50.779],[-104.643,50.782],[-104.645,50.788],[-104.62,50.799],[-104.6,50.793],[-104.597,50.803],[-104.574,50.805],[-104.559,50.818],[-104.544,50.81],[-104.501,50.819],[-104.501,50.921],[-104.52,50.921],[-104.52,51.182]]]},"properties":{"RMNO":"219","RMNM":"LONGLAKETON"}},{"type":"Feature","geometry":{"type":"Polygon","coordinates":[[[-104.085,50.834],[-104.085,50.921],[-104.101,50.921],[-104.101,51.096],[-104.519,51.096],[-104.52,50.921],[-104.501,50.921],[-104.501,50.819],[-104.48,50.8],[-104.448,50.789],[-104.327,50.783],[-104.327,50.776],[-104.308,50.785],[-104.224,50.793],[-104.224,50.834],[-104.085,50.834]]]},"properties":{"RMNO":"218","RMNM":"CUPAR"}},{"type":"Feature","geometry":{"type":"Polygon","coordinates":[[[-105.281,52.675],[-105.459,52.667],[-105.459,52.405],[-105.004,52.406],[-105.004,52.449],[-104.957,52.449],[-104.957,52.493],[-104.981,52.493],[-104.981,52.537],[-105.004,52.537],[-105.004,52.551],[-105.028,52.551],[-105.028,52.667],[-105.279,52.667],[-105.281,52.675]]]},"properties":{"RMNO":"400","RMNM":"THREE LAKES"}},{"type":"Feature","geometry":{"type":"Polygon","coordinates":[[[-101.666,51.314],[-101.716,51.334],[-101.724,51.346],[-101.724,51.368],[-101.734,51.368],[-101.726,51.375],[-101.733,51.376],[-101.732,51.39],[-102.006,51.387],[-102.006,51.122],[-101.539,51.125],[-101.539,51.277],[-101.56,51.289],[-101.666,51.314]]]},"properties":{"RMNO":"241","RMNM":"CALDER"}},{"type":"Feature","geometry":{"type":"Polygon","coordinates":[[[-105.452,51.358],[-105.663,51.358],[-105.663,51.27],[-105.636,51.27],[-105.636,51.096],[-105.239,51.096],[-105.243,51.106],[-105.247,51.102],[-105.256,51.155],[-105.252,51.18],[-105.245,51.18],[-105.237,51.195],[-105.242,51.204],[-105.246,51.192],[-105.238,51.248],[-105.245,51.259],[-105.241,51.267],[-105.24,51.261],[-105.225,51.266],[-105.225,51.282],[-105.231,51.267],[-105.24,51.271],[-105.228,51.307],[-105.231,51.296],[-105.247,51.287],[-105.214,51.343],[-105.213,51.349],[-105.242,51.324],[-105.22,51.358],[-105.452,51.358]]]},"properties":{"RMNO":"251","RMNM":"BIG ARM"}},{"type":"Feature","geometry":{"type":"Polygon","coordinates":[[[-105.202,51.358],[-105.22,51.358],[-105.242,51.324],[-105.212,51.349],[-105.247,51.287],[-105.231,51.296],[-105.228,51.307],[-105.24,51.271],[-105.231,51.267],[-105.225,51.282],[-105.225,51.266],[-105.24,51.261],[-105.241,51.267],[-105.245,51.259],[-105.238,51.248],[-105.246,51.192],[-105.242,51.204],[-105.237,51.195],[-105.245,51.18],[-105.252,51.18],[-105.256,51.155],[-105.247,51.102],[-105.243,51.106],[-105.24,51.096],[-104.799,51.096],[-104.799,51.27],[-104.82,51.27],[-104.819,51.358],[-105.202,51.358]]]},"properties":{"RMNO":"250","RMNM":"LAST MOUNTAIN VALLEY"}},{"type":"Feature","geometry":{"type":"Polygon","coordinates":[[[-107.97,54.573],[-107.97,54.587],[-108.651,54.587],[-108.651,54.515],[-108.802,54.515],[-108.802,54.486],[-108.878,54.486],[-108.878,54.413],[-108.853,54.413],[-108.853,54.272],[-108.88,54.268],[-108.959,54.28],[-108.959,54.287],[-108.974,54.29],[-108.971,54.295],[-108.997,54.3],[-109.034,54.281],[-109.026,54.282],[-109.031,54.276],[-109.053,54.274],[-109.053,54.151],[-108.903,54.151],[-108.903,54.077],[-108.881,54.079],[-108.862,54.096],[-108.865,54.105],[-108.853,54.11],[-108.853,54.064],[-108.683,54.064],[-108.683,53.715],[-108.512,53.715],[-108.512,53.628],[-107.923,53.628],[-107.923,53.715],[-107.94,53.715],[-107.94,53.802],[-107.791,53.802],[-107.791,53.977],[-107.345,53.977],[-107.345,54.064],[-107.353,54.064],[-107.353,54.151],[-107.953,54.151],[-107.953,54.413],[-107.97,54.413],[-107.97,54.573]]]},"properties":{"RMNO":"588","RMNM":"MEADOW LAKE"}},{"type":"Feature","geometry":{"type":"Polygon","coordinates":[[[-109.585,54.316],[-109.603,54.314],[-109.603,54.064],[-110.006,54.064],[-110.006,53.802],[-108.683,53.802],[-108.683,54.064],[-108.853,54.064],[-108.853,54.11],[-108.865,54.105],[-108.862,54.096],[-108.881,54.079],[-108.903,54.077],[-108.903,54.151],[-109.053,54.151],[-109.053,54.275],[-109.19,54.276],[-109.226,54.258],[-109.253,54.229],[-109.284,54.232],[-109.288,54.243],[-109.297,54.244],[-109.292,54.248],[-109.329,54.259],[-109.373,54.254],[-109.376,54.239],[-109.394,54.233],[-109.431,54.253],[-109.433,54.26],[-109.418,54.276],[-109.421,54.283],[-109.474,54.29],[-109.509,54.316],[-109.534,54.311],[-109.585,54.316]]]},"properties":{"RMNO":"561","RMNM":"LOON LAKE"}},{"type":"Feature","geometry":{"type":"Polygon","coordinates":[[[-105.24,51.096],[-105.636,51.096],[-105.636,50.921],[-105.61,50.921],[-105.61,50.834],[-105.06,50.834],[-105.1,50.886],[-105.102,50.9],[-105.151,50.948],[-105.179,50.99],[-105.171,50.991],[-105.185,50.993],[-105.199,51.02],[-105.204,51.019],[-105.217,51.048],[-105.212,51.052],[-105.225,51.06],[-105.227,51.077],[-105.221,51.08],[-105.23,51.074],[-105.24,51.096]]]},"properties":{"RMNO":"221","RMNM":"SARNIA"}},{"type":"Feature","geometry":{"type":"Polygon","coordinates":[[[-105.519,53.453],[-105.544,53.453],[-105.544,53.365],[-105.513,53.365],[-105.512,53.244],[-105.435,53.246],[-105.41,53.231],[-105.372,53.233],[-105.31,53.251],[-105.294,53.247],[-105.291,53.261],[-105.268,53.255],[-105.23,53.268],[-105.203,53.259],[-105.191,53.265],[-105.182,53.258],[-105.166,53.261],[-105.166,53.247],[-105.145,53.258],[-105.135,53.245],[-105.115,53.241],[-105.101,53.253],[-105.088,53.237],[-105.074,53.247],[-105.074,53.365],[-105.101,53.365],[-105.101,53.453],[-105.519,53.453]]]},"properties":{"RMNO":"490","RMNM":"GARDEN RIVER"}},{"type":"Feature","geometry":{"type":"Polygon","coordinates":[[[-102.007,51.962],[-102.007,52.318],[-102.435,52.318],[-102.432,51.882],[-102.007,51.882],[-102.007,51.962]]]},"properties":{"RMNO":"333","RMNM":"CLAYTON"}},{"type":"Feature","geometry":{"type":"Polygon","coordinates":[[[-101.509,50.595],[-101.509,50.683],[-102.006,50.679],[-102.006,50.547],[-101.986,50.548],[-101.987,50.536],[-101.975,50.541],[-101.978,50.535],[-101.968,50.538],[-101.95,50.519],[-101.921,50.526],[-101.915,50.519],[-101.905,50.531],[-101.898,50.526],[-101.874,50.536],[-101.83,50.532],[-101.809,50.516],[-101.817,50.514],[-101.816,50.505],[-101.805,50.509],[-101.814,50.497],[-101.807,50.49],[-101.813,50.489],[-101.787,50.477],[-101.771,50.475],[-101.754,50.485],[-101.758,50.488],[-101.744,50.488],[-101.731,50.503],[-101.719,50.505],[-101.722,50.51],[-101.687,50.515],[-101.684,50.523],[-101.635,50.517],[-101.629,50.524],[-101.626,50.516],[-101.617,50.519],[-101.621,50.513],[-101.611,50.516],[-101.613,50.509],[-101.594,50.506],[-101.589,50.495],[-101.499,50.493],[-101.477,50.484],[-101.477,50.594],[-101.509,50.595]],[[-101.851,50.534],[-101.849,50.536],[-101.849,50.534],[-101.851,50.534]]]},"properties":{"RMNO":"152","RMNM":"SPY HILL"}},{"type":"Feature","geometry":{"type":"Polygon","coordinates":[[[-103.633,49.785],[-104.039,49.785],[-104.039,49.523],[-103.633,49.523],[-103.633,49.785]]]},"properties":{"RMNO":"067","RMNM":"WEYBURN"}},{"type":"Feature","geometry":{"type":"Polygon","coordinates":[[[-107.781,53.715],[-107.923,53.715],[-107.923,53.541],[-107.775,53.541],[-107.775,53.365],[-107.76,53.366],[-107.76,53.191],[-107.026,53.192],[-107.026,53.366],[-107.038,53.366],[-107.038,53.453],[-107.186,53.453],[-107.185,53.715],[-107.781,53.715]]]},"properties":{"RMNO":"496","RMNM":"SPIRITWOOD"}},{"type":"Feature","geometry":{"type":"Polygon","coordinates":[[[-102.007,49.256],[-102.41,49.261],[-102.41,48.999],[-102.006,48.999],[-102.007,49.256]]]},"properties":{"RMNO":"003","RMNM":"ENNISKILLEN"}},{"type":"Feature","geometry":{"type":"Polygon","coordinates":[[[-102.006,51.291],[-102.006,51.387],[-102.431,51.387],[-102.428,51.122],[-102.006,51.122],[-102.006,51.291]]]},"properties":{"RMNO":"243","RMNM":"WALLACE"}},{"type":"Feature","geometry":{"type":"Polygon","coordinates":[[[-105.24,50.572],[-105.306,50.571],[-105.306,50.309],[-104.893,50.309],[-104.893,50.572],[-105.24,50.572]]]},"properties":{"RMNO":"160","RMNM":"PENSE"}},{"type":"Feature","geometry":{"type":"Polygon","coordinates":[[[-101.577,51.655],[-101.577,51.881],[-102.007,51.882],[-102.006,51.652],[-101.577,51.655]]]},"properties":{"RMNO":"301","RMNM":"ST. PHILIPS"}},{"type":"Feature","geometry":{"type":"Polygon","coordinates":[[[-107.717,52.231],[-108.146,52.231],[-108.146,52.107],[-108.153,52.105],[-108.193,52.117],[-108.187,52.121],[-108.201,52.132],[-108.212,52.122],[-108.253,52.123],[-108.278,52.128],[-108.258,52.131],[-108.269,52.136],[-108.337,52.136],[-108.322,52.139],[-108.331,52.144],[-108.431,52.144],[-108.431,51.969],[-108.414,51.969],[-108.414,51.882],[-107.705,51.882],[-107.705,51.969],[-107.717,51.969],[-107.717,52.231]]]},"properties":{"RMNO":"347","RMNM":"BIGGAR"}},{"type":"Feature","geometry":{"type":"Polygon","coordinates":[[[-108.146,52.158],[-108.145,52.318],[-108.163,52.319],[-108.163,52.406],[-108.45,52.406],[-108.45,52.318],[-108.432,52.318],[-108.431,52.144],[-108.331,52.144],[-108.322,52.139],[-108.337,52.136],[-108.269,52.136],[-108.258,52.131],[-108.278,52.128],[-108.253,52.123],[-108.212,52.122],[-108.201,52.132],[-108.187,52.121],[-108.193,52.117],[-108.153,52.105],[-108.146,52.107],[-108.146,52.158]]]},"properties":{"RMNO":"378","RMNM":"ROSEMOUNT"}},{"type":"Feature","geometry":{"type":"Polygon","coordinates":[[[-106.004,53.521],[-105.991,53.54],[-106.004,53.54],[-106.004,53.569],[-106.078,53.576],[-106.078,53.583],[-106.447,53.584],[-106.443,53.104],[-106.273,53.104],[-106.23,53.158],[-106.21,53.173],[-106.075,53.208],[-106.021,53.201],[-106.004,53.155],[-106.004,53.521]]]},"properties":{"RMNO":"493","RMNM":"SHELLBROOK"}},{"type":"Feature","geometry":{"type":"Polygon","coordinates":[[[-106.713,51.707],[-106.832,51.707],[-106.937,51.68],[-106.972,51.663],[-106.999,51.628],[-107.024,51.606],[-107.051,51.596],[-107.072,51.568],[-107.077,51.489],[-107.09,51.446],[-107.082,51.425],[-106.998,51.395],[-107.001,51.381],[-106.991,51.358],[-106.707,51.358],[-106.713,51.707]]]},"properties":{"RMNO":"284","RMNM":"RUDY"}},{"type":"Feature","geometry":{"type":"Polygon","coordinates":[[[-106.433,51.969],[-106.798,51.969],[-106.805,51.952],[-106.749,51.935],[-106.777,51.925],[-106.772,51.921],[-106.777,51.913],[-106.751,51.894],[-106.758,51.872],[-106.75,51.866],[-106.752,51.847],[-106.734,51.825],[-106.748,51.804],[-106.774,51.789],[-106.797,51.75],[-106.802,51.725],[-106.832,51.707],[-106.288,51.707],[-106.288,51.882],[-106.429,51.882],[-106.433,51.969]]]},"properties":{"RMNO":"314","RMNM":"DUNDURN"}},{"type":"Feature","geometry":{"type":"Polygon","coordinates":[[[-103.642,53.795],[-103.642,53.802],[-105.13,53.802],[-105.13,53.715],[-105.101,53.715],[-105.101,53.365],[-105.074,53.365],[-105.074,53.247],[-104.996,53.241],[-104.99,53.234],[-104.999,53.225],[-104.988,53.219],[-104.981,53.233],[-104.966,53.235],[-104.947,53.221],[-104.948,53.189],[-104.929,53.175],[-104.904,53.173],[-104.895,53.156],[-104.857,53.143],[-104.849,53.161],[-104.828,53.149],[-104.836,53.163],[-104.831,53.17],[-104.785,53.176],[-104.791,53.193],[-104.752,53.22],[-104.722,53.215],[-104.694,53.226],[-104.672,53.216],[-104.632,53.235],[-104.571,53.234],[-104.533,53.25],[-104.49,53.234],[-104.463,53.246],[-104.465,53.259],[-104.44,53.256],[-104.438,53.266],[-104.416,53.271],[-104.408,53.282],[-104.331,53.299],[-104.308,53.288],[-104.258,53.288],[-104.237,53.306],[-104.199,53.298],[-104.177,53.31],[-104.152,53.306],[-104.129,53.313],[-104.097,53.31],[-104.092,53.296],[-104.067,53.309],[-104.068,53.323],[-104.04,53.319],[-104.042,53.371],[-104.023,53.38],[-104.008,53.4],[-103.976,53.407],[-103.971,53.418],[-103.977,53.436],[-103.941,53.45],[-103.943,53.469],[-103.914,53.478],[-103.882,53.476],[-103.842,53.509],[-103.805,53.508],[-103.783,53.527],[-103.779,53.543],[-103.764,53.551],[-103.731,53.547],[-103.694,53.553],[-103.715,53.586],[-103.707,53.609],[-103.674,53.628],[-103.627,53.641],[-103.627,53.714],[-103.642,53.714],[-103.642,53.795]]]},"properties":{"RMNO":"488","RMNM":"TORCH RIVER"}},{"type":"Feature","geometry":{"type":"Polygon","coordinates":[[[-103.282,51.881],[-103.282,51.969],[-103.292,51.969],[-103.292,52.144],[-103.72,52.144],[-103.72,51.969],[-103.707,51.969],[-103.707,51.852],[-103.624,51.852],[-103.626,51.858],[-103.589,51.867],[-103.565,51.852],[-103.558,51.867],[-103.541,51.87],[-103.552,51.859],[-103.521,51.854],[-103.502,51.832],[-103.465,51.812],[-103.478,51.81],[-103.471,51.809],[-103.471,51.794],[-103.282,51.794],[-103.282,51.881]]]},"properties":{"RMNO":"336","RMNM":"SASMAN"}},{"type":"Feature","geometry":{"type":"Polygon","coordinates":[[[-105.74,53.452],[-106.004,53.452],[-106.004,53.155],[-105.965,53.154],[-105.889,53.169],[-105.87,53.185],[-105.868,53.203],[-105.844,53.209],[-105.765,53.206],[-105.709,53.219],[-105.66,53.207],[-105.623,53.239],[-105.541,53.235],[-105.512,53.244],[-105.513,53.365],[-105.544,53.365],[-105.544,53.453],[-105.74,53.452]]]},"properties":{"RMNO":"491","RMNM":"BUCKLAND"}},{"type":"Feature","geometry":{"type":"Polygon","coordinates":[[[-106.0,50.877],[-106.005,50.572],[-105.332,50.572],[-105.494,50.644],[-105.541,50.673],[-105.581,50.712],[-105.653,50.755],[-105.701,50.768],[-105.771,50.768],[-105.771,50.775],[-105.798,50.771],[-105.84,50.79],[-105.84,50.797],[-105.863,50.797],[-105.863,50.805],[-105.887,50.812],[-105.887,50.819],[-105.932,50.834],[-105.932,50.841],[-105.944,50.841],[-105.955,50.856],[-105.975,50.856],[-105.984,50.874],[-106.0,50.877]]]},"properties":{"RMNO":"191","RMNM":"MARQUIS"}},{"type":"Feature","geometry":{"type":"Polygon","coordinates":[[[-108.883,52.668],[-109.027,52.668],[-109.026,52.406],[-108.163,52.406],[-108.163,52.493],[-108.307,52.493],[-108.307,52.58],[-108.594,52.58],[-108.594,52.668],[-108.883,52.668]]]},"properties":{"RMNO":"409","RMNM":"BUFFALO"}},{"type":"Feature","geometry":{"type":"MultiPolygon","coordinates":[[[[-108.256,50.674],[-108.228,50.663],[-108.17,50.676],[-108.083,50.681],[-108.025,50.674],[-108.027,50.664],[-108.008,50.655],[-107.974,50.655],[-107.898,50.694],[-107.808,50.685],[-107.805,50.921],[-107.818,50.921],[-107.818,51.009],[-108.074,51.009],[-108.074,51.067],[-108.097,51.067],[-108.097,51.096],[-108.516,51.096],[-108.516,50.928],[-108.498,50.921],[-108.445,50.872],[-108.448,50.835],[-108.431,50.834],[-108.442,50.82],[-108.441,50.803],[-108.366,50.767],[-108.332,50.728],[-108.317,50.698],[-108.256,50.674]]],[[[-108.258,50.674],[-108.256,50.673],[-108.256,50.674],[-108.258,50.674]]]]},"properties":{"RMNO":"228","RMNM":"LACADENA"}},{"type":"Feature","geometry":{"type":"Polygon","coordinates":[[[-107.087,51.271],[-107.26,51.271],[-107.26,51.009],[-106.919,51.007],[-106.923,51.01],[-106.902,51.01],[-106.881,51.036],[-106.89,51.037],[-106.855,51.046],[-106.851,51.065],[-106.859,51.07],[-106.85,51.066],[-106.846,51.049],[-106.834,51.045],[-106.736,51.053],[-106.645,51.105],[-106.697,51.111],[-106.792,51.15],[-106.796,51.142],[-106.81,51.156],[-106.823,51.158],[-106.817,51.162],[-106.826,51.167],[-106.823,51.175],[-106.846,51.187],[-106.828,51.189],[-106.839,51.205],[-106.852,51.207],[-106.84,51.21],[-106.849,51.216],[-106.844,51.217],[-106.854,51.226],[-106.849,51.229],[-106.886,51.252],[-106.935,51.24],[-106.958,51.248],[-106.925,51.248],[-106.898,51.26],[-106.863,51.246],[-106.878,51.256],[-106.866,51.271],[-107.087,51.271]]]},"properties":{"RMNO":"255","RMNM":"COTEAU"}},{"type":"Feature","geometry":{"type":"Polygon","coordinates":[[[-106.426,51.424],[-106.426,51.446],[-106.707,51.446],[-106.707,51.358],[-106.989,51.358],[-106.988,51.344],[-106.979,51.325],[-106.907,51.301],[-106.864,51.272],[-106.878,51.256],[-106.863,51.246],[-106.898,51.26],[-106.925,51.248],[-106.958,51.248],[-106.935,51.24],[-106.894,51.254],[-106.861,51.24],[-106.849,51.229],[-106.854,51.226],[-106.844,51.217],[-106.849,51.216],[-106.84,51.212],[-106.852,51.207],[-106.839,51.205],[-106.828,51.189],[-106.846,51.187],[-106.83,51.183],[-106.817,51.163],[-106.823,51.158],[-106.81,51.156],[-106.796,51.142],[-106.792,51.15],[-106.697,51.111],[-106.645,51.105],[-106.659,51.096],[-106.423,51.096],[-106.426,51.424]]]},"properties":{"RMNO":"254","RMNM":"LOREBURN"}},{"type":"Feature","geometry":{"type":"Polygon","coordinates":[[[-107.231,51.62],[-107.41,51.62],[-107.41,51.271],[-106.864,51.272],[-106.907,51.301],[-106.979,51.325],[-106.988,51.344],[-106.985,51.353],[-107.001,51.381],[-106.997,51.394],[-107.075,51.42],[-107.087,51.434],[-107.072,51.568],[-107.052,51.596],[-107.024,51.606],[-107.012,51.62],[-107.231,51.62]]]},"properties":{"RMNO":"285","RMNM":"FERTILE VALLEY"}},{"type":"Feature","geometry":{"type":"Polygon","coordinates":[[[-103.704,51.38],[-103.704,51.387],[-104.129,51.387],[-104.129,51.299],[-104.117,51.299],[-104.117,51.27],[-104.101,51.27],[-104.101,51.096],[-103.691,51.096],[-103.691,51.299],[-103.705,51.299],[-103.704,51.38]]]},"properties":{"RMNO":"247","RMNM":"KELLROSS"}},{"type":"Feature","geometry":{"type":"Polygon","coordinates":[[[-102.733,52.668],[-102.732,52.929],[-103.168,52.929],[-103.168,52.799],[-103.311,52.798],[-103.303,52.537],[-103.447,52.537],[-103.447,52.406],[-103.303,52.406],[-103.303,52.318],[-103.159,52.318],[-103.158,52.405],[-102.727,52.406],[-102.727,52.667],[-102.733,52.668]]]},"properties":{"RMNO":"395","RMNM":"PORCUPINE"}},{"type":"Feature","geometry":{"type":"Polygon","coordinates":[[[-108.683,53.802],[-109.129,53.802],[-109.129,53.715],[-109.102,53.715],[-109.102,53.366],[-109.077,53.366],[-109.072,53.28],[-108.637,53.278],[-108.637,53.366],[-108.66,53.366],[-108.66,53.534],[-108.676,53.516],[-108.708,53.515],[-108.685,53.533],[-108.703,53.578],[-108.694,53.596],[-108.679,53.599],[-108.684,53.602],[-108.677,53.609],[-108.634,53.613],[-108.608,53.634],[-108.616,53.632],[-108.617,53.651],[-108.623,53.652],[-108.615,53.671],[-108.587,53.695],[-108.567,53.694],[-108.547,53.715],[-108.683,53.715],[-108.683,53.802]]]},"properties":{"RMNO":"499","RMNM":"MERVIN"}},{"type":"Feature","geometry":{"type":"Polygon","coordinates":[[[-108.512,53.701],[-108.512,53.715],[-108.547,53.715],[-108.567,53.693],[-108.588,53.694],[-108.622,53.66],[-108.616,53.632],[-108.608,53.634],[-108.634,53.613],[-108.677,53.609],[-108.684,53.602],[-108.679,53.599],[-108.694,53.596],[-108.703,53.578],[-108.685,53.533],[-108.708,53.515],[-108.676,53.516],[-108.66,53.534],[-108.66,53.366],[-108.637,53.366],[-108.637,53.191],[-108.199,53.191],[-108.199,53.365],[-108.218,53.365],[-108.219,53.438],[-108.235,53.435],[-108.239,53.446],[-108.194,53.482],[-108.169,53.483],[-108.169,53.497],[-108.193,53.5],[-108.221,53.492],[-108.223,53.506],[-108.235,53.508],[-108.239,53.516],[-108.223,53.545],[-108.169,53.602],[-108.169,53.628],[-108.512,53.628],[-108.512,53.701]]]},"properties":{"RMNO":"498","RMNM":"PARKDALE"}},{"type":"Feature","geometry":{"type":"Polygon","coordinates":[[[-106.057,53.207],[-106.128,53.196],[-106.214,53.17],[-106.288,53.09],[-106.378,53.04],[-106.403,53.017],[-106.437,52.942],[-106.454,52.924],[-106.493,52.891],[-106.571,52.862],[-106.587,52.842],[-106.585,52.828],[-106.522,52.827],[-106.521,52.842],[-106.442,52.842],[-106.442,52.757],[-106.296,52.757],[-106.296,52.713],[-106.105,52.713],[-106.122,52.724],[-106.112,52.745],[-106.137,52.756],[-106.139,52.777],[-106.129,52.787],[-106.105,52.789],[-106.102,52.82],[-106.091,52.827],[-106.094,52.846],[-106.072,52.871],[-106.04,52.883],[-106.04,52.908],[-106.032,52.917],[-106.004,52.916],[-106.004,53.155],[-106.021,53.2],[-106.057,53.207]]]},"properties":{"RMNO":"463","RMNM":"DUCK LAKE"}},{"type":"Feature","geometry":{"type":"Polygon","coordinates":[[[-102.994,50.604],[-103.006,50.589],[-103.025,50.588],[-103.023,50.581],[-103.033,50.584],[-103.056,50.563],[-103.068,50.564],[-103.066,50.554],[-103.122,50.527],[-103.137,50.532],[-103.181,50.523],[-103.186,50.529],[-103.2,50.522],[-103.207,50.524],[-103.203,50.529],[-103.223,50.531],[-103.25,50.527],[-103.248,50.536],[-103.255,50.532],[-103.281,50.544],[-103.291,50.538],[-103.296,50.541],[-103.29,50.549],[-103.3,50.541],[-103.296,50.547],[-103.303,50.55],[-103.323,50.549],[-103.332,50.56],[-103.34,50.553],[-103.347,50.564],[-103.353,50.556],[-103.358,50.56],[-103.353,50.564],[-103.377,50.571],[-103.381,50.309],[-102.969,50.309],[-102.969,50.572],[-102.976,50.572],[-102.982,50.601],[-102.994,50.604]]]},"properties":{"RMNO":"155","RMNM":"WOLSELEY"}},{"type":"Feature","geometry":{"type":"Polygon","coordinates":[[[-108.109,52.667],[-108.148,52.667],[-108.052,52.587],[-107.84,52.563],[-107.808,52.533],[-107.678,52.488],[-107.554,52.418],[-107.444,52.375],[-107.444,52.668],[-108.109,52.667]]]},"properties":{"RMNO":"406","RMNM":"MAYFIELD"}},{"type":"Feature","geometry":{"type":"Polygon","coordinates":[[[-103.775,53.511],[-103.774,53.547],[-103.783,53.527],[-103.805,53.508],[-103.842,53.509],[-103.882,53.476],[-103.914,53.478],[-103.943,53.469],[-103.941,53.45],[-103.977,53.436],[-103.971,53.418],[-103.976,53.407],[-104.008,53.4],[-104.023,53.38],[-104.042,53.371],[-104.04,53.319],[-104.068,53.323],[-104.067,53.309],[-104.092,53.296],[-104.097,53.31],[-104.129,53.313],[-104.152,53.306],[-104.177,53.31],[-104.199,53.298],[-104.237,53.306],[-104.258,53.288],[-104.308,53.288],[-104.329,53.299],[-104.355,53.295],[-104.41,53.281],[-104.416,53.271],[-104.438,53.266],[-104.44,53.256],[-104.465,53.259],[-104.463,53.246],[-104.49,53.234],[-104.53,53.25],[-104.571,53.234],[-104.633,53.235],[-104.636,53.191],[-103.758,53.191],[-103.758,53.365],[-103.775,53.365],[-103.775,53.511]]]},"properties":{"RMNO":"487","RMNM":"NIPAWIN"}},{"type":"Feature","geometry":{"type":"Polygon","coordinates":[[[-109.143,52.939],[-109.198,52.933],[-109.198,52.668],[-108.762,52.667],[-108.762,52.883],[-108.801,52.887],[-108.81,52.88],[-108.813,52.887],[-108.837,52.886],[-108.839,52.878],[-108.848,52.884],[-108.848,52.874],[-108.857,52.871],[-108.871,52.874],[-108.876,52.867],[-108.889,52.879],[-108.912,52.869],[-108.909,52.876],[-108.917,52.882],[-108.912,52.886],[-108.926,52.881],[-108.921,52.903],[-108.936,52.9],[-108.933,52.905],[-108.974,52.909],[-108.989,52.919],[-109.143,52.939]]]},"properties":{"RMNO":"439","RMNM":"CUT KNIFE"}},{"type":"Feature","geometry":{"type":"Polygon","coordinates":[[[-105.414,53.175],[-105.435,53.162],[-105.428,53.153],[-105.447,53.146],[-105.441,53.135],[-105.467,53.122],[-105.512,53.119],[-105.509,53.087],[-105.519,53.075],[-105.51,53.049],[-105.531,53.032],[-105.544,53.007],[-105.564,53.007],[-105.567,53.018],[-105.609,53.022],[-105.618,53.032],[-105.7,53.019],[-105.771,52.993],[-105.773,52.969],[-105.753,52.941],[-105.794,52.937],[-105.805,52.929],[-105.22,52.929],[-105.221,52.978],[-105.196,52.978],[-105.197,53.016],[-105.221,53.016],[-105.221,53.168],[-105.231,53.166],[-105.225,53.156],[-105.238,53.139],[-105.285,53.128],[-105.333,53.161],[-105.372,53.171],[-105.403,53.168],[-105.414,53.175]]]},"properties":{"RMNO":"460","RMNM":"BIRCH HILLS"}},{"type":"Feature","geometry":{"type":"Polygon","coordinates":[[[-108.719,52.992],[-108.762,53.004],[-108.762,52.667],[-108.594,52.668],[-108.594,52.58],[-108.307,52.58],[-108.307,52.493],[-108.019,52.493],[-108.019,52.583],[-108.055,52.589],[-108.159,52.675],[-108.182,52.678],[-108.279,52.744],[-108.326,52.759],[-108.354,52.781],[-108.365,52.807],[-108.345,52.839],[-108.359,52.855],[-108.442,52.898],[-108.491,52.911],[-108.539,52.938],[-108.648,52.98],[-108.719,52.992]]]},"properties":{"RMNO":"438","RMNM":"BATTLE RIVER"}},{"type":"Feature","geometry":{"type":"Polygon","coordinates":[[[-102.432,51.882],[-102.432,51.863],[-102.444,51.86],[-102.444,51.853],[-102.444,51.846],[-102.432,51.846],[-102.432,51.652],[-102.006,51.652],[-102.007,51.882],[-102.432,51.882]]]},"properties":{"RMNO":"303","RMNM":"KEYS"}},{"type":"Feature","geometry":{"type":"Polygon","coordinates":[[[-104.557,51.882],[-104.557,51.969],[-104.578,51.969],[-104.578,52.144],[-105.004,52.144],[-105.005,51.969],[-104.982,51.969],[-104.982,51.882],[-104.557,51.882]]]},"properties":{"RMNO":"339","RMNM":"LEROY"}},{"type":"Feature","geometry":{"type":"Polygon","coordinates":[[[-102.857,51.881],[-102.857,51.652],[-102.432,51.652],[-102.432,51.846],[-102.444,51.846],[-102.444,51.853],[-102.444,51.86],[-102.432,51.863],[-102.432,51.882],[-102.857,51.881]]]},"properties":{"RMNO":"304","RMNM":"BUCHANAN"}},{"type":"Feature","geometry":{"type":"Polygon","coordinates":[[[-109.548,51.881],[-109.548,51.969],[-109.574,51.969],[-109.574,52.143],[-110.005,52.143],[-110.005,51.882],[-109.548,51.881]]]},"properties":{"RMNO":"352","RMNM":"HEART'S HILL"}},{"type":"Feature","geometry":{"type":"Polygon","coordinates":[[[-105.813,52.711],[-106.065,52.713],[-106.065,52.698],[-106.121,52.698],[-106.116,52.681],[-106.129,52.672],[-106.116,52.662],[-106.121,52.639],[-106.135,52.617],[-106.158,52.617],[-106.148,52.58],[-106.148,52.493],[-105.747,52.493],[-105.747,52.664],[-105.776,52.667],[-105.776,52.711],[-105.813,52.711]]]},"properties":{"RMNO":"402","RMNM":"FISH CREEK"}},{"type":"Feature","geometry":{"type":"Polygon","coordinates":[[[-105.644,52.929],[-105.832,52.927],[-105.923,52.902],[-105.941,52.915],[-106.03,52.919],[-106.04,52.908],[-106.04,52.883],[-106.072,52.871],[-106.094,52.846],[-106.091,52.827],[-106.102,52.82],[-106.105,52.789],[-106.129,52.787],[-106.139,52.777],[-106.137,52.756],[-106.112,52.745],[-106.122,52.724],[-106.104,52.71],[-106.12,52.698],[-106.065,52.698],[-106.065,52.713],[-105.776,52.711],[-105.776,52.755],[-105.487,52.755],[-105.487,52.929],[-105.644,52.929]]]},"properties":{"RMNO":"431","RMNM":"ST. LOUIS"}},{"type":"Feature","geometry":{"type":"Polygon","coordinates":[[[-105.459,52.644],[-105.459,52.667],[-105.487,52.667],[-105.487,52.755],[-105.776,52.755],[-105.776,52.667],[-105.747,52.664],[-105.747,52.493],[-105.891,52.493],[-105.891,52.406],[-105.459,52.405],[-105.459,52.644]]]},"properties":{"RMNO":"401","RMNM":"HOODOO"}},{"type":"Feature","geometry":{"type":"Polygon","coordinates":[[[-105.052,52.667],[-105.052,52.801],[-105.074,52.801],[-105.074,52.978],[-105.221,52.978],[-105.22,52.929],[-105.487,52.929],[-105.487,52.667],[-105.281,52.675],[-105.279,52.667],[-105.052,52.667]]]},"properties":{"RMNO":"430","RMNM":"INVERGORDON"}},{"type":"Feature","geometry":{"type":"Polygon","coordinates":[[[-105.636,51.103],[-105.636,51.27],[-105.663,51.27],[-105.663,51.358],[-106.004,51.358],[-106.005,51.096],[-105.636,51.096],[-105.636,51.103]]]},"properties":{"RMNO":"252","RMNM":"ARM RIVER"}},{"type":"Feature","geometry":{"type":"Polygon","coordinates":[[[-107.455,52.682],[-107.456,52.929],[-107.891,52.929],[-107.891,52.668],[-107.455,52.668],[-107.455,52.682]]]},"properties":{"RMNO":"436","RMNM":"DOUGLAS"}},{"type":"Feature","geometry":{"type":"Polygon","coordinates":[[[-108.181,52.929],[-108.447,52.929],[-108.447,52.901],[-108.347,52.846],[-108.346,52.834],[-108.365,52.804],[-108.354,52.781],[-108.326,52.759],[-108.279,52.744],[-108.182,52.678],[-108.165,52.678],[-108.148,52.667],[-107.891,52.668],[-107.891,52.929],[-108.181,52.929]]]},"properties":{"RMNO":"437","RMNM":"NORTH BATTLEFORD"}},{"type":"Feature","geometry":{"type":"Polygon","coordinates":[[[-107.555,53.192],[-107.76,53.191],[-107.76,53.016],[-107.746,53.016],[-107.746,52.929],[-107.166,52.929],[-107.172,53.192],[-107.555,53.192]]]},"properties":{"RMNO":"466","RMNM":"MEETING LAKE"}},{"type":"Feature","geometry":{"type":"Polygon","coordinates":[[[-108.341,50.31],[-108.48,50.31],[-108.48,50.223],[-108.462,50.223],[-108.462,49.96],[-108.053,49.96],[-108.053,50.222],[-108.067,50.222],[-108.067,50.31],[-108.341,50.31]]]},"properties":{"RMNO":"138","RMNM":"WEBB"}},{"type":"Feature","geometry":{"type":"Polygon","coordinates":[[[-107.76,53.137],[-107.76,53.191],[-108.199,53.191],[-108.199,53.016],[-108.181,53.016],[-108.181,52.929],[-107.746,52.929],[-107.746,53.016],[-107.76,53.016],[-107.76,53.137]]]},"properties":{"RMNO":"467","RMNM":"ROUND HILL"}},{"type":"Feature","geometry":{"type":"Polygon","coordinates":[[[-103.745,52.929],[-103.023,52.929],[-103.027,53.191],[-103.758,53.191],[-103.758,53.016],[-103.745,53.016],[-103.745,52.929]]]},"properties":{"RMNO":"456","RMNM":"ARBORFIELD"}},{"type":"Feature","geometry":{"type":"Polygon","coordinates":[[[-110.004,53.278],[-110.004,52.858],[-109.96,52.881],[-109.971,52.884],[-109.941,52.884],[-109.923,52.893],[-109.915,52.909],[-109.919,52.917],[-109.884,52.929],[-109.865,52.946],[-109.872,52.95],[-109.802,52.988],[-109.798,53.006],[-109.78,53.02],[-109.635,53.046],[-109.574,53.046],[-109.565,53.038],[-109.54,53.045],[-109.54,53.038],[-109.516,53.038],[-109.516,53.278],[-110.004,53.278]]]},"properties":{"RMNO":"472","RMNM":"WILTON"}},{"type":"Feature","geometry":{"type":"Polygon","coordinates":[[[-109.628,53.044],[-109.78,53.02],[-109.798,53.006],[-109.802,52.988],[-109.872,52.95],[-109.865,52.946],[-109.884,52.929],[-109.919,52.917],[-109.915,52.909],[-109.923,52.893],[-109.941,52.884],[-109.971,52.884],[-109.96,52.881],[-109.97,52.881],[-109.968,52.875],[-109.991,52.86],[-110.006,52.859],[-110.005,52.667],[-109.698,52.667],[-109.703,52.664],[-109.691,52.66],[-109.686,52.667],[-109.657,52.666],[-109.656,52.677],[-109.645,52.682],[-109.648,52.708],[-109.656,52.712],[-109.636,52.724],[-109.628,52.741],[-109.63,52.749],[-109.646,52.754],[-109.632,52.782],[-109.633,52.929],[-109.488,52.929],[-109.488,53.016],[-109.472,53.018],[-109.484,53.031],[-109.535,53.043],[-109.54,53.038],[-109.54,53.045],[-109.552,53.045],[-109.552,53.038],[-109.575,53.046],[-109.628,53.044]]]},"properties":{"RMNO":"442","RMNM":"MANITOU LAKE"}},{"type":"Feature","geometry":{"type":"Polygon","coordinates":[[[-105.227,53.268],[-105.268,53.255],[-105.291,53.261],[-105.294,53.247],[-105.31,53.251],[-105.372,53.233],[-105.409,53.231],[-105.433,53.246],[-105.5,53.249],[-105.529,53.236],[-105.623,53.239],[-105.66,53.207],[-105.709,53.219],[-105.765,53.206],[-105.842,53.209],[-105.868,53.203],[-105.87,53.185],[-105.889,53.169],[-105.965,53.154],[-106.004,53.155],[-106.004,52.916],[-105.941,52.915],[-105.921,52.902],[-105.835,52.927],[-105.81,52.925],[-105.794,52.937],[-105.753,52.94],[-105.752,52.947],[-105.773,52.969],[-105.771,52.993],[-105.67,53.027],[-105.618,53.032],[-105.609,53.022],[-105.591,53.025],[-105.567,53.018],[-105.564,53.007],[-105.545,53.007],[-105.531,53.032],[-105.51,53.049],[-105.519,53.075],[-105.509,53.087],[-105.512,53.119],[-105.467,53.122],[-105.441,53.135],[-105.447,53.146],[-105.428,53.153],[-105.435,53.162],[-105.416,53.175],[-105.334,53.161],[-105.283,53.128],[-105.238,53.139],[-105.225,53.156],[-105.23,53.166],[-105.211,53.167],[-105.205,53.177],[-105.141,53.188],[-105.124,53.178],[-105.129,53.191],[-105.123,53.197],[-105.09,53.191],[-105.099,53.204],[-105.084,53.212],[-105.118,53.213],[-105.077,53.224],[-105.095,53.252],[-105.115,53.241],[-105.135,53.245],[-105.136,53.254],[-105.146,53.258],[-105.166,53.247],[-105.166,53.261],[-105.182,53.258],[-105.191,53.265],[-105.203,53.259],[-105.227,53.268]]]},"properties":{"RMNO":"461","RMNM":"PRINCE ALBERT"}},{"type":"Feature","geometry":{"type":"Polygon","coordinates":[[[-106.817,53.715],[-107.185,53.715],[-107.186,53.453],[-107.038,53.453],[-107.038,53.366],[-107.026,53.366],[-107.026,53.192],[-106.443,53.191],[-106.447,53.584],[-106.541,53.584],[-106.545,53.604],[-106.594,53.636],[-106.607,53.642],[-106.652,53.64],[-106.667,53.649],[-106.69,53.676],[-106.728,53.702],[-106.723,53.715],[-106.817,53.715]]]},"properties":{"RMNO":"494","RMNM":"CANWOOD"}},{"type":"Feature","geometry":{"type":"Polygon","coordinates":[[[-107.087,53.192],[-107.172,53.192],[-107.166,52.929],[-106.45,52.929],[-106.394,53.027],[-106.273,53.104],[-106.443,53.104],[-106.443,53.191],[-107.087,53.192]]]},"properties":{"RMNO":"464","RMNM":"LEASK"}},{"type":"Feature","geometry":{"type":"Polygon","coordinates":[[[-109.129,53.802],[-110.006,53.802],[-110.006,53.599],[-109.819,53.553],[-109.796,53.561],[-109.788,53.587],[-109.775,53.597],[-109.745,53.604],[-109.636,53.588],[-109.626,53.575],[-109.634,53.546],[-109.618,53.524],[-109.54,53.488],[-109.542,53.468],[-109.566,53.442],[-109.545,53.419],[-109.495,53.41],[-109.464,53.381],[-109.447,53.375],[-109.422,53.376],[-109.371,53.394],[-109.29,53.396],[-109.272,53.39],[-109.245,53.364],[-109.228,53.33],[-109.176,53.328],[-109.077,53.286],[-109.077,53.366],[-109.102,53.366],[-109.102,53.715],[-109.129,53.715],[-109.129,53.802]]]},"properties":{"RMNO":"501","RMNM":"FRENCHMAN BUTTE"}},{"type":"Feature","geometry":{"type":"Polygon","coordinates":[[[-109.542,53.418],[-109.545,53.366],[-109.516,53.366],[-109.516,53.038],[-109.483,53.031],[-109.472,53.021],[-109.476,53.016],[-109.224,53.016],[-109.224,53.103],[-109.077,53.103],[-109.078,53.286],[-109.176,53.328],[-109.228,53.33],[-109.245,53.364],[-109.272,53.39],[-109.29,53.396],[-109.371,53.394],[-109.422,53.376],[-109.447,53.375],[-109.464,53.381],[-109.495,53.41],[-109.542,53.418]]]},"properties":{"RMNO":"471","RMNM":"ELDON"}},{"type":"Feature","geometry":{"type":"Polygon","coordinates":[[[-109.694,51.358],[-110.005,51.358],[-110.005,50.969],[-109.983,50.966],[-109.972,50.948],[-109.942,50.939],[-109.957,50.927],[-109.937,50.925],[-109.918,50.939],[-109.912,50.928],[-109.928,50.919],[-109.893,50.923],[-109.877,50.952],[-109.859,50.955],[-109.811,50.954],[-109.721,50.937],[-109.705,50.953],[-109.707,50.978],[-109.684,50.988],[-109.669,50.977],[-109.639,50.986],[-109.576,50.971],[-109.517,50.975],[-109.492,50.968],[-109.488,50.96],[-109.353,50.996],[-109.353,51.271],[-109.379,51.271],[-109.379,51.358],[-109.694,51.358]]]},"properties":{"RMNO":"261","RMNM":"CHESTERFIELD"}},{"type":"Feature","geometry":{"type":"Polygon","coordinates":[[[-109.353,50.996],[-109.488,50.96],[-109.492,50.968],[-109.517,50.975],[-109.576,50.971],[-109.639,50.986],[-109.669,50.977],[-109.684,50.988],[-109.707,50.978],[-109.705,50.953],[-109.718,50.938],[-109.772,50.947],[-109.772,50.921],[-109.744,50.921],[-109.745,50.572],[-109.329,50.572],[-109.329,50.921],[-109.353,50.922],[-109.353,50.996]]]},"properties":{"RMNO":"231","RMNM":"HAPPYLAND"}},{"type":"Feature","geometry":{"type":"Polygon","coordinates":[[[-105.221,53.168],[-105.221,53.016],[-105.197,53.016],[-105.196,52.978],[-105.074,52.978],[-105.074,52.934],[-104.617,52.929],[-104.616,53.016],[-104.636,53.016],[-104.636,53.233],[-104.672,53.216],[-104.694,53.226],[-104.722,53.215],[-104.754,53.219],[-104.791,53.193],[-104.785,53.176],[-104.831,53.17],[-104.836,53.163],[-104.828,53.149],[-104.849,53.161],[-104.857,53.143],[-104.895,53.156],[-104.904,53.173],[-104.929,53.175],[-104.948,53.189],[-104.947,53.221],[-104.964,53.234],[-104.98,53.234],[-104.989,53.219],[-104.999,53.225],[-104.99,53.234],[-104.994,53.241],[-105.052,53.242],[-105.065,53.25],[-105.086,53.237],[-105.077,53.224],[-105.117,53.215],[-105.11,53.208],[-105.084,53.212],[-105.099,53.204],[-105.09,53.191],[-105.123,53.197],[-105.129,53.19],[-105.123,53.178],[-105.143,53.188],[-105.205,53.177],[-105.21,53.168],[-105.221,53.168]]]},"properties":{"RMNO":"459","RMNM":"KINISTINO"}},{"type":"Feature","geometry":{"type":"Polygon","coordinates":[[[-108.979,53.278],[-109.069,53.278],[-109.066,53.237],[-109.051,53.215],[-109.022,53.203],[-108.961,53.156],[-108.93,53.103],[-108.909,53.094],[-108.824,53.022],[-108.781,53.014],[-108.744,52.995],[-108.655,52.982],[-108.617,52.966],[-108.617,53.016],[-108.638,53.016],[-108.637,53.278],[-108.979,53.278]]]},"properties":{"RMNO":"469","RMNM":"TURTLE RIVER"}},{"type":"Feature","geometry":{"type":"Polygon","coordinates":[[[-109.069,53.278],[-109.077,53.286],[-109.077,53.103],[-109.224,53.103],[-109.224,53.016],[-109.198,53.016],[-109.198,52.933],[-109.149,52.941],[-108.989,52.919],[-108.958,52.906],[-108.958,52.912],[-108.933,52.905],[-108.936,52.9],[-108.918,52.901],[-108.926,52.881],[-108.912,52.886],[-108.917,52.882],[-108.909,52.876],[-108.912,52.869],[-108.889,52.879],[-108.876,52.867],[-108.871,52.874],[-108.857,52.871],[-108.848,52.874],[-108.848,52.884],[-108.839,52.878],[-108.837,52.886],[-108.762,52.882],[-108.762,53.004],[-108.832,53.027],[-108.909,53.094],[-108.93,53.103],[-108.961,53.156],[-109.055,53.22],[-109.066,53.237],[-109.069,53.278]]]},"properties":{"RMNO":"470","RMNM":"PAYNTON"}},{"type":"Feature","geometry":{"type":"Polygon","coordinates":[[[-106.832,51.707],[-106.802,51.725],[-106.797,51.75],[-106.774,51.789],[-106.737,51.817],[-106.734,51.828],[-106.752,51.847],[-106.755,51.882],[-107.28,51.882],[-107.28,51.852],[-107.291,51.852],[-107.291,51.845],[-107.28,51.845],[-107.28,51.62],[-107.008,51.62],[-106.982,51.655],[-106.956,51.673],[-106.832,51.707]]]},"properties":{"RMNO":"315","RMNM":"MONTROSE"}}]}