Risk_Zone,Crop,Variety,Year,Acres,Yield
1,Barley,ALTORADO,2021,,
1,Barley,ALTORADO,2022,,
1,Barley,ALTORADO,2023,,
1,Barley,ALTORADO,2024,505,65.9
1,Barley,ALTORADO,2025,780,77.2
1,Barley,AUSTENSON CDC,2021,5965,59.9
1,Barley,AUSTENSON CDC,2022,5057,76.4
1,Barley,AUSTENSON CDC,2023,5042,68.2
1,Barley,AUSTENSON CDC,2024,4060,80.9
1,Barley,AUSTENSON CDC,2025,3212,86.9
1,Barley,CERVEZA,2021,,
1,Barley,CERVEZA,2022,,
1,Barley,CERVEZA,2023,1855,76.3
1,Barley,CERVEZA,2024,1636,90.9
1,Barley,CERVEZA,2025,1998,97.5
1,Barley,CHURCHILL CDC,2021,,
1,Barley,CHURCHILL CDC,2022,,
1,Barley,CHURCHILL CDC,2023,730,75.1
1,Barley,CHURCHILL CDC,2024,1277,107.5
1,Barley,CHURCHILL CDC,2025,2029,102.5
1,Barley,CONNECT AAC,2021,1967,55.6
1,Barley,CONNECT AAC,2022,1680,77.6
1,Barley,CONNECT AAC,2023,3846,77.2
1,Barley,CONNECT AAC,2024,3188,85.5
1,Barley,CONNECT AAC,2025,4004,87.5
1,Barley,COPELAND CDC,2021,21251,63.3
1,Barley,COPELAND CDC,2022,17735,67.0
1,Barley,COPELAND CDC,2023,10862,67.8
1,Barley,COPELAND CDC,2024,9425,84.1
1,Barley,COPELAND CDC,2025,7850,95.9
1,Barley,DURANGO CDC,2021,,
1,Barley,DURANGO CDC,2022,,
1,Barley,DURANGO CDC,2023,,
1,Barley,DURANGO CDC,2024,,
1,Barley,DURANGO CDC,2025,1178,92.8
1,Barley,ESMA,2021,,
1,Barley,ESMA,2022,,
1,Barley,ESMA,2023,,
1,Barley,ESMA,2024,,
1,Barley,ESMA,2025,1236,87.9
1,Barley,SYNERGY AAC,2021,4298,74.9
1,Barley,SYNERGY AAC,2022,4638,87.2
1,Barley,SYNERGY AAC,2023,9603,72.5
1,Barley,SYNERGY AAC,2024,7856,83.2
1,Barley,SYNERGY AAC,2025,9243,89.1
1,Canola/Rapeseed,BY 7204LL,2021,,
1,Canola/Rapeseed,BY 7204LL,2022,,
1,Canola/Rapeseed,BY 7204LL,2023,,
1,Canola/Rapeseed,BY 7204LL,2024,1189,37.4
1,Canola/Rapeseed,BY 7204LL,2025,1380,52.1
1,Canola/Rapeseed,CS4000 LL,2021,,
1,Canola/Rapeseed,CS4000 LL,2022,,
1,Canola/Rapeseed,CS4000 LL,2023,868,32.6
1,Canola/Rapeseed,CS4000 LL,2024,1508,40.4
1,Canola/Rapeseed,CS4000 LL,2025,791,45.5
1,Canola/Rapeseed,CS4100 LL,2021,,
1,Canola/Rapeseed,CS4100 LL,2022,,
1,Canola/Rapeseed,CS4100 LL,2023,,
1,Canola/Rapeseed,CS4100 LL,2024,,
1,Canola/Rapeseed,CS4100 LL,2025,4210,40.3
1,Canola/Rapeseed,DK 801 LL,2021,,
1,Canola/Rapeseed,DK 801 LL,2022,,
1,Canola/Rapeseed,DK 801 LL,2023,,
1,Canola/Rapeseed,DK 801 LL,2024,,
1,Canola/Rapeseed,DK 801 LL,2025,1710,47.8
1,Canola/Rapeseed,DK400TL,2021,,
1,Canola/Rapeseed,DK400TL,2022,,
1,Canola/Rapeseed,DK400TL,2023,,
1,Canola/Rapeseed,DK400TL,2024,2696,35.8
1,Canola/Rapeseed,DK400TL,2025,1648,53.5
1,Canola/Rapeseed,DK401TK,2021,,
1,Canola/Rapeseed,DK401TK,2022,,
1,Canola/Rapeseed,DK401TK,2023,,
1,Canola/Rapeseed,DK401TK,2024,,
1,Canola/Rapeseed,DK401TK,2025,3015,59.1
1,Canola/Rapeseed,DK800LL,2021,,
1,Canola/Rapeseed,DK800LL,2022,,
1,Canola/Rapeseed,DK800LL,2023,,
1,Canola/Rapeseed,DK800LL,2024,,
1,Canola/Rapeseed,DK800LL,2025,2797,41.5
1,Canola/Rapeseed,LR354PC,2021,,
1,Canola/Rapeseed,LR354PC,2022,,
1,Canola/Rapeseed,LR354PC,2023,570,26.9
1,Canola/Rapeseed,LR354PC,2024,1991,38.9
1,Canola/Rapeseed,LR354PC,2025,466,35.9
1,Canola/Rapeseed,L233P,2021,78076,34.5
1,Canola/Rapeseed,L233P,2022,53539,39.5
1,Canola/Rapeseed,L233P,2023,47458,37.7
1,Canola/Rapeseed,L233P,2024,17574,37.7
1,Canola/Rapeseed,L233P,2025,4478,49.6
1,Canola/Rapeseed,L330PC,2021,,
1,Canola/Rapeseed,L330PC,2022,,
1,Canola/Rapeseed,L330PC,2023,,
1,Canola/Rapeseed,L330PC,2024,,
1,Canola/Rapeseed,L330PC,2025,3966,48.3
1,Canola/Rapeseed,L333PC,2021,,
1,Canola/Rapeseed,L333PC,2022,,
1,Canola/Rapeseed,L333PC,2023,,
1,Canola/Rapeseed,L333PC,2024,,
1,Canola/Rapeseed,L333PC,2025,9074,47.7
1,Canola/Rapeseed,L340PC,2021,10949,31.8
1,Canola/Rapeseed,L340PC,2022,64315,43.5
1,Canola/Rapeseed,L340PC,2023,75706,39.1
1,Canola/Rapeseed,L340PC,2024,111711,38.3
1,Canola/Rapeseed,L340PC,2025,121491,48.5
1,Canola/Rapeseed,L343PC,2021,,
1,Canola/Rapeseed,L343PC,2022,1160,40.5
1,Canola/Rapeseed,L343PC,2023,6300,34.1
1,Canola/Rapeseed,L343PC,2024,4110,34.1
1,Canola/Rapeseed,L343PC,2025,5198,47.8
1,Canola/Rapeseed,L345PC,2021,22564,34.9
1,Canola/Rapeseed,L345PC,2022,15880,41.7
1,Canola/Rapeseed,L345PC,2023,18338,40.5
1,Canola/Rapeseed,L345PC,2024,17109,38.9
1,Canola/Rapeseed,L345PC,2025,5991,47.3
1,Canola/Rapeseed,L350PC,2021,,
1,Canola/Rapeseed,L350PC,2022,,
1,Canola/Rapeseed,L350PC,2023,9257,40.5
1,Canola/Rapeseed,L350PC,2024,6157,35.1
1,Canola/Rapeseed,L350PC,2025,6585,46.6
1,Canola/Rapeseed,L356PC,2021,,
1,Canola/Rapeseed,L356PC,2022,10403,41.0
1,Canola/Rapeseed,L356PC,2023,28170,41.8
1,Canola/Rapeseed,L356PC,2024,45736,40.3
1,Canola/Rapeseed,L356PC,2025,26988,50.4
1,Canola/Rapeseed,PV 661 LCM,2021,,
1,Canola/Rapeseed,PV 661 LCM,2022,,
1,Canola/Rapeseed,PV 661 LCM,2023,,
1,Canola/Rapeseed,PV 661 LCM,2024,,
1,Canola/Rapeseed,PV 661 LCM,2025,3470,38.7
1,Canola/Rapeseed,P520L,2021,,
1,Canola/Rapeseed,P520L,2022,,
1,Canola/Rapeseed,P520L,2023,,
1,Canola/Rapeseed,P520L,2024,434,37.6
1,Canola/Rapeseed,P520L,2025,1809,46.8
1,Canola/Rapeseed,5440 INVIGOR,2021,,
1,Canola/Rapeseed,5440 INVIGOR,2022,,
1,Canola/Rapeseed,5440 INVIGOR,2023,,
1,Canola/Rapeseed,5440 INVIGOR,2024,,
1,Canola/Rapeseed,5440 INVIGOR,2025,1175,46.6
1,Fall Rye,HAZLET,2021,,
1,Fall Rye,HAZLET,2022,1414,42.1
1,Fall Rye,HAZLET,2023,1341,52.2
1,Fall Rye,HAZLET,2024,,
1,Fall Rye,HAZLET,2025,1337,48.3
1,Field Peas,AMARILLO CDC,2021,4615,34.2
1,Field Peas,AMARILLO CDC,2022,3702,36.0
1,Field Peas,AMARILLO CDC,2023,2081,39.7
1,Field Peas,AMARILLO CDC,2024,1566,44.5
1,Field Peas,AMARILLO CDC,2025,1586,55.4
1,Field Peas,CARVER AAC,2021,4835,37.1
1,Field Peas,CARVER AAC,2022,6229,40.7
1,Field Peas,CARVER AAC,2023,6895,40.9
1,Field Peas,CARVER AAC,2024,9513,42.6
1,Field Peas,CARVER AAC,2025,5852,56.4
1,Field Peas,CHROME AAC,2021,5583,39.9
1,Field Peas,CHROME AAC,2022,5785,36.4
1,Field Peas,CHROME AAC,2023,3799,42.7
1,Field Peas,CHROME AAC,2024,4472,39.1
1,Field Peas,CHROME AAC,2025,3764,58.5
1,Field Peas,FOREST CDC,2021,2179,43.3
1,Field Peas,FOREST CDC,2022,3370,38.0
1,Field Peas,FOREST CDC,2023,1649,41.8
1,Field Peas,FOREST CDC,2024,3578,46.5
1,Field Peas,FOREST CDC,2025,3695,65.5
1,Field Peas,HICKIE CDC,2021,,
1,Field Peas,HICKIE CDC,2022,,
1,Field Peas,HICKIE CDC,2023,,
1,Field Peas,HICKIE CDC,2024,,
1,Field Peas,HICKIE CDC,2025,1477,44.4
1,Field Peas,INCA CDC,2021,2003,38.0
1,Field Peas,INCA CDC,2022,7907,46.9
1,Field Peas,INCA CDC,2023,4805,43.2
1,Field Peas,INCA CDC,2024,5464,45.0
1,Field Peas,INCA CDC,2025,2949,60.9
1,Field Peas,JULIUS AAC,2021,,
1,Field Peas,JULIUS AAC,2022,,
1,Field Peas,JULIUS AAC,2023,,
1,Field Peas,JULIUS AAC,2024,,
1,Field Peas,JULIUS AAC,2025,2176,43.6
1,Field Peas,RAEZER CDC,2021,9651,30.8
1,Field Peas,RAEZER CDC,2022,5025,31.8
1,Field Peas,RAEZER CDC,2023,2251,38.1
1,Field Peas,RAEZER CDC,2024,3200,55.2
1,Field Peas,RAEZER CDC,2025,4719,48.6
1,Field Peas,SPECTRUM CDC,2021,1610,42.2
1,Field Peas,SPECTRUM CDC,2022,1018,47.7
1,Field Peas,SPECTRUM CDC,2023,1145,39.3
1,Field Peas,SPECTRUM CDC,2024,987,44.4
1,Field Peas,SPECTRUM CDC,2025,678,59.9
1,Field Peas,SPRUCE CDC,2021,2206,33.8
1,Field Peas,SPRUCE CDC,2022,3157,41.8
1,Field Peas,SPRUCE CDC,2023,6101,39.2
1,Field Peas,SPRUCE CDC,2024,4198,53.9
1,Field Peas,SPRUCE CDC,2025,5296,48.4
1,Flax,ACC BRIGHT,2021,,
1,Flax,ACC BRIGHT,2022,,
1,Flax,ACC BRIGHT,2023,,
1,Flax,ACC BRIGHT,2024,,
1,Flax,ACC BRIGHT,2025,850,36.4
1,Flax,BETHUNE CDC,2021,443,16.8
1,Flax,BETHUNE CDC,2022,920,19.8
1,Flax,BETHUNE CDC,2023,1403,10.7
1,Flax,BETHUNE CDC,2024,1050,11.0
1,Flax,BETHUNE CDC,2025,998,21.3
1,Flax,GLAS CDC,2021,6589,21.4
1,Flax,GLAS CDC,2022,4978,31.2
1,Flax,GLAS CDC,2023,3640,19.9
1,Flax,GLAS CDC,2024,2223,30.1
1,Flax,GLAS CDC,2025,3011,35.8
1,Flax,OMEGA,2021,963,17.0
1,Flax,OMEGA,2022,671,23.7
1,Flax,OMEGA,2023,,
1,Flax,OMEGA,2024,,
1,Flax,OMEGA,2025,860,30.7
1,Flax,ROWLAND CDC,2021,,
1,Flax,ROWLAND CDC,2022,575,32.7
1,Flax,ROWLAND CDC,2023,1842,21.5
1,Flax,ROWLAND CDC,2024,2114,30.1
1,Flax,ROWLAND CDC,2025,2800,35.3
1,Flax,SORREL CDC,2021,1986,20.9
1,Flax,SORREL CDC,2022,1174,34.0
1,Flax,SORREL CDC,2023,760,18.5
1,Flax,SORREL CDC,2024,407,21.9
1,Flax,SORREL CDC,2025,522,29.5
1,IP Canola/Rapeseed,B3018N,2021,,
1,IP Canola/Rapeseed,B3018N,2022,,
1,IP Canola/Rapeseed,B3018N,2023,,
1,IP Canola/Rapeseed,B3018N,2024,,
1,IP Canola/Rapeseed,B3018N,2025,907,45.0
1,IP Canola/Rapeseed,B3901N,2021,,
1,IP Canola/Rapeseed,B3901N,2022,,
1,IP Canola/Rapeseed,B3901N,2023,,
1,IP Canola/Rapeseed,B3901N,2024,,
1,IP Canola/Rapeseed,B3901N,2025,2441,43.9
1,IP Canola/Rapeseed,L358HPC,2021,,
1,IP Canola/Rapeseed,L358HPC,2022,,
1,IP Canola/Rapeseed,L358HPC,2023,,
1,IP Canola/Rapeseed,L358HPC,2024,3095,36.9
1,IP Canola/Rapeseed,L358HPC,2025,4201,44.2
1,Oats,ANSON CDC,2021,,
1,Oats,ANSON CDC,2022,,
1,Oats,ANSON CDC,2023,,
1,Oats,ANSON CDC,2024,,
1,Oats,ANSON CDC,2025,2031,105.4
1,Oats,ARBORG CDC,2021,,
1,Oats,ARBORG CDC,2022,2458,101.2
1,Oats,ARBORG CDC,2023,1185,71.4
1,Oats,ARBORG CDC,2024,2784,89.4
1,Oats,ARBORG CDC,2025,1731,103.9
1,Oats,CAMDEN CS,2021,5530,80.7
1,Oats,CAMDEN CS,2022,6253,113.7
1,Oats,CAMDEN CS,2023,4008,86.8
1,Oats,CAMDEN CS,2024,3857,97.6
1,Oats,CAMDEN CS,2025,2872,120.8
1,Oats,DOUGLAS AAC,2021,,
1,Oats,DOUGLAS AAC,2022,,
1,Oats,DOUGLAS AAC,2023,,
1,Oats,DOUGLAS AAC,2024,,
1,Oats,DOUGLAS AAC,2025,733,81.2
1,Oats,ENDURE CDC,2021,,
1,Oats,ENDURE CDC,2022,920,141.7
1,Oats,ENDURE CDC,2023,1875,76.6
1,Oats,ENDURE CDC,2024,3572,114.1
1,Oats,ENDURE CDC,2025,4056,126.5
1,Oats,ORE3541M,2021,511,67.5
1,Oats,ORE3541M,2022,650,98.1
1,Oats,ORE3541M,2023,,
1,Oats,ORE3541M,2024,1348,119.6
1,Oats,ORE3541M,2025,850,100.5
1,Oats,SUMMIT,2021,4690,67.3
1,Oats,SUMMIT,2022,5336,90.0
1,Oats,SUMMIT,2023,2090,83.2
1,Oats,SUMMIT,2024,5391,103.5
1,Oats,SUMMIT,2025,4971,122.4
1,Soybean,AKRAS R2,2021,,
1,Soybean,AKRAS R2,2022,,
1,Soybean,AKRAS R2,2023,1606,24.3
1,Soybean,AKRAS R2,2024,,
1,Soybean,AKRAS R2,2025,1866,28.6
1,Soybean,DKB001-07 RR2X,2021,,
1,Soybean,DKB001-07 RR2X,2022,,
1,Soybean,DKB001-07 RR2X,2023,,
1,Soybean,DKB001-07 RR2X,2024,805,35.5
1,Soybean,DKB001-07 RR2X,2025,3339,28.7
1,Soybean,DKB002-32,2021,,
1,Soybean,DKB002-32,2022,748,32.8
1,Soybean,DKB002-32,2023,3797,23.6
1,Soybean,DKB002-32,2024,2738,36.3
1,Soybean,DKB002-32,2025,3611,34.1
1,Soybean,DKB006-99,2021,,
1,Soybean,DKB006-99,2022,,
1,Soybean,DKB006-99,2023,,
1,Soybean,DKB006-99,2024,,
1,Soybean,DKB006-99,2025,660,37.0
1,Soybean,GENERAL,2021,8706,21.6
1,Soybean,GENERAL,2022,3759,31.5
1,Soybean,GENERAL,2023,5195,25.1
1,Soybean,GENERAL,2024,3335,29.4
1,Soybean,GENERAL,2025,3512,24.9
1,Soybean,PV 22S002 R2X,2021,,
1,Soybean,PV 22S002 R2X,2022,,
1,Soybean,PV 22S002 R2X,2023,907,29.8
1,Soybean,PV 22S002 R2X,2024,,
1,Soybean,PV 22S002 R2X,2025,1485,34.5
1,Soybean,P004Z87E,2021,,
1,Soybean,P004Z87E,2022,,
1,Soybean,P004Z87E,2023,,
1,Soybean,P004Z87E,2024,,
1,Soybean,P004Z87E,2025,1070,36.3
1,Soybean,S001-D8X,2021,,
1,Soybean,S001-D8X,2022,,
1,Soybean,S001-D8X,2023,700,19.1
1,Soybean,S001-D8X,2024,,
1,Soybean,S001-D8X,2025,590,37.3
1,Soybean,S003-R5X,2021,,
1,Soybean,S003-R5X,2022,,
1,Soybean,S003-R5X,2023,,
1,Soybean,S003-R5X,2024,1568,30.5
1,Soybean,S003-R5X,2025,622,32.5
1,Soybean,WARREN NSC RR,2021,1488,25.6
1,Soybean,WARREN NSC RR,2022,3129,33.3
1,Soybean,WARREN NSC RR,2023,5103,29.5
1,Soybean,WARREN NSC RR,2024,4577,33.6
1,Soybean,WARREN NSC RR,2025,5170,27.5
1,Wheat - Durum,CREDENCE CDC,2021,,
1,Wheat - Durum,CREDENCE CDC,2022,,
1,Wheat - Durum,CREDENCE CDC,2023,,
1,Wheat - Durum,CREDENCE CDC,2024,1037,51.6
1,Wheat - Durum,CREDENCE CDC,2025,3690,50.4
1,Wheat - Durum,DEFY CDC,2021,,
1,Wheat - Durum,DEFY CDC,2022,,
1,Wheat - Durum,DEFY CDC,2023,,
1,Wheat - Durum,DEFY CDC,2024,8190,57.7
1,Wheat - Durum,DEFY CDC,2025,8652,61.4
1,Wheat - Durum,DONLOW AAC,2021,,
1,Wheat - Durum,DONLOW AAC,2022,,
1,Wheat - Durum,DONLOW AAC,2023,2890,39.5
1,Wheat - Durum,DONLOW AAC,2024,4239,53.7
1,Wheat - Durum,DONLOW AAC,2025,7644,64.7
1,Wheat - Durum,PRECISION CDC,2021,1244,52.4
1,Wheat - Durum,PRECISION CDC,2022,4255,52.8
1,Wheat - Durum,PRECISION CDC,2023,3570,35.3
1,Wheat - Durum,PRECISION CDC,2024,2426,47.0
1,Wheat - Durum,PRECISION CDC,2025,4661,52.1
1,Wheat - Durum,SCHRADER AAC,2021,,
1,Wheat - Durum,SCHRADER AAC,2022,,
1,Wheat - Durum,SCHRADER AAC,2023,,
1,Wheat - Durum,SCHRADER AAC,2024,,
1,Wheat - Durum,SCHRADER AAC,2025,1917,59.3
1,Wheat - Durum,SPITFIRE AAC,2021,1346,47.7
1,Wheat - Durum,SPITFIRE AAC,2022,3504,52.5
1,Wheat - Durum,SPITFIRE AAC,2023,4537,47.3
1,Wheat - Durum,SPITFIRE AAC,2024,2422,53.1
1,Wheat - Durum,SPITFIRE AAC,2025,2181,53.6
1,Wheat - Durum,VANTTA CDC,2021,,
1,Wheat - Durum,VANTTA CDC,2022,,
1,Wheat - Durum,VANTTA CDC,2023,,
1,Wheat - Durum,VANTTA CDC,2024,,
1,Wheat - Durum,VANTTA CDC,2025,1931,49.8
1,Wheat - Durum,WEYBURN VB AAC,2021,,
1,Wheat - Durum,WEYBURN VB AAC,2022,,
1,Wheat - Durum,WEYBURN VB AAC,2023,646,41.5
1,Wheat - Durum,WEYBURN VB AAC,2024,1064,55.7
1,Wheat - Durum,WEYBURN VB AAC,2025,2290,53.5
1,Wheat - Hard Red Spring,ALIDA VB AAC,2021,3784,51.0
1,Wheat - Hard Red Spring,ALIDA VB AAC,2022,5682,45.0
1,Wheat - Hard Red Spring,ALIDA VB AAC,2023,2512,41.6
1,Wheat - Hard Red Spring,ALIDA VB AAC,2024,4556,33.1
1,Wheat - Hard Red Spring,ALIDA VB AAC,2025,1226,57.0
1,Wheat - Hard Red Spring,BRANDON AAC,2021,86773,48.2
1,Wheat - Hard Red Spring,BRANDON AAC,2022,80271,50.6
1,Wheat - Hard Red Spring,BRANDON AAC,2023,93176,49.7
1,Wheat - Hard Red Spring,BRANDON AAC,2024,82020,55.7
1,Wheat - Hard Red Spring,BRANDON AAC,2025,66495,57.9
1,Wheat - Hard Red Spring,BROADACRES AAC,2021,,
1,Wheat - Hard Red Spring,BROADACRES AAC,2022,,
1,Wheat - Hard Red Spring,BROADACRES AAC,2023,,
1,Wheat - Hard Red Spring,BROADACRES AAC,2024,575,51.1
1,Wheat - Hard Red Spring,BROADACRES AAC,2025,2810,51.1
1,Wheat - Hard Red Spring,CARBERRY,2021,10287,41.6
1,Wheat - Hard Red Spring,CARBERRY,2022,6655,45.3
1,Wheat - Hard Red Spring,CARBERRY,2023,9995,42.8
1,Wheat - Hard Red Spring,CARBERRY,2024,7170,50.7
1,Wheat - Hard Red Spring,CARBERRY,2025,6003,52.1
1,Wheat - Hard Red Spring,ELIE AAC,2021,14947,49.0
1,Wheat - Hard Red Spring,ELIE AAC,2022,9009,53.9
1,Wheat - Hard Red Spring,ELIE AAC,2023,10413,49.1
1,Wheat - Hard Red Spring,ELIE AAC,2024,10096,51.0
1,Wheat - Hard Red Spring,ELIE AAC,2025,3329,55.6
1,Wheat - Hard Red Spring,GLENN,2021,,
1,Wheat - Hard Red Spring,GLENN,2022,1240,40.8
1,Wheat - Hard Red Spring,GLENN,2023,1450,48.7
1,Wheat - Hard Red Spring,GLENN,2024,978,62.8
1,Wheat - Hard Red Spring,GLENN,2025,960,57.0
1,Wheat - Hard Red Spring,HOCKLEY AAC,2021,,
1,Wheat - Hard Red Spring,HOCKLEY AAC,2022,,
1,Wheat - Hard Red Spring,HOCKLEY AAC,2023,1334,55.3
1,Wheat - Hard Red Spring,HOCKLEY AAC,2024,12179,63.6
1,Wheat - Hard Red Spring,HOCKLEY AAC,2025,22522,63.9
1,Wheat - Hard Red Spring,HODGE AAC VB,2021,,
1,Wheat - Hard Red Spring,HODGE AAC VB,2022,,
1,Wheat - Hard Red Spring,HODGE AAC VB,2023,2422,58.8
1,Wheat - Hard Red Spring,HODGE AAC VB,2024,10542,65.1
1,Wheat - Hard Red Spring,HODGE AAC VB,2025,12032,66.3
1,Wheat - Hard Red Spring,LANDMARK CDC,2021,2467,47.2
1,Wheat - Hard Red Spring,LANDMARK CDC,2022,928,51.4
1,Wheat - Hard Red Spring,LANDMARK CDC,2023,2814,49.2
1,Wheat - Hard Red Spring,LANDMARK CDC,2024,1574,48.6
1,Wheat - Hard Red Spring,LANDMARK CDC,2025,2211,53.9
1,Wheat - Hard Red Spring,LEROY AAC VB,2021,1685,45.9
1,Wheat - Hard Red Spring,LEROY AAC VB,2022,4183,53.5
1,Wheat - Hard Red Spring,LEROY AAC VB,2023,6752,54.0
1,Wheat - Hard Red Spring,LEROY AAC VB,2024,7806,54.4
1,Wheat - Hard Red Spring,LEROY AAC VB,2025,4903,57.0
1,Wheat - Hard Red Spring,MANNESS SY,2021,,
1,Wheat - Hard Red Spring,MANNESS SY,2022,,
1,Wheat - Hard Red Spring,MANNESS SY,2023,,
1,Wheat - Hard Red Spring,MANNESS SY,2024,,
1,Wheat - Hard Red Spring,MANNESS SY,2025,1526,55.4
1,Wheat - Hard Red Spring,RUSSELL AAC VB,2021,,
1,Wheat - Hard Red Spring,RUSSELL AAC VB,2022,,
1,Wheat - Hard Red Spring,RUSSELL AAC VB,2023,,
1,Wheat - Hard Red Spring,RUSSELL AAC VB,2024,524,41.6
1,Wheat - Hard Red Spring,RUSSELL AAC VB,2025,1909,43.1
1,Wheat - Hard Red Spring,STARBUCK AAC VB,2021,4716,49.8
1,Wheat - Hard Red Spring,STARBUCK AAC VB,2022,21268,58.1
1,Wheat - Hard Red Spring,STARBUCK AAC VB,2023,32823,54.0
1,Wheat - Hard Red Spring,STARBUCK AAC VB,2024,32952,55.7
1,Wheat - Hard Red Spring,STARBUCK AAC VB,2025,47917,63.7
1,Wheat - Hard Red Spring,VESPER,2021,1623,43.9
1,Wheat - Hard Red Spring,VESPER,2022,1380,53.8
1,Wheat - Hard Red Spring,VESPER,2023,2180,44.9
1,Wheat - Hard Red Spring,VESPER,2024,1568,51.8
1,Wheat - Hard Red Spring,VESPER,2025,1212,53.8
1,Wheat - Hard Red Spring,VIEWFIELD AAC,2021,6774,51.3
1,Wheat - Hard Red Spring,VIEWFIELD AAC,2022,9907,58.7
1,Wheat - Hard Red Spring,VIEWFIELD AAC,2023,10802,51.2
1,Wheat - Hard Red Spring,VIEWFIELD AAC,2024,8067,53.8
1,Wheat - Hard Red Spring,VIEWFIELD AAC,2025,8787,69.0
1,Wheat - Hard Red Spring,WHEATLAND VB AAC,2021,3089,53.0
1,Wheat - Hard Red Spring,WHEATLAND VB AAC,2022,7307,53.9
1,Wheat - Hard Red Spring,WHEATLAND VB AAC,2023,6308,54.2
1,Wheat - Hard Red Spring,WHEATLAND VB AAC,2024,8176,61.2
1,Wheat - Hard Red Spring,WHEATLAND VB AAC,2025,4944,59.6
1,Canary Seed,KEET,2021,1810,1250
1,Canary Seed,KEET,2022,,
1,Canary Seed,KEET,2023,,
1,Canary Seed,KEET,2024,2903,1806
1,Canary Seed,KEET,2025,1879,1964
1,Lentils - Red,NIMBLE,2021,,
1,Lentils - Red,NIMBLE,2022,,
1,Lentils - Red,NIMBLE,2023,,
1,Lentils - Red,NIMBLE,2024,823,1563
1,Lentils - Red,NIMBLE,2025,723,1894
1,Lentils - Red,PROCLAIM CDC,2021,2046,1821
1,Lentils - Red,PROCLAIM CDC,2022,3696,1318
1,Lentils - Red,PROCLAIM CDC,2023,973,1517
1,Lentils - Red,PROCLAIM CDC,2024,897,2000
1,Lentils - Red,PROCLAIM CDC,2025,1173,2004
1,Lentils - Red,SIMMIE CDC,2021,531,1914
1,Lentils - Red,SIMMIE CDC,2022,,
1,Lentils - Red,SIMMIE CDC,2023,1263,1830
1,Lentils - Red,SIMMIE CDC,2024,1668,1409
1,Lentils - Red,SIMMIE CDC,2025,760,1755
2,Barley,AUSTENSON CDC,2021,560,29.6
2,Barley,AUSTENSON CDC,2022,,
2,Barley,AUSTENSON CDC,2023,704,43.4
2,Barley,AUSTENSON CDC,2024,,
2,Barley,AUSTENSON CDC,2025,1048,77.9
2,Barley,COWBOY CDC,2021,1100,26.7
2,Barley,COWBOY CDC,2022,806,38.7
2,Barley,COWBOY CDC,2023,649,43.6
2,Barley,COWBOY CDC,2024,912,49.9
2,Barley,COWBOY CDC,2025,675,51.7
2,Barley,DURANGO CDC,2021,,
2,Barley,DURANGO CDC,2022,,
2,Barley,DURANGO CDC,2023,,
2,Barley,DURANGO CDC,2024,,
2,Barley,DURANGO CDC,2025,1030,81.4
2,Barley,MAVERICK CDC,2021,,
2,Barley,MAVERICK CDC,2022,873,60.9
2,Barley,MAVERICK CDC,2023,,
2,Barley,MAVERICK CDC,2024,1055,60.5
2,Barley,MAVERICK CDC,2025,782,46.9
2,Barley,METCALFE AC,2021,6555,36.6
2,Barley,METCALFE AC,2022,3506,60.9
2,Barley,METCALFE AC,2023,3328,35.5
2,Barley,METCALFE AC,2024,1286,32.3
2,Barley,METCALFE AC,2025,484,81.0
2,Barley,SYNERGY AAC,2021,3176,55.8
2,Barley,SYNERGY AAC,2022,1858,89.1
2,Barley,SYNERGY AAC,2023,6693,61.2
2,Barley,SYNERGY AAC,2024,9383,68.2
2,Barley,SYNERGY AAC,2025,10424,75.7
2,Canola/Rapeseed,BY 7204LL,2021,,
2,Canola/Rapeseed,BY 7204LL,2022,,
2,Canola/Rapeseed,BY 7204LL,2023,,
2,Canola/Rapeseed,BY 7204LL,2024,3988,29.8
2,Canola/Rapeseed,BY 7204LL,2025,2121,46.0
2,Canola/Rapeseed,CP21T3P,2021,,
2,Canola/Rapeseed,CP21T3P,2022,1631,33.5
2,Canola/Rapeseed,CP21T3P,2023,880,16.5
2,Canola/Rapeseed,CP21T3P,2024,478,8.7
2,Canola/Rapeseed,CP21T3P,2025,582,41.4
2,Canola/Rapeseed,DK 801 LL,2021,,
2,Canola/Rapeseed,DK 801 LL,2022,,
2,Canola/Rapeseed,DK 801 LL,2023,,
2,Canola/Rapeseed,DK 801 LL,2024,,
2,Canola/Rapeseed,DK 801 LL,2025,1555,33.5
2,Canola/Rapeseed,DK400TL,2021,,
2,Canola/Rapeseed,DK400TL,2022,,
2,Canola/Rapeseed,DK400TL,2023,,
2,Canola/Rapeseed,DK400TL,2024,3914,27.1
2,Canola/Rapeseed,DK400TL,2025,3059,39.5
2,Canola/Rapeseed,LR354PC,2021,,
2,Canola/Rapeseed,LR354PC,2022,,
2,Canola/Rapeseed,LR354PC,2023,979,25.5
2,Canola/Rapeseed,LR354PC,2024,1977,32.1
2,Canola/Rapeseed,LR354PC,2025,897,38.7
2,Canola/Rapeseed,L140P,2021,,
2,Canola/Rapeseed,L140P,2022,4390,41.8
2,Canola/Rapeseed,L140P,2023,2070,25.6
2,Canola/Rapeseed,L140P,2024,,
2,Canola/Rapeseed,L140P,2025,1068,42.5
2,Canola/Rapeseed,L233P,2021,100857,27.1
2,Canola/Rapeseed,L233P,2022,53774,39.8
2,Canola/Rapeseed,L233P,2023,59889,24.9
2,Canola/Rapeseed,L233P,2024,23048,28.0
2,Canola/Rapeseed,L233P,2025,14945,46.9
2,Canola/Rapeseed,L330PC,2021,,
2,Canola/Rapeseed,L330PC,2022,,
2,Canola/Rapeseed,L330PC,2023,,
2,Canola/Rapeseed,L330PC,2024,,
2,Canola/Rapeseed,L330PC,2025,6064,42.8
2,Canola/Rapeseed,L333PC,2021,,
2,Canola/Rapeseed,L333PC,2022,,
2,Canola/Rapeseed,L333PC,2023,,
2,Canola/Rapeseed,L333PC,2024,,
2,Canola/Rapeseed,L333PC,2025,1997,45.4
2,Canola/Rapeseed,L340PC,2021,26697,24.7
2,Canola/Rapeseed,L340PC,2022,42272,42.7
2,Canola/Rapeseed,L340PC,2023,63117,26.7
2,Canola/Rapeseed,L340PC,2024,102548,31.4
2,Canola/Rapeseed,L340PC,2025,129092,47.4
2,Canola/Rapeseed,L341PC,2021,,
2,Canola/Rapeseed,L341PC,2022,,
2,Canola/Rapeseed,L341PC,2023,,
2,Canola/Rapeseed,L341PC,2024,,
2,Canola/Rapeseed,L341PC,2025,746,36.6
2,Canola/Rapeseed,L343PC,2021,,
2,Canola/Rapeseed,L343PC,2022,2187,40.9
2,Canola/Rapeseed,L343PC,2023,4347,20.5
2,Canola/Rapeseed,L343PC,2024,4912,25.1
2,Canola/Rapeseed,L343PC,2025,1784,42.2
2,Canola/Rapeseed,L345PC,2021,24299,30.4
2,Canola/Rapeseed,L345PC,2022,18044,42.1
2,Canola/Rapeseed,L345PC,2023,20185,24.4
2,Canola/Rapeseed,L345PC,2024,13821,26.0
2,Canola/Rapeseed,L345PC,2025,3726,46.9
2,Canola/Rapeseed,L350PC,2021,,
2,Canola/Rapeseed,L350PC,2022,,
2,Canola/Rapeseed,L350PC,2023,7842,28.3
2,Canola/Rapeseed,L350PC,2024,4067,25.7
2,Canola/Rapeseed,L350PC,2025,1364,44.4
2,Canola/Rapeseed,L356PC,2021,,
2,Canola/Rapeseed,L356PC,2022,3751,43.2
2,Canola/Rapeseed,L356PC,2023,12757,25.3
2,Canola/Rapeseed,L356PC,2024,23604,27.6
2,Canola/Rapeseed,L356PC,2025,10202,45.3
2,Canola/Rapeseed,P505MSL,2021,,
2,Canola/Rapeseed,P505MSL,2022,,
2,Canola/Rapeseed,P505MSL,2023,958,19.0
2,Canola/Rapeseed,P505MSL,2024,,
2,Canola/Rapeseed,P505MSL,2025,915,40.5
2,Field Peas,ACER,2021,,
2,Field Peas,ACER,2022,,
2,Field Peas,ACER,2023,,
2,Field Peas,ACER,2024,,
2,Field Peas,ACER,2025,558,52.1
2,Field Peas,AMARILLO CDC,2021,9227,31.8
2,Field Peas,AMARILLO CDC,2022,8053,33.3
2,Field Peas,AMARILLO CDC,2023,7608,27.2
2,Field Peas,AMARILLO CDC,2024,8044,27.5
2,Field Peas,AMARILLO CDC,2025,6232,46.0
2,Field Peas,CARVER AAC,2021,6083,33.4
2,Field Peas,CARVER AAC,2022,7739,40.4
2,Field Peas,CARVER AAC,2023,5000,31.0
2,Field Peas,CARVER AAC,2024,6033,32.9
2,Field Peas,CARVER AAC,2025,6159,50.7
2,Field Peas,CHROME AAC,2021,454,36.0
2,Field Peas,CHROME AAC,2022,1447,54.9
2,Field Peas,CHROME AAC,2023,4169,37.4
2,Field Peas,CHROME AAC,2024,1718,34.7
2,Field Peas,CHROME AAC,2025,2618,52.0
2,Field Peas,FOREST CDC,2021,3385,37.1
2,Field Peas,FOREST CDC,2022,1860,34.6
2,Field Peas,FOREST CDC,2023,2213,31.9
2,Field Peas,FOREST CDC,2024,1939,34.1
2,Field Peas,FOREST CDC,2025,3846,60.6
2,Field Peas,GOLDEN CDC,2021,3727,28.1
2,Field Peas,GOLDEN CDC,2022,3451,29.8
2,Field Peas,GOLDEN CDC,2023,3142,24.0
2,Field Peas,GOLDEN CDC,2024,2230,34.9
2,Field Peas,GOLDEN CDC,2025,2576,35.0
2,Field Peas,HICKIE CDC,2021,,
2,Field Peas,HICKIE CDC,2022,,
2,Field Peas,HICKIE CDC,2023,,
2,Field Peas,HICKIE CDC,2024,832,35.6
2,Field Peas,HICKIE CDC,2025,5886,49.6
2,Field Peas,INCA CDC,2021,3093,22.7
2,Field Peas,INCA CDC,2022,2566,33.4
2,Field Peas,INCA CDC,2023,3192,21.0
2,Field Peas,INCA CDC,2024,1964,34.3
2,Field Peas,INCA CDC,2025,1399,43.5
2,Field Peas,JULIUS AAC,2021,,
2,Field Peas,JULIUS AAC,2022,,
2,Field Peas,JULIUS AAC,2023,,
2,Field Peas,JULIUS AAC,2024,,
2,Field Peas,JULIUS AAC,2025,1059,42.8
2,Field Peas,LIMERICK CDC,2021,6515,29.1
2,Field Peas,LIMERICK CDC,2022,4648,35.1
2,Field Peas,LIMERICK CDC,2023,2682,31.2
2,Field Peas,LIMERICK CDC,2024,7251,31.3
2,Field Peas,LIMERICK CDC,2025,10325,46.1
2,Field Peas,MAPLE,2021,,
2,Field Peas,MAPLE,2022,,
2,Field Peas,MAPLE,2023,,
2,Field Peas,MAPLE,2024,,
2,Field Peas,MAPLE,2025,1720,48.5
2,Field Peas,MEADOW CDC,2021,2191,30.0
2,Field Peas,MEADOW CDC,2022,6404,36.7
2,Field Peas,MEADOW CDC,2023,4377,36.6
2,Field Peas,MEADOW CDC,2024,4767,37.3
2,Field Peas,MEADOW CDC,2025,1360,40.0
2,Field Peas,PROFIT AAC,2021,,
2,Field Peas,PROFIT AAC,2022,,
2,Field Peas,PROFIT AAC,2023,2288,38.0
2,Field Peas,PROFIT AAC,2024,1605,28.9
2,Field Peas,PROFIT AAC,2025,2089,49.3
2,Field Peas,RAEZER CDC,2021,3194,35.3
2,Field Peas,RAEZER CDC,2022,2255,29.7
2,Field Peas,RAEZER CDC,2023,739,28.8
2,Field Peas,RAEZER CDC,2024,,
2,Field Peas,RAEZER CDC,2025,741,51.6
2,Field Peas,TOLLEFSON CDC,2021,,
2,Field Peas,TOLLEFSON CDC,2022,,
2,Field Peas,TOLLEFSON CDC,2023,,
2,Field Peas,TOLLEFSON CDC,2024,,
2,Field Peas,TOLLEFSON CDC,2025,718,34.1
2,Flax,GLAS CDC,2021,11532,16.2
2,Flax,GLAS CDC,2022,7040,29.9
2,Flax,GLAS CDC,2023,5038,15.2
2,Flax,GLAS CDC,2024,1911,16.6
2,Flax,GLAS CDC,2025,2477,29.0
2,Flax,OMEGA,2021,2350,26.7
2,Flax,OMEGA,2022,,
2,Flax,OMEGA,2023,1890,18.5
2,Flax,OMEGA,2024,1510,20.5
2,Flax,OMEGA,2025,1016,46.9
2,Flax,ROWLAND CDC,2021,,
2,Flax,ROWLAND CDC,2022,478,19.5
2,Flax,ROWLAND CDC,2023,1366,10.5
2,Flax,ROWLAND CDC,2024,4320,14.3
2,Flax,ROWLAND CDC,2025,4934,33.0
2,Flax,SORREL CDC,2021,8245,13.4
2,Flax,SORREL CDC,2022,3310,27.5
2,Flax,SORREL CDC,2023,1414,18.6
2,Flax,SORREL CDC,2024,611,19.9
2,Flax,SORREL CDC,2025,1049,26.4
2,IP Canola/Rapeseed,L358HPC,2021,,
2,IP Canola/Rapeseed,L358HPC,2022,,
2,IP Canola/Rapeseed,L358HPC,2023,,
2,IP Canola/Rapeseed,L358HPC,2024,4557,33.9
2,IP Canola/Rapeseed,L358HPC,2025,2437,49.9
2,Mustard - Brown,AAC BROWN18,2021,,
2,Mustard - Brown,AAC BROWN18,2022,,
2,Mustard - Brown,AAC BROWN18,2023,939,17.2
2,Mustard - Brown,AAC BROWN18,2024,,
2,Mustard - Brown,AAC BROWN18,2025,545,29.4
2,Mustard - Yellow,ANDANTE,2021,2150,10.2
2,Mustard - Yellow,ANDANTE,2022,1631,14.0
2,Mustard - Yellow,ANDANTE,2023,1681,11.8
2,Mustard - Yellow,ANDANTE,2024,,
2,Mustard - Yellow,ANDANTE,2025,953,24.7
2,Oats,ARBORG CDC,2021,,
2,Oats,ARBORG CDC,2022,,
2,Oats,ARBORG CDC,2023,,
2,Oats,ARBORG CDC,2024,,
2,Oats,ARBORG CDC,2025,410,23.2
2,Oats,CAMDEN CS,2021,1129,60.1
2,Oats,CAMDEN CS,2022,1297,101.9
2,Oats,CAMDEN CS,2023,,
2,Oats,CAMDEN CS,2024,1742,105.0
2,Oats,CAMDEN CS,2025,1292,67.1
2,Wheat - Durum,ALLOY CDC,2021,11627,41.2
2,Wheat - Durum,ALLOY CDC,2022,14110,54.0
2,Wheat - Durum,ALLOY CDC,2023,16129,33.3
2,Wheat - Durum,ALLOY CDC,2024,10115,39.6
2,Wheat - Durum,ALLOY CDC,2025,6047,54.0
2,Wheat - Durum,BRIGADE,2021,24322,39.2
2,Wheat - Durum,BRIGADE,2022,28270,57.5
2,Wheat - Durum,BRIGADE,2023,23486,26.0
2,Wheat - Durum,BRIGADE,2024,15024,38.6
2,Wheat - Durum,BRIGADE,2025,20789,51.3
2,Wheat - Durum,COVERT CDC,2021,,
2,Wheat - Durum,COVERT CDC,2022,,
2,Wheat - Durum,COVERT CDC,2023,,
2,Wheat - Durum,COVERT CDC,2024,,
2,Wheat - Durum,COVERT CDC,2025,996,56.2
2,Wheat - Durum,DEFY CDC,2021,,
2,Wheat - Durum,DEFY CDC,2022,,
2,Wheat - Durum,DEFY CDC,2023,9978,32.0
2,Wheat - Durum,DEFY CDC,2024,33876,40.8
2,Wheat - Durum,DEFY CDC,2025,40103,55.9
2,Wheat - Durum,DONLOW AAC,2021,,
2,Wheat - Durum,DONLOW AAC,2022,,
2,Wheat - Durum,DONLOW AAC,2023,14675,32.9
2,Wheat - Durum,DONLOW AAC,2024,25771,45.3
2,Wheat - Durum,DONLOW AAC,2025,20740,56.2
2,Wheat - Durum,ENTERPRISE,2021,2100,34.7
2,Wheat - Durum,ENTERPRISE,2022,2257,40.0
2,Wheat - Durum,ENTERPRISE,2023,2035,28.4
2,Wheat - Durum,ENTERPRISE,2024,3107,41.4
2,Wheat - Durum,ENTERPRISE,2025,998,44.4
2,Wheat - Durum,PRECISION CDC,2021,39758,36.0
2,Wheat - Durum,PRECISION CDC,2022,52923,55.8
2,Wheat - Durum,PRECISION CDC,2023,52797,32.3
2,Wheat - Durum,PRECISION CDC,2024,20192,34.8
2,Wheat - Durum,PRECISION CDC,2025,9640,46.8
2,Wheat - Durum,SPITFIRE AAC,2021,4538,45.0
2,Wheat - Durum,SPITFIRE AAC,2022,2388,40.9
2,Wheat - Durum,SPITFIRE AAC,2023,,
2,Wheat - Durum,SPITFIRE AAC,2024,2406,54.8
2,Wheat - Durum,SPITFIRE AAC,2025,450,35.9
2,Wheat - Durum,TRANSCEND,2021,38969,35.5
2,Wheat - Durum,TRANSCEND,2022,27621,51.2
2,Wheat - Durum,TRANSCEND,2023,26921,31.0
2,Wheat - Durum,TRANSCEND,2024,20638,34.0
2,Wheat - Durum,TRANSCEND,2025,13351,49.7
2,Wheat - Durum,VANTTA CDC,2021,,
2,Wheat - Durum,VANTTA CDC,2022,,
2,Wheat - Durum,VANTTA CDC,2023,,
2,Wheat - Durum,VANTTA CDC,2024,794,44.8
2,Wheat - Durum,VANTTA CDC,2025,5068,48.8
2,Wheat - Durum,VERONA CDC,2021,1802,28.9
2,Wheat - Durum,VERONA CDC,2022,1803,41.6
2,Wheat - Durum,VERONA CDC,2023,2596,28.5
2,Wheat - Durum,VERONA CDC,2024,1408,27.1
2,Wheat - Durum,VERONA CDC,2025,1237,48.2
2,Wheat - Durum,WEYBURN VB AAC,2021,,
2,Wheat - Durum,WEYBURN VB AAC,2022,,
2,Wheat - Durum,WEYBURN VB AAC,2023,14984,32.4
2,Wheat - Durum,WEYBURN VB AAC,2024,42446,41.2
2,Wheat - Durum,WEYBURN VB AAC,2025,45315,55.8
2,Wheat - Hard Red Spring,BARRIE AC,2021,1122,15.5
2,Wheat - Hard Red Spring,BARRIE AC,2022,1611,23.1
2,Wheat - Hard Red Spring,BARRIE AC,2023,700,13.9
2,Wheat - Hard Red Spring,BARRIE AC,2024,,
2,Wheat - Hard Red Spring,BARRIE AC,2025,816,43.5
2,Wheat - Hard Red Spring,BRANDON AAC,2021,38688,39.8
2,Wheat - Hard Red Spring,BRANDON AAC,2022,32575,46.4
2,Wheat - Hard Red Spring,BRANDON AAC,2023,39964,38.5
2,Wheat - Hard Red Spring,BRANDON AAC,2024,33641,42.1
2,Wheat - Hard Red Spring,BRANDON AAC,2025,23322,56.1
2,Wheat - Hard Red Spring,CARBERRY,2021,2449,39.3
2,Wheat - Hard Red Spring,CARBERRY,2022,3353,44.2
2,Wheat - Hard Red Spring,CARBERRY,2023,4269,34.7
2,Wheat - Hard Red Spring,CARBERRY,2024,3445,34.8
2,Wheat - Hard Red Spring,CARBERRY,2025,1597,28.8
2,Wheat - Hard Red Spring,HOCKLEY AAC,2021,,
2,Wheat - Hard Red Spring,HOCKLEY AAC,2022,,
2,Wheat - Hard Red Spring,HOCKLEY AAC,2023,,
2,Wheat - Hard Red Spring,HOCKLEY AAC,2024,3770,45.8
2,Wheat - Hard Red Spring,HOCKLEY AAC,2025,1822,60.3
2,Wheat - Hard Red Spring,HODGE AAC VB,2021,,
2,Wheat - Hard Red Spring,HODGE AAC VB,2022,,
2,Wheat - Hard Red Spring,HODGE AAC VB,2023,666,31.9
2,Wheat - Hard Red Spring,HODGE AAC VB,2024,2215,45.3
2,Wheat - Hard Red Spring,HODGE AAC VB,2025,3345,55.3
2,Wheat - Hard Red Spring,NEEPAWA,2021,,
2,Wheat - Hard Red Spring,NEEPAWA,2022,1000,21.1
2,Wheat - Hard Red Spring,NEEPAWA,2023,990,19.5
2,Wheat - Hard Red Spring,NEEPAWA,2024,1000,22.6
2,Wheat - Hard Red Spring,NEEPAWA,2025,1015,21.5
2,Wheat - Hard Red Spring,REDBERRY AAC,2021,755,19.6
2,Wheat - Hard Red Spring,REDBERRY AAC,2022,5925,45.7
2,Wheat - Hard Red Spring,REDBERRY AAC,2023,3322,37.7
2,Wheat - Hard Red Spring,REDBERRY AAC,2024,6601,30.0
2,Wheat - Hard Red Spring,REDBERRY AAC,2025,2111,49.6
2,Wheat - Hard Red Spring,STARBUCK AAC VB,2021,1968,53.5
2,Wheat - Hard Red Spring,STARBUCK AAC VB,2022,6753,54.6
2,Wheat - Hard Red Spring,STARBUCK AAC VB,2023,14515,42.4
2,Wheat - Hard Red Spring,STARBUCK AAC VB,2024,20374,48.0
2,Wheat - Hard Red Spring,STARBUCK AAC VB,2025,23166,58.6
2,Wheat - Hard Red Spring,VIEWFIELD AAC,2021,3033,30.5
2,Wheat - Hard Red Spring,VIEWFIELD AAC,2022,4210,47.3
2,Wheat - Hard Red Spring,VIEWFIELD AAC,2023,3412,33.4
2,Wheat - Hard Red Spring,VIEWFIELD AAC,2024,4085,39.5
2,Wheat - Hard Red Spring,VIEWFIELD AAC,2025,1524,55.0
2,Wheat - Hard Red Spring,WHEATLAND VB AAC,2021,1268,39.6
2,Wheat - Hard Red Spring,WHEATLAND VB AAC,2022,3721,51.3
2,Wheat - Hard Red Spring,WHEATLAND VB AAC,2023,3435,38.0
2,Wheat - Hard Red Spring,WHEATLAND VB AAC,2024,1141,40.4
2,Wheat - Hard Red Spring,WHEATLAND VB AAC,2025,1792,34.0
2,Canary Seed,CANTATE,2021,905,1098
2,Canary Seed,CANTATE,2022,,
2,Canary Seed,CANTATE,2023,,
2,Canary Seed,CANTATE,2024,,
2,Canary Seed,CANTATE,2025,2140,1870
2,Canary Seed,LUMIO CDC,2021,,
2,Canary Seed,LUMIO CDC,2022,,
2,Canary Seed,LUMIO CDC,2023,1167,448
2,Canary Seed,LUMIO CDC,2024,457,1217
2,Canary Seed,LUMIO CDC,2025,515,2059
2,Chickpea,- Large Kabuli LEADER CDC,2021,6975,1601
2,Chickpea,- Large Kabuli LEADER CDC,2022,5693,1839
2,Chickpea,- Large Kabuli LEADER CDC,2023,2155,1455
2,Chickpea,- Large Kabuli LEADER CDC,2024,1621,1453
2,Chickpea,- Large Kabuli LEADER CDC,2025,3481,1096
2,Chickpea,ORKNEY CDC,2021,,
2,Chickpea,ORKNEY CDC,2022,,
2,Chickpea,ORKNEY CDC,2023,,
2,Chickpea,ORKNEY CDC,2024,1941,1530
2,Chickpea,ORKNEY CDC,2025,6120,1812
2,Chickpea,PASQUA CDC,2021,,
2,Chickpea,PASQUA CDC,2022,,
2,Chickpea,PASQUA CDC,2023,,
2,Chickpea,PASQUA CDC,2024,,
2,Chickpea,PASQUA CDC,2025,982,2784
2,Lentils - Large Green,IMPOWER CDC CL,2021,2387,992
2,Lentils - Large Green,IMPOWER CDC CL,2022,780,1354
2,Lentils - Large Green,IMPOWER CDC CL,2023,,
2,Lentils - Large Green,IMPOWER CDC CL,2024,1660,1074
2,Lentils - Large Green,IMPOWER CDC CL,2025,700,1574
2,Lentils - Large Green,LAIRD,2021,,
2,Lentils - Large Green,LAIRD,2022,,
2,Lentils - Large Green,LAIRD,2023,,
2,Lentils - Large Green,LAIRD,2024,,
2,Lentils - Large Green,LAIRD,2025,1051,1265
2,Lentils - Large Green,LIMA CDC,2021,1143,1005
2,Lentils - Large Green,LIMA CDC,2022,2413,1237
2,Lentils - Large Green,LIMA CDC,2023,3410,1058
2,Lentils - Large Green,LIMA CDC,2024,5827,1384
2,Lentils - Large Green,LIMA CDC,2025,7234,1675
2,Lentils,- Other BELUGA,2021,,
2,Lentils,- Other BELUGA,2022,,
2,Lentils,- Other BELUGA,2023,,
2,Lentils,- Other BELUGA,2024,,
2,Lentils,- Other BELUGA,2025,1431,851
2,Lentils,ESTON,2021,,
2,Lentils,ESTON,2022,,
2,Lentils,ESTON,2023,702,1334
2,Lentils,ESTON,2024,1929,1290
2,Lentils,ESTON,2025,2994,1940
2,Lentils,JIMINI CDC CL,2021,,
2,Lentils,JIMINI CDC CL,2022,,
2,Lentils,JIMINI CDC CL,2023,,
2,Lentils,JIMINI CDC CL,2024,1507,1435
2,Lentils,JIMINI CDC CL,2025,7576,1843
2,Lentils,MARBLE CDC,2021,,
2,Lentils,MARBLE CDC,2022,,
2,Lentils,MARBLE CDC,2023,1456,1382
2,Lentils,MARBLE CDC,2024,,
2,Lentils,MARBLE CDC,2025,905,1378
2,Lentils - Red,CRIMSON,2021,,
2,Lentils - Red,CRIMSON,2022,,
2,Lentils - Red,CRIMSON,2023,,
2,Lentils - Red,CRIMSON,2024,,
2,Lentils - Red,CRIMSON,2025,970,1548
2,Lentils - Red,DAZIL CDC,2021,2987,1671
2,Lentils - Red,DAZIL CDC,2022,2465,1369
2,Lentils - Red,DAZIL CDC,2023,2069,1307
2,Lentils - Red,DAZIL CDC,2024,2554,1146
2,Lentils - Red,DAZIL CDC,2025,1788,1292
2,Lentils - Red,IMAX CL CDC,2021,1010,1420
2,Lentils - Red,IMAX CL CDC,2022,985,1248
2,Lentils - Red,IMAX CL CDC,2023,876,1041
2,Lentils - Red,IMAX CL CDC,2024,627,1583
2,Lentils - Red,IMAX CL CDC,2025,1048,1462
2,Lentils - Red,IMPULSE,2021,7740,1457
2,Lentils - Red,IMPULSE,2022,1905,1380
2,Lentils - Red,IMPULSE,2023,2400,567
2,Lentils - Red,IMPULSE,2024,2683,1177
2,Lentils - Red,IMPULSE,2025,1287,1239
2,Lentils - Red,MAXIM CDC,2021,3728,1274
2,Lentils - Red,MAXIM CDC,2022,5145,1407
2,Lentils - Red,MAXIM CDC,2023,2398,1124
2,Lentils - Red,MAXIM CDC,2024,2568,1605
2,Lentils - Red,MAXIM CDC,2025,1253,1651
2,Lentils - Red,NIMBLE,2021,983,1338
2,Lentils - Red,NIMBLE,2022,2303,1426
2,Lentils - Red,NIMBLE,2023,788,963
2,Lentils - Red,NIMBLE,2024,3132,1305
2,Lentils - Red,NIMBLE,2025,990,2266
2,Lentils - Red,PROCLAIM CDC,2021,18352,1424
2,Lentils - Red,PROCLAIM CDC,2022,22975,1290
2,Lentils - Red,PROCLAIM CDC,2023,13462,1208
2,Lentils - Red,PROCLAIM CDC,2024,9144,1510
2,Lentils - Red,PROCLAIM CDC,2025,12502,1797
2,Lentils - Red,ROULEAU CDC,2021,,
2,Lentils - Red,ROULEAU CDC,2022,630,545
2,Lentils - Red,ROULEAU CDC,2023,,
2,Lentils - Red,ROULEAU CDC,2024,1509,1722
2,Lentils - Red,ROULEAU CDC,2025,1798,2286
2,Lentils - Red,SIMMIE CDC,2021,,
2,Lentils - Red,SIMMIE CDC,2022,,
2,Lentils - Red,SIMMIE CDC,2023,2343,873
2,Lentils - Red,SIMMIE CDC,2024,2681,1146
2,Lentils - Red,SIMMIE CDC,2025,2927,1667
3,Barley,AUSTENSON CDC,2021,5363,16.1
3,Barley,AUSTENSON CDC,2022,10012,20.8
3,Barley,AUSTENSON CDC,2023,4469,15.6
3,Barley,AUSTENSON CDC,2024,5383,51.7
3,Barley,AUSTENSON CDC,2025,6567,49.0
3,Barley,CONLON,2021,,
3,Barley,CONLON,2022,,
3,Barley,CONLON,2023,,
3,Barley,CONLON,2024,,
3,Barley,CONLON,2025,1377,47.8
3,Barley,CONNECT AAC,2021,,
3,Barley,CONNECT AAC,2022,508,43.8
3,Barley,CONNECT AAC,2023,1445,33.9
3,Barley,CONNECT AAC,2024,2955,49.2
3,Barley,CONNECT AAC,2025,1682,48.7
3,Barley,COPELAND CDC,2021,2728,20.6
3,Barley,COPELAND CDC,2022,6603,30.2
3,Barley,COPELAND CDC,2023,3718,23.3
3,Barley,COPELAND CDC,2024,2018,15.8
3,Barley,COPELAND CDC,2025,1125,51.9
3,Barley,COWBOY CDC,2021,410,15.3
3,Barley,COWBOY CDC,2022,2661,25.7
3,Barley,COWBOY CDC,2023,1394,24.3
3,Barley,COWBOY CDC,2024,2339,35.4
3,Barley,COWBOY CDC,2025,645,34.3
3,Barley,HAGUE AB,2021,,
3,Barley,HAGUE AB,2022,,
3,Barley,HAGUE AB,2023,,
3,Barley,HAGUE AB,2024,1648,39.1
3,Barley,HAGUE AB,2025,1260,85.2
3,Barley,MAVERICK CDC,2021,2719,15.2
3,Barley,MAVERICK CDC,2022,8715,33.1
3,Barley,MAVERICK CDC,2023,4714,28.0
3,Barley,MAVERICK CDC,2024,11270,33.0
3,Barley,MAVERICK CDC,2025,11795,44.2
3,Barley,METCALFE AC,2021,2997,21.3
3,Barley,METCALFE AC,2022,3915,36.3
3,Barley,METCALFE AC,2023,501,29.3
3,Barley,METCALFE AC,2024,1590,14.1
3,Barley,METCALFE AC,2025,1285,50.3
3,Barley,RENEGADE CDC,2021,,
3,Barley,RENEGADE CDC,2022,,
3,Barley,RENEGADE CDC,2023,,
3,Barley,RENEGADE CDC,2024,,
3,Barley,RENEGADE CDC,2025,1402,75.0
3,Barley,SYNERGY AAC,2021,2240,24.0
3,Barley,SYNERGY AAC,2022,5954,56.3
3,Barley,SYNERGY AAC,2023,5843,30.1
3,Barley,SYNERGY AAC,2024,7521,37.0
3,Barley,SYNERGY AAC,2025,7140,34.4
3,Canola/Rapeseed,BY 7204LL,2021,,
3,Canola/Rapeseed,BY 7204LL,2022,,
3,Canola/Rapeseed,BY 7204LL,2023,,
3,Canola/Rapeseed,BY 7204LL,2024,,
3,Canola/Rapeseed,BY 7204LL,2025,2104,27.6
3,Canola/Rapeseed,DK400TL,2021,,
3,Canola/Rapeseed,DK400TL,2022,,
3,Canola/Rapeseed,DK400TL,2023,,
3,Canola/Rapeseed,DK400TL,2024,1405,1.5
3,Canola/Rapeseed,DK400TL,2025,745,41.5
3,Canola/Rapeseed,L233P,2021,24062,17.6
3,Canola/Rapeseed,L233P,2022,33556,24.7
3,Canola/Rapeseed,L233P,2023,19945,15.6
3,Canola/Rapeseed,L233P,2024,17638,12.6
3,Canola/Rapeseed,L233P,2025,25565,36.3
3,Canola/Rapeseed,L330PC,2021,,
3,Canola/Rapeseed,L330PC,2022,,
3,Canola/Rapeseed,L330PC,2023,,
3,Canola/Rapeseed,L330PC,2024,,
3,Canola/Rapeseed,L330PC,2025,932,38.9
3,Canola/Rapeseed,L333PC,2021,,
3,Canola/Rapeseed,L333PC,2022,,
3,Canola/Rapeseed,L333PC,2023,,
3,Canola/Rapeseed,L333PC,2024,,
3,Canola/Rapeseed,L333PC,2025,1762,32.1
3,Canola/Rapeseed,L340PC,2021,,
3,Canola/Rapeseed,L340PC,2022,15901,22.4
3,Canola/Rapeseed,L340PC,2023,29663,16.6
3,Canola/Rapeseed,L340PC,2024,34943,14.0
3,Canola/Rapeseed,L340PC,2025,30486,40.8
3,Canola/Rapeseed,L345PC,2021,23628,19.0
3,Canola/Rapeseed,L345PC,2022,19523,20.6
3,Canola/Rapeseed,L345PC,2023,8622,17.3
3,Canola/Rapeseed,L345PC,2024,8925,17.1
3,Canola/Rapeseed,L345PC,2025,4209,29.1
3,Fall Rye,HAZLET,2021,,
3,Fall Rye,HAZLET,2022,2235,16.1
3,Fall Rye,HAZLET,2023,,
3,Fall Rye,HAZLET,2024,,
3,Fall Rye,HAZLET,2025,5836,15.6
3,Fall Rye,REMINGTON AC,2021,,
3,Fall Rye,REMINGTON AC,2022,,
3,Fall Rye,REMINGTON AC,2023,,
3,Fall Rye,REMINGTON AC,2024,,
3,Fall Rye,REMINGTON AC,2025,805,47.3
3,Field Peas,AMARILLO CDC,2021,3868,19.5
3,Field Peas,AMARILLO CDC,2022,5323,21.0
3,Field Peas,AMARILLO CDC,2023,4492,21.5
3,Field Peas,AMARILLO CDC,2024,6191,12.4
3,Field Peas,AMARILLO CDC,2025,8796,30.7
3,Field Peas,ARDILL AAC,2021,6963,19.9
3,Field Peas,ARDILL AAC,2022,10800,22.3
3,Field Peas,ARDILL AAC,2023,17355,21.6
3,Field Peas,ARDILL AAC,2024,14428,23.7
3,Field Peas,ARDILL AAC,2025,14773,18.4
3,Field Peas,CARVER AAC,2021,595,6.5
3,Field Peas,CARVER AAC,2022,885,18.9
3,Field Peas,CARVER AAC,2023,661,19.3
3,Field Peas,CARVER AAC,2024,2854,22.5
3,Field Peas,CARVER AAC,2025,1699,23.7
3,Field Peas,CHROME AAC,2021,2146,10.8
3,Field Peas,CHROME AAC,2022,,
3,Field Peas,CHROME AAC,2023,931,29.8
3,Field Peas,CHROME AAC,2024,4119,14.2
3,Field Peas,CHROME AAC,2025,4681,34.0
3,Field Peas,CITRINE CDC,2021,,
3,Field Peas,CITRINE CDC,2022,,
3,Field Peas,CITRINE CDC,2023,,
3,Field Peas,CITRINE CDC,2024,,
3,Field Peas,CITRINE CDC,2025,930,19.3
3,Field Peas,FOREST CDC,2021,,
3,Field Peas,FOREST CDC,2022,1683,33.3
3,Field Peas,FOREST CDC,2023,444,18.5
3,Field Peas,FOREST CDC,2024,877,22.5
3,Field Peas,FOREST CDC,2025,908,31.7
3,Field Peas,HICKIE CDC,2021,,
3,Field Peas,HICKIE CDC,2022,,
3,Field Peas,HICKIE CDC,2023,,
3,Field Peas,HICKIE CDC,2024,2798,14.5
3,Field Peas,HICKIE CDC,2025,4327,19.1
3,Field Peas,INCA CDC,2021,3898,21.5
3,Field Peas,INCA CDC,2022,4085,30.8
3,Field Peas,INCA CDC,2023,7345,19.1
3,Field Peas,INCA CDC,2024,4301,16.8
3,Field Peas,INCA CDC,2025,5384,36.7
3,Field Peas,JULIUS AAC,2021,,
3,Field Peas,JULIUS AAC,2022,,
3,Field Peas,JULIUS AAC,2023,,
3,Field Peas,JULIUS AAC,2024,,
3,Field Peas,JULIUS AAC,2025,3232,23.9
3,Field Peas,LIMERICK CDC,2021,711,1.7
3,Field Peas,LIMERICK CDC,2022,1194,28.3
3,Field Peas,LIMERICK CDC,2023,,
3,Field Peas,LIMERICK CDC,2024,,
3,Field Peas,LIMERICK CDC,2025,1404,25.6
3,Field Peas,MAPLE,2021,1502,13.5
3,Field Peas,MAPLE,2022,1100,6.8
3,Field Peas,MAPLE,2023,,
3,Field Peas,MAPLE,2024,670,22.3
3,Field Peas,MAPLE,2025,486,29.1
3,Field Peas,MEADOW CDC,2021,20526,12.9
3,Field Peas,MEADOW CDC,2022,17689,25.3
3,Field Peas,MEADOW CDC,2023,26965,19.7
3,Field Peas,MEADOW CDC,2024,25543,23.7
3,Field Peas,MEADOW CDC,2025,25309,22.0
3,Field Peas,PATRICK CDC,2021,,
3,Field Peas,PATRICK CDC,2022,,
3,Field Peas,PATRICK CDC,2023,,
3,Field Peas,PATRICK CDC,2024,,
3,Field Peas,PATRICK CDC,2025,2122,29.7
3,Field Peas,SAFFRON CDC,2021,,
3,Field Peas,SAFFRON CDC,2022,,
3,Field Peas,SAFFRON CDC,2023,,
3,Field Peas,SAFFRON CDC,2024,,
3,Field Peas,SAFFRON CDC,2025,1160,29.3
3,Field Peas,SPECTRUM CDC,2021,1437,23.6
3,Field Peas,SPECTRUM CDC,2022,1686,16.6
3,Field Peas,SPECTRUM CDC,2023,2201,20.6
3,Field Peas,SPECTRUM CDC,2024,1520,18.2
3,Field Peas,SPECTRUM CDC,2025,1300,21.7
3,Flax,BETHUNE CDC,2021,2779,4.5
3,Flax,BETHUNE CDC,2022,3341,9.0
3,Flax,BETHUNE CDC,2023,2666,5.0
3,Flax,BETHUNE CDC,2024,,
3,Flax,BETHUNE CDC,2025,5545,29.2
3,Flax,DORADO CDC,2021,,
3,Flax,DORADO CDC,2022,1657,20.9
3,Flax,DORADO CDC,2023,647,12.6
3,Flax,DORADO CDC,2024,,
3,Flax,DORADO CDC,2025,3783,14.6
3,Flax,OMEGA,2021,,
3,Flax,OMEGA,2022,,
3,Flax,OMEGA,2023,,
3,Flax,OMEGA,2024,,
3,Flax,OMEGA,2025,726,22.4
3,Flax,ROWLAND CDC,2021,,
3,Flax,ROWLAND CDC,2022,920,6.7
3,Flax,ROWLAND CDC,2023,400,11.2
3,Flax,ROWLAND CDC,2024,2552,12.2
3,Flax,ROWLAND CDC,2025,8992,29.5
3,Flax,SORREL CDC,2021,5514,8.0
3,Flax,SORREL CDC,2022,6977,15.3
3,Flax,SORREL CDC,2023,2048,12.0
3,Flax,SORREL CDC,2024,2112,5.0
3,Flax,SORREL CDC,2025,4593,25.0
3,Khorasan wheat/Kamut brand,KHORASAN,2021,3269,6.1
3,Khorasan wheat/Kamut brand,KHORASAN,2022,3291,13.0
3,Khorasan wheat/Kamut brand,KHORASAN,2023,3380,13.9
3,Khorasan wheat/Kamut brand,KHORASAN,2024,4282,19.4
3,Khorasan wheat/Kamut brand,KHORASAN,2025,2128,20.8
3,Mustard - Brown,CENTENNIAL BROWN,2021,8157,7.8
3,Mustard - Brown,CENTENNIAL BROWN,2022,23694,10.3
3,Mustard - Brown,CENTENNIAL BROWN,2023,21949,11.1
3,Mustard - Brown,CENTENNIAL BROWN,2024,21447,11.2
3,Mustard - Brown,CENTENNIAL BROWN,2025,10272,11.2
3,Mustard - Oriental,CUTLASS,2021,1760,8.5
3,Mustard - Oriental,CUTLASS,2022,680,6.3
3,Mustard - Oriental,CUTLASS,2023,4789,12.2
3,Mustard - Oriental,CUTLASS,2024,5056,10.6
3,Mustard - Oriental,CUTLASS,2025,765,7.3
3,Mustard - Oriental,FORGE,2021,,
3,Mustard - Oriental,FORGE,2022,6409,3.5
3,Mustard - Oriental,FORGE,2023,6564,4.1
3,Mustard - Oriental,FORGE,2024,955,8.9
3,Mustard - Oriental,FORGE,2025,858,7.8
3,Mustard - Yellow,ANDANTE,2021,6491,8.6
3,Mustard - Yellow,ANDANTE,2022,14225,6.7
3,Mustard - Yellow,ANDANTE,2023,18253,7.3
3,Mustard - Yellow,ANDANTE,2024,26278,6.7
3,Mustard - Yellow,ANDANTE,2025,15332,10.7
3,Mustard - Yellow,YELLOW 80 AAC,2021,,
3,Mustard - Yellow,YELLOW 80 AAC,2022,865,12.7
3,Mustard - Yellow,YELLOW 80 AAC,2023,6323,10.6
3,Mustard - Yellow,YELLOW 80 AAC,2024,10260,11.9
3,Mustard - Yellow,YELLOW 80 AAC,2025,6547,17.9
3,Oats,ENDURE CDC,2021,,
3,Oats,ENDURE CDC,2022,,
3,Oats,ENDURE CDC,2023,,
3,Oats,ENDURE CDC,2024,465,39.7
3,Oats,ENDURE CDC,2025,494,61.2
3,Oats,HAYMAKER CDC,2021,,
3,Oats,HAYMAKER CDC,2022,1777,22.1
3,Oats,HAYMAKER CDC,2023,580,17.9
3,Oats,HAYMAKER CDC,2024,971,21.1
3,Oats,HAYMAKER CDC,2025,1448,64.0
3,Oats,MUSTANG AC,2021,,
3,Oats,MUSTANG AC,2022,754,27.3
3,Oats,MUSTANG AC,2023,,
3,Oats,MUSTANG AC,2024,490,51.3
3,Oats,MUSTANG AC,2025,437,45.0
3,Wheat,- Canada Prairie ANDREW AC,2021,1505,15.2
3,Wheat,- Canada Prairie ANDREW AC,2022,1982,22.1
3,Wheat,- Canada Prairie ANDREW AC,2023,2318,20.0
3,Wheat,- Canada Prairie ANDREW AC,2024,3738,17.7
3,Wheat,- Canada Prairie ANDREW AC,2025,2238,22.5
3,Wheat,SADASH,2021,,
3,Wheat,SADASH,2022,,
3,Wheat,SADASH,2023,2369,19.3
3,Wheat,SADASH,2024,1535,17.4
3,Wheat,SADASH,2025,1147,15.0
3,Wheat - Durum,ALLOY CDC,2021,25384,18.7
3,Wheat - Durum,ALLOY CDC,2022,25241,28.2
3,Wheat - Durum,ALLOY CDC,2023,38750,21.4
3,Wheat - Durum,ALLOY CDC,2024,33248,22.8
3,Wheat - Durum,ALLOY CDC,2025,28444,29.2
3,Wheat - Durum,AVONLEA AC,2021,869,13.7
3,Wheat - Durum,AVONLEA AC,2022,494,13.0
3,Wheat - Durum,AVONLEA AC,2023,,
3,Wheat - Durum,AVONLEA AC,2024,512,18.6
3,Wheat - Durum,AVONLEA AC,2025,649,21.8
3,Wheat - Durum,BRIGADE,2021,15502,19.0
3,Wheat - Durum,BRIGADE,2022,27872,26.4
3,Wheat - Durum,BRIGADE,2023,15506,14.5
3,Wheat - Durum,BRIGADE,2024,13303,23.3
3,Wheat - Durum,BRIGADE,2025,17361,31.5
3,Wheat - Durum,COMMANDER,2021,,
3,Wheat - Durum,COMMANDER,2022,,
3,Wheat - Durum,COMMANDER,2023,,
3,Wheat - Durum,COMMANDER,2024,3350,21.7
3,Wheat - Durum,COMMANDER,2025,4074,42.5
3,Wheat - Durum,CONGRESS AAC,2021,990,17.2
3,Wheat - Durum,CONGRESS AAC,2022,9916,26.4
3,Wheat - Durum,CONGRESS AAC,2023,7847,22.1
3,Wheat - Durum,CONGRESS AAC,2024,15134,16.1
3,Wheat - Durum,CONGRESS AAC,2025,11806,35.2
3,Wheat - Durum,CREDENCE CDC,2021,2098,26.3
3,Wheat - Durum,CREDENCE CDC,2022,5262,42.4
3,Wheat - Durum,CREDENCE CDC,2023,5185,36.4
3,Wheat - Durum,CREDENCE CDC,2024,4215,26.2
3,Wheat - Durum,CREDENCE CDC,2025,6123,33.7
3,Wheat - Durum,DEFY CDC,2021,510,12.9
3,Wheat - Durum,DEFY CDC,2022,4763,30.4
3,Wheat - Durum,DEFY CDC,2023,40915,20.7
3,Wheat - Durum,DEFY CDC,2024,122738,25.3
3,Wheat - Durum,DEFY CDC,2025,122074,29.1
3,Wheat - Durum,DONLOW AAC,2021,,
3,Wheat - Durum,DONLOW AAC,2022,1883,28.2
3,Wheat - Durum,DONLOW AAC,2023,8353,17.7
3,Wheat - Durum,DONLOW AAC,2024,23031,29.6
3,Wheat - Durum,DONLOW AAC,2025,20688,29.0
3,Wheat - Durum,DYNAMIC CDC,2021,,
3,Wheat - Durum,DYNAMIC CDC,2022,3345,21.5
3,Wheat - Durum,DYNAMIC CDC,2023,3103,17.9
3,Wheat - Durum,DYNAMIC CDC,2024,5272,25.6
3,Wheat - Durum,DYNAMIC CDC,2025,2996,30.5
3,Wheat - Durum,EVIDENT CDC,2021,,
3,Wheat - Durum,EVIDENT CDC,2022,,
3,Wheat - Durum,EVIDENT CDC,2023,,
3,Wheat - Durum,EVIDENT CDC,2024,,
3,Wheat - Durum,EVIDENT CDC,2025,3830,16.2
3,Wheat - Durum,FLARE CDC,2021,,
3,Wheat - Durum,FLARE CDC,2022,1579,20.4
3,Wheat - Durum,FLARE CDC,2023,11876,16.9
3,Wheat - Durum,FLARE CDC,2024,18267,33.1
3,Wheat - Durum,FLARE CDC,2025,40038,28.8
3,Wheat - Durum,FORTITUDE CDC,2021,3125,10.3
3,Wheat - Durum,FORTITUDE CDC,2022,1894,10.5
3,Wheat - Durum,FORTITUDE CDC,2023,,
3,Wheat - Durum,FORTITUDE CDC,2024,,
3,Wheat - Durum,FORTITUDE CDC,2025,2110,34.8
3,Wheat - Durum,GOLDNET AAC,2021,,
3,Wheat - Durum,GOLDNET AAC,2022,,
3,Wheat - Durum,GOLDNET AAC,2023,,
3,Wheat - Durum,GOLDNET AAC,2024,,
3,Wheat - Durum,GOLDNET AAC,2025,1437,35.7
3,Wheat - Durum,GRAINLAND AAC,2021,5043,7.7
3,Wheat - Durum,GRAINLAND AAC,2022,23329,25.3
3,Wheat - Durum,GRAINLAND AAC,2023,23908,20.6
3,Wheat - Durum,GRAINLAND AAC,2024,28900,26.6
3,Wheat - Durum,GRAINLAND AAC,2025,20120,21.4
3,Wheat - Durum,KYLE,2021,3887,19.9
3,Wheat - Durum,KYLE,2022,4411,22.4
3,Wheat - Durum,KYLE,2023,1715,13.6
3,Wheat - Durum,KYLE,2024,3632,19.7
3,Wheat - Durum,KYLE,2025,2319,17.0
3,Wheat - Durum,NAVIGATOR AC,2021,,
3,Wheat - Durum,NAVIGATOR AC,2022,12935,21.6
3,Wheat - Durum,NAVIGATOR AC,2023,4349,17.1
3,Wheat - Durum,NAVIGATOR AC,2024,9363,32.1
3,Wheat - Durum,NAVIGATOR AC,2025,7168,22.6
3,Wheat - Durum,PRECISION CDC,2021,41061,19.1
3,Wheat - Durum,PRECISION CDC,2022,49683,29.5
3,Wheat - Durum,PRECISION CDC,2023,46551,19.9
3,Wheat - Durum,PRECISION CDC,2024,38426,25.6
3,Wheat - Durum,PRECISION CDC,2025,38221,30.3
3,Wheat - Durum,RAYMORE AAC,2021,693,16.3
3,Wheat - Durum,RAYMORE AAC,2022,1265,23.2
3,Wheat - Durum,RAYMORE AAC,2023,476,5.3
3,Wheat - Durum,RAYMORE AAC,2024,2969,10.1
3,Wheat - Durum,RAYMORE AAC,2025,531,20.3
3,Wheat - Durum,SCHRADER AAC,2021,,
3,Wheat - Durum,SCHRADER AAC,2022,,
3,Wheat - Durum,SCHRADER AAC,2023,,
3,Wheat - Durum,SCHRADER AAC,2024,,
3,Wheat - Durum,SCHRADER AAC,2025,3345,30.2
3,Wheat - Durum,SPITFIRE AAC,2021,11563,13.0
3,Wheat - Durum,SPITFIRE AAC,2022,11219,29.5
3,Wheat - Durum,SPITFIRE AAC,2023,8961,22.1
3,Wheat - Durum,SPITFIRE AAC,2024,8697,17.6
3,Wheat - Durum,SPITFIRE AAC,2025,3541,30.2
3,Wheat - Durum,STRONGFIELD,2021,8824,13.2
3,Wheat - Durum,STRONGFIELD,2022,16130,23.2
3,Wheat - Durum,STRONGFIELD,2023,12094,18.0
3,Wheat - Durum,STRONGFIELD,2024,13703,26.0
3,Wheat - Durum,STRONGFIELD,2025,11164,25.0
3,Wheat - Durum,STRONGHOLD AAC,2021,4364,12.2
3,Wheat - Durum,STRONGHOLD AAC,2022,1421,42.8
3,Wheat - Durum,STRONGHOLD AAC,2023,11750,20.3
3,Wheat - Durum,STRONGHOLD AAC,2024,13040,20.5
3,Wheat - Durum,STRONGHOLD AAC,2025,13775,30.3
3,Wheat - Durum,SUCCEED AAC VB,2021,,
3,Wheat - Durum,SUCCEED AAC VB,2022,,
3,Wheat - Durum,SUCCEED AAC VB,2023,,
3,Wheat - Durum,SUCCEED AAC VB,2024,1796,13.1
3,Wheat - Durum,SUCCEED AAC VB,2025,5743,27.9
3,Wheat - Durum,TRANSCEND,2021,136940,14.8
3,Wheat - Durum,TRANSCEND,2022,183831,27.0
3,Wheat - Durum,TRANSCEND,2023,150204,17.0
3,Wheat - Durum,TRANSCEND,2024,173957,25.3
3,Wheat - Durum,TRANSCEND,2025,118636,29.7
3,Wheat - Durum,VANTTA CDC,2021,,
3,Wheat - Durum,VANTTA CDC,2022,,
3,Wheat - Durum,VANTTA CDC,2023,,
3,Wheat - Durum,VANTTA CDC,2024,,
3,Wheat - Durum,VANTTA CDC,2025,577,41.0
3,Wheat - Durum,VERONA CDC,2021,3481,6.7
3,Wheat - Durum,VERONA CDC,2022,4141,19.8
3,Wheat - Durum,VERONA CDC,2023,3955,10.2
3,Wheat - Durum,VERONA CDC,2024,6280,20.5
3,Wheat - Durum,VERONA CDC,2025,2754,21.9
3,Wheat - Durum,WEYBURN VB AAC,2021,,
3,Wheat - Durum,WEYBURN VB AAC,2022,,
3,Wheat - Durum,WEYBURN VB AAC,2023,,
3,Wheat - Durum,WEYBURN VB AAC,2024,,
3,Wheat - Durum,WEYBURN VB AAC,2025,3023,51.5
3,Wheat - Hard Red Spring,BRANDON AAC,2021,4352,11.6
3,Wheat - Hard Red Spring,BRANDON AAC,2022,8507,19.0
3,Wheat - Hard Red Spring,BRANDON AAC,2023,8629,13.3
3,Wheat - Hard Red Spring,BRANDON AAC,2024,15313,29.3
3,Wheat - Hard Red Spring,BRANDON AAC,2025,13994,33.9
3,Wheat - Hard Red Spring,CAMERON AAC,2021,,
3,Wheat - Hard Red Spring,CAMERON AAC,2022,,
3,Wheat - Hard Red Spring,CAMERON AAC,2023,,
3,Wheat - Hard Red Spring,CAMERON AAC,2024,,
3,Wheat - Hard Red Spring,CAMERON AAC,2025,563,30.7
3,Wheat - Hard Red Spring,HOCKLEY AAC,2021,,
3,Wheat - Hard Red Spring,HOCKLEY AAC,2022,,
3,Wheat - Hard Red Spring,HOCKLEY AAC,2023,,
3,Wheat - Hard Red Spring,HOCKLEY AAC,2024,,
3,Wheat - Hard Red Spring,HOCKLEY AAC,2025,1716,21.5
3,Wheat - Hard Red Spring,LANDMARK CDC,2021,1513,14.0
3,Wheat - Hard Red Spring,LANDMARK CDC,2022,4554,15.8
3,Wheat - Hard Red Spring,LANDMARK CDC,2023,4695,19.9
3,Wheat - Hard Red Spring,LANDMARK CDC,2024,2669,20.3
3,Wheat - Hard Red Spring,LANDMARK CDC,2025,1622,12.7
3,Wheat - Hard Red Spring,PLENTIFUL CDC,2021,1568,10.8
3,Wheat - Hard Red Spring,PLENTIFUL CDC,2022,2783,20.0
3,Wheat - Hard Red Spring,PLENTIFUL CDC,2023,2044,17.7
3,Wheat - Hard Red Spring,PLENTIFUL CDC,2024,2466,18.0
3,Wheat - Hard Red Spring,PLENTIFUL CDC,2025,1617,26.4
3,Wheat - Hard Red Spring,TISDALE AAC,2021,,
3,Wheat - Hard Red Spring,TISDALE AAC,2022,4759,28.6
3,Wheat - Hard Red Spring,TISDALE AAC,2023,5703,16.8
3,Wheat - Hard Red Spring,TISDALE AAC,2024,1615,20.5
3,Wheat - Hard Red Spring,TISDALE AAC,2025,909,19.7
3,Wheat - Hard Red Spring,UTMOST CDC,2021,2602,11.6
3,Wheat - Hard Red Spring,UTMOST CDC,2022,3650,21.8
3,Wheat - Hard Red Spring,UTMOST CDC,2023,2473,18.0
3,Wheat - Hard Red Spring,UTMOST CDC,2024,5903,22.6
3,Wheat - Hard Red Spring,UTMOST CDC,2025,2407,33.2
3,Wheat - Hard Red Spring,VIEWFIELD AAC,2021,835,34.7
3,Wheat - Hard Red Spring,VIEWFIELD AAC,2022,840,15.7
3,Wheat - Hard Red Spring,VIEWFIELD AAC,2023,600,12.3
3,Wheat - Hard Red Spring,VIEWFIELD AAC,2024,595,35.8
3,Wheat - Hard Red Spring,VIEWFIELD AAC,2025,595,28.5
3,Wheat - Winter,BUTEO CDC,2021,,
3,Wheat - Winter,BUTEO CDC,2022,,
3,Wheat - Winter,BUTEO CDC,2023,,
3,Wheat - Winter,BUTEO CDC,2024,,
3,Wheat - Winter,BUTEO CDC,2025,1008,34.5
3,Wheat - Winter,GOLDRUSH AAC,2021,,
3,Wheat - Winter,GOLDRUSH AAC,2022,1989,42.3
3,Wheat - Winter,GOLDRUSH AAC,2023,,
3,Wheat - Winter,GOLDRUSH AAC,2024,,
3,Wheat - Winter,GOLDRUSH AAC,2025,4104,33.8
3,Wheat - Winter,WILDFIRE AAC,2021,,
3,Wheat - Winter,WILDFIRE AAC,2022,2022,26.1
3,Wheat - Winter,WILDFIRE AAC,2023,,
3,Wheat - Winter,WILDFIRE AAC,2024,875,39.5
3,Wheat - Winter,WILDFIRE AAC,2025,440,35.4
3,Chickpea,- Desi CONSUL CDC,2021,,
3,Chickpea,- Desi CONSUL CDC,2022,,
3,Chickpea,- Desi CONSUL CDC,2023,1510,917
3,Chickpea,- Desi CONSUL CDC,2024,1555,1684
3,Chickpea,- Desi CONSUL CDC,2025,1080,2291
3,Chickpea,- Large Kabuli FRONTIER CDC,2021,,
3,Chickpea,- Large Kabuli FRONTIER CDC,2022,,
3,Chickpea,- Large Kabuli FRONTIER CDC,2023,,
3,Chickpea,- Large Kabuli FRONTIER CDC,2024,,
3,Chickpea,- Large Kabuli FRONTIER CDC,2025,1165,304
3,Chickpea,LANCER CDC,2021,,
3,Chickpea,LANCER CDC,2022,,
3,Chickpea,LANCER CDC,2023,2397,1883
3,Chickpea,LANCER CDC,2024,10336,1012
3,Chickpea,LANCER CDC,2025,8900,1940
3,Chickpea,LEADER CDC,2021,7772,877
3,Chickpea,LEADER CDC,2022,11444,1376
3,Chickpea,LEADER CDC,2023,14330,1213
3,Chickpea,LEADER CDC,2024,18290,1237
3,Chickpea,LEADER CDC,2025,24777,1764
3,Chickpea,ORION CDC,2021,,
3,Chickpea,ORION CDC,2022,2730,946
3,Chickpea,ORION CDC,2023,2904,1190
3,Chickpea,ORION CDC,2024,5062,1448
3,Chickpea,ORION CDC,2025,8237,2306
3,Chickpea,ORKNEY CDC,2021,,
3,Chickpea,ORKNEY CDC,2022,,
3,Chickpea,ORKNEY CDC,2023,,
3,Chickpea,ORKNEY CDC,2024,879,1290
3,Chickpea,ORKNEY CDC,2025,2475,1700
3,Chickpea,PASQUA CDC,2021,,
3,Chickpea,PASQUA CDC,2022,,
3,Chickpea,PASQUA CDC,2023,,
3,Chickpea,PASQUA CDC,2024,660,712
3,Chickpea,PASQUA CDC,2025,5024,2064
3,Chickpea,- Small Kabuli AMIT (B90),2021,,
3,Chickpea,- Small Kabuli AMIT (B90),2022,1817,1113
3,Chickpea,- Small Kabuli AMIT (B90),2023,3182,1188
3,Chickpea,- Small Kabuli AMIT (B90),2024,2805,540
3,Chickpea,- Small Kabuli AMIT (B90),2025,2471,1664
3,Chickpea,PEARL,2021,,
3,Chickpea,PEARL,2022,,
3,Chickpea,PEARL,2023,,
3,Chickpea,PEARL,2024,2346,811
3,Chickpea,PEARL,2025,1633,1821
3,Coriander,MAJOR CDC,2021,,
3,Coriander,MAJOR CDC,2022,,
3,Coriander,MAJOR CDC,2023,,
3,Coriander,MAJOR CDC,2024,,
3,Coriander,MAJOR CDC,2025,1777,1100
3,Lentils - Large Green,GREENLAND CDC,2021,26597,597
3,Lentils - Large Green,GREENLAND CDC,2022,25851,730
3,Lentils - Large Green,GREENLAND CDC,2023,17797,622
3,Lentils - Large Green,GREENLAND CDC,2024,28123,805
3,Lentils - Large Green,GREENLAND CDC,2025,32587,1327
3,Lentils - Large Green,GREENSTAR CDC,2021,19564,560
3,Lentils - Large Green,GREENSTAR CDC,2022,16784,672
3,Lentils - Large Green,GREENSTAR CDC,2023,23387,560
3,Lentils - Large Green,GREENSTAR CDC,2024,25099,800
3,Lentils - Large Green,GREENSTAR CDC,2025,36159,1479
3,Lentils - Large Green,GRIMM CDC,2021,,
3,Lentils - Large Green,GRIMM CDC,2022,,
3,Lentils - Large Green,GRIMM CDC,2023,,
3,Lentils - Large Green,GRIMM CDC,2024,1240,626
3,Lentils - Large Green,GRIMM CDC,2025,3882,1369
3,Lentils - Large Green,IMPOWER CDC CL,2021,3447,419
3,Lentils - Large Green,IMPOWER CDC CL,2022,6010,908
3,Lentils - Large Green,IMPOWER CDC CL,2023,3599,582
3,Lentils - Large Green,IMPOWER CDC CL,2024,6993,701
3,Lentils - Large Green,IMPOWER CDC CL,2025,5593,798
3,Lentils - Large Green,LAIRD,2021,510,522
3,Lentils - Large Green,LAIRD,2022,,
3,Lentils - Large Green,LAIRD,2023,1217,320
3,Lentils - Large Green,LAIRD,2024,769,763
3,Lentils - Large Green,LAIRD,2025,3341,679
3,Lentils - Large Green,LIMA CDC,2021,2830,1060
3,Lentils - Large Green,LIMA CDC,2022,4478,948
3,Lentils - Large Green,LIMA CDC,2023,14488,871
3,Lentils - Large Green,LIMA CDC,2024,47734,888
3,Lentils - Large Green,LIMA CDC,2025,63943,1347
3,Lentils,- Other BELUGA,2021,,
3,Lentils,- Other BELUGA,2022,,
3,Lentils,- Other BELUGA,2023,,
3,Lentils,- Other BELUGA,2024,,
3,Lentils,- Other BELUGA,2025,2862,915
3,Lentils,ESTON,2021,2382,743
3,Lentils,ESTON,2022,7569,809
3,Lentils,ESTON,2023,3923,1034
3,Lentils,ESTON,2024,6936,840
3,Lentils,ESTON,2025,12435,655
3,Lentils,IMPRESS CL CDC,2021,1783,82
3,Lentils,IMPRESS CL CDC,2022,,
3,Lentils,IMPRESS CL CDC,2023,,
3,Lentils,IMPRESS CL CDC,2024,,
3,Lentils,IMPRESS CL CDC,2025,1764,417
3,Lentils,IMVINCIBLE CDC CL,2021,1327,787
3,Lentils,IMVINCIBLE CDC CL,2022,4248,988
3,Lentils,IMVINCIBLE CDC CL,2023,2842,1098
3,Lentils,IMVINCIBLE CDC CL,2024,6561,725
3,Lentils,IMVINCIBLE CDC CL,2025,13295,1155
3,Lentils,INDIANHEAD,2021,,
3,Lentils,INDIANHEAD,2022,,
3,Lentils,INDIANHEAD,2023,,
3,Lentils,INDIANHEAD,2024,1180,884
3,Lentils,INDIANHEAD,2025,1590,1246
3,Lentils,JIMINI CDC CL,2021,,
3,Lentils,JIMINI CDC CL,2022,,
3,Lentils,JIMINI CDC CL,2023,,
3,Lentils,JIMINI CDC CL,2024,1993,937
3,Lentils,JIMINI CDC CL,2025,13621,1418
3,Lentils,KERMIT CDC,2021,880,553
3,Lentils,KERMIT CDC,2022,,
3,Lentils,KERMIT CDC,2023,,
3,Lentils,KERMIT CDC,2024,1900,1047
3,Lentils,KERMIT CDC,2025,7195,1396
3,Lentils,PERIDOT CDC CL,2021,,
3,Lentils,PERIDOT CDC CL,2022,,
3,Lentils,PERIDOT CDC CL,2023,,
3,Lentils,PERIDOT CDC CL,2024,1788,705
3,Lentils,PERIDOT CDC CL,2025,580,1554
3,Lentils - Red,CRIMSON,2021,,
3,Lentils - Red,CRIMSON,2022,,
3,Lentils - Red,CRIMSON,2023,,
3,Lentils - Red,CRIMSON,2024,762,944
3,Lentils - Red,CRIMSON,2025,482,686
3,Lentils - Red,DAZIL CDC,2021,6901,562
3,Lentils - Red,DAZIL CDC,2022,4031,970
3,Lentils - Red,DAZIL CDC,2023,3082,1087
3,Lentils - Red,DAZIL CDC,2024,1000,849
3,Lentils - Red,DAZIL CDC,2025,696,1627
3,Lentils - Red,IMAX CL CDC,2021,2620,664
3,Lentils - Red,IMAX CL CDC,2022,1047,725
3,Lentils - Red,IMAX CL CDC,2023,1732,551
3,Lentils - Red,IMAX CL CDC,2024,,
3,Lentils - Red,IMAX CL CDC,2025,2318,1118
3,Lentils - Red,IMPULSE,2021,24229,752
3,Lentils - Red,IMPULSE,2022,28733,939
3,Lentils - Red,IMPULSE,2023,23712,723
3,Lentils - Red,IMPULSE,2024,23743,860
3,Lentils - Red,IMPULSE,2025,24136,1691
3,Lentils - Red,MAXIM CDC,2021,42224,708
3,Lentils - Red,MAXIM CDC,2022,36277,714
3,Lentils - Red,MAXIM CDC,2023,28246,743
3,Lentils - Red,MAXIM CDC,2024,33650,1105
3,Lentils - Red,MAXIM CDC,2025,28790,1241
3,Lentils - Red,NIMBLE,2021,,
3,Lentils - Red,NIMBLE,2022,2453,825
3,Lentils - Red,NIMBLE,2023,1842,518
3,Lentils - Red,NIMBLE,2024,6184,829
3,Lentils - Red,NIMBLE,2025,5661,1574
3,Lentils - Red,PROCLAIM CDC,2021,6084,893
3,Lentils - Red,PROCLAIM CDC,2022,4557,743
3,Lentils - Red,PROCLAIM CDC,2023,9055,807
3,Lentils - Red,PROCLAIM CDC,2024,7850,941
3,Lentils - Red,PROCLAIM CDC,2025,8510,1345
3,Lentils - Red,SIMMIE CDC,2021,,
3,Lentils - Red,SIMMIE CDC,2022,5167,933
3,Lentils - Red,SIMMIE CDC,2023,5374,522
3,Lentils - Red,SIMMIE CDC,2024,7439,924
3,Lentils - Red,SIMMIE CDC,2025,13871,1876
4,Barley,AUSTENSON CDC,2021,19467,16.8
4,Barley,AUSTENSON CDC,2022,13842,24.0
4,Barley,AUSTENSON CDC,2023,15212,29.3
4,Barley,AUSTENSON CDC,2024,13603,33.1
4,Barley,AUSTENSON CDC,2025,11504,36.5
4,Barley,CONNECT AAC,2021,,
4,Barley,CONNECT AAC,2022,,
4,Barley,CONNECT AAC,2023,7686,25.7
4,Barley,CONNECT AAC,2024,5918,68.8
4,Barley,CONNECT AAC,2025,5064,34.9
4,Barley,COPELAND CDC,2021,3399,8.8
4,Barley,COPELAND CDC,2022,2680,20.2
4,Barley,COPELAND CDC,2023,1650,10.4
4,Barley,COPELAND CDC,2024,1453,28.7
4,Barley,COPELAND CDC,2025,672,33.5
4,Barley,COWBOY CDC,2021,405,13.5
4,Barley,COWBOY CDC,2022,1387,10.6
4,Barley,COWBOY CDC,2023,1659,15.5
4,Barley,COWBOY CDC,2024,463,29.7
4,Barley,COWBOY CDC,2025,408,25.1
4,Barley,MAVERICK CDC,2021,764,19.4
4,Barley,MAVERICK CDC,2022,2446,23.4
4,Barley,MAVERICK CDC,2023,3808,13.6
4,Barley,MAVERICK CDC,2024,3300,22.6
4,Barley,MAVERICK CDC,2025,4290,22.9
4,Barley,SYNERGY AAC,2021,676,9.0
4,Barley,SYNERGY AAC,2022,4231,51.4
4,Barley,SYNERGY AAC,2023,,
4,Barley,SYNERGY AAC,2024,3559,65.8
4,Barley,SYNERGY AAC,2025,2840,46.5
4,Barley,WRANGLER AB,2021,,
4,Barley,WRANGLER AB,2022,,
4,Barley,WRANGLER AB,2023,2883,17.5
4,Barley,WRANGLER AB,2024,1536,53.5
4,Barley,WRANGLER AB,2025,3015,39.2
4,Canola/Rapeseed,DK 801 LL,2021,,
4,Canola/Rapeseed,DK 801 LL,2022,,
4,Canola/Rapeseed,DK 801 LL,2023,,
4,Canola/Rapeseed,DK 801 LL,2024,,
4,Canola/Rapeseed,DK 801 LL,2025,2039,26.0
4,Canola/Rapeseed,L230,2021,,
4,Canola/Rapeseed,L230,2022,,
4,Canola/Rapeseed,L230,2023,,
4,Canola/Rapeseed,L230,2024,,
4,Canola/Rapeseed,L230,2025,1217,21.8
4,Canola/Rapeseed,L233P,2021,11632,13.2
4,Canola/Rapeseed,L233P,2022,5816,7.7
4,Canola/Rapeseed,L233P,2023,4000,15.2
4,Canola/Rapeseed,L233P,2024,,
4,Canola/Rapeseed,L233P,2025,1555,25.3
4,Canola/Rapeseed,L333PC,2021,,
4,Canola/Rapeseed,L333PC,2022,,
4,Canola/Rapeseed,L333PC,2023,,
4,Canola/Rapeseed,L333PC,2024,,
4,Canola/Rapeseed,L333PC,2025,469,39.7
4,Canola/Rapeseed,L340PC,2021,,
4,Canola/Rapeseed,L340PC,2022,6449,14.5
4,Canola/Rapeseed,L340PC,2023,4161,13.5
4,Canola/Rapeseed,L340PC,2024,13579,19.5
4,Canola/Rapeseed,L340PC,2025,8876,23.0
4,Fall Rye,DAKOTA,2021,,
4,Fall Rye,DAKOTA,2022,,
4,Fall Rye,DAKOTA,2023,,
4,Fall Rye,DAKOTA,2024,,
4,Fall Rye,DAKOTA,2025,1217,27.1
4,Fall Rye,HAZLET,2021,,
4,Fall Rye,HAZLET,2022,1054,18.5
4,Fall Rye,HAZLET,2023,,
4,Fall Rye,HAZLET,2024,1300,29.3
4,Fall Rye,HAZLET,2025,1531,11.7
4,Field Peas,ACER,2021,,
4,Field Peas,ACER,2022,1594,32.3
4,Field Peas,ACER,2023,,
4,Field Peas,ACER,2024,,
4,Field Peas,ACER,2025,534,6.6
4,Field Peas,AMARILLO CDC,2021,4487,9.6
4,Field Peas,AMARILLO CDC,2022,2647,20.4
4,Field Peas,AMARILLO CDC,2023,2171,8.9
4,Field Peas,AMARILLO CDC,2024,2132,13.0
4,Field Peas,AMARILLO CDC,2025,968,6.9
4,Field Peas,ARDILL AAC,2021,612,6.2
4,Field Peas,ARDILL AAC,2022,2382,22.6
4,Field Peas,ARDILL AAC,2023,3054,21.8
4,Field Peas,ARDILL AAC,2024,2339,16.9
4,Field Peas,ARDILL AAC,2025,3976,13.9
4,Field Peas,BLAZER CDC,2021,,
4,Field Peas,BLAZER CDC,2022,,
4,Field Peas,BLAZER CDC,2023,,
4,Field Peas,BLAZER CDC,2024,,
4,Field Peas,BLAZER CDC,2025,4025,9.9
4,Field Peas,CARVER AAC,2021,7436,9.9
4,Field Peas,CARVER AAC,2022,6750,19.6
4,Field Peas,CARVER AAC,2023,17810,15.3
4,Field Peas,CARVER AAC,2024,26147,26.9
4,Field Peas,CARVER AAC,2025,21447,15.2
4,Field Peas,CHROME AAC,2021,3421,14.9
4,Field Peas,CHROME AAC,2022,439,33.5
4,Field Peas,CHROME AAC,2023,1195,15.4
4,Field Peas,CHROME AAC,2024,2387,35.3
4,Field Peas,CHROME AAC,2025,2823,24.5
4,Field Peas,ECLIPSE,2021,,
4,Field Peas,ECLIPSE,2022,,
4,Field Peas,ECLIPSE,2023,1740,7.0
4,Field Peas,ECLIPSE,2024,3335,16.9
4,Field Peas,ECLIPSE,2025,3229,16.4
4,Field Peas,FOREST CDC,2021,1137,9.0
4,Field Peas,FOREST CDC,2022,3172,15.9
4,Field Peas,FOREST CDC,2023,1435,15.7
4,Field Peas,FOREST CDC,2024,3915,20.4
4,Field Peas,FOREST CDC,2025,4062,11.8
4,Field Peas,GOLDEN CDC,2021,2549,11.2
4,Field Peas,GOLDEN CDC,2022,1843,19.3
4,Field Peas,GOLDEN CDC,2023,3912,9.3
4,Field Peas,GOLDEN CDC,2024,4568,24.3
4,Field Peas,GOLDEN CDC,2025,4234,14.5
4,Field Peas,GREENWATER,2021,516,12.9
4,Field Peas,GREENWATER,2022,1110,26.5
4,Field Peas,GREENWATER,2023,,
4,Field Peas,GREENWATER,2024,2700,18.6
4,Field Peas,GREENWATER,2025,1080,9.9
4,Field Peas,JULIUS AAC,2021,,
4,Field Peas,JULIUS AAC,2022,,
4,Field Peas,JULIUS AAC,2023,,
4,Field Peas,JULIUS AAC,2024,,
4,Field Peas,JULIUS AAC,2025,525,23.4
4,Field Peas,LIMERICK CDC,2021,,
4,Field Peas,LIMERICK CDC,2022,1110,33.5
4,Field Peas,LIMERICK CDC,2023,,
4,Field Peas,LIMERICK CDC,2024,,
4,Field Peas,LIMERICK CDC,2025,2097,12.2
4,Field Peas,MAPLE,2021,3399,9.7
4,Field Peas,MAPLE,2022,,
4,Field Peas,MAPLE,2023,,
4,Field Peas,MAPLE,2024,,
4,Field Peas,MAPLE,2025,2637,10.6
4,Field Peas,MEADOW CDC,2021,38076,10.9
4,Field Peas,MEADOW CDC,2022,40973,20.4
4,Field Peas,MEADOW CDC,2023,48178,13.5
4,Field Peas,MEADOW CDC,2024,60584,20.1
4,Field Peas,MEADOW CDC,2025,56299,14.9
4,Field Peas,MOSAIC CDC,2021,2585,9.3
4,Field Peas,MOSAIC CDC,2022,6605,19.9
4,Field Peas,MOSAIC CDC,2023,6729,6.2
4,Field Peas,MOSAIC CDC,2024,7889,15.9
4,Field Peas,MOSAIC CDC,2025,7331,12.5
4,Field Peas,RIDER CDC,2021,,
4,Field Peas,RIDER CDC,2022,,
4,Field Peas,RIDER CDC,2023,,
4,Field Peas,RIDER CDC,2024,,
4,Field Peas,RIDER CDC,2025,4148,11.4
4,Field Peas,SAFFRON CDC,2021,4677,9.7
4,Field Peas,SAFFRON CDC,2022,4959,27.5
4,Field Peas,SAFFRON CDC,2023,5867,8.5
4,Field Peas,SAFFRON CDC,2024,4326,18.7
4,Field Peas,SAFFRON CDC,2025,3504,9.7
4,Field Peas,SPECTRUM CDC,2021,3207,9.7
4,Field Peas,SPECTRUM CDC,2022,1844,12.6
4,Field Peas,SPECTRUM CDC,2023,,
4,Field Peas,SPECTRUM CDC,2024,2524,21.8
4,Field Peas,SPECTRUM CDC,2025,2321,27.9
4,Flax,ROWLAND CDC,2021,,
4,Flax,ROWLAND CDC,2022,,
4,Flax,ROWLAND CDC,2023,,
4,Flax,ROWLAND CDC,2024,,
4,Flax,ROWLAND CDC,2025,4966,18.4
4,Khorasan wheat/Kamut brand,KHORASAN,2021,4100,9.2
4,Khorasan wheat/Kamut brand,KHORASAN,2022,4472,11.9
4,Khorasan wheat/Kamut brand,KHORASAN,2023,842,10.5
4,Khorasan wheat/Kamut brand,KHORASAN,2024,1780,18.1
4,Khorasan wheat/Kamut brand,KHORASAN,2025,960,21.5
4,Mustard - Brown,CENTENNIAL BROWN,2021,8782,7.2
4,Mustard - Brown,CENTENNIAL BROWN,2022,17250,8.5
4,Mustard - Brown,CENTENNIAL BROWN,2023,37440,9.3
4,Mustard - Brown,CENTENNIAL BROWN,2024,19828,11.6
4,Mustard - Brown,CENTENNIAL BROWN,2025,12929,13.8
4,Mustard - Oriental,CUTLASS,2021,7565,8.3
4,Mustard - Oriental,CUTLASS,2022,8619,8.7
4,Mustard - Oriental,CUTLASS,2023,27187,10.5
4,Mustard - Oriental,CUTLASS,2024,21844,12.9
4,Mustard - Oriental,CUTLASS,2025,15725,13.7
4,Mustard - Oriental,FORGE,2021,1385,6.5
4,Mustard - Oriental,FORGE,2022,1854,5.2
4,Mustard - Oriental,FORGE,2023,8192,6.5
4,Mustard - Oriental,FORGE,2024,6800,9.9
4,Mustard - Oriental,FORGE,2025,805,14.8
4,Mustard - Yellow,ANDANTE,2021,5284,6.7
4,Mustard - Yellow,ANDANTE,2022,17102,7.2
4,Mustard - Yellow,ANDANTE,2023,20186,3.7
4,Mustard - Yellow,ANDANTE,2024,24514,7.8
4,Mustard - Yellow,ANDANTE,2025,12137,12.3
4,Mustard - Yellow,PENNANT AC,2021,,
4,Mustard - Yellow,PENNANT AC,2022,3853,9.3
4,Mustard - Yellow,PENNANT AC,2023,2915,2.2
4,Mustard - Yellow,PENNANT AC,2024,624,7.1
4,Mustard - Yellow,PENNANT AC,2025,3135,9.7
4,Mustard - Yellow,YELLOW 80 AAC,2021,,
4,Mustard - Yellow,YELLOW 80 AAC,2022,,
4,Mustard - Yellow,YELLOW 80 AAC,2023,6046,5.2
4,Mustard - Yellow,YELLOW 80 AAC,2024,6038,8.8
4,Mustard - Yellow,YELLOW 80 AAC,2025,1584,16.6
4,Oats,HAYMAKER CDC,2021,,
4,Oats,HAYMAKER CDC,2022,1082,30.3
4,Oats,HAYMAKER CDC,2023,1155,27.3
4,Oats,HAYMAKER CDC,2024,1649,29.3
4,Oats,HAYMAKER CDC,2025,918,24.1
4,Wheat,- Canada Prairie ANDREW AC,2021,3136,20.8
4,Wheat,- Canada Prairie ANDREW AC,2022,3349,18.8
4,Wheat,- Canada Prairie ANDREW AC,2023,1690,16.5
4,Wheat,- Canada Prairie ANDREW AC,2024,1526,21.1
4,Wheat,- Canada Prairie ANDREW AC,2025,1648,21.4
4,Wheat,SADASH,2021,,
4,Wheat,SADASH,2022,,
4,Wheat,SADASH,2023,,
4,Wheat,SADASH,2024,846,25.5
4,Wheat,SADASH,2025,2661,31.2
4,Wheat - Durum,ALLOY CDC,2021,3143,10.9
4,Wheat - Durum,ALLOY CDC,2022,12288,14.8
4,Wheat - Durum,ALLOY CDC,2023,3863,13.2
4,Wheat - Durum,ALLOY CDC,2024,14695,26.8
4,Wheat - Durum,ALLOY CDC,2025,13242,15.5
4,Wheat - Durum,BRIGADE,2021,12595,11.0
4,Wheat - Durum,BRIGADE,2022,18439,22.2
4,Wheat - Durum,BRIGADE,2023,11511,18.3
4,Wheat - Durum,BRIGADE,2024,17209,25.3
4,Wheat - Durum,BRIGADE,2025,15183,24.1
4,Wheat - Durum,CONGRESS AAC,2021,9206,7.8
4,Wheat - Durum,CONGRESS AAC,2022,13053,18.6
4,Wheat - Durum,CONGRESS AAC,2023,24040,14.5
4,Wheat - Durum,CONGRESS AAC,2024,24563,21.2
4,Wheat - Durum,CONGRESS AAC,2025,16905,20.4
4,Wheat - Durum,DEFY CDC,2021,,
4,Wheat - Durum,DEFY CDC,2022,,
4,Wheat - Durum,DEFY CDC,2023,,
4,Wheat - Durum,DEFY CDC,2024,2529,30.6
4,Wheat - Durum,DEFY CDC,2025,6424,30.1
4,Wheat - Durum,DONLOW AAC,2021,,
4,Wheat - Durum,DONLOW AAC,2022,1360,18.9
4,Wheat - Durum,DONLOW AAC,2023,4899,15.1
4,Wheat - Durum,DONLOW AAC,2024,6292,25.9
4,Wheat - Durum,DONLOW AAC,2025,9393,25.6
4,Wheat - Durum,DYNAMIC CDC,2021,7064,8.5
4,Wheat - Durum,DYNAMIC CDC,2022,5045,13.9
4,Wheat - Durum,DYNAMIC CDC,2023,5843,13.5
4,Wheat - Durum,DYNAMIC CDC,2024,4070,23.0
4,Wheat - Durum,DYNAMIC CDC,2025,5086,25.4
4,Wheat - Durum,FLARE CDC,2021,,
4,Wheat - Durum,FLARE CDC,2022,,
4,Wheat - Durum,FLARE CDC,2023,1759,13.9
4,Wheat - Durum,FLARE CDC,2024,1587,24.6
4,Wheat - Durum,FLARE CDC,2025,7093,18.5
4,Wheat - Durum,FORTITUDE CDC,2021,2121,11.6
4,Wheat - Durum,FORTITUDE CDC,2022,3201,15.6
4,Wheat - Durum,FORTITUDE CDC,2023,2530,13.0
4,Wheat - Durum,FORTITUDE CDC,2024,4317,21.2
4,Wheat - Durum,FORTITUDE CDC,2025,2245,20.3
4,Wheat - Durum,GOLDNET AAC,2021,,
4,Wheat - Durum,GOLDNET AAC,2022,,
4,Wheat - Durum,GOLDNET AAC,2023,5552,9.2
4,Wheat - Durum,GOLDNET AAC,2024,12213,26.8
4,Wheat - Durum,GOLDNET AAC,2025,22909,13.0
4,Wheat - Durum,GRAINLAND AAC,2021,1977,12.1
4,Wheat - Durum,GRAINLAND AAC,2022,8560,18.7
4,Wheat - Durum,GRAINLAND AAC,2023,20562,14.1
4,Wheat - Durum,GRAINLAND AAC,2024,35475,27.7
4,Wheat - Durum,GRAINLAND AAC,2025,35024,25.6
4,Wheat - Durum,NAVIGATOR AC,2021,,
4,Wheat - Durum,NAVIGATOR AC,2022,1261,23.9
4,Wheat - Durum,NAVIGATOR AC,2023,1663,10.8
4,Wheat - Durum,NAVIGATOR AC,2024,6731,28.7
4,Wheat - Durum,NAVIGATOR AC,2025,5981,19.4
4,Wheat - Durum,PRECISION CDC,2021,46779,8.7
4,Wheat - Durum,PRECISION CDC,2022,54502,16.9
4,Wheat - Durum,PRECISION CDC,2023,32822,12.7
4,Wheat - Durum,PRECISION CDC,2024,34095,22.1
4,Wheat - Durum,PRECISION CDC,2025,28263,22.6
4,Wheat - Durum,SCHRADER AAC,2021,,
4,Wheat - Durum,SCHRADER AAC,2022,,
4,Wheat - Durum,SCHRADER AAC,2023,,
4,Wheat - Durum,SCHRADER AAC,2024,1846,21.7
4,Wheat - Durum,SCHRADER AAC,2025,4275,18.4
4,Wheat - Durum,SPITFIRE AAC,2021,10913,7.6
4,Wheat - Durum,SPITFIRE AAC,2022,4346,14.0
4,Wheat - Durum,SPITFIRE AAC,2023,3715,12.5
4,Wheat - Durum,SPITFIRE AAC,2024,2989,17.3
4,Wheat - Durum,SPITFIRE AAC,2025,4591,17.8
4,Wheat - Durum,STRONGFIELD,2021,8293,6.4
4,Wheat - Durum,STRONGFIELD,2022,2567,15.0
4,Wheat - Durum,STRONGFIELD,2023,3851,10.8
4,Wheat - Durum,STRONGFIELD,2024,1642,24.4
4,Wheat - Durum,STRONGFIELD,2025,10947,22.0
4,Wheat - Durum,STRONGHOLD AAC,2021,26884,6.1
4,Wheat - Durum,STRONGHOLD AAC,2022,18757,21.3
4,Wheat - Durum,STRONGHOLD AAC,2023,20381,13.0
4,Wheat - Durum,STRONGHOLD AAC,2024,25856,21.7
4,Wheat - Durum,STRONGHOLD AAC,2025,16758,19.0
4,Wheat - Durum,TRANSCEND,2021,117161,10.4
4,Wheat - Durum,TRANSCEND,2022,149491,19.4
4,Wheat - Durum,TRANSCEND,2023,135387,10.4
4,Wheat - Durum,TRANSCEND,2024,146817,20.7
4,Wheat - Durum,TRANSCEND,2025,122782,17.5
4,Wheat - Durum,VANTTA CDC,2021,,
4,Wheat - Durum,VANTTA CDC,2022,,
4,Wheat - Durum,VANTTA CDC,2023,,
4,Wheat - Durum,VANTTA CDC,2024,,
4,Wheat - Durum,VANTTA CDC,2025,3200,31.4
4,Wheat - Durum,VERONA CDC,2021,1232,17.6
4,Wheat - Durum,VERONA CDC,2022,2853,16.0
4,Wheat - Durum,VERONA CDC,2023,6432,11.6
4,Wheat - Durum,VERONA CDC,2024,9544,20.5
4,Wheat - Durum,VERONA CDC,2025,8115,24.7
4,Wheat - Durum,WEYBURN VB AAC,2021,,
4,Wheat - Durum,WEYBURN VB AAC,2022,,
4,Wheat - Durum,WEYBURN VB AAC,2023,560,12.1
4,Wheat - Durum,WEYBURN VB AAC,2024,4169,20.7
4,Wheat - Durum,WEYBURN VB AAC,2025,6141,16.6
4,Wheat - Hard Red Spring,ADAMANT,2021,,
4,Wheat - Hard Red Spring,ADAMANT,2022,,
4,Wheat - Hard Red Spring,ADAMANT,2023,1685,14.7
4,Wheat - Hard Red Spring,ADAMANT,2024,633,27.3
4,Wheat - Hard Red Spring,ADAMANT,2025,789,26.8
4,Wheat - Hard Red Spring,BRANDON AAC,2021,11391,18.6
4,Wheat - Hard Red Spring,BRANDON AAC,2022,26718,22.3
4,Wheat - Hard Red Spring,BRANDON AAC,2023,24091,18.5
4,Wheat - Hard Red Spring,BRANDON AAC,2024,22978,31.8
4,Wheat - Hard Red Spring,BRANDON AAC,2025,23775,26.0
4,Wheat - Hard Red Spring,ELIE AAC,2021,10063,14.3
4,Wheat - Hard Red Spring,ELIE AAC,2022,11932,28.3
4,Wheat - Hard Red Spring,ELIE AAC,2023,9553,7.7
4,Wheat - Hard Red Spring,ELIE AAC,2024,8256,21.7
4,Wheat - Hard Red Spring,ELIE AAC,2025,6599,15.2
4,Wheat - Hard Red Spring,HOCKLEY AAC,2021,,
4,Wheat - Hard Red Spring,HOCKLEY AAC,2022,,
4,Wheat - Hard Red Spring,HOCKLEY AAC,2023,,
4,Wheat - Hard Red Spring,HOCKLEY AAC,2024,,
4,Wheat - Hard Red Spring,HOCKLEY AAC,2025,1162,25.3
4,Wheat - Hard Red Spring,HODGE AAC VB,2021,,
4,Wheat - Hard Red Spring,HODGE AAC VB,2022,,
4,Wheat - Hard Red Spring,HODGE AAC VB,2023,,
4,Wheat - Hard Red Spring,HODGE AAC VB,2024,,
4,Wheat - Hard Red Spring,HODGE AAC VB,2025,682,15.7
4,Wheat - Hard Red Spring,LANDMARK CDC,2021,4802,15.7
4,Wheat - Hard Red Spring,LANDMARK CDC,2022,4557,23.7
4,Wheat - Hard Red Spring,LANDMARK CDC,2023,10735,19.5
4,Wheat - Hard Red Spring,LANDMARK CDC,2024,3060,22.3
4,Wheat - Hard Red Spring,LANDMARK CDC,2025,795,25.9
4,Wheat - Hard Red Spring,LILLIAN,2021,,
4,Wheat - Hard Red Spring,LILLIAN,2022,3787,11.6
4,Wheat - Hard Red Spring,LILLIAN,2023,4416,10.2
4,Wheat - Hard Red Spring,LILLIAN,2024,3420,19.4
4,Wheat - Hard Red Spring,LILLIAN,2025,2300,29.7
4,Wheat - Hard Red Spring,RED FIFE,2021,,
4,Wheat - Hard Red Spring,RED FIFE,2022,,
4,Wheat - Hard Red Spring,RED FIFE,2023,,
4,Wheat - Hard Red Spring,RED FIFE,2024,,
4,Wheat - Hard Red Spring,RED FIFE,2025,2111,10.7
4,Wheat - Hard Red Spring,REDBERRY AAC,2021,1233,12.7
4,Wheat - Hard Red Spring,REDBERRY AAC,2022,2230,21.6
4,Wheat - Hard Red Spring,REDBERRY AAC,2023,708,4.2
4,Wheat - Hard Red Spring,REDBERRY AAC,2024,1232,17.9
4,Wheat - Hard Red Spring,REDBERRY AAC,2025,736,9.4
4,Wheat - Hard Red Spring,TISDALE AAC,2021,,
4,Wheat - Hard Red Spring,TISDALE AAC,2022,,
4,Wheat - Hard Red Spring,TISDALE AAC,2023,,
4,Wheat - Hard Red Spring,TISDALE AAC,2024,,
4,Wheat - Hard Red Spring,TISDALE AAC,2025,4269,21.7
4,Wheat - Hard Red Spring,UTMOST CDC,2021,3873,15.9
4,Wheat - Hard Red Spring,UTMOST CDC,2022,4357,19.5
4,Wheat - Hard Red Spring,UTMOST CDC,2023,1207,14.9
4,Wheat - Hard Red Spring,UTMOST CDC,2024,1000,21.3
4,Wheat - Hard Red Spring,UTMOST CDC,2025,2092,23.1
4,Wheat - Hard Red Spring,VIEWFIELD AAC,2021,4617,12.0
4,Wheat - Hard Red Spring,VIEWFIELD AAC,2022,9145,13.4
4,Wheat - Hard Red Spring,VIEWFIELD AAC,2023,7964,10.2
4,Wheat - Hard Red Spring,VIEWFIELD AAC,2024,7625,29.0
4,Wheat - Hard Red Spring,VIEWFIELD AAC,2025,3855,14.6
4,Wheat - Winter,COLDFRONT AAC,2021,,
4,Wheat - Winter,COLDFRONT AAC,2022,,
4,Wheat - Winter,COLDFRONT AAC,2023,,
4,Wheat - Winter,COLDFRONT AAC,2024,,
4,Wheat - Winter,COLDFRONT AAC,2025,884,31.6
4,Wheat - Winter,ICEFIELD AAC,2021,,
4,Wheat - Winter,ICEFIELD AAC,2022,,
4,Wheat - Winter,ICEFIELD AAC,2023,,
4,Wheat - Winter,ICEFIELD AAC,2024,,
4,Wheat - Winter,ICEFIELD AAC,2025,1015,23.3
4,Wheat - Winter,WILDFIRE AAC,2021,,
4,Wheat - Winter,WILDFIRE AAC,2022,,
4,Wheat - Winter,WILDFIRE AAC,2023,,
4,Wheat - Winter,WILDFIRE AAC,2024,,
4,Wheat - Winter,WILDFIRE AAC,2025,5936,24.8
4,Chickpea,- Large Kabuli FRONTIER CDC,2021,,
4,Chickpea,- Large Kabuli FRONTIER CDC,2022,,
4,Chickpea,- Large Kabuli FRONTIER CDC,2023,2339,747
4,Chickpea,- Large Kabuli FRONTIER CDC,2024,4135,1016
4,Chickpea,- Large Kabuli FRONTIER CDC,2025,2193,2026
4,Chickpea,LANCER CDC,2021,,
4,Chickpea,LANCER CDC,2022,,
4,Chickpea,LANCER CDC,2023,2623,761
4,Chickpea,LANCER CDC,2024,3433,743
4,Chickpea,LANCER CDC,2025,2761,1764
4,Chickpea,LEADER CDC,2021,2197,227
4,Chickpea,LEADER CDC,2022,3534,1047
4,Chickpea,LEADER CDC,2023,5739,1213
4,Chickpea,LEADER CDC,2024,8562,1232
4,Chickpea,LEADER CDC,2025,3325,1263
4,Chickpea,ORION CDC,2021,2536,763
4,Chickpea,ORION CDC,2022,3620,899
4,Chickpea,ORION CDC,2023,5165,1021
4,Chickpea,ORION CDC,2024,4638,1177
4,Chickpea,ORION CDC,2025,4949,1316
4,Chickpea,ORKNEY CDC,2021,,
4,Chickpea,ORKNEY CDC,2022,,
4,Chickpea,ORKNEY CDC,2023,,
4,Chickpea,ORKNEY CDC,2024,4231,1248
4,Chickpea,ORKNEY CDC,2025,2824,1402
4,Lentils - Large Green,GREENLAND CDC,2021,1188,245
4,Lentils - Large Green,GREENLAND CDC,2022,1219,492
4,Lentils - Large Green,GREENLAND CDC,2023,5302,273
4,Lentils - Large Green,GREENLAND CDC,2024,6067,739
4,Lentils - Large Green,GREENLAND CDC,2025,11568,783
4,Lentils - Large Green,GREENSTAR CDC,2021,5285,511
4,Lentils - Large Green,GREENSTAR CDC,2022,5338,582
4,Lentils - Large Green,GREENSTAR CDC,2023,4808,260
4,Lentils - Large Green,GREENSTAR CDC,2024,2754,1030
4,Lentils - Large Green,GREENSTAR CDC,2025,8895,1008
4,Lentils - Large Green,IMPOWER CDC CL,2021,,
4,Lentils - Large Green,IMPOWER CDC CL,2022,,
4,Lentils - Large Green,IMPOWER CDC CL,2023,1803,580
4,Lentils - Large Green,IMPOWER CDC CL,2024,859,571
4,Lentils - Large Green,IMPOWER CDC CL,2025,1441,419
4,Lentils - Large Green,LIMA CDC,2021,1018,439
4,Lentils - Large Green,LIMA CDC,2022,3707,553
4,Lentils - Large Green,LIMA CDC,2023,3839,282
4,Lentils - Large Green,LIMA CDC,2024,6261,584
4,Lentils - Large Green,LIMA CDC,2025,5210,946
4,Lentils,- Other IMVINCIBLE CDC CL,2021,,
4,Lentils,- Other IMVINCIBLE CDC CL,2022,,
4,Lentils,- Other IMVINCIBLE CDC CL,2023,,
4,Lentils,- Other IMVINCIBLE CDC CL,2024,2568,800
4,Lentils,- Other IMVINCIBLE CDC CL,2025,2801,395
4,Lentils,JIMINI CDC CL,2021,,
4,Lentils,JIMINI CDC CL,2022,,
4,Lentils,JIMINI CDC CL,2023,,
4,Lentils,JIMINI CDC CL,2024,,
4,Lentils,JIMINI CDC CL,2025,11025,880
4,Lentils - Red,CRIMSON,2021,,
4,Lentils - Red,CRIMSON,2022,,
4,Lentils - Red,CRIMSON,2023,,
4,Lentils - Red,CRIMSON,2024,617,525
4,Lentils - Red,CRIMSON,2025,1745,1310
4,Lentils - Red,DAZIL CDC,2021,26117,617
4,Lentils - Red,DAZIL CDC,2022,24448,584
4,Lentils - Red,DAZIL CDC,2023,15204,412
4,Lentils - Red,DAZIL CDC,2024,16369,774
4,Lentils - Red,DAZIL CDC,2025,17525,933
4,Lentils - Red,IMPULSE,2021,39625,485
4,Lentils - Red,IMPULSE,2022,43058,703
4,Lentils - Red,IMPULSE,2023,20467,463
4,Lentils - Red,IMPULSE,2024,31884,1019
4,Lentils - Red,IMPULSE,2025,32078,1202
4,Lentils - Red,MAXIM CDC,2021,20021,624
4,Lentils - Red,MAXIM CDC,2022,25898,719
4,Lentils - Red,MAXIM CDC,2023,17206,439
4,Lentils - Red,MAXIM CDC,2024,16185,886
4,Lentils - Red,MAXIM CDC,2025,18296,1179
4,Lentils - Red,NIMBLE,2021,,
4,Lentils - Red,NIMBLE,2022,4971,904
4,Lentils - Red,NIMBLE,2023,,
4,Lentils - Red,NIMBLE,2024,3349,1047
4,Lentils - Red,NIMBLE,2025,9958,776
4,Lentils - Red,PROCLAIM CDC,2021,26257,639
4,Lentils - Red,PROCLAIM CDC,2022,35148,871
4,Lentils - Red,PROCLAIM CDC,2023,30614,571
4,Lentils - Red,PROCLAIM CDC,2024,18687,1089
4,Lentils - Red,PROCLAIM CDC,2025,19829,952
4,Lentils - Red,SIMMIE CDC,2021,,
4,Lentils - Red,SIMMIE CDC,2022,,
4,Lentils - Red,SIMMIE CDC,2023,640,452
4,Lentils - Red,SIMMIE CDC,2024,5318,968
4,Lentils - Red,SIMMIE CDC,2025,5018,935
5,Barley,ADVANTAGE AB,2021,,
5,Barley,ADVANTAGE AB,2022,826,71.3
5,Barley,ADVANTAGE AB,2023,550,49.1
5,Barley,ADVANTAGE AB,2024,478,62.8
5,Barley,ADVANTAGE AB,2025,527,65.5
5,Barley,AUSTENSON CDC,2021,9160,54.6
5,Barley,AUSTENSON CDC,2022,5341,73.1
5,Barley,AUSTENSON CDC,2023,5393,63.0
5,Barley,AUSTENSON CDC,2024,5969,70.5
5,Barley,AUSTENSON CDC,2025,7009,94.3
5,Barley,CHAMPION,2021,437,55.0
5,Barley,CHAMPION,2022,2806,68.7
5,Barley,CHAMPION,2023,1420,61.5
5,Barley,CHAMPION,2024,2285,71.4
5,Barley,CHAMPION,2025,805,74.0
5,Barley,CHURCHILL CDC,2021,,
5,Barley,CHURCHILL CDC,2022,,
5,Barley,CHURCHILL CDC,2023,,
5,Barley,CHURCHILL CDC,2024,,
5,Barley,CHURCHILL CDC,2025,582,116.3
5,Barley,CONNECT AAC,2021,1675,52.9
5,Barley,CONNECT AAC,2022,1123,81.9
5,Barley,CONNECT AAC,2023,3468,77.5
5,Barley,CONNECT AAC,2024,2994,82.8
5,Barley,CONNECT AAC,2025,4467,87.8
5,Barley,COPELAND CDC,2021,13377,67.8
5,Barley,COPELAND CDC,2022,13840,70.5
5,Barley,COPELAND CDC,2023,13032,74.7
5,Barley,COPELAND CDC,2024,11195,86.9
5,Barley,COPELAND CDC,2025,13222,93.9
5,Barley,DURANGO CDC,2021,,
5,Barley,DURANGO CDC,2022,,
5,Barley,DURANGO CDC,2023,,
5,Barley,DURANGO CDC,2024,,
5,Barley,DURANGO CDC,2025,1216,96.2
5,Barley,FRASER CDC,2021,565,68.3
5,Barley,FRASER CDC,2022,500,83.5
5,Barley,FRASER CDC,2023,845,59.1
5,Barley,FRASER CDC,2024,1185,96.2
5,Barley,FRASER CDC,2025,730,112.2
5,Barley,MAVERICK CDC,2021,797,45.7
5,Barley,MAVERICK CDC,2022,2192,58.5
5,Barley,MAVERICK CDC,2023,3421,55.5
5,Barley,MAVERICK CDC,2024,1617,56.3
5,Barley,MAVERICK CDC,2025,1648,72.2
5,Barley,RENEGADE CDC,2021,,
5,Barley,RENEGADE CDC,2022,,
5,Barley,RENEGADE CDC,2023,,
5,Barley,RENEGADE CDC,2024,,
5,Barley,RENEGADE CDC,2025,1783,89.1
5,Barley,SYNERGY AAC,2021,7029,77.1
5,Barley,SYNERGY AAC,2022,6044,87.4
5,Barley,SYNERGY AAC,2023,13260,66.9
5,Barley,SYNERGY AAC,2024,12139,86.9
5,Barley,SYNERGY AAC,2025,10909,94.5
5,Canola/Rapeseed,BY 6217TF,2021,,
5,Canola/Rapeseed,BY 6217TF,2022,,
5,Canola/Rapeseed,BY 6217TF,2023,602,43.7
5,Canola/Rapeseed,BY 6217TF,2024,1589,35.4
5,Canola/Rapeseed,BY 6217TF,2025,653,36.6
5,Canola/Rapeseed,BY 7204LL,2021,,
5,Canola/Rapeseed,BY 7204LL,2022,,
5,Canola/Rapeseed,BY 7204LL,2023,,
5,Canola/Rapeseed,BY 7204LL,2024,2491,41.0
5,Canola/Rapeseed,BY 7204LL,2025,1121,37.0
5,Canola/Rapeseed,CP24L3C,2021,,
5,Canola/Rapeseed,CP24L3C,2022,,
5,Canola/Rapeseed,CP24L3C,2023,,
5,Canola/Rapeseed,CP24L3C,2024,,
5,Canola/Rapeseed,CP24L3C,2025,585,38.9
5,Canola/Rapeseed,CS3200 TF,2021,,
5,Canola/Rapeseed,CS3200 TF,2022,,
5,Canola/Rapeseed,CS3200 TF,2023,,
5,Canola/Rapeseed,CS3200 TF,2024,,
5,Canola/Rapeseed,CS3200 TF,2025,1420,45.8
5,Canola/Rapeseed,CS4000 LL,2021,446,33.5
5,Canola/Rapeseed,CS4000 LL,2022,2603,42.1
5,Canola/Rapeseed,CS4000 LL,2023,1986,28.0
5,Canola/Rapeseed,CS4000 LL,2024,,
5,Canola/Rapeseed,CS4000 LL,2025,400,50.7
5,Canola/Rapeseed,CS4100 LL,2021,,
5,Canola/Rapeseed,CS4100 LL,2022,,
5,Canola/Rapeseed,CS4100 LL,2023,,
5,Canola/Rapeseed,CS4100 LL,2024,,
5,Canola/Rapeseed,CS4100 LL,2025,1667,44.8
5,Canola/Rapeseed,DK400TL,2021,,
5,Canola/Rapeseed,DK400TL,2022,,
5,Canola/Rapeseed,DK400TL,2023,,
5,Canola/Rapeseed,DK400TL,2024,7479,38.0
5,Canola/Rapeseed,DK400TL,2025,2038,48.6
5,Canola/Rapeseed,DK401TK,2021,,
5,Canola/Rapeseed,DK401TK,2022,,
5,Canola/Rapeseed,DK401TK,2023,,
5,Canola/Rapeseed,DK401TK,2024,,
5,Canola/Rapeseed,DK401TK,2025,790,38.5
5,Canola/Rapeseed,DK401TL,2021,,
5,Canola/Rapeseed,DK401TL,2022,,
5,Canola/Rapeseed,DK401TL,2023,,
5,Canola/Rapeseed,DK401TL,2024,,
5,Canola/Rapeseed,DK401TL,2025,1156,51.7
5,Canola/Rapeseed,DK800LL,2021,,
5,Canola/Rapeseed,DK800LL,2022,,
5,Canola/Rapeseed,DK800LL,2023,,
5,Canola/Rapeseed,DK800LL,2024,,
5,Canola/Rapeseed,DK800LL,2025,5227,47.1
5,Canola/Rapeseed,DK801LL,2021,,
5,Canola/Rapeseed,DK801LL,2022,,
5,Canola/Rapeseed,DK801LL,2023,,
5,Canola/Rapeseed,DK801LL,2024,,
5,Canola/Rapeseed,DK801LL,2025,1084,46.0
5,Canola/Rapeseed,LR354PC,2021,,
5,Canola/Rapeseed,LR354PC,2022,,
5,Canola/Rapeseed,LR354PC,2023,670,35.9
5,Canola/Rapeseed,LR354PC,2024,881,29.4
5,Canola/Rapeseed,LR354PC,2025,1456,43.2
5,Canola/Rapeseed,L233P,2021,73717,32.6
5,Canola/Rapeseed,L233P,2022,45033,39.7
5,Canola/Rapeseed,L233P,2023,41235,34.3
5,Canola/Rapeseed,L233P,2024,20518,36.1
5,Canola/Rapeseed,L233P,2025,8107,51.2
5,Canola/Rapeseed,L234PC,2021,,
5,Canola/Rapeseed,L234PC,2022,1382,31.0
5,Canola/Rapeseed,L234PC,2023,,
5,Canola/Rapeseed,L234PC,2024,,
5,Canola/Rapeseed,L234PC,2025,1060,44.8
5,Canola/Rapeseed,L330PC,2021,,
5,Canola/Rapeseed,L330PC,2022,,
5,Canola/Rapeseed,L330PC,2023,,
5,Canola/Rapeseed,L330PC,2024,,
5,Canola/Rapeseed,L330PC,2025,10919,50.7
5,Canola/Rapeseed,L333PC,2021,,
5,Canola/Rapeseed,L333PC,2022,,
5,Canola/Rapeseed,L333PC,2023,,
5,Canola/Rapeseed,L333PC,2024,,
5,Canola/Rapeseed,L333PC,2025,9677,51.3
5,Canola/Rapeseed,L340PC,2021,16395,34.4
5,Canola/Rapeseed,L340PC,2022,66078,44.3
5,Canola/Rapeseed,L340PC,2023,72099,40.1
5,Canola/Rapeseed,L340PC,2024,98754,37.8
5,Canola/Rapeseed,L340PC,2025,126174,49.6
5,Canola/Rapeseed,L343PC,2021,,
5,Canola/Rapeseed,L343PC,2022,2091,41.0
5,Canola/Rapeseed,L343PC,2023,4282,40.9
5,Canola/Rapeseed,L343PC,2024,2244,36.8
5,Canola/Rapeseed,L343PC,2025,1818,46.3
5,Canola/Rapeseed,L345PC,2021,24802,31.3
5,Canola/Rapeseed,L345PC,2022,23580,40.9
5,Canola/Rapeseed,L345PC,2023,13773,39.5
5,Canola/Rapeseed,L345PC,2024,21320,35.6
5,Canola/Rapeseed,L345PC,2025,11621,45.6
5,Canola/Rapeseed,L350PC,2021,,
5,Canola/Rapeseed,L350PC,2022,,
5,Canola/Rapeseed,L350PC,2023,16952,39.0
5,Canola/Rapeseed,L350PC,2024,8000,37.1
5,Canola/Rapeseed,L350PC,2025,7135,46.5
5,Canola/Rapeseed,L356PC,2021,,
5,Canola/Rapeseed,L356PC,2022,13296,44.0
5,Canola/Rapeseed,L356PC,2023,38543,43.7
5,Canola/Rapeseed,L356PC,2024,56970,37.6
5,Canola/Rapeseed,L356PC,2025,41237,48.5
5,Canola/Rapeseed,PV 681 LC,2021,,
5,Canola/Rapeseed,PV 681 LC,2022,,
5,Canola/Rapeseed,PV 681 LC,2023,,
5,Canola/Rapeseed,PV 681 LC,2024,621,35.7
5,Canola/Rapeseed,PV 681 LC,2025,435,39.2
5,Canola/Rapeseed,PV783,2021,,
5,Canola/Rapeseed,PV783,2022,,
5,Canola/Rapeseed,PV783,2023,,
5,Canola/Rapeseed,PV783,2024,,
5,Canola/Rapeseed,PV783,2025,475,42.0
5,Canola/Rapeseed,P1540L,2021,,
5,Canola/Rapeseed,P1540L,2022,,
5,Canola/Rapeseed,P1540L,2023,,
5,Canola/Rapeseed,P1540L,2024,,
5,Canola/Rapeseed,P1540L,2025,460,42.9
5,Canola/Rapeseed,P505MSL,2021,3642,35.3
5,Canola/Rapeseed,P505MSL,2022,6568,40.9
5,Canola/Rapeseed,P505MSL,2023,9986,44.9
5,Canola/Rapeseed,P505MSL,2024,8056,40.7
5,Canola/Rapeseed,P505MSL,2025,2908,48.4
5,Canola/Rapeseed,P509L,2021,,
5,Canola/Rapeseed,P509L,2022,619,42.1
5,Canola/Rapeseed,P509L,2023,1555,43.6
5,Canola/Rapeseed,P509L,2024,2728,39.5
5,Canola/Rapeseed,P509L,2025,1066,50.1
5,Canola/Rapeseed,P510G,2021,,
5,Canola/Rapeseed,P510G,2022,,
5,Canola/Rapeseed,P510G,2023,,
5,Canola/Rapeseed,P510G,2024,1253,31.3
5,Canola/Rapeseed,P510G,2025,766,46.0
5,Canola/Rapeseed,P514CL,2021,,
5,Canola/Rapeseed,P514CL,2022,,
5,Canola/Rapeseed,P514CL,2023,1173,34.3
5,Canola/Rapeseed,P514CL,2024,551,37.0
5,Canola/Rapeseed,P514CL,2025,5189,39.5
5,Canola/Rapeseed,P515G,2021,,
5,Canola/Rapeseed,P515G,2022,,
5,Canola/Rapeseed,P515G,2023,660,37.7
5,Canola/Rapeseed,P515G,2024,1621,25.9
5,Canola/Rapeseed,P515G,2025,2462,44.0
5,Canola/Rapeseed,P516L,2021,,
5,Canola/Rapeseed,P516L,2022,,
5,Canola/Rapeseed,P516L,2023,1888,40.8
5,Canola/Rapeseed,P516L,2024,3937,41.4
5,Canola/Rapeseed,P516L,2025,2479,42.4
5,Canola/Rapeseed,P520L,2021,,
5,Canola/Rapeseed,P520L,2022,,
5,Canola/Rapeseed,P520L,2023,,
5,Canola/Rapeseed,P520L,2024,,
5,Canola/Rapeseed,P520L,2025,13790,46.6
5,Fall Rye,HAZLET,2021,,
5,Fall Rye,HAZLET,2022,750,50.6
5,Fall Rye,HAZLET,2023,,
5,Fall Rye,HAZLET,2024,,
5,Fall Rye,HAZLET,2025,875,44.8
5,Field Peas,AMARILLO CDC,2021,5438,34.5
5,Field Peas,AMARILLO CDC,2022,4213,39.9
5,Field Peas,AMARILLO CDC,2023,3623,29.5
5,Field Peas,AMARILLO CDC,2024,3225,35.9
5,Field Peas,AMARILLO CDC,2025,3689,57.9
5,Field Peas,CARVER AAC,2021,4634,40.1
5,Field Peas,CARVER AAC,2022,7174,38.1
5,Field Peas,CARVER AAC,2023,5761,32.9
5,Field Peas,CARVER AAC,2024,6945,41.7
5,Field Peas,CARVER AAC,2025,6362,55.7
5,Field Peas,CHROME AAC,2021,5476,39.0
5,Field Peas,CHROME AAC,2022,6951,46.2
5,Field Peas,CHROME AAC,2023,5280,32.7
5,Field Peas,CHROME AAC,2024,3912,43.7
5,Field Peas,CHROME AAC,2025,920,50.7
5,Field Peas,FOREST CDC,2021,475,29.4
5,Field Peas,FOREST CDC,2022,,
5,Field Peas,FOREST CDC,2023,,
5,Field Peas,FOREST CDC,2024,,
5,Field Peas,FOREST CDC,2025,875,53.0
5,Field Peas,GOLDEN CDC,2021,,
5,Field Peas,GOLDEN CDC,2022,,
5,Field Peas,GOLDEN CDC,2023,686,38.6
5,Field Peas,GOLDEN CDC,2024,,
5,Field Peas,GOLDEN CDC,2025,591,31.5
5,Field Peas,HICKIE CDC,2021,,
5,Field Peas,HICKIE CDC,2022,,
5,Field Peas,HICKIE CDC,2023,,
5,Field Peas,HICKIE CDC,2024,717,40.6
5,Field Peas,HICKIE CDC,2025,1919,48.7
5,Field Peas,INCA CDC,2021,3916,28.8
5,Field Peas,INCA CDC,2022,4641,36.2
5,Field Peas,INCA CDC,2023,3931,33.9
5,Field Peas,INCA CDC,2024,3234,40.5
5,Field Peas,INCA CDC,2025,2530,54.3
5,Field Peas,JULIUS AAC,2021,,
5,Field Peas,JULIUS AAC,2022,,
5,Field Peas,JULIUS AAC,2023,,
5,Field Peas,JULIUS AAC,2024,,
5,Field Peas,JULIUS AAC,2025,4836,48.0
5,Field Peas,MAPLE,2021,,
5,Field Peas,MAPLE,2022,,
5,Field Peas,MAPLE,2023,,
5,Field Peas,MAPLE,2024,,
5,Field Peas,MAPLE,2025,1100,51.4
5,Field Peas,MEADOW CDC,2021,2932,33.5
5,Field Peas,MEADOW CDC,2022,1225,22.3
5,Field Peas,MEADOW CDC,2023,1280,34.4
5,Field Peas,MEADOW CDC,2024,1885,37.2
5,Field Peas,MEADOW CDC,2025,1765,50.5
5,Field Peas,RAEZER CDC,2021,4362,33.8
5,Field Peas,RAEZER CDC,2022,2245,46.8
5,Field Peas,RAEZER CDC,2023,972,35.0
5,Field Peas,RAEZER CDC,2024,772,45.5
5,Field Peas,RAEZER CDC,2025,1825,56.7
5,Field Peas,TOLLEFSON CDC,2021,,
5,Field Peas,TOLLEFSON CDC,2022,,
5,Field Peas,TOLLEFSON CDC,2023,,
5,Field Peas,TOLLEFSON CDC,2024,595,36.6
5,Field Peas,TOLLEFSON CDC,2025,885,49.4
5,Field Peas,TREASURE CDC,2021,2001,31.2
5,Field Peas,TREASURE CDC,2022,1296,37.1
5,Field Peas,TREASURE CDC,2023,1405,31.9
5,Field Peas,TREASURE CDC,2024,441,35.3
5,Field Peas,TREASURE CDC,2025,1032,53.0
5,Flax,BETHUNE CDC,2021,2609,15.2
5,Flax,BETHUNE CDC,2022,993,26.8
5,Flax,BETHUNE CDC,2023,1270,18.5
5,Flax,BETHUNE CDC,2024,,
5,Flax,BETHUNE CDC,2025,505,24.2
5,Flax,GLAS CDC,2021,8414,20.6
5,Flax,GLAS CDC,2022,6336,30.8
5,Flax,GLAS CDC,2023,4220,19.9
5,Flax,GLAS CDC,2024,2434,22.7
5,Flax,GLAS CDC,2025,4417,31.4
5,Flax,OMEGA,2021,,
5,Flax,OMEGA,2022,1916,27.5
5,Flax,OMEGA,2023,965,13.4
5,Flax,OMEGA,2024,1426,18.7
5,Flax,OMEGA,2025,2275,43.0
5,Flax,ROWLAND CDC,2021,,
5,Flax,ROWLAND CDC,2022,856,27.9
5,Flax,ROWLAND CDC,2023,2297,19.2
5,Flax,ROWLAND CDC,2024,2859,25.3
5,Flax,ROWLAND CDC,2025,6529,34.6
5,Grain Corn,P7211AM (RZ 1&2),2021,,
5,Grain Corn,P7211AM (RZ 1&2),2022,,
5,Grain Corn,P7211AM (RZ 1&2),2023,,
5,Grain Corn,P7211AM (RZ 1&2),2024,,
5,Grain Corn,P7211AM (RZ 1&2),2025,995,116.7
5,IP Canola/Rapeseed,B3018N,2021,,
5,IP Canola/Rapeseed,B3018N,2022,,
5,IP Canola/Rapeseed,B3018N,2023,,
5,IP Canola/Rapeseed,B3018N,2024,2091,37.9
5,IP Canola/Rapeseed,B3018N,2025,1695,42.5
5,IP Canola/Rapeseed,L358HPC,2021,,
5,IP Canola/Rapeseed,L358HPC,2022,,
5,IP Canola/Rapeseed,L358HPC,2023,,
5,IP Canola/Rapeseed,L358HPC,2024,5309,34.0
5,IP Canola/Rapeseed,L358HPC,2025,5679,38.3
5,Oats,ANSON CDC,2021,,
5,Oats,ANSON CDC,2022,,
5,Oats,ANSON CDC,2023,,
5,Oats,ANSON CDC,2024,,
5,Oats,ANSON CDC,2025,747,126.3
5,Oats,ARBORG CDC,2021,1210,49.2
5,Oats,ARBORG CDC,2022,3738,101.1
5,Oats,ARBORG CDC,2023,1604,73.4
5,Oats,ARBORG CDC,2024,3181,92.8
5,Oats,ARBORG CDC,2025,2023,104.8
5,Oats,CAMDEN CS,2021,3886,71.9
5,Oats,CAMDEN CS,2022,6922,105.9
5,Oats,CAMDEN CS,2023,1764,69.7
5,Oats,CAMDEN CS,2024,2885,92.1
5,Oats,CAMDEN CS,2025,5606,129.4
5,Oats,DOUGLAS AAC,2021,,
5,Oats,DOUGLAS AAC,2022,,
5,Oats,DOUGLAS AAC,2023,,
5,Oats,DOUGLAS AAC,2024,848,124.3
5,Oats,DOUGLAS AAC,2025,677,139.2
5,Oats,ENDURE CDC,2021,,
5,Oats,ENDURE CDC,2022,1216,107.7
5,Oats,ENDURE CDC,2023,564,51.4
5,Oats,ENDURE CDC,2024,2053,100.0
5,Oats,ENDURE CDC,2025,3881,125.1
5,Oats,HAYMAKER CDC,2021,877,80.8
5,Oats,HAYMAKER CDC,2022,408,79.0
5,Oats,HAYMAKER CDC,2023,,
5,Oats,HAYMAKER CDC,2024,425,82.7
5,Oats,HAYMAKER CDC,2025,497,128.2
5,Oats,NASSER CDC,2021,,
5,Oats,NASSER CDC,2022,510,99.3
5,Oats,NASSER CDC,2023,,
5,Oats,NASSER CDC,2024,,
5,Oats,NASSER CDC,2025,696,110.1
5,Oats,SO-1 CDC,2021,,
5,Oats,SO-1 CDC,2022,821,107.0
5,Oats,SO-1 CDC,2023,1923,76.9
5,Oats,SO-1 CDC,2024,1026,99.1
5,Oats,SO-1 CDC,2025,2030,114.2
5,Oats,SUMMIT,2021,938,87.7
5,Oats,SUMMIT,2022,1185,134.7
5,Oats,SUMMIT,2023,873,58.1
5,Oats,SUMMIT,2024,837,112.1
5,Oats,SUMMIT,2025,620,94.5
5,Soybean,AKRAS R2,2021,,
5,Soybean,AKRAS R2,2022,,
5,Soybean,AKRAS R2,2023,,
5,Soybean,AKRAS R2,2024,,
5,Soybean,AKRAS R2,2025,584,35.3
5,Soybean,P003Z08E,2021,,
5,Soybean,P003Z08E,2022,,
5,Soybean,P003Z08E,2023,,
5,Soybean,P003Z08E,2024,,
5,Soybean,P003Z08E,2025,597,32.1
5,Soybean,P004Z87E,2021,,
5,Soybean,P004Z87E,2022,,
5,Soybean,P004Z87E,2023,,
5,Soybean,P004Z87E,2024,,
5,Soybean,P004Z87E,2025,873,27.8
5,Wheat,- Canada Prairie AWESOME VB AAC,2021,,
5,Wheat,- Canada Prairie AWESOME VB AAC,2022,,
5,Wheat,- Canada Prairie AWESOME VB AAC,2023,,
5,Wheat,- Canada Prairie AWESOME VB AAC,2024,,
5,Wheat,- Canada Prairie AWESOME VB AAC,2025,1041,84.1
5,Wheat - Durum,BRIGADE,2021,,
5,Wheat - Durum,BRIGADE,2022,900,58.8
5,Wheat - Durum,BRIGADE,2023,1070,26.2
5,Wheat - Durum,BRIGADE,2024,1299,39.0
5,Wheat - Durum,BRIGADE,2025,2755,55.9
5,Wheat - Durum,DEFY CDC,2021,,
5,Wheat - Durum,DEFY CDC,2022,1155,66.5
5,Wheat - Durum,DEFY CDC,2023,2824,39.5
5,Wheat - Durum,DEFY CDC,2024,3559,39.6
5,Wheat - Durum,DEFY CDC,2025,9168,60.4
5,Wheat - Durum,DONLOW AAC,2021,,
5,Wheat - Durum,DONLOW AAC,2022,,
5,Wheat - Durum,DONLOW AAC,2023,1653,35.6
5,Wheat - Durum,DONLOW AAC,2024,7032,57.6
5,Wheat - Durum,DONLOW AAC,2025,13716,66.5
5,Wheat - Durum,PRECISION CDC,2021,8323,38.7
5,Wheat - Durum,PRECISION CDC,2022,13607,58.4
5,Wheat - Durum,PRECISION CDC,2023,10220,32.5
5,Wheat - Durum,PRECISION CDC,2024,10972,49.4
5,Wheat - Durum,PRECISION CDC,2025,9028,54.0
5,Wheat - Durum,TRANSCEND,2021,15568,35.0
5,Wheat - Durum,TRANSCEND,2022,11665,51.3
5,Wheat - Durum,TRANSCEND,2023,10529,34.9
5,Wheat - Durum,TRANSCEND,2024,7893,45.1
5,Wheat - Durum,TRANSCEND,2025,7415,62.6
5,Wheat - Durum,VANTTA CDC,2021,,
5,Wheat - Durum,VANTTA CDC,2022,,
5,Wheat - Durum,VANTTA CDC,2023,,
5,Wheat - Durum,VANTTA CDC,2024,,
5,Wheat - Durum,VANTTA CDC,2025,2217,71.3
5,Wheat - Durum,WEYBURN VB AAC,2021,,
5,Wheat - Durum,WEYBURN VB AAC,2022,,
5,Wheat - Durum,WEYBURN VB AAC,2023,7995,35.4
5,Wheat - Durum,WEYBURN VB AAC,2024,2172,45.7
5,Wheat - Durum,WEYBURN VB AAC,2025,12326,63.2
5,Wheat - Hard Red Spring,BARRIE AC,2021,1175,40.9
5,Wheat - Hard Red Spring,BARRIE AC,2022,,
5,Wheat - Hard Red Spring,BARRIE AC,2023,,
5,Wheat - Hard Red Spring,BARRIE AC,2024,,
5,Wheat - Hard Red Spring,BARRIE AC,2025,1392,46.1
5,Wheat - Hard Red Spring,BOLLES,2021,3277,49.6
5,Wheat - Hard Red Spring,BOLLES,2022,3298,58.8
5,Wheat - Hard Red Spring,BOLLES,2023,3920,65.5
5,Wheat - Hard Red Spring,BOLLES,2024,3063,64.8
5,Wheat - Hard Red Spring,BOLLES,2025,577,74.8
5,Wheat - Hard Red Spring,BRANDON AAC,2021,55636,50.4
5,Wheat - Hard Red Spring,BRANDON AAC,2022,62024,52.6
5,Wheat - Hard Red Spring,BRANDON AAC,2023,57890,52.9
5,Wheat - Hard Red Spring,BRANDON AAC,2024,45174,57.6
5,Wheat - Hard Red Spring,BRANDON AAC,2025,45127,67.0
5,Wheat - Hard Red Spring,BROADACRES AAC,2021,,
5,Wheat - Hard Red Spring,BROADACRES AAC,2022,,
5,Wheat - Hard Red Spring,BROADACRES AAC,2023,,
5,Wheat - Hard Red Spring,BROADACRES AAC,2024,,
5,Wheat - Hard Red Spring,BROADACRES AAC,2025,470,87.3
5,Wheat - Hard Red Spring,CAMERON AAC,2021,1184,52.0
5,Wheat - Hard Red Spring,CAMERON AAC,2022,665,56.3
5,Wheat - Hard Red Spring,CAMERON AAC,2023,2293,50.0
5,Wheat - Hard Red Spring,CAMERON AAC,2024,1591,49.6
5,Wheat - Hard Red Spring,CAMERON AAC,2025,1476,59.2
5,Wheat - Hard Red Spring,CARBERRY,2021,2373,44.6
5,Wheat - Hard Red Spring,CARBERRY,2022,3184,42.2
5,Wheat - Hard Red Spring,CARBERRY,2023,4682,38.3
5,Wheat - Hard Red Spring,CARBERRY,2024,6136,41.6
5,Wheat - Hard Red Spring,CARBERRY,2025,2757,52.7
5,Wheat - Hard Red Spring,HOCKLEY AAC,2021,,
5,Wheat - Hard Red Spring,HOCKLEY AAC,2022,,
5,Wheat - Hard Red Spring,HOCKLEY AAC,2023,9078,59.9
5,Wheat - Hard Red Spring,HOCKLEY AAC,2024,18771,62.2
5,Wheat - Hard Red Spring,HOCKLEY AAC,2025,28791,70.8
5,Wheat - Hard Red Spring,HODGE AAC VB,2021,,
5,Wheat - Hard Red Spring,HODGE AAC VB,2022,,
5,Wheat - Hard Red Spring,HODGE AAC VB,2023,4791,55.3
5,Wheat - Hard Red Spring,HODGE AAC VB,2024,21931,61.5
5,Wheat - Hard Red Spring,HODGE AAC VB,2025,21322,69.0
5,Wheat - Hard Red Spring,LANDMARK CDC,2021,9922,47.0
5,Wheat - Hard Red Spring,LANDMARK CDC,2022,6622,50.4
5,Wheat - Hard Red Spring,LANDMARK CDC,2023,5060,45.8
5,Wheat - Hard Red Spring,LANDMARK CDC,2024,1378,65.4
5,Wheat - Hard Red Spring,LANDMARK CDC,2025,1815,74.6
5,Wheat - Hard Red Spring,MANNESS SY,2021,,
5,Wheat - Hard Red Spring,MANNESS SY,2022,,
5,Wheat - Hard Red Spring,MANNESS SY,2023,,
5,Wheat - Hard Red Spring,MANNESS SY,2024,,
5,Wheat - Hard Red Spring,MANNESS SY,2025,824,73.7
5,Wheat - Hard Red Spring,PLENTIFUL CDC,2021,1929,43.0
5,Wheat - Hard Red Spring,PLENTIFUL CDC,2022,2234,39.4
5,Wheat - Hard Red Spring,PLENTIFUL CDC,2023,1658,42.3
5,Wheat - Hard Red Spring,PLENTIFUL CDC,2024,1133,50.8
5,Wheat - Hard Red Spring,PLENTIFUL CDC,2025,1032,57.4
5,Wheat - Hard Red Spring,REDBERRY AAC,2021,20653,46.6
5,Wheat - Hard Red Spring,REDBERRY AAC,2022,21332,44.3
5,Wheat - Hard Red Spring,REDBERRY AAC,2023,12141,43.3
5,Wheat - Hard Red Spring,REDBERRY AAC,2024,14137,48.8
5,Wheat - Hard Red Spring,REDBERRY AAC,2025,14482,58.7
5,Wheat - Hard Red Spring,STARBUCK AAC VB,2021,7907,52.1
5,Wheat - Hard Red Spring,STARBUCK AAC VB,2022,30342,56.2
5,Wheat - Hard Red Spring,STARBUCK AAC VB,2023,54210,52.4
5,Wheat - Hard Red Spring,STARBUCK AAC VB,2024,46722,55.5
5,Wheat - Hard Red Spring,STARBUCK AAC VB,2025,45855,65.0
5,Wheat - Hard Red Spring,STOUGHTON AAC,2021,,
5,Wheat - Hard Red Spring,STOUGHTON AAC,2022,,
5,Wheat - Hard Red Spring,STOUGHTON AAC,2023,,
5,Wheat - Hard Red Spring,STOUGHTON AAC,2024,,
5,Wheat - Hard Red Spring,STOUGHTON AAC,2025,619,83.1
5,Wheat - Hard Red Spring,SUPERB AC,2021,,
5,Wheat - Hard Red Spring,SUPERB AC,2022,,
5,Wheat - Hard Red Spring,SUPERB AC,2023,,
5,Wheat - Hard Red Spring,SUPERB AC,2024,855,47.5
5,Wheat - Hard Red Spring,SUPERB AC,2025,1029,65.4
5,Wheat - Hard Red Spring,VIEWFIELD AAC,2021,13662,52.3
5,Wheat - Hard Red Spring,VIEWFIELD AAC,2022,6724,45.8
5,Wheat - Hard Red Spring,VIEWFIELD AAC,2023,8988,47.7
5,Wheat - Hard Red Spring,VIEWFIELD AAC,2024,2079,55.8
5,Wheat - Hard Red Spring,VIEWFIELD AAC,2025,2502,62.5
5,Wheat - Hard Red Spring,WASKADA,2021,,
5,Wheat - Hard Red Spring,WASKADA,2022,,
5,Wheat - Hard Red Spring,WASKADA,2023,,
5,Wheat - Hard Red Spring,WASKADA,2024,445,33.0
5,Wheat - Hard Red Spring,WASKADA,2025,610,45.6
5,Wheat - Hard Red Spring,WESTKING AAC,2021,,
5,Wheat - Hard Red Spring,WESTKING AAC,2022,,
5,Wheat - Hard Red Spring,WESTKING AAC,2023,,
5,Wheat - Hard Red Spring,WESTKING AAC,2024,,
5,Wheat - Hard Red Spring,WESTKING AAC,2025,1348,87.9
5,Wheat - Hard Red Spring,WHEATLAND VB AAC,2021,4104,54.3
5,Wheat - Hard Red Spring,WHEATLAND VB AAC,2022,18125,57.8
5,Wheat - Hard Red Spring,WHEATLAND VB AAC,2023,33185,58.4
5,Wheat - Hard Red Spring,WHEATLAND VB AAC,2024,28736,64.5
5,Wheat - Hard Red Spring,WHEATLAND VB AAC,2025,36906,75.6
5,Canary Seed,CANTATE,2021,3036,939
5,Canary Seed,CANTATE,2022,5096,1759
5,Canary Seed,CANTATE,2023,1328,869
5,Canary Seed,CANTATE,2024,2305,1384
5,Canary Seed,CANTATE,2025,4542,1832
5,Canary Seed,KEET,2021,1310,1153
5,Canary Seed,KEET,2022,635,1585
5,Canary Seed,KEET,2023,1248,531
5,Canary Seed,KEET,2024,1490,910
5,Canary Seed,KEET,2025,1256,2374
5,Canary Seed,LUMIO CDC,2021,,
5,Canary Seed,LUMIO CDC,2022,1637,1700
5,Canary Seed,LUMIO CDC,2023,2233,542
5,Canary Seed,LUMIO CDC,2024,5440,1369
5,Canary Seed,LUMIO CDC,2025,4555,1847
5,Lentils - Large Green,GRIMM CDC,2021,,
5,Lentils - Large Green,GRIMM CDC,2022,,
5,Lentils - Large Green,GRIMM CDC,2023,,
5,Lentils - Large Green,GRIMM CDC,2024,,
5,Lentils - Large Green,GRIMM CDC,2025,2536,1955
5,Lentils - Large Green,LIMA CDC,2021,939,1519
5,Lentils - Large Green,LIMA CDC,2022,863,1464
5,Lentils - Large Green,LIMA CDC,2023,1036,1649
5,Lentils - Large Green,LIMA CDC,2024,2954,1347
5,Lentils - Large Green,LIMA CDC,2025,8179,2061
5,Lentils,- Other ESTON,2021,,
5,Lentils,- Other ESTON,2022,,
5,Lentils,- Other ESTON,2023,,
5,Lentils,- Other ESTON,2024,851,917
5,Lentils,- Other ESTON,2025,3727,1735
5,Lentils,IMVINCIBLE CDC CL,2021,1958,1411
5,Lentils,IMVINCIBLE CDC CL,2022,,
5,Lentils,IMVINCIBLE CDC CL,2023,,
5,Lentils,IMVINCIBLE CDC CL,2024,4170,1023
5,Lentils,IMVINCIBLE CDC CL,2025,1729,2132
5,Lentils,JIMINI CDC CL,2021,,
5,Lentils,JIMINI CDC CL,2022,,
5,Lentils,JIMINI CDC CL,2023,,
5,Lentils,JIMINI CDC CL,2024,,
5,Lentils,JIMINI CDC CL,2025,2859,3210
5,Lentils - Red,IMPULSE,2021,3665,1424
5,Lentils - Red,IMPULSE,2022,7026,1618
5,Lentils - Red,IMPULSE,2023,5293,1519
5,Lentils - Red,IMPULSE,2024,6367,1360
5,Lentils - Red,IMPULSE,2025,5090,1612
5,Lentils - Red,MAXIM CDC,2021,1417,1559
5,Lentils - Red,MAXIM CDC,2022,2186,1629
5,Lentils - Red,MAXIM CDC,2023,1794,1856
5,Lentils - Red,MAXIM CDC,2024,1269,1660
5,Lentils - Red,MAXIM CDC,2025,1880,1618
5,Lentils - Red,PROCLAIM CDC,2021,9738,1660
5,Lentils - Red,PROCLAIM CDC,2022,10916,1323
5,Lentils - Red,PROCLAIM CDC,2023,7437,1515
5,Lentils - Red,PROCLAIM CDC,2024,3787,1620
5,Lentils - Red,PROCLAIM CDC,2025,6112,2597
6,Barley,ADVANTAGE AB,2021,,
6,Barley,ADVANTAGE AB,2022,,
6,Barley,ADVANTAGE AB,2023,,
6,Barley,ADVANTAGE AB,2024,622,32.4
6,Barley,ADVANTAGE AB,2025,406,58.4
6,Barley,AUSTENSON CDC,2021,6661,20.3
6,Barley,AUSTENSON CDC,2022,7125,25.2
6,Barley,AUSTENSON CDC,2023,13110,22.8
6,Barley,AUSTENSON CDC,2024,10470,31.8
6,Barley,AUSTENSON CDC,2025,8917,49.0
6,Barley,CHAMPION,2021,621,32.5
6,Barley,CHAMPION,2022,980,42.3
6,Barley,CHAMPION,2023,1014,33.2
6,Barley,CHAMPION,2024,860,46.3
6,Barley,CHAMPION,2025,1056,51.6
6,Barley,COPELAND CDC,2021,7641,16.7
6,Barley,COPELAND CDC,2022,6453,39.0
6,Barley,COPELAND CDC,2023,5610,23.8
6,Barley,COPELAND CDC,2024,5834,42.1
6,Barley,COPELAND CDC,2025,4273,54.6
6,Barley,COWBOY CDC,2021,,
6,Barley,COWBOY CDC,2022,641,20.9
6,Barley,COWBOY CDC,2023,,
6,Barley,COWBOY CDC,2024,575,18.9
6,Barley,COWBOY CDC,2025,1069,26.3
6,Barley,FRASER CDC,2021,684,7.7
6,Barley,FRASER CDC,2022,607,23.6
6,Barley,FRASER CDC,2023,3031,35.1
6,Barley,FRASER CDC,2024,2413,53.6
6,Barley,FRASER CDC,2025,1286,77.1
6,Barley,MAVERICK CDC,2021,2770,25.1
6,Barley,MAVERICK CDC,2022,5255,28.2
6,Barley,MAVERICK CDC,2023,5315,32.3
6,Barley,MAVERICK CDC,2024,7398,39.6
6,Barley,MAVERICK CDC,2025,7154,35.4
6,Barley,RENEGADE CDC,2021,,
6,Barley,RENEGADE CDC,2022,,
6,Barley,RENEGADE CDC,2023,,
6,Barley,RENEGADE CDC,2024,2630,54.7
6,Barley,RENEGADE CDC,2025,2540,31.7
6,Barley,SYNERGY AAC,2021,13203,21.2
6,Barley,SYNERGY AAC,2022,15501,49.3
6,Barley,SYNERGY AAC,2023,20357,35.4
6,Barley,SYNERGY AAC,2024,18878,40.6
6,Barley,SYNERGY AAC,2025,18677,48.5
6,Canola/Rapeseed,BY 6211TF,2021,,
6,Canola/Rapeseed,BY 6211TF,2022,,
6,Canola/Rapeseed,BY 6211TF,2023,1254,23.1
6,Canola/Rapeseed,BY 6211TF,2024,,
6,Canola/Rapeseed,BY 6211TF,2025,1523,29.5
6,Canola/Rapeseed,BY 7204LL,2021,,
6,Canola/Rapeseed,BY 7204LL,2022,,
6,Canola/Rapeseed,BY 7204LL,2023,,
6,Canola/Rapeseed,BY 7204LL,2024,459,30.4
6,Canola/Rapeseed,BY 7204LL,2025,2715,39.7
6,Canola/Rapeseed,DK 801 LL,2021,,
6,Canola/Rapeseed,DK 801 LL,2022,,
6,Canola/Rapeseed,DK 801 LL,2023,,
6,Canola/Rapeseed,DK 801 LL,2024,,
6,Canola/Rapeseed,DK 801 LL,2025,4742,44.6
6,Canola/Rapeseed,DKTFLL 21 SC,2021,3243,17.8
6,Canola/Rapeseed,DKTFLL 21 SC,2022,933,31.1
6,Canola/Rapeseed,DKTFLL 21 SC,2023,5260,14.2
6,Canola/Rapeseed,DKTFLL 21 SC,2024,4246,17.1
6,Canola/Rapeseed,DKTFLL 21 SC,2025,674,45.0
6,Canola/Rapeseed,DK400TL,2021,,
6,Canola/Rapeseed,DK400TL,2022,,
6,Canola/Rapeseed,DK400TL,2023,,
6,Canola/Rapeseed,DK400TL,2024,655,7.7
6,Canola/Rapeseed,DK400TL,2025,3535,32.7
6,Canola/Rapeseed,DK401TK,2021,,
6,Canola/Rapeseed,DK401TK,2022,,
6,Canola/Rapeseed,DK401TK,2023,,
6,Canola/Rapeseed,DK401TK,2024,,
6,Canola/Rapeseed,DK401TK,2025,2421,37.4
6,Canola/Rapeseed,DK800LL,2021,,
6,Canola/Rapeseed,DK800LL,2022,,
6,Canola/Rapeseed,DK800LL,2023,,
6,Canola/Rapeseed,DK800LL,2024,558,18.8
6,Canola/Rapeseed,DK800LL,2025,1855,59.3
6,Canola/Rapeseed,LR354PC,2021,,
6,Canola/Rapeseed,LR354PC,2022,,
6,Canola/Rapeseed,LR354PC,2023,5054,17.4
6,Canola/Rapeseed,LR354PC,2024,2937,16.8
6,Canola/Rapeseed,LR354PC,2025,1330,44.8
6,Canola/Rapeseed,L233P,2021,134957,15.6
6,Canola/Rapeseed,L233P,2022,124083,24.6
6,Canola/Rapeseed,L233P,2023,93601,21.0
6,Canola/Rapeseed,L233P,2024,52360,16.9
6,Canola/Rapeseed,L233P,2025,39989,39.8
6,Canola/Rapeseed,L330PC,2021,,
6,Canola/Rapeseed,L330PC,2022,,
6,Canola/Rapeseed,L330PC,2023,,
6,Canola/Rapeseed,L330PC,2024,,
6,Canola/Rapeseed,L330PC,2025,14762,42.2
6,Canola/Rapeseed,L333PC,2021,,
6,Canola/Rapeseed,L333PC,2022,,
6,Canola/Rapeseed,L333PC,2023,,
6,Canola/Rapeseed,L333PC,2024,,
6,Canola/Rapeseed,L333PC,2025,8111,48.6
6,Canola/Rapeseed,L340PC,2021,12640,21.9
6,Canola/Rapeseed,L340PC,2022,64931,30.2
6,Canola/Rapeseed,L340PC,2023,104774,22.8
6,Canola/Rapeseed,L340PC,2024,171308,17.0
6,Canola/Rapeseed,L340PC,2025,172800,38.1
6,Canola/Rapeseed,L341PC,2021,,
6,Canola/Rapeseed,L341PC,2022,,
6,Canola/Rapeseed,L341PC,2023,,
6,Canola/Rapeseed,L341PC,2024,,
6,Canola/Rapeseed,L341PC,2025,2127,45.8
6,Canola/Rapeseed,L343PC,2021,,
6,Canola/Rapeseed,L343PC,2022,800,24.8
6,Canola/Rapeseed,L343PC,2023,2035,28.0
6,Canola/Rapeseed,L343PC,2024,1915,16.1
6,Canola/Rapeseed,L343PC,2025,540,44.8
6,Canola/Rapeseed,L345PC,2021,70309,16.6
6,Canola/Rapeseed,L345PC,2022,80131,26.4
6,Canola/Rapeseed,L345PC,2023,71165,20.1
6,Canola/Rapeseed,L345PC,2024,61251,19.7
6,Canola/Rapeseed,L345PC,2025,24257,36.9
6,Canola/Rapeseed,L356PC,2021,,
6,Canola/Rapeseed,L356PC,2022,,
6,Canola/Rapeseed,L356PC,2023,18275,27.7
6,Canola/Rapeseed,L356PC,2024,24072,18.7
6,Canola/Rapeseed,L356PC,2025,26893,39.7
6,Canola/Rapeseed,P1540L,2021,,
6,Canola/Rapeseed,P1540L,2022,,
6,Canola/Rapeseed,P1540L,2023,,
6,Canola/Rapeseed,P1540L,2024,,
6,Canola/Rapeseed,P1540L,2025,580,53.1
6,Canola/Rapeseed,P520L,2021,,
6,Canola/Rapeseed,P520L,2022,,
6,Canola/Rapeseed,P520L,2023,,
6,Canola/Rapeseed,P520L,2024,832,19.9
6,Canola/Rapeseed,P520L,2025,6445,38.7
6,Fall Rye,HAZLET,2021,,
6,Fall Rye,HAZLET,2022,1125,18.6
6,Fall Rye,HAZLET,2023,,
6,Fall Rye,HAZLET,2024,,
6,Fall Rye,HAZLET,2025,2990,24.3
6,Field Peas,ABERDEEN AAC,2021,,
6,Field Peas,ABERDEEN AAC,2022,410,31.1
6,Field Peas,ABERDEEN AAC,2023,,
6,Field Peas,ABERDEEN AAC,2024,,
6,Field Peas,ABERDEEN AAC,2025,2895,28.7
6,Field Peas,ACER,2021,,
6,Field Peas,ACER,2022,,
6,Field Peas,ACER,2023,,
6,Field Peas,ACER,2024,,
6,Field Peas,ACER,2025,1140,50.2
6,Field Peas,AMARILLO CDC,2021,5881,19.5
6,Field Peas,AMARILLO CDC,2022,2593,29.9
6,Field Peas,AMARILLO CDC,2023,3573,19.5
6,Field Peas,AMARILLO CDC,2024,3694,16.3
6,Field Peas,AMARILLO CDC,2025,2915,29.9
6,Field Peas,ARDILL AAC,2021,3151,33.7
6,Field Peas,ARDILL AAC,2022,6754,29.9
6,Field Peas,ARDILL AAC,2023,4503,22.0
6,Field Peas,ARDILL AAC,2024,7724,19.6
6,Field Peas,ARDILL AAC,2025,11516,36.3
6,Field Peas,BOOST PS,2021,,
6,Field Peas,BOOST PS,2022,,
6,Field Peas,BOOST PS,2023,,
6,Field Peas,BOOST PS,2024,,
6,Field Peas,BOOST PS,2025,1022,39.6
6,Field Peas,CARVER AAC,2021,875,6.5
6,Field Peas,CARVER AAC,2022,,
6,Field Peas,CARVER AAC,2023,,
6,Field Peas,CARVER AAC,2024,568,17.0
6,Field Peas,CARVER AAC,2025,1769,32.4
6,Field Peas,CHROME AAC,2021,2091,11.6
6,Field Peas,CHROME AAC,2022,4713,26.8
6,Field Peas,CHROME AAC,2023,1685,29.9
6,Field Peas,CHROME AAC,2024,2289,15.5
6,Field Peas,CHROME AAC,2025,905,35.0
6,Field Peas,CITRINE CDC,2021,,
6,Field Peas,CITRINE CDC,2022,,
6,Field Peas,CITRINE CDC,2023,,
6,Field Peas,CITRINE CDC,2024,,
6,Field Peas,CITRINE CDC,2025,520,43.1
6,Field Peas,FOREST CDC,2021,1705,24.5
6,Field Peas,FOREST CDC,2022,1401,42.1
6,Field Peas,FOREST CDC,2023,2710,30.0
6,Field Peas,FOREST CDC,2024,4024,21.9
6,Field Peas,FOREST CDC,2025,2920,51.4
6,Field Peas,GOLDEN CDC,2021,4613,12.2
6,Field Peas,GOLDEN CDC,2022,2444,19.7
6,Field Peas,GOLDEN CDC,2023,4819,21.6
6,Field Peas,GOLDEN CDC,2024,2164,17.7
6,Field Peas,GOLDEN CDC,2025,581,22.8
6,Field Peas,GREENWATER,2021,,
6,Field Peas,GREENWATER,2022,,
6,Field Peas,GREENWATER,2023,861,4.2
6,Field Peas,GREENWATER,2024,,
6,Field Peas,GREENWATER,2025,590,17.9
6,Field Peas,HICKIE CDC,2021,,
6,Field Peas,HICKIE CDC,2022,,
6,Field Peas,HICKIE CDC,2023,,
6,Field Peas,HICKIE CDC,2024,1151,13.8
6,Field Peas,HICKIE CDC,2025,1840,24.0
6,Field Peas,INCA CDC,2021,11348,21.5
6,Field Peas,INCA CDC,2022,8657,31.1
6,Field Peas,INCA CDC,2023,10973,24.7
6,Field Peas,INCA CDC,2024,8398,23.3
6,Field Peas,INCA CDC,2025,6229,42.3
6,Field Peas,JULIUS AAC,2021,,
6,Field Peas,JULIUS AAC,2022,,
6,Field Peas,JULIUS AAC,2023,,
6,Field Peas,JULIUS AAC,2024,600,27.4
6,Field Peas,JULIUS AAC,2025,1700,29.0
6,Field Peas,LEWOCHKO CDC,2021,,
6,Field Peas,LEWOCHKO CDC,2022,619,35.5
6,Field Peas,LEWOCHKO CDC,2023,1693,30.2
6,Field Peas,LEWOCHKO CDC,2024,1721,29.8
6,Field Peas,LEWOCHKO CDC,2025,1546,51.9
6,Field Peas,LIMERICK CDC,2021,,
6,Field Peas,LIMERICK CDC,2022,,
6,Field Peas,LIMERICK CDC,2023,980,15.3
6,Field Peas,LIMERICK CDC,2024,2581,15.7
6,Field Peas,LIMERICK CDC,2025,3234,14.8
6,Field Peas,MEADOW CDC,2021,20748,16.5
6,Field Peas,MEADOW CDC,2022,20720,25.0
6,Field Peas,MEADOW CDC,2023,21111,22.4
6,Field Peas,MEADOW CDC,2024,20384,18.8
6,Field Peas,MEADOW CDC,2025,27035,29.1
6,Field Peas,PATRICK CDC,2021,,
6,Field Peas,PATRICK CDC,2022,,
6,Field Peas,PATRICK CDC,2023,759,23.4
6,Field Peas,PATRICK CDC,2024,,
6,Field Peas,PATRICK CDC,2025,2049,20.5
6,Field Peas,SPRUCE CDC,2021,,
6,Field Peas,SPRUCE CDC,2022,,
6,Field Peas,SPRUCE CDC,2023,,
6,Field Peas,SPRUCE CDC,2024,,
6,Field Peas,SPRUCE CDC,2025,836,38.7
6,Field Peas,STRIKER CDC,2021,,
6,Field Peas,STRIKER CDC,2022,,
6,Field Peas,STRIKER CDC,2023,,
6,Field Peas,STRIKER CDC,2024,,
6,Field Peas,STRIKER CDC,2025,2048,38.4
6,Field Peas,TOLLEFSON CDC,2021,,
6,Field Peas,TOLLEFSON CDC,2022,,
6,Field Peas,TOLLEFSON CDC,2023,,
6,Field Peas,TOLLEFSON CDC,2024,,
6,Field Peas,TOLLEFSON CDC,2025,420,53.1
6,Flax,BETHUNE CDC,2021,7055,10.9
6,Flax,BETHUNE CDC,2022,5964,17.7
6,Flax,BETHUNE CDC,2023,2638,12.3
6,Flax,BETHUNE CDC,2024,2631,15.6
6,Flax,BETHUNE CDC,2025,1873,26.6
6,Flax,BRAVO AAC,2021,1501,6.8
6,Flax,BRAVO AAC,2022,1120,15.3
6,Flax,BRAVO AAC,2023,,
6,Flax,BRAVO AAC,2024,,
6,Flax,BRAVO AAC,2025,805,19.0
6,Flax,DORADO CDC,2021,762,10.7
6,Flax,DORADO CDC,2022,855,24.0
6,Flax,DORADO CDC,2023,,
6,Flax,DORADO CDC,2024,1460,13.7
6,Flax,DORADO CDC,2025,3555,26.3
6,Flax,GLAS CDC,2021,8129,14.2
6,Flax,GLAS CDC,2022,7890,20.9
6,Flax,GLAS CDC,2023,5100,16.0
6,Flax,GLAS CDC,2024,1119,8.7
6,Flax,GLAS CDC,2025,6965,29.3
6,Flax,ROWLAND CDC,2021,1269,8.5
6,Flax,ROWLAND CDC,2022,5879,18.0
6,Flax,ROWLAND CDC,2023,5161,14.4
6,Flax,ROWLAND CDC,2024,5452,11.1
6,Flax,ROWLAND CDC,2025,14142,30.3
6,Flax,SORREL CDC,2021,11286,10.9
6,Flax,SORREL CDC,2022,6971,18.3
6,Flax,SORREL CDC,2023,3897,7.7
6,Flax,SORREL CDC,2024,2353,10.9
6,Flax,SORREL CDC,2025,3526,27.9
6,Flax,TOPAZ,2021,5150,5.4
6,Flax,TOPAZ,2022,1299,8.4
6,Flax,TOPAZ,2023,1371,8.1
6,Flax,TOPAZ,2024,2460,6.7
6,Flax,TOPAZ,2025,4388,19.3
6,IP Canola/Rapeseed,B3018N,2021,,
6,IP Canola/Rapeseed,B3018N,2022,,
6,IP Canola/Rapeseed,B3018N,2023,,
6,IP Canola/Rapeseed,B3018N,2024,,
6,IP Canola/Rapeseed,B3018N,2025,510,27.7
6,IP Canola/Rapeseed,L358HPC,2021,,
6,IP Canola/Rapeseed,L358HPC,2022,,
6,IP Canola/Rapeseed,L358HPC,2023,,
6,IP Canola/Rapeseed,L358HPC,2024,7019,16.1
6,IP Canola/Rapeseed,L358HPC,2025,7853,33.4
6,Khorasan wheat/Kamut brand,KHORASAN,2021,1741,14.1
6,Khorasan wheat/Kamut brand,KHORASAN,2022,4215,15.3
6,Khorasan wheat/Kamut brand,KHORASAN,2023,3876,10.0
6,Khorasan wheat/Kamut brand,KHORASAN,2024,1775,21.5
6,Khorasan wheat/Kamut brand,KHORASAN,2025,1331,28.3
6,Mustard - Brown,CENTENNIAL BROWN,2021,2050,4.9
6,Mustard - Brown,CENTENNIAL BROWN,2022,7537,12.8
6,Mustard - Brown,CENTENNIAL BROWN,2023,9262,9.9
6,Mustard - Brown,CENTENNIAL BROWN,2024,3029,9.0
6,Mustard - Brown,CENTENNIAL BROWN,2025,1347,12.1
6,Mustard - Yellow,ANDANTE,2021,4754,7.6
6,Mustard - Yellow,ANDANTE,2022,7201,11.5
6,Mustard - Yellow,ANDANTE,2023,4612,10.1
6,Mustard - Yellow,ANDANTE,2024,11083,6.6
6,Mustard - Yellow,ANDANTE,2025,6971,19.3
6,Mustard - Yellow,YELLOW 80 AAC,2021,,
6,Mustard - Yellow,YELLOW 80 AAC,2022,750,10.9
6,Mustard - Yellow,YELLOW 80 AAC,2023,1630,10.1
6,Mustard - Yellow,YELLOW 80 AAC,2024,3937,10.4
6,Mustard - Yellow,YELLOW 80 AAC,2025,2186,12.3
6,Oats,ARBORG CDC,2021,509,34.6
6,Oats,ARBORG CDC,2022,3083,46.6
6,Oats,ARBORG CDC,2023,999,33.2
6,Oats,ARBORG CDC,2024,972,25.4
6,Oats,ARBORG CDC,2025,1018,83.9
6,Oats,DANCER CDC,2021,601,37.5
6,Oats,DANCER CDC,2022,2922,45.1
6,Oats,DANCER CDC,2023,460,37.0
6,Oats,DANCER CDC,2024,,
6,Oats,DANCER CDC,2025,1020,83.3
6,Oats,HAYMAKER CDC,2021,,
6,Oats,HAYMAKER CDC,2022,1195,37.6
6,Oats,HAYMAKER CDC,2023,457,37.8
6,Oats,HAYMAKER CDC,2024,874,30.2
6,Oats,HAYMAKER CDC,2025,1054,88.1
6,Oats,MORGAN AC,2021,,
6,Oats,MORGAN AC,2022,,
6,Oats,MORGAN AC,2023,,
6,Oats,MORGAN AC,2024,,
6,Oats,MORGAN AC,2025,435,75.1
6,Wheat,- Canada Prairie ANDREW AC,2021,,
6,Wheat,- Canada Prairie ANDREW AC,2022,,
6,Wheat,- Canada Prairie ANDREW AC,2023,808,22.9
6,Wheat,- Canada Prairie ANDREW AC,2024,1546,19.3
6,Wheat,- Canada Prairie ANDREW AC,2025,2833,36.4
6,Wheat,AWESOME VB AAC,2021,,
6,Wheat,AWESOME VB AAC,2022,,
6,Wheat,AWESOME VB AAC,2023,,
6,Wheat,AWESOME VB AAC,2024,,
6,Wheat,AWESOME VB AAC,2025,586,44.8
6,Wheat,PARAMOUNT AAC,2021,,
6,Wheat,PARAMOUNT AAC,2022,,
6,Wheat,PARAMOUNT AAC,2023,1720,14.0
6,Wheat,PARAMOUNT AAC,2024,849,19.1
6,Wheat,PARAMOUNT AAC,2025,709,28.0
6,Wheat,SADASH,2021,1334,18.7
6,Wheat,SADASH,2022,1806,42.0
6,Wheat,SADASH,2023,2297,30.9
6,Wheat,SADASH,2024,3922,33.1
6,Wheat,SADASH,2025,2605,49.1
6,Wheat - Durum,ALLOY CDC,2021,35424,16.2
6,Wheat - Durum,ALLOY CDC,2022,61172,34.2
6,Wheat - Durum,ALLOY CDC,2023,57227,22.8
6,Wheat - Durum,ALLOY CDC,2024,48158,19.7
6,Wheat - Durum,ALLOY CDC,2025,42470,30.8
6,Wheat - Durum,BRIGADE,2021,40174,30.2
6,Wheat - Durum,BRIGADE,2022,38973,37.5
6,Wheat - Durum,BRIGADE,2023,35513,26.4
6,Wheat - Durum,BRIGADE,2024,18924,33.1
6,Wheat - Durum,BRIGADE,2025,14887,39.9
6,Wheat - Durum,COMMANDER,2021,8041,42.8
6,Wheat - Durum,COMMANDER,2022,10237,42.2
6,Wheat - Durum,COMMANDER,2023,10088,39.3
6,Wheat - Durum,COMMANDER,2024,10621,26.3
6,Wheat - Durum,COMMANDER,2025,10247,70.0
6,Wheat - Durum,CONGRESS AAC,2021,18632,18.9
6,Wheat - Durum,CONGRESS AAC,2022,24451,37.5
6,Wheat - Durum,CONGRESS AAC,2023,11304,31.9
6,Wheat - Durum,CONGRESS AAC,2024,11740,28.4
6,Wheat - Durum,CONGRESS AAC,2025,5792,41.0
6,Wheat - Durum,COVERT CDC,2021,,
6,Wheat - Durum,COVERT CDC,2022,,
6,Wheat - Durum,COVERT CDC,2023,,
6,Wheat - Durum,COVERT CDC,2024,4716,30.3
6,Wheat - Durum,COVERT CDC,2025,3689,42.4
6,Wheat - Durum,CREDENCE CDC,2021,1765,24.5
6,Wheat - Durum,CREDENCE CDC,2022,2741,44.6
6,Wheat - Durum,CREDENCE CDC,2023,4379,29.6
6,Wheat - Durum,CREDENCE CDC,2024,550,44.3
6,Wheat - Durum,CREDENCE CDC,2025,1380,31.9
6,Wheat - Durum,CURRENT AAC,2021,5788,18.0
6,Wheat - Durum,CURRENT AAC,2022,4268,38.8
6,Wheat - Durum,CURRENT AAC,2023,5317,25.9
6,Wheat - Durum,CURRENT AAC,2024,5880,18.7
6,Wheat - Durum,CURRENT AAC,2025,4815,28.5
6,Wheat - Durum,DEFY CDC,2021,2725,26.7
6,Wheat - Durum,DEFY CDC,2022,13929,51.8
6,Wheat - Durum,DEFY CDC,2023,69308,36.1
6,Wheat - Durum,DEFY CDC,2024,195486,28.7
6,Wheat - Durum,DEFY CDC,2025,209078,44.2
6,Wheat - Durum,DONLOW AAC,2021,1654,7.1
6,Wheat - Durum,DONLOW AAC,2022,2931,30.8
6,Wheat - Durum,DONLOW AAC,2023,15144,19.9
6,Wheat - Durum,DONLOW AAC,2024,27164,24.8
6,Wheat - Durum,DONLOW AAC,2025,25282,38.8
6,Wheat - Durum,DYNAMIC CDC,2021,,
6,Wheat - Durum,DYNAMIC CDC,2022,,
6,Wheat - Durum,DYNAMIC CDC,2023,1850,17.1
6,Wheat - Durum,DYNAMIC CDC,2024,992,34.7
6,Wheat - Durum,DYNAMIC CDC,2025,2516,33.0
6,Wheat - Durum,EVIDENT CDC,2021,,
6,Wheat - Durum,EVIDENT CDC,2022,,
6,Wheat - Durum,EVIDENT CDC,2023,,
6,Wheat - Durum,EVIDENT CDC,2024,,
6,Wheat - Durum,EVIDENT CDC,2025,7016,49.5
6,Wheat - Durum,FLARE CDC,2021,,
6,Wheat - Durum,FLARE CDC,2022,1249,33.8
6,Wheat - Durum,FLARE CDC,2023,3555,21.0
6,Wheat - Durum,FLARE CDC,2024,14380,26.4
6,Wheat - Durum,FLARE CDC,2025,12265,29.9
6,Wheat - Durum,FORTITUDE CDC,2021,5548,10.5
6,Wheat - Durum,FORTITUDE CDC,2022,5983,24.7
6,Wheat - Durum,FORTITUDE CDC,2023,4109,21.4
6,Wheat - Durum,FORTITUDE CDC,2024,4742,26.4
6,Wheat - Durum,FORTITUDE CDC,2025,4164,39.3
6,Wheat - Durum,GRAINLAND AAC,2021,10360,10.5
6,Wheat - Durum,GRAINLAND AAC,2022,22328,26.2
6,Wheat - Durum,GRAINLAND AAC,2023,34528,17.4
6,Wheat - Durum,GRAINLAND AAC,2024,46095,22.1
6,Wheat - Durum,GRAINLAND AAC,2025,43126,31.3
6,Wheat - Durum,KYLE,2021,2507,23.3
6,Wheat - Durum,KYLE,2022,2801,21.8
6,Wheat - Durum,KYLE,2023,4139,13.6
6,Wheat - Durum,KYLE,2024,1968,20.3
6,Wheat - Durum,KYLE,2025,5147,25.3
6,Wheat - Durum,PRECISION CDC,2021,60745,22.7
6,Wheat - Durum,PRECISION CDC,2022,69639,38.6
6,Wheat - Durum,PRECISION CDC,2023,70157,23.6
6,Wheat - Durum,PRECISION CDC,2024,49503,22.5
6,Wheat - Durum,PRECISION CDC,2025,40198,36.9
6,Wheat - Durum,RAYMORE AAC,2021,,
6,Wheat - Durum,RAYMORE AAC,2022,1634,22.4
6,Wheat - Durum,RAYMORE AAC,2023,970,12.6
6,Wheat - Durum,RAYMORE AAC,2024,,
6,Wheat - Durum,RAYMORE AAC,2025,766,24.2
6,Wheat - Durum,SCHRADER AAC,2021,,
6,Wheat - Durum,SCHRADER AAC,2022,,
6,Wheat - Durum,SCHRADER AAC,2023,1370,17.7
6,Wheat - Durum,SCHRADER AAC,2024,4915,21.5
6,Wheat - Durum,SCHRADER AAC,2025,4287,35.5
6,Wheat - Durum,SPITFIRE AAC,2021,23134,23.4
6,Wheat - Durum,SPITFIRE AAC,2022,18382,36.8
6,Wheat - Durum,SPITFIRE AAC,2023,20437,25.9
6,Wheat - Durum,SPITFIRE AAC,2024,19719,23.5
6,Wheat - Durum,SPITFIRE AAC,2025,11188,27.6
6,Wheat - Durum,STRONGFIELD,2021,9347,12.9
6,Wheat - Durum,STRONGFIELD,2022,11616,26.0
6,Wheat - Durum,STRONGFIELD,2023,7083,17.9
6,Wheat - Durum,STRONGFIELD,2024,3737,22.1
6,Wheat - Durum,STRONGFIELD,2025,12940,29.6
6,Wheat - Durum,STRONGHOLD AAC,2021,6566,9.5
6,Wheat - Durum,STRONGHOLD AAC,2022,13157,33.3
6,Wheat - Durum,STRONGHOLD AAC,2023,10275,18.4
6,Wheat - Durum,STRONGHOLD AAC,2024,28887,20.4
6,Wheat - Durum,STRONGHOLD AAC,2025,29023,32.1
6,Wheat - Durum,SUCCEED AAC VB,2021,5804,30.6
6,Wheat - Durum,SUCCEED AAC VB,2022,5153,63.4
6,Wheat - Durum,SUCCEED AAC VB,2023,5155,30.2
6,Wheat - Durum,SUCCEED AAC VB,2024,5785,25.3
6,Wheat - Durum,SUCCEED AAC VB,2025,4619,31.7
6,Wheat - Durum,TRANSCEND,2021,232929,12.4
6,Wheat - Durum,TRANSCEND,2022,298544,26.6
6,Wheat - Durum,TRANSCEND,2023,242693,18.5
6,Wheat - Durum,TRANSCEND,2024,219997,19.8
6,Wheat - Durum,TRANSCEND,2025,181511,26.5
6,Wheat - Durum,VANTTA CDC,2021,,
6,Wheat - Durum,VANTTA CDC,2022,,
6,Wheat - Durum,VANTTA CDC,2023,790,20.5
6,Wheat - Durum,VANTTA CDC,2024,1854,29.0
6,Wheat - Durum,VANTTA CDC,2025,8575,46.3
6,Wheat - Durum,VERONA CDC,2021,6483,18.9
6,Wheat - Durum,VERONA CDC,2022,3863,41.2
6,Wheat - Durum,VERONA CDC,2023,4926,32.0
6,Wheat - Durum,VERONA CDC,2024,1434,30.6
6,Wheat - Durum,VERONA CDC,2025,966,25.5
6,Wheat - Durum,WEYBURN VB AAC,2021,,
6,Wheat - Durum,WEYBURN VB AAC,2022,,
6,Wheat - Durum,WEYBURN VB AAC,2023,4718,27.7
6,Wheat - Durum,WEYBURN VB AAC,2024,7768,29.5
6,Wheat - Durum,WEYBURN VB AAC,2025,7834,43.7
6,Wheat - Durum,WISETON CDC,2021,,
6,Wheat - Durum,WISETON CDC,2022,,
6,Wheat - Durum,WISETON CDC,2023,,
6,Wheat - Durum,WISETON CDC,2024,,
6,Wheat - Durum,WISETON CDC,2025,465,40.7
6,Wheat - Hard Red Spring,ADAMANT,2021,3024,22.2
6,Wheat - Hard Red Spring,ADAMANT,2022,5503,26.9
6,Wheat - Hard Red Spring,ADAMANT,2023,2602,18.2
6,Wheat - Hard Red Spring,ADAMANT,2024,2844,18.6
6,Wheat - Hard Red Spring,ADAMANT,2025,480,26.9
6,Wheat - Hard Red Spring,BRANDON AAC,2021,6734,21.1
6,Wheat - Hard Red Spring,BRANDON AAC,2022,10184,30.0
6,Wheat - Hard Red Spring,BRANDON AAC,2023,9558,27.2
6,Wheat - Hard Red Spring,BRANDON AAC,2024,10526,29.4
6,Wheat - Hard Red Spring,BRANDON AAC,2025,9505,33.1
6,Wheat - Hard Red Spring,HOCKLEY AAC,2021,,
6,Wheat - Hard Red Spring,HOCKLEY AAC,2022,,
6,Wheat - Hard Red Spring,HOCKLEY AAC,2023,1395,20.5
6,Wheat - Hard Red Spring,HOCKLEY AAC,2024,,
6,Wheat - Hard Red Spring,HOCKLEY AAC,2025,4301,28.7
6,Wheat - Hard Red Spring,LANDMARK CDC,2021,2548,7.3
6,Wheat - Hard Red Spring,LANDMARK CDC,2022,6854,20.2
6,Wheat - Hard Red Spring,LANDMARK CDC,2023,3475,30.5
6,Wheat - Hard Red Spring,LANDMARK CDC,2024,3613,26.6
6,Wheat - Hard Red Spring,LANDMARK CDC,2025,3515,13.6
6,Wheat - Hard Red Spring,PLENTIFUL CDC,2021,1611,13.9
6,Wheat - Hard Red Spring,PLENTIFUL CDC,2022,3342,24.2
6,Wheat - Hard Red Spring,PLENTIFUL CDC,2023,1644,21.4
6,Wheat - Hard Red Spring,PLENTIFUL CDC,2024,1048,20.3
6,Wheat - Hard Red Spring,PLENTIFUL CDC,2025,622,18.7
6,Wheat - Hard Red Spring,REDNET,2021,738,22.3
6,Wheat - Hard Red Spring,REDNET,2022,1264,26.4
6,Wheat - Hard Red Spring,REDNET,2023,1010,18.1
6,Wheat - Hard Red Spring,REDNET,2024,666,22.3
6,Wheat - Hard Red Spring,REDNET,2025,808,26.4
6,Wheat - Hard Red Spring,TISDALE AAC,2021,,
6,Wheat - Hard Red Spring,TISDALE AAC,2022,,
6,Wheat - Hard Red Spring,TISDALE AAC,2023,515,26.7
6,Wheat - Hard Red Spring,TISDALE AAC,2024,1397,19.9
6,Wheat - Hard Red Spring,TISDALE AAC,2025,1803,26.6
6,Wheat - Hard Red Spring,UTMOST CDC,2021,3767,24.8
6,Wheat - Hard Red Spring,UTMOST CDC,2022,4087,23.0
6,Wheat - Hard Red Spring,UTMOST CDC,2023,3746,19.6
6,Wheat - Hard Red Spring,UTMOST CDC,2024,2275,18.4
6,Wheat - Hard Red Spring,UTMOST CDC,2025,3034,18.8
6,Wheat - Hard Red Spring,VIEWFIELD AAC,2021,2436,13.1
6,Wheat - Hard Red Spring,VIEWFIELD AAC,2022,7695,27.0
6,Wheat - Hard Red Spring,VIEWFIELD AAC,2023,7015,13.5
6,Wheat - Hard Red Spring,VIEWFIELD AAC,2024,5462,23.1
6,Wheat - Hard Red Spring,VIEWFIELD AAC,2025,5513,30.9
6,Wheat - Hard Red Spring,WASKADA,2021,591,30.5
6,Wheat - Hard Red Spring,WASKADA,2022,1270,23.6
6,Wheat - Hard Red Spring,WASKADA,2023,1507,18.4
6,Wheat - Hard Red Spring,WASKADA,2024,1326,22.5
6,Wheat - Hard Red Spring,WASKADA,2025,1273,29.3
6,Wheat - Winter,COLDFRONT AAC,2021,,
6,Wheat - Winter,COLDFRONT AAC,2022,,
6,Wheat - Winter,COLDFRONT AAC,2023,,
6,Wheat - Winter,COLDFRONT AAC,2024,,
6,Wheat - Winter,COLDFRONT AAC,2025,3465,32.6
6,Wheat - Winter,GOLDRUSH AAC,2021,,
6,Wheat - Winter,GOLDRUSH AAC,2022,,
6,Wheat - Winter,GOLDRUSH AAC,2023,,
6,Wheat - Winter,GOLDRUSH AAC,2024,409,42.2
6,Wheat - Winter,GOLDRUSH AAC,2025,920,42.3
6,Canary Seed,CANTATE,2021,860,1426
6,Canary Seed,CANTATE,2022,1658,1953
6,Canary Seed,CANTATE,2023,1757,1517
6,Canary Seed,CANTATE,2024,3666,1658
6,Canary Seed,CANTATE,2025,2798,1369
6,Canary Seed,LUMIO CDC,2021,,
6,Canary Seed,LUMIO CDC,2022,,
6,Canary Seed,LUMIO CDC,2023,521,1327
6,Canary Seed,LUMIO CDC,2024,,
6,Canary Seed,LUMIO CDC,2025,1454,1649
6,Chickpea,- Large Kabuli FRONTIER CDC,2021,,
6,Chickpea,- Large Kabuli FRONTIER CDC,2022,,
6,Chickpea,- Large Kabuli FRONTIER CDC,2023,,
6,Chickpea,- Large Kabuli FRONTIER CDC,2024,,
6,Chickpea,- Large Kabuli FRONTIER CDC,2025,420,1605
6,Chickpea,LANCER CDC,2021,,
6,Chickpea,LANCER CDC,2022,1535,1594
6,Chickpea,LANCER CDC,2023,2939,1484
6,Chickpea,LANCER CDC,2024,4505,1109
6,Chickpea,LANCER CDC,2025,4772,2917
6,Chickpea,LEADER CDC,2021,24423,1008
6,Chickpea,LEADER CDC,2022,36815,1578
6,Chickpea,LEADER CDC,2023,30742,1351
6,Chickpea,LEADER CDC,2024,54082,939
6,Chickpea,LEADER CDC,2025,35527,2178
6,Chickpea,ORION CDC,2021,4815,582
6,Chickpea,ORION CDC,2022,3215,1327
6,Chickpea,ORION CDC,2023,2840,1645
6,Chickpea,ORION CDC,2024,1630,564
6,Chickpea,ORION CDC,2025,1283,2701
6,Chickpea,ORKNEY CDC,2021,,
6,Chickpea,ORKNEY CDC,2022,,
6,Chickpea,ORKNEY CDC,2023,2115,1517
6,Chickpea,ORKNEY CDC,2024,5394,1003
6,Chickpea,ORKNEY CDC,2025,8994,2873
6,Chickpea,PASQUA CDC,2021,,
6,Chickpea,PASQUA CDC,2022,,
6,Chickpea,PASQUA CDC,2023,,
6,Chickpea,PASQUA CDC,2024,2589,1127
6,Chickpea,PASQUA CDC,2025,13896,2313
6,Chickpea,- Small Kabuli AMIT (B90),2021,,
6,Chickpea,- Small Kabuli AMIT (B90),2022,,
6,Chickpea,- Small Kabuli AMIT (B90),2023,,
6,Chickpea,- Small Kabuli AMIT (B90),2024,2418,765
6,Chickpea,- Small Kabuli AMIT (B90),2025,879,2090
6,Chickpea,PEARL,2021,,
6,Chickpea,PEARL,2022,,
6,Chickpea,PEARL,2023,,
6,Chickpea,PEARL,2024,3652,1224
6,Chickpea,PEARL,2025,4459,1817
6,Coriander,MAJOR CDC,2021,,
6,Coriander,MAJOR CDC,2022,,
6,Coriander,MAJOR CDC,2023,,
6,Coriander,MAJOR CDC,2024,,
6,Coriander,MAJOR CDC,2025,2275,1466
6,Lentils - Large Green,GREENLAND CDC,2021,46859,507
6,Lentils - Large Green,GREENLAND CDC,2022,40437,796
6,Lentils - Large Green,GREENLAND CDC,2023,32958,608
6,Lentils - Large Green,GREENLAND CDC,2024,38690,708
6,Lentils - Large Green,GREENLAND CDC,2025,39293,1281
6,Lentils - Large Green,GREENSTAR CDC,2021,62661,602
6,Lentils - Large Green,GREENSTAR CDC,2022,64911,1041
6,Lentils - Large Green,GREENSTAR CDC,2023,73579,787
6,Lentils - Large Green,GREENSTAR CDC,2024,84254,701
6,Lentils - Large Green,GREENSTAR CDC,2025,85807,1693
6,Lentils - Large Green,GRIMM CDC,2021,,
6,Lentils - Large Green,GRIMM CDC,2022,,
6,Lentils - Large Green,GRIMM CDC,2023,978,783
6,Lentils - Large Green,GRIMM CDC,2024,3089,619
6,Lentils - Large Green,GRIMM CDC,2025,16140,1468
6,Lentils - Large Green,IMPOWER CDC CL,2021,14360,600
6,Lentils - Large Green,IMPOWER CDC CL,2022,8442,745
6,Lentils - Large Green,IMPOWER CDC CL,2023,6947,694
6,Lentils - Large Green,IMPOWER CDC CL,2024,10025,767
6,Lentils - Large Green,IMPOWER CDC CL,2025,6155,1314
6,Lentils - Large Green,IMPROVE CDC,2021,,
6,Lentils - Large Green,IMPROVE CDC,2022,830,913
6,Lentils - Large Green,IMPROVE CDC,2023,,
6,Lentils - Large Green,IMPROVE CDC,2024,1548,483
6,Lentils - Large Green,IMPROVE CDC,2025,2481,833
6,Lentils - Large Green,LAIRD,2021,1049,847
6,Lentils - Large Green,LAIRD,2022,,
6,Lentils - Large Green,LAIRD,2023,1039,359
6,Lentils - Large Green,LAIRD,2024,,
6,Lentils - Large Green,LAIRD,2025,905,2211
6,Lentils - Large Green,LIMA CDC,2021,11761,880
6,Lentils - Large Green,LIMA CDC,2022,19181,1190
6,Lentils - Large Green,LIMA CDC,2023,39700,780
6,Lentils - Large Green,LIMA CDC,2024,52161,825
6,Lentils - Large Green,LIMA CDC,2025,86822,1418
6,Lentils,- Other BELUGA,2021,1076,161
6,Lentils,- Other BELUGA,2022,2619,154
6,Lentils,- Other BELUGA,2023,525,441
6,Lentils,- Other BELUGA,2024,1150,798
6,Lentils,- Other BELUGA,2025,1376,309
6,Lentils,ESTON,2021,2978,994
6,Lentils,ESTON,2022,4108,1030
6,Lentils,ESTON,2023,2595,1323
6,Lentils,ESTON,2024,8842,813
6,Lentils,ESTON,2025,11280,1744
6,Lentils,IMPRESS CL CDC,2021,5365,511
6,Lentils,IMPRESS CL CDC,2022,3030,1164
6,Lentils,IMPRESS CL CDC,2023,6124,1296
6,Lentils,IMPRESS CL CDC,2024,4353,968
6,Lentils,IMPRESS CL CDC,2025,5086,1008
6,Lentils,IMVINCIBLE CDC CL,2021,17654,1268
6,Lentils,IMVINCIBLE CDC CL,2022,21807,1199
6,Lentils,IMVINCIBLE CDC CL,2023,32157,1305
6,Lentils,IMVINCIBLE CDC CL,2024,42403,990
6,Lentils,IMVINCIBLE CDC CL,2025,39101,1722
6,Lentils,JIMINI CDC CL,2021,,
6,Lentils,JIMINI CDC CL,2022,,
6,Lentils,JIMINI CDC CL,2023,,
6,Lentils,JIMINI CDC CL,2024,13855,922
6,Lentils,JIMINI CDC CL,2025,47240,1986
6,Lentils,KERMIT CDC,2021,2316,653
6,Lentils,KERMIT CDC,2022,9896,869
6,Lentils,KERMIT CDC,2023,13981,1087
6,Lentils,KERMIT CDC,2024,9258,756
6,Lentils,KERMIT CDC,2025,12931,1750
6,Lentils,MARBLE CDC,2021,,
6,Lentils,MARBLE CDC,2022,,
6,Lentils,MARBLE CDC,2023,975,1235
6,Lentils,MARBLE CDC,2024,462,110
6,Lentils,MARBLE CDC,2025,579,320
6,Lentils,PERIDOT CDC CL,2021,404,99
6,Lentils,PERIDOT CDC CL,2022,,
6,Lentils,PERIDOT CDC CL,2023,2338,745
6,Lentils,PERIDOT CDC CL,2024,903,522
6,Lentils,PERIDOT CDC CL,2025,946,1230
6,Lentils,VICEROY CDC,2021,3759,157
6,Lentils,VICEROY CDC,2022,2830,983
6,Lentils,VICEROY CDC,2023,7118,860
6,Lentils,VICEROY CDC,2024,6634,888
6,Lentils,VICEROY CDC,2025,5520,1208
6,Lentils - Red,DAZIL CDC,2021,6101,602
6,Lentils - Red,DAZIL CDC,2022,4278,1082
6,Lentils - Red,DAZIL CDC,2023,2844,617
6,Lentils - Red,DAZIL CDC,2024,1802,430
6,Lentils - Red,DAZIL CDC,2025,635,1268
6,Lentils - Red,IMPACT CDC,2021,2784,1750
6,Lentils - Red,IMPACT CDC,2022,,
6,Lentils - Red,IMPACT CDC,2023,,
6,Lentils - Red,IMPACT CDC,2024,1518,1279
6,Lentils - Red,IMPACT CDC,2025,1916,1340
6,Lentils - Red,IMPULSE,2021,26262,584
6,Lentils - Red,IMPULSE,2022,35014,1087
6,Lentils - Red,IMPULSE,2023,26552,1021
6,Lentils - Red,IMPULSE,2024,26364,862
6,Lentils - Red,IMPULSE,2025,18563,1578
6,Lentils - Red,MAXIM CDC,2021,26525,653
6,Lentils - Red,MAXIM CDC,2022,31200,794
6,Lentils - Red,MAXIM CDC,2023,18764,825
6,Lentils - Red,MAXIM CDC,2024,13304,637
6,Lentils - Red,MAXIM CDC,2025,11091,1343
6,Lentils - Red,NIMBLE,2021,1811,996
6,Lentils - Red,NIMBLE,2022,1373,1087
6,Lentils - Red,NIMBLE,2023,2421,705
6,Lentils - Red,NIMBLE,2024,1608,1149
6,Lentils - Red,NIMBLE,2025,6515,2341
6,Lentils - Red,PROCLAIM CDC,2021,9665,1195
6,Lentils - Red,PROCLAIM CDC,2022,7854,1349
6,Lentils - Red,PROCLAIM CDC,2023,6733,1208
6,Lentils - Red,PROCLAIM CDC,2024,3973,1129
6,Lentils - Red,PROCLAIM CDC,2025,8955,1532
6,Lentils - Red,REDMOON,2021,2501,459
6,Lentils - Red,REDMOON,2022,,
6,Lentils - Red,REDMOON,2023,3961,732
6,Lentils - Red,REDMOON,2024,887,679
6,Lentils - Red,REDMOON,2025,1631,2017
6,Lentils - Red,SIMMIE CDC,2021,489,926
6,Lentils - Red,SIMMIE CDC,2022,3279,811
6,Lentils - Red,SIMMIE CDC,2023,4312,800
6,Lentils - Red,SIMMIE CDC,2024,7466,853
6,Lentils - Red,SIMMIE CDC,2025,7890,1367
7,Barley,ADVANTAGE AB,2021,,
7,Barley,ADVANTAGE AB,2022,475,70.8
7,Barley,ADVANTAGE AB,2023,813,74.7
7,Barley,ADVANTAGE AB,2024,514,50.1
7,Barley,ADVANTAGE AB,2025,1629,69.2
7,Barley,AUSTENSON CDC,2021,9610,48.5
7,Barley,AUSTENSON CDC,2022,6234,80.0
7,Barley,AUSTENSON CDC,2023,10227,65.9
7,Barley,AUSTENSON CDC,2024,6846,76.4
7,Barley,AUSTENSON CDC,2025,4040,87.2
7,Barley,CATTLELAC AB,2021,,
7,Barley,CATTLELAC AB,2022,,
7,Barley,CATTLELAC AB,2023,1439,67.6
7,Barley,CATTLELAC AB,2024,1027,76.1
7,Barley,CATTLELAC AB,2025,630,100.0
7,Barley,CHURCHILL CDC,2021,,
7,Barley,CHURCHILL CDC,2022,,
7,Barley,CHURCHILL CDC,2023,,
7,Barley,CHURCHILL CDC,2024,,
7,Barley,CHURCHILL CDC,2025,702,117.2
7,Barley,CLAYMORE,2021,2797,65.7
7,Barley,CLAYMORE,2022,511,65.8
7,Barley,CLAYMORE,2023,764,51.4
7,Barley,CLAYMORE,2024,1080,64.8
7,Barley,CLAYMORE,2025,759,74.1
7,Barley,CONNECT AAC,2021,2515,59.7
7,Barley,CONNECT AAC,2022,1822,82.6
7,Barley,CONNECT AAC,2023,4035,75.5
7,Barley,CONNECT AAC,2024,4081,98.6
7,Barley,CONNECT AAC,2025,2698,92.2
7,Barley,COPELAND CDC,2021,12957,55.6
7,Barley,COPELAND CDC,2022,8211,71.3
7,Barley,COPELAND CDC,2023,7856,71.2
7,Barley,COPELAND CDC,2024,5024,71.4
7,Barley,COPELAND CDC,2025,4759,90.7
7,Barley,FRASER CDC,2021,,
7,Barley,FRASER CDC,2022,,
7,Barley,FRASER CDC,2023,,
7,Barley,FRASER CDC,2024,,
7,Barley,FRASER CDC,2025,413,110.0
7,Barley,MAVERICK CDC,2021,3946,41.4
7,Barley,MAVERICK CDC,2022,4060,53.5
7,Barley,MAVERICK CDC,2023,2596,46.9
7,Barley,MAVERICK CDC,2024,1030,43.0
7,Barley,MAVERICK CDC,2025,501,70.7
7,Barley,SYNERGY AAC,2021,27028,62.6
7,Barley,SYNERGY AAC,2022,17320,81.9
7,Barley,SYNERGY AAC,2023,30411,78.7
7,Barley,SYNERGY AAC,2024,32074,90.8
7,Barley,SYNERGY AAC,2025,35865,104.2
7,Canola/Rapeseed,BY 5125CL,2021,1838,27.3
7,Canola/Rapeseed,BY 5125CL,2022,1800,39.8
7,Canola/Rapeseed,BY 5125CL,2023,5481,41.0
7,Canola/Rapeseed,BY 5125CL,2024,1539,34.5
7,Canola/Rapeseed,BY 5125CL,2025,4072,43.9
7,Canola/Rapeseed,BY 6211TF,2021,,
7,Canola/Rapeseed,BY 6211TF,2022,1741,41.1
7,Canola/Rapeseed,BY 6211TF,2023,4245,38.0
7,Canola/Rapeseed,BY 6211TF,2024,1417,34.3
7,Canola/Rapeseed,BY 6211TF,2025,1641,42.0
7,Canola/Rapeseed,BY 6217TF,2021,,
7,Canola/Rapeseed,BY 6217TF,2022,,
7,Canola/Rapeseed,BY 6217TF,2023,6734,32.1
7,Canola/Rapeseed,BY 6217TF,2024,3032,36.3
7,Canola/Rapeseed,BY 6217TF,2025,1638,38.4
7,Canola/Rapeseed,BY 7204LL,2021,,
7,Canola/Rapeseed,BY 7204LL,2022,,
7,Canola/Rapeseed,BY 7204LL,2023,,
7,Canola/Rapeseed,BY 7204LL,2024,2189,31.0
7,Canola/Rapeseed,BY 7204LL,2025,8374,48.9
7,Canola/Rapeseed,B3020,2021,,
7,Canola/Rapeseed,B3020,2022,,
7,Canola/Rapeseed,B3020,2023,,
7,Canola/Rapeseed,B3020,2024,,
7,Canola/Rapeseed,B3020,2025,618,44.6
7,Canola/Rapeseed,CS3300 TF,2021,,
7,Canola/Rapeseed,CS3300 TF,2022,,
7,Canola/Rapeseed,CS3300 TF,2023,,
7,Canola/Rapeseed,CS3300 TF,2024,,
7,Canola/Rapeseed,CS3300 TF,2025,432,44.4
7,Canola/Rapeseed,CS4100 LL,2021,,
7,Canola/Rapeseed,CS4100 LL,2022,,
7,Canola/Rapeseed,CS4100 LL,2023,,
7,Canola/Rapeseed,CS4100 LL,2024,,
7,Canola/Rapeseed,CS4100 LL,2025,2248,38.4
7,Canola/Rapeseed,DK 801 LL,2021,,
7,Canola/Rapeseed,DK 801 LL,2022,,
7,Canola/Rapeseed,DK 801 LL,2023,,
7,Canola/Rapeseed,DK 801 LL,2024,,
7,Canola/Rapeseed,DK 801 LL,2025,3922,45.7
7,Canola/Rapeseed,DK401TK,2021,,
7,Canola/Rapeseed,DK401TK,2022,,
7,Canola/Rapeseed,DK401TK,2023,,
7,Canola/Rapeseed,DK401TK,2024,,
7,Canola/Rapeseed,DK401TK,2025,1054,48.9
7,Canola/Rapeseed,DK401TL,2021,,
7,Canola/Rapeseed,DK401TL,2022,,
7,Canola/Rapeseed,DK401TL,2023,,
7,Canola/Rapeseed,DK401TL,2024,,
7,Canola/Rapeseed,DK401TL,2025,1942,51.6
7,Canola/Rapeseed,DK800LL,2021,,
7,Canola/Rapeseed,DK800LL,2022,,
7,Canola/Rapeseed,DK800LL,2023,,
7,Canola/Rapeseed,DK800LL,2024,1805,31.4
7,Canola/Rapeseed,DK800LL,2025,6177,44.3
7,Canola/Rapeseed,DK801LL,2021,,
7,Canola/Rapeseed,DK801LL,2022,,
7,Canola/Rapeseed,DK801LL,2023,,
7,Canola/Rapeseed,DK801LL,2024,,
7,Canola/Rapeseed,DK801LL,2025,1324,48.1
7,Canola/Rapeseed,DK900TF,2021,,
7,Canola/Rapeseed,DK900TF,2022,,
7,Canola/Rapeseed,DK900TF,2023,1640,43.1
7,Canola/Rapeseed,DK900TF,2024,5089,32.5
7,Canola/Rapeseed,DK900TF,2025,1904,35.0
7,Canola/Rapeseed,DK901TF,2021,,
7,Canola/Rapeseed,DK901TF,2022,,
7,Canola/Rapeseed,DK901TF,2023,679,26.0
7,Canola/Rapeseed,DK901TF,2024,,
7,Canola/Rapeseed,DK901TF,2025,866,42.4
7,Canola/Rapeseed,LR354PC,2021,,
7,Canola/Rapeseed,LR354PC,2022,,
7,Canola/Rapeseed,LR354PC,2023,1920,39.9
7,Canola/Rapeseed,LR354PC,2024,,
7,Canola/Rapeseed,LR354PC,2025,1478,52.0
7,Canola/Rapeseed,L233P,2021,117888,30.5
7,Canola/Rapeseed,L233P,2022,72276,41.5
7,Canola/Rapeseed,L233P,2023,45639,42.1
7,Canola/Rapeseed,L233P,2024,28150,36.2
7,Canola/Rapeseed,L233P,2025,6841,43.4
7,Canola/Rapeseed,L330PC,2021,,
7,Canola/Rapeseed,L330PC,2022,,
7,Canola/Rapeseed,L330PC,2023,,
7,Canola/Rapeseed,L330PC,2024,,
7,Canola/Rapeseed,L330PC,2025,40010,51.1
7,Canola/Rapeseed,L333PC,2021,,
7,Canola/Rapeseed,L333PC,2022,,
7,Canola/Rapeseed,L333PC,2023,,
7,Canola/Rapeseed,L333PC,2024,,
7,Canola/Rapeseed,L333PC,2025,4480,49.2
7,Canola/Rapeseed,L340PC,2021,43160,34.7
7,Canola/Rapeseed,L340PC,2022,122381,47.6
7,Canola/Rapeseed,L340PC,2023,157433,44.7
7,Canola/Rapeseed,L340PC,2024,190362,39.5
7,Canola/Rapeseed,L340PC,2025,205436,48.6
7,Canola/Rapeseed,L341PC,2021,,
7,Canola/Rapeseed,L341PC,2022,,
7,Canola/Rapeseed,L341PC,2023,,
7,Canola/Rapeseed,L341PC,2024,,
7,Canola/Rapeseed,L341PC,2025,1487,49.0
7,Canola/Rapeseed,L343PC,2021,,
7,Canola/Rapeseed,L343PC,2022,815,43.1
7,Canola/Rapeseed,L343PC,2023,11552,40.8
7,Canola/Rapeseed,L343PC,2024,5470,36.1
7,Canola/Rapeseed,L343PC,2025,4670,45.6
7,Canola/Rapeseed,L345PC,2021,28897,36.0
7,Canola/Rapeseed,L345PC,2022,38924,43.6
7,Canola/Rapeseed,L345PC,2023,22341,45.3
7,Canola/Rapeseed,L345PC,2024,23433,37.1
7,Canola/Rapeseed,L345PC,2025,11721,45.9
7,Canola/Rapeseed,L350PC,2021,,
7,Canola/Rapeseed,L350PC,2022,,
7,Canola/Rapeseed,L350PC,2023,39945,44.7
7,Canola/Rapeseed,L350PC,2024,26907,36.2
7,Canola/Rapeseed,L350PC,2025,8367,46.0
7,Canola/Rapeseed,L356PC,2021,,
7,Canola/Rapeseed,L356PC,2022,24313,44.8
7,Canola/Rapeseed,L356PC,2023,55030,42.0
7,Canola/Rapeseed,L356PC,2024,79896,38.2
7,Canola/Rapeseed,L356PC,2025,61023,47.8
7,Canola/Rapeseed,PV 661 LCM,2021,,
7,Canola/Rapeseed,PV 661 LCM,2022,,
7,Canola/Rapeseed,PV 661 LCM,2023,,
7,Canola/Rapeseed,PV 661 LCM,2024,2072,31.6
7,Canola/Rapeseed,PV 661 LCM,2025,3668,39.4
7,Canola/Rapeseed,PV 681 LC,2021,,
7,Canola/Rapeseed,PV 681 LC,2022,454,34.4
7,Canola/Rapeseed,PV 681 LC,2023,2787,37.8
7,Canola/Rapeseed,PV 681 LC,2024,4571,29.7
7,Canola/Rapeseed,PV 681 LC,2025,5534,39.3
7,Canola/Rapeseed,PV 781 TCM,2021,,
7,Canola/Rapeseed,PV 781 TCM,2022,,
7,Canola/Rapeseed,PV 781 TCM,2023,1347,34.8
7,Canola/Rapeseed,PV 781 TCM,2024,2338,30.1
7,Canola/Rapeseed,PV 781 TCM,2025,1465,29.8
7,Canola/Rapeseed,PV661 LCM,2021,,
7,Canola/Rapeseed,PV661 LCM,2022,,
7,Canola/Rapeseed,PV661 LCM,2023,,
7,Canola/Rapeseed,PV661 LCM,2024,1732,27.6
7,Canola/Rapeseed,PV661 LCM,2025,959,44.0
7,Canola/Rapeseed,PV783,2021,,
7,Canola/Rapeseed,PV783,2022,,
7,Canola/Rapeseed,PV783,2023,,
7,Canola/Rapeseed,PV783,2024,,
7,Canola/Rapeseed,PV783,2025,646,37.3
7,Canola/Rapeseed,P1540L,2021,,
7,Canola/Rapeseed,P1540L,2022,,
7,Canola/Rapeseed,P1540L,2023,,
7,Canola/Rapeseed,P1540L,2024,,
7,Canola/Rapeseed,P1540L,2025,1995,43.0
7,Canola/Rapeseed,P508MCL,2021,5448,30.5
7,Canola/Rapeseed,P508MCL,2022,5591,43.6
7,Canola/Rapeseed,P508MCL,2023,4378,37.1
7,Canola/Rapeseed,P508MCL,2024,2725,37.4
7,Canola/Rapeseed,P508MCL,2025,909,37.0
7,Canola/Rapeseed,P514CL,2021,,
7,Canola/Rapeseed,P514CL,2022,,
7,Canola/Rapeseed,P514CL,2023,1801,39.5
7,Canola/Rapeseed,P514CL,2024,,
7,Canola/Rapeseed,P514CL,2025,2287,43.0
7,Canola/Rapeseed,P515G,2021,,
7,Canola/Rapeseed,P515G,2022,,
7,Canola/Rapeseed,P515G,2023,2881,40.1
7,Canola/Rapeseed,P515G,2024,9647,32.5
7,Canola/Rapeseed,P515G,2025,1781,41.4
7,Canola/Rapeseed,P516L,2021,,
7,Canola/Rapeseed,P516L,2022,,
7,Canola/Rapeseed,P516L,2023,1179,35.4
7,Canola/Rapeseed,P516L,2024,7616,40.4
7,Canola/Rapeseed,P516L,2025,2927,45.6
7,Canola/Rapeseed,P519L,2021,,
7,Canola/Rapeseed,P519L,2022,,
7,Canola/Rapeseed,P519L,2023,,
7,Canola/Rapeseed,P519L,2024,,
7,Canola/Rapeseed,P519L,2025,1466,45.6
7,Canola/Rapeseed,P520L,2021,,
7,Canola/Rapeseed,P520L,2022,,
7,Canola/Rapeseed,P520L,2023,,
7,Canola/Rapeseed,P520L,2024,1040,40.2
7,Canola/Rapeseed,P520L,2025,17545,46.1
7,Canola/Rapeseed,45H42,2021,1669,25.8
7,Canola/Rapeseed,45H42,2022,,
7,Canola/Rapeseed,45H42,2023,1469,25.8
7,Canola/Rapeseed,45H42,2024,1162,29.2
7,Canola/Rapeseed,45H42,2025,505,38.2
7,Fall Rye,HAZLET,2021,,
7,Fall Rye,HAZLET,2022,1011,42.0
7,Fall Rye,HAZLET,2023,,
7,Fall Rye,HAZLET,2024,,
7,Fall Rye,HAZLET,2025,1114,45.9
7,Fall Rye,RECEPTOR KWS,2021,,
7,Fall Rye,RECEPTOR KWS,2022,,
7,Fall Rye,RECEPTOR KWS,2023,,
7,Fall Rye,RECEPTOR KWS,2024,,
7,Fall Rye,RECEPTOR KWS,2025,3546,134.8
7,Fall Rye,TREBIANO KWS,2021,,
7,Fall Rye,TREBIANO KWS,2022,515,77.1
7,Fall Rye,TREBIANO KWS,2023,,
7,Fall Rye,TREBIANO KWS,2024,1674,93.7
7,Fall Rye,TREBIANO KWS,2025,437,89.1
7,Field Peas,ABERDEEN AAC,2021,,
7,Field Peas,ABERDEEN AAC,2022,,
7,Field Peas,ABERDEEN AAC,2023,,
7,Field Peas,ABERDEEN AAC,2024,1269,47.5
7,Field Peas,ABERDEEN AAC,2025,973,47.8
7,Field Peas,AMARILLO CDC,2021,5655,25.1
7,Field Peas,AMARILLO CDC,2022,3571,42.4
7,Field Peas,AMARILLO CDC,2023,2881,38.5
7,Field Peas,AMARILLO CDC,2024,1124,34.5
7,Field Peas,AMARILLO CDC,2025,1989,51.8
7,Field Peas,CARVER AAC,2021,3469,36.2
7,Field Peas,CARVER AAC,2022,3197,48.9
7,Field Peas,CARVER AAC,2023,3051,40.2
7,Field Peas,CARVER AAC,2024,2735,38.8
7,Field Peas,CARVER AAC,2025,1933,56.7
7,Field Peas,CHROME AAC,2021,4521,39.1
7,Field Peas,CHROME AAC,2022,4386,45.2
7,Field Peas,CHROME AAC,2023,7419,45.3
7,Field Peas,CHROME AAC,2024,4932,48.6
7,Field Peas,CHROME AAC,2025,1175,59.7
7,Field Peas,FOREST CDC,2021,5404,35.9
7,Field Peas,FOREST CDC,2022,5596,49.9
7,Field Peas,FOREST CDC,2023,4852,44.6
7,Field Peas,FOREST CDC,2024,6344,40.7
7,Field Peas,FOREST CDC,2025,8280,56.5
7,Field Peas,GREENWATER,2021,7407,31.8
7,Field Peas,GREENWATER,2022,3287,41.8
7,Field Peas,GREENWATER,2023,1447,39.0
7,Field Peas,GREENWATER,2024,2475,34.1
7,Field Peas,GREENWATER,2025,4222,48.1
7,Field Peas,HICKIE CDC,2021,,
7,Field Peas,HICKIE CDC,2022,,
7,Field Peas,HICKIE CDC,2023,,
7,Field Peas,HICKIE CDC,2024,,
7,Field Peas,HICKIE CDC,2025,515,50.4
7,Field Peas,INCA CDC,2021,4452,34.1
7,Field Peas,INCA CDC,2022,2967,48.3
7,Field Peas,INCA CDC,2023,1955,43.2
7,Field Peas,INCA CDC,2024,4355,47.9
7,Field Peas,INCA CDC,2025,1837,47.0
7,Field Peas,JULIUS AAC,2021,,
7,Field Peas,JULIUS AAC,2022,,
7,Field Peas,JULIUS AAC,2023,,
7,Field Peas,JULIUS AAC,2024,,
7,Field Peas,JULIUS AAC,2025,6094,65.9
7,Field Peas,LIMERICK CDC,2021,1109,34.8
7,Field Peas,LIMERICK CDC,2022,1610,33.8
7,Field Peas,LIMERICK CDC,2023,1651,39.8
7,Field Peas,LIMERICK CDC,2024,977,42.0
7,Field Peas,LIMERICK CDC,2025,769,53.4
7,Field Peas,MEADOW CDC,2021,2202,33.8
7,Field Peas,MEADOW CDC,2022,2066,31.1
7,Field Peas,MEADOW CDC,2023,998,38.4
7,Field Peas,MEADOW CDC,2024,1103,33.3
7,Field Peas,MEADOW CDC,2025,1195,52.7
7,Field Peas,RAEZER CDC,2021,6022,29.6
7,Field Peas,RAEZER CDC,2022,4929,35.8
7,Field Peas,RAEZER CDC,2023,1710,46.2
7,Field Peas,RAEZER CDC,2024,2311,39.0
7,Field Peas,RAEZER CDC,2025,2884,39.5
7,Field Peas,RIDER CDC,2021,,
7,Field Peas,RIDER CDC,2022,,
7,Field Peas,RIDER CDC,2023,,
7,Field Peas,RIDER CDC,2024,,
7,Field Peas,RIDER CDC,2025,819,53.1
7,Field Peas,SPECTRUM CDC,2021,1595,28.4
7,Field Peas,SPECTRUM CDC,2022,4183,41.6
7,Field Peas,SPECTRUM CDC,2023,5824,41.4
7,Field Peas,SPECTRUM CDC,2024,10320,43.7
7,Field Peas,SPECTRUM CDC,2025,7061,54.2
7,Field Peas,STRIKER CDC,2021,4348,28.8
7,Field Peas,STRIKER CDC,2022,3387,39.2
7,Field Peas,STRIKER CDC,2023,1190,32.3
7,Field Peas,STRIKER CDC,2024,1517,37.7
7,Field Peas,STRIKER CDC,2025,747,56.3
7,Field Peas,TOLLEFSON CDC,2021,,
7,Field Peas,TOLLEFSON CDC,2022,,
7,Field Peas,TOLLEFSON CDC,2023,,
7,Field Peas,TOLLEFSON CDC,2024,434,32.5
7,Field Peas,TOLLEFSON CDC,2025,694,59.1
7,Flax,ACC BRIGHT,2021,,
7,Flax,ACC BRIGHT,2022,,
7,Flax,ACC BRIGHT,2023,,
7,Flax,ACC BRIGHT,2024,,
7,Flax,ACC BRIGHT,2025,659,31.0
7,Flax,BETHUNE CDC,2021,7486,15.9
7,Flax,BETHUNE CDC,2022,6242,35.6
7,Flax,BETHUNE CDC,2023,3616,21.3
7,Flax,BETHUNE CDC,2024,2481,16.8
7,Flax,BETHUNE CDC,2025,2776,31.0
7,Flax,BRAVO AAC,2021,4125,14.2
7,Flax,BRAVO AAC,2022,2250,30.2
7,Flax,BRAVO AAC,2023,2790,25.0
7,Flax,BRAVO AAC,2024,1349,27.3
7,Flax,BRAVO AAC,2025,1399,33.1
7,Flax,GLAS CDC,2021,9408,18.4
7,Flax,GLAS CDC,2022,9086,33.2
7,Flax,GLAS CDC,2023,8650,24.7
7,Flax,GLAS CDC,2024,5547,23.7
7,Flax,GLAS CDC,2025,7056,34.2
7,Flax,ROWLAND CDC,2021,,
7,Flax,ROWLAND CDC,2022,,
7,Flax,ROWLAND CDC,2023,1928,13.4
7,Flax,ROWLAND CDC,2024,2945,15.9
7,Flax,ROWLAND CDC,2025,5041,29.6
7,Flax,SORREL CDC,2021,1994,17.9
7,Flax,SORREL CDC,2022,,
7,Flax,SORREL CDC,2023,771,17.0
7,Flax,SORREL CDC,2024,,
7,Flax,SORREL CDC,2025,559,31.8
7,IP Canola/Rapeseed,L358HPC,2021,,
7,IP Canola/Rapeseed,L358HPC,2022,,
7,IP Canola/Rapeseed,L358HPC,2023,,
7,IP Canola/Rapeseed,L358HPC,2024,14439,39.7
7,IP Canola/Rapeseed,L358HPC,2025,2797,39.6
7,Mustard - Yellow,ANDANTE,2021,,
7,Mustard - Yellow,ANDANTE,2022,2702,9.3
7,Mustard - Yellow,ANDANTE,2023,722,8.3
7,Mustard - Yellow,ANDANTE,2024,2859,14.4
7,Mustard - Yellow,ANDANTE,2025,1059,21.6
7,Oats,ANSON CDC,2021,,
7,Oats,ANSON CDC,2022,,
7,Oats,ANSON CDC,2023,,
7,Oats,ANSON CDC,2024,,
7,Oats,ANSON CDC,2025,4056,109.2
7,Oats,ARBORG CDC,2021,5819,65.5
7,Oats,ARBORG CDC,2022,10456,111.8
7,Oats,ARBORG CDC,2023,6200,83.0
7,Oats,ARBORG CDC,2024,13132,98.5
7,Oats,ARBORG CDC,2025,10498,102.2
7,Oats,CAMDEN CS,2021,8362,65.8
7,Oats,CAMDEN CS,2022,4433,102.2
7,Oats,CAMDEN CS,2023,4522,73.3
7,Oats,CAMDEN CS,2024,7438,96.0
7,Oats,CAMDEN CS,2025,4333,128.5
7,Oats,DOUGLAS AAC,2021,,
7,Oats,DOUGLAS AAC,2022,,
7,Oats,DOUGLAS AAC,2023,,
7,Oats,DOUGLAS AAC,2024,,
7,Oats,DOUGLAS AAC,2025,764,81.7
7,Oats,ENDURE CDC,2021,,
7,Oats,ENDURE CDC,2022,3027,135.0
7,Oats,ENDURE CDC,2023,2007,126.6
7,Oats,ENDURE CDC,2024,3258,104.1
7,Oats,ENDURE CDC,2025,3092,102.9
7,Oats,HAYMAKER CDC,2021,1042,65.3
7,Oats,HAYMAKER CDC,2022,1249,79.7
7,Oats,HAYMAKER CDC,2023,,
7,Oats,HAYMAKER CDC,2024,,
7,Oats,HAYMAKER CDC,2025,825,74.3
7,Oats,ORE3542M,2021,1039,40.7
7,Oats,ORE3542M,2022,650,83.4
7,Oats,ORE3542M,2023,948,67.7
7,Oats,ORE3542M,2024,405,71.8
7,Oats,ORE3542M,2025,987,94.2
7,Oats,SO-1 CDC,2021,,
7,Oats,SO-1 CDC,2022,609,76.0
7,Oats,SO-1 CDC,2023,,
7,Oats,SO-1 CDC,2024,686,62.2
7,Oats,SO-1 CDC,2025,455,112.2
7,Oats,SUMMIT,2021,,
7,Oats,SUMMIT,2022,1874,92.9
7,Oats,SUMMIT,2023,500,58.0
7,Oats,SUMMIT,2024,692,100.0
7,Oats,SUMMIT,2025,1844,76.0
7,Soybean,S001-D8X,2021,,
7,Soybean,S001-D8X,2022,1992,40.1
7,Soybean,S001-D8X,2023,2111,28.1
7,Soybean,S001-D8X,2024,1533,30.4
7,Soybean,S001-D8X,2025,947,27.1
7,Wheat,- Canada Prairie ACCELERATE CS,2021,3291,52.5
7,Wheat,- Canada Prairie ACCELERATE CS,2022,3845,58.1
7,Wheat,- Canada Prairie ACCELERATE CS,2023,7995,61.1
7,Wheat,- Canada Prairie ACCELERATE CS,2024,5181,65.1
7,Wheat,- Canada Prairie ACCELERATE CS,2025,2085,55.0
7,Wheat,PASTEUR,2021,,
7,Wheat,PASTEUR,2022,2157,67.4
7,Wheat,PASTEUR,2023,,
7,Wheat,PASTEUR,2024,,
7,Wheat,PASTEUR,2025,669,62.6
7,Wheat - Durum,ALLOY CDC,2021,2460,40.7
7,Wheat - Durum,ALLOY CDC,2022,11622,71.3
7,Wheat - Durum,ALLOY CDC,2023,7843,50.0
7,Wheat - Durum,ALLOY CDC,2024,8122,45.2
7,Wheat - Durum,ALLOY CDC,2025,2772,56.1
7,Wheat - Durum,BRIGADE,2021,5939,34.9
7,Wheat - Durum,BRIGADE,2022,6351,62.1
7,Wheat - Durum,BRIGADE,2023,8978,46.7
7,Wheat - Durum,BRIGADE,2024,5169,43.6
7,Wheat - Durum,BRIGADE,2025,4402,62.5
7,Wheat - Durum,DEFY CDC,2021,,
7,Wheat - Durum,DEFY CDC,2022,1390,68.9
7,Wheat - Durum,DEFY CDC,2023,10996,50.5
7,Wheat - Durum,DEFY CDC,2024,29075,45.7
7,Wheat - Durum,DEFY CDC,2025,19761,61.8
7,Wheat - Durum,DONLOW AAC,2021,,
7,Wheat - Durum,DONLOW AAC,2022,2581,76.7
7,Wheat - Durum,DONLOW AAC,2023,2246,54.0
7,Wheat - Durum,DONLOW AAC,2024,2697,44.5
7,Wheat - Durum,DONLOW AAC,2025,2854,62.7
7,Wheat - Durum,EVIDENT CDC,2021,,
7,Wheat - Durum,EVIDENT CDC,2022,,
7,Wheat - Durum,EVIDENT CDC,2023,,
7,Wheat - Durum,EVIDENT CDC,2024,,
7,Wheat - Durum,EVIDENT CDC,2025,2114,69.0
7,Wheat - Durum,FORTITUDE CDC,2021,,
7,Wheat - Durum,FORTITUDE CDC,2022,,
7,Wheat - Durum,FORTITUDE CDC,2023,,
7,Wheat - Durum,FORTITUDE CDC,2024,610,56.3
7,Wheat - Durum,FORTITUDE CDC,2025,960,73.6
7,Wheat - Durum,GRAINLAND AAC,2021,985,44.0
7,Wheat - Durum,GRAINLAND AAC,2022,3033,61.9
7,Wheat - Durum,GRAINLAND AAC,2023,3515,52.8
7,Wheat - Durum,GRAINLAND AAC,2024,4839,43.7
7,Wheat - Durum,GRAINLAND AAC,2025,3513,62.8
7,Wheat - Durum,PRECISION CDC,2021,16439,40.5
7,Wheat - Durum,PRECISION CDC,2022,15844,64.8
7,Wheat - Durum,PRECISION CDC,2023,17983,46.2
7,Wheat - Durum,PRECISION CDC,2024,8517,48.9
7,Wheat - Durum,PRECISION CDC,2025,8697,60.5
7,Wheat - Durum,SCHRADER AAC,2021,,
7,Wheat - Durum,SCHRADER AAC,2022,,
7,Wheat - Durum,SCHRADER AAC,2023,,
7,Wheat - Durum,SCHRADER AAC,2024,2108,54.4
7,Wheat - Durum,SCHRADER AAC,2025,8351,63.3
7,Wheat - Durum,SPITFIRE AAC,2021,6096,38.6
7,Wheat - Durum,SPITFIRE AAC,2022,3178,64.8
7,Wheat - Durum,SPITFIRE AAC,2023,4528,56.0
7,Wheat - Durum,SPITFIRE AAC,2024,4975,41.1
7,Wheat - Durum,SPITFIRE AAC,2025,2994,55.3
7,Wheat - Durum,STRONGFIELD,2021,,
7,Wheat - Durum,STRONGFIELD,2022,1710,45.9
7,Wheat - Durum,STRONGFIELD,2023,,
7,Wheat - Durum,STRONGFIELD,2024,715,29.2
7,Wheat - Durum,STRONGFIELD,2025,4872,51.3
7,Wheat - Durum,TRANSCEND,2021,16757,36.1
7,Wheat - Durum,TRANSCEND,2022,19308,60.6
7,Wheat - Durum,TRANSCEND,2023,16599,41.7
7,Wheat - Durum,TRANSCEND,2024,11421,43.3
7,Wheat - Durum,TRANSCEND,2025,5398,60.5
7,Wheat - Durum,WEYBURN VB AAC,2021,,
7,Wheat - Durum,WEYBURN VB AAC,2022,,
7,Wheat - Durum,WEYBURN VB AAC,2023,784,45.0
7,Wheat - Durum,WEYBURN VB AAC,2024,9838,42.4
7,Wheat - Durum,WEYBURN VB AAC,2025,11894,58.1
7,Wheat - Hard Red Spring,ALIDA VB AAC,2021,9196,44.4
7,Wheat - Hard Red Spring,ALIDA VB AAC,2022,12150,47.9
7,Wheat - Hard Red Spring,ALIDA VB AAC,2023,7340,47.3
7,Wheat - Hard Red Spring,ALIDA VB AAC,2024,3405,50.9
7,Wheat - Hard Red Spring,ALIDA VB AAC,2025,2639,54.2
7,Wheat - Hard Red Spring,BOLLES,2021,910,45.6
7,Wheat - Hard Red Spring,BOLLES,2022,4400,56.5
7,Wheat - Hard Red Spring,BOLLES,2023,3718,50.9
7,Wheat - Hard Red Spring,BOLLES,2024,7666,55.9
7,Wheat - Hard Red Spring,BOLLES,2025,6915,63.6
7,Wheat - Hard Red Spring,BRANDON AAC,2021,87443,46.1
7,Wheat - Hard Red Spring,BRANDON AAC,2022,104949,54.6
7,Wheat - Hard Red Spring,BRANDON AAC,2023,75825,54.8
7,Wheat - Hard Red Spring,BRANDON AAC,2024,58329,55.8
7,Wheat - Hard Red Spring,BRANDON AAC,2025,48502,64.7
7,Wheat - Hard Red Spring,BROADACRES AAC,2021,,
7,Wheat - Hard Red Spring,BROADACRES AAC,2022,,
7,Wheat - Hard Red Spring,BROADACRES AAC,2023,,
7,Wheat - Hard Red Spring,BROADACRES AAC,2024,,
7,Wheat - Hard Red Spring,BROADACRES AAC,2025,426,63.8
7,Wheat - Hard Red Spring,CAMERON AAC,2021,4728,48.1
7,Wheat - Hard Red Spring,CAMERON AAC,2022,5749,54.4
7,Wheat - Hard Red Spring,CAMERON AAC,2023,2830,53.7
7,Wheat - Hard Red Spring,CAMERON AAC,2024,,
7,Wheat - Hard Red Spring,CAMERON AAC,2025,4244,70.1
7,Wheat - Hard Red Spring,CARBERRY,2021,6137,43.3
7,Wheat - Hard Red Spring,CARBERRY,2022,6960,45.6
7,Wheat - Hard Red Spring,CARBERRY,2023,8115,49.6
7,Wheat - Hard Red Spring,CARBERRY,2024,5539,45.7
7,Wheat - Hard Red Spring,CARBERRY,2025,2156,56.7
7,Wheat - Hard Red Spring,CARDALE,2021,6528,36.9
7,Wheat - Hard Red Spring,CARDALE,2022,4540,45.8
7,Wheat - Hard Red Spring,CARDALE,2023,5782,43.8
7,Wheat - Hard Red Spring,CARDALE,2024,3501,53.3
7,Wheat - Hard Red Spring,CARDALE,2025,3078,58.1
7,Wheat - Hard Red Spring,ELIE AAC,2021,10617,52.7
7,Wheat - Hard Red Spring,ELIE AAC,2022,12151,69.4
7,Wheat - Hard Red Spring,ELIE AAC,2023,12084,73.2
7,Wheat - Hard Red Spring,ELIE AAC,2024,12305,63.6
7,Wheat - Hard Red Spring,ELIE AAC,2025,10746,73.3
7,Wheat - Hard Red Spring,GLENN,2021,6250,39.3
7,Wheat - Hard Red Spring,GLENN,2022,6562,42.8
7,Wheat - Hard Red Spring,GLENN,2023,4344,45.1
7,Wheat - Hard Red Spring,GLENN,2024,3486,42.6
7,Wheat - Hard Red Spring,GLENN,2025,3258,53.0
7,Wheat - Hard Red Spring,HOCKLEY AAC,2021,,
7,Wheat - Hard Red Spring,HOCKLEY AAC,2022,,
7,Wheat - Hard Red Spring,HOCKLEY AAC,2023,10965,49.0
7,Wheat - Hard Red Spring,HOCKLEY AAC,2024,18081,62.2
7,Wheat - Hard Red Spring,HOCKLEY AAC,2025,22975,71.5
7,Wheat - Hard Red Spring,HODGE AAC VB,2021,,
7,Wheat - Hard Red Spring,HODGE AAC VB,2022,1075,64.5
7,Wheat - Hard Red Spring,HODGE AAC VB,2023,9669,60.9
7,Wheat - Hard Red Spring,HODGE AAC VB,2024,27088,62.5
7,Wheat - Hard Red Spring,HODGE AAC VB,2025,13825,66.6
7,Wheat - Hard Red Spring,HUGHES CDC VB,2021,3424,37.4
7,Wheat - Hard Red Spring,HUGHES CDC VB,2022,3791,60.3
7,Wheat - Hard Red Spring,HUGHES CDC VB,2023,1877,50.1
7,Wheat - Hard Red Spring,HUGHES CDC VB,2024,1641,48.6
7,Wheat - Hard Red Spring,HUGHES CDC VB,2025,413,56.5
7,Wheat - Hard Red Spring,LANDMARK CDC,2021,10138,40.8
7,Wheat - Hard Red Spring,LANDMARK CDC,2022,8304,51.4
7,Wheat - Hard Red Spring,LANDMARK CDC,2023,10307,60.6
7,Wheat - Hard Red Spring,LANDMARK CDC,2024,3335,57.8
7,Wheat - Hard Red Spring,LANDMARK CDC,2025,793,46.1
7,Wheat - Hard Red Spring,LEROY AAC VB,2021,2692,35.3
7,Wheat - Hard Red Spring,LEROY AAC VB,2022,3753,46.8
7,Wheat - Hard Red Spring,LEROY AAC VB,2023,2041,50.0
7,Wheat - Hard Red Spring,LEROY AAC VB,2024,4571,49.3
7,Wheat - Hard Red Spring,LEROY AAC VB,2025,1495,54.6
7,Wheat - Hard Red Spring,MANNESS SY,2021,,
7,Wheat - Hard Red Spring,MANNESS SY,2022,,
7,Wheat - Hard Red Spring,MANNESS SY,2023,,
7,Wheat - Hard Red Spring,MANNESS SY,2024,536,78.0
7,Wheat - Hard Red Spring,MANNESS SY,2025,1694,82.1
7,Wheat - Hard Red Spring,PLENTIFUL CDC,2021,6598,38.6
7,Wheat - Hard Red Spring,PLENTIFUL CDC,2022,6367,45.1
7,Wheat - Hard Red Spring,PLENTIFUL CDC,2023,5906,40.9
7,Wheat - Hard Red Spring,PLENTIFUL CDC,2024,3406,53.4
7,Wheat - Hard Red Spring,PLENTIFUL CDC,2025,2734,54.5
7,Wheat - Hard Red Spring,REDBERRY AAC,2021,14367,44.7
7,Wheat - Hard Red Spring,REDBERRY AAC,2022,15920,47.1
7,Wheat - Hard Red Spring,REDBERRY AAC,2023,12749,48.5
7,Wheat - Hard Red Spring,REDBERRY AAC,2024,9537,40.7
7,Wheat - Hard Red Spring,REDBERRY AAC,2025,4796,54.3
7,Wheat - Hard Red Spring,STARBUCK AAC VB,2021,4038,49.5
7,Wheat - Hard Red Spring,STARBUCK AAC VB,2022,15844,56.8
7,Wheat - Hard Red Spring,STARBUCK AAC VB,2023,38264,54.2
7,Wheat - Hard Red Spring,STARBUCK AAC VB,2024,45236,63.4
7,Wheat - Hard Red Spring,STARBUCK AAC VB,2025,50143,69.1
7,Wheat - Hard Red Spring,STOUGHTON AAC,2021,,
7,Wheat - Hard Red Spring,STOUGHTON AAC,2022,,
7,Wheat - Hard Red Spring,STOUGHTON AAC,2023,,
7,Wheat - Hard Red Spring,STOUGHTON AAC,2024,,
7,Wheat - Hard Red Spring,STOUGHTON AAC,2025,969,78.3
7,Wheat - Hard Red Spring,TISDALE AAC,2021,1969,50.3
7,Wheat - Hard Red Spring,TISDALE AAC,2022,2951,53.7
7,Wheat - Hard Red Spring,TISDALE AAC,2023,1465,53.7
7,Wheat - Hard Red Spring,TISDALE AAC,2024,1881,51.6
7,Wheat - Hard Red Spring,TISDALE AAC,2025,686,52.3
7,Wheat - Hard Red Spring,UTMOST CDC,2021,,
7,Wheat - Hard Red Spring,UTMOST CDC,2022,,
7,Wheat - Hard Red Spring,UTMOST CDC,2023,,
7,Wheat - Hard Red Spring,UTMOST CDC,2024,600,27.1
7,Wheat - Hard Red Spring,UTMOST CDC,2025,687,36.4
7,Wheat - Hard Red Spring,VIEWFIELD AAC,2021,15375,47.2
7,Wheat - Hard Red Spring,VIEWFIELD AAC,2022,31501,62.7
7,Wheat - Hard Red Spring,VIEWFIELD AAC,2023,28750,60.4
7,Wheat - Hard Red Spring,VIEWFIELD AAC,2024,20939,61.6
7,Wheat - Hard Red Spring,VIEWFIELD AAC,2025,22244,67.6
7,Wheat - Hard Red Spring,WESTKING AAC,2021,,
7,Wheat - Hard Red Spring,WESTKING AAC,2022,,
7,Wheat - Hard Red Spring,WESTKING AAC,2023,,
7,Wheat - Hard Red Spring,WESTKING AAC,2024,,
7,Wheat - Hard Red Spring,WESTKING AAC,2025,1162,83.2
7,Wheat - Hard Red Spring,WHEATLAND VB AAC,2021,9690,50.4
7,Wheat - Hard Red Spring,WHEATLAND VB AAC,2022,22621,59.0
7,Wheat - Hard Red Spring,WHEATLAND VB AAC,2023,41661,52.8
7,Wheat - Hard Red Spring,WHEATLAND VB AAC,2024,76544,63.2
7,Wheat - Hard Red Spring,WHEATLAND VB AAC,2025,72581,71.2
7,Wheat - Winter,EMERSON,2021,1551,30.5
7,Wheat - Winter,EMERSON,2022,1546,55.2
7,Wheat - Winter,EMERSON,2023,1388,46.7
7,Wheat - Winter,EMERSON,2024,1077,61.4
7,Wheat - Winter,EMERSON,2025,621,62.5
7,Wheat - Winter,WILDFIRE AAC,2021,1154,53.8
7,Wheat - Winter,WILDFIRE AAC,2022,1353,66.5
7,Wheat - Winter,WILDFIRE AAC,2023,2098,58.1
7,Wheat - Winter,WILDFIRE AAC,2024,4319,91.8
7,Wheat - Winter,WILDFIRE AAC,2025,1384,84.9
7,Canary Seed,KEET,2021,12849,1285
7,Canary Seed,KEET,2022,9773,2017
7,Canary Seed,KEET,2023,9765,1407
7,Canary Seed,KEET,2024,9146,1715
7,Canary Seed,KEET,2025,11301,1784
7,Canary Seed,LUMIO CDC,2021,,
7,Canary Seed,LUMIO CDC,2022,,
7,Canary Seed,LUMIO CDC,2023,,
7,Canary Seed,LUMIO CDC,2024,1642,1548
7,Canary Seed,LUMIO CDC,2025,922,1960
7,Lentils - Large Green,GREENSTAR CDC,2021,,
7,Lentils - Large Green,GREENSTAR CDC,2022,,
7,Lentils - Large Green,GREENSTAR CDC,2023,,
7,Lentils - Large Green,GREENSTAR CDC,2024,,
7,Lentils - Large Green,GREENSTAR CDC,2025,716,1649
7,Lentils - Large Green,GRIMM CDC,2021,,
7,Lentils - Large Green,GRIMM CDC,2022,,
7,Lentils - Large Green,GRIMM CDC,2023,,
7,Lentils - Large Green,GRIMM CDC,2024,,
7,Lentils - Large Green,GRIMM CDC,2025,1902,1638
7,Lentils - Large Green,LIMA CDC,2021,473,1360
7,Lentils - Large Green,LIMA CDC,2022,944,836
7,Lentils - Large Green,LIMA CDC,2023,,
7,Lentils - Large Green,LIMA CDC,2024,,
7,Lentils - Large Green,LIMA CDC,2025,1322,1894
7,Lentils,- Other ESTON,2021,1425,1682
7,Lentils,- Other ESTON,2022,,
7,Lentils,- Other ESTON,2023,2123,1691
7,Lentils,- Other ESTON,2024,1690,1005
7,Lentils,- Other ESTON,2025,5085,1850
7,Lentils,IMVINCIBLE CDC CL,2021,1771,1885
7,Lentils,IMVINCIBLE CDC CL,2022,1373,1519
7,Lentils,IMVINCIBLE CDC CL,2023,1486,1711
7,Lentils,IMVINCIBLE CDC CL,2024,7139,1382
7,Lentils,IMVINCIBLE CDC CL,2025,6283,2110
7,Lentils,JIMINI CDC CL,2021,,
7,Lentils,JIMINI CDC CL,2022,,
7,Lentils,JIMINI CDC CL,2023,,
7,Lentils,JIMINI CDC CL,2024,,
7,Lentils,JIMINI CDC CL,2025,11293,2791
7,Lentils,PERIDOT CDC CL,2021,,
7,Lentils,PERIDOT CDC CL,2022,,
7,Lentils,PERIDOT CDC CL,2023,1024,2004
7,Lentils,PERIDOT CDC CL,2024,4216,1389
7,Lentils,PERIDOT CDC CL,2025,3418,1883
7,Lentils - Red,DAZIL CDC,2021,2711,1118
7,Lentils - Red,DAZIL CDC,2022,2283,1757
7,Lentils - Red,DAZIL CDC,2023,1100,1898
7,Lentils - Red,DAZIL CDC,2024,1569,1376
7,Lentils - Red,DAZIL CDC,2025,1100,2041
7,Lentils - Red,IMPULSE,2021,4754,1598
7,Lentils - Red,IMPULSE,2022,15919,2026
7,Lentils - Red,IMPULSE,2023,9210,2526
7,Lentils - Red,IMPULSE,2024,19285,1841
7,Lentils - Red,IMPULSE,2025,10085,3089
7,Lentils - Red,MAXIM CDC,2021,17699,1561
7,Lentils - Red,MAXIM CDC,2022,17167,1345
7,Lentils - Red,MAXIM CDC,2023,5366,1876
7,Lentils - Red,MAXIM CDC,2024,7580,1570
7,Lentils - Red,MAXIM CDC,2025,7438,1958
7,Lentils - Red,NIMBLE,2021,1656,1541
7,Lentils - Red,NIMBLE,2022,1548,1711
7,Lentils - Red,NIMBLE,2023,1835,2313
7,Lentils - Red,NIMBLE,2024,4134,1925
7,Lentils - Red,NIMBLE,2025,3852,2454
7,Lentils - Red,PROCLAIM CDC,2021,9939,1451
7,Lentils - Red,PROCLAIM CDC,2022,14159,1526
7,Lentils - Red,PROCLAIM CDC,2023,8039,2291
7,Lentils - Red,PROCLAIM CDC,2024,9238,1799
7,Lentils - Red,PROCLAIM CDC,2025,10042,2595
7,Lentils - Red,SIMMIE CDC,2021,,
7,Lentils - Red,SIMMIE CDC,2022,1516,1955
7,Lentils - Red,SIMMIE CDC,2023,1335,2264
7,Lentils - Red,SIMMIE CDC,2024,3316,1876
7,Lentils - Red,SIMMIE CDC,2025,3764,2427
8,Barley,ADVANTAGE AB,2021,,
8,Barley,ADVANTAGE AB,2022,,
8,Barley,ADVANTAGE AB,2023,430,33.5
8,Barley,ADVANTAGE AB,2024,450,53.0
8,Barley,ADVANTAGE AB,2025,695,77.2
8,Barley,AUSTENSON CDC,2021,2548,45.4
8,Barley,AUSTENSON CDC,2022,2609,69.0
8,Barley,AUSTENSON CDC,2023,2373,66.1
8,Barley,AUSTENSON CDC,2024,2331,70.4
8,Barley,AUSTENSON CDC,2025,915,82.1
8,Barley,CATTLELAC AB,2021,,
8,Barley,CATTLELAC AB,2022,,
8,Barley,CATTLELAC AB,2023,1033,37.2
8,Barley,CATTLELAC AB,2024,,
8,Barley,CATTLELAC AB,2025,1406,67.6
8,Barley,CHAMPION,2021,1679,38.6
8,Barley,CHAMPION,2022,1806,58.3
8,Barley,CHAMPION,2023,482,50.8
8,Barley,CHAMPION,2024,1055,44.1
8,Barley,CHAMPION,2025,680,71.8
8,Barley,CONNECT AAC,2021,2689,44.5
8,Barley,CONNECT AAC,2022,1271,60.3
8,Barley,CONNECT AAC,2023,2847,75.7
8,Barley,CONNECT AAC,2024,2821,63.9
8,Barley,CONNECT AAC,2025,3504,81.6
8,Barley,COPELAND CDC,2021,10950,45.1
8,Barley,COPELAND CDC,2022,11343,69.3
8,Barley,COPELAND CDC,2023,7009,61.4
8,Barley,COPELAND CDC,2024,6159,54.1
8,Barley,COPELAND CDC,2025,4156,80.6
8,Barley,DURANGO CDC,2021,,
8,Barley,DURANGO CDC,2022,,
8,Barley,DURANGO CDC,2023,,
8,Barley,DURANGO CDC,2024,,
8,Barley,DURANGO CDC,2025,1072,74.5
8,Barley,MAVERICK CDC,2021,1387,35.0
8,Barley,MAVERICK CDC,2022,970,55.6
8,Barley,MAVERICK CDC,2023,1664,47.2
8,Barley,MAVERICK CDC,2024,2127,65.7
8,Barley,MAVERICK CDC,2025,1199,41.7
8,Barley,METCALFE AC,2021,5080,37.7
8,Barley,METCALFE AC,2022,2916,47.6
8,Barley,METCALFE AC,2023,1428,39.4
8,Barley,METCALFE AC,2024,679,39.4
8,Barley,METCALFE AC,2025,732,44.3
8,Barley,SYNERGY AAC,2021,18233,50.7
8,Barley,SYNERGY AAC,2022,11421,80.9
8,Barley,SYNERGY AAC,2023,20228,70.9
8,Barley,SYNERGY AAC,2024,15849,67.2
8,Barley,SYNERGY AAC,2025,17268,79.1
8,Canola/Rapeseed,BY 6211TF,2021,,
8,Canola/Rapeseed,BY 6211TF,2022,,
8,Canola/Rapeseed,BY 6211TF,2023,,
8,Canola/Rapeseed,BY 6211TF,2024,501,31.6
8,Canola/Rapeseed,BY 6211TF,2025,866,36.2
8,Canola/Rapeseed,BY 7204LL,2021,,
8,Canola/Rapeseed,BY 7204LL,2022,,
8,Canola/Rapeseed,BY 7204LL,2023,,
8,Canola/Rapeseed,BY 7204LL,2024,560,28.6
8,Canola/Rapeseed,BY 7204LL,2025,2711,46.2
8,Canola/Rapeseed,B3020,2021,,
8,Canola/Rapeseed,B3020,2022,,
8,Canola/Rapeseed,B3020,2023,,
8,Canola/Rapeseed,B3020,2024,,
8,Canola/Rapeseed,B3020,2025,1583,43.2
8,Canola/Rapeseed,CS4000 LL,2021,,
8,Canola/Rapeseed,CS4000 LL,2022,2294,37.7
8,Canola/Rapeseed,CS4000 LL,2023,6490,41.0
8,Canola/Rapeseed,CS4000 LL,2024,3570,23.2
8,Canola/Rapeseed,CS4000 LL,2025,506,39.2
8,Canola/Rapeseed,CS4100 LL,2021,,
8,Canola/Rapeseed,CS4100 LL,2022,,
8,Canola/Rapeseed,CS4100 LL,2023,,
8,Canola/Rapeseed,CS4100 LL,2024,,
8,Canola/Rapeseed,CS4100 LL,2025,1050,50.5
8,Canola/Rapeseed,DK 801 LL,2021,,
8,Canola/Rapeseed,DK 801 LL,2022,,
8,Canola/Rapeseed,DK 801 LL,2023,,
8,Canola/Rapeseed,DK 801 LL,2024,650,22.4
8,Canola/Rapeseed,DK 801 LL,2025,9691,44.6
8,Canola/Rapeseed,DK400TL,2021,,
8,Canola/Rapeseed,DK400TL,2022,,
8,Canola/Rapeseed,DK400TL,2023,,
8,Canola/Rapeseed,DK400TL,2024,3699,14.6
8,Canola/Rapeseed,DK400TL,2025,3706,39.2
8,Canola/Rapeseed,DK401TK,2021,,
8,Canola/Rapeseed,DK401TK,2022,,
8,Canola/Rapeseed,DK401TK,2023,,
8,Canola/Rapeseed,DK401TK,2024,,
8,Canola/Rapeseed,DK401TK,2025,3842,42.8
8,Canola/Rapeseed,DK800LL,2021,,
8,Canola/Rapeseed,DK800LL,2022,,
8,Canola/Rapeseed,DK800LL,2023,,
8,Canola/Rapeseed,DK800LL,2024,500,36.8
8,Canola/Rapeseed,DK800LL,2025,3204,44.2
8,Canola/Rapeseed,DK801LL,2021,,
8,Canola/Rapeseed,DK801LL,2022,,
8,Canola/Rapeseed,DK801LL,2023,,
8,Canola/Rapeseed,DK801LL,2024,,
8,Canola/Rapeseed,DK801LL,2025,1043,55.1
8,Canola/Rapeseed,DK900TF,2021,,
8,Canola/Rapeseed,DK900TF,2022,,
8,Canola/Rapeseed,DK900TF,2023,4821,39.7
8,Canola/Rapeseed,DK900TF,2024,7662,23.2
8,Canola/Rapeseed,DK900TF,2025,3169,38.4
8,Canola/Rapeseed,LR354PC,2021,,
8,Canola/Rapeseed,LR354PC,2022,,
8,Canola/Rapeseed,LR354PC,2023,5128,38.2
8,Canola/Rapeseed,LR354PC,2024,5195,24.9
8,Canola/Rapeseed,LR354PC,2025,1003,32.0
8,Canola/Rapeseed,L230,2021,2020,11.9
8,Canola/Rapeseed,L230,2022,,
8,Canola/Rapeseed,L230,2023,,
8,Canola/Rapeseed,L230,2024,,
8,Canola/Rapeseed,L230,2025,6524,54.1
8,Canola/Rapeseed,L233P,2021,231407,26.5
8,Canola/Rapeseed,L233P,2022,136027,44.5
8,Canola/Rapeseed,L233P,2023,138819,34.9
8,Canola/Rapeseed,L233P,2024,73913,32.1
8,Canola/Rapeseed,L233P,2025,34666,45.5
8,Canola/Rapeseed,L330PC,2021,,
8,Canola/Rapeseed,L330PC,2022,,
8,Canola/Rapeseed,L330PC,2023,,
8,Canola/Rapeseed,L330PC,2024,,
8,Canola/Rapeseed,L330PC,2025,33636,49.4
8,Canola/Rapeseed,L333PC,2021,,
8,Canola/Rapeseed,L333PC,2022,,
8,Canola/Rapeseed,L333PC,2023,,
8,Canola/Rapeseed,L333PC,2024,,
8,Canola/Rapeseed,L333PC,2025,10895,50.4
8,Canola/Rapeseed,L340PC,2021,19257,28.3
8,Canola/Rapeseed,L340PC,2022,105154,48.2
8,Canola/Rapeseed,L340PC,2023,202554,38.6
8,Canola/Rapeseed,L340PC,2024,229232,36.4
8,Canola/Rapeseed,L340PC,2025,269801,51.1
8,Canola/Rapeseed,L341PC,2021,,
8,Canola/Rapeseed,L341PC,2022,,
8,Canola/Rapeseed,L341PC,2023,,
8,Canola/Rapeseed,L341PC,2024,,
8,Canola/Rapeseed,L341PC,2025,1470,44.5
8,Canola/Rapeseed,L343PC,2021,,
8,Canola/Rapeseed,L343PC,2022,740,41.1
8,Canola/Rapeseed,L343PC,2023,3480,33.7
8,Canola/Rapeseed,L343PC,2024,1016,36.3
8,Canola/Rapeseed,L343PC,2025,2731,47.0
8,Canola/Rapeseed,L345PC,2021,92079,27.8
8,Canola/Rapeseed,L345PC,2022,52480,48.8
8,Canola/Rapeseed,L345PC,2023,58937,36.2
8,Canola/Rapeseed,L345PC,2024,63596,34.8
8,Canola/Rapeseed,L345PC,2025,35780,48.3
8,Canola/Rapeseed,L350PC,2021,,
8,Canola/Rapeseed,L350PC,2022,,
8,Canola/Rapeseed,L350PC,2023,27162,44.5
8,Canola/Rapeseed,L350PC,2024,6206,32.3
8,Canola/Rapeseed,L350PC,2025,5219,50.0
8,Canola/Rapeseed,L352C,2021,1980,28.0
8,Canola/Rapeseed,L352C,2022,,
8,Canola/Rapeseed,L352C,2023,,
8,Canola/Rapeseed,L352C,2024,,
8,Canola/Rapeseed,L352C,2025,1082,47.6
8,Canola/Rapeseed,L356PC,2021,,
8,Canola/Rapeseed,L356PC,2022,8642,48.6
8,Canola/Rapeseed,L356PC,2023,40098,40.3
8,Canola/Rapeseed,L356PC,2024,62794,31.0
8,Canola/Rapeseed,L356PC,2025,45566,52.7
8,Canola/Rapeseed,PV 661 LCM,2021,,
8,Canola/Rapeseed,PV 661 LCM,2022,,
8,Canola/Rapeseed,PV 661 LCM,2023,,
8,Canola/Rapeseed,PV 661 LCM,2024,,
8,Canola/Rapeseed,PV 661 LCM,2025,2517,40.3
8,Canola/Rapeseed,PV 761 TM,2021,1327,26.1
8,Canola/Rapeseed,PV 761 TM,2022,1247,35.1
8,Canola/Rapeseed,PV 761 TM,2023,1912,28.4
8,Canola/Rapeseed,PV 761 TM,2024,,
8,Canola/Rapeseed,PV 761 TM,2025,542,26.7
8,Canola/Rapeseed,P502CL,2021,,
8,Canola/Rapeseed,P502CL,2022,,
8,Canola/Rapeseed,P502CL,2023,,
8,Canola/Rapeseed,P502CL,2024,,
8,Canola/Rapeseed,P502CL,2025,595,46.5
8,Canola/Rapeseed,P505MSL,2021,2239,19.9
8,Canola/Rapeseed,P505MSL,2022,3207,47.3
8,Canola/Rapeseed,P505MSL,2023,2703,31.9
8,Canola/Rapeseed,P505MSL,2024,3060,31.2
8,Canola/Rapeseed,P505MSL,2025,1685,39.7
8,Canola/Rapeseed,P515G,2021,,
8,Canola/Rapeseed,P515G,2022,,
8,Canola/Rapeseed,P515G,2023,,
8,Canola/Rapeseed,P515G,2024,4473,29.9
8,Canola/Rapeseed,P515G,2025,2249,46.5
8,Canola/Rapeseed,P520L,2021,,
8,Canola/Rapeseed,P520L,2022,,
8,Canola/Rapeseed,P520L,2023,,
8,Canola/Rapeseed,P520L,2024,,
8,Canola/Rapeseed,P520L,2025,5776,42.9
8,Canola/Rapeseed,P617SL,2021,,
8,Canola/Rapeseed,P617SL,2022,,
8,Canola/Rapeseed,P617SL,2023,,
8,Canola/Rapeseed,P617SL,2024,,
8,Canola/Rapeseed,P617SL,2025,602,39.6
8,Field Peas,ABERDEEN AAC,2021,,
8,Field Peas,ABERDEEN AAC,2022,,
8,Field Peas,ABERDEEN AAC,2023,2071,37.2
8,Field Peas,ABERDEEN AAC,2024,1414,32.2
8,Field Peas,ABERDEEN AAC,2025,1426,51.1
8,Field Peas,AMARILLO CDC,2021,2400,29.7
8,Field Peas,AMARILLO CDC,2022,2976,35.7
8,Field Peas,AMARILLO CDC,2023,2575,33.7
8,Field Peas,AMARILLO CDC,2024,1168,37.3
8,Field Peas,AMARILLO CDC,2025,3097,40.9
8,Field Peas,ARDILL AAC,2021,3172,27.9
8,Field Peas,ARDILL AAC,2022,1567,28.3
8,Field Peas,ARDILL AAC,2023,2392,30.7
8,Field Peas,ARDILL AAC,2024,2438,34.0
8,Field Peas,ARDILL AAC,2025,3841,46.2
8,Field Peas,CARVER AAC,2021,4369,26.4
8,Field Peas,CARVER AAC,2022,2659,37.9
8,Field Peas,CARVER AAC,2023,7922,38.4
8,Field Peas,CARVER AAC,2024,4062,37.0
8,Field Peas,CARVER AAC,2025,3943,54.6
8,Field Peas,CHROME AAC,2021,2027,28.9
8,Field Peas,CHROME AAC,2022,3751,41.7
8,Field Peas,CHROME AAC,2023,4662,32.5
8,Field Peas,CHROME AAC,2024,8602,31.5
8,Field Peas,CHROME AAC,2025,2740,42.8
8,Field Peas,CITRINE CDC,2021,,
8,Field Peas,CITRINE CDC,2022,,
8,Field Peas,CITRINE CDC,2023,,
8,Field Peas,CITRINE CDC,2024,,
8,Field Peas,CITRINE CDC,2025,490,56.7
8,Field Peas,FOREST CDC,2021,1970,24.9
8,Field Peas,FOREST CDC,2022,2590,37.8
8,Field Peas,FOREST CDC,2023,2644,40.1
8,Field Peas,FOREST CDC,2024,2117,33.8
8,Field Peas,FOREST CDC,2025,3516,46.5
8,Field Peas,GOLDEN CDC,2021,,
8,Field Peas,GOLDEN CDC,2022,1688,43.1
8,Field Peas,GOLDEN CDC,2023,719,30.5
8,Field Peas,GOLDEN CDC,2024,2703,31.4
8,Field Peas,GOLDEN CDC,2025,1300,41.7
8,Field Peas,GREENWATER,2021,3420,23.3
8,Field Peas,GREENWATER,2022,2597,35.5
8,Field Peas,GREENWATER,2023,1049,32.9
8,Field Peas,GREENWATER,2024,624,28.6
8,Field Peas,GREENWATER,2025,1108,41.9
8,Field Peas,HICKIE CDC,2021,,
8,Field Peas,HICKIE CDC,2022,,
8,Field Peas,HICKIE CDC,2023,584,34.7
8,Field Peas,HICKIE CDC,2024,1170,30.2
8,Field Peas,HICKIE CDC,2025,1413,46.0
8,Field Peas,INCA CDC,2021,8468,24.7
8,Field Peas,INCA CDC,2022,5571,44.3
8,Field Peas,INCA CDC,2023,6730,34.4
8,Field Peas,INCA CDC,2024,5068,44.2
8,Field Peas,INCA CDC,2025,6609,55.9
8,Field Peas,JULIUS AAC,2021,,
8,Field Peas,JULIUS AAC,2022,,
8,Field Peas,JULIUS AAC,2023,,
8,Field Peas,JULIUS AAC,2024,1324,41.3
8,Field Peas,JULIUS AAC,2025,5816,45.5
8,Field Peas,LEWOCHKO CDC,2021,,
8,Field Peas,LEWOCHKO CDC,2022,,
8,Field Peas,LEWOCHKO CDC,2023,3613,37.7
8,Field Peas,LEWOCHKO CDC,2024,766,35.0
8,Field Peas,LEWOCHKO CDC,2025,3422,57.2
8,Field Peas,MEADOW CDC,2021,8303,26.2
8,Field Peas,MEADOW CDC,2022,8303,39.8
8,Field Peas,MEADOW CDC,2023,9615,35.3
8,Field Peas,MEADOW CDC,2024,5513,33.5
8,Field Peas,MEADOW CDC,2025,8388,43.3
8,Field Peas,SPECTRUM CDC,2021,2745,22.0
8,Field Peas,SPECTRUM CDC,2022,1741,44.8
8,Field Peas,SPECTRUM CDC,2023,1392,30.6
8,Field Peas,SPECTRUM CDC,2024,1632,29.2
8,Field Peas,SPECTRUM CDC,2025,3332,41.4
8,Field Peas,SPRUCE CDC,2021,,
8,Field Peas,SPRUCE CDC,2022,,
8,Field Peas,SPRUCE CDC,2023,,
8,Field Peas,SPRUCE CDC,2024,,
8,Field Peas,SPRUCE CDC,2025,618,53.9
8,Field Peas,TOLLEFSON CDC,2021,,
8,Field Peas,TOLLEFSON CDC,2022,,
8,Field Peas,TOLLEFSON CDC,2023,,
8,Field Peas,TOLLEFSON CDC,2024,534,33.0
8,Field Peas,TOLLEFSON CDC,2025,1877,39.8
8,Flax,BETHUNE CDC,2021,7459,11.1
8,Flax,BETHUNE CDC,2022,5627,28.1
8,Flax,BETHUNE CDC,2023,3384,16.9
8,Flax,BETHUNE CDC,2024,1764,15.4
8,Flax,BETHUNE CDC,2025,5856,28.1
8,Flax,GLAS CDC,2021,13490,16.0
8,Flax,GLAS CDC,2022,14235,32.2
8,Flax,GLAS CDC,2023,8169,15.0
8,Flax,GLAS CDC,2024,3505,10.6
8,Flax,GLAS CDC,2025,3558,33.8
8,Flax,NEELA CDC,2021,1986,11.4
8,Flax,NEELA CDC,2022,782,18.1
8,Flax,NEELA CDC,2023,2055,24.2
8,Flax,NEELA CDC,2024,1174,19.8
8,Flax,NEELA CDC,2025,2243,26.4
8,Flax,ROWLAND CDC,2021,449,7.7
8,Flax,ROWLAND CDC,2022,1145,30.5
8,Flax,ROWLAND CDC,2023,6051,25.8
8,Flax,ROWLAND CDC,2024,8920,19.4
8,Flax,ROWLAND CDC,2025,17290,35.1
8,Flax,SORREL CDC,2021,12476,11.8
8,Flax,SORREL CDC,2022,7565,28.4
8,Flax,SORREL CDC,2023,6493,15.0
8,Flax,SORREL CDC,2024,3972,14.8
8,Flax,SORREL CDC,2025,3358,24.3
8,IP Canola/Rapeseed,L358HPC,2021,,
8,IP Canola/Rapeseed,L358HPC,2022,,
8,IP Canola/Rapeseed,L358HPC,2023,,
8,IP Canola/Rapeseed,L358HPC,2024,20030,33.4
8,IP Canola/Rapeseed,L358HPC,2025,6294,45.3
8,Mustard - Brown,CENTENNIAL BROWN,2021,,
8,Mustard - Brown,CENTENNIAL BROWN,2022,408,12.9
8,Mustard - Brown,CENTENNIAL BROWN,2023,575,12.4
8,Mustard - Brown,CENTENNIAL BROWN,2024,,
8,Mustard - Brown,CENTENNIAL BROWN,2025,705,23.5
8,Mustard - Yellow,ANDANTE,2021,1290,13.9
8,Mustard - Yellow,ANDANTE,2022,1913,20.0
8,Mustard - Yellow,ANDANTE,2023,1654,16.8
8,Mustard - Yellow,ANDANTE,2024,2732,8.6
8,Mustard - Yellow,ANDANTE,2025,776,22.9
8,Mustard - Yellow,YELLOW 80 AAC,2021,,
8,Mustard - Yellow,YELLOW 80 AAC,2022,,
8,Mustard - Yellow,YELLOW 80 AAC,2023,,
8,Mustard - Yellow,YELLOW 80 AAC,2024,625,14.5
8,Mustard - Yellow,YELLOW 80 AAC,2025,1552,23.3
8,Oats,ARBORG CDC,2021,,
8,Oats,ARBORG CDC,2022,3518,128.6
8,Oats,ARBORG CDC,2023,2476,78.7
8,Oats,ARBORG CDC,2024,2617,76.4
8,Oats,ARBORG CDC,2025,1766,86.0
8,Oats,DANCER CDC,2021,,
8,Oats,DANCER CDC,2022,,
8,Oats,DANCER CDC,2023,435,20.1
8,Oats,DANCER CDC,2024,,
8,Oats,DANCER CDC,2025,570,35.7
8,Oats,ENDURE CDC,2021,,
8,Oats,ENDURE CDC,2022,1861,103.0
8,Oats,ENDURE CDC,2023,897,76.6
8,Oats,ENDURE CDC,2024,890,65.9
8,Oats,ENDURE CDC,2025,1974,97.2
8,Oats,PINNACLE,2021,920,76.2
8,Oats,PINNACLE,2022,2078,90.6
8,Oats,PINNACLE,2023,1894,66.9
8,Oats,PINNACLE,2024,1644,48.0
8,Oats,PINNACLE,2025,754,71.4
8,Wheat,- Canada Prairie PASTEUR,2021,2143,41.6
8,Wheat,- Canada Prairie PASTEUR,2022,1140,53.5
8,Wheat,- Canada Prairie PASTEUR,2023,515,42.5
8,Wheat,- Canada Prairie PASTEUR,2024,903,29.2
8,Wheat,- Canada Prairie PASTEUR,2025,918,47.4
8,Wheat - Durum,ALLOY CDC,2021,18414,36.0
8,Wheat - Durum,ALLOY CDC,2022,28975,63.2
8,Wheat - Durum,ALLOY CDC,2023,23354,47.9
8,Wheat - Durum,ALLOY CDC,2024,16365,42.3
8,Wheat - Durum,ALLOY CDC,2025,12483,56.3
8,Wheat - Durum,BRIGADE,2021,35630,37.2
8,Wheat - Durum,BRIGADE,2022,33224,59.0
8,Wheat - Durum,BRIGADE,2023,30323,41.4
8,Wheat - Durum,BRIGADE,2024,20173,50.4
8,Wheat - Durum,BRIGADE,2025,22034,55.2
8,Wheat - Durum,COMMANDER,2021,4538,36.4
8,Wheat - Durum,COMMANDER,2022,5350,58.9
8,Wheat - Durum,COMMANDER,2023,4738,44.3
8,Wheat - Durum,COMMANDER,2024,4579,67.4
8,Wheat - Durum,COMMANDER,2025,4127,67.1
8,Wheat - Durum,CONGRESS AAC,2021,13735,43.3
8,Wheat - Durum,CONGRESS AAC,2022,18034,53.9
8,Wheat - Durum,CONGRESS AAC,2023,13308,56.7
8,Wheat - Durum,CONGRESS AAC,2024,7280,55.2
8,Wheat - Durum,CONGRESS AAC,2025,7737,72.2
8,Wheat - Durum,CREDENCE CDC,2021,17327,31.4
8,Wheat - Durum,CREDENCE CDC,2022,7436,70.8
8,Wheat - Durum,CREDENCE CDC,2023,4927,50.4
8,Wheat - Durum,CREDENCE CDC,2024,4853,41.6
8,Wheat - Durum,CREDENCE CDC,2025,8257,53.4
8,Wheat - Durum,DEFY CDC,2021,4558,28.0
8,Wheat - Durum,DEFY CDC,2022,15356,71.0
8,Wheat - Durum,DEFY CDC,2023,72508,50.4
8,Wheat - Durum,DEFY CDC,2024,150494,51.9
8,Wheat - Durum,DEFY CDC,2025,149321,65.8
8,Wheat - Durum,DONLOW AAC,2021,,
8,Wheat - Durum,DONLOW AAC,2022,2487,72.0
8,Wheat - Durum,DONLOW AAC,2023,20529,54.3
8,Wheat - Durum,DONLOW AAC,2024,28722,50.5
8,Wheat - Durum,DONLOW AAC,2025,38734,69.8
8,Wheat - Durum,DYNAMIC CDC,2021,3735,31.3
8,Wheat - Durum,DYNAMIC CDC,2022,2668,52.1
8,Wheat - Durum,DYNAMIC CDC,2023,3575,33.0
8,Wheat - Durum,DYNAMIC CDC,2024,4090,46.3
8,Wheat - Durum,DYNAMIC CDC,2025,4894,53.7
8,Wheat - Durum,EVIDENT CDC,2021,,
8,Wheat - Durum,EVIDENT CDC,2022,,
8,Wheat - Durum,EVIDENT CDC,2023,,
8,Wheat - Durum,EVIDENT CDC,2024,,
8,Wheat - Durum,EVIDENT CDC,2025,1046,72.6
8,Wheat - Durum,FLARE CDC,2021,,
8,Wheat - Durum,FLARE CDC,2022,2821,28.1
8,Wheat - Durum,FLARE CDC,2023,1587,37.5
8,Wheat - Durum,FLARE CDC,2024,1826,31.2
8,Wheat - Durum,FLARE CDC,2025,2029,37.7
8,Wheat - Durum,FORTITUDE CDC,2021,,
8,Wheat - Durum,FORTITUDE CDC,2022,2723,48.6
8,Wheat - Durum,FORTITUDE CDC,2023,2734,41.7
8,Wheat - Durum,FORTITUDE CDC,2024,1494,37.1
8,Wheat - Durum,FORTITUDE CDC,2025,892,44.1
8,Wheat - Durum,GRAINLAND AAC,2021,2049,40.6
8,Wheat - Durum,GRAINLAND AAC,2022,3569,53.7
8,Wheat - Durum,GRAINLAND AAC,2023,6025,42.2
8,Wheat - Durum,GRAINLAND AAC,2024,17727,43.7
8,Wheat - Durum,GRAINLAND AAC,2025,2638,43.4
8,Wheat - Durum,PELISSIER,2021,,
8,Wheat - Durum,PELISSIER,2022,,
8,Wheat - Durum,PELISSIER,2023,1279,52.0
8,Wheat - Durum,PELISSIER,2024,1162,53.7
8,Wheat - Durum,PELISSIER,2025,1279,44.7
8,Wheat - Durum,PRECISION CDC,2021,86052,38.1
8,Wheat - Durum,PRECISION CDC,2022,77894,61.8
8,Wheat - Durum,PRECISION CDC,2023,103172,45.2
8,Wheat - Durum,PRECISION CDC,2024,66168,51.4
8,Wheat - Durum,PRECISION CDC,2025,48123,57.8
8,Wheat - Durum,RAYMORE AAC,2021,1302,35.3
8,Wheat - Durum,RAYMORE AAC,2022,1290,65.2
8,Wheat - Durum,RAYMORE AAC,2023,,
8,Wheat - Durum,RAYMORE AAC,2024,1462,47.8
8,Wheat - Durum,RAYMORE AAC,2025,610,71.0
8,Wheat - Durum,SCHRADER AAC,2021,,
8,Wheat - Durum,SCHRADER AAC,2022,,
8,Wheat - Durum,SCHRADER AAC,2023,443,61.1
8,Wheat - Durum,SCHRADER AAC,2024,7690,45.2
8,Wheat - Durum,SCHRADER AAC,2025,12657,62.8
8,Wheat - Durum,SPITFIRE AAC,2021,40568,38.5
8,Wheat - Durum,SPITFIRE AAC,2022,33081,65.3
8,Wheat - Durum,SPITFIRE AAC,2023,47824,51.9
8,Wheat - Durum,SPITFIRE AAC,2024,39379,48.1
8,Wheat - Durum,SPITFIRE AAC,2025,29012,69.8
8,Wheat - Durum,STRONGFIELD,2021,7501,37.7
8,Wheat - Durum,STRONGFIELD,2022,8315,45.4
8,Wheat - Durum,STRONGFIELD,2023,3310,39.7
8,Wheat - Durum,STRONGFIELD,2024,4161,51.0
8,Wheat - Durum,STRONGFIELD,2025,6024,42.6
8,Wheat - Durum,STRONGHOLD AAC,2021,,
8,Wheat - Durum,STRONGHOLD AAC,2022,920,53.3
8,Wheat - Durum,STRONGHOLD AAC,2023,,
8,Wheat - Durum,STRONGHOLD AAC,2024,,
8,Wheat - Durum,STRONGHOLD AAC,2025,3097,49.3
8,Wheat - Durum,SUCCEED AAC VB,2021,4832,41.0
8,Wheat - Durum,SUCCEED AAC VB,2022,6330,68.9
8,Wheat - Durum,SUCCEED AAC VB,2023,7398,64.0
8,Wheat - Durum,SUCCEED AAC VB,2024,4257,53.3
8,Wheat - Durum,SUCCEED AAC VB,2025,3334,73.8
8,Wheat - Durum,TRANSCEND,2021,92572,32.1
8,Wheat - Durum,TRANSCEND,2022,84085,58.6
8,Wheat - Durum,TRANSCEND,2023,105462,40.2
8,Wheat - Durum,TRANSCEND,2024,75435,43.0
8,Wheat - Durum,TRANSCEND,2025,59941,46.1
8,Wheat - Durum,VANTTA CDC,2021,,
8,Wheat - Durum,VANTTA CDC,2022,,
8,Wheat - Durum,VANTTA CDC,2023,,
8,Wheat - Durum,VANTTA CDC,2024,4164,59.5
8,Wheat - Durum,VANTTA CDC,2025,30291,73.1
8,Wheat - Durum,VERONA CDC,2021,6303,44.0
8,Wheat - Durum,VERONA CDC,2022,3880,67.0
8,Wheat - Durum,VERONA CDC,2023,5567,40.1
8,Wheat - Durum,VERONA CDC,2024,4206,41.4
8,Wheat - Durum,VERONA CDC,2025,2386,56.0
8,Wheat - Durum,WEYBURN VB AAC,2021,,
8,Wheat - Durum,WEYBURN VB AAC,2022,,
8,Wheat - Durum,WEYBURN VB AAC,2023,11972,57.8
8,Wheat - Durum,WEYBURN VB AAC,2024,27929,46.5
8,Wheat - Durum,WEYBURN VB AAC,2025,28197,57.8
8,Wheat - Durum,WISETON CDC,2021,,
8,Wheat - Durum,WISETON CDC,2022,,
8,Wheat - Durum,WISETON CDC,2023,,
8,Wheat - Durum,WISETON CDC,2024,,
8,Wheat - Durum,WISETON CDC,2025,1895,74.8
8,Wheat - Hard Red Spring,BRANDON AAC,2021,50503,35.8
8,Wheat - Hard Red Spring,BRANDON AAC,2022,48369,49.0
8,Wheat - Hard Red Spring,BRANDON AAC,2023,42923,46.7
8,Wheat - Hard Red Spring,BRANDON AAC,2024,32415,45.4
8,Wheat - Hard Red Spring,BRANDON AAC,2025,30959,49.5
8,Wheat - Hard Red Spring,BROADACRES AAC,2021,,
8,Wheat - Hard Red Spring,BROADACRES AAC,2022,,
8,Wheat - Hard Red Spring,BROADACRES AAC,2023,,
8,Wheat - Hard Red Spring,BROADACRES AAC,2024,1175,35.3
8,Wheat - Hard Red Spring,BROADACRES AAC,2025,1746,45.5
8,Wheat - Hard Red Spring,CARBERRY,2021,2309,21.0
8,Wheat - Hard Red Spring,CARBERRY,2022,463,29.4
8,Wheat - Hard Red Spring,CARBERRY,2023,445,38.3
8,Wheat - Hard Red Spring,CARBERRY,2024,,
8,Wheat - Hard Red Spring,CARBERRY,2025,630,36.2
8,Wheat - Hard Red Spring,CARDALE,2021,3726,31.3
8,Wheat - Hard Red Spring,CARDALE,2022,2982,46.7
8,Wheat - Hard Red Spring,CARDALE,2023,2929,40.6
8,Wheat - Hard Red Spring,CARDALE,2024,2021,35.3
8,Wheat - Hard Red Spring,CARDALE,2025,1856,40.8
8,Wheat - Hard Red Spring,ENVY CDC,2021,,
8,Wheat - Hard Red Spring,ENVY CDC,2022,,
8,Wheat - Hard Red Spring,ENVY CDC,2023,,
8,Wheat - Hard Red Spring,ENVY CDC,2024,,
8,Wheat - Hard Red Spring,ENVY CDC,2025,723,46.5
8,Wheat - Hard Red Spring,GLENN,2021,1809,28.3
8,Wheat - Hard Red Spring,GLENN,2022,1844,46.5
8,Wheat - Hard Red Spring,GLENN,2023,963,48.6
8,Wheat - Hard Red Spring,GLENN,2024,1138,25.3
8,Wheat - Hard Red Spring,GLENN,2025,605,41.3
8,Wheat - Hard Red Spring,GO CDC,2021,458,16.2
8,Wheat - Hard Red Spring,GO CDC,2022,,
8,Wheat - Hard Red Spring,GO CDC,2023,532,25.6
8,Wheat - Hard Red Spring,GO CDC,2024,,
8,Wheat - Hard Red Spring,GO CDC,2025,480,46.0
8,Wheat - Hard Red Spring,HOCKLEY AAC,2021,,
8,Wheat - Hard Red Spring,HOCKLEY AAC,2022,,
8,Wheat - Hard Red Spring,HOCKLEY AAC,2023,1161,35.7
8,Wheat - Hard Red Spring,HOCKLEY AAC,2024,1695,33.9
8,Wheat - Hard Red Spring,HOCKLEY AAC,2025,2167,47.8
8,Wheat - Hard Red Spring,HODGE AAC VB,2021,,
8,Wheat - Hard Red Spring,HODGE AAC VB,2022,,
8,Wheat - Hard Red Spring,HODGE AAC VB,2023,2074,56.9
8,Wheat - Hard Red Spring,HODGE AAC VB,2024,3699,29.7
8,Wheat - Hard Red Spring,HODGE AAC VB,2025,9098,61.4
8,Wheat - Hard Red Spring,LANDMARK CDC,2021,7696,35.7
8,Wheat - Hard Red Spring,LANDMARK CDC,2022,6354,46.8
8,Wheat - Hard Red Spring,LANDMARK CDC,2023,4831,47.7
8,Wheat - Hard Red Spring,LANDMARK CDC,2024,2698,36.9
8,Wheat - Hard Red Spring,LANDMARK CDC,2025,4217,60.3
8,Wheat - Hard Red Spring,REDBERRY AAC,2021,4823,45.5
8,Wheat - Hard Red Spring,REDBERRY AAC,2022,1946,46.3
8,Wheat - Hard Red Spring,REDBERRY AAC,2023,5870,39.2
8,Wheat - Hard Red Spring,REDBERRY AAC,2024,4567,38.5
8,Wheat - Hard Red Spring,REDBERRY AAC,2025,4608,33.3
8,Wheat - Hard Red Spring,STARBUCK AAC VB,2021,1095,45.5
8,Wheat - Hard Red Spring,STARBUCK AAC VB,2022,1585,50.3
8,Wheat - Hard Red Spring,STARBUCK AAC VB,2023,7357,26.1
8,Wheat - Hard Red Spring,STARBUCK AAC VB,2024,6670,53.3
8,Wheat - Hard Red Spring,STARBUCK AAC VB,2025,5405,53.5
8,Wheat - Hard Red Spring,SUPERB AC,2021,1580,28.3
8,Wheat - Hard Red Spring,SUPERB AC,2022,1376,40.6
8,Wheat - Hard Red Spring,SUPERB AC,2023,,
8,Wheat - Hard Red Spring,SUPERB AC,2024,,
8,Wheat - Hard Red Spring,SUPERB AC,2025,821,63.9
8,Wheat - Hard Red Spring,TITANIUM VB CDC,2021,2196,33.7
8,Wheat - Hard Red Spring,TITANIUM VB CDC,2022,2476,47.4
8,Wheat - Hard Red Spring,TITANIUM VB CDC,2023,1762,33.7
8,Wheat - Hard Red Spring,TITANIUM VB CDC,2024,2023,42.0
8,Wheat - Hard Red Spring,TITANIUM VB CDC,2025,728,47.5
8,Wheat - Hard Red Spring,VIEWFIELD AAC,2021,27076,43.2
8,Wheat - Hard Red Spring,VIEWFIELD AAC,2022,29315,54.1
8,Wheat - Hard Red Spring,VIEWFIELD AAC,2023,24890,58.2
8,Wheat - Hard Red Spring,VIEWFIELD AAC,2024,13033,53.2
8,Wheat - Hard Red Spring,VIEWFIELD AAC,2025,19893,62.8
8,Wheat - Hard Red Spring,WHEATLAND VB AAC,2021,2533,23.8
8,Wheat - Hard Red Spring,WHEATLAND VB AAC,2022,3633,57.0
8,Wheat - Hard Red Spring,WHEATLAND VB AAC,2023,7727,52.5
8,Wheat - Hard Red Spring,WHEATLAND VB AAC,2024,9585,42.6
8,Wheat - Hard Red Spring,WHEATLAND VB AAC,2025,10932,56.6
8,Wheat - Winter,WILDFIRE AAC,2021,,
8,Wheat - Winter,WILDFIRE AAC,2022,2326,62.3
8,Wheat - Winter,WILDFIRE AAC,2023,,
8,Wheat - Winter,WILDFIRE AAC,2024,,
8,Wheat - Winter,WILDFIRE AAC,2025,1300,69.2
8,Canary Seed,CANTATE,2021,30551,1299
8,Canary Seed,CANTATE,2022,21288,1795
8,Canary Seed,CANTATE,2023,23615,1409
8,Canary Seed,CANTATE,2024,21085,1559
8,Canary Seed,CANTATE,2025,20631,2156
8,Canary Seed,KEET,2021,10001,1365
8,Canary Seed,KEET,2022,10936,1927
8,Canary Seed,KEET,2023,11949,1530
8,Canary Seed,KEET,2024,10159,1671
8,Canary Seed,KEET,2025,17227,2251
8,Canary Seed,LUMIO CDC,2021,,
8,Canary Seed,LUMIO CDC,2022,1773,1623
8,Canary Seed,LUMIO CDC,2023,6179,1261
8,Canary Seed,LUMIO CDC,2024,11541,1594
8,Canary Seed,LUMIO CDC,2025,20307,1900
8,Canary Seed,MARIA CDC,2021,3222,1303
8,Canary Seed,MARIA CDC,2022,2040,1444
8,Canary Seed,MARIA CDC,2023,1719,2011
8,Canary Seed,MARIA CDC,2024,795,2041
8,Canary Seed,MARIA CDC,2025,944,2282
8,Canary Seed,TOGO CDC,2021,1111,1014
8,Canary Seed,TOGO CDC,2022,,
8,Canary Seed,TOGO CDC,2023,1101,1162
8,Canary Seed,TOGO CDC,2024,750,1153
8,Canary Seed,TOGO CDC,2025,495,1433
8,Chickpea,- Large Kabuli LANCER CDC,2021,,
8,Chickpea,- Large Kabuli LANCER CDC,2022,,
8,Chickpea,- Large Kabuli LANCER CDC,2023,1513,1724
8,Chickpea,- Large Kabuli LANCER CDC,2024,1750,1925
8,Chickpea,- Large Kabuli LANCER CDC,2025,2003,3457
8,Chickpea,LEADER CDC,2021,4260,1980
8,Chickpea,LEADER CDC,2022,4531,2970
8,Chickpea,LEADER CDC,2023,14675,2205
8,Chickpea,LEADER CDC,2024,21851,1982
8,Chickpea,LEADER CDC,2025,20207,2606
8,Chickpea,ORION CDC,2021,1421,1781
8,Chickpea,ORION CDC,2022,1244,2485
8,Chickpea,ORION CDC,2023,3580,1814
8,Chickpea,ORION CDC,2024,,
8,Chickpea,ORION CDC,2025,411,2172
8,Chickpea,ORKNEY CDC,2021,,
8,Chickpea,ORKNEY CDC,2022,,
8,Chickpea,ORKNEY CDC,2023,2873,2092
8,Chickpea,ORKNEY CDC,2024,3101,2390
8,Chickpea,ORKNEY CDC,2025,5122,2663
8,Chickpea,PASQUA CDC,2021,,
8,Chickpea,PASQUA CDC,2022,,
8,Chickpea,PASQUA CDC,2023,,
8,Chickpea,PASQUA CDC,2024,4845,1728
8,Chickpea,PASQUA CDC,2025,12379,2233
8,Chickpea,- Small Kabuli PEARL,2021,,
8,Chickpea,- Small Kabuli PEARL,2022,,
8,Chickpea,- Small Kabuli PEARL,2023,1232,2579
8,Chickpea,- Small Kabuli PEARL,2024,4238,2068
8,Chickpea,- Small Kabuli PEARL,2025,6957,2670
8,Lentils - Large Green,GREENLAND CDC,2021,6745,990
8,Lentils - Large Green,GREENLAND CDC,2022,5292,1184
8,Lentils - Large Green,GREENLAND CDC,2023,6898,1466
8,Lentils - Large Green,GREENLAND CDC,2024,6886,1400
8,Lentils - Large Green,GREENLAND CDC,2025,5059,1797
8,Lentils - Large Green,GREENSTAR CDC,2021,18365,1188
8,Lentils - Large Green,GREENSTAR CDC,2022,14073,1861
8,Lentils - Large Green,GREENSTAR CDC,2023,15221,1590
8,Lentils - Large Green,GREENSTAR CDC,2024,18712,1310
8,Lentils - Large Green,GREENSTAR CDC,2025,12980,2584
8,Lentils - Large Green,GRIMM CDC,2021,,
8,Lentils - Large Green,GRIMM CDC,2022,,
8,Lentils - Large Green,GRIMM CDC,2023,2455,1314
8,Lentils - Large Green,GRIMM CDC,2024,8412,1310
8,Lentils - Large Green,GRIMM CDC,2025,18169,2385
8,Lentils - Large Green,IMPOWER CDC CL,2021,7421,1235
8,Lentils - Large Green,IMPOWER CDC CL,2022,3901,1122
8,Lentils - Large Green,IMPOWER CDC CL,2023,1288,1576
8,Lentils - Large Green,IMPOWER CDC CL,2024,1151,1283
8,Lentils - Large Green,IMPOWER CDC CL,2025,995,1468
8,Lentils - Large Green,IMPROVE CDC,2021,8646,1193
8,Lentils - Large Green,IMPROVE CDC,2022,3816,1127
8,Lentils - Large Green,IMPROVE CDC,2023,2116,1327
8,Lentils - Large Green,IMPROVE CDC,2024,1699,1157
8,Lentils - Large Green,IMPROVE CDC,2025,6357,1706
8,Lentils - Large Green,LAIRD,2021,3310,1100
8,Lentils - Large Green,LAIRD,2022,,
8,Lentils - Large Green,LAIRD,2023,495,939
8,Lentils - Large Green,LAIRD,2024,519,1365
8,Lentils - Large Green,LAIRD,2025,1416,1466
8,Lentils - Large Green,LIMA CDC,2021,17674,1190
8,Lentils - Large Green,LIMA CDC,2022,11606,1396
8,Lentils - Large Green,LIMA CDC,2023,26139,1448
8,Lentils - Large Green,LIMA CDC,2024,38685,1329
8,Lentils - Large Green,LIMA CDC,2025,39935,2110
8,Lentils,- Other ESTON,2021,10097,1301
8,Lentils,- Other ESTON,2022,7730,1056
8,Lentils,- Other ESTON,2023,5276,1806
8,Lentils,- Other ESTON,2024,7946,1528
8,Lentils,- Other ESTON,2025,15790,2288
8,Lentils,IMVINCIBLE CDC CL,2021,53777,1422
8,Lentils,IMVINCIBLE CDC CL,2022,58607,1382
8,Lentils,IMVINCIBLE CDC CL,2023,68447,1662
8,Lentils,IMVINCIBLE CDC CL,2024,69248,1329
8,Lentils,IMVINCIBLE CDC CL,2025,46569,1969
8,Lentils,INDIANHEAD,2021,,
8,Lentils,INDIANHEAD,2022,,
8,Lentils,INDIANHEAD,2023,,
8,Lentils,INDIANHEAD,2024,779,1237
8,Lentils,INDIANHEAD,2025,919,2083
8,Lentils,JIMINI CDC CL,2021,,
8,Lentils,JIMINI CDC CL,2022,,
8,Lentils,JIMINI CDC CL,2023,2779,653
8,Lentils,JIMINI CDC CL,2024,26453,1581
8,Lentils,JIMINI CDC CL,2025,70074,2712
8,Lentils,KERMIT CDC,2021,6107,1517
8,Lentils,KERMIT CDC,2022,7674,2114
8,Lentils,KERMIT CDC,2023,10973,1905
8,Lentils,KERMIT CDC,2024,13927,1550
8,Lentils,KERMIT CDC,2025,5548,2130
8,Lentils,PERIDOT CDC CL,2021,,
8,Lentils,PERIDOT CDC CL,2022,1551,1327
8,Lentils,PERIDOT CDC CL,2023,3432,1894
8,Lentils,PERIDOT CDC CL,2024,4451,1384
8,Lentils,PERIDOT CDC CL,2025,3241,2013
8,Lentils,SB-4 CDC,2021,,
8,Lentils,SB-4 CDC,2022,,
8,Lentils,SB-4 CDC,2023,,
8,Lentils,SB-4 CDC,2024,610,1722
8,Lentils,SB-4 CDC,2025,640,2740
8,Lentils,VICEROY CDC,2021,1708,1407
8,Lentils,VICEROY CDC,2022,2754,1984
8,Lentils,VICEROY CDC,2023,1975,2048
8,Lentils,VICEROY CDC,2024,4590,1578
8,Lentils,VICEROY CDC,2025,640,2220
8,Lentils - Red,DAZIL CDC,2021,21080,1396
8,Lentils - Red,DAZIL CDC,2022,13085,1250
8,Lentils - Red,DAZIL CDC,2023,1485,2004
8,Lentils - Red,DAZIL CDC,2024,2055,1323
8,Lentils - Red,DAZIL CDC,2025,3264,1806
8,Lentils - Red,IMAX CL CDC,2021,5668,935
8,Lentils - Red,IMAX CL CDC,2022,2557,1195
8,Lentils - Red,IMAX CL CDC,2023,1370,1689
8,Lentils - Red,IMAX CL CDC,2024,1086,935
8,Lentils - Red,IMAX CL CDC,2025,1173,1967
8,Lentils - Red,IMPULSE,2021,50398,1292
8,Lentils - Red,IMPULSE,2022,40384,1737
8,Lentils - Red,IMPULSE,2023,34963,1724
8,Lentils - Red,IMPULSE,2024,40941,1530
8,Lentils - Red,IMPULSE,2025,27931,1770
8,Lentils - Red,KING,2021,3872,1526
8,Lentils - Red,KING,2022,3498,1182
8,Lentils - Red,KING,2023,1702,1711
8,Lentils - Red,KING,2024,2645,959
8,Lentils - Red,KING,2025,3698,1682
8,Lentils - Red,KR-1 CDC,2021,,
8,Lentils - Red,KR-1 CDC,2022,,
8,Lentils - Red,KR-1 CDC,2023,,
8,Lentils - Red,KR-1 CDC,2024,,
8,Lentils - Red,KR-1 CDC,2025,557,2026
8,Lentils - Red,MAXIM CDC,2021,22567,1268
8,Lentils - Red,MAXIM CDC,2022,19363,1852
8,Lentils - Red,MAXIM CDC,2023,11684,1706
8,Lentils - Red,MAXIM CDC,2024,14437,1543
8,Lentils - Red,MAXIM CDC,2025,11420,2231
8,Lentils - Red,MONARCH CDC,2021,,
8,Lentils - Red,MONARCH CDC,2022,,
8,Lentils - Red,MONARCH CDC,2023,,
8,Lentils - Red,MONARCH CDC,2024,,
8,Lentils - Red,MONARCH CDC,2025,2063,2154
8,Lentils - Red,NIMBLE,2021,2605,1850
8,Lentils - Red,NIMBLE,2022,4592,2423
8,Lentils - Red,NIMBLE,2023,3437,1914
8,Lentils - Red,NIMBLE,2024,4706,1863
8,Lentils - Red,NIMBLE,2025,3610,2432
8,Lentils - Red,PROCLAIM CDC,2021,46357,1477
8,Lentils - Red,PROCLAIM CDC,2022,45780,1682
8,Lentils - Red,PROCLAIM CDC,2023,46150,1903
8,Lentils - Red,PROCLAIM CDC,2024,36075,1907
8,Lentils - Red,PROCLAIM CDC,2025,35250,2392
8,Lentils - Red,REDMOON,2021,8959,1451
8,Lentils - Red,REDMOON,2022,3486,1312
8,Lentils - Red,REDMOON,2023,3790,1470
8,Lentils - Red,REDMOON,2024,3483,2013
8,Lentils - Red,REDMOON,2025,1755,2817
8,Lentils - Red,SIMMIE CDC,2021,3145,1733
8,Lentils - Red,SIMMIE CDC,2022,2609,1684
8,Lentils - Red,SIMMIE CDC,2023,13066,1561
8,Lentils - Red,SIMMIE CDC,2024,12839,1481
8,Lentils - Red,SIMMIE CDC,2025,16331,2260
9,Barley,ADVANTAGE AB,2021,,
9,Barley,ADVANTAGE AB,2022,,
9,Barley,ADVANTAGE AB,2023,1845,13.9
9,Barley,ADVANTAGE AB,2024,1002,27.7
9,Barley,ADVANTAGE AB,2025,505,66.5
9,Barley,ALTORADO,2021,1085,22.9
9,Barley,ALTORADO,2022,1621,48.6
9,Barley,ALTORADO,2023,1775,24.0
9,Barley,ALTORADO,2024,575,42.1
9,Barley,ALTORADO,2025,586,58.1
9,Barley,AUSTENSON CDC,2021,2175,15.7
9,Barley,AUSTENSON CDC,2022,4765,29.8
9,Barley,AUSTENSON CDC,2023,3090,36.9
9,Barley,AUSTENSON CDC,2024,4691,47.4
9,Barley,AUSTENSON CDC,2025,5102,53.9
9,Barley,CHURCHILL CDC,2021,,
9,Barley,CHURCHILL CDC,2022,,
9,Barley,CHURCHILL CDC,2023,,
9,Barley,CHURCHILL CDC,2024,,
9,Barley,CHURCHILL CDC,2025,472,54.6
9,Barley,CLAYMORE,2021,606,18.8
9,Barley,CLAYMORE,2022,1865,38.5
9,Barley,CLAYMORE,2023,1954,25.1
9,Barley,CLAYMORE,2024,866,27.4
9,Barley,CLAYMORE,2025,712,45.2
9,Barley,COPELAND CDC,2021,7969,23.1
9,Barley,COPELAND CDC,2022,7195,44.0
9,Barley,COPELAND CDC,2023,2976,37.1
9,Barley,COPELAND CDC,2024,3588,38.3
9,Barley,COPELAND CDC,2025,2403,66.9
9,Barley,COWBOY CDC,2021,,
9,Barley,COWBOY CDC,2022,1184,23.7
9,Barley,COWBOY CDC,2023,,
9,Barley,COWBOY CDC,2024,1619,39.7
9,Barley,COWBOY CDC,2025,465,30.0
9,Barley,DURANGO CDC,2021,,
9,Barley,DURANGO CDC,2022,,
9,Barley,DURANGO CDC,2023,,
9,Barley,DURANGO CDC,2024,,
9,Barley,DURANGO CDC,2025,1530,64.4
9,Barley,MAVERICK CDC,2021,2383,19.5
9,Barley,MAVERICK CDC,2022,4780,40.1
9,Barley,MAVERICK CDC,2023,2909,28.6
9,Barley,MAVERICK CDC,2024,4086,30.4
9,Barley,MAVERICK CDC,2025,3533,39.4
9,Barley,RENEGADE CDC,2021,,
9,Barley,RENEGADE CDC,2022,,
9,Barley,RENEGADE CDC,2023,,
9,Barley,RENEGADE CDC,2024,679,55.2
9,Barley,RENEGADE CDC,2025,1348,44.3
9,Barley,SYNERGY AAC,2021,9736,16.9
9,Barley,SYNERGY AAC,2022,8687,48.3
9,Barley,SYNERGY AAC,2023,12040,45.5
9,Barley,SYNERGY AAC,2024,5848,34.0
9,Barley,SYNERGY AAC,2025,6911,50.4
9,Barley,XENA,2021,600,45.9
9,Barley,XENA,2022,1103,67.6
9,Barley,XENA,2023,1430,43.0
9,Barley,XENA,2024,1020,45.9
9,Barley,XENA,2025,625,39.0
9,Canola/Rapeseed,BY 7204LL,2021,,
9,Canola/Rapeseed,BY 7204LL,2022,,
9,Canola/Rapeseed,BY 7204LL,2023,,
9,Canola/Rapeseed,BY 7204LL,2024,2889,29.7
9,Canola/Rapeseed,BY 7204LL,2025,434,41.5
9,Canola/Rapeseed,B3020,2021,,
9,Canola/Rapeseed,B3020,2022,,
9,Canola/Rapeseed,B3020,2023,,
9,Canola/Rapeseed,B3020,2024,,
9,Canola/Rapeseed,B3020,2025,1603,37.0
9,Canola/Rapeseed,DK 801 LL,2021,,
9,Canola/Rapeseed,DK 801 LL,2022,,
9,Canola/Rapeseed,DK 801 LL,2023,,
9,Canola/Rapeseed,DK 801 LL,2024,885,7.1
9,Canola/Rapeseed,DK 801 LL,2025,15712,26.9
9,Canola/Rapeseed,DKTFLL 21 SC,2021,956,12.5
9,Canola/Rapeseed,DKTFLL 21 SC,2022,1064,32.2
9,Canola/Rapeseed,DKTFLL 21 SC,2023,870,24.2
9,Canola/Rapeseed,DKTFLL 21 SC,2024,2471,19.8
9,Canola/Rapeseed,DKTFLL 21 SC,2025,938,45.8
9,Canola/Rapeseed,DK400TL,2021,,
9,Canola/Rapeseed,DK400TL,2022,,
9,Canola/Rapeseed,DK400TL,2023,,
9,Canola/Rapeseed,DK400TL,2024,4107,24.8
9,Canola/Rapeseed,DK400TL,2025,428,39.0
9,Canola/Rapeseed,DK800LL,2021,,
9,Canola/Rapeseed,DK800LL,2022,,
9,Canola/Rapeseed,DK800LL,2023,,
9,Canola/Rapeseed,DK800LL,2024,1921,25.9
9,Canola/Rapeseed,DK800LL,2025,936,33.6
9,Canola/Rapeseed,L233P,2021,87321,14.5
9,Canola/Rapeseed,L233P,2022,62767,25.8
9,Canola/Rapeseed,L233P,2023,60433,21.3
9,Canola/Rapeseed,L233P,2024,33176,25.5
9,Canola/Rapeseed,L233P,2025,15357,40.0
9,Canola/Rapeseed,L330PC,2021,,
9,Canola/Rapeseed,L330PC,2022,,
9,Canola/Rapeseed,L330PC,2023,,
9,Canola/Rapeseed,L330PC,2024,,
9,Canola/Rapeseed,L330PC,2025,7348,40.5
9,Canola/Rapeseed,L333PC,2021,,
9,Canola/Rapeseed,L333PC,2022,,
9,Canola/Rapeseed,L333PC,2023,,
9,Canola/Rapeseed,L333PC,2024,,
9,Canola/Rapeseed,L333PC,2025,2981,34.6
9,Canola/Rapeseed,L340PC,2021,5305,12.7
9,Canola/Rapeseed,L340PC,2022,36635,27.7
9,Canola/Rapeseed,L340PC,2023,78373,24.4
9,Canola/Rapeseed,L340PC,2024,62458,25.7
9,Canola/Rapeseed,L340PC,2025,59995,41.0
9,Canola/Rapeseed,L343PC,2021,,
9,Canola/Rapeseed,L343PC,2022,643,25.4
9,Canola/Rapeseed,L343PC,2023,2987,12.2
9,Canola/Rapeseed,L343PC,2024,2578,18.4
9,Canola/Rapeseed,L343PC,2025,1622,34.6
9,Canola/Rapeseed,L345PC,2021,28189,14.7
9,Canola/Rapeseed,L345PC,2022,26396,23.9
9,Canola/Rapeseed,L345PC,2023,21621,21.9
9,Canola/Rapeseed,L345PC,2024,39424,27.7
9,Canola/Rapeseed,L345PC,2025,23250,37.6
9,Canola/Rapeseed,L356PC,2021,,
9,Canola/Rapeseed,L356PC,2022,,
9,Canola/Rapeseed,L356PC,2023,1253,18.7
9,Canola/Rapeseed,L356PC,2024,8202,27.6
9,Canola/Rapeseed,L356PC,2025,3452,46.8
9,Canola/Rapeseed,P520L,2021,,
9,Canola/Rapeseed,P520L,2022,,
9,Canola/Rapeseed,P520L,2023,,
9,Canola/Rapeseed,P520L,2024,,
9,Canola/Rapeseed,P520L,2025,2341,36.0
9,Field Peas,ARDILL AAC,2021,1694,11.2
9,Field Peas,ARDILL AAC,2022,,
9,Field Peas,ARDILL AAC,2023,1477,31.2
9,Field Peas,ARDILL AAC,2024,2211,25.6
9,Field Peas,ARDILL AAC,2025,4975,36.4
9,Field Peas,BLAZER CDC,2021,,
9,Field Peas,BLAZER CDC,2022,,
9,Field Peas,BLAZER CDC,2023,,
9,Field Peas,BLAZER CDC,2024,,
9,Field Peas,BLAZER CDC,2025,3272,28.1
9,Field Peas,CHROME AAC,2021,1023,3.9
9,Field Peas,CHROME AAC,2022,,
9,Field Peas,CHROME AAC,2023,,
9,Field Peas,CHROME AAC,2024,,
9,Field Peas,CHROME AAC,2025,1311,29.6
9,Field Peas,ECLIPSE,2021,,
9,Field Peas,ECLIPSE,2022,756,16.5
9,Field Peas,ECLIPSE,2023,755,15.4
9,Field Peas,ECLIPSE,2024,,
9,Field Peas,ECLIPSE,2025,1008,13.2
9,Field Peas,FOREST CDC,2021,480,27.7
9,Field Peas,FOREST CDC,2022,,
9,Field Peas,FOREST CDC,2023,1708,29.6
9,Field Peas,FOREST CDC,2024,3477,35.8
9,Field Peas,FOREST CDC,2025,3940,37.7
9,Field Peas,GOLDEN CDC,2021,1274,11.4
9,Field Peas,GOLDEN CDC,2022,1137,27.6
9,Field Peas,GOLDEN CDC,2023,1060,24.1
9,Field Peas,GOLDEN CDC,2024,505,23.0
9,Field Peas,GOLDEN CDC,2025,742,43.8
9,Field Peas,HICKIE CDC,2021,,
9,Field Peas,HICKIE CDC,2022,,
9,Field Peas,HICKIE CDC,2023,,
9,Field Peas,HICKIE CDC,2024,,
9,Field Peas,HICKIE CDC,2025,870,38.4
9,Field Peas,INCA CDC,2021,2155,11.8
9,Field Peas,INCA CDC,2022,1455,24.4
9,Field Peas,INCA CDC,2023,1850,18.2
9,Field Peas,INCA CDC,2024,1834,17.3
9,Field Peas,INCA CDC,2025,2370,35.3
9,Field Peas,JULIUS AAC,2021,,
9,Field Peas,JULIUS AAC,2022,,
9,Field Peas,JULIUS AAC,2023,,
9,Field Peas,JULIUS AAC,2024,,
9,Field Peas,JULIUS AAC,2025,605,36.1
9,Field Peas,MEADOW CDC,2021,4709,14.4
9,Field Peas,MEADOW CDC,2022,2672,26.2
9,Field Peas,MEADOW CDC,2023,3992,22.5
9,Field Peas,MEADOW CDC,2024,5043,24.0
9,Field Peas,MEADOW CDC,2025,6158,32.7
9,Field Peas,SPECTRUM CDC,2021,1666,17.0
9,Field Peas,SPECTRUM CDC,2022,1624,28.8
9,Field Peas,SPECTRUM CDC,2023,1881,23.9
9,Field Peas,SPECTRUM CDC,2024,1376,19.5
9,Field Peas,SPECTRUM CDC,2025,701,41.4
9,Flax,GLAS CDC,2021,2713,7.1
9,Flax,GLAS CDC,2022,1958,21.8
9,Flax,GLAS CDC,2023,3698,10.3
9,Flax,GLAS CDC,2024,1989,13.9
9,Flax,GLAS CDC,2025,1991,28.8
9,Flax,NEELA CDC,2021,1836,8.7
9,Flax,NEELA CDC,2022,1883,12.6
9,Flax,NEELA CDC,2023,1929,7.7
9,Flax,NEELA CDC,2024,2033,12.6
9,Flax,NEELA CDC,2025,2095,17.8
9,Flax,ROWLAND CDC,2021,,
9,Flax,ROWLAND CDC,2022,,
9,Flax,ROWLAND CDC,2023,1498,14.2
9,Flax,ROWLAND CDC,2024,,
9,Flax,ROWLAND CDC,2025,2024,25.0
9,Flax,SORREL CDC,2021,4501,5.9
9,Flax,SORREL CDC,2022,2040,15.0
9,Flax,SORREL CDC,2023,1614,10.9
9,Flax,SORREL CDC,2024,1374,12.4
9,Flax,SORREL CDC,2025,1066,19.3
9,IP Canola/Rapeseed,L358HPC,2021,,
9,IP Canola/Rapeseed,L358HPC,2022,,
9,IP Canola/Rapeseed,L358HPC,2023,,
9,IP Canola/Rapeseed,L358HPC,2024,8041,34.5
9,IP Canola/Rapeseed,L358HPC,2025,2307,45.3
9,Mustard - Brown,CENTENNIAL BROWN,2021,,
9,Mustard - Brown,CENTENNIAL BROWN,2022,970,16.5
9,Mustard - Brown,CENTENNIAL BROWN,2023,1340,16.2
9,Mustard - Brown,CENTENNIAL BROWN,2024,1095,11.4
9,Mustard - Brown,CENTENNIAL BROWN,2025,1615,17.9
9,Mustard - Yellow,ANDANTE,2021,685,3.9
9,Mustard - Yellow,ANDANTE,2022,2190,9.7
9,Mustard - Yellow,ANDANTE,2023,1953,9.5
9,Mustard - Yellow,ANDANTE,2024,1169,9.1
9,Mustard - Yellow,ANDANTE,2025,2220,17.0
9,Mustard - Yellow,YELLOW 80 AAC,2021,,
9,Mustard - Yellow,YELLOW 80 AAC,2022,890,14.8
9,Mustard - Yellow,YELLOW 80 AAC,2023,,
9,Mustard - Yellow,YELLOW 80 AAC,2024,1623,11.7
9,Mustard - Yellow,YELLOW 80 AAC,2025,954,19.4
9,Wheat,- Canada Prairie ANDREW AC,2021,745,9.6
9,Wheat,- Canada Prairie ANDREW AC,2022,1339,27.0
9,Wheat,- Canada Prairie ANDREW AC,2023,2000,31.5
9,Wheat,- Canada Prairie ANDREW AC,2024,2465,35.8
9,Wheat,- Canada Prairie ANDREW AC,2025,2219,24.6
9,Wheat,PARAMOUNT AAC,2021,2090,11.8
9,Wheat,PARAMOUNT AAC,2022,1814,25.6
9,Wheat,PARAMOUNT AAC,2023,2484,16.5
9,Wheat,PARAMOUNT AAC,2024,2434,15.0
9,Wheat,PARAMOUNT AAC,2025,1628,24.9
9,Wheat - Durum,ALLOY CDC,2021,24818,14.7
9,Wheat - Durum,ALLOY CDC,2022,25631,35.2
9,Wheat - Durum,ALLOY CDC,2023,34599,24.5
9,Wheat - Durum,ALLOY CDC,2024,25426,26.1
9,Wheat - Durum,ALLOY CDC,2025,18532,30.4
9,Wheat - Durum,BRIGADE,2021,13292,15.9
9,Wheat - Durum,BRIGADE,2022,11265,36.4
9,Wheat - Durum,BRIGADE,2023,6469,27.1
9,Wheat - Durum,BRIGADE,2024,6690,31.9
9,Wheat - Durum,BRIGADE,2025,4192,23.2
9,Wheat - Durum,COMMANDER,2021,2040,32.4
9,Wheat - Durum,COMMANDER,2022,3087,47.5
9,Wheat - Durum,COMMANDER,2023,1192,48.6
9,Wheat - Durum,COMMANDER,2024,1760,59.4
9,Wheat - Durum,COMMANDER,2025,4095,46.7
9,Wheat - Durum,DEFY CDC,2021,,
9,Wheat - Durum,DEFY CDC,2022,5768,39.6
9,Wheat - Durum,DEFY CDC,2023,24717,27.9
9,Wheat - Durum,DEFY CDC,2024,47562,33.0
9,Wheat - Durum,DEFY CDC,2025,63392,40.5
9,Wheat - Durum,DONLOW AAC,2021,,
9,Wheat - Durum,DONLOW AAC,2022,,
9,Wheat - Durum,DONLOW AAC,2023,845,20.0
9,Wheat - Durum,DONLOW AAC,2024,1806,15.2
9,Wheat - Durum,DONLOW AAC,2025,1482,32.3
9,Wheat - Durum,DYNAMIC CDC,2021,7209,14.5
9,Wheat - Durum,DYNAMIC CDC,2022,5890,29.0
9,Wheat - Durum,DYNAMIC CDC,2023,5946,16.5
9,Wheat - Durum,DYNAMIC CDC,2024,3178,37.6
9,Wheat - Durum,DYNAMIC CDC,2025,5826,30.8
9,Wheat - Durum,EVIDENT CDC,2021,,
9,Wheat - Durum,EVIDENT CDC,2022,,
9,Wheat - Durum,EVIDENT CDC,2023,,
9,Wheat - Durum,EVIDENT CDC,2024,,
9,Wheat - Durum,EVIDENT CDC,2025,760,42.2
9,Wheat - Durum,FLARE CDC,2021,,
9,Wheat - Durum,FLARE CDC,2022,5080,43.2
9,Wheat - Durum,FLARE CDC,2023,4180,35.2
9,Wheat - Durum,FLARE CDC,2024,14909,29.1
9,Wheat - Durum,FLARE CDC,2025,10970,34.4
9,Wheat - Durum,FORTITUDE CDC,2021,3109,9.1
9,Wheat - Durum,FORTITUDE CDC,2022,4166,28.9
9,Wheat - Durum,FORTITUDE CDC,2023,2310,22.2
9,Wheat - Durum,FORTITUDE CDC,2024,3250,27.2
9,Wheat - Durum,FORTITUDE CDC,2025,3395,26.5
9,Wheat - Durum,GRAINLAND AAC,2021,14735,10.1
9,Wheat - Durum,GRAINLAND AAC,2022,18616,34.4
9,Wheat - Durum,GRAINLAND AAC,2023,21873,25.7
9,Wheat - Durum,GRAINLAND AAC,2024,26449,33.3
9,Wheat - Durum,GRAINLAND AAC,2025,15443,33.4
9,Wheat - Durum,PRECISION CDC,2021,24674,21.6
9,Wheat - Durum,PRECISION CDC,2022,11338,35.8
9,Wheat - Durum,PRECISION CDC,2023,14336,32.8
9,Wheat - Durum,PRECISION CDC,2024,19045,42.2
9,Wheat - Durum,PRECISION CDC,2025,8111,35.2
9,Wheat - Durum,SCHRADER AAC,2021,,
9,Wheat - Durum,SCHRADER AAC,2022,,
9,Wheat - Durum,SCHRADER AAC,2023,,
9,Wheat - Durum,SCHRADER AAC,2024,,
9,Wheat - Durum,SCHRADER AAC,2025,2689,38.1
9,Wheat - Durum,SPITFIRE AAC,2021,9712,12.2
9,Wheat - Durum,SPITFIRE AAC,2022,8868,36.2
9,Wheat - Durum,SPITFIRE AAC,2023,8823,20.7
9,Wheat - Durum,SPITFIRE AAC,2024,7953,24.9
9,Wheat - Durum,SPITFIRE AAC,2025,5280,31.9
9,Wheat - Durum,STRONGFIELD,2021,2991,11.9
9,Wheat - Durum,STRONGFIELD,2022,4407,28.3
9,Wheat - Durum,STRONGFIELD,2023,4874,26.2
9,Wheat - Durum,STRONGFIELD,2024,4519,26.3
9,Wheat - Durum,STRONGFIELD,2025,8509,32.0
9,Wheat - Durum,STRONGHOLD AAC,2021,2492,12.9
9,Wheat - Durum,STRONGHOLD AAC,2022,7964,29.5
9,Wheat - Durum,STRONGHOLD AAC,2023,5661,21.5
9,Wheat - Durum,STRONGHOLD AAC,2024,8450,25.7
9,Wheat - Durum,STRONGHOLD AAC,2025,10124,34.4
9,Wheat - Durum,TRANSCEND,2021,64004,15.3
9,Wheat - Durum,TRANSCEND,2022,66255,35.2
9,Wheat - Durum,TRANSCEND,2023,75583,22.4
9,Wheat - Durum,TRANSCEND,2024,53899,27.4
9,Wheat - Durum,TRANSCEND,2025,47712,31.4
9,Wheat - Durum,VANTTA CDC,2021,,
9,Wheat - Durum,VANTTA CDC,2022,,
9,Wheat - Durum,VANTTA CDC,2023,,
9,Wheat - Durum,VANTTA CDC,2024,,
9,Wheat - Durum,VANTTA CDC,2025,2885,40.6
9,Wheat - Hard Red Spring,ADAMANT,2021,2234,15.8
9,Wheat - Hard Red Spring,ADAMANT,2022,2314,38.9
9,Wheat - Hard Red Spring,ADAMANT,2023,2369,38.4
9,Wheat - Hard Red Spring,ADAMANT,2024,,
9,Wheat - Hard Red Spring,ADAMANT,2025,513,35.4
9,Wheat - Hard Red Spring,BRANDON AAC,2021,23844,16.5
9,Wheat - Hard Red Spring,BRANDON AAC,2022,24660,34.0
9,Wheat - Hard Red Spring,BRANDON AAC,2023,35128,29.1
9,Wheat - Hard Red Spring,BRANDON AAC,2024,30135,41.4
9,Wheat - Hard Red Spring,BRANDON AAC,2025,27159,33.5
9,Wheat - Hard Red Spring,BROADACRES AAC,2021,,
9,Wheat - Hard Red Spring,BROADACRES AAC,2022,,
9,Wheat - Hard Red Spring,BROADACRES AAC,2023,400,36.3
9,Wheat - Hard Red Spring,BROADACRES AAC,2024,4007,39.8
9,Wheat - Hard Red Spring,BROADACRES AAC,2025,8460,38.1
9,Wheat - Hard Red Spring,HOCKLEY AAC,2021,,
9,Wheat - Hard Red Spring,HOCKLEY AAC,2022,,
9,Wheat - Hard Red Spring,HOCKLEY AAC,2023,605,36.5
9,Wheat - Hard Red Spring,HOCKLEY AAC,2024,520,24.9
9,Wheat - Hard Red Spring,HOCKLEY AAC,2025,481,35.4
9,Wheat - Hard Red Spring,HUGHES CDC VB,2021,655,11.7
9,Wheat - Hard Red Spring,HUGHES CDC VB,2022,,
9,Wheat - Hard Red Spring,HUGHES CDC VB,2023,811,21.6
9,Wheat - Hard Red Spring,HUGHES CDC VB,2024,762,42.3
9,Wheat - Hard Red Spring,HUGHES CDC VB,2025,509,30.9
9,Wheat - Hard Red Spring,PLENTIFUL CDC,2021,4513,28.1
9,Wheat - Hard Red Spring,PLENTIFUL CDC,2022,4001,31.1
9,Wheat - Hard Red Spring,PLENTIFUL CDC,2023,3312,31.7
9,Wheat - Hard Red Spring,PLENTIFUL CDC,2024,2226,28.5
9,Wheat - Hard Red Spring,PLENTIFUL CDC,2025,1542,23.4
9,Wheat - Hard Red Spring,TISDALE AAC,2021,,
9,Wheat - Hard Red Spring,TISDALE AAC,2022,599,13.7
9,Wheat - Hard Red Spring,TISDALE AAC,2023,,
9,Wheat - Hard Red Spring,TISDALE AAC,2024,763,21.3
9,Wheat - Hard Red Spring,TISDALE AAC,2025,889,25.2
9,Wheat - Hard Red Spring,VIEWFIELD AAC,2021,5742,22.7
9,Wheat - Hard Red Spring,VIEWFIELD AAC,2022,4541,35.9
9,Wheat - Hard Red Spring,VIEWFIELD AAC,2023,13340,32.6
9,Wheat - Hard Red Spring,VIEWFIELD AAC,2024,11243,30.9
9,Wheat - Hard Red Spring,VIEWFIELD AAC,2025,14763,38.6
9,Wheat - Hard Red Spring,WESTKING AAC,2021,,
9,Wheat - Hard Red Spring,WESTKING AAC,2022,,
9,Wheat - Hard Red Spring,WESTKING AAC,2023,,
9,Wheat - Hard Red Spring,WESTKING AAC,2024,,
9,Wheat - Hard Red Spring,WESTKING AAC,2025,739,24.0
9,Wheat - Hard Red Spring,WHEATLAND VB AAC,2021,,
9,Wheat - Hard Red Spring,WHEATLAND VB AAC,2022,4189,24.1
9,Wheat - Hard Red Spring,WHEATLAND VB AAC,2023,3743,26.8
9,Wheat - Hard Red Spring,WHEATLAND VB AAC,2024,7069,39.6
9,Wheat - Hard Red Spring,WHEATLAND VB AAC,2025,11559,25.6
9,Wheat - Winter,GOLDRUSH AAC,2021,,
9,Wheat - Winter,GOLDRUSH AAC,2022,,
9,Wheat - Winter,GOLDRUSH AAC,2023,,
9,Wheat - Winter,GOLDRUSH AAC,2024,,
9,Wheat - Winter,GOLDRUSH AAC,2025,5982,25.1
9,Chickpea,- Large Kabuli LANCER CDC,2021,,
9,Chickpea,- Large Kabuli LANCER CDC,2022,,
9,Chickpea,- Large Kabuli LANCER CDC,2023,624,1766
9,Chickpea,- Large Kabuli LANCER CDC,2024,2494,1468
9,Chickpea,- Large Kabuli LANCER CDC,2025,2873,2610
9,Chickpea,LEADER CDC,2021,5967,858
9,Chickpea,LEADER CDC,2022,4313,1662
9,Chickpea,LEADER CDC,2023,7676,1578
9,Chickpea,LEADER CDC,2024,23281,1477
9,Chickpea,LEADER CDC,2025,19819,2434
9,Chickpea,ORKNEY CDC,2021,,
9,Chickpea,ORKNEY CDC,2022,,
9,Chickpea,ORKNEY CDC,2023,,
9,Chickpea,ORKNEY CDC,2024,707,1764
9,Chickpea,ORKNEY CDC,2025,895,2743
9,Chickpea,PASQUA CDC,2021,,
9,Chickpea,PASQUA CDC,2022,,
9,Chickpea,PASQUA CDC,2023,,
9,Chickpea,PASQUA CDC,2024,920,1684
9,Chickpea,PASQUA CDC,2025,1619,2487
9,Chickpea,- Small Kabuli PEARL,2021,,
9,Chickpea,- Small Kabuli PEARL,2022,,
9,Chickpea,- Small Kabuli PEARL,2023,1563,2059
9,Chickpea,- Small Kabuli PEARL,2024,3784,1927
9,Chickpea,- Small Kabuli PEARL,2025,2621,2463
9,Lentils - Large Green,GREENLAND CDC,2021,10422,547
9,Lentils - Large Green,GREENLAND CDC,2022,6367,922
9,Lentils - Large Green,GREENLAND CDC,2023,8149,705
9,Lentils - Large Green,GREENLAND CDC,2024,4564,701
9,Lentils - Large Green,GREENLAND CDC,2025,5394,1459
9,Lentils - Large Green,GREENSTAR CDC,2021,22051,622
9,Lentils - Large Green,GREENSTAR CDC,2022,22853,1080
9,Lentils - Large Green,GREENSTAR CDC,2023,29272,990
9,Lentils - Large Green,GREENSTAR CDC,2024,35284,915
9,Lentils - Large Green,GREENSTAR CDC,2025,30954,1563
9,Lentils - Large Green,GRIMM CDC,2021,,
9,Lentils - Large Green,GRIMM CDC,2022,,
9,Lentils - Large Green,GRIMM CDC,2023,,
9,Lentils - Large Green,GRIMM CDC,2024,2161,1016
9,Lentils - Large Green,GRIMM CDC,2025,3013,1351
9,Lentils - Large Green,LIMA CDC,2021,6921,593
9,Lentils - Large Green,LIMA CDC,2022,11233,1305
9,Lentils - Large Green,LIMA CDC,2023,16733,944
9,Lentils - Large Green,LIMA CDC,2024,20990,895
9,Lentils - Large Green,LIMA CDC,2025,33175,1735
9,Lentils,- Other ESTON,2021,4293,639
9,Lentils,- Other ESTON,2022,,
9,Lentils,- Other ESTON,2023,2101,1429
9,Lentils,- Other ESTON,2024,5042,1014
9,Lentils,- Other ESTON,2025,1848,924
9,Lentils,IMVINCIBLE CDC CL,2021,11891,908
9,Lentils,IMVINCIBLE CDC CL,2022,23833,1096
9,Lentils,IMVINCIBLE CDC CL,2023,17472,1305
9,Lentils,IMVINCIBLE CDC CL,2024,15468,1036
9,Lentils,IMVINCIBLE CDC CL,2025,22772,1750
9,Lentils,JIMINI CDC CL,2021,,
9,Lentils,JIMINI CDC CL,2022,,
9,Lentils,JIMINI CDC CL,2023,,
9,Lentils,JIMINI CDC CL,2024,7720,1074
9,Lentils,JIMINI CDC CL,2025,15168,2295
9,Lentils,KERMIT CDC,2021,2972,1202
9,Lentils,KERMIT CDC,2022,2305,1501
9,Lentils,KERMIT CDC,2023,5185,1448
9,Lentils,KERMIT CDC,2024,5275,1023
9,Lentils,KERMIT CDC,2025,4237,2024
9,Lentils,PERIDOT CDC CL,2021,,
9,Lentils,PERIDOT CDC CL,2022,,
9,Lentils,PERIDOT CDC CL,2023,606,545
9,Lentils,PERIDOT CDC CL,2024,,
9,Lentils,PERIDOT CDC CL,2025,440,335
9,Lentils,VICEROY CDC,2021,,
9,Lentils,VICEROY CDC,2022,1881,714
9,Lentils,VICEROY CDC,2023,,
9,Lentils,VICEROY CDC,2024,,
9,Lentils,VICEROY CDC,2025,902,1030
9,Lentils - Red,DAZIL CDC,2021,3405,536
9,Lentils - Red,DAZIL CDC,2022,1729,981
9,Lentils - Red,DAZIL CDC,2023,4616,1250
9,Lentils - Red,DAZIL CDC,2024,2676,791
9,Lentils - Red,DAZIL CDC,2025,2477,1175
9,Lentils - Red,IMPULSE,2021,33938,774
9,Lentils - Red,IMPULSE,2022,38363,1173
9,Lentils - Red,IMPULSE,2023,22636,1078
9,Lentils - Red,IMPULSE,2024,20482,1063
9,Lentils - Red,IMPULSE,2025,12757,1378
9,Lentils - Red,MAXIM CDC,2021,20132,688
9,Lentils - Red,MAXIM CDC,2022,17351,957
9,Lentils - Red,MAXIM CDC,2023,13977,913
9,Lentils - Red,MAXIM CDC,2024,15184,1054
9,Lentils - Red,MAXIM CDC,2025,10247,1411
9,Lentils - Red,MONARCH CDC,2021,,
9,Lentils - Red,MONARCH CDC,2022,,
9,Lentils - Red,MONARCH CDC,2023,,
9,Lentils - Red,MONARCH CDC,2024,,
9,Lentils - Red,MONARCH CDC,2025,640,928
9,Lentils - Red,NIMBLE,2021,,
9,Lentils - Red,NIMBLE,2022,,
9,Lentils - Red,NIMBLE,2023,745,560
9,Lentils - Red,NIMBLE,2024,1155,754
9,Lentils - Red,NIMBLE,2025,521,1841
9,Lentils - Red,PROCLAIM CDC,2021,3497,1133
9,Lentils - Red,PROCLAIM CDC,2022,6144,1303
9,Lentils - Red,PROCLAIM CDC,2023,951,1515
9,Lentils - Red,PROCLAIM CDC,2024,4058,1466
9,Lentils - Red,PROCLAIM CDC,2025,1294,2052
9,Lentils - Red,REDMOON,2021,3614,895
9,Lentils - Red,REDMOON,2022,1736,1448
9,Lentils - Red,REDMOON,2023,1138,1065
9,Lentils - Red,REDMOON,2024,3595,820
9,Lentils - Red,REDMOON,2025,1316,1797
9,Lentils - Red,SIMMIE CDC,2021,,
9,Lentils - Red,SIMMIE CDC,2022,,
9,Lentils - Red,SIMMIE CDC,2023,1215,891
9,Lentils - Red,SIMMIE CDC,2024,909,825
9,Lentils - Red,SIMMIE CDC,2025,1637,1856
10,Barley,ADVANTAGE AB,2021,,
10,Barley,ADVANTAGE AB,2022,773,41.4
10,Barley,ADVANTAGE AB,2023,,
10,Barley,ADVANTAGE AB,2024,431,28.2
10,Barley,ADVANTAGE AB,2025,727,72.6
10,Barley,ALTORADO,2021,,
10,Barley,ALTORADO,2022,1990,36.1
10,Barley,ALTORADO,2023,2073,20.3
10,Barley,ALTORADO,2024,2822,42.1
10,Barley,ALTORADO,2025,2464,44.9
10,Barley,AUSTENSON CDC,2021,28138,18.7
10,Barley,AUSTENSON CDC,2022,36414,42.3
10,Barley,AUSTENSON CDC,2023,32162,24.3
10,Barley,AUSTENSON CDC,2024,24352,36.0
10,Barley,AUSTENSON CDC,2025,17745,47.9
10,Barley,CATTLELAC AB,2021,805,17.3
10,Barley,CATTLELAC AB,2022,3676,54.1
10,Barley,CATTLELAC AB,2023,,
10,Barley,CATTLELAC AB,2024,,
10,Barley,CATTLELAC AB,2025,430,34.4
10,Barley,CHAMPION,2021,3249,18.6
10,Barley,CHAMPION,2022,4593,29.4
10,Barley,CHAMPION,2023,2646,26.6
10,Barley,CHAMPION,2024,7323,48.8
10,Barley,CHAMPION,2025,5932,51.0
10,Barley,CHURCHILL CDC,2021,,
10,Barley,CHURCHILL CDC,2022,,
10,Barley,CHURCHILL CDC,2023,2429,34.0
10,Barley,CHURCHILL CDC,2024,2965,46.7
10,Barley,CHURCHILL CDC,2025,2613,58.0
10,Barley,CLAYMORE,2021,3752,33.2
10,Barley,CLAYMORE,2022,4922,66.3
10,Barley,CLAYMORE,2023,5734,31.5
10,Barley,CLAYMORE,2024,5396,51.2
10,Barley,CLAYMORE,2025,2862,38.9
10,Barley,COPELAND CDC,2021,21882,13.6
10,Barley,COPELAND CDC,2022,17050,42.3
10,Barley,COPELAND CDC,2023,15604,20.3
10,Barley,COPELAND CDC,2024,5414,43.2
10,Barley,COPELAND CDC,2025,4067,55.4
10,Barley,COWBOY CDC,2021,1171,20.3
10,Barley,COWBOY CDC,2022,5770,17.5
10,Barley,COWBOY CDC,2023,1702,19.2
10,Barley,COWBOY CDC,2024,6934,30.9
10,Barley,COWBOY CDC,2025,4108,42.3
10,Barley,DURANGO CDC,2021,,
10,Barley,DURANGO CDC,2022,,
10,Barley,DURANGO CDC,2023,,
10,Barley,DURANGO CDC,2024,,
10,Barley,DURANGO CDC,2025,4717,71.0
10,Barley,FRASER CDC,2021,1088,14.6
10,Barley,FRASER CDC,2022,669,32.7
10,Barley,FRASER CDC,2023,3686,30.1
10,Barley,FRASER CDC,2024,4438,48.5
10,Barley,FRASER CDC,2025,4182,57.0
10,Barley,HAGUE AB,2021,,
10,Barley,HAGUE AB,2022,,
10,Barley,HAGUE AB,2023,1100,27.4
10,Barley,HAGUE AB,2024,2299,26.4
10,Barley,HAGUE AB,2025,2150,69.9
10,Barley,MAVERICK CDC,2021,971,16.5
10,Barley,MAVERICK CDC,2022,3749,34.1
10,Barley,MAVERICK CDC,2023,2401,21.5
10,Barley,MAVERICK CDC,2024,4450,36.7
10,Barley,MAVERICK CDC,2025,4095,40.4
10,Barley,METCALFE AC,2021,7377,17.9
10,Barley,METCALFE AC,2022,7044,37.7
10,Barley,METCALFE AC,2023,4417,24.6
10,Barley,METCALFE AC,2024,1077,24.8
10,Barley,METCALFE AC,2025,748,47.5
10,Barley,RENEGADE CDC,2021,,
10,Barley,RENEGADE CDC,2022,,
10,Barley,RENEGADE CDC,2023,,
10,Barley,RENEGADE CDC,2024,1461,51.8
10,Barley,RENEGADE CDC,2025,704,57.1
10,Barley,SYNERGY AAC,2021,10620,21.5
10,Barley,SYNERGY AAC,2022,8356,42.4
10,Barley,SYNERGY AAC,2023,15945,23.8
10,Barley,SYNERGY AAC,2024,14829,49.0
10,Barley,SYNERGY AAC,2025,14315,50.4
10,Canola/Rapeseed,BY 7204LL,2021,,
10,Canola/Rapeseed,BY 7204LL,2022,,
10,Canola/Rapeseed,BY 7204LL,2023,,
10,Canola/Rapeseed,BY 7204LL,2024,1053,27.4
10,Canola/Rapeseed,BY 7204LL,2025,1793,42.2
10,Canola/Rapeseed,CS4000 LL,2021,731,8.7
10,Canola/Rapeseed,CS4000 LL,2022,,
10,Canola/Rapeseed,CS4000 LL,2023,7977,11.7
10,Canola/Rapeseed,CS4000 LL,2024,2951,17.8
10,Canola/Rapeseed,CS4000 LL,2025,1517,22.6
10,Canola/Rapeseed,CS4100 LL,2021,,
10,Canola/Rapeseed,CS4100 LL,2022,,
10,Canola/Rapeseed,CS4100 LL,2023,,
10,Canola/Rapeseed,CS4100 LL,2024,,
10,Canola/Rapeseed,CS4100 LL,2025,1522,38.4
10,Canola/Rapeseed,DK 801 LL,2021,,
10,Canola/Rapeseed,DK 801 LL,2022,,
10,Canola/Rapeseed,DK 801 LL,2023,,
10,Canola/Rapeseed,DK 801 LL,2024,,
10,Canola/Rapeseed,DK 801 LL,2025,6773,40.8
10,Canola/Rapeseed,DKTFLL 21 SC,2021,1532,11.6
10,Canola/Rapeseed,DKTFLL 21 SC,2022,8290,23.6
10,Canola/Rapeseed,DKTFLL 21 SC,2023,9564,17.0
10,Canola/Rapeseed,DKTFLL 21 SC,2024,26174,20.4
10,Canola/Rapeseed,DKTFLL 21 SC,2025,15125,29.8
10,Canola/Rapeseed,DK400TL,2021,,
10,Canola/Rapeseed,DK400TL,2022,,
10,Canola/Rapeseed,DK400TL,2023,,
10,Canola/Rapeseed,DK400TL,2024,3668,18.6
10,Canola/Rapeseed,DK400TL,2025,14381,42.5
10,Canola/Rapeseed,DK401TK,2021,,
10,Canola/Rapeseed,DK401TK,2022,,
10,Canola/Rapeseed,DK401TK,2023,,
10,Canola/Rapeseed,DK401TK,2024,,
10,Canola/Rapeseed,DK401TK,2025,2431,37.3
10,Canola/Rapeseed,DK800LL,2021,,
10,Canola/Rapeseed,DK800LL,2022,,
10,Canola/Rapeseed,DK800LL,2023,,
10,Canola/Rapeseed,DK800LL,2024,,
10,Canola/Rapeseed,DK800LL,2025,1204,40.7
10,Canola/Rapeseed,DK801LL,2021,,
10,Canola/Rapeseed,DK801LL,2022,,
10,Canola/Rapeseed,DK801LL,2023,,
10,Canola/Rapeseed,DK801LL,2024,,
10,Canola/Rapeseed,DK801LL,2025,820,51.0
10,Canola/Rapeseed,LR354PC,2021,,
10,Canola/Rapeseed,LR354PC,2022,,
10,Canola/Rapeseed,LR354PC,2023,1550,8.6
10,Canola/Rapeseed,LR354PC,2024,803,20.5
10,Canola/Rapeseed,LR354PC,2025,2059,39.8
10,Canola/Rapeseed,L233P,2021,76985,14.3
10,Canola/Rapeseed,L233P,2022,62892,16.8
10,Canola/Rapeseed,L233P,2023,62434,13.4
10,Canola/Rapeseed,L233P,2024,42084,20.7
10,Canola/Rapeseed,L233P,2025,17765,38.5
10,Canola/Rapeseed,L330PC,2021,,
10,Canola/Rapeseed,L330PC,2022,,
10,Canola/Rapeseed,L330PC,2023,,
10,Canola/Rapeseed,L330PC,2024,,
10,Canola/Rapeseed,L330PC,2025,18018,37.1
10,Canola/Rapeseed,L333PC,2021,,
10,Canola/Rapeseed,L333PC,2022,,
10,Canola/Rapeseed,L333PC,2023,,
10,Canola/Rapeseed,L333PC,2024,,
10,Canola/Rapeseed,L333PC,2025,3947,32.7
10,Canola/Rapeseed,L340PC,2021,7707,18.6
10,Canola/Rapeseed,L340PC,2022,37541,25.8
10,Canola/Rapeseed,L340PC,2023,78375,17.1
10,Canola/Rapeseed,L340PC,2024,80537,19.9
10,Canola/Rapeseed,L340PC,2025,57390,37.3
10,Canola/Rapeseed,L341PC,2021,,
10,Canola/Rapeseed,L341PC,2022,,
10,Canola/Rapeseed,L341PC,2023,,
10,Canola/Rapeseed,L341PC,2024,,
10,Canola/Rapeseed,L341PC,2025,2770,23.4
10,Canola/Rapeseed,L343PC,2021,,
10,Canola/Rapeseed,L343PC,2022,4570,12.3
10,Canola/Rapeseed,L343PC,2023,4142,14.9
10,Canola/Rapeseed,L343PC,2024,1541,15.3
10,Canola/Rapeseed,L343PC,2025,772,30.4
10,Canola/Rapeseed,L345PC,2021,63344,14.1
10,Canola/Rapeseed,L345PC,2022,41445,23.0
10,Canola/Rapeseed,L345PC,2023,15562,13.2
10,Canola/Rapeseed,L345PC,2024,22352,20.2
10,Canola/Rapeseed,L345PC,2025,11678,34.3
10,Fall Rye,DAKOTA,2021,1549,26.6
10,Fall Rye,DAKOTA,2022,,
10,Fall Rye,DAKOTA,2023,,
10,Fall Rye,DAKOTA,2024,1559,34.0
10,Fall Rye,DAKOTA,2025,3899,33.3
10,Fall Rye,HAZLET,2021,4857,25.2
10,Fall Rye,HAZLET,2022,1062,20.2
10,Fall Rye,HAZLET,2023,,
10,Fall Rye,HAZLET,2024,2777,37.8
10,Fall Rye,HAZLET,2025,14681,28.4
10,Field Peas,ABARTH,2021,,
10,Field Peas,ABARTH,2022,,
10,Field Peas,ABARTH,2023,1979,22.8
10,Field Peas,ABARTH,2024,3484,29.9
10,Field Peas,ABARTH,2025,2578,29.0
10,Field Peas,ACER,2021,2999,15.3
10,Field Peas,ACER,2022,4259,21.9
10,Field Peas,ACER,2023,2296,18.0
10,Field Peas,ACER,2024,3589,23.8
10,Field Peas,ACER,2025,2910,38.8
10,Field Peas,AMARILLO CDC,2021,5724,17.1
10,Field Peas,AMARILLO CDC,2022,3982,13.8
10,Field Peas,AMARILLO CDC,2023,1047,16.9
10,Field Peas,AMARILLO CDC,2024,1494,20.7
10,Field Peas,AMARILLO CDC,2025,708,25.6
10,Field Peas,ARDILL AAC,2021,5241,17.7
10,Field Peas,ARDILL AAC,2022,4777,26.7
10,Field Peas,ARDILL AAC,2023,7576,19.3
10,Field Peas,ARDILL AAC,2024,11227,27.0
10,Field Peas,ARDILL AAC,2025,11563,19.6
10,Field Peas,BLAZER CDC,2021,3512,13.0
10,Field Peas,BLAZER CDC,2022,2606,22.7
10,Field Peas,BLAZER CDC,2023,6453,13.9
10,Field Peas,BLAZER CDC,2024,7979,29.8
10,Field Peas,BLAZER CDC,2025,10843,20.8
10,Field Peas,CARVER AAC,2021,4817,12.1
10,Field Peas,CARVER AAC,2022,2544,19.3
10,Field Peas,CARVER AAC,2023,7343,12.7
10,Field Peas,CARVER AAC,2024,10534,22.1
10,Field Peas,CARVER AAC,2025,12434,21.2
10,Field Peas,CHROME AAC,2021,6917,17.3
10,Field Peas,CHROME AAC,2022,2295,32.4
10,Field Peas,CHROME AAC,2023,3740,20.3
10,Field Peas,CHROME AAC,2024,5286,24.7
10,Field Peas,CHROME AAC,2025,6484,29.0
10,Field Peas,FOREST CDC,2021,,
10,Field Peas,FOREST CDC,2022,,
10,Field Peas,FOREST CDC,2023,410,20.8
10,Field Peas,FOREST CDC,2024,815,20.7
10,Field Peas,FOREST CDC,2025,3070,22.9
10,Field Peas,GOLDEN CDC,2021,5257,16.6
10,Field Peas,GOLDEN CDC,2022,2546,21.6
10,Field Peas,GOLDEN CDC,2023,3356,13.7
10,Field Peas,GOLDEN CDC,2024,4731,23.1
10,Field Peas,GOLDEN CDC,2025,1947,18.0
10,Field Peas,GREENWATER,2021,,
10,Field Peas,GREENWATER,2022,,
10,Field Peas,GREENWATER,2023,2384,9.3
10,Field Peas,GREENWATER,2024,,
10,Field Peas,GREENWATER,2025,480,10.2
10,Field Peas,HICKIE CDC,2021,,
10,Field Peas,HICKIE CDC,2022,,
10,Field Peas,HICKIE CDC,2023,,
10,Field Peas,HICKIE CDC,2024,477,35.9
10,Field Peas,HICKIE CDC,2025,2755,21.1
10,Field Peas,INCA CDC,2021,20001,14.6
10,Field Peas,INCA CDC,2022,16248,20.5
10,Field Peas,INCA CDC,2023,12267,16.4
10,Field Peas,INCA CDC,2024,25041,24.4
10,Field Peas,INCA CDC,2025,13124,25.4
10,Field Peas,JULIUS AAC,2021,,
10,Field Peas,JULIUS AAC,2022,,
10,Field Peas,JULIUS AAC,2023,,
10,Field Peas,JULIUS AAC,2024,,
10,Field Peas,JULIUS AAC,2025,6239,29.6
10,Field Peas,LEWOCHKO CDC,2021,935,14.0
10,Field Peas,LEWOCHKO CDC,2022,,
10,Field Peas,LEWOCHKO CDC,2023,,
10,Field Peas,LEWOCHKO CDC,2024,600,13.9
10,Field Peas,LEWOCHKO CDC,2025,760,30.8
10,Field Peas,MAPLE,2021,,
10,Field Peas,MAPLE,2022,2310,12.8
10,Field Peas,MAPLE,2023,487,11.3
10,Field Peas,MAPLE,2024,3461,24.8
10,Field Peas,MAPLE,2025,6468,24.2
10,Field Peas,MEADOW CDC,2021,47583,13.8
10,Field Peas,MEADOW CDC,2022,49952,22.0
10,Field Peas,MEADOW CDC,2023,60667,16.1
10,Field Peas,MEADOW CDC,2024,48026,23.7
10,Field Peas,MEADOW CDC,2025,47710,21.8
10,Field Peas,MOSAIC CDC,2021,7517,13.6
10,Field Peas,MOSAIC CDC,2022,7438,18.4
10,Field Peas,MOSAIC CDC,2023,10797,10.8
10,Field Peas,MOSAIC CDC,2024,13339,22.1
10,Field Peas,MOSAIC CDC,2025,20600,22.5
10,Field Peas,SPECTRUM CDC,2021,1722,14.6
10,Field Peas,SPECTRUM CDC,2022,976,20.6
10,Field Peas,SPECTRUM CDC,2023,2151,15.1
10,Field Peas,SPECTRUM CDC,2024,2381,28.5
10,Field Peas,SPECTRUM CDC,2025,1479,28.0
10,Flax,BETHUNE CDC,2021,1036,7.1
10,Flax,BETHUNE CDC,2022,1178,12.8
10,Flax,BETHUNE CDC,2023,,
10,Flax,BETHUNE CDC,2024,691,14.9
10,Flax,BETHUNE CDC,2025,515,27.9
10,Flax,ROWLAND CDC,2021,,
10,Flax,ROWLAND CDC,2022,1101,13.3
10,Flax,ROWLAND CDC,2023,2639,13.0
10,Flax,ROWLAND CDC,2024,2894,13.2
10,Flax,ROWLAND CDC,2025,5103,31.1
10,Flax,SANCTUARY CDC,2021,1796,9.7
10,Flax,SANCTUARY CDC,2022,1074,14.3
10,Flax,SANCTUARY CDC,2023,,
10,Flax,SANCTUARY CDC,2024,626,9.6
10,Flax,SANCTUARY CDC,2025,1089,34.2
10,Flax,VIMY,2021,,
10,Flax,VIMY,2022,,
10,Flax,VIMY,2023,,
10,Flax,VIMY,2024,,
10,Flax,VIMY,2025,469,34.4
10,Mustard - Brown,CENTENNIAL BROWN,2021,7623,11.3
10,Mustard - Brown,CENTENNIAL BROWN,2022,12583,11.7
10,Mustard - Brown,CENTENNIAL BROWN,2023,17492,7.8
10,Mustard - Brown,CENTENNIAL BROWN,2024,8307,11.4
10,Mustard - Brown,CENTENNIAL BROWN,2025,4217,19.5
10,Mustard - Oriental,CUTLASS,2021,2497,11.6
10,Mustard - Oriental,CUTLASS,2022,8838,6.8
10,Mustard - Oriental,CUTLASS,2023,8247,11.3
10,Mustard - Oriental,CUTLASS,2024,6717,12.7
10,Mustard - Oriental,CUTLASS,2025,3902,15.6
10,Mustard - Yellow,ANDANTE,2021,6042,7.3
10,Mustard - Yellow,ANDANTE,2022,12675,6.3
10,Mustard - Yellow,ANDANTE,2023,9690,3.8
10,Mustard - Yellow,ANDANTE,2024,10480,10.0
10,Mustard - Yellow,ANDANTE,2025,8479,19.9
10,Mustard - Yellow,PENNANT AC,2021,,
10,Mustard - Yellow,PENNANT AC,2022,951,8.1
10,Mustard - Yellow,PENNANT AC,2023,1080,4.1
10,Mustard - Yellow,PENNANT AC,2024,2804,6.5
10,Mustard - Yellow,PENNANT AC,2025,904,13.7
10,Mustard - Yellow,YELLOW 80 AAC,2021,,
10,Mustard - Yellow,YELLOW 80 AAC,2022,,
10,Mustard - Yellow,YELLOW 80 AAC,2023,1818,11.5
10,Mustard - Yellow,YELLOW 80 AAC,2024,7061,9.8
10,Mustard - Yellow,YELLOW 80 AAC,2025,3563,19.4
10,Oats,ENDURE CDC,2021,,
10,Oats,ENDURE CDC,2022,,
10,Oats,ENDURE CDC,2023,,
10,Oats,ENDURE CDC,2024,,
10,Oats,ENDURE CDC,2025,610,40.1
10,Oats,HAYMAKER CDC,2021,,
10,Oats,HAYMAKER CDC,2022,1006,40.6
10,Oats,HAYMAKER CDC,2023,,
10,Oats,HAYMAKER CDC,2024,709,26.5
10,Oats,HAYMAKER CDC,2025,770,46.8
10,Oats,MORGAN AC,2021,,
10,Oats,MORGAN AC,2022,1529,11.5
10,Oats,MORGAN AC,2023,545,21.9
10,Oats,MORGAN AC,2024,447,22.4
10,Oats,MORGAN AC,2025,601,50.5
10,Wheat,- Canada Prairie AWESOME VB AAC,2021,,
10,Wheat,- Canada Prairie AWESOME VB AAC,2022,,
10,Wheat,- Canada Prairie AWESOME VB AAC,2023,1251,21.2
10,Wheat,- Canada Prairie AWESOME VB AAC,2024,854,16.7
10,Wheat,- Canada Prairie AWESOME VB AAC,2025,1288,37.0
10,Wheat,SADASH,2021,,
10,Wheat,SADASH,2022,,
10,Wheat,SADASH,2023,1081,11.6
10,Wheat,SADASH,2024,605,26.4
10,Wheat,SADASH,2025,1921,18.2
10,Wheat - Durum,ALLOY CDC,2021,26239,14.9
10,Wheat - Durum,ALLOY CDC,2022,23658,27.0
10,Wheat - Durum,ALLOY CDC,2023,29620,17.2
10,Wheat - Durum,ALLOY CDC,2024,15474,29.3
10,Wheat - Durum,ALLOY CDC,2025,3708,40.0
10,Wheat - Durum,AVONLEA AC,2021,1309,14.8
10,Wheat - Durum,AVONLEA AC,2022,460,25.2
10,Wheat - Durum,AVONLEA AC,2023,1920,10.1
10,Wheat - Durum,AVONLEA AC,2024,1338,21.9
10,Wheat - Durum,AVONLEA AC,2025,673,30.7
10,Wheat - Durum,BRIGADE,2021,34067,11.8
10,Wheat - Durum,BRIGADE,2022,32068,23.9
10,Wheat - Durum,BRIGADE,2023,17842,15.0
10,Wheat - Durum,BRIGADE,2024,22254,31.1
10,Wheat - Durum,BRIGADE,2025,18976,33.3
10,Wheat - Durum,CABRI AAC,2021,3856,8.0
10,Wheat - Durum,CABRI AAC,2022,3008,32.6
10,Wheat - Durum,CABRI AAC,2023,2132,16.1
10,Wheat - Durum,CABRI AAC,2024,1540,28.6
10,Wheat - Durum,CABRI AAC,2025,2218,36.7
10,Wheat - Durum,CONGRESS AAC,2021,16760,13.3
10,Wheat - Durum,CONGRESS AAC,2022,28872,27.1
10,Wheat - Durum,CONGRESS AAC,2023,17347,15.0
10,Wheat - Durum,CONGRESS AAC,2024,14396,26.1
10,Wheat - Durum,CONGRESS AAC,2025,3096,19.6
10,Wheat - Durum,DEFY CDC,2021,1154,17.7
10,Wheat - Durum,DEFY CDC,2022,8131,26.1
10,Wheat - Durum,DEFY CDC,2023,38728,19.0
10,Wheat - Durum,DEFY CDC,2024,95140,31.2
10,Wheat - Durum,DEFY CDC,2025,103112,33.4
10,Wheat - Durum,DONLOW AAC,2021,,
10,Wheat - Durum,DONLOW AAC,2022,,
10,Wheat - Durum,DONLOW AAC,2023,3894,19.0
10,Wheat - Durum,DONLOW AAC,2024,13221,29.1
10,Wheat - Durum,DONLOW AAC,2025,13291,36.4
10,Wheat - Durum,EUROSTAR,2021,6002,9.8
10,Wheat - Durum,EUROSTAR,2022,3610,23.6
10,Wheat - Durum,EUROSTAR,2023,850,16.6
10,Wheat - Durum,EUROSTAR,2024,2384,29.3
10,Wheat - Durum,EUROSTAR,2025,1118,20.8
10,Wheat - Durum,EVIDENT CDC,2021,,
10,Wheat - Durum,EVIDENT CDC,2022,,
10,Wheat - Durum,EVIDENT CDC,2023,,
10,Wheat - Durum,EVIDENT CDC,2024,,
10,Wheat - Durum,EVIDENT CDC,2025,1418,44.8
10,Wheat - Durum,FLARE CDC,2021,,
10,Wheat - Durum,FLARE CDC,2022,4269,34.8
10,Wheat - Durum,FLARE CDC,2023,13981,18.4
10,Wheat - Durum,FLARE CDC,2024,21232,26.2
10,Wheat - Durum,FLARE CDC,2025,19255,30.4
10,Wheat - Durum,FORTITUDE CDC,2021,15502,13.8
10,Wheat - Durum,FORTITUDE CDC,2022,14575,31.2
10,Wheat - Durum,FORTITUDE CDC,2023,14675,18.7
10,Wheat - Durum,FORTITUDE CDC,2024,12952,33.3
10,Wheat - Durum,FORTITUDE CDC,2025,13673,41.9
10,Wheat - Durum,GOLDNET AAC,2021,,
10,Wheat - Durum,GOLDNET AAC,2022,,
10,Wheat - Durum,GOLDNET AAC,2023,3835,9.4
10,Wheat - Durum,GOLDNET AAC,2024,8678,28.5
10,Wheat - Durum,GOLDNET AAC,2025,14930,18.2
10,Wheat - Durum,GRAINLAND AAC,2021,10933,13.3
10,Wheat - Durum,GRAINLAND AAC,2022,35089,30.5
10,Wheat - Durum,GRAINLAND AAC,2023,55997,16.0
10,Wheat - Durum,GRAINLAND AAC,2024,80398,25.7
10,Wheat - Durum,GRAINLAND AAC,2025,95324,30.2
10,Wheat - Durum,KYLE,2021,,
10,Wheat - Durum,KYLE,2022,,
10,Wheat - Durum,KYLE,2023,,
10,Wheat - Durum,KYLE,2024,495,8.0
10,Wheat - Durum,KYLE,2025,929,5.4
10,Wheat - Durum,NAVIGATOR AC,2021,14378,11.3
10,Wheat - Durum,NAVIGATOR AC,2022,6114,32.7
10,Wheat - Durum,NAVIGATOR AC,2023,5736,15.1
10,Wheat - Durum,NAVIGATOR AC,2024,8163,31.9
10,Wheat - Durum,NAVIGATOR AC,2025,7811,28.6
10,Wheat - Durum,PRECISION CDC,2021,67868,12.6
10,Wheat - Durum,PRECISION CDC,2022,95136,25.0
10,Wheat - Durum,PRECISION CDC,2023,90037,16.5
10,Wheat - Durum,PRECISION CDC,2024,67128,32.1
10,Wheat - Durum,PRECISION CDC,2025,49704,30.4
10,Wheat - Durum,SCHRADER AAC,2021,,
10,Wheat - Durum,SCHRADER AAC,2022,,
10,Wheat - Durum,SCHRADER AAC,2023,,
10,Wheat - Durum,SCHRADER AAC,2024,427,25.4
10,Wheat - Durum,SCHRADER AAC,2025,3051,33.5
10,Wheat - Durum,SPITFIRE AAC,2021,42986,12.9
10,Wheat - Durum,SPITFIRE AAC,2022,41578,29.5
10,Wheat - Durum,SPITFIRE AAC,2023,45687,16.4
10,Wheat - Durum,SPITFIRE AAC,2024,28475,24.2
10,Wheat - Durum,SPITFIRE AAC,2025,21559,40.3
10,Wheat - Durum,STRONGFIELD,2021,19835,11.2
10,Wheat - Durum,STRONGFIELD,2022,14355,24.9
10,Wheat - Durum,STRONGFIELD,2023,17271,16.7
10,Wheat - Durum,STRONGFIELD,2024,12727,25.5
10,Wheat - Durum,STRONGFIELD,2025,12925,25.9
10,Wheat - Durum,STRONGHOLD AAC,2021,28243,12.4
10,Wheat - Durum,STRONGHOLD AAC,2022,45460,26.6
10,Wheat - Durum,STRONGHOLD AAC,2023,55545,16.4
10,Wheat - Durum,STRONGHOLD AAC,2024,74171,28.4
10,Wheat - Durum,STRONGHOLD AAC,2025,94603,33.6
10,Wheat - Durum,TRANSCEND,2021,184307,14.0
10,Wheat - Durum,TRANSCEND,2022,198744,26.7
10,Wheat - Durum,TRANSCEND,2023,172198,13.3
10,Wheat - Durum,TRANSCEND,2024,190217,27.1
10,Wheat - Durum,TRANSCEND,2025,132885,28.4
10,Wheat - Durum,VANTTA CDC,2021,,
10,Wheat - Durum,VANTTA CDC,2022,,
10,Wheat - Durum,VANTTA CDC,2023,,
10,Wheat - Durum,VANTTA CDC,2024,5426,21.5
10,Wheat - Durum,VANTTA CDC,2025,21735,36.9
10,Wheat - Durum,VERONA CDC,2021,2671,7.4
10,Wheat - Durum,VERONA CDC,2022,1608,29.2
10,Wheat - Durum,VERONA CDC,2023,2363,7.1
10,Wheat - Durum,VERONA CDC,2024,2073,17.5
10,Wheat - Durum,VERONA CDC,2025,968,21.4
10,Wheat - Durum,WEYBURN VB AAC,2021,,
10,Wheat - Durum,WEYBURN VB AAC,2022,,
10,Wheat - Durum,WEYBURN VB AAC,2023,,
10,Wheat - Durum,WEYBURN VB AAC,2024,2170,25.6
10,Wheat - Durum,WEYBURN VB AAC,2025,10001,38.3
10,Wheat - Hard Red Spring,ADAMANT,2021,,
10,Wheat - Hard Red Spring,ADAMANT,2022,,
10,Wheat - Hard Red Spring,ADAMANT,2023,,
10,Wheat - Hard Red Spring,ADAMANT,2024,2131,27.2
10,Wheat - Hard Red Spring,ADAMANT,2025,2123,39.5
10,Wheat - Hard Red Spring,BRANDON AAC,2021,27322,18.9
10,Wheat - Hard Red Spring,BRANDON AAC,2022,57674,28.0
10,Wheat - Hard Red Spring,BRANDON AAC,2023,58601,16.8
10,Wheat - Hard Red Spring,BRANDON AAC,2024,57686,31.2
10,Wheat - Hard Red Spring,BRANDON AAC,2025,52547,35.6
10,Wheat - Hard Red Spring,CARBERRY,2021,7376,13.5
10,Wheat - Hard Red Spring,CARBERRY,2022,4503,20.1
10,Wheat - Hard Red Spring,CARBERRY,2023,3194,11.4
10,Wheat - Hard Red Spring,CARBERRY,2024,4949,20.0
10,Wheat - Hard Red Spring,CARBERRY,2025,4856,22.3
10,Wheat - Hard Red Spring,GLENN,2021,1185,13.5
10,Wheat - Hard Red Spring,GLENN,2022,3282,21.1
10,Wheat - Hard Red Spring,GLENN,2023,3531,11.2
10,Wheat - Hard Red Spring,GLENN,2024,3479,27.8
10,Wheat - Hard Red Spring,GLENN,2025,1005,19.5
10,Wheat - Hard Red Spring,HOCKLEY AAC,2021,,
10,Wheat - Hard Red Spring,HOCKLEY AAC,2022,,
10,Wheat - Hard Red Spring,HOCKLEY AAC,2023,,
10,Wheat - Hard Red Spring,HOCKLEY AAC,2024,2452,18.8
10,Wheat - Hard Red Spring,HOCKLEY AAC,2025,4933,25.0
10,Wheat - Hard Red Spring,PLENTIFUL CDC,2021,4685,14.6
10,Wheat - Hard Red Spring,PLENTIFUL CDC,2022,5337,22.1
10,Wheat - Hard Red Spring,PLENTIFUL CDC,2023,4325,19.3
10,Wheat - Hard Red Spring,PLENTIFUL CDC,2024,2288,30.5
10,Wheat - Hard Red Spring,PLENTIFUL CDC,2025,2481,37.1
10,Wheat - Hard Red Spring,REDBERRY AAC,2021,3127,16.9
10,Wheat - Hard Red Spring,REDBERRY AAC,2022,7042,22.4
10,Wheat - Hard Red Spring,REDBERRY AAC,2023,4352,17.7
10,Wheat - Hard Red Spring,REDBERRY AAC,2024,12696,22.8
10,Wheat - Hard Red Spring,REDBERRY AAC,2025,4007,18.2
10,Wheat - Hard Red Spring,STARBUCK AAC VB,2021,,
10,Wheat - Hard Red Spring,STARBUCK AAC VB,2022,1729,32.9
10,Wheat - Hard Red Spring,STARBUCK AAC VB,2023,3088,12.2
10,Wheat - Hard Red Spring,STARBUCK AAC VB,2024,,
10,Wheat - Hard Red Spring,STARBUCK AAC VB,2025,2583,36.1
10,Wheat - Hard Red Spring,TITANIUM VB CDC,2021,,
10,Wheat - Hard Red Spring,TITANIUM VB CDC,2022,1022,34.3
10,Wheat - Hard Red Spring,TITANIUM VB CDC,2023,1591,30.2
10,Wheat - Hard Red Spring,TITANIUM VB CDC,2024,937,27.4
10,Wheat - Hard Red Spring,TITANIUM VB CDC,2025,1688,37.8
10,Wheat - Hard Red Spring,UTMOST CDC,2021,1480,17.2
10,Wheat - Hard Red Spring,UTMOST CDC,2022,1922,22.3
10,Wheat - Hard Red Spring,UTMOST CDC,2023,1075,23.9
10,Wheat - Hard Red Spring,UTMOST CDC,2024,2233,22.2
10,Wheat - Hard Red Spring,UTMOST CDC,2025,1643,31.7
10,Wheat - Hard Red Spring,VIEWFIELD AAC,2021,6241,16.8
10,Wheat - Hard Red Spring,VIEWFIELD AAC,2022,8714,29.2
10,Wheat - Hard Red Spring,VIEWFIELD AAC,2023,10669,21.0
10,Wheat - Hard Red Spring,VIEWFIELD AAC,2024,11436,28.3
10,Wheat - Hard Red Spring,VIEWFIELD AAC,2025,8319,34.9
10,Wheat - Winter,WILDFIRE AAC,2021,437,21.3
10,Wheat - Winter,WILDFIRE AAC,2022,,
10,Wheat - Winter,WILDFIRE AAC,2023,,
10,Wheat - Winter,WILDFIRE AAC,2024,,
10,Wheat - Winter,WILDFIRE AAC,2025,1624,35.2
10,Canary Seed,CIBO CDC,2021,1760,337
10,Canary Seed,CIBO CDC,2022,755,500
10,Canary Seed,CIBO CDC,2023,895,344
10,Canary Seed,CIBO CDC,2024,,
10,Canary Seed,CIBO CDC,2025,460,1160
10,Canary Seed,KEET,2021,3197,388
10,Canary Seed,KEET,2022,2080,747
10,Canary Seed,KEET,2023,3294,419
10,Canary Seed,KEET,2024,1427,1138
10,Canary Seed,KEET,2025,545,2048
10,Canary Seed,LUMIO CDC,2021,535,278
10,Canary Seed,LUMIO CDC,2022,700,390
10,Canary Seed,LUMIO CDC,2023,,
10,Canary Seed,LUMIO CDC,2024,,
10,Canary Seed,LUMIO CDC,2025,2527,1724
10,Chickpea,- Desi CONSUL CDC,2021,,
10,Chickpea,- Desi CONSUL CDC,2022,,
10,Chickpea,- Desi CONSUL CDC,2023,1754,1034
10,Chickpea,- Desi CONSUL CDC,2024,1316,1574
10,Chickpea,- Desi CONSUL CDC,2025,1394,2284
10,Chickpea,- Large Kabuli LANCER CDC,2021,,
10,Chickpea,- Large Kabuli LANCER CDC,2022,,
10,Chickpea,- Large Kabuli LANCER CDC,2023,1221,1340
10,Chickpea,- Large Kabuli LANCER CDC,2024,5236,1283
10,Chickpea,- Large Kabuli LANCER CDC,2025,14705,2119
10,Chickpea,LEADER CDC,2021,7963,816
10,Chickpea,LEADER CDC,2022,15254,1005
10,Chickpea,LEADER CDC,2023,17793,853
10,Chickpea,LEADER CDC,2024,25762,1413
10,Chickpea,LEADER CDC,2025,24883,1995
10,Chickpea,ORION CDC,2021,2774,913
10,Chickpea,ORION CDC,2022,3542,626
10,Chickpea,ORION CDC,2023,6113,917
10,Chickpea,ORION CDC,2024,12590,1285
10,Chickpea,ORION CDC,2025,11981,1431
10,Chickpea,ORKNEY CDC,2021,,
10,Chickpea,ORKNEY CDC,2022,,
10,Chickpea,ORKNEY CDC,2023,,
10,Chickpea,ORKNEY CDC,2024,1364,1151
10,Chickpea,ORKNEY CDC,2025,2669,2703
10,Chickpea,PASQUA CDC,2021,,
10,Chickpea,PASQUA CDC,2022,,
10,Chickpea,PASQUA CDC,2023,,
10,Chickpea,PASQUA CDC,2024,1200,972
10,Chickpea,PASQUA CDC,2025,3573,1920
10,Chickpea,- Small Kabuli AMIT (B90),2021,,
10,Chickpea,- Small Kabuli AMIT (B90),2022,,
10,Chickpea,- Small Kabuli AMIT (B90),2023,3111,910
10,Chickpea,- Small Kabuli AMIT (B90),2024,4929,1673
10,Chickpea,- Small Kabuli AMIT (B90),2025,2319,2037
10,Chickpea,FRONTIER CDC,2021,,
10,Chickpea,FRONTIER CDC,2022,,
10,Chickpea,FRONTIER CDC,2023,,
10,Chickpea,FRONTIER CDC,2024,,
10,Chickpea,FRONTIER CDC,2025,6618,2989
10,Chickpea,PEARL,2021,,
10,Chickpea,PEARL,2022,,
10,Chickpea,PEARL,2023,,
10,Chickpea,PEARL,2024,1071,1457
10,Chickpea,PEARL,2025,941,2533
10,Lentils - Large Green,GREENLAND CDC,2021,31198,657
10,Lentils - Large Green,GREENLAND CDC,2022,23941,723
10,Lentils - Large Green,GREENLAND CDC,2023,20683,646
10,Lentils - Large Green,GREENLAND CDC,2024,29218,1032
10,Lentils - Large Green,GREENLAND CDC,2025,35649,1548
10,Lentils - Large Green,GREENSTAR CDC,2021,31664,677
10,Lentils - Large Green,GREENSTAR CDC,2022,27956,825
10,Lentils - Large Green,GREENSTAR CDC,2023,31090,778
10,Lentils - Large Green,GREENSTAR CDC,2024,41318,1001
10,Lentils - Large Green,GREENSTAR CDC,2025,59794,1651
10,Lentils - Large Green,GRIMM CDC,2021,,
10,Lentils - Large Green,GRIMM CDC,2022,,
10,Lentils - Large Green,GRIMM CDC,2023,,
10,Lentils - Large Green,GRIMM CDC,2024,1021,860
10,Lentils - Large Green,GRIMM CDC,2025,7067,1753
10,Lentils - Large Green,IMPOWER CDC CL,2021,7863,648
10,Lentils - Large Green,IMPOWER CDC CL,2022,5133,692
10,Lentils - Large Green,IMPOWER CDC CL,2023,1535,432
10,Lentils - Large Green,IMPOWER CDC CL,2024,3386,952
10,Lentils - Large Green,IMPOWER CDC CL,2025,4156,1239
10,Lentils - Large Green,IMPROVE CDC,2021,3658,820
10,Lentils - Large Green,IMPROVE CDC,2022,995,747
10,Lentils - Large Green,IMPROVE CDC,2023,910,1190
10,Lentils - Large Green,IMPROVE CDC,2024,1018,692
10,Lentils - Large Green,IMPROVE CDC,2025,2062,2046
10,Lentils - Large Green,LIMA CDC,2021,4223,730
10,Lentils - Large Green,LIMA CDC,2022,9849,838
10,Lentils - Large Green,LIMA CDC,2023,14010,763
10,Lentils - Large Green,LIMA CDC,2024,23694,968
10,Lentils - Large Green,LIMA CDC,2025,32111,1526
10,Lentils,- Other BELUGA,2021,521,234
10,Lentils,- Other BELUGA,2022,430,617
10,Lentils,- Other BELUGA,2023,1626,492
10,Lentils,- Other BELUGA,2024,6705,703
10,Lentils,- Other BELUGA,2025,6784,1470
10,Lentils,ESTON,2021,,
10,Lentils,ESTON,2022,1527,871
10,Lentils,ESTON,2023,411,703
10,Lentils,ESTON,2024,4551,606
10,Lentils,ESTON,2025,15822,1294
10,Lentils,IMVINCIBLE CDC CL,2021,16062,827
10,Lentils,IMVINCIBLE CDC CL,2022,15418,990
10,Lentils,IMVINCIBLE CDC CL,2023,14427,968
10,Lentils,IMVINCIBLE CDC CL,2024,17920,974
10,Lentils,IMVINCIBLE CDC CL,2025,17962,1316
10,Lentils,JIMINI CDC CL,2021,,
10,Lentils,JIMINI CDC CL,2022,,
10,Lentils,JIMINI CDC CL,2023,,
10,Lentils,JIMINI CDC CL,2024,1585,844
10,Lentils,JIMINI CDC CL,2025,16505,1506
10,Lentils,KERMIT CDC,2021,1377,873
10,Lentils,KERMIT CDC,2022,2182,1230
10,Lentils,KERMIT CDC,2023,3408,996
10,Lentils,KERMIT CDC,2024,10981,990
10,Lentils,KERMIT CDC,2025,11278,1929
10,Lentils,PERIDOT CDC CL,2021,716,798
10,Lentils,PERIDOT CDC CL,2022,,
10,Lentils,PERIDOT CDC CL,2023,4761,619
10,Lentils,PERIDOT CDC CL,2024,4524,979
10,Lentils,PERIDOT CDC CL,2025,1874,655
10,Lentils - Red,CRIMSON,2021,3308,670
10,Lentils - Red,CRIMSON,2022,,
10,Lentils - Red,CRIMSON,2023,,
10,Lentils - Red,CRIMSON,2024,1892,1590
10,Lentils - Red,CRIMSON,2025,1658,1127
10,Lentils - Red,DAZIL CDC,2021,24140,769
10,Lentils - Red,DAZIL CDC,2022,22411,862
10,Lentils - Red,DAZIL CDC,2023,17126,714
10,Lentils - Red,DAZIL CDC,2024,17961,906
10,Lentils - Red,DAZIL CDC,2025,5672,1481
10,Lentils - Red,IMPACT CDC,2021,1870,657
10,Lentils - Red,IMPACT CDC,2022,4420,877
10,Lentils - Red,IMPACT CDC,2023,3183,758
10,Lentils - Red,IMPACT CDC,2024,1180,794
10,Lentils - Red,IMPACT CDC,2025,944,1437
10,Lentils - Red,IMPULSE,2021,68190,864
10,Lentils - Red,IMPULSE,2022,84970,840
10,Lentils - Red,IMPULSE,2023,70491,791
10,Lentils - Red,IMPULSE,2024,63037,1003
10,Lentils - Red,IMPULSE,2025,62339,1592
10,Lentils - Red,KING,2021,,
10,Lentils - Red,KING,2022,1400,869
10,Lentils - Red,KING,2023,1527,1120
10,Lentils - Red,KING,2024,,
10,Lentils - Red,KING,2025,982,2011
10,Lentils - Red,MAXIM CDC,2021,85651,747
10,Lentils - Red,MAXIM CDC,2022,90250,853
10,Lentils - Red,MAXIM CDC,2023,69200,675
10,Lentils - Red,MAXIM CDC,2024,63610,988
10,Lentils - Red,MAXIM CDC,2025,52821,1376
10,Lentils - Red,NIMBLE,2021,5817,919
10,Lentils - Red,NIMBLE,2022,12400,1030
10,Lentils - Red,NIMBLE,2023,8520,844
10,Lentils - Red,NIMBLE,2024,16080,1151
10,Lentils - Red,NIMBLE,2025,16037,1940
10,Lentils - Red,PROCLAIM CDC,2021,53991,939
10,Lentils - Red,PROCLAIM CDC,2022,74804,1093
10,Lentils - Red,PROCLAIM CDC,2023,58578,882
10,Lentils - Red,PROCLAIM CDC,2024,48964,1140
10,Lentils - Red,PROCLAIM CDC,2025,59721,1420
10,Lentils - Red,REDMOON,2021,4195,822
10,Lentils - Red,REDMOON,2022,4625,822
10,Lentils - Red,REDMOON,2023,3099,450
10,Lentils - Red,REDMOON,2024,5628,1060
10,Lentils - Red,REDMOON,2025,6785,1343
10,Lentils - Red,SIMMIE CDC,2021,,
10,Lentils - Red,SIMMIE CDC,2022,1189,1321
10,Lentils - Red,SIMMIE CDC,2023,7943,747
10,Lentils - Red,SIMMIE CDC,2024,7314,811
10,Lentils - Red,SIMMIE CDC,2025,7418,1321
11,Barley,AUSTENSON CDC,2021,36970,47.0
11,Barley,AUSTENSON CDC,2022,28895,80.1
11,Barley,AUSTENSON CDC,2023,21893,72.8
11,Barley,AUSTENSON CDC,2024,19829,69.2
11,Barley,AUSTENSON CDC,2025,15834,84.7
11,Barley,CATTLELAC AB,2021,709,59.6
11,Barley,CATTLELAC AB,2022,1329,78.4
11,Barley,CATTLELAC AB,2023,2659,66.1
11,Barley,CATTLELAC AB,2024,2100,66.5
11,Barley,CATTLELAC AB,2025,2367,73.8
11,Barley,CHURCHILL CDC,2021,,
11,Barley,CHURCHILL CDC,2022,,
11,Barley,CHURCHILL CDC,2023,988,86.8
11,Barley,CHURCHILL CDC,2024,1510,79.0
11,Barley,CHURCHILL CDC,2025,2342,86.3
11,Barley,CONNECT AAC,2021,3347,56.9
11,Barley,CONNECT AAC,2022,4169,84.6
11,Barley,CONNECT AAC,2023,11988,79.8
11,Barley,CONNECT AAC,2024,10780,79.8
11,Barley,CONNECT AAC,2025,12201,85.7
11,Barley,COPELAND CDC,2021,22359,46.7
11,Barley,COPELAND CDC,2022,21848,73.7
11,Barley,COPELAND CDC,2023,15468,70.4
11,Barley,COPELAND CDC,2024,6663,67.3
11,Barley,COPELAND CDC,2025,5310,80.1
11,Barley,DURANGO CDC,2021,,
11,Barley,DURANGO CDC,2022,,
11,Barley,DURANGO CDC,2023,,
11,Barley,DURANGO CDC,2024,,
11,Barley,DURANGO CDC,2025,1061,87.3
11,Barley,ESMA,2021,,
11,Barley,ESMA,2022,,
11,Barley,ESMA,2023,645,74.4
11,Barley,ESMA,2024,904,105.1
11,Barley,ESMA,2025,914,98.3
11,Barley,FRASER CDC,2021,1414,50.7
11,Barley,FRASER CDC,2022,2352,93.0
11,Barley,FRASER CDC,2023,6964,78.0
11,Barley,FRASER CDC,2024,5065,74.3
11,Barley,FRASER CDC,2025,6551,80.2
11,Barley,LEGACY,2021,,
11,Barley,LEGACY,2022,676,85.0
11,Barley,LEGACY,2023,796,94.2
11,Barley,LEGACY,2024,780,79.6
11,Barley,LEGACY,2025,1417,116.0
11,Barley,MAVERICK CDC,2021,3408,13.8
11,Barley,MAVERICK CDC,2022,1816,62.6
11,Barley,MAVERICK CDC,2023,606,59.8
11,Barley,MAVERICK CDC,2024,,
11,Barley,MAVERICK CDC,2025,904,57.5
11,Barley,NEWDALE,2021,634,55.1
11,Barley,NEWDALE,2022,450,108.9
11,Barley,NEWDALE,2023,465,108.0
11,Barley,NEWDALE,2024,475,100.0
11,Barley,NEWDALE,2025,525,93.8
11,Barley,RENEGADE CDC,2021,,
11,Barley,RENEGADE CDC,2022,,
11,Barley,RENEGADE CDC,2023,,
11,Barley,RENEGADE CDC,2024,,
11,Barley,RENEGADE CDC,2025,728,75.9
11,Barley,SYNERGY AAC,2021,15337,51.7
11,Barley,SYNERGY AAC,2022,13298,82.1
11,Barley,SYNERGY AAC,2023,22600,76.6
11,Barley,SYNERGY AAC,2024,20319,83.2
11,Barley,SYNERGY AAC,2025,26442,86.8
11,Barley,XENA,2021,825,38.5
11,Barley,XENA,2022,801,68.7
11,Barley,XENA,2023,,
11,Barley,XENA,2024,745,60.0
11,Barley,XENA,2025,662,73.1
11,Canola/Rapeseed,BY 6211TF,2021,,
11,Canola/Rapeseed,BY 6211TF,2022,1880,40.7
11,Canola/Rapeseed,BY 6211TF,2023,5786,38.4
11,Canola/Rapeseed,BY 6211TF,2024,3714,27.6
11,Canola/Rapeseed,BY 6211TF,2025,2469,35.8
11,Canola/Rapeseed,BY 6214TF,2021,,
11,Canola/Rapeseed,BY 6214TF,2022,,
11,Canola/Rapeseed,BY 6214TF,2023,2269,40.0
11,Canola/Rapeseed,BY 6214TF,2024,1179,36.0
11,Canola/Rapeseed,BY 6214TF,2025,550,46.3
11,Canola/Rapeseed,BY 6217TF,2021,,
11,Canola/Rapeseed,BY 6217TF,2022,,
11,Canola/Rapeseed,BY 6217TF,2023,3431,39.0
11,Canola/Rapeseed,BY 6217TF,2024,2582,34.5
11,Canola/Rapeseed,BY 6217TF,2025,3389,43.3
11,Canola/Rapeseed,BY 7204LL,2021,,
11,Canola/Rapeseed,BY 7204LL,2022,,
11,Canola/Rapeseed,BY 7204LL,2023,,
11,Canola/Rapeseed,BY 7204LL,2024,8659,27.1
11,Canola/Rapeseed,BY 7204LL,2025,5969,44.2
11,Canola/Rapeseed,B3020,2021,,
11,Canola/Rapeseed,B3020,2022,,
11,Canola/Rapeseed,B3020,2023,,
11,Canola/Rapeseed,B3020,2024,,
11,Canola/Rapeseed,B3020,2025,441,41.4
11,Canola/Rapeseed,CP21L3C,2021,,
11,Canola/Rapeseed,CP21L3C,2022,,
11,Canola/Rapeseed,CP21L3C,2023,,
11,Canola/Rapeseed,CP21L3C,2024,,
11,Canola/Rapeseed,CP21L3C,2025,668,49.6
11,Canola/Rapeseed,CS2600 CRT,2021,,
11,Canola/Rapeseed,CS2600 CRT,2022,,
11,Canola/Rapeseed,CS2600 CRT,2023,,
11,Canola/Rapeseed,CS2600 CRT,2024,,
11,Canola/Rapeseed,CS2600 CRT,2025,766,34.5
11,Canola/Rapeseed,CS3000 TF,2021,,
11,Canola/Rapeseed,CS3000 TF,2022,,
11,Canola/Rapeseed,CS3000 TF,2023,1470,44.8
11,Canola/Rapeseed,CS3000 TF,2024,1230,37.0
11,Canola/Rapeseed,CS3000 TF,2025,945,50.7
11,Canola/Rapeseed,CS3300 TF,2021,,
11,Canola/Rapeseed,CS3300 TF,2022,,
11,Canola/Rapeseed,CS3300 TF,2023,,
11,Canola/Rapeseed,CS3300 TF,2024,,
11,Canola/Rapeseed,CS3300 TF,2025,662,50.7
11,Canola/Rapeseed,CS4000 LL,2021,673,35.4
11,Canola/Rapeseed,CS4000 LL,2022,6094,43.9
11,Canola/Rapeseed,CS4000 LL,2023,2805,37.1
11,Canola/Rapeseed,CS4000 LL,2024,2116,32.7
11,Canola/Rapeseed,CS4000 LL,2025,485,38.3
11,Canola/Rapeseed,CS4100 LL,2021,,
11,Canola/Rapeseed,CS4100 LL,2022,,
11,Canola/Rapeseed,CS4100 LL,2023,,
11,Canola/Rapeseed,CS4100 LL,2024,,
11,Canola/Rapeseed,CS4100 LL,2025,1055,46.1
11,Canola/Rapeseed,DK 801 LL,2021,,
11,Canola/Rapeseed,DK 801 LL,2022,,
11,Canola/Rapeseed,DK 801 LL,2023,,
11,Canola/Rapeseed,DK 801 LL,2024,,
11,Canola/Rapeseed,DK 801 LL,2025,1906,50.5
11,Canola/Rapeseed,DKLL 83 SC,2021,,
11,Canola/Rapeseed,DKLL 83 SC,2022,516,42.2
11,Canola/Rapeseed,DKLL 83 SC,2023,3705,44.9
11,Canola/Rapeseed,DKLL 83 SC,2024,3144,28.3
11,Canola/Rapeseed,DKLL 83 SC,2025,543,41.1
11,Canola/Rapeseed,DK400TL,2021,,
11,Canola/Rapeseed,DK400TL,2022,,
11,Canola/Rapeseed,DK400TL,2023,,
11,Canola/Rapeseed,DK400TL,2024,4255,35.4
11,Canola/Rapeseed,DK400TL,2025,923,45.0
11,Canola/Rapeseed,DK401TK,2021,,
11,Canola/Rapeseed,DK401TK,2022,,
11,Canola/Rapeseed,DK401TK,2023,,
11,Canola/Rapeseed,DK401TK,2024,,
11,Canola/Rapeseed,DK401TK,2025,2644,45.8
11,Canola/Rapeseed,DK401TL,2021,,
11,Canola/Rapeseed,DK401TL,2022,,
11,Canola/Rapeseed,DK401TL,2023,,
11,Canola/Rapeseed,DK401TL,2024,,
11,Canola/Rapeseed,DK401TL,2025,590,47.5
11,Canola/Rapeseed,DK800LL,2021,,
11,Canola/Rapeseed,DK800LL,2022,,
11,Canola/Rapeseed,DK800LL,2023,,
11,Canola/Rapeseed,DK800LL,2024,1016,31.0
11,Canola/Rapeseed,DK800LL,2025,1511,54.0
11,Canola/Rapeseed,DK801LL,2021,,
11,Canola/Rapeseed,DK801LL,2022,,
11,Canola/Rapeseed,DK801LL,2023,,
11,Canola/Rapeseed,DK801LL,2024,,
11,Canola/Rapeseed,DK801LL,2025,1485,43.4
11,Canola/Rapeseed,DK900TF,2021,,
11,Canola/Rapeseed,DK900TF,2022,,
11,Canola/Rapeseed,DK900TF,2023,5329,40.0
11,Canola/Rapeseed,DK900TF,2024,21827,30.9
11,Canola/Rapeseed,DK900TF,2025,11768,41.0
11,Canola/Rapeseed,DK902TF,2021,,
11,Canola/Rapeseed,DK902TF,2022,,
11,Canola/Rapeseed,DK902TF,2023,2563,40.7
11,Canola/Rapeseed,DK902TF,2024,415,24.6
11,Canola/Rapeseed,DK902TF,2025,947,42.1
11,Canola/Rapeseed,LR354PC,2021,,
11,Canola/Rapeseed,LR354PC,2022,,
11,Canola/Rapeseed,LR354PC,2023,5321,43.6
11,Canola/Rapeseed,LR354PC,2024,5201,31.4
11,Canola/Rapeseed,LR354PC,2025,8284,48.9
11,Canola/Rapeseed,L233P,2021,104567,31.0
11,Canola/Rapeseed,L233P,2022,97465,46.7
11,Canola/Rapeseed,L233P,2023,65112,44.0
11,Canola/Rapeseed,L233P,2024,38291,34.8
11,Canola/Rapeseed,L233P,2025,20368,48.5
11,Canola/Rapeseed,L255PC,2021,23555,30.7
11,Canola/Rapeseed,L255PC,2022,15983,43.6
11,Canola/Rapeseed,L255PC,2023,3693,40.3
11,Canola/Rapeseed,L255PC,2024,570,28.0
11,Canola/Rapeseed,L255PC,2025,1303,51.3
11,Canola/Rapeseed,L330PC,2021,,
11,Canola/Rapeseed,L330PC,2022,,
11,Canola/Rapeseed,L330PC,2023,,
11,Canola/Rapeseed,L330PC,2024,,
11,Canola/Rapeseed,L330PC,2025,39151,48.4
11,Canola/Rapeseed,L333PC,2021,,
11,Canola/Rapeseed,L333PC,2022,,
11,Canola/Rapeseed,L333PC,2023,,
11,Canola/Rapeseed,L333PC,2024,,
11,Canola/Rapeseed,L333PC,2025,12531,46.3
11,Canola/Rapeseed,L340PC,2021,41116,30.1
11,Canola/Rapeseed,L340PC,2022,117097,47.5
11,Canola/Rapeseed,L340PC,2023,138942,47.0
11,Canola/Rapeseed,L340PC,2024,186714,39.8
11,Canola/Rapeseed,L340PC,2025,254869,47.6
11,Canola/Rapeseed,L341PC,2021,,
11,Canola/Rapeseed,L341PC,2022,,
11,Canola/Rapeseed,L341PC,2023,,
11,Canola/Rapeseed,L341PC,2024,,
11,Canola/Rapeseed,L341PC,2025,2443,46.5
11,Canola/Rapeseed,L343PC,2021,,
11,Canola/Rapeseed,L343PC,2022,3083,44.6
11,Canola/Rapeseed,L343PC,2023,13748,43.0
11,Canola/Rapeseed,L343PC,2024,7297,33.9
11,Canola/Rapeseed,L343PC,2025,1470,49.7
11,Canola/Rapeseed,L345PC,2021,45483,30.3
11,Canola/Rapeseed,L345PC,2022,61085,45.9
11,Canola/Rapeseed,L345PC,2023,35270,44.7
11,Canola/Rapeseed,L345PC,2024,36801,38.8
11,Canola/Rapeseed,L345PC,2025,18796,45.0
11,Canola/Rapeseed,L350PC,2021,,
11,Canola/Rapeseed,L350PC,2022,,
11,Canola/Rapeseed,L350PC,2023,28040,44.5
11,Canola/Rapeseed,L350PC,2024,19261,39.2
11,Canola/Rapeseed,L350PC,2025,3893,44.4
11,Canola/Rapeseed,L356PC,2021,,
11,Canola/Rapeseed,L356PC,2022,17501,48.6
11,Canola/Rapeseed,L356PC,2023,53581,45.2
11,Canola/Rapeseed,L356PC,2024,92588,37.3
11,Canola/Rapeseed,L356PC,2025,68846,48.4
11,Canola/Rapeseed,PV 661 LCM,2021,,
11,Canola/Rapeseed,PV 661 LCM,2022,,
11,Canola/Rapeseed,PV 661 LCM,2023,,
11,Canola/Rapeseed,PV 661 LCM,2024,6754,33.9
11,Canola/Rapeseed,PV 661 LCM,2025,5993,41.9
11,Canola/Rapeseed,PV 681 LC,2021,,
11,Canola/Rapeseed,PV 681 LC,2022,,
11,Canola/Rapeseed,PV 681 LC,2023,3352,37.2
11,Canola/Rapeseed,PV 681 LC,2024,1502,21.2
11,Canola/Rapeseed,PV 681 LC,2025,1926,38.8
11,Canola/Rapeseed,PV 760 TM,2021,2143,21.3
11,Canola/Rapeseed,PV 760 TM,2022,607,40.7
11,Canola/Rapeseed,PV 760 TM,2023,447,37.5
11,Canola/Rapeseed,PV 760 TM,2024,,
11,Canola/Rapeseed,PV 760 TM,2025,411,37.5
11,Canola/Rapeseed,PV 761 TM,2021,10516,24.1
11,Canola/Rapeseed,PV 761 TM,2022,10064,40.3
11,Canola/Rapeseed,PV 761 TM,2023,14561,35.5
11,Canola/Rapeseed,PV 761 TM,2024,4679,30.9
11,Canola/Rapeseed,PV 761 TM,2025,785,43.9
11,Canola/Rapeseed,PV 781 TCM,2021,,
11,Canola/Rapeseed,PV 781 TCM,2022,,
11,Canola/Rapeseed,PV 781 TCM,2023,4808,40.5
11,Canola/Rapeseed,PV 781 TCM,2024,10610,24.8
11,Canola/Rapeseed,PV 781 TCM,2025,6497,36.3
11,Canola/Rapeseed,PV661 LCM,2021,,
11,Canola/Rapeseed,PV661 LCM,2022,,
11,Canola/Rapeseed,PV661 LCM,2023,1218,47.9
11,Canola/Rapeseed,PV661 LCM,2024,5954,37.6
11,Canola/Rapeseed,PV661 LCM,2025,4241,42.6
11,Canola/Rapeseed,PV783,2021,,
11,Canola/Rapeseed,PV783,2022,,
11,Canola/Rapeseed,PV783,2023,,
11,Canola/Rapeseed,PV783,2024,,
11,Canola/Rapeseed,PV783,2025,3476,41.0
11,Canola/Rapeseed,P1530G,2021,,
11,Canola/Rapeseed,P1530G,2022,,
11,Canola/Rapeseed,P1530G,2023,,
11,Canola/Rapeseed,P1530G,2024,,
11,Canola/Rapeseed,P1530G,2025,608,50.6
11,Canola/Rapeseed,P1540L,2021,,
11,Canola/Rapeseed,P1540L,2022,,
11,Canola/Rapeseed,P1540L,2023,,
11,Canola/Rapeseed,P1540L,2024,,
11,Canola/Rapeseed,P1540L,2025,1667,52.6
11,Canola/Rapeseed,P502CL,2021,475,28.2
11,Canola/Rapeseed,P502CL,2022,,
11,Canola/Rapeseed,P502CL,2023,,
11,Canola/Rapeseed,P502CL,2024,,
11,Canola/Rapeseed,P502CL,2025,825,45.8
11,Canola/Rapeseed,P505MSL,2021,3470,26.1
11,Canola/Rapeseed,P505MSL,2022,6932,44.5
11,Canola/Rapeseed,P505MSL,2023,10571,45.8
11,Canola/Rapeseed,P505MSL,2024,19881,34.7
11,Canola/Rapeseed,P505MSL,2025,8894,48.5
11,Canola/Rapeseed,P508CL,2021,,
11,Canola/Rapeseed,P508CL,2022,,
11,Canola/Rapeseed,P508CL,2023,,
11,Canola/Rapeseed,P508CL,2024,,
11,Canola/Rapeseed,P508CL,2025,1956,48.7
11,Canola/Rapeseed,P508MCL,2021,2847,35.4
11,Canola/Rapeseed,P508MCL,2022,3932,41.4
11,Canola/Rapeseed,P508MCL,2023,995,38.8
11,Canola/Rapeseed,P508MCL,2024,1762,32.1
11,Canola/Rapeseed,P508MCL,2025,642,33.6
11,Canola/Rapeseed,P510G,2021,,
11,Canola/Rapeseed,P510G,2022,,
11,Canola/Rapeseed,P510G,2023,686,47.3
11,Canola/Rapeseed,P510G,2024,5367,34.2
11,Canola/Rapeseed,P510G,2025,3409,44.3
11,Canola/Rapeseed,P514CL,2021,,
11,Canola/Rapeseed,P514CL,2022,,
11,Canola/Rapeseed,P514CL,2023,1894,40.6
11,Canola/Rapeseed,P514CL,2024,657,31.2
11,Canola/Rapeseed,P514CL,2025,1069,50.5
11,Canola/Rapeseed,P515G,2021,,
11,Canola/Rapeseed,P515G,2022,,
11,Canola/Rapeseed,P515G,2023,1661,42.2
11,Canola/Rapeseed,P515G,2024,12589,33.4
11,Canola/Rapeseed,P515G,2025,8300,46.2
11,Canola/Rapeseed,P516L,2021,,
11,Canola/Rapeseed,P516L,2022,,
11,Canola/Rapeseed,P516L,2023,1479,34.3
11,Canola/Rapeseed,P516L,2024,10794,29.6
11,Canola/Rapeseed,P516L,2025,1903,55.2
11,Canola/Rapeseed,P519L,2021,,
11,Canola/Rapeseed,P519L,2022,,
11,Canola/Rapeseed,P519L,2023,,
11,Canola/Rapeseed,P519L,2024,,
11,Canola/Rapeseed,P519L,2025,1136,41.3
11,Canola/Rapeseed,P520L,2021,,
11,Canola/Rapeseed,P520L,2022,,
11,Canola/Rapeseed,P520L,2023,,
11,Canola/Rapeseed,P520L,2024,1824,38.3
11,Canola/Rapeseed,P520L,2025,16736,46.3
11,Canola/Rapeseed,P617SL,2021,,
11,Canola/Rapeseed,P617SL,2022,,
11,Canola/Rapeseed,P617SL,2023,,
11,Canola/Rapeseed,P617SL,2024,,
11,Canola/Rapeseed,P617SL,2025,982,43.5
11,Canola/Rapeseed,2600 CS CR-T,2021,1789,24.4
11,Canola/Rapeseed,2600 CS CR-T,2022,2062,36.0
11,Canola/Rapeseed,2600 CS CR-T,2023,,
11,Canola/Rapeseed,2600 CS CR-T,2024,1565,32.9
11,Canola/Rapeseed,2600 CS CR-T,2025,410,37.3
11,Canola/Rapeseed,45CM39,2021,28743,27.2
11,Canola/Rapeseed,45CM39,2022,12606,43.2
11,Canola/Rapeseed,45CM39,2023,23224,40.5
11,Canola/Rapeseed,45CM39,2024,5583,34.3
11,Canola/Rapeseed,45CM39,2025,698,42.0
11,Canola/Rapeseed,45H42,2021,3668,25.7
11,Canola/Rapeseed,45H42,2022,3168,41.4
11,Canola/Rapeseed,45H42,2023,9187,42.5
11,Canola/Rapeseed,45H42,2024,5084,33.3
11,Canola/Rapeseed,45H42,2025,1848,39.4
11,Canola/Rapeseed,45M35,2021,5480,29.5
11,Canola/Rapeseed,45M35,2022,4794,44.2
11,Canola/Rapeseed,45M35,2023,3497,42.1
11,Canola/Rapeseed,45M35,2024,1165,32.0
11,Canola/Rapeseed,45M35,2025,1228,50.0
11,Canola/Rapeseed,519 HYOLA RR,2021,,
11,Canola/Rapeseed,519 HYOLA RR,2022,,
11,Canola/Rapeseed,519 HYOLA RR,2023,,
11,Canola/Rapeseed,519 HYOLA RR,2024,,
11,Canola/Rapeseed,519 HYOLA RR,2025,794,37.1
11,Field Peas,ABERDEEN AAC,2021,,
11,Field Peas,ABERDEEN AAC,2022,,
11,Field Peas,ABERDEEN AAC,2023,701,37.6
11,Field Peas,ABERDEEN AAC,2024,2482,34.9
11,Field Peas,ABERDEEN AAC,2025,2099,42.8
11,Field Peas,AMARILLO CDC,2021,8451,23.8
11,Field Peas,AMARILLO CDC,2022,6989,36.7
11,Field Peas,AMARILLO CDC,2023,5918,38.1
11,Field Peas,AMARILLO CDC,2024,5936,30.7
11,Field Peas,AMARILLO CDC,2025,1799,37.8
11,Field Peas,CARVER AAC,2021,5900,30.5
11,Field Peas,CARVER AAC,2022,8349,45.5
11,Field Peas,CARVER AAC,2023,9688,50.2
11,Field Peas,CARVER AAC,2024,5495,45.9
11,Field Peas,CARVER AAC,2025,3776,49.6
11,Field Peas,CHROME AAC,2021,4627,25.6
11,Field Peas,CHROME AAC,2022,7666,42.4
11,Field Peas,CHROME AAC,2023,11009,39.8
11,Field Peas,CHROME AAC,2024,13188,38.2
11,Field Peas,CHROME AAC,2025,11646,44.0
11,Field Peas,FOREST CDC,2021,2245,29.8
11,Field Peas,FOREST CDC,2022,2005,39.5
11,Field Peas,FOREST CDC,2023,1407,42.2
11,Field Peas,FOREST CDC,2024,4662,42.9
11,Field Peas,FOREST CDC,2025,5328,47.5
11,Field Peas,GREENWATER,2021,3910,25.4
11,Field Peas,GREENWATER,2022,3189,35.2
11,Field Peas,GREENWATER,2023,755,33.0
11,Field Peas,GREENWATER,2024,1601,40.1
11,Field Peas,GREENWATER,2025,643,44.5
11,Field Peas,INCA CDC,2021,5341,26.6
11,Field Peas,INCA CDC,2022,5089,47.6
11,Field Peas,INCA CDC,2023,2704,41.2
11,Field Peas,INCA CDC,2024,2169,36.8
11,Field Peas,INCA CDC,2025,1471,39.9
11,Field Peas,JULIUS AAC,2021,,
11,Field Peas,JULIUS AAC,2022,,
11,Field Peas,JULIUS AAC,2023,,
11,Field Peas,JULIUS AAC,2024,,
11,Field Peas,JULIUS AAC,2025,2850,46.2
11,Field Peas,LEWOCHKO CDC,2021,,
11,Field Peas,LEWOCHKO CDC,2022,1799,50.5
11,Field Peas,LEWOCHKO CDC,2023,1732,47.2
11,Field Peas,LEWOCHKO CDC,2024,2341,41.0
11,Field Peas,LEWOCHKO CDC,2025,4897,45.4
11,Field Peas,LIMERICK CDC,2021,3579,29.4
11,Field Peas,LIMERICK CDC,2022,2103,40.5
11,Field Peas,LIMERICK CDC,2023,2328,36.1
11,Field Peas,LIMERICK CDC,2024,1961,46.1
11,Field Peas,LIMERICK CDC,2025,2856,51.4
11,Field Peas,MEADOW CDC,2021,4478,30.2
11,Field Peas,MEADOW CDC,2022,4475,47.5
11,Field Peas,MEADOW CDC,2023,1998,46.4
11,Field Peas,MEADOW CDC,2024,2060,34.7
11,Field Peas,MEADOW CDC,2025,830,39.1
11,Field Peas,RAEZER CDC,2021,2694,23.8
11,Field Peas,RAEZER CDC,2022,1653,38.9
11,Field Peas,RAEZER CDC,2023,1003,32.9
11,Field Peas,RAEZER CDC,2024,2561,34.1
11,Field Peas,RAEZER CDC,2025,2228,36.7
11,Field Peas,SPECTRUM CDC,2021,4925,21.3
11,Field Peas,SPECTRUM CDC,2022,1950,42.7
11,Field Peas,SPECTRUM CDC,2023,5558,40.9
11,Field Peas,SPECTRUM CDC,2024,1218,34.8
11,Field Peas,SPECTRUM CDC,2025,4401,52.1
11,Field Peas,SPRUCE CDC,2021,608,28.7
11,Field Peas,SPRUCE CDC,2022,,
11,Field Peas,SPRUCE CDC,2023,405,38.1
11,Field Peas,SPRUCE CDC,2024,1015,41.7
11,Field Peas,SPRUCE CDC,2025,1270,52.7
11,Field Peas,TOLLEFSON CDC,2021,,
11,Field Peas,TOLLEFSON CDC,2022,,
11,Field Peas,TOLLEFSON CDC,2023,,
11,Field Peas,TOLLEFSON CDC,2024,1379,41.4
11,Field Peas,TOLLEFSON CDC,2025,2811,44.4
11,Flax,ACC BRIGHT,2021,,
11,Flax,ACC BRIGHT,2022,,
11,Flax,ACC BRIGHT,2023,,
11,Flax,ACC BRIGHT,2024,,
11,Flax,ACC BRIGHT,2025,1503,26.2
11,Flax,BETHUNE CDC,2021,2409,15.2
11,Flax,BETHUNE CDC,2022,2919,27.9
11,Flax,BETHUNE CDC,2023,1904,17.2
11,Flax,BETHUNE CDC,2024,,
11,Flax,BETHUNE CDC,2025,809,24.2
11,Flax,BRAVO AAC,2021,1046,14.3
11,Flax,BRAVO AAC,2022,1573,36.7
11,Flax,BRAVO AAC,2023,1570,31.8
11,Flax,BRAVO AAC,2024,790,23.9
11,Flax,BRAVO AAC,2025,1494,28.2
11,Flax,GLAS CDC,2021,10779,14.8
11,Flax,GLAS CDC,2022,9439,31.4
11,Flax,GLAS CDC,2023,6015,22.2
11,Flax,GLAS CDC,2024,3344,21.5
11,Flax,GLAS CDC,2025,6431,24.3
11,Flax,KERNEN CDC,2021,,
11,Flax,KERNEN CDC,2022,,
11,Flax,KERNEN CDC,2023,,
11,Flax,KERNEN CDC,2024,,
11,Flax,KERNEN CDC,2025,3131,32.8
11,Flax,MARVELOUS AAC,2021,561,12.6
11,Flax,MARVELOUS AAC,2022,637,35.8
11,Flax,MARVELOUS AAC,2023,913,24.1
11,Flax,MARVELOUS AAC,2024,659,30.7
11,Flax,MARVELOUS AAC,2025,1418,34.7
11,Flax,ROWLAND CDC,2021,,
11,Flax,ROWLAND CDC,2022,,
11,Flax,ROWLAND CDC,2023,980,16.0
11,Flax,ROWLAND CDC,2024,975,23.1
11,Flax,ROWLAND CDC,2025,6268,34.2
11,IP Canola/Rapeseed,B3018N,2021,,
11,IP Canola/Rapeseed,B3018N,2022,,
11,IP Canola/Rapeseed,B3018N,2023,,
11,IP Canola/Rapeseed,B3018N,2024,12054,37.5
11,IP Canola/Rapeseed,B3018N,2025,12626,45.8
11,IP Canola/Rapeseed,B3901N,2021,,
11,IP Canola/Rapeseed,B3901N,2022,,
11,IP Canola/Rapeseed,B3901N,2023,,
11,IP Canola/Rapeseed,B3901N,2024,,
11,IP Canola/Rapeseed,B3901N,2025,1049,41.6
11,IP Canola/Rapeseed,L358HPC,2021,,
11,IP Canola/Rapeseed,L358HPC,2022,,
11,IP Canola/Rapeseed,L358HPC,2023,,
11,IP Canola/Rapeseed,L358HPC,2024,21085,39.7
11,IP Canola/Rapeseed,L358HPC,2025,13699,46.3
11,IP Canola/Rapeseed,L359HPC,2021,,
11,IP Canola/Rapeseed,L359HPC,2022,,
11,IP Canola/Rapeseed,L359HPC,2023,9127,43.9
11,IP Canola/Rapeseed,L359HPC,2024,3292,33.4
11,IP Canola/Rapeseed,L359HPC,2025,976,44.8
11,IP Canola/Rapeseed,V25-5T,2021,1404,24.9
11,IP Canola/Rapeseed,V25-5T,2022,5658,36.6
11,IP Canola/Rapeseed,V25-5T,2023,2894,39.9
11,IP Canola/Rapeseed,V25-5T,2024,1952,34.4
11,IP Canola/Rapeseed,V25-5T,2025,698,33.2
11,IP Canola/Rapeseed,V25-6T,2021,,
11,IP Canola/Rapeseed,V25-6T,2022,,
11,IP Canola/Rapeseed,V25-6T,2023,1324,40.4
11,IP Canola/Rapeseed,V25-6T,2024,2141,39.0
11,IP Canola/Rapeseed,V25-6T,2025,2195,41.2
11,IP Canola/Rapeseed,1028 RR,2021,31790,17.8
11,IP Canola/Rapeseed,1028 RR,2022,10847,37.4
11,IP Canola/Rapeseed,1028 RR,2023,7934,35.6
11,IP Canola/Rapeseed,1028 RR,2024,2190,33.6
11,IP Canola/Rapeseed,1028 RR,2025,1090,38.0
11,Mustard - Yellow,ANDANTE,2021,817,8.0
11,Mustard - Yellow,ANDANTE,2022,2732,16.6
11,Mustard - Yellow,ANDANTE,2023,1629,20.7
11,Mustard - Yellow,ANDANTE,2024,1780,13.5
11,Mustard - Yellow,ANDANTE,2025,1341,17.5
11,Oats,ANSON CDC,2021,,
11,Oats,ANSON CDC,2022,,
11,Oats,ANSON CDC,2023,,
11,Oats,ANSON CDC,2024,,
11,Oats,ANSON CDC,2025,12246,111.6
11,Oats,ARBORG CDC,2021,8959,62.0
11,Oats,ARBORG CDC,2022,13480,100.0
11,Oats,ARBORG CDC,2023,6088,75.3
11,Oats,ARBORG CDC,2024,13271,93.6
11,Oats,ARBORG CDC,2025,11817,99.0
11,Oats,CAMDEN CS,2021,12839,54.0
11,Oats,CAMDEN CS,2022,21969,102.5
11,Oats,CAMDEN CS,2023,7822,99.0
11,Oats,CAMDEN CS,2024,6687,99.3
11,Oats,CAMDEN CS,2025,9580,118.3
11,Oats,DANCER CDC,2021,5140,61.3
11,Oats,DANCER CDC,2022,6861,104.5
11,Oats,DANCER CDC,2023,3725,80.3
11,Oats,DANCER CDC,2024,5438,82.7
11,Oats,DANCER CDC,2025,3517,94.8
11,Oats,DERBY,2021,2671,39.7
11,Oats,DERBY,2022,2481,75.3
11,Oats,DERBY,2023,1281,82.0
11,Oats,DERBY,2024,932,68.3
11,Oats,DERBY,2025,863,77.1
11,Oats,DOUGLAS AAC,2021,,
11,Oats,DOUGLAS AAC,2022,,
11,Oats,DOUGLAS AAC,2023,,
11,Oats,DOUGLAS AAC,2024,1202,110.2
11,Oats,DOUGLAS AAC,2025,3425,105.0
11,Oats,ENDURE CDC,2021,405,27.4
11,Oats,ENDURE CDC,2022,627,122.7
11,Oats,ENDURE CDC,2023,2251,88.7
11,Oats,ENDURE CDC,2024,4117,91.7
11,Oats,ENDURE CDC,2025,7353,117.8
11,Oats,HAYMAKER CDC,2021,787,40.4
11,Oats,HAYMAKER CDC,2022,1432,69.4
11,Oats,HAYMAKER CDC,2023,1465,76.4
11,Oats,HAYMAKER CDC,2024,756,79.9
11,Oats,HAYMAKER CDC,2025,1148,69.0
11,Oats,MORGAN AC,2021,2592,57.8
11,Oats,MORGAN AC,2022,6240,101.4
11,Oats,MORGAN AC,2023,3788,96.1
11,Oats,MORGAN AC,2024,4310,87.0
11,Oats,MORGAN AC,2025,6966,88.8
11,Oats,ORE3542M,2021,4357,39.6
11,Oats,ORE3542M,2022,2022,104.8
11,Oats,ORE3542M,2023,1974,86.7
11,Oats,ORE3542M,2024,721,73.1
11,Oats,ORE3542M,2025,475,67.7
11,Oats,RUFFIAN CDC,2021,1670,62.3
11,Oats,RUFFIAN CDC,2022,4414,116.8
11,Oats,RUFFIAN CDC,2023,1780,102.7
11,Oats,RUFFIAN CDC,2024,4128,95.0
11,Oats,RUFFIAN CDC,2025,2174,128.1
11,Oats,SO-1 CDC,2021,769,55.5
11,Oats,SO-1 CDC,2022,1506,79.2
11,Oats,SO-1 CDC,2023,1330,57.4
11,Oats,SO-1 CDC,2024,2171,84.3
11,Oats,SO-1 CDC,2025,1424,95.6
11,Oats,SUMMIT,2021,11590,51.3
11,Oats,SUMMIT,2022,12412,103.7
11,Oats,SUMMIT,2023,6524,90.7
11,Oats,SUMMIT,2024,6863,99.5
11,Oats,SUMMIT,2025,9276,121.1
11,Soybean,S001-D8X,2021,,
11,Soybean,S001-D8X,2022,,
11,Soybean,S001-D8X,2023,485,28.3
11,Soybean,S001-D8X,2024,,
11,Soybean,S001-D8X,2025,782,35.9
11,Wheat,- Canada Prairie PASTEUR,2021,2878,44.6
11,Wheat,- Canada Prairie PASTEUR,2022,2365,69.7
11,Wheat,- Canada Prairie PASTEUR,2023,1642,55.2
11,Wheat,- Canada Prairie PASTEUR,2024,752,64.8
11,Wheat,- Canada Prairie PASTEUR,2025,700,76.0
11,Wheat,SPARROW KWS,2021,598,53.0
11,Wheat,SPARROW KWS,2022,1902,63.4
11,Wheat,SPARROW KWS,2023,1805,68.6
11,Wheat,SPARROW KWS,2024,1522,85.9
11,Wheat,SPARROW KWS,2025,1979,75.1
11,Wheat - Durum,DEFY CDC,2021,,
11,Wheat - Durum,DEFY CDC,2022,,
11,Wheat - Durum,DEFY CDC,2023,2930,52.8
11,Wheat - Durum,DEFY CDC,2024,8518,56.5
11,Wheat - Durum,DEFY CDC,2025,12177,59.2
11,Wheat - Durum,DONLOW AAC,2021,,
11,Wheat - Durum,DONLOW AAC,2022,,
11,Wheat - Durum,DONLOW AAC,2023,,
11,Wheat - Durum,DONLOW AAC,2024,519,57.3
11,Wheat - Durum,DONLOW AAC,2025,847,60.6
11,Wheat - Durum,PRECISION CDC,2021,7860,42.3
11,Wheat - Durum,PRECISION CDC,2022,8393,65.1
11,Wheat - Durum,PRECISION CDC,2023,6417,54.2
11,Wheat - Durum,PRECISION CDC,2024,3959,50.9
11,Wheat - Durum,PRECISION CDC,2025,3418,64.3
11,Wheat - Durum,SCHRADER AAC,2021,,
11,Wheat - Durum,SCHRADER AAC,2022,,
11,Wheat - Durum,SCHRADER AAC,2023,,
11,Wheat - Durum,SCHRADER AAC,2024,,
11,Wheat - Durum,SCHRADER AAC,2025,2876,60.0
11,Wheat - Durum,STRONGFIELD,2021,,
11,Wheat - Durum,STRONGFIELD,2022,,
11,Wheat - Durum,STRONGFIELD,2023,,
11,Wheat - Durum,STRONGFIELD,2024,,
11,Wheat - Durum,STRONGFIELD,2025,698,56.9
11,Wheat - Durum,STRONGHOLD AAC,2021,,
11,Wheat - Durum,STRONGHOLD AAC,2022,425,66.0
11,Wheat - Durum,STRONGHOLD AAC,2023,660,67.0
11,Wheat - Durum,STRONGHOLD AAC,2024,1304,50.6
11,Wheat - Durum,STRONGHOLD AAC,2025,1532,69.7
11,Wheat - Durum,SUCCEED AAC VB,2021,3707,30.0
11,Wheat - Durum,SUCCEED AAC VB,2022,5667,58.8
11,Wheat - Durum,SUCCEED AAC VB,2023,8674,48.9
11,Wheat - Durum,SUCCEED AAC VB,2024,14863,54.2
11,Wheat - Durum,SUCCEED AAC VB,2025,9257,50.3
11,Wheat - Durum,TRANSCEND,2021,8045,26.1
11,Wheat - Durum,TRANSCEND,2022,10440,57.4
11,Wheat - Durum,TRANSCEND,2023,10417,44.7
11,Wheat - Durum,TRANSCEND,2024,5691,48.8
11,Wheat - Durum,TRANSCEND,2025,3848,53.5
11,Wheat - Durum,WEYBURN VB AAC,2021,,
11,Wheat - Durum,WEYBURN VB AAC,2022,,
11,Wheat - Durum,WEYBURN VB AAC,2023,,
11,Wheat - Durum,WEYBURN VB AAC,2024,758,60.8
11,Wheat - Durum,WEYBURN VB AAC,2025,6463,56.8
11,Wheat - Hard Red Spring,ALIDA VB AAC,2021,14538,34.1
11,Wheat - Hard Red Spring,ALIDA VB AAC,2022,17603,50.1
11,Wheat - Hard Red Spring,ALIDA VB AAC,2023,10981,47.2
11,Wheat - Hard Red Spring,ALIDA VB AAC,2024,6018,56.1
11,Wheat - Hard Red Spring,ALIDA VB AAC,2025,3232,57.4
11,Wheat - Hard Red Spring,BOUNTY CDC,2021,,
11,Wheat - Hard Red Spring,BOUNTY CDC,2022,,
11,Wheat - Hard Red Spring,BOUNTY CDC,2023,445,41.6
11,Wheat - Hard Red Spring,BOUNTY CDC,2024,1305,36.9
11,Wheat - Hard Red Spring,BOUNTY CDC,2025,910,44.1
11,Wheat - Hard Red Spring,BRANDON AAC,2021,97776,39.1
11,Wheat - Hard Red Spring,BRANDON AAC,2022,104046,51.7
11,Wheat - Hard Red Spring,BRANDON AAC,2023,99921,57.7
11,Wheat - Hard Red Spring,BRANDON AAC,2024,64515,55.3
11,Wheat - Hard Red Spring,BRANDON AAC,2025,60728,57.3
11,Wheat - Hard Red Spring,BROADACRES AAC,2021,,
11,Wheat - Hard Red Spring,BROADACRES AAC,2022,,
11,Wheat - Hard Red Spring,BROADACRES AAC,2023,2155,57.2
11,Wheat - Hard Red Spring,BROADACRES AAC,2024,4618,51.2
11,Wheat - Hard Red Spring,BROADACRES AAC,2025,8229,55.1
11,Wheat - Hard Red Spring,CAMERON AAC,2021,702,41.2
11,Wheat - Hard Red Spring,CAMERON AAC,2022,1499,44.2
11,Wheat - Hard Red Spring,CAMERON AAC,2023,1202,47.7
11,Wheat - Hard Red Spring,CAMERON AAC,2024,2032,37.2
11,Wheat - Hard Red Spring,CAMERON AAC,2025,1372,36.9
11,Wheat - Hard Red Spring,CARBERRY,2021,6064,37.8
11,Wheat - Hard Red Spring,CARBERRY,2022,5394,44.3
11,Wheat - Hard Red Spring,CARBERRY,2023,4893,40.0
11,Wheat - Hard Red Spring,CARBERRY,2024,2074,42.0
11,Wheat - Hard Red Spring,CARBERRY,2025,1798,32.3
11,Wheat - Hard Red Spring,CARDALE,2021,1627,34.5
11,Wheat - Hard Red Spring,CARDALE,2022,2781,51.6
11,Wheat - Hard Red Spring,CARDALE,2023,1346,49.3
11,Wheat - Hard Red Spring,CARDALE,2024,1763,47.0
11,Wheat - Hard Red Spring,CARDALE,2025,790,48.6
11,Wheat - Hard Red Spring,ELIE AAC,2021,9929,51.3
11,Wheat - Hard Red Spring,ELIE AAC,2022,12546,69.6
11,Wheat - Hard Red Spring,ELIE AAC,2023,17205,72.3
11,Wheat - Hard Red Spring,ELIE AAC,2024,8598,64.9
11,Wheat - Hard Red Spring,ELIE AAC,2025,12042,66.0
11,Wheat - Hard Red Spring,GLENN,2021,4040,36.4
11,Wheat - Hard Red Spring,GLENN,2022,6216,49.5
11,Wheat - Hard Red Spring,GLENN,2023,6648,45.4
11,Wheat - Hard Red Spring,GLENN,2024,3732,47.6
11,Wheat - Hard Red Spring,GLENN,2025,1418,56.7
11,Wheat - Hard Red Spring,HOCKLEY AAC,2021,,
11,Wheat - Hard Red Spring,HOCKLEY AAC,2022,,
11,Wheat - Hard Red Spring,HOCKLEY AAC,2023,7001,60.4
11,Wheat - Hard Red Spring,HOCKLEY AAC,2024,18289,59.3
11,Wheat - Hard Red Spring,HOCKLEY AAC,2025,29771,62.8
11,Wheat - Hard Red Spring,HODGE AAC VB,2021,,
11,Wheat - Hard Red Spring,HODGE AAC VB,2022,,
11,Wheat - Hard Red Spring,HODGE AAC VB,2023,20178,59.0
11,Wheat - Hard Red Spring,HODGE AAC VB,2024,56245,60.8
11,Wheat - Hard Red Spring,HODGE AAC VB,2025,72361,61.3
11,Wheat - Hard Red Spring,HUGHES CDC VB,2021,6219,32.4
11,Wheat - Hard Red Spring,HUGHES CDC VB,2022,7529,54.2
11,Wheat - Hard Red Spring,HUGHES CDC VB,2023,4377,41.8
11,Wheat - Hard Red Spring,HUGHES CDC VB,2024,4643,46.1
11,Wheat - Hard Red Spring,HUGHES CDC VB,2025,5400,61.1
11,Wheat - Hard Red Spring,LANDMARK CDC,2021,51803,36.5
11,Wheat - Hard Red Spring,LANDMARK CDC,2022,65175,57.5
11,Wheat - Hard Red Spring,LANDMARK CDC,2023,44535,53.1
11,Wheat - Hard Red Spring,LANDMARK CDC,2024,28788,55.3
11,Wheat - Hard Red Spring,LANDMARK CDC,2025,14736,58.5
11,Wheat - Hard Red Spring,LEROY AAC VB,2021,460,48.5
11,Wheat - Hard Red Spring,LEROY AAC VB,2022,3172,58.7
11,Wheat - Hard Red Spring,LEROY AAC VB,2023,2310,57.4
11,Wheat - Hard Red Spring,LEROY AAC VB,2024,1153,55.9
11,Wheat - Hard Red Spring,LEROY AAC VB,2025,996,48.5
11,Wheat - Hard Red Spring,MANNESS SY,2021,,
11,Wheat - Hard Red Spring,MANNESS SY,2022,,
11,Wheat - Hard Red Spring,MANNESS SY,2023,1148,60.6
11,Wheat - Hard Red Spring,MANNESS SY,2024,,
11,Wheat - Hard Red Spring,MANNESS SY,2025,1808,59.7
11,Wheat - Hard Red Spring,PLENTIFUL CDC,2021,2089,26.6
11,Wheat - Hard Red Spring,PLENTIFUL CDC,2022,1663,34.2
11,Wheat - Hard Red Spring,PLENTIFUL CDC,2023,924,33.8
11,Wheat - Hard Red Spring,PLENTIFUL CDC,2024,526,38.1
11,Wheat - Hard Red Spring,PLENTIFUL CDC,2025,2099,41.4
11,Wheat - Hard Red Spring,RUSSELL AAC VB,2021,,
11,Wheat - Hard Red Spring,RUSSELL AAC VB,2022,712,59.4
11,Wheat - Hard Red Spring,RUSSELL AAC VB,2023,4986,53.8
11,Wheat - Hard Red Spring,RUSSELL AAC VB,2024,2031,58.4
11,Wheat - Hard Red Spring,RUSSELL AAC VB,2025,5457,67.1
11,Wheat - Hard Red Spring,SHAW,2021,1955,26.0
11,Wheat - Hard Red Spring,SHAW,2022,1605,37.3
11,Wheat - Hard Red Spring,SHAW,2023,2041,46.3
11,Wheat - Hard Red Spring,SHAW,2024,,
11,Wheat - Hard Red Spring,SHAW,2025,1124,44.3
11,Wheat - Hard Red Spring,STANLEY CDC,2021,1410,30.4
11,Wheat - Hard Red Spring,STANLEY CDC,2022,2410,43.8
11,Wheat - Hard Red Spring,STANLEY CDC,2023,895,45.5
11,Wheat - Hard Red Spring,STANLEY CDC,2024,,
11,Wheat - Hard Red Spring,STANLEY CDC,2025,605,68.0
11,Wheat - Hard Red Spring,STARBUCK AAC VB,2021,4929,42.9
11,Wheat - Hard Red Spring,STARBUCK AAC VB,2022,39860,57.2
11,Wheat - Hard Red Spring,STARBUCK AAC VB,2023,90489,59.5
11,Wheat - Hard Red Spring,STARBUCK AAC VB,2024,119943,58.3
11,Wheat - Hard Red Spring,STARBUCK AAC VB,2025,131465,61.6
11,Wheat - Hard Red Spring,TITANIUM VB CDC,2021,4467,35.2
11,Wheat - Hard Red Spring,TITANIUM VB CDC,2022,5463,49.7
11,Wheat - Hard Red Spring,TITANIUM VB CDC,2023,3840,43.5
11,Wheat - Hard Red Spring,TITANIUM VB CDC,2024,2622,44.3
11,Wheat - Hard Red Spring,TITANIUM VB CDC,2025,2850,47.7
11,Wheat - Hard Red Spring,UTMOST CDC,2021,2569,31.2
11,Wheat - Hard Red Spring,UTMOST CDC,2022,2325,49.2
11,Wheat - Hard Red Spring,UTMOST CDC,2023,2691,45.8
11,Wheat - Hard Red Spring,UTMOST CDC,2024,4679,58.3
11,Wheat - Hard Red Spring,UTMOST CDC,2025,2151,56.4
11,Wheat - Hard Red Spring,VIEWFIELD AAC,2021,26874,44.0
11,Wheat - Hard Red Spring,VIEWFIELD AAC,2022,55493,65.1
11,Wheat - Hard Red Spring,VIEWFIELD AAC,2023,41017,61.8
11,Wheat - Hard Red Spring,VIEWFIELD AAC,2024,35404,59.2
11,Wheat - Hard Red Spring,VIEWFIELD AAC,2025,29958,63.5
11,Wheat - Hard Red Spring,WHEATLAND VB AAC,2021,3384,44.2
11,Wheat - Hard Red Spring,WHEATLAND VB AAC,2022,16073,56.1
11,Wheat - Hard Red Spring,WHEATLAND VB AAC,2023,36581,56.4
11,Wheat - Hard Red Spring,WHEATLAND VB AAC,2024,59094,55.0
11,Wheat - Hard Red Spring,WHEATLAND VB AAC,2025,65952,60.4
11,Wheat - Winter,WILDFIRE AAC,2021,,
11,Wheat - Winter,WILDFIRE AAC,2022,628,45.9
11,Wheat - Winter,WILDFIRE AAC,2023,,
11,Wheat - Winter,WILDFIRE AAC,2024,,
11,Wheat - Winter,WILDFIRE AAC,2025,580,105.1
11,Canary Seed,KEET,2021,3609,1369
11,Canary Seed,KEET,2022,1373,2035
11,Canary Seed,KEET,2023,2419,1479
11,Canary Seed,KEET,2024,1751,1764
11,Canary Seed,KEET,2025,3122,2011
11,Canary Seed,LUMIO CDC,2021,,
11,Canary Seed,LUMIO CDC,2022,,
11,Canary Seed,LUMIO CDC,2023,,
11,Canary Seed,LUMIO CDC,2024,,
11,Canary Seed,LUMIO CDC,2025,2127,1715
11,Lentils - Large Green,GRIMM CDC,2021,,
11,Lentils - Large Green,GRIMM CDC,2022,,
11,Lentils - Large Green,GRIMM CDC,2023,,
11,Lentils - Large Green,GRIMM CDC,2024,,
11,Lentils - Large Green,GRIMM CDC,2025,1307,1761
11,Lentils - Large Green,LAIRD,2021,,
11,Lentils - Large Green,LAIRD,2022,,
11,Lentils - Large Green,LAIRD,2023,,
11,Lentils - Large Green,LAIRD,2024,,
11,Lentils - Large Green,LAIRD,2025,555,1687
11,Lentils - Large Green,LIMA CDC,2021,,
11,Lentils - Large Green,LIMA CDC,2022,,
11,Lentils - Large Green,LIMA CDC,2023,,
11,Lentils - Large Green,LIMA CDC,2024,1041,1340
11,Lentils - Large Green,LIMA CDC,2025,2645,1365
11,Lentils,- Other IMVINCIBLE CDC CL,2021,,
11,Lentils,- Other IMVINCIBLE CDC CL,2022,,
11,Lentils,- Other IMVINCIBLE CDC CL,2023,,
11,Lentils,- Other IMVINCIBLE CDC CL,2024,571,1501
11,Lentils,- Other IMVINCIBLE CDC CL,2025,1534,1418
11,Lentils,JIMINI CDC CL,2021,,
11,Lentils,JIMINI CDC CL,2022,,
11,Lentils,JIMINI CDC CL,2023,,
11,Lentils,JIMINI CDC CL,2024,,
11,Lentils,JIMINI CDC CL,2025,3849,2500
11,Lentils,PERIDOT CDC CL,2021,1358,1036
11,Lentils,PERIDOT CDC CL,2022,2802,743
11,Lentils,PERIDOT CDC CL,2023,2876,1409
11,Lentils,PERIDOT CDC CL,2024,6439,1186
11,Lentils,PERIDOT CDC CL,2025,3886,2048
11,Lentils - Red,CRIMSON,2021,,
11,Lentils - Red,CRIMSON,2022,703,1539
11,Lentils - Red,CRIMSON,2023,548,2628
11,Lentils - Red,CRIMSON,2024,1604,1318
11,Lentils - Red,CRIMSON,2025,1972,2044
11,Lentils - Red,IMPULSE,2021,3871,1263
11,Lentils - Red,IMPULSE,2022,7305,1532
11,Lentils - Red,IMPULSE,2023,5412,2343
11,Lentils - Red,IMPULSE,2024,9274,1938
11,Lentils - Red,IMPULSE,2025,13879,2518
11,Lentils - Red,MAXIM CDC,2021,24453,1426
11,Lentils - Red,MAXIM CDC,2022,17528,1358
11,Lentils - Red,MAXIM CDC,2023,9947,2134
11,Lentils - Red,MAXIM CDC,2024,11112,1786
11,Lentils - Red,MAXIM CDC,2025,8953,2348
11,Lentils - Red,MONARCH CDC,2021,,
11,Lentils - Red,MONARCH CDC,2022,,
11,Lentils - Red,MONARCH CDC,2023,,
11,Lentils - Red,MONARCH CDC,2024,,
11,Lentils - Red,MONARCH CDC,2025,721,2564
11,Lentils - Red,NIMBLE,2021,,
11,Lentils - Red,NIMBLE,2022,1257,1651
11,Lentils - Red,NIMBLE,2023,1348,2515
11,Lentils - Red,NIMBLE,2024,2628,1834
11,Lentils - Red,NIMBLE,2025,4868,2467
11,Lentils - Red,PROCLAIM CDC,2021,11747,1005
11,Lentils - Red,PROCLAIM CDC,2022,11870,1451
11,Lentils - Red,PROCLAIM CDC,2023,5545,1933
11,Lentils - Red,PROCLAIM CDC,2024,11962,1907
11,Lentils - Red,PROCLAIM CDC,2025,14722,2480
11,Lentils - Red,SIMMIE CDC,2021,,
11,Lentils - Red,SIMMIE CDC,2022,,
11,Lentils - Red,SIMMIE CDC,2023,1578,1870
11,Lentils - Red,SIMMIE CDC,2024,3783,1605
11,Lentils - Red,SIMMIE CDC,2025,8443,2061
12,Barley,ADVANTAGE AB,2021,,
12,Barley,ADVANTAGE AB,2022,,
12,Barley,ADVANTAGE AB,2023,619,33.3
12,Barley,ADVANTAGE AB,2024,1805,54.9
12,Barley,ADVANTAGE AB,2025,1896,63.2
12,Barley,AUSTENSON CDC,2021,10319,21.7
12,Barley,AUSTENSON CDC,2022,10872,36.0
12,Barley,AUSTENSON CDC,2023,7509,31.7
12,Barley,AUSTENSON CDC,2024,4036,58.7
12,Barley,AUSTENSON CDC,2025,4848,67.1
12,Barley,CHURCHILL CDC,2021,,
12,Barley,CHURCHILL CDC,2022,,
12,Barley,CHURCHILL CDC,2023,,
12,Barley,CHURCHILL CDC,2024,1661,54.4
12,Barley,CHURCHILL CDC,2025,2793,53.0
12,Barley,CONNECT AAC,2021,,
12,Barley,CONNECT AAC,2022,3378,45.9
12,Barley,CONNECT AAC,2023,4209,28.9
12,Barley,CONNECT AAC,2024,5899,60.8
12,Barley,CONNECT AAC,2025,4265,80.1
12,Barley,COPELAND CDC,2021,20959,18.6
12,Barley,COPELAND CDC,2022,14924,46.4
12,Barley,COPELAND CDC,2023,15169,34.1
12,Barley,COPELAND CDC,2024,8299,64.3
12,Barley,COPELAND CDC,2025,7166,58.7
12,Barley,DURANGO CDC,2021,,
12,Barley,DURANGO CDC,2022,,
12,Barley,DURANGO CDC,2023,,
12,Barley,DURANGO CDC,2024,,
12,Barley,DURANGO CDC,2025,791,58.9
12,Barley,FRASER CDC,2021,1871,20.7
12,Barley,FRASER CDC,2022,1307,47.9
12,Barley,FRASER CDC,2023,1569,37.5
12,Barley,FRASER CDC,2024,1038,78.2
12,Barley,FRASER CDC,2025,3224,67.2
12,Barley,MAVERICK CDC,2021,1026,15.3
12,Barley,MAVERICK CDC,2022,1893,35.7
12,Barley,MAVERICK CDC,2023,1754,32.5
12,Barley,MAVERICK CDC,2024,1482,45.8
12,Barley,MAVERICK CDC,2025,1837,31.5
12,Barley,SYNERGY AAC,2021,25268,23.6
12,Barley,SYNERGY AAC,2022,15076,57.7
12,Barley,SYNERGY AAC,2023,27485,51.2
12,Barley,SYNERGY AAC,2024,15427,74.3
12,Barley,SYNERGY AAC,2025,21530,65.8
12,Canola/Rapeseed,BY 7204LL,2021,,
12,Canola/Rapeseed,BY 7204LL,2022,,
12,Canola/Rapeseed,BY 7204LL,2023,,
12,Canola/Rapeseed,BY 7204LL,2024,4259,31.1
12,Canola/Rapeseed,BY 7204LL,2025,5380,36.9
12,Canola/Rapeseed,B3020,2021,,
12,Canola/Rapeseed,B3020,2022,,
12,Canola/Rapeseed,B3020,2023,,
12,Canola/Rapeseed,B3020,2024,,
12,Canola/Rapeseed,B3020,2025,2070,31.5
12,Canola/Rapeseed,B4015,2021,,
12,Canola/Rapeseed,B4015,2022,,
12,Canola/Rapeseed,B4015,2023,,
12,Canola/Rapeseed,B4015,2024,,
12,Canola/Rapeseed,B4015,2025,411,34.1
12,Canola/Rapeseed,CS4100 LL,2021,,
12,Canola/Rapeseed,CS4100 LL,2022,,
12,Canola/Rapeseed,CS4100 LL,2023,,
12,Canola/Rapeseed,CS4100 LL,2024,,
12,Canola/Rapeseed,CS4100 LL,2025,576,34.4
12,Canola/Rapeseed,DK 801 LL,2021,,
12,Canola/Rapeseed,DK 801 LL,2022,,
12,Canola/Rapeseed,DK 801 LL,2023,,
12,Canola/Rapeseed,DK 801 LL,2024,,
12,Canola/Rapeseed,DK 801 LL,2025,7503,30.9
12,Canola/Rapeseed,DKTFLL 21 SC,2021,,
12,Canola/Rapeseed,DKTFLL 21 SC,2022,650,25.6
12,Canola/Rapeseed,DKTFLL 21 SC,2023,2127,23.2
12,Canola/Rapeseed,DKTFLL 21 SC,2024,5045,23.7
12,Canola/Rapeseed,DKTFLL 21 SC,2025,2132,27.0
12,Canola/Rapeseed,DK400TL,2021,,
12,Canola/Rapeseed,DK400TL,2022,,
12,Canola/Rapeseed,DK400TL,2023,,
12,Canola/Rapeseed,DK400TL,2024,7698,28.2
12,Canola/Rapeseed,DK400TL,2025,1585,34.3
12,Canola/Rapeseed,DK401TK,2021,,
12,Canola/Rapeseed,DK401TK,2022,,
12,Canola/Rapeseed,DK401TK,2023,,
12,Canola/Rapeseed,DK401TK,2024,,
12,Canola/Rapeseed,DK401TK,2025,1006,30.3
12,Canola/Rapeseed,DK401TL,2021,,
12,Canola/Rapeseed,DK401TL,2022,,
12,Canola/Rapeseed,DK401TL,2023,,
12,Canola/Rapeseed,DK401TL,2024,,
12,Canola/Rapeseed,DK401TL,2025,2107,33.4
12,Canola/Rapeseed,DK800LL,2021,,
12,Canola/Rapeseed,DK800LL,2022,,
12,Canola/Rapeseed,DK800LL,2023,,
12,Canola/Rapeseed,DK800LL,2024,3094,24.2
12,Canola/Rapeseed,DK800LL,2025,1778,26.3
12,Canola/Rapeseed,DK801LL,2021,,
12,Canola/Rapeseed,DK801LL,2022,,
12,Canola/Rapeseed,DK801LL,2023,,
12,Canola/Rapeseed,DK801LL,2024,,
12,Canola/Rapeseed,DK801LL,2025,568,38.8
12,Canola/Rapeseed,L233P,2021,123898,15.7
12,Canola/Rapeseed,L233P,2022,114241,26.5
12,Canola/Rapeseed,L233P,2023,88286,21.9
12,Canola/Rapeseed,L233P,2024,52388,30.3
12,Canola/Rapeseed,L233P,2025,12296,35.4
12,Canola/Rapeseed,L330PC,2021,,
12,Canola/Rapeseed,L330PC,2022,,
12,Canola/Rapeseed,L330PC,2023,,
12,Canola/Rapeseed,L330PC,2024,,
12,Canola/Rapeseed,L330PC,2025,5902,40.5
12,Canola/Rapeseed,L333PC,2021,,
12,Canola/Rapeseed,L333PC,2022,,
12,Canola/Rapeseed,L333PC,2023,,
12,Canola/Rapeseed,L333PC,2024,,
12,Canola/Rapeseed,L333PC,2025,4281,41.0
12,Canola/Rapeseed,L340PC,2021,9166,16.3
12,Canola/Rapeseed,L340PC,2022,61324,28.5
12,Canola/Rapeseed,L340PC,2023,115045,21.1
12,Canola/Rapeseed,L340PC,2024,153264,32.4
12,Canola/Rapeseed,L340PC,2025,201147,36.6
12,Canola/Rapeseed,L341PC,2021,,
12,Canola/Rapeseed,L341PC,2022,,
12,Canola/Rapeseed,L341PC,2023,,
12,Canola/Rapeseed,L341PC,2024,,
12,Canola/Rapeseed,L341PC,2025,3671,34.7
12,Canola/Rapeseed,L343PC,2021,,
12,Canola/Rapeseed,L343PC,2022,,
12,Canola/Rapeseed,L343PC,2023,5212,18.6
12,Canola/Rapeseed,L343PC,2024,1763,28.3
12,Canola/Rapeseed,L343PC,2025,2568,41.1
12,Canola/Rapeseed,L345PC,2021,46325,16.1
12,Canola/Rapeseed,L345PC,2022,53613,29.5
12,Canola/Rapeseed,L345PC,2023,32978,26.5
12,Canola/Rapeseed,L345PC,2024,57802,33.6
12,Canola/Rapeseed,L345PC,2025,26993,38.5
12,Canola/Rapeseed,L350PC,2021,,
12,Canola/Rapeseed,L350PC,2022,,
12,Canola/Rapeseed,L350PC,2023,24186,24.3
12,Canola/Rapeseed,L350PC,2024,13174,33.5
12,Canola/Rapeseed,L350PC,2025,6114,33.5
12,Canola/Rapeseed,L356PC,2021,,
12,Canola/Rapeseed,L356PC,2022,5575,23.8
12,Canola/Rapeseed,L356PC,2023,13184,23.7
12,Canola/Rapeseed,L356PC,2024,16430,34.7
12,Canola/Rapeseed,L356PC,2025,13447,40.2
12,Canola/Rapeseed,PV 661 LCM,2021,,
12,Canola/Rapeseed,PV 661 LCM,2022,,
12,Canola/Rapeseed,PV 661 LCM,2023,,
12,Canola/Rapeseed,PV 661 LCM,2024,2166,26.4
12,Canola/Rapeseed,PV 661 LCM,2025,1070,27.3
12,Canola/Rapeseed,PV661 LCM,2021,,
12,Canola/Rapeseed,PV661 LCM,2022,,
12,Canola/Rapeseed,PV661 LCM,2023,,
12,Canola/Rapeseed,PV661 LCM,2024,,
12,Canola/Rapeseed,PV661 LCM,2025,1238,32.9
12,Canola/Rapeseed,P505MSL,2021,5528,14.2
12,Canola/Rapeseed,P505MSL,2022,810,18.7
12,Canola/Rapeseed,P505MSL,2023,1852,21.3
12,Canola/Rapeseed,P505MSL,2024,2698,27.6
12,Canola/Rapeseed,P505MSL,2025,1191,18.0
12,Canola/Rapeseed,P520L,2021,,
12,Canola/Rapeseed,P520L,2022,,
12,Canola/Rapeseed,P520L,2023,,
12,Canola/Rapeseed,P520L,2024,1249,33.4
12,Canola/Rapeseed,P520L,2025,7672,34.9
12,Field Peas,ACER,2021,,
12,Field Peas,ACER,2022,,
12,Field Peas,ACER,2023,,
12,Field Peas,ACER,2024,2618,36.6
12,Field Peas,ACER,2025,1932,42.2
12,Field Peas,AMARILLO CDC,2021,12663,14.4
12,Field Peas,AMARILLO CDC,2022,10443,28.4
12,Field Peas,AMARILLO CDC,2023,6881,22.9
12,Field Peas,AMARILLO CDC,2024,5970,36.6
12,Field Peas,AMARILLO CDC,2025,6609,32.4
12,Field Peas,ARDILL AAC,2021,6752,19.3
12,Field Peas,ARDILL AAC,2022,5105,31.9
12,Field Peas,ARDILL AAC,2023,9661,28.6
12,Field Peas,ARDILL AAC,2024,8741,33.5
12,Field Peas,ARDILL AAC,2025,5207,36.7
12,Field Peas,BLAZER CDC,2021,,
12,Field Peas,BLAZER CDC,2022,,
12,Field Peas,BLAZER CDC,2023,,
12,Field Peas,BLAZER CDC,2024,,
12,Field Peas,BLAZER CDC,2025,1065,45.2
12,Field Peas,CARVER AAC,2021,2194,12.0
12,Field Peas,CARVER AAC,2022,2225,31.7
12,Field Peas,CARVER AAC,2023,13445,31.0
12,Field Peas,CARVER AAC,2024,11259,37.3
12,Field Peas,CARVER AAC,2025,7763,40.5
12,Field Peas,CHROME AAC,2021,2705,12.5
12,Field Peas,CHROME AAC,2022,3049,40.8
12,Field Peas,CHROME AAC,2023,3165,36.3
12,Field Peas,CHROME AAC,2024,10435,42.0
12,Field Peas,CHROME AAC,2025,6169,36.6
12,Field Peas,CITRINE CDC,2021,,
12,Field Peas,CITRINE CDC,2022,,
12,Field Peas,CITRINE CDC,2023,,
12,Field Peas,CITRINE CDC,2024,,
12,Field Peas,CITRINE CDC,2025,1741,41.7
12,Field Peas,CROMA,2021,,
12,Field Peas,CROMA,2022,,
12,Field Peas,CROMA,2023,,
12,Field Peas,CROMA,2024,,
12,Field Peas,CROMA,2025,2283,35.0
12,Field Peas,FOREST CDC,2021,2688,16.9
12,Field Peas,FOREST CDC,2022,2566,38.7
12,Field Peas,FOREST CDC,2023,,
12,Field Peas,FOREST CDC,2024,,
12,Field Peas,FOREST CDC,2025,1756,30.1
12,Field Peas,GOLDEN CDC,2021,1544,14.8
12,Field Peas,GOLDEN CDC,2022,1251,29.0
12,Field Peas,GOLDEN CDC,2023,1432,17.6
12,Field Peas,GOLDEN CDC,2024,1560,20.4
12,Field Peas,GOLDEN CDC,2025,525,35.9
12,Field Peas,GREENWATER,2021,2905,15.3
12,Field Peas,GREENWATER,2022,2037,33.7
12,Field Peas,GREENWATER,2023,3059,33.3
12,Field Peas,GREENWATER,2024,2940,37.8
12,Field Peas,GREENWATER,2025,1952,39.0
12,Field Peas,HICKIE CDC,2021,,
12,Field Peas,HICKIE CDC,2022,,
12,Field Peas,HICKIE CDC,2023,,
12,Field Peas,HICKIE CDC,2024,2453,38.1
12,Field Peas,HICKIE CDC,2025,7607,38.5
12,Field Peas,INCA CDC,2021,7961,13.0
12,Field Peas,INCA CDC,2022,10581,33.6
12,Field Peas,INCA CDC,2023,8930,25.4
12,Field Peas,INCA CDC,2024,7783,32.2
12,Field Peas,INCA CDC,2025,4377,42.3
12,Field Peas,JULIUS AAC,2021,,
12,Field Peas,JULIUS AAC,2022,,
12,Field Peas,JULIUS AAC,2023,,
12,Field Peas,JULIUS AAC,2024,,
12,Field Peas,JULIUS AAC,2025,2490,34.9
12,Field Peas,LEWOCHKO CDC,2021,1101,11.9
12,Field Peas,LEWOCHKO CDC,2022,992,41.1
12,Field Peas,LEWOCHKO CDC,2023,1275,25.0
12,Field Peas,LEWOCHKO CDC,2024,2716,35.7
12,Field Peas,LEWOCHKO CDC,2025,1853,38.2
12,Field Peas,MAPLE,2021,,
12,Field Peas,MAPLE,2022,,
12,Field Peas,MAPLE,2023,,
12,Field Peas,MAPLE,2024,,
12,Field Peas,MAPLE,2025,900,34.1
12,Field Peas,MEADOW CDC,2021,3223,16.5
12,Field Peas,MEADOW CDC,2022,3385,36.7
12,Field Peas,MEADOW CDC,2023,4623,25.2
12,Field Peas,MEADOW CDC,2024,4181,27.0
12,Field Peas,MEADOW CDC,2025,5613,37.7
12,Field Peas,MOZART CDC,2021,,
12,Field Peas,MOZART CDC,2022,,
12,Field Peas,MOZART CDC,2023,1043,23.9
12,Field Peas,MOZART CDC,2024,547,19.8
12,Field Peas,MOZART CDC,2025,453,17.9
12,Field Peas,PROFIT AAC,2021,,
12,Field Peas,PROFIT AAC,2022,,
12,Field Peas,PROFIT AAC,2023,779,14.7
12,Field Peas,PROFIT AAC,2024,3768,42.8
12,Field Peas,PROFIT AAC,2025,1817,39.6
12,Field Peas,SAFFRON CDC,2021,1932,15.9
12,Field Peas,SAFFRON CDC,2022,1053,27.2
12,Field Peas,SAFFRON CDC,2023,791,31.2
12,Field Peas,SAFFRON CDC,2024,1301,40.8
12,Field Peas,SAFFRON CDC,2025,1006,55.9
12,Field Peas,SPECTRUM CDC,2021,10775,15.3
12,Field Peas,SPECTRUM CDC,2022,3578,28.2
12,Field Peas,SPECTRUM CDC,2023,4747,18.5
12,Field Peas,SPECTRUM CDC,2024,5879,32.9
12,Field Peas,SPECTRUM CDC,2025,10804,42.8
12,Field Peas,SPRUCE CDC,2021,,
12,Field Peas,SPRUCE CDC,2022,,
12,Field Peas,SPRUCE CDC,2023,,
12,Field Peas,SPRUCE CDC,2024,,
12,Field Peas,SPRUCE CDC,2025,1756,56.4
12,Field Peas,TOLLEFSON CDC,2021,,
12,Field Peas,TOLLEFSON CDC,2022,505,35.4
12,Field Peas,TOLLEFSON CDC,2023,920,28.7
12,Field Peas,TOLLEFSON CDC,2024,2320,33.9
12,Field Peas,TOLLEFSON CDC,2025,4429,41.2
12,Flax,BETHUNE CDC,2021,2458,8.4
12,Flax,BETHUNE CDC,2022,1821,14.0
12,Flax,BETHUNE CDC,2023,1687,10.2
12,Flax,BETHUNE CDC,2024,2575,15.6
12,Flax,BETHUNE CDC,2025,1953,24.9
12,Flax,DORADO CDC,2021,976,7.4
12,Flax,DORADO CDC,2022,1015,9.4
12,Flax,DORADO CDC,2023,1201,13.3
12,Flax,DORADO CDC,2024,,
12,Flax,DORADO CDC,2025,772,21.4
12,Flax,GLAS CDC,2021,7122,8.9
12,Flax,GLAS CDC,2022,4672,21.3
12,Flax,GLAS CDC,2023,3949,11.5
12,Flax,GLAS CDC,2024,3259,19.8
12,Flax,GLAS CDC,2025,4120,31.1
12,Flax,OMEGA,2021,1720,8.3
12,Flax,OMEGA,2022,2102,13.9
12,Flax,OMEGA,2023,,
12,Flax,OMEGA,2024,,
12,Flax,OMEGA,2025,1274,31.9
12,Flax,ROWLAND CDC,2021,,
12,Flax,ROWLAND CDC,2022,1288,8.2
12,Flax,ROWLAND CDC,2023,1573,10.9
12,Flax,ROWLAND CDC,2024,1631,21.5
12,Flax,ROWLAND CDC,2025,6621,26.7
12,Flax,SANCTUARY CDC,2021,4957,9.5
12,Flax,SANCTUARY CDC,2022,3746,24.8
12,Flax,SANCTUARY CDC,2023,2000,16.6
12,Flax,SANCTUARY CDC,2024,1237,19.0
12,Flax,SANCTUARY CDC,2025,1825,26.2
12,IP Canola/Rapeseed,L358HPC,2021,,
12,IP Canola/Rapeseed,L358HPC,2022,,
12,IP Canola/Rapeseed,L358HPC,2023,,
12,IP Canola/Rapeseed,L358HPC,2024,22082,28.2
12,IP Canola/Rapeseed,L358HPC,2025,20596,37.0
12,Mustard - Brown,CENTENNIAL BROWN,2021,,
12,Mustard - Brown,CENTENNIAL BROWN,2022,1090,17.2
12,Mustard - Brown,CENTENNIAL BROWN,2023,1853,11.2
12,Mustard - Brown,CENTENNIAL BROWN,2024,1754,18.9
12,Mustard - Brown,CENTENNIAL BROWN,2025,1316,22.8
12,Mustard - Yellow,ANDANTE,2021,745,6.9
12,Mustard - Yellow,ANDANTE,2022,900,16.8
12,Mustard - Yellow,ANDANTE,2023,2199,8.7
12,Mustard - Yellow,ANDANTE,2024,3072,16.4
12,Mustard - Yellow,ANDANTE,2025,1849,15.5
12,Mustard - Yellow,YELLOW 80 AAC,2021,,
12,Mustard - Yellow,YELLOW 80 AAC,2022,779,17.9
12,Mustard - Yellow,YELLOW 80 AAC,2023,2197,9.1
12,Mustard - Yellow,YELLOW 80 AAC,2024,1797,11.8
12,Mustard - Yellow,YELLOW 80 AAC,2025,6081,18.2
12,Oats,ARBORG CDC,2021,496,19.3
12,Oats,ARBORG CDC,2022,545,31.1
12,Oats,ARBORG CDC,2023,,
12,Oats,ARBORG CDC,2024,2320,55.0
12,Oats,ARBORG CDC,2025,1122,51.5
12,Oats,ENDURE CDC,2021,,
12,Oats,ENDURE CDC,2022,,
12,Oats,ENDURE CDC,2023,,
12,Oats,ENDURE CDC,2024,,
12,Oats,ENDURE CDC,2025,1404,64.0
12,Oats,KONGSORE AAC,2021,,
12,Oats,KONGSORE AAC,2022,,
12,Oats,KONGSORE AAC,2023,,
12,Oats,KONGSORE AAC,2024,1717,52.6
12,Oats,KONGSORE AAC,2025,1782,58.6
12,Oats,SO-1 CDC,2021,,
12,Oats,SO-1 CDC,2022,976,57.9
12,Oats,SO-1 CDC,2023,665,40.7
12,Oats,SO-1 CDC,2024,441,89.4
12,Oats,SO-1 CDC,2025,723,83.5
12,Oats,SUMMIT,2021,765,23.6
12,Oats,SUMMIT,2022,620,59.7
12,Oats,SUMMIT,2023,978,45.4
12,Oats,SUMMIT,2024,,
12,Oats,SUMMIT,2025,894,62.0
12,Wheat,- Canada Prairie PASTEUR,2021,2774,12.6
12,Wheat,- Canada Prairie PASTEUR,2022,8035,31.7
12,Wheat,- Canada Prairie PASTEUR,2023,4725,23.3
12,Wheat,- Canada Prairie PASTEUR,2024,3981,35.8
12,Wheat,- Canada Prairie PASTEUR,2025,3620,43.2
12,Wheat,SADASH,2021,,
12,Wheat,SADASH,2022,,
12,Wheat,SADASH,2023,592,26.1
12,Wheat,SADASH,2024,646,45.9
12,Wheat,SADASH,2025,1497,37.3
12,Wheat,WHISTLER,2021,,
12,Wheat,WHISTLER,2022,1486,39.4
12,Wheat,WHISTLER,2023,1622,33.7
12,Wheat,WHISTLER,2024,,
12,Wheat,WHISTLER,2025,403,46.0
12,Wheat - Durum,ALLOY CDC,2021,9908,19.0
12,Wheat - Durum,ALLOY CDC,2022,9836,33.4
12,Wheat - Durum,ALLOY CDC,2023,10660,22.8
12,Wheat - Durum,ALLOY CDC,2024,6801,46.7
12,Wheat - Durum,ALLOY CDC,2025,2548,42.1
12,Wheat - Durum,DEFY CDC,2021,,
12,Wheat - Durum,DEFY CDC,2022,1769,49.9
12,Wheat - Durum,DEFY CDC,2023,13395,30.0
12,Wheat - Durum,DEFY CDC,2024,28851,46.5
12,Wheat - Durum,DEFY CDC,2025,20991,46.4
12,Wheat - Durum,DONLOW AAC,2021,,
12,Wheat - Durum,DONLOW AAC,2022,,
12,Wheat - Durum,DONLOW AAC,2023,,
12,Wheat - Durum,DONLOW AAC,2024,477,46.1
12,Wheat - Durum,DONLOW AAC,2025,1737,39.4
12,Wheat - Durum,DYNAMIC CDC,2021,4680,12.3
12,Wheat - Durum,DYNAMIC CDC,2022,3146,32.8
12,Wheat - Durum,DYNAMIC CDC,2023,3427,19.7
12,Wheat - Durum,DYNAMIC CDC,2024,2922,37.8
12,Wheat - Durum,DYNAMIC CDC,2025,2564,40.8
12,Wheat - Durum,PRECISION CDC,2021,3933,12.7
12,Wheat - Durum,PRECISION CDC,2022,10366,47.2
12,Wheat - Durum,PRECISION CDC,2023,5897,34.2
12,Wheat - Durum,PRECISION CDC,2024,1840,48.7
12,Wheat - Durum,PRECISION CDC,2025,573,23.2
12,Wheat - Durum,SCHRADER AAC,2021,,
12,Wheat - Durum,SCHRADER AAC,2022,,
12,Wheat - Durum,SCHRADER AAC,2023,,
12,Wheat - Durum,SCHRADER AAC,2024,,
12,Wheat - Durum,SCHRADER AAC,2025,3319,37.2
12,Wheat - Durum,SPITFIRE AAC,2021,4935,16.3
12,Wheat - Durum,SPITFIRE AAC,2022,3272,34.9
12,Wheat - Durum,SPITFIRE AAC,2023,5071,30.7
12,Wheat - Durum,SPITFIRE AAC,2024,3272,57.3
12,Wheat - Durum,SPITFIRE AAC,2025,2221,58.1
12,Wheat - Durum,STRONGFIELD,2021,674,7.1
12,Wheat - Durum,STRONGFIELD,2022,1315,34.4
12,Wheat - Durum,STRONGFIELD,2023,1035,27.3
12,Wheat - Durum,STRONGFIELD,2024,465,35.0
12,Wheat - Durum,STRONGFIELD,2025,1077,38.7
12,Wheat - Durum,STRONGHOLD AAC,2021,695,7.9
12,Wheat - Durum,STRONGHOLD AAC,2022,1226,27.9
12,Wheat - Durum,STRONGHOLD AAC,2023,3096,15.6
12,Wheat - Durum,STRONGHOLD AAC,2024,7480,46.7
12,Wheat - Durum,STRONGHOLD AAC,2025,11685,34.5
12,Wheat - Durum,TRANSCEND,2021,14614,17.3
12,Wheat - Durum,TRANSCEND,2022,13353,33.1
12,Wheat - Durum,TRANSCEND,2023,11615,22.0
12,Wheat - Durum,TRANSCEND,2024,11149,37.7
12,Wheat - Durum,TRANSCEND,2025,6877,36.2
12,Wheat - Durum,VANTTA CDC,2021,,
12,Wheat - Durum,VANTTA CDC,2022,,
12,Wheat - Durum,VANTTA CDC,2023,,
12,Wheat - Durum,VANTTA CDC,2024,,
12,Wheat - Durum,VANTTA CDC,2025,5058,52.9
12,Wheat - Durum,WEYBURN VB AAC,2021,,
12,Wheat - Durum,WEYBURN VB AAC,2022,,
12,Wheat - Durum,WEYBURN VB AAC,2023,,
12,Wheat - Durum,WEYBURN VB AAC,2024,,
12,Wheat - Durum,WEYBURN VB AAC,2025,850,44.4
12,Wheat - Hard Red Spring,ALIDA VB AAC,2021,13771,24.5
12,Wheat - Hard Red Spring,ALIDA VB AAC,2022,21554,34.5
12,Wheat - Hard Red Spring,ALIDA VB AAC,2023,16846,26.7
12,Wheat - Hard Red Spring,ALIDA VB AAC,2024,6141,48.2
12,Wheat - Hard Red Spring,ALIDA VB AAC,2025,2155,43.2
12,Wheat - Hard Red Spring,BARRIE AC,2021,1460,25.8
12,Wheat - Hard Red Spring,BARRIE AC,2022,1939,29.8
12,Wheat - Hard Red Spring,BARRIE AC,2023,1759,15.1
12,Wheat - Hard Red Spring,BARRIE AC,2024,1367,34.4
12,Wheat - Hard Red Spring,BARRIE AC,2025,2307,28.2
12,Wheat - Hard Red Spring,BRANDON AAC,2021,117093,21.9
12,Wheat - Hard Red Spring,BRANDON AAC,2022,166110,39.3
12,Wheat - Hard Red Spring,BRANDON AAC,2023,167932,31.7
12,Wheat - Hard Red Spring,BRANDON AAC,2024,174376,48.6
12,Wheat - Hard Red Spring,BRANDON AAC,2025,147929,44.7
12,Wheat - Hard Red Spring,BROADACRES AAC,2021,,
12,Wheat - Hard Red Spring,BROADACRES AAC,2022,,
12,Wheat - Hard Red Spring,BROADACRES AAC,2023,,
12,Wheat - Hard Red Spring,BROADACRES AAC,2024,1471,35.7
12,Wheat - Hard Red Spring,BROADACRES AAC,2025,7361,39.0
12,Wheat - Hard Red Spring,CARDALE,2021,9493,19.3
12,Wheat - Hard Red Spring,CARDALE,2022,13221,33.5
12,Wheat - Hard Red Spring,CARDALE,2023,10693,23.6
12,Wheat - Hard Red Spring,CARDALE,2024,5678,37.1
12,Wheat - Hard Red Spring,CARDALE,2025,5295,34.4
12,Wheat - Hard Red Spring,HOCKLEY AAC,2021,,
12,Wheat - Hard Red Spring,HOCKLEY AAC,2022,,
12,Wheat - Hard Red Spring,HOCKLEY AAC,2023,475,34.8
12,Wheat - Hard Red Spring,HOCKLEY AAC,2024,8202,41.6
12,Wheat - Hard Red Spring,HOCKLEY AAC,2025,16332,48.5
12,Wheat - Hard Red Spring,HODGE AAC VB,2021,,
12,Wheat - Hard Red Spring,HODGE AAC VB,2022,,
12,Wheat - Hard Red Spring,HODGE AAC VB,2023,1784,26.7
12,Wheat - Hard Red Spring,HODGE AAC VB,2024,10792,53.2
12,Wheat - Hard Red Spring,HODGE AAC VB,2025,6651,55.2
12,Wheat - Hard Red Spring,JATHARIA VB AAC,2021,,
12,Wheat - Hard Red Spring,JATHARIA VB AAC,2022,1373,37.3
12,Wheat - Hard Red Spring,JATHARIA VB AAC,2023,2648,25.5
12,Wheat - Hard Red Spring,JATHARIA VB AAC,2024,2747,43.1
12,Wheat - Hard Red Spring,JATHARIA VB AAC,2025,2660,32.0
12,Wheat - Hard Red Spring,LANDMARK CDC,2021,12080,17.1
12,Wheat - Hard Red Spring,LANDMARK CDC,2022,10278,36.3
12,Wheat - Hard Red Spring,LANDMARK CDC,2023,8799,27.5
12,Wheat - Hard Red Spring,LANDMARK CDC,2024,11411,53.2
12,Wheat - Hard Red Spring,LANDMARK CDC,2025,7222,47.6
12,Wheat - Hard Red Spring,MARQUIS,2021,,
12,Wheat - Hard Red Spring,MARQUIS,2022,,
12,Wheat - Hard Red Spring,MARQUIS,2023,,
12,Wheat - Hard Red Spring,MARQUIS,2024,,
12,Wheat - Hard Red Spring,MARQUIS,2025,421,20.9
12,Wheat - Hard Red Spring,PLENTIFUL CDC,2021,6159,17.6
12,Wheat - Hard Red Spring,PLENTIFUL CDC,2022,5994,30.1
12,Wheat - Hard Red Spring,PLENTIFUL CDC,2023,5886,26.6
12,Wheat - Hard Red Spring,PLENTIFUL CDC,2024,993,35.8
12,Wheat - Hard Red Spring,PLENTIFUL CDC,2025,2222,40.4
12,Wheat - Hard Red Spring,REDBERRY AAC,2021,3498,26.0
12,Wheat - Hard Red Spring,REDBERRY AAC,2022,9925,42.9
12,Wheat - Hard Red Spring,REDBERRY AAC,2023,7361,37.2
12,Wheat - Hard Red Spring,REDBERRY AAC,2024,6799,43.9
12,Wheat - Hard Red Spring,REDBERRY AAC,2025,4307,47.7
12,Wheat - Hard Red Spring,SKRUSH CDC,2021,,
12,Wheat - Hard Red Spring,SKRUSH CDC,2022,,
12,Wheat - Hard Red Spring,SKRUSH CDC,2023,754,40.7
12,Wheat - Hard Red Spring,SKRUSH CDC,2024,,
12,Wheat - Hard Red Spring,SKRUSH CDC,2025,2138,36.1
12,Wheat - Hard Red Spring,STARBUCK AAC VB,2021,1352,20.0
12,Wheat - Hard Red Spring,STARBUCK AAC VB,2022,7843,41.2
12,Wheat - Hard Red Spring,STARBUCK AAC VB,2023,16044,36.8
12,Wheat - Hard Red Spring,STARBUCK AAC VB,2024,24122,50.2
12,Wheat - Hard Red Spring,STARBUCK AAC VB,2025,41606,52.5
12,Wheat - Hard Red Spring,TISDALE AAC,2021,2155,20.0
12,Wheat - Hard Red Spring,TISDALE AAC,2022,2620,27.3
12,Wheat - Hard Red Spring,TISDALE AAC,2023,7710,35.6
12,Wheat - Hard Red Spring,TISDALE AAC,2024,7572,47.4
12,Wheat - Hard Red Spring,TISDALE AAC,2025,11371,45.3
12,Wheat - Hard Red Spring,TITANIUM VB CDC,2021,5124,17.8
12,Wheat - Hard Red Spring,TITANIUM VB CDC,2022,7023,29.2
12,Wheat - Hard Red Spring,TITANIUM VB CDC,2023,6251,23.5
12,Wheat - Hard Red Spring,TITANIUM VB CDC,2024,4435,31.4
12,Wheat - Hard Red Spring,TITANIUM VB CDC,2025,1683,29.3
12,Wheat - Hard Red Spring,VIEWFIELD AAC,2021,11201,23.9
12,Wheat - Hard Red Spring,VIEWFIELD AAC,2022,28817,33.9
12,Wheat - Hard Red Spring,VIEWFIELD AAC,2023,34050,29.1
12,Wheat - Hard Red Spring,VIEWFIELD AAC,2024,37391,46.2
12,Wheat - Hard Red Spring,VIEWFIELD AAC,2025,37539,43.6
12,Wheat - Hard Red Spring,WESTKING AAC,2021,,
12,Wheat - Hard Red Spring,WESTKING AAC,2022,,
12,Wheat - Hard Red Spring,WESTKING AAC,2023,,
12,Wheat - Hard Red Spring,WESTKING AAC,2024,,
12,Wheat - Hard Red Spring,WESTKING AAC,2025,588,57.0
12,Wheat - Hard Red Spring,WHEATLAND VB AAC,2021,2396,21.9
12,Wheat - Hard Red Spring,WHEATLAND VB AAC,2022,9667,37.6
12,Wheat - Hard Red Spring,WHEATLAND VB AAC,2023,22537,28.9
12,Wheat - Hard Red Spring,WHEATLAND VB AAC,2024,42037,46.8
12,Wheat - Hard Red Spring,WHEATLAND VB AAC,2025,32127,43.6
12,Wheat - Winter,GOLDRUSH AAC,2021,,
12,Wheat - Winter,GOLDRUSH AAC,2022,,
12,Wheat - Winter,GOLDRUSH AAC,2023,,
12,Wheat - Winter,GOLDRUSH AAC,2024,1462,65.8
12,Wheat - Winter,GOLDRUSH AAC,2025,1591,26.7
12,Canary Seed,CALVI CDC,2021,,
12,Canary Seed,CALVI CDC,2022,,
12,Canary Seed,CALVI CDC,2023,1401,472
12,Canary Seed,CALVI CDC,2024,,
12,Canary Seed,CALVI CDC,2025,2185,1340
12,Canary Seed,LUMIO CDC,2021,,
12,Canary Seed,LUMIO CDC,2022,,
12,Canary Seed,LUMIO CDC,2023,,
12,Canary Seed,LUMIO CDC,2024,2193,1144
12,Canary Seed,LUMIO CDC,2025,1424,1268
12,Chickpea,- Desi CONSUL CDC,2021,,
12,Chickpea,- Desi CONSUL CDC,2022,,
12,Chickpea,- Desi CONSUL CDC,2023,,
12,Chickpea,- Desi CONSUL CDC,2024,,
12,Chickpea,- Desi CONSUL CDC,2025,938,1318
12,Chickpea,- Large Kabuli LEADER CDC,2021,,
12,Chickpea,- Large Kabuli LEADER CDC,2022,2834,1402
12,Chickpea,- Large Kabuli LEADER CDC,2023,3981,1221
12,Chickpea,- Large Kabuli LEADER CDC,2024,9764,2008
12,Chickpea,- Large Kabuli LEADER CDC,2025,8384,1464
12,Chickpea,ORKNEY CDC,2021,,
12,Chickpea,ORKNEY CDC,2022,,
12,Chickpea,ORKNEY CDC,2023,,
12,Chickpea,ORKNEY CDC,2024,,
12,Chickpea,ORKNEY CDC,2025,725,2249
12,Chickpea,PASQUA CDC,2021,,
12,Chickpea,PASQUA CDC,2022,,
12,Chickpea,PASQUA CDC,2023,,
12,Chickpea,PASQUA CDC,2024,3378,2242
12,Chickpea,PASQUA CDC,2025,12685,2028
12,Chickpea,- Small Kabuli PEARL,2021,,
12,Chickpea,- Small Kabuli PEARL,2022,,
12,Chickpea,- Small Kabuli PEARL,2023,,
12,Chickpea,- Small Kabuli PEARL,2024,2400,1958
12,Chickpea,- Small Kabuli PEARL,2025,3903,2075
12,Fababeans,FABELLE,2021,,
12,Fababeans,FABELLE,2022,,
12,Fababeans,FABELLE,2023,,
12,Fababeans,FABELLE,2024,,
12,Fababeans,FABELLE,2025,969,1997
12,Lentils - Large Green,GREENSTAR CDC,2021,,
12,Lentils - Large Green,GREENSTAR CDC,2022,,
12,Lentils - Large Green,GREENSTAR CDC,2023,609,983
12,Lentils - Large Green,GREENSTAR CDC,2024,1798,1107
12,Lentils - Large Green,GREENSTAR CDC,2025,3207,1653
12,Lentils - Large Green,GRIMM CDC,2021,,
12,Lentils - Large Green,GRIMM CDC,2022,,
12,Lentils - Large Green,GRIMM CDC,2023,,
12,Lentils - Large Green,GRIMM CDC,2024,1485,1263
12,Lentils - Large Green,GRIMM CDC,2025,5167,1881
12,Lentils - Large Green,LIMA CDC,2021,1805,752
12,Lentils - Large Green,LIMA CDC,2022,2647,1151
12,Lentils - Large Green,LIMA CDC,2023,4918,1014
12,Lentils - Large Green,LIMA CDC,2024,14074,1312
12,Lentils - Large Green,LIMA CDC,2025,17054,1530
12,Lentils,- Other ESTON,2021,,
12,Lentils,- Other ESTON,2022,,
12,Lentils,- Other ESTON,2023,,
12,Lentils,- Other ESTON,2024,,
12,Lentils,- Other ESTON,2025,1329,904
12,Lentils,IBERINA CDC,2021,,
12,Lentils,IBERINA CDC,2022,,
12,Lentils,IBERINA CDC,2023,,
12,Lentils,IBERINA CDC,2024,,
12,Lentils,IBERINA CDC,2025,685,1398
12,Lentils,IMVINCIBLE CDC CL,2021,2242,690
12,Lentils,IMVINCIBLE CDC CL,2022,2051,1164
12,Lentils,IMVINCIBLE CDC CL,2023,1317,970
12,Lentils,IMVINCIBLE CDC CL,2024,6711,1078
12,Lentils,IMVINCIBLE CDC CL,2025,3037,1806
12,Lentils,JIMINI CDC CL,2021,,
12,Lentils,JIMINI CDC CL,2022,,
12,Lentils,JIMINI CDC CL,2023,,
12,Lentils,JIMINI CDC CL,2024,3400,1171
12,Lentils,JIMINI CDC CL,2025,14686,1870
12,Lentils - Red,IMPACT CDC,2021,6612,820
12,Lentils - Red,IMPACT CDC,2022,1925,1168
12,Lentils - Red,IMPACT CDC,2023,820,1047
12,Lentils - Red,IMPACT CDC,2024,2345,1828
12,Lentils - Red,IMPACT CDC,2025,2260,1940
12,Lentils - Red,IMPULSE,2021,36699,831
12,Lentils - Red,IMPULSE,2022,55098,1096
12,Lentils - Red,IMPULSE,2023,43579,1190
12,Lentils - Red,IMPULSE,2024,44166,1318
12,Lentils - Red,IMPULSE,2025,33149,1653
12,Lentils - Red,MAXIM CDC,2021,52212,681
12,Lentils - Red,MAXIM CDC,2022,43735,1012
12,Lentils - Red,MAXIM CDC,2023,37152,897
12,Lentils - Red,MAXIM CDC,2024,24101,1224
12,Lentils - Red,MAXIM CDC,2025,18664,1682
12,Lentils - Red,NIMBLE,2021,,
12,Lentils - Red,NIMBLE,2022,1079,1063
12,Lentils - Red,NIMBLE,2023,3362,1107
12,Lentils - Red,NIMBLE,2024,2107,1171
12,Lentils - Red,NIMBLE,2025,2659,1817
12,Lentils - Red,PROCLAIM CDC,2021,25532,710
12,Lentils - Red,PROCLAIM CDC,2022,28127,1056
12,Lentils - Red,PROCLAIM CDC,2023,26771,1065
12,Lentils - Red,PROCLAIM CDC,2024,29764,1323
12,Lentils - Red,PROCLAIM CDC,2025,17340,1737
12,Lentils - Red,REDMOON,2021,3051,608
12,Lentils - Red,REDMOON,2022,8386,873
12,Lentils - Red,REDMOON,2023,5252,1118
12,Lentils - Red,REDMOON,2024,5009,1235
12,Lentils - Red,REDMOON,2025,3687,1799
12,Lentils - Red,SIMMIE CDC,2021,1097,564
12,Lentils - Red,SIMMIE CDC,2022,6013,1219
12,Lentils - Red,SIMMIE CDC,2023,5604,1177
12,Lentils - Red,SIMMIE CDC,2024,19546,1464
12,Lentils - Red,SIMMIE CDC,2025,24096,2112
13,Barley,AUSTENSON CDC,2021,2676,18.6
13,Barley,AUSTENSON CDC,2022,3763,32.4
13,Barley,AUSTENSON CDC,2023,1514,17.5
13,Barley,AUSTENSON CDC,2024,929,52.7
13,Barley,AUSTENSON CDC,2025,1451,42.7
13,Barley,COPELAND CDC,2021,6190,17.9
13,Barley,COPELAND CDC,2022,7989,26.8
13,Barley,COPELAND CDC,2023,4415,18.6
13,Barley,COPELAND CDC,2024,2864,48.2
13,Barley,COPELAND CDC,2025,2063,66.5
13,Barley,DURANGO CDC,2021,,
13,Barley,DURANGO CDC,2022,,
13,Barley,DURANGO CDC,2023,,
13,Barley,DURANGO CDC,2024,,
13,Barley,DURANGO CDC,2025,1600,70.1
13,Barley,FRASER CDC,2021,,
13,Barley,FRASER CDC,2022,,
13,Barley,FRASER CDC,2023,,
13,Barley,FRASER CDC,2024,3642,75.0
13,Barley,FRASER CDC,2025,3209,87.4
13,Barley,MAVERICK CDC,2021,,
13,Barley,MAVERICK CDC,2022,603,25.2
13,Barley,MAVERICK CDC,2023,1460,23.1
13,Barley,MAVERICK CDC,2024,2051,59.5
13,Barley,MAVERICK CDC,2025,1507,57.1
13,Barley,SYNERGY AAC,2021,2322,18.6
13,Barley,SYNERGY AAC,2022,1545,24.8
13,Barley,SYNERGY AAC,2023,1203,31.5
13,Barley,SYNERGY AAC,2024,1240,64.8
13,Barley,SYNERGY AAC,2025,2042,74.0
13,Canola/Rapeseed,BY 7204LL,2021,,
13,Canola/Rapeseed,BY 7204LL,2022,,
13,Canola/Rapeseed,BY 7204LL,2023,,
13,Canola/Rapeseed,BY 7204LL,2024,,
13,Canola/Rapeseed,BY 7204LL,2025,511,48.6
13,Canola/Rapeseed,CS4100 LL,2021,,
13,Canola/Rapeseed,CS4100 LL,2022,,
13,Canola/Rapeseed,CS4100 LL,2023,,
13,Canola/Rapeseed,CS4100 LL,2024,,
13,Canola/Rapeseed,CS4100 LL,2025,2210,38.6
13,Canola/Rapeseed,DKLL 83 SC,2021,,
13,Canola/Rapeseed,DKLL 83 SC,2022,,
13,Canola/Rapeseed,DKLL 83 SC,2023,1885,16.0
13,Canola/Rapeseed,DKLL 83 SC,2024,5029,25.9
13,Canola/Rapeseed,DKLL 83 SC,2025,752,45.0
13,Canola/Rapeseed,DK400TL,2021,,
13,Canola/Rapeseed,DK400TL,2022,,
13,Canola/Rapeseed,DK400TL,2023,,
13,Canola/Rapeseed,DK400TL,2024,4470,27.0
13,Canola/Rapeseed,DK400TL,2025,1782,48.2
13,Canola/Rapeseed,DK801LL,2021,,
13,Canola/Rapeseed,DK801LL,2022,,
13,Canola/Rapeseed,DK801LL,2023,,
13,Canola/Rapeseed,DK801LL,2024,,
13,Canola/Rapeseed,DK801LL,2025,2508,69.0
13,Canola/Rapeseed,L233P,2021,28470,13.2
13,Canola/Rapeseed,L233P,2022,22989,13.6
13,Canola/Rapeseed,L233P,2023,13169,13.4
13,Canola/Rapeseed,L233P,2024,10103,26.6
13,Canola/Rapeseed,L233P,2025,2613,44.3
13,Canola/Rapeseed,L330PC,2021,,
13,Canola/Rapeseed,L330PC,2022,,
13,Canola/Rapeseed,L330PC,2023,,
13,Canola/Rapeseed,L330PC,2024,,
13,Canola/Rapeseed,L330PC,2025,2767,58.9
13,Canola/Rapeseed,L333PC,2021,,
13,Canola/Rapeseed,L333PC,2022,,
13,Canola/Rapeseed,L333PC,2023,,
13,Canola/Rapeseed,L333PC,2024,,
13,Canola/Rapeseed,L333PC,2025,2236,52.8
13,Canola/Rapeseed,L340PC,2021,2367,14.4
13,Canola/Rapeseed,L340PC,2022,12391,16.5
13,Canola/Rapeseed,L340PC,2023,22860,13.5
13,Canola/Rapeseed,L340PC,2024,28279,29.5
13,Canola/Rapeseed,L340PC,2025,28087,48.8
13,Canola/Rapeseed,L341PC,2021,,
13,Canola/Rapeseed,L341PC,2022,,
13,Canola/Rapeseed,L341PC,2023,,
13,Canola/Rapeseed,L341PC,2024,,
13,Canola/Rapeseed,L341PC,2025,2928,55.5
13,Canola/Rapeseed,L345PC,2021,17041,15.4
13,Canola/Rapeseed,L345PC,2022,11146,15.7
13,Canola/Rapeseed,L345PC,2023,11094,13.1
13,Canola/Rapeseed,L345PC,2024,8353,34.1
13,Canola/Rapeseed,L345PC,2025,1823,47.4
13,Canola/Rapeseed,L356PC,2021,,
13,Canola/Rapeseed,L356PC,2022,2621,15.5
13,Canola/Rapeseed,L356PC,2023,3205,17.0
13,Canola/Rapeseed,L356PC,2024,3050,28.1
13,Canola/Rapeseed,L356PC,2025,1630,52.9
13,Field Peas,AMARILLO CDC,2021,1624,17.8
13,Field Peas,AMARILLO CDC,2022,1015,18.2
13,Field Peas,AMARILLO CDC,2023,1490,17.9
13,Field Peas,AMARILLO CDC,2024,,
13,Field Peas,AMARILLO CDC,2025,494,42.4
13,Field Peas,ARDILL AAC,2021,,
13,Field Peas,ARDILL AAC,2022,,
13,Field Peas,ARDILL AAC,2023,2236,18.8
13,Field Peas,ARDILL AAC,2024,3576,34.6
13,Field Peas,ARDILL AAC,2025,3574,57.8
13,Field Peas,BLAZER CDC,2021,,
13,Field Peas,BLAZER CDC,2022,,
13,Field Peas,BLAZER CDC,2023,,
13,Field Peas,BLAZER CDC,2024,1189,36.7
13,Field Peas,BLAZER CDC,2025,550,53.8
13,Field Peas,CARVER AAC,2021,1869,13.5
13,Field Peas,CARVER AAC,2022,1870,16.8
13,Field Peas,CARVER AAC,2023,2017,19.7
13,Field Peas,CARVER AAC,2024,3334,33.0
13,Field Peas,CARVER AAC,2025,2886,44.7
13,Field Peas,CHROME AAC,2021,457,17.2
13,Field Peas,CHROME AAC,2022,,
13,Field Peas,CHROME AAC,2023,,
13,Field Peas,CHROME AAC,2024,,
13,Field Peas,CHROME AAC,2025,789,47.8
13,Field Peas,FOREST CDC,2021,,
13,Field Peas,FOREST CDC,2022,,
13,Field Peas,FOREST CDC,2023,1999,25.9
13,Field Peas,FOREST CDC,2024,517,30.1
13,Field Peas,FOREST CDC,2025,1242,46.2
13,Field Peas,INCA CDC,2021,1475,9.7
13,Field Peas,INCA CDC,2022,1371,19.6
13,Field Peas,INCA CDC,2023,2284,17.5
13,Field Peas,INCA CDC,2024,2005,31.2
13,Field Peas,INCA CDC,2025,1210,44.4
13,Field Peas,MAPLE,2021,,
13,Field Peas,MAPLE,2022,,
13,Field Peas,MAPLE,2023,,
13,Field Peas,MAPLE,2024,495,22.4
13,Field Peas,MAPLE,2025,425,36.7
13,Field Peas,MEADOW CDC,2021,6331,14.7
13,Field Peas,MEADOW CDC,2022,6988,19.3
13,Field Peas,MEADOW CDC,2023,6468,15.1
13,Field Peas,MEADOW CDC,2024,3717,27.1
13,Field Peas,MEADOW CDC,2025,5788,37.1
13,Flax,BETHUNE CDC,2021,,
13,Flax,BETHUNE CDC,2022,415,22.9
13,Flax,BETHUNE CDC,2023,,
13,Flax,BETHUNE CDC,2024,,
13,Flax,BETHUNE CDC,2025,409,27.0
13,Flax,GLAS CDC,2021,5780,10.7
13,Flax,GLAS CDC,2022,6000,12.7
13,Flax,GLAS CDC,2023,935,10.4
13,Flax,GLAS CDC,2024,584,17.0
13,Flax,GLAS CDC,2025,3999,41.9
13,Flax,ROWLAND CDC,2021,,
13,Flax,ROWLAND CDC,2022,,
13,Flax,ROWLAND CDC,2023,1943,16.4
13,Flax,ROWLAND CDC,2024,979,18.9
13,Flax,ROWLAND CDC,2025,2768,36.0
13,Flax,SORREL CDC,2021,1308,5.6
13,Flax,SORREL CDC,2022,897,4.4
13,Flax,SORREL CDC,2023,,
13,Flax,SORREL CDC,2024,437,20.4
13,Flax,SORREL CDC,2025,530,28.1
13,IP Canola/Rapeseed,L358HPC,2021,,
13,IP Canola/Rapeseed,L358HPC,2022,,
13,IP Canola/Rapeseed,L358HPC,2023,,
13,IP Canola/Rapeseed,L358HPC,2024,5785,22.8
13,IP Canola/Rapeseed,L358HPC,2025,2161,34.4
13,Mustard - Brown,CENTENNIAL BROWN,2021,,
13,Mustard - Brown,CENTENNIAL BROWN,2022,690,8.0
13,Mustard - Brown,CENTENNIAL BROWN,2023,,
13,Mustard - Brown,CENTENNIAL BROWN,2024,3441,15.1
13,Mustard - Brown,CENTENNIAL BROWN,2025,1540,19.8
13,Mustard - Yellow,ANDANTE,2021,,
13,Mustard - Yellow,ANDANTE,2022,900,5.8
13,Mustard - Yellow,ANDANTE,2023,1939,5.3
13,Mustard - Yellow,ANDANTE,2024,1527,15.2
13,Mustard - Yellow,ANDANTE,2025,1023,27.3
13,Oats,MORGAN AC,2021,,
13,Oats,MORGAN AC,2022,,
13,Oats,MORGAN AC,2023,,
13,Oats,MORGAN AC,2024,432,62.2
13,Oats,MORGAN AC,2025,879,69.9
13,Wheat,- Canada Prairie ANDREW AC,2021,1273,19.3
13,Wheat,- Canada Prairie ANDREW AC,2022,1807,25.2
13,Wheat,- Canada Prairie ANDREW AC,2023,1483,15.5
13,Wheat,- Canada Prairie ANDREW AC,2024,840,35.8
13,Wheat,- Canada Prairie ANDREW AC,2025,1180,62.5
13,Wheat - Durum,ALLOY CDC,2021,867,15.6
13,Wheat - Durum,ALLOY CDC,2022,,
13,Wheat - Durum,ALLOY CDC,2023,677,24.7
13,Wheat - Durum,ALLOY CDC,2024,1239,35.1
13,Wheat - Durum,ALLOY CDC,2025,533,51.7
13,Wheat - Durum,BRIGADE,2021,2687,14.0
13,Wheat - Durum,BRIGADE,2022,1703,19.3
13,Wheat - Durum,BRIGADE,2023,2392,18.4
13,Wheat - Durum,BRIGADE,2024,2508,42.2
13,Wheat - Durum,BRIGADE,2025,2381,51.4
13,Wheat - Durum,CONGRESS AAC,2021,2953,19.1
13,Wheat - Durum,CONGRESS AAC,2022,,
13,Wheat - Durum,CONGRESS AAC,2023,4458,17.6
13,Wheat - Durum,CONGRESS AAC,2024,5483,42.9
13,Wheat - Durum,CONGRESS AAC,2025,1259,66.4
13,Wheat - Durum,DEFY CDC,2021,,
13,Wheat - Durum,DEFY CDC,2022,1054,28.1
13,Wheat - Durum,DEFY CDC,2023,9011,21.2
13,Wheat - Durum,DEFY CDC,2024,17644,42.3
13,Wheat - Durum,DEFY CDC,2025,18957,70.3
13,Wheat - Durum,FORTITUDE CDC,2021,3071,11.5
13,Wheat - Durum,FORTITUDE CDC,2022,2515,21.2
13,Wheat - Durum,FORTITUDE CDC,2023,2315,20.5
13,Wheat - Durum,FORTITUDE CDC,2024,2088,37.6
13,Wheat - Durum,FORTITUDE CDC,2025,2048,64.7
13,Wheat - Durum,GRAINLAND AAC,2021,3321,14.3
13,Wheat - Durum,GRAINLAND AAC,2022,7488,21.5
13,Wheat - Durum,GRAINLAND AAC,2023,6927,17.9
13,Wheat - Durum,GRAINLAND AAC,2024,6944,43.5
13,Wheat - Durum,GRAINLAND AAC,2025,9363,57.9
13,Wheat - Durum,PRECISION CDC,2021,6679,11.5
13,Wheat - Durum,PRECISION CDC,2022,7540,22.7
13,Wheat - Durum,PRECISION CDC,2023,5836,18.2
13,Wheat - Durum,PRECISION CDC,2024,7458,34.4
13,Wheat - Durum,PRECISION CDC,2025,6492,43.0
13,Wheat - Durum,SPITFIRE AAC,2021,11416,12.4
13,Wheat - Durum,SPITFIRE AAC,2022,7271,26.3
13,Wheat - Durum,SPITFIRE AAC,2023,7001,17.0
13,Wheat - Durum,SPITFIRE AAC,2024,4738,34.8
13,Wheat - Durum,SPITFIRE AAC,2025,4779,48.2
13,Wheat - Durum,STRONGHOLD AAC,2021,4794,16.2
13,Wheat - Durum,STRONGHOLD AAC,2022,7058,23.5
13,Wheat - Durum,STRONGHOLD AAC,2023,1728,14.8
13,Wheat - Durum,STRONGHOLD AAC,2024,1396,39.3
13,Wheat - Durum,STRONGHOLD AAC,2025,7070,65.3
13,Wheat - Durum,TRANSCEND,2021,24390,15.9
13,Wheat - Durum,TRANSCEND,2022,19794,23.5
13,Wheat - Durum,TRANSCEND,2023,16069,16.6
13,Wheat - Durum,TRANSCEND,2024,10424,38.3
13,Wheat - Durum,TRANSCEND,2025,2675,47.9
13,Wheat - Durum,VANTTA CDC,2021,,
13,Wheat - Durum,VANTTA CDC,2022,,
13,Wheat - Durum,VANTTA CDC,2023,,
13,Wheat - Durum,VANTTA CDC,2024,,
13,Wheat - Durum,VANTTA CDC,2025,1093,62.8
13,Wheat - Durum,WEYBURN VB AAC,2021,,
13,Wheat - Durum,WEYBURN VB AAC,2022,,
13,Wheat - Durum,WEYBURN VB AAC,2023,,
13,Wheat - Durum,WEYBURN VB AAC,2024,,
13,Wheat - Durum,WEYBURN VB AAC,2025,6449,60.2
13,Wheat - Hard Red Spring,BRANDON AAC,2021,24551,22.2
13,Wheat - Hard Red Spring,BRANDON AAC,2022,27892,26.6
13,Wheat - Hard Red Spring,BRANDON AAC,2023,29672,21.8
13,Wheat - Hard Red Spring,BRANDON AAC,2024,25358,40.9
13,Wheat - Hard Red Spring,BRANDON AAC,2025,29026,53.1
13,Wheat - Hard Red Spring,HODGE AAC VB,2021,,
13,Wheat - Hard Red Spring,HODGE AAC VB,2022,,
13,Wheat - Hard Red Spring,HODGE AAC VB,2023,,
13,Wheat - Hard Red Spring,HODGE AAC VB,2024,,
13,Wheat - Hard Red Spring,HODGE AAC VB,2025,5661,70.1
13,Wheat - Hard Red Spring,JATHARIA VB AAC,2021,1073,21.6
13,Wheat - Hard Red Spring,JATHARIA VB AAC,2022,1783,27.6
13,Wheat - Hard Red Spring,JATHARIA VB AAC,2023,2453,18.3
13,Wheat - Hard Red Spring,JATHARIA VB AAC,2024,2054,33.8
13,Wheat - Hard Red Spring,JATHARIA VB AAC,2025,1559,33.8
13,Wheat - Hard Red Spring,LANDMARK CDC,2021,6042,19.3
13,Wheat - Hard Red Spring,LANDMARK CDC,2022,3653,27.1
13,Wheat - Hard Red Spring,LANDMARK CDC,2023,1645,17.5
13,Wheat - Hard Red Spring,LANDMARK CDC,2024,,
13,Wheat - Hard Red Spring,LANDMARK CDC,2025,997,60.6
13,Wheat - Hard Red Spring,LEROY AAC VB,2021,733,19.4
13,Wheat - Hard Red Spring,LEROY AAC VB,2022,3552,26.3
13,Wheat - Hard Red Spring,LEROY AAC VB,2023,3783,18.4
13,Wheat - Hard Red Spring,LEROY AAC VB,2024,4996,40.4
13,Wheat - Hard Red Spring,LEROY AAC VB,2025,2982,53.1
13,Wheat - Hard Red Spring,STARBUCK AAC VB,2021,4844,25.0
13,Wheat - Hard Red Spring,STARBUCK AAC VB,2022,12885,32.1
13,Wheat - Hard Red Spring,STARBUCK AAC VB,2023,19280,20.8
13,Wheat - Hard Red Spring,STARBUCK AAC VB,2024,10649,40.0
13,Wheat - Hard Red Spring,STARBUCK AAC VB,2025,9858,52.0
13,Wheat - Hard Red Spring,SUPERB AC,2021,922,16.3
13,Wheat - Hard Red Spring,SUPERB AC,2022,1409,11.7
13,Wheat - Hard Red Spring,SUPERB AC,2023,878,13.8
13,Wheat - Hard Red Spring,SUPERB AC,2024,1066,26.8
13,Wheat - Hard Red Spring,SUPERB AC,2025,829,43.6
13,Wheat - Hard Red Spring,VIEWFIELD AAC,2021,6107,23.3
13,Wheat - Hard Red Spring,VIEWFIELD AAC,2022,10580,27.4
13,Wheat - Hard Red Spring,VIEWFIELD AAC,2023,13185,15.9
13,Wheat - Hard Red Spring,VIEWFIELD AAC,2024,10702,40.8
13,Wheat - Hard Red Spring,VIEWFIELD AAC,2025,9482,57.9
13,Wheat - Hard Red Spring,WHEATLAND VB AAC,2021,,
13,Wheat - Hard Red Spring,WHEATLAND VB AAC,2022,2956,33.8
13,Wheat - Hard Red Spring,WHEATLAND VB AAC,2023,4646,20.1
13,Wheat - Hard Red Spring,WHEATLAND VB AAC,2024,7783,40.8
13,Wheat - Hard Red Spring,WHEATLAND VB AAC,2025,5920,67.8
13,Chickpea,- Large Kabuli LEADER CDC,2021,,
13,Chickpea,- Large Kabuli LEADER CDC,2022,2290,842
13,Chickpea,- Large Kabuli LEADER CDC,2023,1755,1270
13,Chickpea,- Large Kabuli LEADER CDC,2024,2156,1270
13,Chickpea,- Large Kabuli LEADER CDC,2025,803,1788
13,Chickpea,- Small Kabuli AMIT (B90),2021,1713,776
13,Chickpea,- Small Kabuli AMIT (B90),2022,1261,908
13,Chickpea,- Small Kabuli AMIT (B90),2023,3066,1190
13,Chickpea,- Small Kabuli AMIT (B90),2024,3784,1495
13,Chickpea,- Small Kabuli AMIT (B90),2025,3785,2729
13,Lentils - Large Green,GREENLAND CDC,2021,1860,580
13,Lentils - Large Green,GREENLAND CDC,2022,1093,716
13,Lentils - Large Green,GREENLAND CDC,2023,1518,650
13,Lentils - Large Green,GREENLAND CDC,2024,3290,941
13,Lentils - Large Green,GREENLAND CDC,2025,2036,1642
13,Lentils - Large Green,GREENSTAR CDC,2021,2142,688
13,Lentils - Large Green,GREENSTAR CDC,2022,1677,646
13,Lentils - Large Green,GREENSTAR CDC,2023,1786,403
13,Lentils - Large Green,GREENSTAR CDC,2024,3211,906
13,Lentils - Large Green,GREENSTAR CDC,2025,2959,1572
13,Lentils - Large Green,LIMA CDC,2021,,
13,Lentils - Large Green,LIMA CDC,2022,,
13,Lentils - Large Green,LIMA CDC,2023,1122,600
13,Lentils - Large Green,LIMA CDC,2024,1836,1058
13,Lentils - Large Green,LIMA CDC,2025,3616,2024
13,Lentils,- Other IMVINCIBLE CDC CL,2021,915,723
13,Lentils,- Other IMVINCIBLE CDC CL,2022,965,589
13,Lentils,- Other IMVINCIBLE CDC CL,2023,1570,747
13,Lentils,- Other IMVINCIBLE CDC CL,2024,,
13,Lentils,- Other IMVINCIBLE CDC CL,2025,480,1190
13,Lentils,JIMINI CDC CL,2021,,
13,Lentils,JIMINI CDC CL,2022,,
13,Lentils,JIMINI CDC CL,2023,,
13,Lentils,JIMINI CDC CL,2024,,
13,Lentils,JIMINI CDC CL,2025,3305,2593
13,Lentils,KERMIT CDC,2021,,
13,Lentils,KERMIT CDC,2022,,
13,Lentils,KERMIT CDC,2023,,
13,Lentils,KERMIT CDC,2024,,
13,Lentils,KERMIT CDC,2025,628,1543
13,Lentils - Red,DAZIL CDC,2021,2848,666
13,Lentils - Red,DAZIL CDC,2022,2532,476
13,Lentils - Red,DAZIL CDC,2023,2956,611
13,Lentils - Red,DAZIL CDC,2024,556,1488
13,Lentils - Red,DAZIL CDC,2025,1032,1784
13,Lentils - Red,IMPULSE,2021,19829,842
13,Lentils - Red,IMPULSE,2022,15750,893
13,Lentils - Red,IMPULSE,2023,8488,705
13,Lentils - Red,IMPULSE,2024,9038,1252
13,Lentils - Red,IMPULSE,2025,7286,2156
13,Lentils - Red,MAXIM CDC,2021,24729,655
13,Lentils - Red,MAXIM CDC,2022,18485,657
13,Lentils - Red,MAXIM CDC,2023,15545,703
13,Lentils - Red,MAXIM CDC,2024,15955,1005
13,Lentils - Red,MAXIM CDC,2025,9272,1581
13,Lentils - Red,NIMBLE,2021,,
13,Lentils - Red,NIMBLE,2022,563,646
13,Lentils - Red,NIMBLE,2023,,
13,Lentils - Red,NIMBLE,2024,1865,1431
13,Lentils - Red,NIMBLE,2025,970,1462
13,Lentils - Red,PROCLAIM CDC,2021,22994,831
13,Lentils - Red,PROCLAIM CDC,2022,25211,822
13,Lentils - Red,PROCLAIM CDC,2023,15790,1179
13,Lentils - Red,PROCLAIM CDC,2024,16253,1047
13,Lentils - Red,PROCLAIM CDC,2025,9683,1986
13,Lentils - Red,REDMOON,2021,4410,531
13,Lentils - Red,REDMOON,2022,6829,569
13,Lentils - Red,REDMOON,2023,1500,910
13,Lentils - Red,REDMOON,2024,2231,1396
13,Lentils - Red,REDMOON,2025,4476,1881
13,Lentils - Red,SIMMIE CDC,2021,1306,650
13,Lentils - Red,SIMMIE CDC,2022,6357,675
13,Lentils - Red,SIMMIE CDC,2023,14303,935
13,Lentils - Red,SIMMIE CDC,2024,18640,1349
13,Lentils - Red,SIMMIE CDC,2025,23958,2143
14,Barley,ADVANTAGE AB,2021,,
14,Barley,ADVANTAGE AB,2022,,
14,Barley,ADVANTAGE AB,2023,878,63.5
14,Barley,ADVANTAGE AB,2024,547,64.1
14,Barley,ADVANTAGE AB,2025,843,89.9
14,Barley,AUSTENSON CDC,2021,71393,52.4
14,Barley,AUSTENSON CDC,2022,46314,78.8
14,Barley,AUSTENSON CDC,2023,51559,83.7
14,Barley,AUSTENSON CDC,2024,40245,78.5
14,Barley,AUSTENSON CDC,2025,32451,87.2
14,Barley,CATTLELAC AB,2021,,
14,Barley,CATTLELAC AB,2022,,
14,Barley,CATTLELAC AB,2023,861,68.8
14,Barley,CATTLELAC AB,2024,748,65.2
14,Barley,CATTLELAC AB,2025,959,75.5
14,Barley,CHURCHILL CDC,2021,,
14,Barley,CHURCHILL CDC,2022,834,77.4
14,Barley,CHURCHILL CDC,2023,3535,80.8
14,Barley,CHURCHILL CDC,2024,5031,85.3
14,Barley,CHURCHILL CDC,2025,4864,86.6
14,Barley,CLAYMORE,2021,2142,62.6
14,Barley,CLAYMORE,2022,,
14,Barley,CLAYMORE,2023,1667,75.3
14,Barley,CLAYMORE,2024,630,53.9
14,Barley,CLAYMORE,2025,1122,68.6
14,Barley,CONLON,2021,1442,42.7
14,Barley,CONLON,2022,595,88.3
14,Barley,CONLON,2023,1055,90.3
14,Barley,CONLON,2024,,
14,Barley,CONLON,2025,419,74.6
14,Barley,CONNECT AAC,2021,14365,41.2
14,Barley,CONNECT AAC,2022,6973,86.1
14,Barley,CONNECT AAC,2023,18521,87.8
14,Barley,CONNECT AAC,2024,19923,90.7
14,Barley,CONNECT AAC,2025,17481,98.2
14,Barley,COPELAND CDC,2021,36953,43.8
14,Barley,COPELAND CDC,2022,30217,75.4
14,Barley,COPELAND CDC,2023,23822,80.8
14,Barley,COPELAND CDC,2024,15187,76.9
14,Barley,COPELAND CDC,2025,11511,91.9
14,Barley,DURANGO CDC,2021,,
14,Barley,DURANGO CDC,2022,,
14,Barley,DURANGO CDC,2023,,
14,Barley,DURANGO CDC,2024,,
14,Barley,DURANGO CDC,2025,5735,100.3
14,Barley,ESMA,2021,,
14,Barley,ESMA,2022,,
14,Barley,ESMA,2023,,
14,Barley,ESMA,2024,,
14,Barley,ESMA,2025,1609,102.4
14,Barley,FRASER CDC,2021,2778,34.1
14,Barley,FRASER CDC,2022,2166,81.4
14,Barley,FRASER CDC,2023,8085,83.9
14,Barley,FRASER CDC,2024,6165,78.7
14,Barley,FRASER CDC,2025,4802,86.4
14,Barley,GOLDSTAR CDC,2021,,
14,Barley,GOLDSTAR CDC,2022,,
14,Barley,GOLDSTAR CDC,2023,,
14,Barley,GOLDSTAR CDC,2024,2079,87.3
14,Barley,GOLDSTAR CDC,2025,1673,96.0
14,Barley,LEGACY,2021,9912,46.2
14,Barley,LEGACY,2022,9308,84.4
14,Barley,LEGACY,2023,9901,91.8
14,Barley,LEGACY,2024,6682,90.2
14,Barley,LEGACY,2025,9658,96.9
14,Barley,MAVERICK CDC,2021,1842,38.0
14,Barley,MAVERICK CDC,2022,2349,70.2
14,Barley,MAVERICK CDC,2023,2160,76.6
14,Barley,MAVERICK CDC,2024,1914,67.5
14,Barley,MAVERICK CDC,2025,660,74.9
14,Barley,NEWDALE,2021,1373,34.2
14,Barley,NEWDALE,2022,1910,74.2
14,Barley,NEWDALE,2023,1591,85.8
14,Barley,NEWDALE,2024,1018,80.7
14,Barley,NEWDALE,2025,780,86.6
14,Barley,SYNERGY AAC,2021,32200,54.0
14,Barley,SYNERGY AAC,2022,21606,90.4
14,Barley,SYNERGY AAC,2023,28351,92.3
14,Barley,SYNERGY AAC,2024,25327,90.4
14,Barley,SYNERGY AAC,2025,25330,97.1
14,Canola/Rapeseed,BY 5125CL,2021,981,35.7
14,Canola/Rapeseed,BY 5125CL,2022,1540,45.0
14,Canola/Rapeseed,BY 5125CL,2023,2039,35.9
14,Canola/Rapeseed,BY 5125CL,2024,410,34.3
14,Canola/Rapeseed,BY 5125CL,2025,809,34.4
14,Canola/Rapeseed,BY 6204TF,2021,3184,33.5
14,Canola/Rapeseed,BY 6204TF,2022,13168,42.9
14,Canola/Rapeseed,BY 6204TF,2023,7715,49.2
14,Canola/Rapeseed,BY 6204TF,2024,1560,34.7
14,Canola/Rapeseed,BY 6204TF,2025,952,41.4
14,Canola/Rapeseed,BY 6211TF,2021,,
14,Canola/Rapeseed,BY 6211TF,2022,2045,44.2
14,Canola/Rapeseed,BY 6211TF,2023,13860,49.6
14,Canola/Rapeseed,BY 6211TF,2024,5395,34.9
14,Canola/Rapeseed,BY 6211TF,2025,6753,40.4
14,Canola/Rapeseed,BY 6214TF,2021,,
14,Canola/Rapeseed,BY 6214TF,2022,,
14,Canola/Rapeseed,BY 6214TF,2023,,
14,Canola/Rapeseed,BY 6214TF,2024,2774,32.5
14,Canola/Rapeseed,BY 6214TF,2025,1625,46.7
14,Canola/Rapeseed,BY 6217TF,2021,,
14,Canola/Rapeseed,BY 6217TF,2022,,
14,Canola/Rapeseed,BY 6217TF,2023,8281,51.8
14,Canola/Rapeseed,BY 6217TF,2024,7978,32.7
14,Canola/Rapeseed,BY 6217TF,2025,8918,38.1
14,Canola/Rapeseed,BY 7204LL,2021,,
14,Canola/Rapeseed,BY 7204LL,2022,,
14,Canola/Rapeseed,BY 7204LL,2023,,
14,Canola/Rapeseed,BY 7204LL,2024,3125,35.0
14,Canola/Rapeseed,BY 7204LL,2025,8995,48.4
14,Canola/Rapeseed,B3019,2021,,
14,Canola/Rapeseed,B3019,2022,,
14,Canola/Rapeseed,B3019,2023,,
14,Canola/Rapeseed,B3019,2024,532,39.0
14,Canola/Rapeseed,B3019,2025,1456,50.1
14,Canola/Rapeseed,B3020,2021,,
14,Canola/Rapeseed,B3020,2022,,
14,Canola/Rapeseed,B3020,2023,,
14,Canola/Rapeseed,B3020,2024,,
14,Canola/Rapeseed,B3020,2025,1290,39.2
14,Canola/Rapeseed,B4015,2021,,
14,Canola/Rapeseed,B4015,2022,,
14,Canola/Rapeseed,B4015,2023,784,34.3
14,Canola/Rapeseed,B4015,2024,1744,29.6
14,Canola/Rapeseed,B4015,2025,2287,49.6
14,Canola/Rapeseed,CP24L3C,2021,,
14,Canola/Rapeseed,CP24L3C,2022,,
14,Canola/Rapeseed,CP24L3C,2023,,
14,Canola/Rapeseed,CP24L3C,2024,,
14,Canola/Rapeseed,CP24L3C,2025,706,48.6
14,Canola/Rapeseed,CS3000 TF,2021,,
14,Canola/Rapeseed,CS3000 TF,2022,498,47.2
14,Canola/Rapeseed,CS3000 TF,2023,1060,51.7
14,Canola/Rapeseed,CS3000 TF,2024,2371,42.4
14,Canola/Rapeseed,CS3000 TF,2025,486,46.0
14,Canola/Rapeseed,CS3100 TF,2021,,
14,Canola/Rapeseed,CS3100 TF,2022,,
14,Canola/Rapeseed,CS3100 TF,2023,,
14,Canola/Rapeseed,CS3100 TF,2024,871,33.2
14,Canola/Rapeseed,CS3100 TF,2025,1096,31.0
14,Canola/Rapeseed,CS3200 TF,2021,,
14,Canola/Rapeseed,CS3200 TF,2022,,
14,Canola/Rapeseed,CS3200 TF,2023,,
14,Canola/Rapeseed,CS3200 TF,2024,,
14,Canola/Rapeseed,CS3200 TF,2025,1118,35.9
14,Canola/Rapeseed,CS3300 TF,2021,,
14,Canola/Rapeseed,CS3300 TF,2022,,
14,Canola/Rapeseed,CS3300 TF,2023,,
14,Canola/Rapeseed,CS3300 TF,2024,,
14,Canola/Rapeseed,CS3300 TF,2025,2240,51.6
14,Canola/Rapeseed,CS4000 LL,2021,693,38.0
14,Canola/Rapeseed,CS4000 LL,2022,2234,49.1
14,Canola/Rapeseed,CS4000 LL,2023,5504,47.7
14,Canola/Rapeseed,CS4000 LL,2024,6104,41.3
14,Canola/Rapeseed,CS4000 LL,2025,7858,39.7
14,Canola/Rapeseed,CS4100 LL,2021,,
14,Canola/Rapeseed,CS4100 LL,2022,,
14,Canola/Rapeseed,CS4100 LL,2023,,
14,Canola/Rapeseed,CS4100 LL,2024,,
14,Canola/Rapeseed,CS4100 LL,2025,3095,49.6
14,Canola/Rapeseed,DK 801 LL,2021,,
14,Canola/Rapeseed,DK 801 LL,2022,,
14,Canola/Rapeseed,DK 801 LL,2023,,
14,Canola/Rapeseed,DK 801 LL,2024,992,34.9
14,Canola/Rapeseed,DK 801 LL,2025,6132,50.0
14,Canola/Rapeseed,DK400TL,2021,,
14,Canola/Rapeseed,DK400TL,2022,,
14,Canola/Rapeseed,DK400TL,2023,,
14,Canola/Rapeseed,DK400TL,2024,2218,33.6
14,Canola/Rapeseed,DK400TL,2025,1507,44.1
14,Canola/Rapeseed,DK401TK,2021,,
14,Canola/Rapeseed,DK401TK,2022,,
14,Canola/Rapeseed,DK401TK,2023,,
14,Canola/Rapeseed,DK401TK,2024,,
14,Canola/Rapeseed,DK401TK,2025,4146,41.5
14,Canola/Rapeseed,DK401TL,2021,,
14,Canola/Rapeseed,DK401TL,2022,,
14,Canola/Rapeseed,DK401TL,2023,,
14,Canola/Rapeseed,DK401TL,2024,,
14,Canola/Rapeseed,DK401TL,2025,3063,47.2
14,Canola/Rapeseed,DK800LL,2021,,
14,Canola/Rapeseed,DK800LL,2022,,
14,Canola/Rapeseed,DK800LL,2023,,
14,Canola/Rapeseed,DK800LL,2024,3291,40.2
14,Canola/Rapeseed,DK800LL,2025,8551,47.5
14,Canola/Rapeseed,DK801LL,2021,,
14,Canola/Rapeseed,DK801LL,2022,,
14,Canola/Rapeseed,DK801LL,2023,,
14,Canola/Rapeseed,DK801LL,2024,,
14,Canola/Rapeseed,DK801LL,2025,3693,47.6
14,Canola/Rapeseed,DK900TF,2021,,
14,Canola/Rapeseed,DK900TF,2022,,
14,Canola/Rapeseed,DK900TF,2023,21398,49.8
14,Canola/Rapeseed,DK900TF,2024,47452,35.4
14,Canola/Rapeseed,DK900TF,2025,34453,48.4
14,Canola/Rapeseed,DK901TF,2021,,
14,Canola/Rapeseed,DK901TF,2022,,
14,Canola/Rapeseed,DK901TF,2023,4968,44.9
14,Canola/Rapeseed,DK901TF,2024,5414,32.8
14,Canola/Rapeseed,DK901TF,2025,3639,43.3
14,Canola/Rapeseed,DK902TF,2021,,
14,Canola/Rapeseed,DK902TF,2022,,
14,Canola/Rapeseed,DK902TF,2023,8698,54.9
14,Canola/Rapeseed,DK902TF,2024,16682,36.2
14,Canola/Rapeseed,DK902TF,2025,11457,46.9
14,Canola/Rapeseed,LR354PC,2021,,
14,Canola/Rapeseed,LR354PC,2022,,
14,Canola/Rapeseed,LR354PC,2023,2054,55.7
14,Canola/Rapeseed,LR354PC,2024,1426,33.3
14,Canola/Rapeseed,LR354PC,2025,2067,58.2
14,Canola/Rapeseed,L140P,2021,,
14,Canola/Rapeseed,L140P,2022,,
14,Canola/Rapeseed,L140P,2023,,
14,Canola/Rapeseed,L140P,2024,1785,42.4
14,Canola/Rapeseed,L140P,2025,1008,46.5
14,Canola/Rapeseed,L233P,2021,127480,32.9
14,Canola/Rapeseed,L233P,2022,107625,48.4
14,Canola/Rapeseed,L233P,2023,67211,51.4
14,Canola/Rapeseed,L233P,2024,31495,36.4
14,Canola/Rapeseed,L233P,2025,12448,44.4
14,Canola/Rapeseed,L234PC,2021,26994,36.0
14,Canola/Rapeseed,L234PC,2022,12787,48.0
14,Canola/Rapeseed,L234PC,2023,4011,46.0
14,Canola/Rapeseed,L234PC,2024,1328,39.8
14,Canola/Rapeseed,L234PC,2025,675,51.5
14,Canola/Rapeseed,L255PC,2021,54304,34.0
14,Canola/Rapeseed,L255PC,2022,25845,49.3
14,Canola/Rapeseed,L255PC,2023,5160,53.8
14,Canola/Rapeseed,L255PC,2024,,
14,Canola/Rapeseed,L255PC,2025,2234,53.8
14,Canola/Rapeseed,L330PC,2021,,
14,Canola/Rapeseed,L330PC,2022,,
14,Canola/Rapeseed,L330PC,2023,,
14,Canola/Rapeseed,L330PC,2024,,
14,Canola/Rapeseed,L330PC,2025,57890,49.6
14,Canola/Rapeseed,L333PC,2021,,
14,Canola/Rapeseed,L333PC,2022,,
14,Canola/Rapeseed,L333PC,2023,,
14,Canola/Rapeseed,L333PC,2024,,
14,Canola/Rapeseed,L333PC,2025,30819,47.3
14,Canola/Rapeseed,L340PC,2021,90555,35.3
14,Canola/Rapeseed,L340PC,2022,182361,49.6
14,Canola/Rapeseed,L340PC,2023,205945,53.3
14,Canola/Rapeseed,L340PC,2024,287527,41.8
14,Canola/Rapeseed,L340PC,2025,319962,49.8
14,Canola/Rapeseed,L341PC,2021,,
14,Canola/Rapeseed,L341PC,2022,,
14,Canola/Rapeseed,L341PC,2023,,
14,Canola/Rapeseed,L341PC,2024,,
14,Canola/Rapeseed,L341PC,2025,750,40.9
14,Canola/Rapeseed,L343PC,2021,,
14,Canola/Rapeseed,L343PC,2022,11078,49.6
14,Canola/Rapeseed,L343PC,2023,30109,51.3
14,Canola/Rapeseed,L343PC,2024,20302,39.2
14,Canola/Rapeseed,L343PC,2025,10435,50.7
14,Canola/Rapeseed,L345PC,2021,63651,34.6
14,Canola/Rapeseed,L345PC,2022,65263,53.3
14,Canola/Rapeseed,L345PC,2023,26061,54.3
14,Canola/Rapeseed,L345PC,2024,39177,41.7
14,Canola/Rapeseed,L345PC,2025,20707,47.2
14,Canola/Rapeseed,L350PC,2021,,
14,Canola/Rapeseed,L350PC,2022,,
14,Canola/Rapeseed,L350PC,2023,36380,54.6
14,Canola/Rapeseed,L350PC,2024,20434,41.4
14,Canola/Rapeseed,L350PC,2025,15524,50.1
14,Canola/Rapeseed,L356PC,2021,,
14,Canola/Rapeseed,L356PC,2022,50627,52.1
14,Canola/Rapeseed,L356PC,2023,114913,54.4
14,Canola/Rapeseed,L356PC,2024,185232,41.3
14,Canola/Rapeseed,L356PC,2025,129889,48.5
14,Canola/Rapeseed,PV 661 LCM,2021,,
14,Canola/Rapeseed,PV 661 LCM,2022,,
14,Canola/Rapeseed,PV 661 LCM,2023,,
14,Canola/Rapeseed,PV 661 LCM,2024,2322,31.7
14,Canola/Rapeseed,PV 661 LCM,2025,2941,43.6
14,Canola/Rapeseed,PV 681 LC,2021,3079,34.4
14,Canola/Rapeseed,PV 681 LC,2022,1085,50.7
14,Canola/Rapeseed,PV 681 LC,2023,2703,51.9
14,Canola/Rapeseed,PV 681 LC,2024,1130,35.6
14,Canola/Rapeseed,PV 681 LC,2025,1090,44.2
14,Canola/Rapeseed,PV 760 TM,2021,7234,29.0
14,Canola/Rapeseed,PV 760 TM,2022,2316,46.3
14,Canola/Rapeseed,PV 760 TM,2023,1624,46.7
14,Canola/Rapeseed,PV 760 TM,2024,1552,30.3
14,Canola/Rapeseed,PV 760 TM,2025,931,42.9
14,Canola/Rapeseed,PV 761 TM,2021,6338,33.6
14,Canola/Rapeseed,PV 761 TM,2022,5119,45.5
14,Canola/Rapeseed,PV 761 TM,2023,14209,48.9
14,Canola/Rapeseed,PV 761 TM,2024,5473,32.4
14,Canola/Rapeseed,PV 761 TM,2025,2499,34.5
14,Canola/Rapeseed,PV 780 TC,2021,2320,32.9
14,Canola/Rapeseed,PV 780 TC,2022,2461,38.3
14,Canola/Rapeseed,PV 780 TC,2023,1007,33.6
14,Canola/Rapeseed,PV 780 TC,2024,,
14,Canola/Rapeseed,PV 780 TC,2025,460,36.9
14,Canola/Rapeseed,PV 781 TCM,2021,,
14,Canola/Rapeseed,PV 781 TCM,2022,,
14,Canola/Rapeseed,PV 781 TCM,2023,3893,33.6
14,Canola/Rapeseed,PV 781 TCM,2024,5394,34.7
14,Canola/Rapeseed,PV 781 TCM,2025,1113,44.6
14,Canola/Rapeseed,PV661 LCM,2021,,
14,Canola/Rapeseed,PV661 LCM,2022,,
14,Canola/Rapeseed,PV661 LCM,2023,500,45.4
14,Canola/Rapeseed,PV661 LCM,2024,1995,30.0
14,Canola/Rapeseed,PV661 LCM,2025,2301,38.9
14,Canola/Rapeseed,PV783,2021,,
14,Canola/Rapeseed,PV783,2022,,
14,Canola/Rapeseed,PV783,2023,,
14,Canola/Rapeseed,PV783,2024,,
14,Canola/Rapeseed,PV783,2025,6329,44.2
14,Canola/Rapeseed,P1530G,2021,,
14,Canola/Rapeseed,P1530G,2022,,
14,Canola/Rapeseed,P1530G,2023,,
14,Canola/Rapeseed,P1530G,2024,,
14,Canola/Rapeseed,P1530G,2025,590,40.6
14,Canola/Rapeseed,P1540L,2021,,
14,Canola/Rapeseed,P1540L,2022,,
14,Canola/Rapeseed,P1540L,2023,,
14,Canola/Rapeseed,P1540L,2024,,
14,Canola/Rapeseed,P1540L,2025,1837,49.7
14,Canola/Rapeseed,P501L,2021,5636,30.8
14,Canola/Rapeseed,P501L,2022,1444,47.4
14,Canola/Rapeseed,P501L,2023,1531,50.8
14,Canola/Rapeseed,P501L,2024,,
14,Canola/Rapeseed,P501L,2025,1354,34.6
14,Canola/Rapeseed,P505MSL,2021,3405,37.3
14,Canola/Rapeseed,P505MSL,2022,6397,56.9
14,Canola/Rapeseed,P505MSL,2023,15909,55.0
14,Canola/Rapeseed,P505MSL,2024,24722,37.2
14,Canola/Rapeseed,P505MSL,2025,15498,49.1
14,Canola/Rapeseed,P508CL,2021,,
14,Canola/Rapeseed,P508CL,2022,,
14,Canola/Rapeseed,P508CL,2023,,
14,Canola/Rapeseed,P508CL,2024,,
14,Canola/Rapeseed,P508CL,2025,3827,44.4
14,Canola/Rapeseed,P510G,2021,,
14,Canola/Rapeseed,P510G,2022,,
14,Canola/Rapeseed,P510G,2023,,
14,Canola/Rapeseed,P510G,2024,2538,33.2
14,Canola/Rapeseed,P510G,2025,2840,52.2
14,Canola/Rapeseed,P511G,2021,,
14,Canola/Rapeseed,P511G,2022,,
14,Canola/Rapeseed,P511G,2023,839,34.8
14,Canola/Rapeseed,P511G,2024,,
14,Canola/Rapeseed,P511G,2025,1721,34.6
14,Canola/Rapeseed,P515G,2021,,
14,Canola/Rapeseed,P515G,2022,,
14,Canola/Rapeseed,P515G,2023,2344,44.0
14,Canola/Rapeseed,P515G,2024,11435,32.9
14,Canola/Rapeseed,P515G,2025,14759,45.9
14,Canola/Rapeseed,P520L,2021,,
14,Canola/Rapeseed,P520L,2022,,
14,Canola/Rapeseed,P520L,2023,,
14,Canola/Rapeseed,P520L,2024,1688,34.8
14,Canola/Rapeseed,P520L,2025,23118,47.3
14,Canola/Rapeseed,P617SL,2021,,
14,Canola/Rapeseed,P617SL,2022,,
14,Canola/Rapeseed,P617SL,2023,,
14,Canola/Rapeseed,P617SL,2024,,
14,Canola/Rapeseed,P617SL,2025,1201,42.9
14,Canola/Rapeseed,45CM39,2021,28984,30.5
14,Canola/Rapeseed,45CM39,2022,18124,44.0
14,Canola/Rapeseed,45CM39,2023,19497,46.2
14,Canola/Rapeseed,45CM39,2024,5403,37.7
14,Canola/Rapeseed,45CM39,2025,2958,44.8
14,Fall Rye,HAZLET,2021,1053,25.2
14,Fall Rye,HAZLET,2022,788,43.4
14,Fall Rye,HAZLET,2023,1520,38.3
14,Fall Rye,HAZLET,2024,,
14,Fall Rye,HAZLET,2025,1440,61.8
14,Fall Rye,TREBIANO KWS,2021,568,57.3
14,Fall Rye,TREBIANO KWS,2022,,
14,Fall Rye,TREBIANO KWS,2023,,
14,Fall Rye,TREBIANO KWS,2024,1023,86.1
14,Fall Rye,TREBIANO KWS,2025,600,78.4
14,Field Peas,ABARTH,2021,8525,33.8
14,Field Peas,ABARTH,2022,3318,51.1
14,Field Peas,ABARTH,2023,3008,48.0
14,Field Peas,ABARTH,2024,500,50.9
14,Field Peas,ABARTH,2025,1945,55.3
14,Field Peas,ABERDEEN AAC,2021,,
14,Field Peas,ABERDEEN AAC,2022,1773,50.9
14,Field Peas,ABERDEEN AAC,2023,1487,34.9
14,Field Peas,ABERDEEN AAC,2024,1677,49.9
14,Field Peas,ABERDEEN AAC,2025,1613,50.8
14,Field Peas,BEYOND AAC,2021,,
14,Field Peas,BEYOND AAC,2022,,
14,Field Peas,BEYOND AAC,2023,,
14,Field Peas,BEYOND AAC,2024,,
14,Field Peas,BEYOND AAC,2025,425,54.8
14,Field Peas,BOOST PS,2021,,
14,Field Peas,BOOST PS,2022,,
14,Field Peas,BOOST PS,2023,,
14,Field Peas,BOOST PS,2024,,
14,Field Peas,BOOST PS,2025,1620,59.9
14,Field Peas,CARVER AAC,2021,6394,35.8
14,Field Peas,CARVER AAC,2022,9108,59.8
14,Field Peas,CARVER AAC,2023,4042,65.1
14,Field Peas,CARVER AAC,2024,5764,54.5
14,Field Peas,CARVER AAC,2025,2946,51.7
14,Field Peas,CHROME AAC,2021,13798,36.0
14,Field Peas,CHROME AAC,2022,6702,60.1
14,Field Peas,CHROME AAC,2023,6080,58.0
14,Field Peas,CHROME AAC,2024,6280,46.7
14,Field Peas,CHROME AAC,2025,6544,49.6
14,Field Peas,FOREST CDC,2021,,
14,Field Peas,FOREST CDC,2022,,
14,Field Peas,FOREST CDC,2023,,
14,Field Peas,FOREST CDC,2024,1235,55.8
14,Field Peas,FOREST CDC,2025,4688,58.3
14,Field Peas,HICKIE CDC,2021,,
14,Field Peas,HICKIE CDC,2022,,
14,Field Peas,HICKIE CDC,2023,,
14,Field Peas,HICKIE CDC,2024,604,50.6
14,Field Peas,HICKIE CDC,2025,2510,49.5
14,Field Peas,INCA CDC,2021,2891,34.6
14,Field Peas,INCA CDC,2022,,
14,Field Peas,INCA CDC,2023,1466,38.1
14,Field Peas,INCA CDC,2024,2335,54.3
14,Field Peas,INCA CDC,2025,1580,47.0
14,Field Peas,JULIUS AAC,2021,,
14,Field Peas,JULIUS AAC,2022,,
14,Field Peas,JULIUS AAC,2023,,
14,Field Peas,JULIUS AAC,2024,,
14,Field Peas,JULIUS AAC,2025,2712,44.6
14,Field Peas,LEWOCHKO CDC,2021,3087,22.8
14,Field Peas,LEWOCHKO CDC,2022,1850,55.6
14,Field Peas,LEWOCHKO CDC,2023,2234,38.4
14,Field Peas,LEWOCHKO CDC,2024,3106,41.3
14,Field Peas,LEWOCHKO CDC,2025,4379,44.6
14,Field Peas,LIMERICK CDC,2021,1162,24.2
14,Field Peas,LIMERICK CDC,2022,,
14,Field Peas,LIMERICK CDC,2023,,
14,Field Peas,LIMERICK CDC,2024,,
14,Field Peas,LIMERICK CDC,2025,1275,56.1
14,Field Peas,MEADOW CDC,2021,2458,27.0
14,Field Peas,MEADOW CDC,2022,2415,40.3
14,Field Peas,MEADOW CDC,2023,1778,46.2
14,Field Peas,MEADOW CDC,2024,1495,35.1
14,Field Peas,MEADOW CDC,2025,755,51.4
14,Field Peas,PROFIT AAC,2021,,
14,Field Peas,PROFIT AAC,2022,3083,63.8
14,Field Peas,PROFIT AAC,2023,4202,49.2
14,Field Peas,PROFIT AAC,2024,3196,48.4
14,Field Peas,PROFIT AAC,2025,3200,48.9
14,Field Peas,RAEZER CDC,2021,2814,21.7
14,Field Peas,RAEZER CDC,2022,1205,31.7
14,Field Peas,RAEZER CDC,2023,,
14,Field Peas,RAEZER CDC,2024,926,49.1
14,Field Peas,RAEZER CDC,2025,1586,46.4
14,Field Peas,SPECTRUM CDC,2021,11039,28.5
14,Field Peas,SPECTRUM CDC,2022,7497,45.9
14,Field Peas,SPECTRUM CDC,2023,5101,58.5
14,Field Peas,SPECTRUM CDC,2024,5247,55.5
14,Field Peas,SPECTRUM CDC,2025,4793,51.1
14,Field Peas,SPRUCE CDC,2021,2300,28.8
14,Field Peas,SPRUCE CDC,2022,1365,45.4
14,Field Peas,SPRUCE CDC,2023,,
14,Field Peas,SPRUCE CDC,2024,1591,53.3
14,Field Peas,SPRUCE CDC,2025,2236,54.3
14,Field Peas,TOLLEFSON CDC,2021,,
14,Field Peas,TOLLEFSON CDC,2022,,
14,Field Peas,TOLLEFSON CDC,2023,,
14,Field Peas,TOLLEFSON CDC,2024,1115,48.2
14,Field Peas,TOLLEFSON CDC,2025,2403,51.4
14,Flax,DORADO CDC,2021,707,4.5
14,Flax,DORADO CDC,2022,,
14,Flax,DORADO CDC,2023,,
14,Flax,DORADO CDC,2024,,
14,Flax,DORADO CDC,2025,1934,5.1
14,Flax,GLAS CDC,2021,2899,13.5
14,Flax,GLAS CDC,2022,3253,30.4
14,Flax,GLAS CDC,2023,2830,14.1
14,Flax,GLAS CDC,2024,1257,24.5
14,Flax,GLAS CDC,2025,1296,40.0
14,Flax,ROWLAND CDC,2021,,
14,Flax,ROWLAND CDC,2022,,
14,Flax,ROWLAND CDC,2023,1124,14.4
14,Flax,ROWLAND CDC,2024,625,18.3
14,Flax,ROWLAND CDC,2025,1442,33.9
14,Flax,SORREL CDC,2021,1817,12.4
14,Flax,SORREL CDC,2022,910,32.2
14,Flax,SORREL CDC,2023,,
14,Flax,SORREL CDC,2024,,
14,Flax,SORREL CDC,2025,468,24.8
14,Grain Corn,P6910AM (RZ 1&2),2021,,
14,Grain Corn,P6910AM (RZ 1&2),2022,,
14,Grain Corn,P6910AM (RZ 1&2),2023,,
14,Grain Corn,P6910AM (RZ 1&2),2024,,
14,Grain Corn,P6910AM (RZ 1&2),2025,655,154.4
14,IP Canola/Rapeseed,B3018N,2021,,
14,IP Canola/Rapeseed,B3018N,2022,,
14,IP Canola/Rapeseed,B3018N,2023,,
14,IP Canola/Rapeseed,B3018N,2024,21108,36.0
14,IP Canola/Rapeseed,B3018N,2025,27013,43.8
14,IP Canola/Rapeseed,B3901N,2021,,
14,IP Canola/Rapeseed,B3901N,2022,,
14,IP Canola/Rapeseed,B3901N,2023,,
14,IP Canola/Rapeseed,B3901N,2024,,
14,IP Canola/Rapeseed,B3901N,2025,10629,45.5
14,IP Canola/Rapeseed,B4970N,2021,,
14,IP Canola/Rapeseed,B4970N,2022,,
14,IP Canola/Rapeseed,B4970N,2023,,
14,IP Canola/Rapeseed,B4970N,2024,,
14,IP Canola/Rapeseed,B4970N,2025,3965,49.9
14,IP Canola/Rapeseed,DK903TF,2021,,
14,IP Canola/Rapeseed,DK903TF,2022,,
14,IP Canola/Rapeseed,DK903TF,2023,,
14,IP Canola/Rapeseed,DK903TF,2024,2446,50.1
14,IP Canola/Rapeseed,DK903TF,2025,6108,52.7
14,IP Canola/Rapeseed,EVOLVE,2021,1595,26.4
14,IP Canola/Rapeseed,EVOLVE,2022,804,42.3
14,IP Canola/Rapeseed,EVOLVE,2023,1853,36.6
14,IP Canola/Rapeseed,EVOLVE,2024,2416,28.3
14,IP Canola/Rapeseed,EVOLVE,2025,1258,39.5
14,IP Canola/Rapeseed,L358HPC,2021,,
14,IP Canola/Rapeseed,L358HPC,2022,,
14,IP Canola/Rapeseed,L358HPC,2023,,
14,IP Canola/Rapeseed,L358HPC,2024,34215,42.8
14,IP Canola/Rapeseed,L358HPC,2025,32555,51.3
14,IP Canola/Rapeseed,V25-6T,2021,,
14,IP Canola/Rapeseed,V25-6T,2022,,
14,IP Canola/Rapeseed,V25-6T,2023,1737,44.8
14,IP Canola/Rapeseed,V25-6T,2024,5847,42.1
14,IP Canola/Rapeseed,V25-6T,2025,3804,48.6
14,IP Canola/Rapeseed,1028 RR,2021,45084,29.2
14,IP Canola/Rapeseed,1028 RR,2022,41364,40.6
14,IP Canola/Rapeseed,1028 RR,2023,33562,45.3
14,IP Canola/Rapeseed,1028 RR,2024,16209,36.5
14,IP Canola/Rapeseed,1028 RR,2025,11173,44.8
14,Oats,ANSON CDC,2021,,
14,Oats,ANSON CDC,2022,,
14,Oats,ANSON CDC,2023,,
14,Oats,ANSON CDC,2024,,
14,Oats,ANSON CDC,2025,10543,124.6
14,Oats,ARBORG CDC,2021,25383,62.5
14,Oats,ARBORG CDC,2022,40438,122.9
14,Oats,ARBORG CDC,2023,17029,109.4
14,Oats,ARBORG CDC,2024,31741,112.3
14,Oats,ARBORG CDC,2025,33427,118.1
14,Oats,CAMDEN CS,2021,38672,63.3
14,Oats,CAMDEN CS,2022,41699,106.4
14,Oats,CAMDEN CS,2023,14995,103.3
14,Oats,CAMDEN CS,2024,18061,118.1
14,Oats,CAMDEN CS,2025,20221,112.9
14,Oats,DANCER CDC,2021,6556,55.0
14,Oats,DANCER CDC,2022,6440,111.6
14,Oats,DANCER CDC,2023,5505,88.9
14,Oats,DANCER CDC,2024,5421,94.6
14,Oats,DANCER CDC,2025,3983,97.8
14,Oats,DOUGLAS AAC,2021,,
14,Oats,DOUGLAS AAC,2022,,
14,Oats,DOUGLAS AAC,2023,,
14,Oats,DOUGLAS AAC,2024,2087,70.3
14,Oats,DOUGLAS AAC,2025,2939,111.1
14,Oats,ENDURE CDC,2021,1213,71.3
14,Oats,ENDURE CDC,2022,9425,129.5
14,Oats,ENDURE CDC,2023,9278,86.5
14,Oats,ENDURE CDC,2024,11179,119.3
14,Oats,ENDURE CDC,2025,21306,82.3
14,Oats,HAYMAKER CDC,2021,1215,50.0
14,Oats,HAYMAKER CDC,2022,829,100.0
14,Oats,HAYMAKER CDC,2023,483,68.7
14,Oats,HAYMAKER CDC,2024,773,53.3
14,Oats,HAYMAKER CDC,2025,942,79.6
14,Oats,MORGAN AC,2021,25439,64.6
14,Oats,MORGAN AC,2022,30622,125.8
14,Oats,MORGAN AC,2023,10155,109.0
14,Oats,MORGAN AC,2024,12085,104.5
14,Oats,MORGAN AC,2025,13064,110.8
14,Oats,RUFFIAN CDC,2021,4832,44.8
14,Oats,RUFFIAN CDC,2022,6175,115.7
14,Oats,RUFFIAN CDC,2023,1505,116.9
14,Oats,RUFFIAN CDC,2024,2396,135.7
14,Oats,RUFFIAN CDC,2025,4964,131.2
14,Oats,SO-1 CDC,2021,962,59.1
14,Oats,SO-1 CDC,2022,987,110.4
14,Oats,SO-1 CDC,2023,,
14,Oats,SO-1 CDC,2024,843,95.2
14,Oats,SO-1 CDC,2025,565,88.6
14,Oats,SOURIS,2021,2849,64.9
14,Oats,SOURIS,2022,1876,106.5
14,Oats,SOURIS,2023,1113,98.5
14,Oats,SOURIS,2024,1954,114.8
14,Oats,SOURIS,2025,1713,121.0
14,Oats,SUMMIT,2021,17740,56.2
14,Oats,SUMMIT,2022,15144,104.8
14,Oats,SUMMIT,2023,7851,97.6
14,Oats,SUMMIT,2024,13379,99.7
14,Oats,SUMMIT,2025,10602,98.3
14,Wheat,- Canada Prairie CONQUER,2021,,
14,Wheat,- Canada Prairie CONQUER,2022,,
14,Wheat,- Canada Prairie CONQUER,2023,,
14,Wheat,- Canada Prairie CONQUER,2024,412,71.0
14,Wheat,- Canada Prairie CONQUER,2025,1061,63.7
14,Wheat,PASTEUR,2021,5515,38.1
14,Wheat,PASTEUR,2022,5627,55.7
14,Wheat,PASTEUR,2023,5317,61.0
14,Wheat,PASTEUR,2024,2591,58.8
14,Wheat,PASTEUR,2025,2753,56.0
14,Wheat,PENHOLD AAC,2021,,
14,Wheat,PENHOLD AAC,2022,,
14,Wheat,PENHOLD AAC,2023,1223,61.9
14,Wheat,PENHOLD AAC,2024,933,65.3
14,Wheat,PENHOLD AAC,2025,588,66.7
14,Wheat,SPARROW KWS,2021,748,14.5
14,Wheat,SPARROW KWS,2022,,
14,Wheat,SPARROW KWS,2023,,
14,Wheat,SPARROW KWS,2024,1110,82.3
14,Wheat,SPARROW KWS,2025,2080,72.2
14,Wheat - Durum,SCHRADER AAC,2021,,
14,Wheat - Durum,SCHRADER AAC,2022,,
14,Wheat - Durum,SCHRADER AAC,2023,,
14,Wheat - Durum,SCHRADER AAC,2024,,
14,Wheat - Durum,SCHRADER AAC,2025,1874,66.1
14,Wheat - Durum,SUCCEED AAC VB,2021,,
14,Wheat - Durum,SUCCEED AAC VB,2022,,
14,Wheat - Durum,SUCCEED AAC VB,2023,2439,48.3
14,Wheat - Durum,SUCCEED AAC VB,2024,1663,76.7
14,Wheat - Durum,SUCCEED AAC VB,2025,3036,63.1
14,Wheat - Hard Red Spring,ABOUND CDC,2021,809,36.4
14,Wheat - Hard Red Spring,ABOUND CDC,2022,816,49.8
14,Wheat - Hard Red Spring,ABOUND CDC,2023,1069,51.6
14,Wheat - Hard Red Spring,ABOUND CDC,2024,1178,47.1
14,Wheat - Hard Red Spring,ABOUND CDC,2025,678,51.1
14,Wheat - Hard Red Spring,ALIDA VB AAC,2021,16039,37.3
14,Wheat - Hard Red Spring,ALIDA VB AAC,2022,22463,55.2
14,Wheat - Hard Red Spring,ALIDA VB AAC,2023,15083,54.7
14,Wheat - Hard Red Spring,ALIDA VB AAC,2024,11881,59.7
14,Wheat - Hard Red Spring,ALIDA VB AAC,2025,9195,61.1
14,Wheat - Hard Red Spring,BARRIE AC,2021,480,44.6
14,Wheat - Hard Red Spring,BARRIE AC,2022,627,43.5
14,Wheat - Hard Red Spring,BARRIE AC,2023,420,51.9
14,Wheat - Hard Red Spring,BARRIE AC,2024,,
14,Wheat - Hard Red Spring,BARRIE AC,2025,515,56.7
14,Wheat - Hard Red Spring,BRANDON AAC,2021,87134,42.3
14,Wheat - Hard Red Spring,BRANDON AAC,2022,95939,59.5
14,Wheat - Hard Red Spring,BRANDON AAC,2023,92168,62.9
14,Wheat - Hard Red Spring,BRANDON AAC,2024,74377,61.7
14,Wheat - Hard Red Spring,BRANDON AAC,2025,56117,62.6
14,Wheat - Hard Red Spring,BROADACRES AAC,2021,,
14,Wheat - Hard Red Spring,BROADACRES AAC,2022,,
14,Wheat - Hard Red Spring,BROADACRES AAC,2023,3548,61.1
14,Wheat - Hard Red Spring,BROADACRES AAC,2024,3547,68.9
14,Wheat - Hard Red Spring,BROADACRES AAC,2025,8541,62.9
14,Wheat - Hard Red Spring,CARBERRY,2021,3528,32.6
14,Wheat - Hard Red Spring,CARBERRY,2022,2069,53.1
14,Wheat - Hard Red Spring,CARBERRY,2023,1525,63.4
14,Wheat - Hard Red Spring,CARBERRY,2024,1220,58.4
14,Wheat - Hard Red Spring,CARBERRY,2025,1720,71.9
14,Wheat - Hard Red Spring,CARDALE,2021,6451,38.8
14,Wheat - Hard Red Spring,CARDALE,2022,6461,59.7
14,Wheat - Hard Red Spring,CARDALE,2023,6364,50.0
14,Wheat - Hard Red Spring,CARDALE,2024,3770,52.0
14,Wheat - Hard Red Spring,CARDALE,2025,2670,62.9
14,Wheat - Hard Red Spring,ELIE AAC,2021,7764,38.0
14,Wheat - Hard Red Spring,ELIE AAC,2022,7546,60.0
14,Wheat - Hard Red Spring,ELIE AAC,2023,8795,66.5
14,Wheat - Hard Red Spring,ELIE AAC,2024,5419,62.7
14,Wheat - Hard Red Spring,ELIE AAC,2025,5406,66.2
14,Wheat - Hard Red Spring,ENVY CDC,2021,,
14,Wheat - Hard Red Spring,ENVY CDC,2022,,
14,Wheat - Hard Red Spring,ENVY CDC,2023,,
14,Wheat - Hard Red Spring,ENVY CDC,2024,596,59.9
14,Wheat - Hard Red Spring,ENVY CDC,2025,3209,64.3
14,Wheat - Hard Red Spring,FALLER,2021,452,44.4
14,Wheat - Hard Red Spring,FALLER,2022,2481,67.8
14,Wheat - Hard Red Spring,FALLER,2023,3235,63.8
14,Wheat - Hard Red Spring,FALLER,2024,1114,67.8
14,Wheat - Hard Red Spring,FALLER,2025,1489,65.5
14,Wheat - Hard Red Spring,GLENN,2021,2351,33.3
14,Wheat - Hard Red Spring,GLENN,2022,4522,52.3
14,Wheat - Hard Red Spring,GLENN,2023,4117,47.4
14,Wheat - Hard Red Spring,GLENN,2024,3434,49.7
14,Wheat - Hard Red Spring,GLENN,2025,2163,60.4
14,Wheat - Hard Red Spring,HOCKLEY AAC,2021,,
14,Wheat - Hard Red Spring,HOCKLEY AAC,2022,,
14,Wheat - Hard Red Spring,HOCKLEY AAC,2023,23703,64.7
14,Wheat - Hard Red Spring,HOCKLEY AAC,2024,63886,66.7
14,Wheat - Hard Red Spring,HOCKLEY AAC,2025,99630,67.6
14,Wheat - Hard Red Spring,HODGE AAC VB,2021,,
14,Wheat - Hard Red Spring,HODGE AAC VB,2022,638,72.7
14,Wheat - Hard Red Spring,HODGE AAC VB,2023,24815,62.5
14,Wheat - Hard Red Spring,HODGE AAC VB,2024,60835,62.1
14,Wheat - Hard Red Spring,HODGE AAC VB,2025,47616,66.2
14,Wheat - Hard Red Spring,HUGHES CDC VB,2021,7642,41.2
14,Wheat - Hard Red Spring,HUGHES CDC VB,2022,5054,50.7
14,Wheat - Hard Red Spring,HUGHES CDC VB,2023,6710,56.1
14,Wheat - Hard Red Spring,HUGHES CDC VB,2024,2085,67.5
14,Wheat - Hard Red Spring,HUGHES CDC VB,2025,3020,61.2
14,Wheat - Hard Red Spring,JATHARIA VB AAC,2021,4526,33.7
14,Wheat - Hard Red Spring,JATHARIA VB AAC,2022,3363,50.6
14,Wheat - Hard Red Spring,JATHARIA VB AAC,2023,2674,51.3
14,Wheat - Hard Red Spring,JATHARIA VB AAC,2024,1667,49.3
14,Wheat - Hard Red Spring,JATHARIA VB AAC,2025,1549,51.7
14,Wheat - Hard Red Spring,LANDMARK CDC,2021,57460,38.0
14,Wheat - Hard Red Spring,LANDMARK CDC,2022,55087,61.2
14,Wheat - Hard Red Spring,LANDMARK CDC,2023,62922,57.3
14,Wheat - Hard Red Spring,LANDMARK CDC,2024,47119,61.8
14,Wheat - Hard Red Spring,LANDMARK CDC,2025,33561,62.9
14,Wheat - Hard Red Spring,LEROY AAC VB,2021,1564,46.3
14,Wheat - Hard Red Spring,LEROY AAC VB,2022,6005,60.0
14,Wheat - Hard Red Spring,LEROY AAC VB,2023,5850,61.3
14,Wheat - Hard Red Spring,LEROY AAC VB,2024,690,56.7
14,Wheat - Hard Red Spring,LEROY AAC VB,2025,1368,62.3
14,Wheat - Hard Red Spring,MAGNET AAC,2021,1502,34.6
14,Wheat - Hard Red Spring,MAGNET AAC,2022,2923,55.6
14,Wheat - Hard Red Spring,MAGNET AAC,2023,3757,45.2
14,Wheat - Hard Red Spring,MAGNET AAC,2024,,
14,Wheat - Hard Red Spring,MAGNET AAC,2025,1296,74.2
14,Wheat - Hard Red Spring,MANNESS SY,2021,,
14,Wheat - Hard Red Spring,MANNESS SY,2022,,
14,Wheat - Hard Red Spring,MANNESS SY,2023,,
14,Wheat - Hard Red Spring,MANNESS SY,2024,3016,73.7
14,Wheat - Hard Red Spring,MANNESS SY,2025,6393,60.4
14,Wheat - Hard Red Spring,REDBERRY AAC,2021,28513,44.4
14,Wheat - Hard Red Spring,REDBERRY AAC,2022,24494,56.0
14,Wheat - Hard Red Spring,REDBERRY AAC,2023,23307,59.0
14,Wheat - Hard Red Spring,REDBERRY AAC,2024,15387,51.7
14,Wheat - Hard Red Spring,REDBERRY AAC,2025,8426,51.2
14,Wheat - Hard Red Spring,STANLEY CDC,2021,4440,33.7
14,Wheat - Hard Red Spring,STANLEY CDC,2022,3925,53.4
14,Wheat - Hard Red Spring,STANLEY CDC,2023,5813,49.0
14,Wheat - Hard Red Spring,STANLEY CDC,2024,2352,53.8
14,Wheat - Hard Red Spring,STANLEY CDC,2025,4400,57.0
14,Wheat - Hard Red Spring,STARBUCK AAC VB,2021,12748,46.1
14,Wheat - Hard Red Spring,STARBUCK AAC VB,2022,38204,62.7
14,Wheat - Hard Red Spring,STARBUCK AAC VB,2023,76912,63.0
14,Wheat - Hard Red Spring,STARBUCK AAC VB,2024,69845,64.9
14,Wheat - Hard Red Spring,STARBUCK AAC VB,2025,96856,66.4
14,Wheat - Hard Red Spring,STOUGHTON AAC,2021,,
14,Wheat - Hard Red Spring,STOUGHTON AAC,2022,,
14,Wheat - Hard Red Spring,STOUGHTON AAC,2023,,
14,Wheat - Hard Red Spring,STOUGHTON AAC,2024,,
14,Wheat - Hard Red Spring,STOUGHTON AAC,2025,713,67.4
14,Wheat - Hard Red Spring,SUPERB AC,2021,559,41.2
14,Wheat - Hard Red Spring,SUPERB AC,2022,,
14,Wheat - Hard Red Spring,SUPERB AC,2023,902,50.2
14,Wheat - Hard Red Spring,SUPERB AC,2024,957,57.5
14,Wheat - Hard Red Spring,SUPERB AC,2025,1512,61.0
14,Wheat - Hard Red Spring,TISDALE AAC,2021,3295,39.5
14,Wheat - Hard Red Spring,TISDALE AAC,2022,,
14,Wheat - Hard Red Spring,TISDALE AAC,2023,3328,58.7
14,Wheat - Hard Red Spring,TISDALE AAC,2024,960,56.6
14,Wheat - Hard Red Spring,TISDALE AAC,2025,1152,52.6
14,Wheat - Hard Red Spring,TITANIUM VB CDC,2021,7155,34.0
14,Wheat - Hard Red Spring,TITANIUM VB CDC,2022,4453,39.9
14,Wheat - Hard Red Spring,TITANIUM VB CDC,2023,4954,46.8
14,Wheat - Hard Red Spring,TITANIUM VB CDC,2024,3601,41.5
14,Wheat - Hard Red Spring,TITANIUM VB CDC,2025,1552,42.4
14,Wheat - Hard Red Spring,UTMOST CDC,2021,5599,28.8
14,Wheat - Hard Red Spring,UTMOST CDC,2022,3592,55.8
14,Wheat - Hard Red Spring,UTMOST CDC,2023,3899,39.6
14,Wheat - Hard Red Spring,UTMOST CDC,2024,2700,46.2
14,Wheat - Hard Red Spring,UTMOST CDC,2025,519,33.4
14,Wheat - Hard Red Spring,VIEWFIELD AAC,2021,71165,47.7
14,Wheat - Hard Red Spring,VIEWFIELD AAC,2022,107182,71.3
14,Wheat - Hard Red Spring,VIEWFIELD AAC,2023,91689,68.0
14,Wheat - Hard Red Spring,VIEWFIELD AAC,2024,109330,73.3
14,Wheat - Hard Red Spring,VIEWFIELD AAC,2025,81021,64.9
14,Wheat - Hard Red Spring,WESTKING AAC,2021,,
14,Wheat - Hard Red Spring,WESTKING AAC,2022,,
14,Wheat - Hard Red Spring,WESTKING AAC,2023,,
14,Wheat - Hard Red Spring,WESTKING AAC,2024,,
14,Wheat - Hard Red Spring,WESTKING AAC,2025,1710,66.7
14,Wheat - Hard Red Spring,WHEATLAND VB AAC,2021,16248,46.7
14,Wheat - Hard Red Spring,WHEATLAND VB AAC,2022,54128,66.4
14,Wheat - Hard Red Spring,WHEATLAND VB AAC,2023,116013,64.5
14,Wheat - Hard Red Spring,WHEATLAND VB AAC,2024,128587,66.8
14,Wheat - Hard Red Spring,WHEATLAND VB AAC,2025,155773,69.8
14,Wheat - Winter,GOLDRUSH AAC,2021,,
14,Wheat - Winter,GOLDRUSH AAC,2022,600,68.6
14,Wheat - Winter,GOLDRUSH AAC,2023,,
14,Wheat - Winter,GOLDRUSH AAC,2024,3551,56.3
14,Wheat - Winter,GOLDRUSH AAC,2025,4014,60.1
14,Canary Seed,CANTATE,2021,1284,666
14,Canary Seed,CANTATE,2022,,
14,Canary Seed,CANTATE,2023,,
14,Canary Seed,CANTATE,2024,565,1270
14,Canary Seed,CANTATE,2025,459,1440
14,Canary Seed,CIBO CDC,2021,1882,333
14,Canary Seed,CIBO CDC,2022,,
14,Canary Seed,CIBO CDC,2023,,
14,Canary Seed,CIBO CDC,2024,,
14,Canary Seed,CIBO CDC,2025,577,1548
14,Canary Seed,KEET,2021,3310,847
14,Canary Seed,KEET,2022,1446,1310
14,Canary Seed,KEET,2023,1144,1210
14,Canary Seed,KEET,2024,3397,1603
14,Canary Seed,KEET,2025,4305,906
14,Canary Seed,LUMIO CDC,2021,,
14,Canary Seed,LUMIO CDC,2022,,
14,Canary Seed,LUMIO CDC,2023,,
14,Canary Seed,LUMIO CDC,2024,3862,1817
14,Canary Seed,LUMIO CDC,2025,1632,1916
14,Lentils - Large Green,LIMA CDC,2021,,
14,Lentils - Large Green,LIMA CDC,2022,,
14,Lentils - Large Green,LIMA CDC,2023,,
14,Lentils - Large Green,LIMA CDC,2024,1401,2048
14,Lentils - Large Green,LIMA CDC,2025,1547,2434
14,Lentils - Red,IMPULSE,2021,,
14,Lentils - Red,IMPULSE,2022,,
14,Lentils - Red,IMPULSE,2023,,
14,Lentils - Red,IMPULSE,2024,,
14,Lentils - Red,IMPULSE,2025,1271,2802
14,Lentils - Red,NIMBLE,2021,,
14,Lentils - Red,NIMBLE,2022,,
14,Lentils - Red,NIMBLE,2023,1701,2489
14,Lentils - Red,NIMBLE,2024,1188,1651
14,Lentils - Red,NIMBLE,2025,545,2388
14,Lentils - Red,PROCLAIM CDC,2021,,
14,Lentils - Red,PROCLAIM CDC,2022,3470,2954
14,Lentils - Red,PROCLAIM CDC,2023,2853,3027
14,Lentils - Red,PROCLAIM CDC,2024,3234,2324
14,Lentils - Red,PROCLAIM CDC,2025,5166,2670
14,Lentils - Red,SIMMIE CDC,2021,,
14,Lentils - Red,SIMMIE CDC,2022,,
14,Lentils - Red,SIMMIE CDC,2023,1411,2601
14,Lentils - Red,SIMMIE CDC,2024,500,862
14,Lentils - Red,SIMMIE CDC,2025,850,2317
15,Barley,ADVANTAGE AB,2021,,
15,Barley,ADVANTAGE AB,2022,2462,89.6
15,Barley,ADVANTAGE AB,2023,6877,72.6
15,Barley,ADVANTAGE AB,2024,6316,72.8
15,Barley,ADVANTAGE AB,2025,7242,66.0
15,Barley,ALTORADO,2021,,
15,Barley,ALTORADO,2022,,
15,Barley,ALTORADO,2023,1222,58.4
15,Barley,ALTORADO,2024,946,61.7
15,Barley,ALTORADO,2025,646,68.0
15,Barley,AUSTENSON CDC,2021,26645,30.1
15,Barley,AUSTENSON CDC,2022,12836,73.9
15,Barley,AUSTENSON CDC,2023,16601,63.6
15,Barley,AUSTENSON CDC,2024,8714,69.8
15,Barley,AUSTENSON CDC,2025,8524,75.8
15,Barley,CHURCHILL CDC,2021,536,34.9
15,Barley,CHURCHILL CDC,2022,2611,81.5
15,Barley,CHURCHILL CDC,2023,4888,66.7
15,Barley,CHURCHILL CDC,2024,9169,97.3
15,Barley,CHURCHILL CDC,2025,10916,93.4
15,Barley,CONNECT AAC,2021,7946,33.2
15,Barley,CONNECT AAC,2022,9467,87.0
15,Barley,CONNECT AAC,2023,15182,77.1
15,Barley,CONNECT AAC,2024,14747,89.0
15,Barley,CONNECT AAC,2025,17814,89.3
15,Barley,COPELAND CDC,2021,76463,25.7
15,Barley,COPELAND CDC,2022,49398,76.2
15,Barley,COPELAND CDC,2023,42329,68.9
15,Barley,COPELAND CDC,2024,24338,76.3
15,Barley,COPELAND CDC,2025,11907,80.5
15,Barley,DURANGO CDC,2021,,
15,Barley,DURANGO CDC,2022,,
15,Barley,DURANGO CDC,2023,,
15,Barley,DURANGO CDC,2024,,
15,Barley,DURANGO CDC,2025,3729,85.1
15,Barley,FRASER CDC,2021,7542,33.7
15,Barley,FRASER CDC,2022,8151,87.7
15,Barley,FRASER CDC,2023,24184,76.5
15,Barley,FRASER CDC,2024,17711,85.5
15,Barley,FRASER CDC,2025,12827,87.3
15,Barley,MAVERICK CDC,2021,2731,32.4
15,Barley,MAVERICK CDC,2022,4682,65.0
15,Barley,MAVERICK CDC,2023,4509,52.3
15,Barley,MAVERICK CDC,2024,4242,52.4
15,Barley,MAVERICK CDC,2025,2891,60.5
15,Barley,RENEGADE CDC,2021,,
15,Barley,RENEGADE CDC,2022,,
15,Barley,RENEGADE CDC,2023,,
15,Barley,RENEGADE CDC,2024,1227,78.8
15,Barley,RENEGADE CDC,2025,2263,74.9
15,Barley,SYNERGY AAC,2021,51720,31.5
15,Barley,SYNERGY AAC,2022,39391,90.1
15,Barley,SYNERGY AAC,2023,48856,78.8
15,Barley,SYNERGY AAC,2024,46390,86.8
15,Barley,SYNERGY AAC,2025,48181,88.2
15,Canola/Rapeseed,BY 5125CL,2021,3120,16.2
15,Canola/Rapeseed,BY 5125CL,2022,2125,50.8
15,Canola/Rapeseed,BY 5125CL,2023,2995,50.0
15,Canola/Rapeseed,BY 5125CL,2024,2943,37.1
15,Canola/Rapeseed,BY 5125CL,2025,2360,47.0
15,Canola/Rapeseed,BY 6211TF,2021,,
15,Canola/Rapeseed,BY 6211TF,2022,4152,43.3
15,Canola/Rapeseed,BY 6211TF,2023,9638,39.0
15,Canola/Rapeseed,BY 6211TF,2024,4046,29.2
15,Canola/Rapeseed,BY 6211TF,2025,2706,28.8
15,Canola/Rapeseed,BY 6217TF,2021,,
15,Canola/Rapeseed,BY 6217TF,2022,,
15,Canola/Rapeseed,BY 6217TF,2023,1607,42.2
15,Canola/Rapeseed,BY 6217TF,2024,4542,21.7
15,Canola/Rapeseed,BY 6217TF,2025,1912,37.9
15,Canola/Rapeseed,BY 7102LL,2021,,
15,Canola/Rapeseed,BY 7102LL,2022,,
15,Canola/Rapeseed,BY 7102LL,2023,400,38.1
15,Canola/Rapeseed,BY 7102LL,2024,2481,32.7
15,Canola/Rapeseed,BY 7102LL,2025,1002,37.1
15,Canola/Rapeseed,BY 7204LL,2021,,
15,Canola/Rapeseed,BY 7204LL,2022,,
15,Canola/Rapeseed,BY 7204LL,2023,,
15,Canola/Rapeseed,BY 7204LL,2024,3627,33.0
15,Canola/Rapeseed,BY 7204LL,2025,17320,44.5
15,Canola/Rapeseed,B3016,2021,,
15,Canola/Rapeseed,B3016,2022,,
15,Canola/Rapeseed,B3016,2023,,
15,Canola/Rapeseed,B3016,2024,,
15,Canola/Rapeseed,B3016,2025,1874,40.6
15,Canola/Rapeseed,B3019,2021,,
15,Canola/Rapeseed,B3019,2022,,
15,Canola/Rapeseed,B3019,2023,,
15,Canola/Rapeseed,B3019,2024,,
15,Canola/Rapeseed,B3019,2025,2625,41.9
15,Canola/Rapeseed,B3020,2021,,
15,Canola/Rapeseed,B3020,2022,,
15,Canola/Rapeseed,B3020,2023,,
15,Canola/Rapeseed,B3020,2024,,
15,Canola/Rapeseed,B3020,2025,2946,35.6
15,Canola/Rapeseed,B4015,2021,,
15,Canola/Rapeseed,B4015,2022,,
15,Canola/Rapeseed,B4015,2023,,
15,Canola/Rapeseed,B4015,2024,,
15,Canola/Rapeseed,B4015,2025,522,45.7
15,Canola/Rapeseed,CS3300 TF,2021,,
15,Canola/Rapeseed,CS3300 TF,2022,,
15,Canola/Rapeseed,CS3300 TF,2023,,
15,Canola/Rapeseed,CS3300 TF,2024,,
15,Canola/Rapeseed,CS3300 TF,2025,692,38.1
15,Canola/Rapeseed,CS4000 LL,2021,1212,23.8
15,Canola/Rapeseed,CS4000 LL,2022,3531,40.7
15,Canola/Rapeseed,CS4000 LL,2023,8388,41.3
15,Canola/Rapeseed,CS4000 LL,2024,14092,37.9
15,Canola/Rapeseed,CS4000 LL,2025,8319,46.8
15,Canola/Rapeseed,CS4100 LL,2021,,
15,Canola/Rapeseed,CS4100 LL,2022,,
15,Canola/Rapeseed,CS4100 LL,2023,,
15,Canola/Rapeseed,CS4100 LL,2024,,
15,Canola/Rapeseed,CS4100 LL,2025,6476,48.6
15,Canola/Rapeseed,DK 801 LL,2021,,
15,Canola/Rapeseed,DK 801 LL,2022,,
15,Canola/Rapeseed,DK 801 LL,2023,,
15,Canola/Rapeseed,DK 801 LL,2024,704,41.5
15,Canola/Rapeseed,DK 801 LL,2025,6357,46.5
15,Canola/Rapeseed,DKTFLL 21 SC,2021,,
15,Canola/Rapeseed,DKTFLL 21 SC,2022,2406,37.5
15,Canola/Rapeseed,DKTFLL 21 SC,2023,2993,33.9
15,Canola/Rapeseed,DKTFLL 21 SC,2024,7702,37.3
15,Canola/Rapeseed,DKTFLL 21 SC,2025,1242,27.8
15,Canola/Rapeseed,DK400TL,2021,,
15,Canola/Rapeseed,DK400TL,2022,,
15,Canola/Rapeseed,DK400TL,2023,,
15,Canola/Rapeseed,DK400TL,2024,951,30.2
15,Canola/Rapeseed,DK400TL,2025,1188,40.3
15,Canola/Rapeseed,DK401TK,2021,,
15,Canola/Rapeseed,DK401TK,2022,,
15,Canola/Rapeseed,DK401TK,2023,,
15,Canola/Rapeseed,DK401TK,2024,,
15,Canola/Rapeseed,DK401TK,2025,10478,43.5
15,Canola/Rapeseed,DK401TL,2021,,
15,Canola/Rapeseed,DK401TL,2022,,
15,Canola/Rapeseed,DK401TL,2023,,
15,Canola/Rapeseed,DK401TL,2024,,
15,Canola/Rapeseed,DK401TL,2025,4119,47.2
15,Canola/Rapeseed,DK800LL,2021,,
15,Canola/Rapeseed,DK800LL,2022,,
15,Canola/Rapeseed,DK800LL,2023,,
15,Canola/Rapeseed,DK800LL,2024,1485,39.1
15,Canola/Rapeseed,DK800LL,2025,11596,45.8
15,Canola/Rapeseed,DK801LL,2021,,
15,Canola/Rapeseed,DK801LL,2022,,
15,Canola/Rapeseed,DK801LL,2023,,
15,Canola/Rapeseed,DK801LL,2024,,
15,Canola/Rapeseed,DK801LL,2025,3063,50.0
15,Canola/Rapeseed,DK900TF,2021,,
15,Canola/Rapeseed,DK900TF,2022,,
15,Canola/Rapeseed,DK900TF,2023,7022,38.2
15,Canola/Rapeseed,DK900TF,2024,10119,34.9
15,Canola/Rapeseed,DK900TF,2025,4635,47.2
15,Canola/Rapeseed,DK901TF,2021,,
15,Canola/Rapeseed,DK901TF,2022,,
15,Canola/Rapeseed,DK901TF,2023,1351,52.8
15,Canola/Rapeseed,DK901TF,2024,1698,32.5
15,Canola/Rapeseed,DK901TF,2025,922,42.4
15,Canola/Rapeseed,DK902TF,2021,,
15,Canola/Rapeseed,DK902TF,2022,,
15,Canola/Rapeseed,DK902TF,2023,1830,42.8
15,Canola/Rapeseed,DK902TF,2024,5032,37.3
15,Canola/Rapeseed,DK902TF,2025,1249,36.4
15,Canola/Rapeseed,LR354PC,2021,,
15,Canola/Rapeseed,LR354PC,2022,,
15,Canola/Rapeseed,LR354PC,2023,4338,36.8
15,Canola/Rapeseed,LR354PC,2024,3958,37.4
15,Canola/Rapeseed,LR354PC,2025,3881,51.0
15,Canola/Rapeseed,L140P,2021,,
15,Canola/Rapeseed,L140P,2022,,
15,Canola/Rapeseed,L140P,2023,,
15,Canola/Rapeseed,L140P,2024,,
15,Canola/Rapeseed,L140P,2025,482,36.6
15,Canola/Rapeseed,L150,2021,,
15,Canola/Rapeseed,L150,2022,,
15,Canola/Rapeseed,L150,2023,,
15,Canola/Rapeseed,L150,2024,,
15,Canola/Rapeseed,L150,2025,1306,38.0
15,Canola/Rapeseed,L233P,2021,142298,20.8
15,Canola/Rapeseed,L233P,2022,122703,44.1
15,Canola/Rapeseed,L233P,2023,85155,40.3
15,Canola/Rapeseed,L233P,2024,41444,35.6
15,Canola/Rapeseed,L233P,2025,7257,41.4
15,Canola/Rapeseed,L234PC,2021,11070,21.3
15,Canola/Rapeseed,L234PC,2022,2911,43.4
15,Canola/Rapeseed,L234PC,2023,2349,45.7
15,Canola/Rapeseed,L234PC,2024,1449,42.8
15,Canola/Rapeseed,L234PC,2025,1995,42.9
15,Canola/Rapeseed,L330PC,2021,,
15,Canola/Rapeseed,L330PC,2022,,
15,Canola/Rapeseed,L330PC,2023,,
15,Canola/Rapeseed,L330PC,2024,,
15,Canola/Rapeseed,L330PC,2025,25338,47.2
15,Canola/Rapeseed,L333PC,2021,,
15,Canola/Rapeseed,L333PC,2022,,
15,Canola/Rapeseed,L333PC,2023,,
15,Canola/Rapeseed,L333PC,2024,,
15,Canola/Rapeseed,L333PC,2025,14376,49.3
15,Canola/Rapeseed,L340PC,2021,43150,22.5
15,Canola/Rapeseed,L340PC,2022,123151,47.7
15,Canola/Rapeseed,L340PC,2023,228314,43.5
15,Canola/Rapeseed,L340PC,2024,291916,40.7
15,Canola/Rapeseed,L340PC,2025,319211,44.9
15,Canola/Rapeseed,L341PC,2021,,
15,Canola/Rapeseed,L341PC,2022,,
15,Canola/Rapeseed,L341PC,2023,,
15,Canola/Rapeseed,L341PC,2024,,
15,Canola/Rapeseed,L341PC,2025,4391,47.0
15,Canola/Rapeseed,L343PC,2021,,
15,Canola/Rapeseed,L343PC,2022,7908,51.1
15,Canola/Rapeseed,L343PC,2023,19705,42.6
15,Canola/Rapeseed,L343PC,2024,10197,43.6
15,Canola/Rapeseed,L343PC,2025,6978,51.3
15,Canola/Rapeseed,L345PC,2021,121165,21.9
15,Canola/Rapeseed,L345PC,2022,115734,47.3
15,Canola/Rapeseed,L345PC,2023,91491,45.2
15,Canola/Rapeseed,L345PC,2024,88623,39.7
15,Canola/Rapeseed,L345PC,2025,40392,44.2
15,Canola/Rapeseed,L350PC,2021,,
15,Canola/Rapeseed,L350PC,2022,,
15,Canola/Rapeseed,L350PC,2023,46564,44.1
15,Canola/Rapeseed,L350PC,2024,36486,40.4
15,Canola/Rapeseed,L350PC,2025,27935,46.7
15,Canola/Rapeseed,L356PC,2021,,
15,Canola/Rapeseed,L356PC,2022,15471,43.9
15,Canola/Rapeseed,L356PC,2023,58175,43.2
15,Canola/Rapeseed,L356PC,2024,78007,40.7
15,Canola/Rapeseed,L356PC,2025,77344,46.5
15,Canola/Rapeseed,PV 661 LCM,2021,,
15,Canola/Rapeseed,PV 661 LCM,2022,,
15,Canola/Rapeseed,PV 661 LCM,2023,,
15,Canola/Rapeseed,PV 661 LCM,2024,1911,36.7
15,Canola/Rapeseed,PV 661 LCM,2025,5571,40.4
15,Canola/Rapeseed,PV 681 LC,2021,557,16.2
15,Canola/Rapeseed,PV 681 LC,2022,,
15,Canola/Rapeseed,PV 681 LC,2023,4419,35.1
15,Canola/Rapeseed,PV 681 LC,2024,4073,34.6
15,Canola/Rapeseed,PV 681 LC,2025,3109,46.5
15,Canola/Rapeseed,PV 781 TCM,2021,,
15,Canola/Rapeseed,PV 781 TCM,2022,,
15,Canola/Rapeseed,PV 781 TCM,2023,3223,39.2
15,Canola/Rapeseed,PV 781 TCM,2024,5507,28.6
15,Canola/Rapeseed,PV 781 TCM,2025,1493,38.4
15,Canola/Rapeseed,PV 881 OCM,2021,,
15,Canola/Rapeseed,PV 881 OCM,2022,,
15,Canola/Rapeseed,PV 881 OCM,2023,,
15,Canola/Rapeseed,PV 881 OCM,2024,,
15,Canola/Rapeseed,PV 881 OCM,2025,803,37.6
15,Canola/Rapeseed,PV783,2021,,
15,Canola/Rapeseed,PV783,2022,,
15,Canola/Rapeseed,PV783,2023,,
15,Canola/Rapeseed,PV783,2024,,
15,Canola/Rapeseed,PV783,2025,2664,43.6
15,Canola/Rapeseed,P1530G,2021,,
15,Canola/Rapeseed,P1530G,2022,,
15,Canola/Rapeseed,P1530G,2023,,
15,Canola/Rapeseed,P1530G,2024,,
15,Canola/Rapeseed,P1530G,2025,486,52.0
15,Canola/Rapeseed,P1540L,2021,,
15,Canola/Rapeseed,P1540L,2022,,
15,Canola/Rapeseed,P1540L,2023,,
15,Canola/Rapeseed,P1540L,2024,,
15,Canola/Rapeseed,P1540L,2025,1582,47.2
15,Canola/Rapeseed,P501L,2021,3879,20.7
15,Canola/Rapeseed,P501L,2022,920,38.8
15,Canola/Rapeseed,P501L,2023,2787,35.7
15,Canola/Rapeseed,P501L,2024,3375,39.0
15,Canola/Rapeseed,P501L,2025,4447,40.5
15,Canola/Rapeseed,P505MSL,2021,11519,20.2
15,Canola/Rapeseed,P505MSL,2022,7761,39.8
15,Canola/Rapeseed,P505MSL,2023,6860,38.8
15,Canola/Rapeseed,P505MSL,2024,14397,39.1
15,Canola/Rapeseed,P505MSL,2025,7850,45.7
15,Canola/Rapeseed,P508CL,2021,,
15,Canola/Rapeseed,P508CL,2022,,
15,Canola/Rapeseed,P508CL,2023,,
15,Canola/Rapeseed,P508CL,2024,,
15,Canola/Rapeseed,P508CL,2025,1975,44.8
15,Canola/Rapeseed,P508MCL,2021,4982,14.3
15,Canola/Rapeseed,P508MCL,2022,5888,38.3
15,Canola/Rapeseed,P508MCL,2023,1144,40.3
15,Canola/Rapeseed,P508MCL,2024,1685,35.8
15,Canola/Rapeseed,P508MCL,2025,2308,45.9
15,Canola/Rapeseed,P515G,2021,,
15,Canola/Rapeseed,P515G,2022,,
15,Canola/Rapeseed,P515G,2023,1848,52.1
15,Canola/Rapeseed,P515G,2024,10028,29.1
15,Canola/Rapeseed,P515G,2025,6462,32.9
15,Canola/Rapeseed,P516L,2021,,
15,Canola/Rapeseed,P516L,2022,,
15,Canola/Rapeseed,P516L,2023,3013,42.9
15,Canola/Rapeseed,P516L,2024,13532,34.6
15,Canola/Rapeseed,P516L,2025,6298,38.3
15,Canola/Rapeseed,P520L,2021,,
15,Canola/Rapeseed,P520L,2022,,
15,Canola/Rapeseed,P520L,2023,,
15,Canola/Rapeseed,P520L,2024,930,45.5
15,Canola/Rapeseed,P520L,2025,21488,44.5
15,Canola/Rapeseed,P617SL,2021,,
15,Canola/Rapeseed,P617SL,2022,,
15,Canola/Rapeseed,P617SL,2023,,
15,Canola/Rapeseed,P617SL,2024,,
15,Canola/Rapeseed,P617SL,2025,928,52.2
15,Canola/Rapeseed,46A65,2021,,
15,Canola/Rapeseed,46A65,2022,,
15,Canola/Rapeseed,46A65,2023,732,22.3
15,Canola/Rapeseed,46A65,2024,1132,24.7
15,Canola/Rapeseed,46A65,2025,2045,31.4
15,Fall Rye,RECEPTOR KWS,2021,,
15,Fall Rye,RECEPTOR KWS,2022,,
15,Fall Rye,RECEPTOR KWS,2023,,
15,Fall Rye,RECEPTOR KWS,2024,,
15,Fall Rye,RECEPTOR KWS,2025,908,81.6
15,Fall Rye,TREBIANO KWS,2021,,
15,Fall Rye,TREBIANO KWS,2022,,
15,Fall Rye,TREBIANO KWS,2023,,
15,Fall Rye,TREBIANO KWS,2024,842,98.6
15,Fall Rye,TREBIANO KWS,2025,2568,81.7
15,Field Peas,ADMIRAL DS,2021,,
15,Field Peas,ADMIRAL DS,2022,932,38.0
15,Field Peas,ADMIRAL DS,2023,,
15,Field Peas,ADMIRAL DS,2024,632,45.1
15,Field Peas,ADMIRAL DS,2025,445,40.0
15,Field Peas,AMARILLO CDC,2021,14345,18.3
15,Field Peas,AMARILLO CDC,2022,9652,37.9
15,Field Peas,AMARILLO CDC,2023,8846,33.9
15,Field Peas,AMARILLO CDC,2024,4576,34.8
15,Field Peas,AMARILLO CDC,2025,3990,40.3
15,Field Peas,BLAZER CDC,2021,413,18.6
15,Field Peas,BLAZER CDC,2022,610,51.4
15,Field Peas,BLAZER CDC,2023,,
15,Field Peas,BLAZER CDC,2024,575,45.4
15,Field Peas,BLAZER CDC,2025,630,53.9
15,Field Peas,CARVER AAC,2021,7913,21.2
15,Field Peas,CARVER AAC,2022,4047,45.6
15,Field Peas,CARVER AAC,2023,6625,48.9
15,Field Peas,CARVER AAC,2024,6442,45.2
15,Field Peas,CARVER AAC,2025,8697,50.9
15,Field Peas,CHROME AAC,2021,10620,25.3
15,Field Peas,CHROME AAC,2022,12435,48.6
15,Field Peas,CHROME AAC,2023,11684,41.0
15,Field Peas,CHROME AAC,2024,14705,39.5
15,Field Peas,CHROME AAC,2025,11211,48.3
15,Field Peas,CITRINE CDC,2021,,
15,Field Peas,CITRINE CDC,2022,,
15,Field Peas,CITRINE CDC,2023,,
15,Field Peas,CITRINE CDC,2024,581,44.0
15,Field Peas,CITRINE CDC,2025,2856,48.0
15,Field Peas,FAIRWAY,2021,,
15,Field Peas,FAIRWAY,2022,,
15,Field Peas,FAIRWAY,2023,,
15,Field Peas,FAIRWAY,2024,1470,48.8
15,Field Peas,FAIRWAY,2025,1042,60.6
15,Field Peas,FOREST CDC,2021,5014,20.9
15,Field Peas,FOREST CDC,2022,5072,42.0
15,Field Peas,FOREST CDC,2023,2620,43.3
15,Field Peas,FOREST CDC,2024,2575,46.2
15,Field Peas,FOREST CDC,2025,2443,54.6
15,Field Peas,GREENWATER,2021,1777,17.2
15,Field Peas,GREENWATER,2022,2151,39.2
15,Field Peas,GREENWATER,2023,,
15,Field Peas,GREENWATER,2024,1111,54.0
15,Field Peas,GREENWATER,2025,595,48.4
15,Field Peas,HICKIE CDC,2021,,
15,Field Peas,HICKIE CDC,2022,,
15,Field Peas,HICKIE CDC,2023,,
15,Field Peas,HICKIE CDC,2024,1449,43.6
15,Field Peas,HICKIE CDC,2025,5153,48.7
15,Field Peas,HUSKIE CDC,2021,,
15,Field Peas,HUSKIE CDC,2022,,
15,Field Peas,HUSKIE CDC,2023,,
15,Field Peas,HUSKIE CDC,2024,,
15,Field Peas,HUSKIE CDC,2025,611,57.0
15,Field Peas,INCA CDC,2021,16380,20.4
15,Field Peas,INCA CDC,2022,12699,41.1
15,Field Peas,INCA CDC,2023,14654,33.9
15,Field Peas,INCA CDC,2024,15314,48.7
15,Field Peas,INCA CDC,2025,10002,45.2
15,Field Peas,JULIUS AAC,2021,,
15,Field Peas,JULIUS AAC,2022,,
15,Field Peas,JULIUS AAC,2023,,
15,Field Peas,JULIUS AAC,2024,1159,44.9
15,Field Peas,JULIUS AAC,2025,5794,52.1
15,Field Peas,LEWOCHKO CDC,2021,6860,22.4
15,Field Peas,LEWOCHKO CDC,2022,3710,48.1
15,Field Peas,LEWOCHKO CDC,2023,10683,39.8
15,Field Peas,LEWOCHKO CDC,2024,12232,45.5
15,Field Peas,LEWOCHKO CDC,2025,6719,43.7
15,Field Peas,LIMERICK CDC,2021,1095,14.6
15,Field Peas,LIMERICK CDC,2022,987,47.8
15,Field Peas,LIMERICK CDC,2023,1629,36.9
15,Field Peas,LIMERICK CDC,2024,1947,50.4
15,Field Peas,LIMERICK CDC,2025,3955,43.8
15,Field Peas,MAPLE,2021,,
15,Field Peas,MAPLE,2022,,
15,Field Peas,MAPLE,2023,,
15,Field Peas,MAPLE,2024,,
15,Field Peas,MAPLE,2025,1532,41.4
15,Field Peas,MEADOW CDC,2021,6443,17.2
15,Field Peas,MEADOW CDC,2022,6241,39.0
15,Field Peas,MEADOW CDC,2023,4882,36.2
15,Field Peas,MEADOW CDC,2024,5319,47.1
15,Field Peas,MEADOW CDC,2025,1188,44.4
15,Field Peas,MOSAIC CDC,2021,,
15,Field Peas,MOSAIC CDC,2022,,
15,Field Peas,MOSAIC CDC,2023,,
15,Field Peas,MOSAIC CDC,2024,1449,30.7
15,Field Peas,MOSAIC CDC,2025,900,33.0
15,Field Peas,PROFIT AAC,2021,,
15,Field Peas,PROFIT AAC,2022,2569,54.9
15,Field Peas,PROFIT AAC,2023,2206,33.5
15,Field Peas,PROFIT AAC,2024,2246,38.6
15,Field Peas,PROFIT AAC,2025,3064,51.3
15,Field Peas,RAEZER CDC,2021,1261,15.7
15,Field Peas,RAEZER CDC,2022,2771,49.6
15,Field Peas,RAEZER CDC,2023,1223,40.4
15,Field Peas,RAEZER CDC,2024,1245,52.9
15,Field Peas,RAEZER CDC,2025,1476,59.7
15,Field Peas,RIDER CDC,2021,,
15,Field Peas,RIDER CDC,2022,,
15,Field Peas,RIDER CDC,2023,,
15,Field Peas,RIDER CDC,2024,,
15,Field Peas,RIDER CDC,2025,1782,46.2
15,Field Peas,SPECTRUM CDC,2021,16296,21.9
15,Field Peas,SPECTRUM CDC,2022,12027,51.0
15,Field Peas,SPECTRUM CDC,2023,12380,44.2
15,Field Peas,SPECTRUM CDC,2024,9329,47.2
15,Field Peas,SPECTRUM CDC,2025,9297,53.1
15,Field Peas,SPRUCE CDC,2021,1227,15.2
15,Field Peas,SPRUCE CDC,2022,979,59.4
15,Field Peas,SPRUCE CDC,2023,467,39.3
15,Field Peas,SPRUCE CDC,2024,,
15,Field Peas,SPRUCE CDC,2025,1015,47.0
15,Field Peas,TOLLEFSON CDC,2021,,
15,Field Peas,TOLLEFSON CDC,2022,,
15,Field Peas,TOLLEFSON CDC,2023,693,35.7
15,Field Peas,TOLLEFSON CDC,2024,3415,42.3
15,Field Peas,TOLLEFSON CDC,2025,4497,46.9
15,Flax,ACC BRIGHT,2021,,
15,Flax,ACC BRIGHT,2022,,
15,Flax,ACC BRIGHT,2023,,
15,Flax,ACC BRIGHT,2024,,
15,Flax,ACC BRIGHT,2025,429,34.0
15,Flax,BETHUNE CDC,2021,3940,7.6
15,Flax,BETHUNE CDC,2022,2444,24.7
15,Flax,BETHUNE CDC,2023,794,19.1
15,Flax,BETHUNE CDC,2024,,
15,Flax,BETHUNE CDC,2025,889,34.3
15,Flax,GLAS CDC,2021,27895,10.4
15,Flax,GLAS CDC,2022,15876,29.8
15,Flax,GLAS CDC,2023,11673,18.8
15,Flax,GLAS CDC,2024,4969,23.0
15,Flax,GLAS CDC,2025,5631,26.4
15,Flax,ROWLAND CDC,2021,1722,10.4
15,Flax,ROWLAND CDC,2022,1916,29.8
15,Flax,ROWLAND CDC,2023,5461,27.8
15,Flax,ROWLAND CDC,2024,5718,26.4
15,Flax,ROWLAND CDC,2025,10438,31.4
15,Flax,SORREL CDC,2021,2002,7.7
15,Flax,SORREL CDC,2022,2009,26.4
15,Flax,SORREL CDC,2023,1054,20.7
15,Flax,SORREL CDC,2024,,
15,Flax,SORREL CDC,2025,709,29.9
15,IP Canola/Rapeseed,B3017N,2021,,
15,IP Canola/Rapeseed,B3017N,2022,,
15,IP Canola/Rapeseed,B3017N,2023,2528,43.4
15,IP Canola/Rapeseed,B3017N,2024,7583,36.5
15,IP Canola/Rapeseed,B3017N,2025,695,32.2
15,IP Canola/Rapeseed,B3018N,2021,,
15,IP Canola/Rapeseed,B3018N,2022,,
15,IP Canola/Rapeseed,B3018N,2023,,
15,IP Canola/Rapeseed,B3018N,2024,6681,38.1
15,IP Canola/Rapeseed,B3018N,2025,7167,46.9
15,IP Canola/Rapeseed,B3901N,2021,,
15,IP Canola/Rapeseed,B3901N,2022,,
15,IP Canola/Rapeseed,B3901N,2023,,
15,IP Canola/Rapeseed,B3901N,2024,,
15,IP Canola/Rapeseed,B3901N,2025,1795,41.8
15,IP Canola/Rapeseed,EVOLVE,2021,2961,15.1
15,IP Canola/Rapeseed,EVOLVE,2022,925,46.5
15,IP Canola/Rapeseed,EVOLVE,2023,1660,54.6
15,IP Canola/Rapeseed,EVOLVE,2024,2037,32.5
15,IP Canola/Rapeseed,EVOLVE,2025,965,36.5
15,IP Canola/Rapeseed,L258HPC,2021,57566,20.0
15,IP Canola/Rapeseed,L258HPC,2022,78119,41.7
15,IP Canola/Rapeseed,L258HPC,2023,36696,38.4
15,IP Canola/Rapeseed,L258HPC,2024,10824,38.0
15,IP Canola/Rapeseed,L258HPC,2025,2987,50.2
15,IP Canola/Rapeseed,L358HPC,2021,,
15,IP Canola/Rapeseed,L358HPC,2022,,
15,IP Canola/Rapeseed,L358HPC,2023,,
15,IP Canola/Rapeseed,L358HPC,2024,113228,37.4
15,IP Canola/Rapeseed,L358HPC,2025,93987,44.0
15,IP Canola/Rapeseed,L359HPC,2021,,
15,IP Canola/Rapeseed,L359HPC,2022,,
15,IP Canola/Rapeseed,L359HPC,2023,72008,40.8
15,IP Canola/Rapeseed,L359HPC,2024,17503,34.3
15,IP Canola/Rapeseed,L359HPC,2025,9894,41.8
15,IP Canola/Rapeseed,V25-3T,2021,3545,16.2
15,IP Canola/Rapeseed,V25-3T,2022,11710,37.8
15,IP Canola/Rapeseed,V25-3T,2023,10801,35.0
15,IP Canola/Rapeseed,V25-3T,2024,1818,29.6
15,IP Canola/Rapeseed,V25-3T,2025,1330,37.8
15,IP Canola/Rapeseed,V25-5T,2021,7299,16.8
15,IP Canola/Rapeseed,V25-5T,2022,10389,32.9
15,IP Canola/Rapeseed,V25-5T,2023,7730,39.1
15,IP Canola/Rapeseed,V25-5T,2024,2310,31.8
15,IP Canola/Rapeseed,V25-5T,2025,2196,54.9
15,IP Canola/Rapeseed,V25-6T,2021,,
15,IP Canola/Rapeseed,V25-6T,2022,,
15,IP Canola/Rapeseed,V25-6T,2023,5635,32.7
15,IP Canola/Rapeseed,V25-6T,2024,8383,35.8
15,IP Canola/Rapeseed,V25-6T,2025,4100,47.4
15,IP Canola/Rapeseed,1028 RR,2021,22782,17.9
15,IP Canola/Rapeseed,1028 RR,2022,14039,38.9
15,IP Canola/Rapeseed,1028 RR,2023,6449,42.7
15,IP Canola/Rapeseed,1028 RR,2024,1703,35.8
15,IP Canola/Rapeseed,1028 RR,2025,1239,38.7
15,Mustard - Yellow,ANDANTE,2021,1381,5.2
15,Mustard - Yellow,ANDANTE,2022,1836,22.8
15,Mustard - Yellow,ANDANTE,2023,2275,17.8
15,Mustard - Yellow,ANDANTE,2024,3221,15.4
15,Mustard - Yellow,ANDANTE,2025,1342,21.8
15,Oats,ANSON CDC,2021,,
15,Oats,ANSON CDC,2022,,
15,Oats,ANSON CDC,2023,,
15,Oats,ANSON CDC,2024,,
15,Oats,ANSON CDC,2025,1059,122.1
15,Oats,ARBORG CDC,2021,1908,48.1
15,Oats,ARBORG CDC,2022,4338,101.4
15,Oats,ARBORG CDC,2023,4343,103.5
15,Oats,ARBORG CDC,2024,10298,103.9
15,Oats,ARBORG CDC,2025,9259,117.9
15,Oats,CAMDEN CS,2021,9283,47.0
15,Oats,CAMDEN CS,2022,11301,114.0
15,Oats,CAMDEN CS,2023,3768,110.2
15,Oats,CAMDEN CS,2024,7524,123.3
15,Oats,CAMDEN CS,2025,5287,133.9
15,Oats,ENDURE CDC,2021,,
15,Oats,ENDURE CDC,2022,1873,122.6
15,Oats,ENDURE CDC,2023,807,101.3
15,Oats,ENDURE CDC,2024,6872,125.9
15,Oats,ENDURE CDC,2025,2897,147.1
15,Oats,HAYMAKER CDC,2021,,
15,Oats,HAYMAKER CDC,2022,781,66.3
15,Oats,HAYMAKER CDC,2023,659,53.3
15,Oats,HAYMAKER CDC,2024,400,68.4
15,Oats,HAYMAKER CDC,2025,467,50.1
15,Oats,MINSTREL CDC,2021,2282,36.5
15,Oats,MINSTREL CDC,2022,1373,102.2
15,Oats,MINSTREL CDC,2023,413,58.4
15,Oats,MINSTREL CDC,2024,1073,107.0
15,Oats,MINSTREL CDC,2025,1460,119.2
15,Oats,MORGAN AC,2021,892,42.0
15,Oats,MORGAN AC,2022,2066,47.4
15,Oats,MORGAN AC,2023,1485,66.1
15,Oats,MORGAN AC,2024,,
15,Oats,MORGAN AC,2025,1006,84.9
15,Oats,ORRIN CDC,2021,2077,55.0
15,Oats,ORRIN CDC,2022,1434,111.5
15,Oats,ORRIN CDC,2023,,
15,Oats,ORRIN CDC,2024,535,113.7
15,Oats,ORRIN CDC,2025,826,116.3
15,Oats,SO-1 CDC,2021,1029,48.2
15,Oats,SO-1 CDC,2022,1191,72.6
15,Oats,SO-1 CDC,2023,861,62.0
15,Oats,SO-1 CDC,2024,917,63.4
15,Oats,SO-1 CDC,2025,788,80.5
15,Wheat,- Canada Prairie ALOTTA,2021,,
15,Wheat,- Canada Prairie ALOTTA,2022,,
15,Wheat,- Canada Prairie ALOTTA,2023,,
15,Wheat,- Canada Prairie ALOTTA,2024,,
15,Wheat,- Canada Prairie ALOTTA,2025,832,94.4
15,Wheat,ANDREW AC,2021,2178,25.7
15,Wheat,ANDREW AC,2022,2565,67.1
15,Wheat,ANDREW AC,2023,3836,59.4
15,Wheat,ANDREW AC,2024,1066,57.4
15,Wheat,ANDREW AC,2025,2541,78.6
15,Wheat,PASTEUR,2021,28650,29.1
15,Wheat,PASTEUR,2022,27534,62.5
15,Wheat,PASTEUR,2023,21912,70.2
15,Wheat,PASTEUR,2024,7894,69.7
15,Wheat,PASTEUR,2025,7394,75.8
15,Wheat,SADASH,2021,600,37.4
15,Wheat,SADASH,2022,1601,51.6
15,Wheat,SADASH,2023,1286,35.5
15,Wheat,SADASH,2024,,
15,Wheat,SADASH,2025,1696,60.1
15,Wheat,SPARROW KWS,2021,,
15,Wheat,SPARROW KWS,2022,577,27.9
15,Wheat,SPARROW KWS,2023,,
15,Wheat,SPARROW KWS,2024,,
15,Wheat,SPARROW KWS,2025,1592,67.2
15,Wheat - Durum,DEFY CDC,2021,779,27.5
15,Wheat - Durum,DEFY CDC,2022,4447,78.9
15,Wheat - Durum,DEFY CDC,2023,9364,49.2
15,Wheat - Durum,DEFY CDC,2024,12671,50.8
15,Wheat - Durum,DEFY CDC,2025,14774,49.1
15,Wheat - Durum,PRECISION CDC,2021,10136,21.5
15,Wheat - Durum,PRECISION CDC,2022,7694,52.1
15,Wheat - Durum,PRECISION CDC,2023,5905,33.6
15,Wheat - Durum,PRECISION CDC,2024,4726,49.9
15,Wheat - Durum,PRECISION CDC,2025,2430,57.0
15,Wheat - Durum,SCHRADER AAC,2021,,
15,Wheat - Durum,SCHRADER AAC,2022,,
15,Wheat - Durum,SCHRADER AAC,2023,,
15,Wheat - Durum,SCHRADER AAC,2024,2146,57.7
15,Wheat - Durum,SCHRADER AAC,2025,5683,44.2
15,Wheat - Durum,SPITFIRE AAC,2021,2100,17.4
15,Wheat - Durum,SPITFIRE AAC,2022,,
15,Wheat - Durum,SPITFIRE AAC,2023,925,29.8
15,Wheat - Durum,SPITFIRE AAC,2024,,
15,Wheat - Durum,SPITFIRE AAC,2025,858,58.7
15,Wheat - Durum,STRONGFIELD,2021,3424,17.6
15,Wheat - Durum,STRONGFIELD,2022,3426,47.7
15,Wheat - Durum,STRONGFIELD,2023,2326,32.3
15,Wheat - Durum,STRONGFIELD,2024,2036,51.2
15,Wheat - Durum,STRONGFIELD,2025,1037,50.9
15,Wheat - Durum,SUCCEED AAC VB,2021,1111,26.0
15,Wheat - Durum,SUCCEED AAC VB,2022,3725,60.5
15,Wheat - Durum,SUCCEED AAC VB,2023,6623,46.8
15,Wheat - Durum,SUCCEED AAC VB,2024,5506,67.4
15,Wheat - Durum,SUCCEED AAC VB,2025,5181,70.2
15,Wheat - Durum,TRANSCEND,2021,7455,19.7
15,Wheat - Durum,TRANSCEND,2022,9122,50.9
15,Wheat - Durum,TRANSCEND,2023,8108,37.6
15,Wheat - Durum,TRANSCEND,2024,9319,52.6
15,Wheat - Durum,TRANSCEND,2025,6973,44.0
15,Wheat - Durum,VANTTA CDC,2021,,
15,Wheat - Durum,VANTTA CDC,2022,,
15,Wheat - Durum,VANTTA CDC,2023,,
15,Wheat - Durum,VANTTA CDC,2024,,
15,Wheat - Durum,VANTTA CDC,2025,2264,48.1
15,Wheat - Durum,WEYBURN VB AAC,2021,,
15,Wheat - Durum,WEYBURN VB AAC,2022,,
15,Wheat - Durum,WEYBURN VB AAC,2023,,
15,Wheat - Durum,WEYBURN VB AAC,2024,1516,57.2
15,Wheat - Durum,WEYBURN VB AAC,2025,1990,53.1
15,Wheat - Hard Red Spring,ALIDA VB AAC,2021,31120,30.7
15,Wheat - Hard Red Spring,ALIDA VB AAC,2022,41277,59.4
15,Wheat - Hard Red Spring,ALIDA VB AAC,2023,43736,53.5
15,Wheat - Hard Red Spring,ALIDA VB AAC,2024,26080,62.5
15,Wheat - Hard Red Spring,ALIDA VB AAC,2025,9222,57.7
15,Wheat - Hard Red Spring,BRANDON AAC,2021,133622,28.0
15,Wheat - Hard Red Spring,BRANDON AAC,2022,140481,52.4
15,Wheat - Hard Red Spring,BRANDON AAC,2023,136248,51.3
15,Wheat - Hard Red Spring,BRANDON AAC,2024,86325,56.4
15,Wheat - Hard Red Spring,BRANDON AAC,2025,81589,56.9
15,Wheat - Hard Red Spring,BROADACRES AAC,2021,,
15,Wheat - Hard Red Spring,BROADACRES AAC,2022,,
15,Wheat - Hard Red Spring,BROADACRES AAC,2023,1036,37.0
15,Wheat - Hard Red Spring,BROADACRES AAC,2024,10713,52.6
15,Wheat - Hard Red Spring,BROADACRES AAC,2025,6564,59.1
15,Wheat - Hard Red Spring,CAMERON AAC,2021,18097,27.2
15,Wheat - Hard Red Spring,CAMERON AAC,2022,19483,51.8
15,Wheat - Hard Red Spring,CAMERON AAC,2023,13803,44.6
15,Wheat - Hard Red Spring,CAMERON AAC,2024,14529,46.2
15,Wheat - Hard Red Spring,CAMERON AAC,2025,8718,48.0
15,Wheat - Hard Red Spring,CARBERRY,2021,16224,24.9
15,Wheat - Hard Red Spring,CARBERRY,2022,20685,40.9
15,Wheat - Hard Red Spring,CARBERRY,2023,13822,42.5
15,Wheat - Hard Red Spring,CARBERRY,2024,11100,45.1
15,Wheat - Hard Red Spring,CARBERRY,2025,11044,49.0
15,Wheat - Hard Red Spring,CARDALE,2021,10009,26.5
15,Wheat - Hard Red Spring,CARDALE,2022,10052,47.9
15,Wheat - Hard Red Spring,CARDALE,2023,10640,44.5
15,Wheat - Hard Red Spring,CARDALE,2024,6338,49.7
15,Wheat - Hard Red Spring,CARDALE,2025,4562,49.8
15,Wheat - Hard Red Spring,ELSA AC,2021,,
15,Wheat - Hard Red Spring,ELSA AC,2022,795,43.8
15,Wheat - Hard Red Spring,ELSA AC,2023,,
15,Wheat - Hard Red Spring,ELSA AC,2024,,
15,Wheat - Hard Red Spring,ELSA AC,2025,740,24.4
15,Wheat - Hard Red Spring,HOCKLEY AAC,2021,,
15,Wheat - Hard Red Spring,HOCKLEY AAC,2022,,
15,Wheat - Hard Red Spring,HOCKLEY AAC,2023,10079,57.8
15,Wheat - Hard Red Spring,HOCKLEY AAC,2024,32307,55.7
15,Wheat - Hard Red Spring,HOCKLEY AAC,2025,41129,57.9
15,Wheat - Hard Red Spring,HODGE AAC VB,2021,,
15,Wheat - Hard Red Spring,HODGE AAC VB,2022,635,59.7
15,Wheat - Hard Red Spring,HODGE AAC VB,2023,10867,61.6
15,Wheat - Hard Red Spring,HODGE AAC VB,2024,46283,62.2
15,Wheat - Hard Red Spring,HODGE AAC VB,2025,55518,56.9
15,Wheat - Hard Red Spring,HUGHES CDC VB,2021,8777,26.3
15,Wheat - Hard Red Spring,HUGHES CDC VB,2022,9218,56.7
15,Wheat - Hard Red Spring,HUGHES CDC VB,2023,8938,49.2
15,Wheat - Hard Red Spring,HUGHES CDC VB,2024,6785,52.6
15,Wheat - Hard Red Spring,HUGHES CDC VB,2025,2026,56.4
15,Wheat - Hard Red Spring,JATHARIA VB AAC,2021,5145,23.5
15,Wheat - Hard Red Spring,JATHARIA VB AAC,2022,3983,57.6
15,Wheat - Hard Red Spring,JATHARIA VB AAC,2023,3983,43.2
15,Wheat - Hard Red Spring,JATHARIA VB AAC,2024,1997,49.4
15,Wheat - Hard Red Spring,JATHARIA VB AAC,2025,1023,45.9
15,Wheat - Hard Red Spring,LANDMARK CDC,2021,98931,28.4
15,Wheat - Hard Red Spring,LANDMARK CDC,2022,83203,58.4
15,Wheat - Hard Red Spring,LANDMARK CDC,2023,62678,50.3
15,Wheat - Hard Red Spring,LANDMARK CDC,2024,42535,56.2
15,Wheat - Hard Red Spring,LANDMARK CDC,2025,22242,60.3
15,Wheat - Hard Red Spring,LEROY AAC VB,2021,8127,27.4
15,Wheat - Hard Red Spring,LEROY AAC VB,2022,17270,53.8
15,Wheat - Hard Red Spring,LEROY AAC VB,2023,35262,50.3
15,Wheat - Hard Red Spring,LEROY AAC VB,2024,24941,54.8
15,Wheat - Hard Red Spring,LEROY AAC VB,2025,16342,55.5
15,Wheat - Hard Red Spring,PLENTIFUL CDC,2021,5701,26.0
15,Wheat - Hard Red Spring,PLENTIFUL CDC,2022,9125,45.6
15,Wheat - Hard Red Spring,PLENTIFUL CDC,2023,9360,40.2
15,Wheat - Hard Red Spring,PLENTIFUL CDC,2024,987,54.9
15,Wheat - Hard Red Spring,PLENTIFUL CDC,2025,552,41.0
15,Wheat - Hard Red Spring,REDBERRY AAC,2021,17694,27.0
15,Wheat - Hard Red Spring,REDBERRY AAC,2022,19601,49.9
15,Wheat - Hard Red Spring,REDBERRY AAC,2023,25335,49.3
15,Wheat - Hard Red Spring,REDBERRY AAC,2024,28320,46.4
15,Wheat - Hard Red Spring,REDBERRY AAC,2025,7707,48.7
15,Wheat - Hard Red Spring,RUSSELL AAC VB,2021,,
15,Wheat - Hard Red Spring,RUSSELL AAC VB,2022,2030,63.4
15,Wheat - Hard Red Spring,RUSSELL AAC VB,2023,3310,62.5
15,Wheat - Hard Red Spring,RUSSELL AAC VB,2024,3103,63.0
15,Wheat - Hard Red Spring,RUSSELL AAC VB,2025,5546,65.9
15,Wheat - Hard Red Spring,SHAW,2021,5506,21.1
15,Wheat - Hard Red Spring,SHAW,2022,8335,42.1
15,Wheat - Hard Red Spring,SHAW,2023,2865,36.2
15,Wheat - Hard Red Spring,SHAW,2024,1758,39.1
15,Wheat - Hard Red Spring,SHAW,2025,1460,46.7
15,Wheat - Hard Red Spring,SILAS CDC,2021,,
15,Wheat - Hard Red Spring,SILAS CDC,2022,,
15,Wheat - Hard Red Spring,SILAS CDC,2023,,
15,Wheat - Hard Red Spring,SILAS CDC,2024,1421,69.0
15,Wheat - Hard Red Spring,SILAS CDC,2025,495,51.7
15,Wheat - Hard Red Spring,STARBUCK AAC VB,2021,12211,34.7
15,Wheat - Hard Red Spring,STARBUCK AAC VB,2022,59154,61.2
15,Wheat - Hard Red Spring,STARBUCK AAC VB,2023,127310,56.3
15,Wheat - Hard Red Spring,STARBUCK AAC VB,2024,189620,60.1
15,Wheat - Hard Red Spring,STARBUCK AAC VB,2025,191984,60.4
15,Wheat - Hard Red Spring,STOUGHTON AAC,2021,,
15,Wheat - Hard Red Spring,STOUGHTON AAC,2022,,
15,Wheat - Hard Red Spring,STOUGHTON AAC,2023,,
15,Wheat - Hard Red Spring,STOUGHTON AAC,2024,,
15,Wheat - Hard Red Spring,STOUGHTON AAC,2025,1435,73.0
15,Wheat - Hard Red Spring,TISDALE AAC,2021,6501,28.0
15,Wheat - Hard Red Spring,TISDALE AAC,2022,6931,45.0
15,Wheat - Hard Red Spring,TISDALE AAC,2023,3514,45.3
15,Wheat - Hard Red Spring,TISDALE AAC,2024,1898,51.5
15,Wheat - Hard Red Spring,TISDALE AAC,2025,1634,53.8
15,Wheat - Hard Red Spring,TITANIUM VB CDC,2021,4805,28.8
15,Wheat - Hard Red Spring,TITANIUM VB CDC,2022,2952,51.1
15,Wheat - Hard Red Spring,TITANIUM VB CDC,2023,2613,44.6
15,Wheat - Hard Red Spring,TITANIUM VB CDC,2024,1409,38.4
15,Wheat - Hard Red Spring,TITANIUM VB CDC,2025,628,26.8
15,Wheat - Hard Red Spring,VIEWFIELD AAC,2021,39345,29.6
15,Wheat - Hard Red Spring,VIEWFIELD AAC,2022,47332,56.2
15,Wheat - Hard Red Spring,VIEWFIELD AAC,2023,56778,55.6
15,Wheat - Hard Red Spring,VIEWFIELD AAC,2024,50242,59.7
15,Wheat - Hard Red Spring,VIEWFIELD AAC,2025,38092,63.6
15,Wheat - Hard Red Spring,WASKADA,2021,623,18.9
15,Wheat - Hard Red Spring,WASKADA,2022,,
15,Wheat - Hard Red Spring,WASKADA,2023,1088,40.5
15,Wheat - Hard Red Spring,WASKADA,2024,1080,44.7
15,Wheat - Hard Red Spring,WASKADA,2025,1065,45.7
15,Wheat - Hard Red Spring,WESTKING AAC,2021,,
15,Wheat - Hard Red Spring,WESTKING AAC,2022,,
15,Wheat - Hard Red Spring,WESTKING AAC,2023,,
15,Wheat - Hard Red Spring,WESTKING AAC,2024,,
15,Wheat - Hard Red Spring,WESTKING AAC,2025,1645,68.1
15,Wheat - Hard Red Spring,WHEATLAND VB AAC,2021,5559,31.7
15,Wheat - Hard Red Spring,WHEATLAND VB AAC,2022,25691,61.1
15,Wheat - Hard Red Spring,WHEATLAND VB AAC,2023,64875,53.8
15,Wheat - Hard Red Spring,WHEATLAND VB AAC,2024,99200,60.4
15,Wheat - Hard Red Spring,WHEATLAND VB AAC,2025,150805,60.5
15,Canary Seed,LUMIO CDC,2021,,
15,Canary Seed,LUMIO CDC,2022,,
15,Canary Seed,LUMIO CDC,2023,,
15,Canary Seed,LUMIO CDC,2024,2051,1292
15,Canary Seed,LUMIO CDC,2025,1549,1065
15,Chickpea,- Large Kabuli ORKNEY CDC,2021,,
15,Chickpea,- Large Kabuli ORKNEY CDC,2022,,
15,Chickpea,- Large Kabuli ORKNEY CDC,2023,,
15,Chickpea,- Large Kabuli ORKNEY CDC,2024,,
15,Chickpea,- Large Kabuli ORKNEY CDC,2025,2574,2474
15,Chickpea,- Small Kabuli PEARL,2021,,
15,Chickpea,- Small Kabuli PEARL,2022,,
15,Chickpea,- Small Kabuli PEARL,2023,,
15,Chickpea,- Small Kabuli PEARL,2024,,
15,Chickpea,- Small Kabuli PEARL,2025,453,2092
15,Lentils - Large Green,GRIMM CDC,2021,,
15,Lentils - Large Green,GRIMM CDC,2022,,
15,Lentils - Large Green,GRIMM CDC,2023,,
15,Lentils - Large Green,GRIMM CDC,2024,,
15,Lentils - Large Green,GRIMM CDC,2025,1393,1464
15,Lentils - Large Green,LIMA CDC,2021,,
15,Lentils - Large Green,LIMA CDC,2022,,
15,Lentils - Large Green,LIMA CDC,2023,539,1402
15,Lentils - Large Green,LIMA CDC,2024,1428,1484
15,Lentils - Large Green,LIMA CDC,2025,996,1892
15,Lentils,- Other JIMINI CDC CL,2021,,
15,Lentils,- Other JIMINI CDC CL,2022,,
15,Lentils,- Other JIMINI CDC CL,2023,,
15,Lentils,- Other JIMINI CDC CL,2024,2958,2202
15,Lentils,- Other JIMINI CDC CL,2025,5077,2489
15,Lentils,MARBLE CDC,2021,,
15,Lentils,MARBLE CDC,2022,1028,2224
15,Lentils,MARBLE CDC,2023,908,1955
15,Lentils,MARBLE CDC,2024,1656,1806
15,Lentils,MARBLE CDC,2025,865,2141
15,Lentils,PERIDOT CDC CL,2021,481,1025
15,Lentils,PERIDOT CDC CL,2022,745,1345
15,Lentils,PERIDOT CDC CL,2023,1832,926
15,Lentils,PERIDOT CDC CL,2024,2269,1834
15,Lentils,PERIDOT CDC CL,2025,1640,1675
15,Lentils - Red,DAZIL CDC,2021,,
15,Lentils - Red,DAZIL CDC,2022,,
15,Lentils - Red,DAZIL CDC,2023,,
15,Lentils - Red,DAZIL CDC,2024,1195,2579
15,Lentils - Red,DAZIL CDC,2025,3155,2778
15,Lentils - Red,IMPULSE,2021,24461,888
15,Lentils - Red,IMPULSE,2022,25912,1929
15,Lentils - Red,IMPULSE,2023,21403,1841
15,Lentils - Red,IMPULSE,2024,26229,1920
15,Lentils - Red,IMPULSE,2025,21511,2041
15,Lentils - Red,MAXIM CDC,2021,21476,922
15,Lentils - Red,MAXIM CDC,2022,14097,1592
15,Lentils - Red,MAXIM CDC,2023,11167,1761
15,Lentils - Red,MAXIM CDC,2024,12954,1603
15,Lentils - Red,MAXIM CDC,2025,8788,1876
15,Lentils - Red,NIMBLE,2021,,
15,Lentils - Red,NIMBLE,2022,2399,1865
15,Lentils - Red,NIMBLE,2023,3678,2326
15,Lentils - Red,NIMBLE,2024,5456,1936
15,Lentils - Red,NIMBLE,2025,11671,2039
15,Lentils - Red,PROCLAIM CDC,2021,12452,1124
15,Lentils - Red,PROCLAIM CDC,2022,12101,1497
15,Lentils - Red,PROCLAIM CDC,2023,14685,1664
15,Lentils - Red,PROCLAIM CDC,2024,26898,1786
15,Lentils - Red,PROCLAIM CDC,2025,25086,2057
15,Lentils - Red,REDMOON,2021,,
15,Lentils - Red,REDMOON,2022,,
15,Lentils - Red,REDMOON,2023,,
15,Lentils - Red,REDMOON,2024,2006,1828
15,Lentils - Red,REDMOON,2025,821,2432
15,Lentils - Red,SIMMIE CDC,2021,1872,1252
15,Lentils - Red,SIMMIE CDC,2022,4562,1858
15,Lentils - Red,SIMMIE CDC,2023,5203,1550
15,Lentils - Red,SIMMIE CDC,2024,11488,1889
15,Lentils - Red,SIMMIE CDC,2025,16339,2000
16,Barley,ADVANTAGE AB,2021,675,33.6
16,Barley,ADVANTAGE AB,2022,694,65.0
16,Barley,ADVANTAGE AB,2023,1698,69.3
16,Barley,ADVANTAGE AB,2024,7137,65.3
16,Barley,ADVANTAGE AB,2025,3503,94.0
16,Barley,ALBRIGHT AC,2021,,
16,Barley,ALBRIGHT AC,2022,,
16,Barley,ALBRIGHT AC,2023,,
16,Barley,ALBRIGHT AC,2024,,
16,Barley,ALBRIGHT AC,2025,700,80.1
16,Barley,ALTORADO,2021,4091,38.2
16,Barley,ALTORADO,2022,3193,51.0
16,Barley,ALTORADO,2023,5868,39.6
16,Barley,ALTORADO,2024,8279,78.3
16,Barley,ALTORADO,2025,7008,112.0
16,Barley,AUSTENSON CDC,2021,40214,23.7
16,Barley,AUSTENSON CDC,2022,35345,44.8
16,Barley,AUSTENSON CDC,2023,32014,35.9
16,Barley,AUSTENSON CDC,2024,30482,62.1
16,Barley,AUSTENSON CDC,2025,22809,91.4
16,Barley,BRAHMA,2021,,
16,Barley,BRAHMA,2022,,
16,Barley,BRAHMA,2023,,
16,Barley,BRAHMA,2024,496,83.7
16,Barley,BRAHMA,2025,2607,124.7
16,Barley,CHURCHILL CDC,2021,,
16,Barley,CHURCHILL CDC,2022,,
16,Barley,CHURCHILL CDC,2023,1808,55.3
16,Barley,CHURCHILL CDC,2024,906,66.8
16,Barley,CHURCHILL CDC,2025,1133,83.1
16,Barley,CLAYMORE,2021,5059,21.1
16,Barley,CLAYMORE,2022,10876,45.4
16,Barley,CLAYMORE,2023,17116,33.4
16,Barley,CLAYMORE,2024,9687,64.0
16,Barley,CLAYMORE,2025,3782,79.8
16,Barley,CONLON,2021,,
16,Barley,CONLON,2022,,
16,Barley,CONLON,2023,1717,43.1
16,Barley,CONLON,2024,4439,66.8
16,Barley,CONLON,2025,3478,99.6
16,Barley,CONNECT AAC,2021,10019,16.1
16,Barley,CONNECT AAC,2022,8986,35.9
16,Barley,CONNECT AAC,2023,12517,40.1
16,Barley,CONNECT AAC,2024,9761,75.4
16,Barley,CONNECT AAC,2025,13934,94.8
16,Barley,COPELAND CDC,2021,63673,21.0
16,Barley,COPELAND CDC,2022,50944,42.1
16,Barley,COPELAND CDC,2023,47773,36.5
16,Barley,COPELAND CDC,2024,19713,63.8
16,Barley,COPELAND CDC,2025,17028,90.1
16,Barley,COWBOY CDC,2021,643,19.1
16,Barley,COWBOY CDC,2022,1367,22.0
16,Barley,COWBOY CDC,2023,1323,16.3
16,Barley,COWBOY CDC,2024,1402,39.5
16,Barley,COWBOY CDC,2025,761,39.9
16,Barley,DURANGO CDC,2021,,
16,Barley,DURANGO CDC,2022,,
16,Barley,DURANGO CDC,2023,,
16,Barley,DURANGO CDC,2024,,
16,Barley,DURANGO CDC,2025,2232,96.9
16,Barley,FRASER CDC,2021,4496,11.4
16,Barley,FRASER CDC,2022,1929,33.4
16,Barley,FRASER CDC,2023,8474,38.6
16,Barley,FRASER CDC,2024,9787,64.8
16,Barley,FRASER CDC,2025,9954,99.5
16,Barley,GOLDSTAR,2021,527,9.8
16,Barley,GOLDSTAR,2022,1490,51.8
16,Barley,GOLDSTAR,2023,3608,45.8
16,Barley,GOLDSTAR,2024,,
16,Barley,GOLDSTAR,2025,,
16,Barley,GOLDSTAR CDC,2021,,
16,Barley,GOLDSTAR CDC,2022,,
16,Barley,GOLDSTAR CDC,2023,,
16,Barley,GOLDSTAR CDC,2024,,
16,Barley,GOLDSTAR CDC,2025,1440,91.0
16,Barley,MAVERICK CDC,2021,3048,22.6
16,Barley,MAVERICK CDC,2022,9030,33.7
16,Barley,MAVERICK CDC,2023,5702,25.7
16,Barley,MAVERICK CDC,2024,7158,40.4
16,Barley,MAVERICK CDC,2025,7530,64.7
16,Barley,METCALFE AC,2021,17140,18.6
16,Barley,METCALFE AC,2022,12393,40.5
16,Barley,METCALFE AC,2023,5896,34.9
16,Barley,METCALFE AC,2024,2728,43.9
16,Barley,METCALFE AC,2025,907,62.5
16,Barley,OREANA,2021,1194,21.1
16,Barley,OREANA,2022,735,55.3
16,Barley,OREANA,2023,2815,43.4
16,Barley,OREANA,2024,2702,66.6
16,Barley,OREANA,2025,3381,102.2
16,Barley,RENEGADE CDC,2021,,
16,Barley,RENEGADE CDC,2022,,
16,Barley,RENEGADE CDC,2023,,
16,Barley,RENEGADE CDC,2024,1675,54.9
16,Barley,RENEGADE CDC,2025,2789,74.4
16,Barley,SYNERGY AAC,2021,38668,20.7
16,Barley,SYNERGY AAC,2022,25000,54.2
16,Barley,SYNERGY AAC,2023,29648,41.8
16,Barley,SYNERGY AAC,2024,27004,72.6
16,Barley,SYNERGY AAC,2025,26423,95.1
16,Canola/Rapeseed,BY 7204LL,2021,,
16,Canola/Rapeseed,BY 7204LL,2022,,
16,Canola/Rapeseed,BY 7204LL,2023,,
16,Canola/Rapeseed,BY 7204LL,2024,4059,26.8
16,Canola/Rapeseed,BY 7204LL,2025,4826,48.5
16,Canola/Rapeseed,B3012,2021,,
16,Canola/Rapeseed,B3012,2022,,
16,Canola/Rapeseed,B3012,2023,2625,24.6
16,Canola/Rapeseed,B3012,2024,5537,31.3
16,Canola/Rapeseed,B3012,2025,795,43.6
16,Canola/Rapeseed,B3020,2021,,
16,Canola/Rapeseed,B3020,2022,,
16,Canola/Rapeseed,B3020,2023,,
16,Canola/Rapeseed,B3020,2024,,
16,Canola/Rapeseed,B3020,2025,3206,40.7
16,Canola/Rapeseed,B4015,2021,,
16,Canola/Rapeseed,B4015,2022,,
16,Canola/Rapeseed,B4015,2023,,
16,Canola/Rapeseed,B4015,2024,,
16,Canola/Rapeseed,B4015,2025,1169,41.4
16,Canola/Rapeseed,CS4000 LL,2021,,
16,Canola/Rapeseed,CS4000 LL,2022,3424,14.6
16,Canola/Rapeseed,CS4000 LL,2023,20130,23.0
16,Canola/Rapeseed,CS4000 LL,2024,13302,35.1
16,Canola/Rapeseed,CS4000 LL,2025,4512,46.3
16,Canola/Rapeseed,CS4100 LL,2021,,
16,Canola/Rapeseed,CS4100 LL,2022,,
16,Canola/Rapeseed,CS4100 LL,2023,,
16,Canola/Rapeseed,CS4100 LL,2024,,
16,Canola/Rapeseed,CS4100 LL,2025,4791,52.4
16,Canola/Rapeseed,DK 801 LL,2021,,
16,Canola/Rapeseed,DK 801 LL,2022,,
16,Canola/Rapeseed,DK 801 LL,2023,,
16,Canola/Rapeseed,DK 801 LL,2024,2499,33.5
16,Canola/Rapeseed,DK 801 LL,2025,12424,49.4
16,Canola/Rapeseed,DKLL 83 SC,2021,,
16,Canola/Rapeseed,DKLL 83 SC,2022,1085,39.2
16,Canola/Rapeseed,DKLL 83 SC,2023,33429,19.8
16,Canola/Rapeseed,DKLL 83 SC,2024,71609,29.4
16,Canola/Rapeseed,DKLL 83 SC,2025,2268,56.8
16,Canola/Rapeseed,DKTFLL 21 SC,2021,4113,11.8
16,Canola/Rapeseed,DKTFLL 21 SC,2022,15372,19.6
16,Canola/Rapeseed,DKTFLL 21 SC,2023,8949,17.5
16,Canola/Rapeseed,DKTFLL 21 SC,2024,16104,23.3
16,Canola/Rapeseed,DKTFLL 21 SC,2025,940,43.2
16,Canola/Rapeseed,DK400TL,2021,,
16,Canola/Rapeseed,DK400TL,2022,,
16,Canola/Rapeseed,DK400TL,2023,,
16,Canola/Rapeseed,DK400TL,2024,34380,29.0
16,Canola/Rapeseed,DK400TL,2025,36943,51.1
16,Canola/Rapeseed,DK401TK,2021,,
16,Canola/Rapeseed,DK401TK,2022,,
16,Canola/Rapeseed,DK401TK,2023,,
16,Canola/Rapeseed,DK401TK,2024,,
16,Canola/Rapeseed,DK401TK,2025,3891,49.2
16,Canola/Rapeseed,DK401TL,2021,,
16,Canola/Rapeseed,DK401TL,2022,,
16,Canola/Rapeseed,DK401TL,2023,,
16,Canola/Rapeseed,DK401TL,2024,,
16,Canola/Rapeseed,DK401TL,2025,908,52.5
16,Canola/Rapeseed,DK800LL,2021,,
16,Canola/Rapeseed,DK800LL,2022,,
16,Canola/Rapeseed,DK800LL,2023,,
16,Canola/Rapeseed,DK800LL,2024,1264,33.1
16,Canola/Rapeseed,DK800LL,2025,14350,53.9
16,Canola/Rapeseed,DK801LL,2021,,
16,Canola/Rapeseed,DK801LL,2022,,
16,Canola/Rapeseed,DK801LL,2023,,
16,Canola/Rapeseed,DK801LL,2024,,
16,Canola/Rapeseed,DK801LL,2025,1680,54.2
16,Canola/Rapeseed,DK901TF,2021,,
16,Canola/Rapeseed,DK901TF,2022,,
16,Canola/Rapeseed,DK901TF,2023,,
16,Canola/Rapeseed,DK901TF,2024,985,20.2
16,Canola/Rapeseed,DK901TF,2025,1048,52.2
16,Canola/Rapeseed,LR354PC,2021,,
16,Canola/Rapeseed,LR354PC,2022,,
16,Canola/Rapeseed,LR354PC,2023,5428,17.1
16,Canola/Rapeseed,LR354PC,2024,7562,29.1
16,Canola/Rapeseed,LR354PC,2025,2051,57.4
16,Canola/Rapeseed,L140P,2021,400,8.3
16,Canola/Rapeseed,L140P,2022,771,16.4
16,Canola/Rapeseed,L140P,2023,3709,28.2
16,Canola/Rapeseed,L140P,2024,5418,38.0
16,Canola/Rapeseed,L140P,2025,2288,50.3
16,Canola/Rapeseed,L233P,2021,248930,14.6
16,Canola/Rapeseed,L233P,2022,257852,20.8
16,Canola/Rapeseed,L233P,2023,172114,23.1
16,Canola/Rapeseed,L233P,2024,77674,32.6
16,Canola/Rapeseed,L233P,2025,46340,52.5
16,Canola/Rapeseed,L234PC,2021,5688,9.2
16,Canola/Rapeseed,L234PC,2022,4231,19.0
16,Canola/Rapeseed,L234PC,2023,1735,17.9
16,Canola/Rapeseed,L234PC,2024,,
16,Canola/Rapeseed,L234PC,2025,5490,47.8
16,Canola/Rapeseed,L330PC,2021,,
16,Canola/Rapeseed,L330PC,2022,,
16,Canola/Rapeseed,L330PC,2023,,
16,Canola/Rapeseed,L330PC,2024,,
16,Canola/Rapeseed,L330PC,2025,27574,51.5
16,Canola/Rapeseed,L333PC,2021,,
16,Canola/Rapeseed,L333PC,2022,,
16,Canola/Rapeseed,L333PC,2023,,
16,Canola/Rapeseed,L333PC,2024,,
16,Canola/Rapeseed,L333PC,2025,18673,49.6
16,Canola/Rapeseed,L340PC,2021,23912,14.2
16,Canola/Rapeseed,L340PC,2022,119362,26.5
16,Canola/Rapeseed,L340PC,2023,210940,24.7
16,Canola/Rapeseed,L340PC,2024,349632,36.1
16,Canola/Rapeseed,L340PC,2025,480029,53.8
16,Canola/Rapeseed,L341PC,2021,,
16,Canola/Rapeseed,L341PC,2022,,
16,Canola/Rapeseed,L341PC,2023,,
16,Canola/Rapeseed,L341PC,2024,,
16,Canola/Rapeseed,L341PC,2025,5964,47.1
16,Canola/Rapeseed,L343PC,2021,,
16,Canola/Rapeseed,L343PC,2022,4666,19.0
16,Canola/Rapeseed,L343PC,2023,19836,22.6
16,Canola/Rapeseed,L343PC,2024,6799,35.6
16,Canola/Rapeseed,L343PC,2025,6905,50.6
16,Canola/Rapeseed,L345PC,2021,209414,13.9
16,Canola/Rapeseed,L345PC,2022,131242,24.9
16,Canola/Rapeseed,L345PC,2023,145465,21.3
16,Canola/Rapeseed,L345PC,2024,87994,36.1
16,Canola/Rapeseed,L345PC,2025,48304,51.6
16,Canola/Rapeseed,L350PC,2021,,
16,Canola/Rapeseed,L350PC,2022,,
16,Canola/Rapeseed,L350PC,2023,48865,22.9
16,Canola/Rapeseed,L350PC,2024,20263,35.4
16,Canola/Rapeseed,L350PC,2025,11635,53.1
16,Canola/Rapeseed,L356PC,2021,,
16,Canola/Rapeseed,L356PC,2022,23212,22.6
16,Canola/Rapeseed,L356PC,2023,46304,25.9
16,Canola/Rapeseed,L356PC,2024,37522,36.2
16,Canola/Rapeseed,L356PC,2025,16270,50.9
16,Canola/Rapeseed,PV 661 LCM,2021,,
16,Canola/Rapeseed,PV 661 LCM,2022,,
16,Canola/Rapeseed,PV 661 LCM,2023,,
16,Canola/Rapeseed,PV 661 LCM,2024,12921,27.2
16,Canola/Rapeseed,PV 661 LCM,2025,4890,45.2
16,Canola/Rapeseed,PV661 LCM,2021,,
16,Canola/Rapeseed,PV661 LCM,2022,,
16,Canola/Rapeseed,PV661 LCM,2023,4463,23.5
16,Canola/Rapeseed,PV661 LCM,2024,12992,24.7
16,Canola/Rapeseed,PV661 LCM,2025,2119,34.8
16,Canola/Rapeseed,P1540L,2021,,
16,Canola/Rapeseed,P1540L,2022,,
16,Canola/Rapeseed,P1540L,2023,,
16,Canola/Rapeseed,P1540L,2024,,
16,Canola/Rapeseed,P1540L,2025,1997,50.0
16,Canola/Rapeseed,P505MSL,2021,8202,13.0
16,Canola/Rapeseed,P505MSL,2022,10130,29.3
16,Canola/Rapeseed,P505MSL,2023,10893,33.6
16,Canola/Rapeseed,P505MSL,2024,18565,31.9
16,Canola/Rapeseed,P505MSL,2025,6406,49.2
16,Canola/Rapeseed,P515G,2021,,
16,Canola/Rapeseed,P515G,2022,,
16,Canola/Rapeseed,P515G,2023,2855,19.2
16,Canola/Rapeseed,P515G,2024,3140,22.2
16,Canola/Rapeseed,P515G,2025,592,41.3
16,Canola/Rapeseed,P519L,2021,,
16,Canola/Rapeseed,P519L,2022,,
16,Canola/Rapeseed,P519L,2023,,
16,Canola/Rapeseed,P519L,2024,,
16,Canola/Rapeseed,P519L,2025,3396,57.9
16,Canola/Rapeseed,P520L,2021,,
16,Canola/Rapeseed,P520L,2022,,
16,Canola/Rapeseed,P520L,2023,,
16,Canola/Rapeseed,P520L,2024,1824,31.6
16,Canola/Rapeseed,P520L,2025,39058,50.0
16,Canola/Rapeseed,P612L,2021,,
16,Canola/Rapeseed,P612L,2022,444,21.4
16,Canola/Rapeseed,P612L,2023,5006,26.9
16,Canola/Rapeseed,P612L,2024,7938,30.8
16,Canola/Rapeseed,P612L,2025,622,32.5
16,Fall Rye,TREBIANO KWS,2021,,
16,Fall Rye,TREBIANO KWS,2022,,
16,Fall Rye,TREBIANO KWS,2023,,
16,Fall Rye,TREBIANO KWS,2024,,
16,Fall Rye,TREBIANO KWS,2025,2320,83.8
16,Field Peas,ACER,2021,,
16,Field Peas,ACER,2022,,
16,Field Peas,ACER,2023,,
16,Field Peas,ACER,2024,2480,17.1
16,Field Peas,ACER,2025,8271,49.8
16,Field Peas,AMARILLO CDC,2021,13150,15.4
16,Field Peas,AMARILLO CDC,2022,8408,21.2
16,Field Peas,AMARILLO CDC,2023,9466,26.2
16,Field Peas,AMARILLO CDC,2024,10566,26.2
16,Field Peas,AMARILLO CDC,2025,8681,48.0
16,Field Peas,ARDILL AAC,2021,12823,18.1
16,Field Peas,ARDILL AAC,2022,11559,24.2
16,Field Peas,ARDILL AAC,2023,10097,24.4
16,Field Peas,ARDILL AAC,2024,10240,33.8
16,Field Peas,ARDILL AAC,2025,12734,52.9
16,Field Peas,BLAZER CDC,2021,3176,14.4
16,Field Peas,BLAZER CDC,2022,2684,15.1
16,Field Peas,BLAZER CDC,2023,2172,22.0
16,Field Peas,BLAZER CDC,2024,6531,31.5
16,Field Peas,BLAZER CDC,2025,10405,48.4
16,Field Peas,CANARY CDC,2021,,
16,Field Peas,CANARY CDC,2022,,
16,Field Peas,CANARY CDC,2023,,
16,Field Peas,CANARY CDC,2024,666,31.1
16,Field Peas,CANARY CDC,2025,1669,48.0
16,Field Peas,CARVER AAC,2021,11274,15.1
16,Field Peas,CARVER AAC,2022,12223,28.3
16,Field Peas,CARVER AAC,2023,11383,27.3
16,Field Peas,CARVER AAC,2024,11382,32.7
16,Field Peas,CARVER AAC,2025,14822,52.3
16,Field Peas,CHROME AAC,2021,8659,15.8
16,Field Peas,CHROME AAC,2022,1955,25.8
16,Field Peas,CHROME AAC,2023,3356,33.9
16,Field Peas,CHROME AAC,2024,3099,34.1
16,Field Peas,CHROME AAC,2025,3329,59.1
16,Field Peas,CITRINE CDC,2021,,
16,Field Peas,CITRINE CDC,2022,,
16,Field Peas,CITRINE CDC,2023,,
16,Field Peas,CITRINE CDC,2024,,
16,Field Peas,CITRINE CDC,2025,2364,55.3
16,Field Peas,FOREST CDC,2021,5503,14.0
16,Field Peas,FOREST CDC,2022,4949,23.0
16,Field Peas,FOREST CDC,2023,4673,27.9
16,Field Peas,FOREST CDC,2024,5160,28.8
16,Field Peas,FOREST CDC,2025,2342,51.4
16,Field Peas,GOLDEN CDC,2021,5645,12.5
16,Field Peas,GOLDEN CDC,2022,3829,17.7
16,Field Peas,GOLDEN CDC,2023,2923,22.6
16,Field Peas,GOLDEN CDC,2024,2321,26.9
16,Field Peas,GOLDEN CDC,2025,744,43.0
16,Field Peas,HICKIE CDC,2021,,
16,Field Peas,HICKIE CDC,2022,,
16,Field Peas,HICKIE CDC,2023,,
16,Field Peas,HICKIE CDC,2024,1652,29.1
16,Field Peas,HICKIE CDC,2025,3590,50.2
16,Field Peas,INCA CDC,2021,15879,15.7
16,Field Peas,INCA CDC,2022,7722,29.3
16,Field Peas,INCA CDC,2023,7456,22.0
16,Field Peas,INCA CDC,2024,5014,28.1
16,Field Peas,INCA CDC,2025,4172,48.3
16,Field Peas,JULIUS AAC,2021,,
16,Field Peas,JULIUS AAC,2022,,
16,Field Peas,JULIUS AAC,2023,,
16,Field Peas,JULIUS AAC,2024,,
16,Field Peas,JULIUS AAC,2025,3061,53.4
16,Field Peas,LACOMBE AAC,2021,,
16,Field Peas,LACOMBE AAC,2022,,
16,Field Peas,LACOMBE AAC,2023,460,45.0
16,Field Peas,LACOMBE AAC,2024,,
16,Field Peas,LACOMBE AAC,2025,404,53.4
16,Field Peas,LEWOCHKO CDC,2021,1897,13.2
16,Field Peas,LEWOCHKO CDC,2022,1535,25.6
16,Field Peas,LEWOCHKO CDC,2023,3146,19.4
16,Field Peas,LEWOCHKO CDC,2024,3178,32.3
16,Field Peas,LEWOCHKO CDC,2025,6686,30.6
16,Field Peas,LIMERICK CDC,2021,6040,13.3
16,Field Peas,LIMERICK CDC,2022,1110,18.9
16,Field Peas,LIMERICK CDC,2023,914,18.7
16,Field Peas,LIMERICK CDC,2024,,
16,Field Peas,LIMERICK CDC,2025,1034,52.6
16,Field Peas,MAPLE,2021,2022,14.6
16,Field Peas,MAPLE,2022,1008,24.5
16,Field Peas,MAPLE,2023,978,17.9
16,Field Peas,MAPLE,2024,2095,26.2
16,Field Peas,MAPLE,2025,2571,43.7
16,Field Peas,MARROWFAT,2021,,
16,Field Peas,MARROWFAT,2022,,
16,Field Peas,MARROWFAT,2023,,
16,Field Peas,MARROWFAT,2024,1030,39.2
16,Field Peas,MARROWFAT,2025,1497,56.8
16,Field Peas,MEADOW CDC,2021,35520,14.9
16,Field Peas,MEADOW CDC,2022,39398,20.6
16,Field Peas,MEADOW CDC,2023,32662,20.9
16,Field Peas,MEADOW CDC,2024,33660,31.4
16,Field Peas,MEADOW CDC,2025,27386,46.1
16,Field Peas,MOSAIC CDC,2021,593,9.3
16,Field Peas,MOSAIC CDC,2022,2188,25.0
16,Field Peas,MOSAIC CDC,2023,2201,30.1
16,Field Peas,MOSAIC CDC,2024,2242,23.9
16,Field Peas,MOSAIC CDC,2025,2976,59.9
16,Field Peas,SPECTRUM CDC,2021,15690,14.7
16,Field Peas,SPECTRUM CDC,2022,6047,27.4
16,Field Peas,SPECTRUM CDC,2023,5739,30.6
16,Field Peas,SPECTRUM CDC,2024,6259,34.6
16,Field Peas,SPECTRUM CDC,2025,7265,50.9
16,Field Peas,SPRUCE CDC,2021,,
16,Field Peas,SPRUCE CDC,2022,,
16,Field Peas,SPRUCE CDC,2023,,
16,Field Peas,SPRUCE CDC,2024,,
16,Field Peas,SPRUCE CDC,2025,990,53.0
16,Field Peas,STRIKER CDC,2021,1289,11.9
16,Field Peas,STRIKER CDC,2022,1540,20.0
16,Field Peas,STRIKER CDC,2023,,
16,Field Peas,STRIKER CDC,2024,1090,21.7
16,Field Peas,STRIKER CDC,2025,700,39.3
16,Flax,BETHUNE CDC,2021,2318,8.0
16,Flax,BETHUNE CDC,2022,3016,12.6
16,Flax,BETHUNE CDC,2023,1261,5.5
16,Flax,BETHUNE CDC,2024,,
16,Flax,BETHUNE CDC,2025,920,23.3
16,Flax,GLAS CDC,2021,36255,8.9
16,Flax,GLAS CDC,2022,37932,15.8
16,Flax,GLAS CDC,2023,11265,14.2
16,Flax,GLAS CDC,2024,5324,24.0
16,Flax,GLAS CDC,2025,9982,36.6
16,Flax,NEELA CDC,2021,1626,12.4
16,Flax,NEELA CDC,2022,1638,8.0
16,Flax,NEELA CDC,2023,467,12.7
16,Flax,NEELA CDC,2024,530,20.9
16,Flax,NEELA CDC,2025,610,41.8
16,Flax,ROWLAND CDC,2021,1241,6.6
16,Flax,ROWLAND CDC,2022,3778,12.8
16,Flax,ROWLAND CDC,2023,5924,13.4
16,Flax,ROWLAND CDC,2024,7163,23.1
16,Flax,ROWLAND CDC,2025,8987,40.4
16,Flax,SORREL CDC,2021,9129,10.0
16,Flax,SORREL CDC,2022,8673,13.3
16,Flax,SORREL CDC,2023,4853,18.0
16,Flax,SORREL CDC,2024,4048,23.0
16,Flax,SORREL CDC,2025,3038,41.6
16,IP Canola/Rapeseed,EVOLVE,2021,5206,16.7
16,IP Canola/Rapeseed,EVOLVE,2022,4001,22.4
16,IP Canola/Rapeseed,EVOLVE,2023,2993,26.8
16,IP Canola/Rapeseed,EVOLVE,2024,1723,28.6
16,IP Canola/Rapeseed,EVOLVE,2025,1150,47.1
16,IP Canola/Rapeseed,L258HPC,2021,33410,12.9
16,IP Canola/Rapeseed,L258HPC,2022,54013,18.4
16,IP Canola/Rapeseed,L258HPC,2023,30055,21.6
16,IP Canola/Rapeseed,L258HPC,2024,15532,33.7
16,IP Canola/Rapeseed,L258HPC,2025,2803,52.9
16,IP Canola/Rapeseed,L358HPC,2021,,
16,IP Canola/Rapeseed,L358HPC,2022,,
16,IP Canola/Rapeseed,L358HPC,2023,,
16,IP Canola/Rapeseed,L358HPC,2024,43612,32.6
16,IP Canola/Rapeseed,L358HPC,2025,59835,50.9
16,IP Canola/Rapeseed,L359HPC,2021,,
16,IP Canola/Rapeseed,L359HPC,2022,,
16,IP Canola/Rapeseed,L359HPC,2023,52268,22.0
16,IP Canola/Rapeseed,L359HPC,2024,16030,31.7
16,IP Canola/Rapeseed,L359HPC,2025,1543,65.7
16,Mustard - Brown,AAC BROWN18,2021,1567,12.4
16,Mustard - Brown,AAC BROWN18,2022,7329,15.9
16,Mustard - Brown,AAC BROWN18,2023,7971,19.0
16,Mustard - Brown,AAC BROWN18,2024,3679,22.2
16,Mustard - Brown,AAC BROWN18,2025,1256,35.3
16,Mustard - Brown,CENTENNIAL BROWN,2021,9050,7.3
16,Mustard - Brown,CENTENNIAL BROWN,2022,14584,10.4
16,Mustard - Brown,CENTENNIAL BROWN,2023,18355,14.9
16,Mustard - Brown,CENTENNIAL BROWN,2024,6041,18.0
16,Mustard - Brown,CENTENNIAL BROWN,2025,5753,21.6
16,Mustard - Yellow,ANDANTE,2021,6421,6.0
16,Mustard - Yellow,ANDANTE,2022,16481,9.1
16,Mustard - Yellow,ANDANTE,2023,9537,9.6
16,Mustard - Yellow,ANDANTE,2024,11063,11.4
16,Mustard - Yellow,ANDANTE,2025,5771,24.9
16,Mustard - Yellow,YELLOW 80 AAC,2021,,
16,Mustard - Yellow,YELLOW 80 AAC,2022,2189,12.0
16,Mustard - Yellow,YELLOW 80 AAC,2023,4529,15.7
16,Mustard - Yellow,YELLOW 80 AAC,2024,10929,17.2
16,Mustard - Yellow,YELLOW 80 AAC,2025,9486,31.0
16,Oats,ARBORG CDC,2021,485,72.1
16,Oats,ARBORG CDC,2022,2201,41.2
16,Oats,ARBORG CDC,2023,4205,49.6
16,Oats,ARBORG CDC,2024,1600,76.7
16,Oats,ARBORG CDC,2025,3120,105.3
16,Oats,ENDURE CDC,2021,,
16,Oats,ENDURE CDC,2022,,
16,Oats,ENDURE CDC,2023,469,50.1
16,Oats,ENDURE CDC,2024,,
16,Oats,ENDURE CDC,2025,1308,109.3
16,Oats,HAYMAKER CDC,2021,,
16,Oats,HAYMAKER CDC,2022,,
16,Oats,HAYMAKER CDC,2023,545,29.0
16,Oats,HAYMAKER CDC,2024,855,38.1
16,Oats,HAYMAKER CDC,2025,2271,91.3
16,Oats,SO-1 CDC,2021,1453,19.6
16,Oats,SO-1 CDC,2022,,
16,Oats,SO-1 CDC,2023,1302,35.9
16,Oats,SO-1 CDC,2024,779,37.5
16,Oats,SO-1 CDC,2025,680,103.9
16,Soybean,GECKO R2X,2021,,
16,Soybean,GECKO R2X,2022,,
16,Soybean,GECKO R2X,2023,,
16,Soybean,GECKO R2X,2024,,
16,Soybean,GECKO R2X,2025,625,25.5
16,Wheat,- Canada Prairie ANDREW AC,2021,14637,24.0
16,Wheat,- Canada Prairie ANDREW AC,2022,16581,42.7
16,Wheat,- Canada Prairie ANDREW AC,2023,12005,31.2
16,Wheat,- Canada Prairie ANDREW AC,2024,14022,48.3
16,Wheat,- Canada Prairie ANDREW AC,2025,11084,67.9
16,Wheat,AWESOME VB AAC,2021,1280,19.1
16,Wheat,AWESOME VB AAC,2022,1697,37.6
16,Wheat,AWESOME VB AAC,2023,4533,42.4
16,Wheat,AWESOME VB AAC,2024,3860,59.4
16,Wheat,AWESOME VB AAC,2025,1343,71.4
16,Wheat,PARAMOUNT AAC,2021,760,13.2
16,Wheat,PARAMOUNT AAC,2022,4413,29.8
16,Wheat,PARAMOUNT AAC,2023,6315,33.7
16,Wheat,PARAMOUNT AAC,2024,6593,43.7
16,Wheat,PARAMOUNT AAC,2025,7879,63.9
16,Wheat,PASTEUR,2021,793,32.8
16,Wheat,PASTEUR,2022,1993,29.6
16,Wheat,PASTEUR,2023,2116,24.9
16,Wheat,PASTEUR,2024,1281,41.9
16,Wheat,PASTEUR,2025,1773,70.2
16,Wheat,SADASH,2021,18342,23.6
16,Wheat,SADASH,2022,17715,51.8
16,Wheat,SADASH,2023,16874,41.5
16,Wheat,SADASH,2024,7399,54.4
16,Wheat,SADASH,2025,8099,70.2
16,Wheat - Durum,ALLOY CDC,2021,10734,13.7
16,Wheat - Durum,ALLOY CDC,2022,20702,20.3
16,Wheat - Durum,ALLOY CDC,2023,15778,16.4
16,Wheat - Durum,ALLOY CDC,2024,12635,34.0
16,Wheat - Durum,ALLOY CDC,2025,17895,53.8
16,Wheat - Durum,AVONLEA AC,2021,,
16,Wheat - Durum,AVONLEA AC,2022,1140,25.3
16,Wheat - Durum,AVONLEA AC,2023,,
16,Wheat - Durum,AVONLEA AC,2024,,
16,Wheat - Durum,AVONLEA AC,2025,2358,58.9
16,Wheat - Durum,BRIGADE,2021,63140,12.5
16,Wheat - Durum,BRIGADE,2022,69135,22.6
16,Wheat - Durum,BRIGADE,2023,79139,15.8
16,Wheat - Durum,BRIGADE,2024,62888,40.1
16,Wheat - Durum,BRIGADE,2025,55960,48.9
16,Wheat - Durum,CONGRESS AAC,2021,6254,15.4
16,Wheat - Durum,CONGRESS AAC,2022,15248,42.1
16,Wheat - Durum,CONGRESS AAC,2023,5694,16.1
16,Wheat - Durum,CONGRESS AAC,2024,7264,36.8
16,Wheat - Durum,CONGRESS AAC,2025,4476,58.9
16,Wheat - Durum,COVERT CDC,2021,,
16,Wheat - Durum,COVERT CDC,2022,,
16,Wheat - Durum,COVERT CDC,2023,,
16,Wheat - Durum,COVERT CDC,2024,3685,44.0
16,Wheat - Durum,COVERT CDC,2025,4889,58.9
16,Wheat - Durum,CREDENCE CDC,2021,10589,13.7
16,Wheat - Durum,CREDENCE CDC,2022,14451,26.6
16,Wheat - Durum,CREDENCE CDC,2023,9866,21.5
16,Wheat - Durum,CREDENCE CDC,2024,10430,48.8
16,Wheat - Durum,CREDENCE CDC,2025,11244,56.8
16,Wheat - Durum,CURRENT AAC,2021,1012,15.8
16,Wheat - Durum,CURRENT AAC,2022,3253,20.2
16,Wheat - Durum,CURRENT AAC,2023,909,19.3
16,Wheat - Durum,CURRENT AAC,2024,,
16,Wheat - Durum,CURRENT AAC,2025,666,62.7
16,Wheat - Durum,DEFY CDC,2021,932,13.7
16,Wheat - Durum,DEFY CDC,2022,5741,16.5
16,Wheat - Durum,DEFY CDC,2023,39262,22.2
16,Wheat - Durum,DEFY CDC,2024,81882,45.0
16,Wheat - Durum,DEFY CDC,2025,98900,59.8
16,Wheat - Durum,DESIRE CDC,2021,2937,7.4
16,Wheat - Durum,DESIRE CDC,2022,3209,11.5
16,Wheat - Durum,DESIRE CDC,2023,3570,13.7
16,Wheat - Durum,DESIRE CDC,2024,3061,25.0
16,Wheat - Durum,DESIRE CDC,2025,1715,27.8
16,Wheat - Durum,DONLOW AAC,2021,,
16,Wheat - Durum,DONLOW AAC,2022,,
16,Wheat - Durum,DONLOW AAC,2023,1133,22.5
16,Wheat - Durum,DONLOW AAC,2024,1310,48.3
16,Wheat - Durum,DONLOW AAC,2025,1667,49.9
16,Wheat - Durum,DYNAMIC CDC,2021,17057,11.4
16,Wheat - Durum,DYNAMIC CDC,2022,20793,29.9
16,Wheat - Durum,DYNAMIC CDC,2023,20608,17.0
16,Wheat - Durum,DYNAMIC CDC,2024,9590,38.8
16,Wheat - Durum,DYNAMIC CDC,2025,6300,62.7
16,Wheat - Durum,ENTERPRISE,2021,2399,16.7
16,Wheat - Durum,ENTERPRISE,2022,2041,20.1
16,Wheat - Durum,ENTERPRISE,2023,2540,20.5
16,Wheat - Durum,ENTERPRISE,2024,2882,36.3
16,Wheat - Durum,ENTERPRISE,2025,4653,49.1
16,Wheat - Durum,FLARE CDC,2021,,
16,Wheat - Durum,FLARE CDC,2022,8059,23.0
16,Wheat - Durum,FLARE CDC,2023,14017,22.8
16,Wheat - Durum,FLARE CDC,2024,12567,41.4
16,Wheat - Durum,FLARE CDC,2025,19142,56.7
16,Wheat - Durum,FORTITUDE CDC,2021,18275,14.4
16,Wheat - Durum,FORTITUDE CDC,2022,22948,27.2
16,Wheat - Durum,FORTITUDE CDC,2023,17936,22.5
16,Wheat - Durum,FORTITUDE CDC,2024,14165,45.6
16,Wheat - Durum,FORTITUDE CDC,2025,10263,63.9
16,Wheat - Durum,GOLDNET AAC,2021,,
16,Wheat - Durum,GOLDNET AAC,2022,,
16,Wheat - Durum,GOLDNET AAC,2023,,
16,Wheat - Durum,GOLDNET AAC,2024,1270,35.1
16,Wheat - Durum,GOLDNET AAC,2025,2211,68.9
16,Wheat - Durum,GRAINLAND AAC,2021,,
16,Wheat - Durum,GRAINLAND AAC,2022,5940,14.8
16,Wheat - Durum,GRAINLAND AAC,2023,7762,18.9
16,Wheat - Durum,GRAINLAND AAC,2024,12870,38.1
16,Wheat - Durum,GRAINLAND AAC,2025,27324,58.0
16,Wheat - Durum,PRECISION CDC,2021,95749,12.5
16,Wheat - Durum,PRECISION CDC,2022,110623,26.0
16,Wheat - Durum,PRECISION CDC,2023,119559,18.9
16,Wheat - Durum,PRECISION CDC,2024,111493,47.4
16,Wheat - Durum,PRECISION CDC,2025,89581,61.6
16,Wheat - Durum,SCHRADER AAC,2021,,
16,Wheat - Durum,SCHRADER AAC,2022,,
16,Wheat - Durum,SCHRADER AAC,2023,,
16,Wheat - Durum,SCHRADER AAC,2024,3784,56.5
16,Wheat - Durum,SCHRADER AAC,2025,29343,62.7
16,Wheat - Durum,SPITFIRE AAC,2021,73120,12.9
16,Wheat - Durum,SPITFIRE AAC,2022,88419,25.5
16,Wheat - Durum,SPITFIRE AAC,2023,79671,24.1
16,Wheat - Durum,SPITFIRE AAC,2024,70185,41.7
16,Wheat - Durum,SPITFIRE AAC,2025,73190,59.4
16,Wheat - Durum,STRONGFIELD,2021,44001,14.0
16,Wheat - Durum,STRONGFIELD,2022,24192,25.1
16,Wheat - Durum,STRONGFIELD,2023,19966,21.7
16,Wheat - Durum,STRONGFIELD,2024,17923,40.5
16,Wheat - Durum,STRONGFIELD,2025,20729,51.2
16,Wheat - Durum,STRONGHOLD AAC,2021,5202,11.1
16,Wheat - Durum,STRONGHOLD AAC,2022,8524,18.0
16,Wheat - Durum,STRONGHOLD AAC,2023,20216,24.0
16,Wheat - Durum,STRONGHOLD AAC,2024,22388,43.4
16,Wheat - Durum,STRONGHOLD AAC,2025,25273,59.9
16,Wheat - Durum,TRANSCEND,2021,96436,14.0
16,Wheat - Durum,TRANSCEND,2022,109273,27.3
16,Wheat - Durum,TRANSCEND,2023,97037,20.9
16,Wheat - Durum,TRANSCEND,2024,90891,40.8
16,Wheat - Durum,TRANSCEND,2025,85486,51.7
16,Wheat - Durum,VANTTA CDC,2021,,
16,Wheat - Durum,VANTTA CDC,2022,,
16,Wheat - Durum,VANTTA CDC,2023,,
16,Wheat - Durum,VANTTA CDC,2024,465,43.2
16,Wheat - Durum,VANTTA CDC,2025,1514,72.3
16,Wheat - Durum,VERONA CDC,2021,12340,15.5
16,Wheat - Durum,VERONA CDC,2022,12871,29.5
16,Wheat - Durum,VERONA CDC,2023,8125,21.6
16,Wheat - Durum,VERONA CDC,2024,8928,43.3
16,Wheat - Durum,VERONA CDC,2025,4164,49.2
16,Wheat - Durum,WEYBURN VB AAC,2021,,
16,Wheat - Durum,WEYBURN VB AAC,2022,,
16,Wheat - Durum,WEYBURN VB AAC,2023,1828,23.5
16,Wheat - Durum,WEYBURN VB AAC,2024,7224,53.9
16,Wheat - Durum,WEYBURN VB AAC,2025,13885,58.8
16,Wheat - Hard Red Spring,ADAMANT,2021,,
16,Wheat - Hard Red Spring,ADAMANT,2022,,
16,Wheat - Hard Red Spring,ADAMANT,2023,,
16,Wheat - Hard Red Spring,ADAMANT,2024,,
16,Wheat - Hard Red Spring,ADAMANT,2025,985,56.2
16,Wheat - Hard Red Spring,ALIDA VB AAC,2021,34304,21.7
16,Wheat - Hard Red Spring,ALIDA VB AAC,2022,43614,26.9
16,Wheat - Hard Red Spring,ALIDA VB AAC,2023,42286,33.2
16,Wheat - Hard Red Spring,ALIDA VB AAC,2024,23252,47.0
16,Wheat - Hard Red Spring,ALIDA VB AAC,2025,16860,55.9
16,Wheat - Hard Red Spring,BARRIE AC,2021,2178,14.2
16,Wheat - Hard Red Spring,BARRIE AC,2022,8302,43.9
16,Wheat - Hard Red Spring,BARRIE AC,2023,1556,18.5
16,Wheat - Hard Red Spring,BARRIE AC,2024,807,22.7
16,Wheat - Hard Red Spring,BARRIE AC,2025,3842,39.6
16,Wheat - Hard Red Spring,BOLLES,2021,482,21.8
16,Wheat - Hard Red Spring,BOLLES,2022,659,32.6
16,Wheat - Hard Red Spring,BOLLES,2023,563,42.6
16,Wheat - Hard Red Spring,BOLLES,2024,565,59.0
16,Wheat - Hard Red Spring,BOLLES,2025,733,69.4
16,Wheat - Hard Red Spring,BRANDON AAC,2021,236105,22.5
16,Wheat - Hard Red Spring,BRANDON AAC,2022,328239,34.4
16,Wheat - Hard Red Spring,BRANDON AAC,2023,346294,32.1
16,Wheat - Hard Red Spring,BRANDON AAC,2024,337945,48.2
16,Wheat - Hard Red Spring,BRANDON AAC,2025,280266,59.8
16,Wheat - Hard Red Spring,BROADACRES AAC,2021,,
16,Wheat - Hard Red Spring,BROADACRES AAC,2022,,
16,Wheat - Hard Red Spring,BROADACRES AAC,2023,1903,33.8
16,Wheat - Hard Red Spring,BROADACRES AAC,2024,11762,44.9
16,Wheat - Hard Red Spring,BROADACRES AAC,2025,12628,58.1
16,Wheat - Hard Red Spring,CARBERRY,2021,7788,16.3
16,Wheat - Hard Red Spring,CARBERRY,2022,9232,26.0
16,Wheat - Hard Red Spring,CARBERRY,2023,13951,30.5
16,Wheat - Hard Red Spring,CARBERRY,2024,8362,45.4
16,Wheat - Hard Red Spring,CARBERRY,2025,5014,47.9
16,Wheat - Hard Red Spring,CARDALE,2021,10908,16.2
16,Wheat - Hard Red Spring,CARDALE,2022,10388,21.8
16,Wheat - Hard Red Spring,CARDALE,2023,8437,26.1
16,Wheat - Hard Red Spring,CARDALE,2024,6447,41.8
16,Wheat - Hard Red Spring,CARDALE,2025,5783,56.4
16,Wheat - Hard Red Spring,ELIE AAC,2021,14331,25.3
16,Wheat - Hard Red Spring,ELIE AAC,2022,21803,32.9
16,Wheat - Hard Red Spring,ELIE AAC,2023,25134,34.0
16,Wheat - Hard Red Spring,ELIE AAC,2024,18526,48.2
16,Wheat - Hard Red Spring,ELIE AAC,2025,29401,56.3
16,Wheat - Hard Red Spring,GLENN,2021,8180,17.2
16,Wheat - Hard Red Spring,GLENN,2022,5985,15.7
16,Wheat - Hard Red Spring,GLENN,2023,6510,19.9
16,Wheat - Hard Red Spring,GLENN,2024,,
16,Wheat - Hard Red Spring,GLENN,2025,4954,36.7
16,Wheat - Hard Red Spring,GOODEVE AC,2021,,
16,Wheat - Hard Red Spring,GOODEVE AC,2022,854,13.0
16,Wheat - Hard Red Spring,GOODEVE AC,2023,,
16,Wheat - Hard Red Spring,GOODEVE AC,2024,,
16,Wheat - Hard Red Spring,GOODEVE AC,2025,1502,36.6
16,Wheat - Hard Red Spring,HOCKLEY AAC,2021,,
16,Wheat - Hard Red Spring,HOCKLEY AAC,2022,,
16,Wheat - Hard Red Spring,HOCKLEY AAC,2023,2552,27.8
16,Wheat - Hard Red Spring,HOCKLEY AAC,2024,8206,51.2
16,Wheat - Hard Red Spring,HOCKLEY AAC,2025,25234,63.9
16,Wheat - Hard Red Spring,HODGE AAC VB,2021,,
16,Wheat - Hard Red Spring,HODGE AAC VB,2022,,
16,Wheat - Hard Red Spring,HODGE AAC VB,2023,9203,38.6
16,Wheat - Hard Red Spring,HODGE AAC VB,2024,36537,51.4
16,Wheat - Hard Red Spring,HODGE AAC VB,2025,43506,64.6
16,Wheat - Hard Red Spring,HUGHES CDC VB,2021,4468,15.6
16,Wheat - Hard Red Spring,HUGHES CDC VB,2022,9435,30.6
16,Wheat - Hard Red Spring,HUGHES CDC VB,2023,11480,31.6
16,Wheat - Hard Red Spring,HUGHES CDC VB,2024,15656,48.2
16,Wheat - Hard Red Spring,HUGHES CDC VB,2025,4463,66.4
16,Wheat - Hard Red Spring,JATHARIA VB AAC,2021,8575,19.0
16,Wheat - Hard Red Spring,JATHARIA VB AAC,2022,5683,24.4
16,Wheat - Hard Red Spring,JATHARIA VB AAC,2023,2229,18.9
16,Wheat - Hard Red Spring,JATHARIA VB AAC,2024,2597,41.7
16,Wheat - Hard Red Spring,JATHARIA VB AAC,2025,1121,46.4
16,Wheat - Hard Red Spring,LANDMARK CDC,2021,52591,19.1
16,Wheat - Hard Red Spring,LANDMARK CDC,2022,49489,31.4
16,Wheat - Hard Red Spring,LANDMARK CDC,2023,24920,33.6
16,Wheat - Hard Red Spring,LANDMARK CDC,2024,14508,48.5
16,Wheat - Hard Red Spring,LANDMARK CDC,2025,16501,60.7
16,Wheat - Hard Red Spring,LEROY AAC VB,2021,10070,19.5
16,Wheat - Hard Red Spring,LEROY AAC VB,2022,30320,33.5
16,Wheat - Hard Red Spring,LEROY AAC VB,2023,19820,27.9
16,Wheat - Hard Red Spring,LEROY AAC VB,2024,10719,45.6
16,Wheat - Hard Red Spring,LEROY AAC VB,2025,9118,70.3
16,Wheat - Hard Red Spring,ORTONA CDC,2021,559,27.3
16,Wheat - Hard Red Spring,ORTONA CDC,2022,3102,37.5
16,Wheat - Hard Red Spring,ORTONA CDC,2023,1745,32.0
16,Wheat - Hard Red Spring,ORTONA CDC,2024,1712,30.5
16,Wheat - Hard Red Spring,ORTONA CDC,2025,1234,44.4
16,Wheat - Hard Red Spring,PLENTIFUL CDC,2021,14066,20.8
16,Wheat - Hard Red Spring,PLENTIFUL CDC,2022,21870,31.2
16,Wheat - Hard Red Spring,PLENTIFUL CDC,2023,21446,26.3
16,Wheat - Hard Red Spring,PLENTIFUL CDC,2024,17957,47.8
16,Wheat - Hard Red Spring,PLENTIFUL CDC,2025,10800,57.7
16,Wheat - Hard Red Spring,PREVAIL VB AAC,2021,3124,20.5
16,Wheat - Hard Red Spring,PREVAIL VB AAC,2022,2355,28.9
16,Wheat - Hard Red Spring,PREVAIL VB AAC,2023,2289,32.8
16,Wheat - Hard Red Spring,PREVAIL VB AAC,2024,,
16,Wheat - Hard Red Spring,PREVAIL VB AAC,2025,945,58.6
16,Wheat - Hard Red Spring,REDBERRY AAC,2021,4292,20.4
16,Wheat - Hard Red Spring,REDBERRY AAC,2022,7487,34.3
16,Wheat - Hard Red Spring,REDBERRY AAC,2023,11018,35.0
16,Wheat - Hard Red Spring,REDBERRY AAC,2024,7479,43.1
16,Wheat - Hard Red Spring,REDBERRY AAC,2025,6585,55.8
16,Wheat - Hard Red Spring,SHAW,2021,3087,21.2
16,Wheat - Hard Red Spring,SHAW,2022,2990,22.8
16,Wheat - Hard Red Spring,SHAW,2023,1801,21.1
16,Wheat - Hard Red Spring,SHAW,2024,3256,39.9
16,Wheat - Hard Red Spring,SHAW,2025,451,47.0
16,Wheat - Hard Red Spring,STANLEY CDC,2021,8826,17.4
16,Wheat - Hard Red Spring,STANLEY CDC,2022,7145,23.6
16,Wheat - Hard Red Spring,STANLEY CDC,2023,5814,25.7
16,Wheat - Hard Red Spring,STANLEY CDC,2024,2857,33.2
16,Wheat - Hard Red Spring,STANLEY CDC,2025,3270,45.0
16,Wheat - Hard Red Spring,STARBUCK AAC VB,2021,11500,20.1
16,Wheat - Hard Red Spring,STARBUCK AAC VB,2022,44145,30.4
16,Wheat - Hard Red Spring,STARBUCK AAC VB,2023,69845,31.9
16,Wheat - Hard Red Spring,STARBUCK AAC VB,2024,81200,50.7
16,Wheat - Hard Red Spring,STARBUCK AAC VB,2025,68192,66.5
16,Wheat - Hard Red Spring,STETTLER,2021,4868,23.4
16,Wheat - Hard Red Spring,STETTLER,2022,2141,27.6
16,Wheat - Hard Red Spring,STETTLER,2023,4913,23.8
16,Wheat - Hard Red Spring,STETTLER,2024,2116,23.3
16,Wheat - Hard Red Spring,STETTLER,2025,1055,42.1
16,Wheat - Hard Red Spring,SUCCESSION CLPLUS !,2021,,
16,Wheat - Hard Red Spring,SUCCESSION CLPLUS !,2022,2265,34.6
16,Wheat - Hard Red Spring,SUCCESSION CLPLUS !,2023,1750,35.1
16,Wheat - Hard Red Spring,SUCCESSION CLPLUS !,2024,404,60.3
16,Wheat - Hard Red Spring,SUCCESSION CLPLUS !,2025,629,59.4
16,Wheat - Hard Red Spring,SY CAST,2021,,
16,Wheat - Hard Red Spring,SY CAST,2022,1130,29.9
16,Wheat - Hard Red Spring,SY CAST,2023,1903,35.0
16,Wheat - Hard Red Spring,SY CAST,2024,3192,49.5
16,Wheat - Hard Red Spring,SY CAST,2025,4421,55.8
16,Wheat - Hard Red Spring,TITANIUM VB CDC,2021,7896,21.7
16,Wheat - Hard Red Spring,TITANIUM VB CDC,2022,6818,33.4
16,Wheat - Hard Red Spring,TITANIUM VB CDC,2023,9121,18.8
16,Wheat - Hard Red Spring,TITANIUM VB CDC,2024,3530,42.2
16,Wheat - Hard Red Spring,TITANIUM VB CDC,2025,778,71.0
16,Wheat - Hard Red Spring,TORACH SY,2021,1555,18.9
16,Wheat - Hard Red Spring,TORACH SY,2022,413,25.7
16,Wheat - Hard Red Spring,TORACH SY,2023,2024,34.1
16,Wheat - Hard Red Spring,TORACH SY,2024,2144,56.2
16,Wheat - Hard Red Spring,TORACH SY,2025,2055,61.8
16,Wheat - Hard Red Spring,UTMOST CDC,2021,9830,19.4
16,Wheat - Hard Red Spring,UTMOST CDC,2022,12231,31.1
16,Wheat - Hard Red Spring,UTMOST CDC,2023,4349,28.7
16,Wheat - Hard Red Spring,UTMOST CDC,2024,2138,38.1
16,Wheat - Hard Red Spring,UTMOST CDC,2025,1876,61.5
16,Wheat - Hard Red Spring,VIEWFIELD AAC,2021,26637,22.3
16,Wheat - Hard Red Spring,VIEWFIELD AAC,2022,44386,37.7
16,Wheat - Hard Red Spring,VIEWFIELD AAC,2023,39861,37.9
16,Wheat - Hard Red Spring,VIEWFIELD AAC,2024,39159,50.0
16,Wheat - Hard Red Spring,VIEWFIELD AAC,2025,40281,71.9
16,Wheat - Hard Red Spring,WESTKING AAC,2021,,
16,Wheat - Hard Red Spring,WESTKING AAC,2022,,
16,Wheat - Hard Red Spring,WESTKING AAC,2023,,
16,Wheat - Hard Red Spring,WESTKING AAC,2024,,
16,Wheat - Hard Red Spring,WESTKING AAC,2025,1450,78.3
16,Wheat - Hard Red Spring,WHEATLAND VB AAC,2021,9461,24.2
16,Wheat - Hard Red Spring,WHEATLAND VB AAC,2022,36299,37.1
16,Wheat - Hard Red Spring,WHEATLAND VB AAC,2023,65704,32.5
16,Wheat - Hard Red Spring,WHEATLAND VB AAC,2024,81645,50.1
16,Wheat - Hard Red Spring,WHEATLAND VB AAC,2025,84517,66.4
16,Wheat - Hard Red Spring,859 WR,2021,1925,26.9
16,Wheat - Hard Red Spring,859 WR,2022,2252,25.3
16,Wheat - Hard Red Spring,859 WR,2023,1750,19.6
16,Wheat - Hard Red Spring,859 WR,2024,1887,20.6
16,Wheat - Hard Red Spring,859 WR,2025,2314,26.6
16,Wheat - Winter,WILDFIRE AAC,2021,,
16,Wheat - Winter,WILDFIRE AAC,2022,,
16,Wheat - Winter,WILDFIRE AAC,2023,,
16,Wheat - Winter,WILDFIRE AAC,2024,879,53.8
16,Wheat - Winter,WILDFIRE AAC,2025,872,49.3
16,Canary Seed,CALVI CDC,2021,15196,487
16,Canary Seed,CALVI CDC,2022,6487,758
16,Canary Seed,CALVI CDC,2023,4987,619
16,Canary Seed,CALVI CDC,2024,3961,1195
16,Canary Seed,CALVI CDC,2025,5962,1867
16,Canary Seed,CANTATE,2021,10416,545
16,Canary Seed,CANTATE,2022,7880,580
16,Canary Seed,CANTATE,2023,7221,789
16,Canary Seed,CANTATE,2024,4509,1396
16,Canary Seed,CANTATE,2025,3144,2668
16,Canary Seed,CIBO CDC,2021,17009,443
16,Canary Seed,CIBO CDC,2022,9937,739
16,Canary Seed,CIBO CDC,2023,13024,875
16,Canary Seed,CIBO CDC,2024,19274,1567
16,Canary Seed,CIBO CDC,2025,20118,1922
16,Canary Seed,COMMON,2021,5671,485
16,Canary Seed,COMMON,2022,4823,465
16,Canary Seed,COMMON,2023,3596,602
16,Canary Seed,COMMON,2024,3242,1354
16,Canary Seed,COMMON,2025,4859,2105
16,Canary Seed,KEET,2021,17448,549
16,Canary Seed,KEET,2022,16780,666
16,Canary Seed,KEET,2023,12549,741
16,Canary Seed,KEET,2024,15649,1426
16,Canary Seed,KEET,2025,21043,2039
16,Canary Seed,LUMIO CDC,2021,6721,472
16,Canary Seed,LUMIO CDC,2022,10015,1085
16,Canary Seed,LUMIO CDC,2023,11782,774
16,Canary Seed,LUMIO CDC,2024,19631,1662
16,Canary Seed,LUMIO CDC,2025,40082,2249
16,Canary Seed,TOGO CDC,2021,1465,470
16,Canary Seed,TOGO CDC,2022,2351,606
16,Canary Seed,TOGO CDC,2023,835,494
16,Canary Seed,TOGO CDC,2024,,
16,Canary Seed,TOGO CDC,2025,955,1698
16,Chickpea,- Desi CONSUL CDC,2021,,
16,Chickpea,- Desi CONSUL CDC,2022,,
16,Chickpea,- Desi CONSUL CDC,2023,,
16,Chickpea,- Desi CONSUL CDC,2024,,
16,Chickpea,- Desi CONSUL CDC,2025,640,2086
16,Chickpea,- Large Kabuli LANCER CDC,2021,,
16,Chickpea,- Large Kabuli LANCER CDC,2022,,
16,Chickpea,- Large Kabuli LANCER CDC,2023,,
16,Chickpea,- Large Kabuli LANCER CDC,2024,,
16,Chickpea,- Large Kabuli LANCER CDC,2025,1815,2612
16,Chickpea,LEADER CDC,2021,5238,933
16,Chickpea,LEADER CDC,2022,9152,906
16,Chickpea,LEADER CDC,2023,13467,1237
16,Chickpea,LEADER CDC,2024,14948,2055
16,Chickpea,LEADER CDC,2025,24848,2956
16,Chickpea,ORION CDC,2021,1455,972
16,Chickpea,ORION CDC,2022,,
16,Chickpea,ORION CDC,2023,1631,1371
16,Chickpea,ORION CDC,2024,4070,1947
16,Chickpea,ORION CDC,2025,3480,2888
16,Chickpea,ORKNEY CDC,2021,,
16,Chickpea,ORKNEY CDC,2022,,
16,Chickpea,ORKNEY CDC,2023,585,1323
16,Chickpea,ORKNEY CDC,2024,3152,2216
16,Chickpea,ORKNEY CDC,2025,10207,2981
16,Chickpea,PASQUA CDC,2021,,
16,Chickpea,PASQUA CDC,2022,,
16,Chickpea,PASQUA CDC,2023,,
16,Chickpea,PASQUA CDC,2024,,
16,Chickpea,PASQUA CDC,2025,1306,2941
16,Chickpea,- Small Kabuli PEARL,2021,,
16,Chickpea,- Small Kabuli PEARL,2022,,
16,Chickpea,- Small Kabuli PEARL,2023,,
16,Chickpea,- Small Kabuli PEARL,2024,,
16,Chickpea,- Small Kabuli PEARL,2025,1090,3177
16,Lentils - Large Green,GREENLAND CDC,2021,20290,686
16,Lentils - Large Green,GREENLAND CDC,2022,22601,569
16,Lentils - Large Green,GREENLAND CDC,2023,18139,886
16,Lentils - Large Green,GREENLAND CDC,2024,22358,1038
16,Lentils - Large Green,GREENLAND CDC,2025,30030,1905
16,Lentils - Large Green,GREENSTAR CDC,2021,21130,681
16,Lentils - Large Green,GREENSTAR CDC,2022,19318,650
16,Lentils - Large Green,GREENSTAR CDC,2023,28448,895
16,Lentils - Large Green,GREENSTAR CDC,2024,38356,1105
16,Lentils - Large Green,GREENSTAR CDC,2025,27767,2383
16,Lentils - Large Green,GRIMM CDC,2021,,
16,Lentils - Large Green,GRIMM CDC,2022,,
16,Lentils - Large Green,GRIMM CDC,2023,,
16,Lentils - Large Green,GRIMM CDC,2024,7853,1186
16,Lentils - Large Green,GRIMM CDC,2025,6458,1876
16,Lentils - Large Green,IMPOWER CDC CL,2021,12057,624
16,Lentils - Large Green,IMPOWER CDC CL,2022,10277,474
16,Lentils - Large Green,IMPOWER CDC CL,2023,5431,1034
16,Lentils - Large Green,IMPOWER CDC CL,2024,2884,787
16,Lentils - Large Green,IMPOWER CDC CL,2025,5567,1612
16,Lentils - Large Green,IMPROVE CDC,2021,4041,739
16,Lentils - Large Green,IMPROVE CDC,2022,3520,600
16,Lentils - Large Green,IMPROVE CDC,2023,2018,855
16,Lentils - Large Green,IMPROVE CDC,2024,5465,1243
16,Lentils - Large Green,IMPROVE CDC,2025,2316,2044
16,Lentils - Large Green,LAIRD,2021,1935,653
16,Lentils - Large Green,LAIRD,2022,2446,602
16,Lentils - Large Green,LAIRD,2023,5575,915
16,Lentils - Large Green,LAIRD,2024,2410,1157
16,Lentils - Large Green,LAIRD,2025,5344,2288
16,Lentils - Large Green,LIMA CDC,2021,7318,624
16,Lentils - Large Green,LIMA CDC,2022,12836,758
16,Lentils - Large Green,LIMA CDC,2023,21146,908
16,Lentils - Large Green,LIMA CDC,2024,39114,1100
16,Lentils - Large Green,LIMA CDC,2025,45006,2094
16,Lentils,- Other BELUGA,2021,550,441
16,Lentils,- Other BELUGA,2022,1295,514
16,Lentils,- Other BELUGA,2023,2787,547
16,Lentils,- Other BELUGA,2024,4725,888
16,Lentils,- Other BELUGA,2025,5609,1717
16,Lentils,ESTON,2021,,
16,Lentils,ESTON,2022,640,450
16,Lentils,ESTON,2023,2520,622
16,Lentils,ESTON,2024,3443,836
16,Lentils,ESTON,2025,4690,1775
16,Lentils,IMVINCIBLE CDC CL,2021,15794,699
16,Lentils,IMVINCIBLE CDC CL,2022,12229,690
16,Lentils,IMVINCIBLE CDC CL,2023,12822,950
16,Lentils,IMVINCIBLE CDC CL,2024,18609,1224
16,Lentils,IMVINCIBLE CDC CL,2025,13580,1814
16,Lentils,INDIANHEAD,2021,,
16,Lentils,INDIANHEAD,2022,,
16,Lentils,INDIANHEAD,2023,637,725
16,Lentils,INDIANHEAD,2024,726,445
16,Lentils,INDIANHEAD,2025,1685,1360
16,Lentils,JIMINI CDC CL,2021,,
16,Lentils,JIMINI CDC CL,2022,,
16,Lentils,JIMINI CDC CL,2023,,
16,Lentils,JIMINI CDC CL,2024,6251,948
16,Lentils,JIMINI CDC CL,2025,17471,2077
16,Lentils,KERMIT CDC,2021,7870,595
16,Lentils,KERMIT CDC,2022,3926,816
16,Lentils,KERMIT CDC,2023,9009,941
16,Lentils,KERMIT CDC,2024,11529,950
16,Lentils,KERMIT CDC,2025,12256,2469
16,Lentils,MARBLE CDC,2021,575,745
16,Lentils,MARBLE CDC,2022,1505,443
16,Lentils,MARBLE CDC,2023,3400,1116
16,Lentils,MARBLE CDC,2024,1964,351
16,Lentils,MARBLE CDC,2025,2274,1925
16,Lentils,- Other SB-4 CDC,2021,,
16,Lentils,- Other SB-4 CDC,2022,,
16,Lentils,- Other SB-4 CDC,2023,1469,1082
16,Lentils,- Other SB-4 CDC,2024,1177,1380
16,Lentils,- Other SB-4 CDC,2025,1296,864
16,Lentils,VICEROY CDC,2021,4155,966
16,Lentils,VICEROY CDC,2022,7211,873
16,Lentils,VICEROY CDC,2023,6749,769
16,Lentils,VICEROY CDC,2024,9640,807
16,Lentils,VICEROY CDC,2025,5605,1587
16,Lentils - Red,CRIMSON,2021,3680,703
16,Lentils - Red,CRIMSON,2022,5695,708
16,Lentils - Red,CRIMSON,2023,3623,1197
16,Lentils - Red,CRIMSON,2024,3225,1197
16,Lentils - Red,CRIMSON,2025,5020,1960
16,Lentils - Red,DAZIL CDC,2021,17335,681
16,Lentils - Red,DAZIL CDC,2022,17227,897
16,Lentils - Red,DAZIL CDC,2023,10435,1206
16,Lentils - Red,DAZIL CDC,2024,10675,1111
16,Lentils - Red,DAZIL CDC,2025,10354,2273
16,Lentils - Red,IMPACT CDC,2021,4608,666
16,Lentils - Red,IMPACT CDC,2022,11872,1186
16,Lentils - Red,IMPACT CDC,2023,4199,1074
16,Lentils - Red,IMPACT CDC,2024,8048,1184
16,Lentils - Red,IMPACT CDC,2025,5717,1958
16,Lentils - Red,IMPERIAL CDC,2021,1302,1329
16,Lentils - Red,IMPERIAL CDC,2022,,
16,Lentils - Red,IMPERIAL CDC,2023,,
16,Lentils - Red,IMPERIAL CDC,2024,,
16,Lentils - Red,IMPERIAL CDC,2025,2877,1806
16,Lentils - Red,IMPULSE,2021,81367,851
16,Lentils - Red,IMPULSE,2022,87311,1038
16,Lentils - Red,IMPULSE,2023,66154,1232
16,Lentils - Red,IMPULSE,2024,71118,1179
16,Lentils - Red,IMPULSE,2025,49630,2291
16,Lentils - Red,MAXIM CDC,2021,331078,811
16,Lentils - Red,MAXIM CDC,2022,316789,1047
16,Lentils - Red,MAXIM CDC,2023,231145,1162
16,Lentils - Red,MAXIM CDC,2024,212834,1162
16,Lentils - Red,MAXIM CDC,2025,173010,2224
16,Lentils - Red,MONARCH CDC,2021,,
16,Lentils - Red,MONARCH CDC,2022,,
16,Lentils - Red,MONARCH CDC,2023,,
16,Lentils - Red,MONARCH CDC,2024,,
16,Lentils - Red,MONARCH CDC,2025,1365,2593
16,Lentils - Red,NIMBLE,2021,,
16,Lentils - Red,NIMBLE,2022,4084,1224
16,Lentils - Red,NIMBLE,2023,46082,1296
16,Lentils - Red,NIMBLE,2024,21260,1153
16,Lentils - Red,NIMBLE,2025,40786,2359
16,Lentils - Red,PROCLAIM CDC,2021,62911,917
16,Lentils - Red,PROCLAIM CDC,2022,83869,1067
16,Lentils - Red,PROCLAIM CDC,2023,73494,1287
16,Lentils - Red,PROCLAIM CDC,2024,73787,1290
16,Lentils - Red,PROCLAIM CDC,2025,57945,2515
16,Lentils - Red,REDMOON,2021,26737,602
16,Lentils - Red,REDMOON,2022,57425,944
16,Lentils - Red,REDMOON,2023,35395,1190
16,Lentils - Red,REDMOON,2024,40263,884
16,Lentils - Red,REDMOON,2025,23189,2313
16,Lentils - Red,SIMMIE CDC,2021,8938,785
16,Lentils - Red,SIMMIE CDC,2022,26094,1049
16,Lentils - Red,SIMMIE CDC,2023,48623,1036
16,Lentils - Red,SIMMIE CDC,2024,61057,1109
16,Lentils - Red,SIMMIE CDC,2025,64456,2366
17,Barley,ADVANTAGE AB,2021,984,42.8
17,Barley,ADVANTAGE AB,2022,731,88.9
17,Barley,ADVANTAGE AB,2023,945,85.0
17,Barley,ADVANTAGE AB,2024,985,83.2
17,Barley,ADVANTAGE AB,2025,1406,102.8
17,Barley,ALTORADO,2021,970,74.0
17,Barley,ALTORADO,2022,1250,78.7
17,Barley,ALTORADO,2023,449,97.5
17,Barley,ALTORADO,2024,875,78.5
17,Barley,ALTORADO,2025,1671,84.5
17,Barley,AUSTENSON CDC,2021,57934,55.5
17,Barley,AUSTENSON CDC,2022,38608,85.0
17,Barley,AUSTENSON CDC,2023,50527,76.9
17,Barley,AUSTENSON CDC,2024,29490,82.6
17,Barley,AUSTENSON CDC,2025,22940,87.5
17,Barley,CHAMPION,2021,,
17,Barley,CHAMPION,2022,779,76.1
17,Barley,CHAMPION,2023,968,69.5
17,Barley,CHAMPION,2024,,
17,Barley,CHAMPION,2025,411,76.3
17,Barley,CHURCHILL CDC,2021,551,38.7
17,Barley,CHURCHILL CDC,2022,2198,96.8
17,Barley,CHURCHILL CDC,2023,7180,83.9
17,Barley,CHURCHILL CDC,2024,16630,101.0
17,Barley,CHURCHILL CDC,2025,18273,112.7
17,Barley,CLAYMORE,2021,20606,65.7
17,Barley,CLAYMORE,2022,13926,84.1
17,Barley,CLAYMORE,2023,12773,72.5
17,Barley,CLAYMORE,2024,5096,77.5
17,Barley,CLAYMORE,2025,3002,87.5
17,Barley,CONNECT AAC,2021,35058,49.7
17,Barley,CONNECT AAC,2022,30508,90.0
17,Barley,CONNECT AAC,2023,57156,86.1
17,Barley,CONNECT AAC,2024,40513,86.4
17,Barley,CONNECT AAC,2025,39939,98.3
17,Barley,COPELAND CDC,2021,78647,47.9
17,Barley,COPELAND CDC,2022,49422,80.9
17,Barley,COPELAND CDC,2023,39256,89.5
17,Barley,COPELAND CDC,2024,29452,84.7
17,Barley,COPELAND CDC,2025,22536,94.6
17,Barley,DURANGO CDC,2021,,
17,Barley,DURANGO CDC,2022,,
17,Barley,DURANGO CDC,2023,,
17,Barley,DURANGO CDC,2024,836,95.4
17,Barley,DURANGO CDC,2025,5885,103.6
17,Barley,ESMA,2021,,
17,Barley,ESMA,2022,,
17,Barley,ESMA,2023,2937,78.2
17,Barley,ESMA,2024,1958,86.1
17,Barley,ESMA,2025,2126,97.4
17,Barley,FRASER CDC,2021,24568,53.7
17,Barley,FRASER CDC,2022,22832,88.7
17,Barley,FRASER CDC,2023,42442,83.6
17,Barley,FRASER CDC,2024,20482,88.0
17,Barley,FRASER CDC,2025,18463,94.1
17,Barley,GOLDSTAR,2021,,
17,Barley,GOLDSTAR,2022,,
17,Barley,GOLDSTAR,2023,3236,85.6
17,Barley,GOLDSTAR,2024,,
17,Barley,GOLDSTAR,2025,,
17,Barley,GOLDSTAR CDC,2021,,
17,Barley,GOLDSTAR CDC,2022,,
17,Barley,GOLDSTAR CDC,2023,,
17,Barley,GOLDSTAR CDC,2024,1875,74.9
17,Barley,GOLDSTAR CDC,2025,2666,99.9
17,Barley,HAGUE AB,2021,,
17,Barley,HAGUE AB,2022,424,88.5
17,Barley,HAGUE AB,2023,1447,70.8
17,Barley,HAGUE AB,2024,445,72.9
17,Barley,HAGUE AB,2025,615,67.7
17,Barley,LEGACY,2021,17076,44.9
17,Barley,LEGACY,2022,12476,88.4
17,Barley,LEGACY,2023,17508,88.0
17,Barley,LEGACY,2024,13554,89.6
17,Barley,LEGACY,2025,8977,96.1
17,Barley,MAVERICK CDC,2021,,
17,Barley,MAVERICK CDC,2022,,
17,Barley,MAVERICK CDC,2023,,
17,Barley,MAVERICK CDC,2024,,
17,Barley,MAVERICK CDC,2025,431,55.4
17,Barley,NEWDALE,2021,6503,59.6
17,Barley,NEWDALE,2022,5558,88.9
17,Barley,NEWDALE,2023,2887,102.1
17,Barley,NEWDALE,2024,1236,88.8
17,Barley,NEWDALE,2025,885,88.6
17,Barley,OREANA,2021,13721,63.5
17,Barley,OREANA,2022,6411,76.1
17,Barley,OREANA,2023,5467,89.0
17,Barley,OREANA,2024,2272,74.9
17,Barley,OREANA,2025,1750,108.7
17,Barley,RATTAN CDC,2021,,
17,Barley,RATTAN CDC,2022,,
17,Barley,RATTAN CDC,2023,,
17,Barley,RATTAN CDC,2024,,
17,Barley,RATTAN CDC,2025,460,90.8
17,Barley,SYNERGY AAC,2021,111626,52.7
17,Barley,SYNERGY AAC,2022,88726,96.0
17,Barley,SYNERGY AAC,2023,113039,84.1
17,Barley,SYNERGY AAC,2024,95674,93.5
17,Barley,SYNERGY AAC,2025,76857,100.3
17,Canola/Rapeseed,BY 5125CL,2021,3274,25.0
17,Canola/Rapeseed,BY 5125CL,2022,5476,41.9
17,Canola/Rapeseed,BY 5125CL,2023,11748,41.3
17,Canola/Rapeseed,BY 5125CL,2024,5390,33.5
17,Canola/Rapeseed,BY 5125CL,2025,5623,36.2
17,Canola/Rapeseed,BY 6211TF,2021,,
17,Canola/Rapeseed,BY 6211TF,2022,7546,51.9
17,Canola/Rapeseed,BY 6211TF,2023,23149,50.5
17,Canola/Rapeseed,BY 6211TF,2024,15334,41.9
17,Canola/Rapeseed,BY 6211TF,2025,12911,47.7
17,Canola/Rapeseed,BY 6214TF,2021,,
17,Canola/Rapeseed,BY 6214TF,2022,,
17,Canola/Rapeseed,BY 6214TF,2023,854,44.7
17,Canola/Rapeseed,BY 6214TF,2024,3274,38.7
17,Canola/Rapeseed,BY 6214TF,2025,2006,46.4
17,Canola/Rapeseed,BY 6217TF,2021,,
17,Canola/Rapeseed,BY 6217TF,2022,,
17,Canola/Rapeseed,BY 6217TF,2023,3903,48.1
17,Canola/Rapeseed,BY 6217TF,2024,4217,36.4
17,Canola/Rapeseed,BY 6217TF,2025,8815,44.9
17,Canola/Rapeseed,BY 7204LL,2021,,
17,Canola/Rapeseed,BY 7204LL,2022,,
17,Canola/Rapeseed,BY 7204LL,2023,,
17,Canola/Rapeseed,BY 7204LL,2024,3143,37.6
17,Canola/Rapeseed,BY 7204LL,2025,14241,46.8
17,Canola/Rapeseed,B3010M,2021,9362,28.1
17,Canola/Rapeseed,B3010M,2022,6256,46.6
17,Canola/Rapeseed,B3010M,2023,2583,54.7
17,Canola/Rapeseed,B3010M,2024,3080,43.5
17,Canola/Rapeseed,B3010M,2025,1344,38.3
17,Canola/Rapeseed,B3012,2021,,
17,Canola/Rapeseed,B3012,2022,,
17,Canola/Rapeseed,B3012,2023,8276,49.2
17,Canola/Rapeseed,B3012,2024,9664,40.0
17,Canola/Rapeseed,B3012,2025,3165,41.6
17,Canola/Rapeseed,B3019,2021,,
17,Canola/Rapeseed,B3019,2022,,
17,Canola/Rapeseed,B3019,2023,,
17,Canola/Rapeseed,B3019,2024,575,44.5
17,Canola/Rapeseed,B3019,2025,8681,44.9
17,Canola/Rapeseed,B3020,2021,,
17,Canola/Rapeseed,B3020,2022,,
17,Canola/Rapeseed,B3020,2023,,
17,Canola/Rapeseed,B3020,2024,632,38.8
17,Canola/Rapeseed,B3020,2025,3095,42.8
17,Canola/Rapeseed,B4015,2021,,
17,Canola/Rapeseed,B4015,2022,,
17,Canola/Rapeseed,B4015,2023,,
17,Canola/Rapeseed,B4015,2024,8152,34.8
17,Canola/Rapeseed,B4015,2025,12141,39.3
17,Canola/Rapeseed,CP21L3C,2021,,
17,Canola/Rapeseed,CP21L3C,2022,,
17,Canola/Rapeseed,CP21L3C,2023,,
17,Canola/Rapeseed,CP21L3C,2024,2660,45.9
17,Canola/Rapeseed,CP21L3C,2025,3446,44.5
17,Canola/Rapeseed,CS2800 CL,2021,,
17,Canola/Rapeseed,CS2800 CL,2022,,
17,Canola/Rapeseed,CS2800 CL,2023,,
17,Canola/Rapeseed,CS2800 CL,2024,,
17,Canola/Rapeseed,CS2800 CL,2025,1138,49.2
17,Canola/Rapeseed,CS3100 TF,2021,,
17,Canola/Rapeseed,CS3100 TF,2022,,
17,Canola/Rapeseed,CS3100 TF,2023,1731,45.8
17,Canola/Rapeseed,CS3100 TF,2024,3482,42.7
17,Canola/Rapeseed,CS3100 TF,2025,1889,42.4
17,Canola/Rapeseed,CS3200 TF,2021,,
17,Canola/Rapeseed,CS3200 TF,2022,,
17,Canola/Rapeseed,CS3200 TF,2023,,
17,Canola/Rapeseed,CS3200 TF,2024,1079,46.4
17,Canola/Rapeseed,CS3200 TF,2025,11749,52.2
17,Canola/Rapeseed,CS3300 TF,2021,,
17,Canola/Rapeseed,CS3300 TF,2022,,
17,Canola/Rapeseed,CS3300 TF,2023,,
17,Canola/Rapeseed,CS3300 TF,2024,,
17,Canola/Rapeseed,CS3300 TF,2025,7531,49.2
17,Canola/Rapeseed,CS4000 LL,2021,,
17,Canola/Rapeseed,CS4000 LL,2022,5855,46.7
17,Canola/Rapeseed,CS4000 LL,2023,7881,49.4
17,Canola/Rapeseed,CS4000 LL,2024,15205,43.5
17,Canola/Rapeseed,CS4000 LL,2025,10846,52.7
17,Canola/Rapeseed,CS4100 LL,2021,,
17,Canola/Rapeseed,CS4100 LL,2022,,
17,Canola/Rapeseed,CS4100 LL,2023,,
17,Canola/Rapeseed,CS4100 LL,2024,,
17,Canola/Rapeseed,CS4100 LL,2025,6358,45.4
17,Canola/Rapeseed,DK 801 LL,2021,,
17,Canola/Rapeseed,DK 801 LL,2022,,
17,Canola/Rapeseed,DK 801 LL,2023,,
17,Canola/Rapeseed,DK 801 LL,2024,,
17,Canola/Rapeseed,DK 801 LL,2025,6834,49.4
17,Canola/Rapeseed,DK401TK,2021,,
17,Canola/Rapeseed,DK401TK,2022,,
17,Canola/Rapeseed,DK401TK,2023,,
17,Canola/Rapeseed,DK401TK,2024,,
17,Canola/Rapeseed,DK401TK,2025,7951,49.6
17,Canola/Rapeseed,DK401TL,2021,,
17,Canola/Rapeseed,DK401TL,2022,,
17,Canola/Rapeseed,DK401TL,2023,,
17,Canola/Rapeseed,DK401TL,2024,,
17,Canola/Rapeseed,DK401TL,2025,7273,52.6
17,Canola/Rapeseed,DK800LL,2021,,
17,Canola/Rapeseed,DK800LL,2022,,
17,Canola/Rapeseed,DK800LL,2023,,
17,Canola/Rapeseed,DK800LL,2024,,
17,Canola/Rapeseed,DK800LL,2025,19933,51.7
17,Canola/Rapeseed,DK801LL,2021,,
17,Canola/Rapeseed,DK801LL,2022,,
17,Canola/Rapeseed,DK801LL,2023,,
17,Canola/Rapeseed,DK801LL,2024,,
17,Canola/Rapeseed,DK801LL,2025,3617,48.3
17,Canola/Rapeseed,DK900TF,2021,,
17,Canola/Rapeseed,DK900TF,2022,,
17,Canola/Rapeseed,DK900TF,2023,19940,51.1
17,Canola/Rapeseed,DK900TF,2024,37967,39.4
17,Canola/Rapeseed,DK900TF,2025,41823,47.7
17,Canola/Rapeseed,DK901TF,2021,,
17,Canola/Rapeseed,DK901TF,2022,,
17,Canola/Rapeseed,DK901TF,2023,1652,49.9
17,Canola/Rapeseed,DK901TF,2024,2347,41.6
17,Canola/Rapeseed,DK901TF,2025,2920,48.2
17,Canola/Rapeseed,DK902TF,2021,,
17,Canola/Rapeseed,DK902TF,2022,,
17,Canola/Rapeseed,DK902TF,2023,11508,51.5
17,Canola/Rapeseed,DK902TF,2024,52119,39.3
17,Canola/Rapeseed,DK902TF,2025,38951,48.5
17,Canola/Rapeseed,LR354PC,2021,,
17,Canola/Rapeseed,LR354PC,2022,,
17,Canola/Rapeseed,LR354PC,2023,3108,54.9
17,Canola/Rapeseed,LR354PC,2024,7471,44.4
17,Canola/Rapeseed,LR354PC,2025,7814,47.7
17,Canola/Rapeseed,L230,2021,38170,28.8
17,Canola/Rapeseed,L230,2022,743,57.8
17,Canola/Rapeseed,L230,2023,1688,53.5
17,Canola/Rapeseed,L230,2024,1036,43.7
17,Canola/Rapeseed,L230,2025,794,44.5
17,Canola/Rapeseed,L233P,2021,181796,29.2
17,Canola/Rapeseed,L233P,2022,147844,52.4
17,Canola/Rapeseed,L233P,2023,115093,55.0
17,Canola/Rapeseed,L233P,2024,57696,40.1
17,Canola/Rapeseed,L233P,2025,17497,45.7
17,Canola/Rapeseed,L234PC,2021,13038,29.7
17,Canola/Rapeseed,L234PC,2022,5925,48.5
17,Canola/Rapeseed,L234PC,2023,627,51.1
17,Canola/Rapeseed,L234PC,2024,2665,44.8
17,Canola/Rapeseed,L234PC,2025,887,35.8
17,Canola/Rapeseed,L330PC,2021,,
17,Canola/Rapeseed,L330PC,2022,,
17,Canola/Rapeseed,L330PC,2023,,
17,Canola/Rapeseed,L330PC,2024,,
17,Canola/Rapeseed,L330PC,2025,33704,50.4
17,Canola/Rapeseed,L333PC,2021,,
17,Canola/Rapeseed,L333PC,2022,,
17,Canola/Rapeseed,L333PC,2023,,
17,Canola/Rapeseed,L333PC,2024,,
17,Canola/Rapeseed,L333PC,2025,31516,51.1
17,Canola/Rapeseed,L340PC,2021,81385,31.2
17,Canola/Rapeseed,L340PC,2022,212583,53.0
17,Canola/Rapeseed,L340PC,2023,272567,54.5
17,Canola/Rapeseed,L340PC,2024,329298,43.3
17,Canola/Rapeseed,L340PC,2025,334610,50.9
17,Canola/Rapeseed,L341PC,2021,,
17,Canola/Rapeseed,L341PC,2022,,
17,Canola/Rapeseed,L341PC,2023,,
17,Canola/Rapeseed,L341PC,2024,,
17,Canola/Rapeseed,L341PC,2025,458,45.4
17,Canola/Rapeseed,L343PC,2021,,
17,Canola/Rapeseed,L343PC,2022,26170,52.2
17,Canola/Rapeseed,L343PC,2023,33195,53.7
17,Canola/Rapeseed,L343PC,2024,31554,47.1
17,Canola/Rapeseed,L343PC,2025,30605,54.1
17,Canola/Rapeseed,L345PC,2021,73508,28.1
17,Canola/Rapeseed,L345PC,2022,48748,53.7
17,Canola/Rapeseed,L345PC,2023,47523,54.9
17,Canola/Rapeseed,L345PC,2024,47909,44.3
17,Canola/Rapeseed,L345PC,2025,25540,53.6
17,Canola/Rapeseed,L350PC,2021,,
17,Canola/Rapeseed,L350PC,2022,,
17,Canola/Rapeseed,L350PC,2023,41138,54.9
17,Canola/Rapeseed,L350PC,2024,23982,42.9
17,Canola/Rapeseed,L350PC,2025,28440,52.7
17,Canola/Rapeseed,L356PC,2021,,
17,Canola/Rapeseed,L356PC,2022,42120,52.0
17,Canola/Rapeseed,L356PC,2023,56037,52.8
17,Canola/Rapeseed,L356PC,2024,91056,45.0
17,Canola/Rapeseed,L356PC,2025,79005,50.8
17,Canola/Rapeseed,L357P,2021,25972,26.1
17,Canola/Rapeseed,L357P,2022,30434,54.7
17,Canola/Rapeseed,L357P,2023,35044,55.0
17,Canola/Rapeseed,L357P,2024,436,39.2
17,Canola/Rapeseed,L357P,2025,1118,52.9
17,Canola/Rapeseed,PV 661 LCM,2021,,
17,Canola/Rapeseed,PV 661 LCM,2022,,
17,Canola/Rapeseed,PV 661 LCM,2023,,
17,Canola/Rapeseed,PV 661 LCM,2024,6656,39.2
17,Canola/Rapeseed,PV 661 LCM,2025,5726,44.2
17,Canola/Rapeseed,PV 681 LC,2021,15588,24.6
17,Canola/Rapeseed,PV 681 LC,2022,12342,45.0
17,Canola/Rapeseed,PV 681 LC,2023,10849,45.5
17,Canola/Rapeseed,PV 681 LC,2024,4729,37.0
17,Canola/Rapeseed,PV 681 LC,2025,2278,40.8
17,Canola/Rapeseed,PV 760 TM,2021,4302,25.6
17,Canola/Rapeseed,PV 760 TM,2022,3670,42.9
17,Canola/Rapeseed,PV 760 TM,2023,1247,50.3
17,Canola/Rapeseed,PV 760 TM,2024,817,39.7
17,Canola/Rapeseed,PV 760 TM,2025,1125,44.9
17,Canola/Rapeseed,PV 761 TM,2021,54730,23.8
17,Canola/Rapeseed,PV 761 TM,2022,56246,44.7
17,Canola/Rapeseed,PV 761 TM,2023,35031,44.7
17,Canola/Rapeseed,PV 761 TM,2024,16820,34.7
17,Canola/Rapeseed,PV 761 TM,2025,9269,44.7
17,Canola/Rapeseed,PV 780 TC,2021,482,21.5
17,Canola/Rapeseed,PV 780 TC,2022,974,41.7
17,Canola/Rapeseed,PV 780 TC,2023,708,45.2
17,Canola/Rapeseed,PV 780 TC,2024,621,46.5
17,Canola/Rapeseed,PV 780 TC,2025,1586,58.2
17,Canola/Rapeseed,PV 781 TCM,2021,,
17,Canola/Rapeseed,PV 781 TCM,2022,1351,44.6
17,Canola/Rapeseed,PV 781 TCM,2023,37923,46.5
17,Canola/Rapeseed,PV 781 TCM,2024,34692,34.7
17,Canola/Rapeseed,PV 781 TCM,2025,20595,41.8
17,Canola/Rapeseed,PV 782 TCN,2021,,
17,Canola/Rapeseed,PV 782 TCN,2022,,
17,Canola/Rapeseed,PV 782 TCN,2023,,
17,Canola/Rapeseed,PV 782 TCN,2024,747,32.8
17,Canola/Rapeseed,PV 782 TCN,2025,660,39.4
17,Canola/Rapeseed,PV661 LCM,2021,,
17,Canola/Rapeseed,PV661 LCM,2022,,
17,Canola/Rapeseed,PV661 LCM,2023,2807,48.5
17,Canola/Rapeseed,PV661 LCM,2024,3645,40.0
17,Canola/Rapeseed,PV661 LCM,2025,4284,41.4
17,Canola/Rapeseed,PV783,2021,,
17,Canola/Rapeseed,PV783,2022,,
17,Canola/Rapeseed,PV783,2023,,
17,Canola/Rapeseed,PV783,2024,,
17,Canola/Rapeseed,PV783,2025,12741,45.3
17,Canola/Rapeseed,P1530G,2021,,
17,Canola/Rapeseed,P1530G,2022,,
17,Canola/Rapeseed,P1530G,2023,,
17,Canola/Rapeseed,P1530G,2024,,
17,Canola/Rapeseed,P1530G,2025,2665,51.7
17,Canola/Rapeseed,P1540L,2021,,
17,Canola/Rapeseed,P1540L,2022,,
17,Canola/Rapeseed,P1540L,2023,,
17,Canola/Rapeseed,P1540L,2024,,
17,Canola/Rapeseed,P1540L,2025,2943,50.3
17,Canola/Rapeseed,P501L,2021,32211,28.7
17,Canola/Rapeseed,P501L,2022,11256,47.7
17,Canola/Rapeseed,P501L,2023,10640,51.8
17,Canola/Rapeseed,P501L,2024,1977,41.9
17,Canola/Rapeseed,P501L,2025,475,39.7
17,Canola/Rapeseed,P505MSL,2021,5012,32.6
17,Canola/Rapeseed,P505MSL,2022,3294,49.5
17,Canola/Rapeseed,P505MSL,2023,11629,53.5
17,Canola/Rapeseed,P505MSL,2024,14094,39.5
17,Canola/Rapeseed,P505MSL,2025,12900,49.4
17,Canola/Rapeseed,P508CL,2021,,
17,Canola/Rapeseed,P508CL,2022,,
17,Canola/Rapeseed,P508CL,2023,,
17,Canola/Rapeseed,P508CL,2024,,
17,Canola/Rapeseed,P508CL,2025,14459,47.5
17,Canola/Rapeseed,P508MCL,2021,19452,27.7
17,Canola/Rapeseed,P508MCL,2022,15495,49.4
17,Canola/Rapeseed,P508MCL,2023,15954,49.5
17,Canola/Rapeseed,P508MCL,2024,15376,39.9
17,Canola/Rapeseed,P508MCL,2025,8396,47.8
17,Canola/Rapeseed,P510G,2021,,
17,Canola/Rapeseed,P510G,2022,,
17,Canola/Rapeseed,P510G,2023,,
17,Canola/Rapeseed,P510G,2024,4028,39.9
17,Canola/Rapeseed,P510G,2025,2197,46.1
17,Canola/Rapeseed,P514CL,2021,,
17,Canola/Rapeseed,P514CL,2022,,
17,Canola/Rapeseed,P514CL,2023,8319,50.5
17,Canola/Rapeseed,P514CL,2024,4919,38.5
17,Canola/Rapeseed,P514CL,2025,2628,50.7
17,Canola/Rapeseed,P515G,2021,,
17,Canola/Rapeseed,P515G,2022,,
17,Canola/Rapeseed,P515G,2023,3410,48.9
17,Canola/Rapeseed,P515G,2024,54484,39.0
17,Canola/Rapeseed,P515G,2025,34804,45.8
17,Canola/Rapeseed,P516L,2021,,
17,Canola/Rapeseed,P516L,2022,,
17,Canola/Rapeseed,P516L,2023,6966,52.4
17,Canola/Rapeseed,P516L,2024,27828,40.0
17,Canola/Rapeseed,P516L,2025,11851,46.0
17,Canola/Rapeseed,P519L,2021,,
17,Canola/Rapeseed,P519L,2022,,
17,Canola/Rapeseed,P519L,2023,,
17,Canola/Rapeseed,P519L,2024,637,37.7
17,Canola/Rapeseed,P519L,2025,892,47.7
17,Canola/Rapeseed,P520L,2021,,
17,Canola/Rapeseed,P520L,2022,,
17,Canola/Rapeseed,P520L,2023,,
17,Canola/Rapeseed,P520L,2024,842,41.4
17,Canola/Rapeseed,P520L,2025,28254,47.1
17,Canola/Rapeseed,P612L,2021,,
17,Canola/Rapeseed,P612L,2022,2341,48.3
17,Canola/Rapeseed,P612L,2023,4077,58.0
17,Canola/Rapeseed,P612L,2024,4244,36.1
17,Canola/Rapeseed,P612L,2025,4530,48.9
17,Canola/Rapeseed,P617SL,2021,,
17,Canola/Rapeseed,P617SL,2022,,
17,Canola/Rapeseed,P617SL,2023,,
17,Canola/Rapeseed,P617SL,2024,,
17,Canola/Rapeseed,P617SL,2025,2417,47.1
17,Canola/Rapeseed,2600 CS CR-T,2021,8589,22.6
17,Canola/Rapeseed,2600 CS CR-T,2022,7373,47.7
17,Canola/Rapeseed,2600 CS CR-T,2023,7380,48.7
17,Canola/Rapeseed,2600 CS CR-T,2024,4171,38.1
17,Canola/Rapeseed,2600 CS CR-T,2025,673,43.7
17,Canola/Rapeseed,44H44,2021,5245,22.8
17,Canola/Rapeseed,44H44,2022,14398,42.1
17,Canola/Rapeseed,44H44,2023,4871,47.6
17,Canola/Rapeseed,44H44,2024,3323,36.2
17,Canola/Rapeseed,44H44,2025,2601,41.7
17,Canola/Rapeseed,45CM39,2021,47614,27.8
17,Canola/Rapeseed,45CM39,2022,18590,48.3
17,Canola/Rapeseed,45CM39,2023,39749,52.6
17,Canola/Rapeseed,45CM39,2024,25788,41.8
17,Canola/Rapeseed,45CM39,2025,9554,51.1
17,Canola/Rapeseed,45H35,2021,1451,29.5
17,Canola/Rapeseed,45H35,2022,,
17,Canola/Rapeseed,45H35,2023,3055,59.0
17,Canola/Rapeseed,45H35,2024,1610,38.7
17,Canola/Rapeseed,45H35,2025,1050,44.6
17,Canola/Rapeseed,45H42,2021,17892,26.8
17,Canola/Rapeseed,45H42,2022,15846,48.8
17,Canola/Rapeseed,45H42,2023,22978,49.7
17,Canola/Rapeseed,45H42,2024,13470,35.9
17,Canola/Rapeseed,45H42,2025,5773,39.4
17,Canola/Rapeseed,45H52,2021,,
17,Canola/Rapeseed,45H52,2022,,
17,Canola/Rapeseed,45H52,2023,,
17,Canola/Rapeseed,45H52,2024,861,17.8
17,Canola/Rapeseed,45H52,2025,2425,39.5
17,Canola/Rapeseed,45M35,2021,13555,32.0
17,Canola/Rapeseed,45M35,2022,15227,53.0
17,Canola/Rapeseed,45M35,2023,21188,51.8
17,Canola/Rapeseed,45M35,2024,7457,43.0
17,Canola/Rapeseed,45M35,2025,8802,51.6
17,Canola/Rapeseed,46A76,2021,1076,11.1
17,Canola/Rapeseed,46A76,2022,778,40.3
17,Canola/Rapeseed,46A76,2023,1269,34.1
17,Canola/Rapeseed,46A76,2024,1063,29.5
17,Canola/Rapeseed,46A76,2025,1120,22.5
17,Canola/Rapeseed,505 HYOLA RR,2021,,
17,Canola/Rapeseed,505 HYOLA RR,2022,,
17,Canola/Rapeseed,505 HYOLA RR,2023,,
17,Canola/Rapeseed,505 HYOLA RR,2024,662,37.1
17,Canola/Rapeseed,505 HYOLA RR,2025,420,52.5
17,Fall Rye,HAZLET,2021,,
17,Fall Rye,HAZLET,2022,584,61.2
17,Fall Rye,HAZLET,2023,972,37.8
17,Fall Rye,HAZLET,2024,,
17,Fall Rye,HAZLET,2025,570,46.9
17,Field Peas,AMARILLO CDC,2021,4846,24.4
17,Field Peas,AMARILLO CDC,2022,6712,54.2
17,Field Peas,AMARILLO CDC,2023,4060,46.4
17,Field Peas,AMARILLO CDC,2024,3573,43.9
17,Field Peas,AMARILLO CDC,2025,2822,54.1
17,Field Peas,BOUNDLESS CDC,2021,,
17,Field Peas,BOUNDLESS CDC,2022,,
17,Field Peas,BOUNDLESS CDC,2023,,
17,Field Peas,BOUNDLESS CDC,2024,,
17,Field Peas,BOUNDLESS CDC,2025,465,49.7
17,Field Peas,CANARY CDC,2021,3272,38.7
17,Field Peas,CANARY CDC,2022,4685,50.1
17,Field Peas,CANARY CDC,2023,6202,43.8
17,Field Peas,CANARY CDC,2024,4903,42.3
17,Field Peas,CANARY CDC,2025,3947,54.6
17,Field Peas,CARVER AAC,2021,5674,28.3
17,Field Peas,CARVER AAC,2022,8100,48.3
17,Field Peas,CARVER AAC,2023,11197,42.5
17,Field Peas,CARVER AAC,2024,6652,53.8
17,Field Peas,CARVER AAC,2025,8399,55.0
17,Field Peas,CHROME AAC,2021,,
17,Field Peas,CHROME AAC,2022,1216,52.6
17,Field Peas,CHROME AAC,2023,733,43.3
17,Field Peas,CHROME AAC,2024,1033,52.5
17,Field Peas,CHROME AAC,2025,1100,41.8
17,Field Peas,CITRINE CDC,2021,,
17,Field Peas,CITRINE CDC,2022,,
17,Field Peas,CITRINE CDC,2023,,
17,Field Peas,CITRINE CDC,2024,,
17,Field Peas,CITRINE CDC,2025,748,61.4
17,Field Peas,ESPACE,2021,,
17,Field Peas,ESPACE,2022,,
17,Field Peas,ESPACE,2023,,
17,Field Peas,ESPACE,2024,,
17,Field Peas,ESPACE,2025,687,68.2
17,Field Peas,FOREST CDC,2021,2330,31.2
17,Field Peas,FOREST CDC,2022,1664,58.2
17,Field Peas,FOREST CDC,2023,1437,55.3
17,Field Peas,FOREST CDC,2024,2085,51.0
17,Field Peas,FOREST CDC,2025,2720,56.1
17,Field Peas,HICKIE CDC,2021,,
17,Field Peas,HICKIE CDC,2022,,
17,Field Peas,HICKIE CDC,2023,,
17,Field Peas,HICKIE CDC,2024,959,50.2
17,Field Peas,HICKIE CDC,2025,2423,58.7
17,Field Peas,HUSKIE CDC,2021,,
17,Field Peas,HUSKIE CDC,2022,,
17,Field Peas,HUSKIE CDC,2023,,
17,Field Peas,HUSKIE CDC,2024,,
17,Field Peas,HUSKIE CDC,2025,649,56.1
17,Field Peas,INCA CDC,2021,4362,27.0
17,Field Peas,INCA CDC,2022,2247,57.2
17,Field Peas,INCA CDC,2023,1701,41.2
17,Field Peas,INCA CDC,2024,998,61.7
17,Field Peas,INCA CDC,2025,998,56.8
17,Field Peas,JULIUS AAC,2021,,
17,Field Peas,JULIUS AAC,2022,,
17,Field Peas,JULIUS AAC,2023,,
17,Field Peas,JULIUS AAC,2024,788,54.6
17,Field Peas,JULIUS AAC,2025,3494,52.9
17,Field Peas,LEWOCHKO CDC,2021,1487,32.0
17,Field Peas,LEWOCHKO CDC,2022,1402,53.9
17,Field Peas,LEWOCHKO CDC,2023,2617,50.3
17,Field Peas,LEWOCHKO CDC,2024,3809,59.6
17,Field Peas,LEWOCHKO CDC,2025,2642,62.6
17,Field Peas,MARROWFAT,2021,3238,24.4
17,Field Peas,MARROWFAT,2022,,
17,Field Peas,MARROWFAT,2023,1526,37.9
17,Field Peas,MARROWFAT,2024,1684,36.8
17,Field Peas,MARROWFAT,2025,485,43.2
17,Field Peas,MEADOW CDC,2021,5457,29.5
17,Field Peas,MEADOW CDC,2022,4256,52.5
17,Field Peas,MEADOW CDC,2023,4970,40.3
17,Field Peas,MEADOW CDC,2024,2601,39.8
17,Field Peas,MEADOW CDC,2025,1186,56.0
17,Field Peas,MOSAIC CDC,2021,,
17,Field Peas,MOSAIC CDC,2022,,
17,Field Peas,MOSAIC CDC,2023,,
17,Field Peas,MOSAIC CDC,2024,,
17,Field Peas,MOSAIC CDC,2025,1259,52.9
17,Field Peas,PROFIT AAC,2021,,
17,Field Peas,PROFIT AAC,2022,3494,60.8
17,Field Peas,PROFIT AAC,2023,5506,43.7
17,Field Peas,PROFIT AAC,2024,5194,49.9
17,Field Peas,PROFIT AAC,2025,3684,57.7
17,Field Peas,RAEZER CDC,2021,2729,24.1
17,Field Peas,RAEZER CDC,2022,755,44.5
17,Field Peas,RAEZER CDC,2023,1326,44.0
17,Field Peas,RAEZER CDC,2024,1046,54.6
17,Field Peas,RAEZER CDC,2025,1748,53.2
17,Field Peas,RIDER CDC,2021,,
17,Field Peas,RIDER CDC,2022,,
17,Field Peas,RIDER CDC,2023,,
17,Field Peas,RIDER CDC,2024,,
17,Field Peas,RIDER CDC,2025,1697,57.1
17,Field Peas,SPECTRUM CDC,2021,6756,29.1
17,Field Peas,SPECTRUM CDC,2022,6533,53.6
17,Field Peas,SPECTRUM CDC,2023,7153,43.7
17,Field Peas,SPECTRUM CDC,2024,6315,51.1
17,Field Peas,SPECTRUM CDC,2025,7773,56.0
17,Field Peas,SPRUCE CDC,2021,3063,24.3
17,Field Peas,SPRUCE CDC,2022,2864,45.7
17,Field Peas,SPRUCE CDC,2023,2128,47.0
17,Field Peas,SPRUCE CDC,2024,3813,47.2
17,Field Peas,SPRUCE CDC,2025,9806,46.9
17,Field Peas,TOLLEFSON CDC,2021,,
17,Field Peas,TOLLEFSON CDC,2022,,
17,Field Peas,TOLLEFSON CDC,2023,529,57.1
17,Field Peas,TOLLEFSON CDC,2024,2778,40.7
17,Field Peas,TOLLEFSON CDC,2025,2999,45.7
17,Flax,ACC BRIGHT,2021,,
17,Flax,ACC BRIGHT,2022,,
17,Flax,ACC BRIGHT,2023,445,8.8
17,Flax,ACC BRIGHT,2024,,
17,Flax,ACC BRIGHT,2025,443,18.9
17,Flax,GLAS CDC,2021,8282,15.5
17,Flax,GLAS CDC,2022,5867,33.2
17,Flax,GLAS CDC,2023,1275,29.1
17,Flax,GLAS CDC,2024,1038,29.0
17,Flax,GLAS CDC,2025,1809,34.7
17,Flax,KERNEN CDC,2021,,
17,Flax,KERNEN CDC,2022,,
17,Flax,KERNEN CDC,2023,,
17,Flax,KERNEN CDC,2024,,
17,Flax,KERNEN CDC,2025,1284,21.8
17,Flax,ROWLAND CDC,2021,1249,12.2
17,Flax,ROWLAND CDC,2022,2813,27.7
17,Flax,ROWLAND CDC,2023,4011,21.5
17,Flax,ROWLAND CDC,2024,1957,29.7
17,Flax,ROWLAND CDC,2025,3613,37.3
17,IP Canola/Rapeseed,B3017N,2021,,
17,IP Canola/Rapeseed,B3017N,2022,,
17,IP Canola/Rapeseed,B3017N,2023,5311,52.0
17,IP Canola/Rapeseed,B3017N,2024,14632,37.3
17,IP Canola/Rapeseed,B3017N,2025,1545,46.5
17,IP Canola/Rapeseed,B3018N,2021,,
17,IP Canola/Rapeseed,B3018N,2022,,
17,IP Canola/Rapeseed,B3018N,2023,,
17,IP Canola/Rapeseed,B3018N,2024,8109,40.6
17,IP Canola/Rapeseed,B3018N,2025,21330,46.7
17,IP Canola/Rapeseed,B3901N,2021,,
17,IP Canola/Rapeseed,B3901N,2022,,
17,IP Canola/Rapeseed,B3901N,2023,,
17,IP Canola/Rapeseed,B3901N,2024,,
17,IP Canola/Rapeseed,B3901N,2025,10847,43.5
17,IP Canola/Rapeseed,B4970N,2021,,
17,IP Canola/Rapeseed,B4970N,2022,,
17,IP Canola/Rapeseed,B4970N,2023,,
17,IP Canola/Rapeseed,B4970N,2024,,
17,IP Canola/Rapeseed,B4970N,2025,1362,50.7
17,IP Canola/Rapeseed,DK903TF,2021,,
17,IP Canola/Rapeseed,DK903TF,2022,,
17,IP Canola/Rapeseed,DK903TF,2023,,
17,IP Canola/Rapeseed,DK903TF,2024,2032,43.4
17,IP Canola/Rapeseed,DK903TF,2025,5725,46.6
17,IP Canola/Rapeseed,EVOLVE,2021,18243,22.0
17,IP Canola/Rapeseed,EVOLVE,2022,6919,40.4
17,IP Canola/Rapeseed,EVOLVE,2023,14783,42.5
17,IP Canola/Rapeseed,EVOLVE,2024,15561,33.2
17,IP Canola/Rapeseed,EVOLVE,2025,15628,39.8
17,IP Canola/Rapeseed,L358HPC,2021,,
17,IP Canola/Rapeseed,L358HPC,2022,,
17,IP Canola/Rapeseed,L358HPC,2023,,
17,IP Canola/Rapeseed,L358HPC,2024,36838,45.1
17,IP Canola/Rapeseed,L358HPC,2025,24091,48.9
17,IP Canola/Rapeseed,L359HPC,2021,,
17,IP Canola/Rapeseed,L359HPC,2022,,
17,IP Canola/Rapeseed,L359HPC,2023,10303,42.9
17,IP Canola/Rapeseed,L359HPC,2024,3076,44.8
17,IP Canola/Rapeseed,L359HPC,2025,487,46.5
17,IP Canola/Rapeseed,V25-6T,2021,,
17,IP Canola/Rapeseed,V25-6T,2022,,
17,IP Canola/Rapeseed,V25-6T,2023,2027,49.4
17,IP Canola/Rapeseed,V25-6T,2024,6476,42.2
17,IP Canola/Rapeseed,V25-6T,2025,4043,49.3
17,IP Canola/Rapeseed,1028 RR,2021,70710,26.2
17,IP Canola/Rapeseed,1028 RR,2022,32878,43.3
17,IP Canola/Rapeseed,1028 RR,2023,25334,48.8
17,IP Canola/Rapeseed,1028 RR,2024,21175,36.1
17,IP Canola/Rapeseed,1028 RR,2025,17891,41.4
17,Oats,ANSON CDC,2021,,
17,Oats,ANSON CDC,2022,,
17,Oats,ANSON CDC,2023,,
17,Oats,ANSON CDC,2024,,
17,Oats,ANSON CDC,2025,19340,134.6
17,Oats,ARBORG CDC,2021,31366,68.3
17,Oats,ARBORG CDC,2022,61515,129.9
17,Oats,ARBORG CDC,2023,26616,110.7
17,Oats,ARBORG CDC,2024,64165,125.5
17,Oats,ARBORG CDC,2025,67976,128.5
17,Oats,BALER CDC,2021,,
17,Oats,BALER CDC,2022,,
17,Oats,BALER CDC,2023,,
17,Oats,BALER CDC,2024,451,85.2
17,Oats,BALER CDC,2025,427,78.0
17,Oats,CAMDEN CS,2021,120398,74.2
17,Oats,CAMDEN CS,2022,143931,128.5
17,Oats,CAMDEN CS,2023,48633,101.3
17,Oats,CAMDEN CS,2024,84073,121.9
17,Oats,CAMDEN CS,2025,90750,126.1
17,Oats,ENDURE CDC,2021,,
17,Oats,ENDURE CDC,2022,8842,137.6
17,Oats,ENDURE CDC,2023,7775,95.4
17,Oats,ENDURE CDC,2024,11459,122.6
17,Oats,ENDURE CDC,2025,15098,121.1
17,Oats,HAYMAKER CDC,2021,,
17,Oats,HAYMAKER CDC,2022,,
17,Oats,HAYMAKER CDC,2023,,
17,Oats,HAYMAKER CDC,2024,461,102.4
17,Oats,HAYMAKER CDC,2025,530,97.3
17,Oats,LEGGETT,2021,2874,74.4
17,Oats,LEGGETT,2022,1327,78.4
17,Oats,LEGGETT,2023,,
17,Oats,LEGGETT,2024,1506,119.7
17,Oats,LEGGETT,2025,825,108.9
17,Oats,MORGAN AC,2021,35471,75.1
17,Oats,MORGAN AC,2022,42154,113.7
17,Oats,MORGAN AC,2023,15647,83.4
17,Oats,MORGAN AC,2024,14559,109.8
17,Oats,MORGAN AC,2025,19634,104.1
17,Oats,MORRISON CDC,2021,7141,48.7
17,Oats,MORRISON CDC,2022,8475,104.5
17,Oats,MORRISON CDC,2023,3022,77.1
17,Oats,MORRISON CDC,2024,3281,114.6
17,Oats,MORRISON CDC,2025,4768,119.8
17,Oats,ORE3542M,2021,4562,63.7
17,Oats,ORE3542M,2022,3414,117.0
17,Oats,ORE3542M,2023,2025,62.9
17,Oats,ORE3542M,2024,1201,102.4
17,Oats,ORE3542M,2025,1454,113.3
17,Oats,ORRIN CDC,2021,3379,58.3
17,Oats,ORRIN CDC,2022,3385,117.9
17,Oats,ORRIN CDC,2023,1812,88.4
17,Oats,ORRIN CDC,2024,2261,106.3
17,Oats,ORRIN CDC,2025,1434,124.6
17,Oats,RUFFIAN CDC,2021,17321,60.8
17,Oats,RUFFIAN CDC,2022,17633,133.3
17,Oats,RUFFIAN CDC,2023,5662,94.8
17,Oats,RUFFIAN CDC,2024,7312,151.4
17,Oats,RUFFIAN CDC,2025,6032,149.2
17,Oats,SUMMIT,2021,6130,64.9
17,Oats,SUMMIT,2022,5360,116.5
17,Oats,SUMMIT,2023,1905,94.8
17,Oats,SUMMIT,2024,3165,118.8
17,Oats,SUMMIT,2025,1607,114.4
17,Oats,TRIACTOR,2021,22170,65.3
17,Oats,TRIACTOR,2022,19965,117.4
17,Oats,TRIACTOR,2023,17395,98.5
17,Oats,TRIACTOR,2024,26564,122.0
17,Oats,TRIACTOR,2025,22690,126.6
17,Wheat,- Canada Prairie ACCELERATE CS,2021,9545,38.7
17,Wheat,- Canada Prairie ACCELERATE CS,2022,12963,82.7
17,Wheat,- Canada Prairie ACCELERATE CS,2023,20237,70.6
17,Wheat,- Canada Prairie ACCELERATE CS,2024,4089,85.6
17,Wheat,- Canada Prairie ACCELERATE CS,2025,7171,82.6
17,Wheat,ANDREW AC,2021,719,23.1
17,Wheat,ANDREW AC,2022,678,69.1
17,Wheat,ANDREW AC,2023,1192,72.2
17,Wheat,ANDREW AC,2024,750,80.5
17,Wheat,ANDREW AC,2025,755,79.7
17,Wheat,CONQUER,2021,2661,55.8
17,Wheat,CONQUER,2022,5571,72.8
17,Wheat,CONQUER,2023,6864,56.4
17,Wheat,CONQUER,2024,4295,76.6
17,Wheat,CONQUER,2025,3810,69.3
17,Wheat,PASTEUR,2021,6641,41.5
17,Wheat,PASTEUR,2022,7638,74.1
17,Wheat,PASTEUR,2023,9594,70.8
17,Wheat,PASTEUR,2024,2490,73.1
17,Wheat,PASTEUR,2025,2316,65.4
17,Wheat,PENHOLD AAC,2021,4471,51.7
17,Wheat,PENHOLD AAC,2022,6666,75.8
17,Wheat,PENHOLD AAC,2023,5251,60.2
17,Wheat,PENHOLD AAC,2024,654,80.3
17,Wheat,PENHOLD AAC,2025,1526,76.0
17,Wheat,RIMBEY AAC,2021,,
17,Wheat,RIMBEY AAC,2022,,
17,Wheat,RIMBEY AAC,2023,,
17,Wheat,RIMBEY AAC,2024,1856,70.8
17,Wheat,RIMBEY AAC,2025,8079,79.2
17,Wheat,SPARROW KWS,2021,5718,45.4
17,Wheat,SPARROW KWS,2022,3833,76.1
17,Wheat,SPARROW KWS,2023,9084,64.2
17,Wheat,SPARROW KWS,2024,9519,75.0
17,Wheat,SPARROW KWS,2025,19207,71.1
17,Wheat - Durum,SCHRADER AAC,2021,,
17,Wheat - Durum,SCHRADER AAC,2022,,
17,Wheat - Durum,SCHRADER AAC,2023,,
17,Wheat - Durum,SCHRADER AAC,2024,960,78.9
17,Wheat - Durum,SCHRADER AAC,2025,1123,93.5
17,Wheat - Hard Red Spring,ALIDA VB AAC,2021,31642,43.5
17,Wheat - Hard Red Spring,ALIDA VB AAC,2022,40386,62.2
17,Wheat - Hard Red Spring,ALIDA VB AAC,2023,29671,54.9
17,Wheat - Hard Red Spring,ALIDA VB AAC,2024,27537,61.5
17,Wheat - Hard Red Spring,ALIDA VB AAC,2025,15326,57.0
17,Wheat - Hard Red Spring,BRANDON AAC,2021,49157,47.4
17,Wheat - Hard Red Spring,BRANDON AAC,2022,43026,66.9
17,Wheat - Hard Red Spring,BRANDON AAC,2023,40746,63.0
17,Wheat - Hard Red Spring,BRANDON AAC,2024,32461,64.9
17,Wheat - Hard Red Spring,BRANDON AAC,2025,17781,70.0
17,Wheat - Hard Red Spring,BROADACRES AAC,2021,,
17,Wheat - Hard Red Spring,BROADACRES AAC,2022,,
17,Wheat - Hard Red Spring,BROADACRES AAC,2023,11467,54.9
17,Wheat - Hard Red Spring,BROADACRES AAC,2024,38430,62.2
17,Wheat - Hard Red Spring,BROADACRES AAC,2025,41664,59.9
17,Wheat - Hard Red Spring,CAMERON AAC,2021,46952,44.5
17,Wheat - Hard Red Spring,CAMERON AAC,2022,36600,62.2
17,Wheat - Hard Red Spring,CAMERON AAC,2023,46630,49.1
17,Wheat - Hard Red Spring,CAMERON AAC,2024,28480,61.8
17,Wheat - Hard Red Spring,CAMERON AAC,2025,25124,60.9
17,Wheat - Hard Red Spring,CARBERRY,2021,4059,44.5
17,Wheat - Hard Red Spring,CARBERRY,2022,3021,58.2
17,Wheat - Hard Red Spring,CARBERRY,2023,2025,48.6
17,Wheat - Hard Red Spring,CARBERRY,2024,1010,54.3
17,Wheat - Hard Red Spring,CARBERRY,2025,1442,52.3
17,Wheat - Hard Red Spring,CARDALE,2021,19103,50.4
17,Wheat - Hard Red Spring,CARDALE,2022,23635,63.4
17,Wheat - Hard Red Spring,CARDALE,2023,14806,49.7
17,Wheat - Hard Red Spring,CARDALE,2024,9125,62.9
17,Wheat - Hard Red Spring,CARDALE,2025,3983,63.8
17,Wheat - Hard Red Spring,FALLER,2021,3949,50.1
17,Wheat - Hard Red Spring,FALLER,2022,3578,66.2
17,Wheat - Hard Red Spring,FALLER,2023,4228,66.3
17,Wheat - Hard Red Spring,FALLER,2024,7209,67.4
17,Wheat - Hard Red Spring,FALLER,2025,5699,69.4
17,Wheat - Hard Red Spring,HOCKLEY AAC,2021,,
17,Wheat - Hard Red Spring,HOCKLEY AAC,2022,,
17,Wheat - Hard Red Spring,HOCKLEY AAC,2023,446,53.8
17,Wheat - Hard Red Spring,HOCKLEY AAC,2024,4555,68.6
17,Wheat - Hard Red Spring,HOCKLEY AAC,2025,20663,61.2
17,Wheat - Hard Red Spring,HODGE AAC VB,2021,,
17,Wheat - Hard Red Spring,HODGE AAC VB,2022,1255,70.3
17,Wheat - Hard Red Spring,HODGE AAC VB,2023,20799,61.6
17,Wheat - Hard Red Spring,HODGE AAC VB,2024,52518,67.4
17,Wheat - Hard Red Spring,HODGE AAC VB,2025,43246,66.2
17,Wheat - Hard Red Spring,HUGHES CDC VB,2021,29905,42.2
17,Wheat - Hard Red Spring,HUGHES CDC VB,2022,37629,63.1
17,Wheat - Hard Red Spring,HUGHES CDC VB,2023,28479,50.2
17,Wheat - Hard Red Spring,HUGHES CDC VB,2024,11515,60.2
17,Wheat - Hard Red Spring,HUGHES CDC VB,2025,13466,58.3
17,Wheat - Hard Red Spring,LANDMARK CDC,2021,59746,38.5
17,Wheat - Hard Red Spring,LANDMARK CDC,2022,58512,66.2
17,Wheat - Hard Red Spring,LANDMARK CDC,2023,44293,56.6
17,Wheat - Hard Red Spring,LANDMARK CDC,2024,19185,65.7
17,Wheat - Hard Red Spring,LANDMARK CDC,2025,13938,66.9
17,Wheat - Hard Red Spring,LEROY AAC VB,2021,11561,44.7
17,Wheat - Hard Red Spring,LEROY AAC VB,2022,42125,65.7
17,Wheat - Hard Red Spring,LEROY AAC VB,2023,56927,57.7
17,Wheat - Hard Red Spring,LEROY AAC VB,2024,38455,64.7
17,Wheat - Hard Red Spring,LEROY AAC VB,2025,23413,61.7
17,Wheat - Hard Red Spring,PILAR CLPLUS CDC,2021,,
17,Wheat - Hard Red Spring,PILAR CLPLUS CDC,2022,477,69.5
17,Wheat - Hard Red Spring,PILAR CLPLUS CDC,2023,458,76.2
17,Wheat - Hard Red Spring,PILAR CLPLUS CDC,2024,523,54.6
17,Wheat - Hard Red Spring,PILAR CLPLUS CDC,2025,1177,53.3
17,Wheat - Hard Red Spring,PLENTIFUL CDC,2021,5007,35.6
17,Wheat - Hard Red Spring,PLENTIFUL CDC,2022,5460,59.1
17,Wheat - Hard Red Spring,PLENTIFUL CDC,2023,2960,54.6
17,Wheat - Hard Red Spring,PLENTIFUL CDC,2024,2034,47.8
17,Wheat - Hard Red Spring,PLENTIFUL CDC,2025,1965,41.6
17,Wheat - Hard Red Spring,REDBERRY AAC,2021,12406,45.9
17,Wheat - Hard Red Spring,REDBERRY AAC,2022,18812,57.2
17,Wheat - Hard Red Spring,REDBERRY AAC,2023,15636,55.8
17,Wheat - Hard Red Spring,REDBERRY AAC,2024,10966,60.7
17,Wheat - Hard Red Spring,REDBERRY AAC,2025,5718,55.6
17,Wheat - Hard Red Spring,RUSSELL AAC VB,2021,,
17,Wheat - Hard Red Spring,RUSSELL AAC VB,2022,4174,71.9
17,Wheat - Hard Red Spring,RUSSELL AAC VB,2023,16180,61.5
17,Wheat - Hard Red Spring,RUSSELL AAC VB,2024,15930,65.1
17,Wheat - Hard Red Spring,RUSSELL AAC VB,2025,27020,68.6
17,Wheat - Hard Red Spring,SHAW,2021,1107,29.2
17,Wheat - Hard Red Spring,SHAW,2022,629,43.5
17,Wheat - Hard Red Spring,SHAW,2023,946,48.7
17,Wheat - Hard Red Spring,SHAW,2024,831,47.6
17,Wheat - Hard Red Spring,SHAW,2025,470,59.5
17,Wheat - Hard Red Spring,STARBUCK AAC VB,2021,24155,49.6
17,Wheat - Hard Red Spring,STARBUCK AAC VB,2022,95007,71.3
17,Wheat - Hard Red Spring,STARBUCK AAC VB,2023,172792,60.7
17,Wheat - Hard Red Spring,STARBUCK AAC VB,2024,225862,70.4
17,Wheat - Hard Red Spring,STARBUCK AAC VB,2025,241349,69.4
17,Wheat - Hard Red Spring,STOUGHTON AAC,2021,,
17,Wheat - Hard Red Spring,STOUGHTON AAC,2022,,
17,Wheat - Hard Red Spring,STOUGHTON AAC,2023,,
17,Wheat - Hard Red Spring,STOUGHTON AAC,2024,,
17,Wheat - Hard Red Spring,STOUGHTON AAC,2025,4239,70.7
17,Wheat - Hard Red Spring,SUCCESSION CLPLUS !,2021,,
17,Wheat - Hard Red Spring,SUCCESSION CLPLUS !,2022,1605,63.7
17,Wheat - Hard Red Spring,SUCCESSION CLPLUS !,2023,3855,52.7
17,Wheat - Hard Red Spring,SUCCESSION CLPLUS !,2024,5333,67.9
17,Wheat - Hard Red Spring,SUCCESSION CLPLUS !,2025,5261,56.9
17,Wheat - Hard Red Spring,TISDALE AAC,2021,3954,40.7
17,Wheat - Hard Red Spring,TISDALE AAC,2022,10445,62.2
17,Wheat - Hard Red Spring,TISDALE AAC,2023,12307,61.7
17,Wheat - Hard Red Spring,TISDALE AAC,2024,11359,71.3
17,Wheat - Hard Red Spring,TISDALE AAC,2025,1179,58.9
17,Wheat - Hard Red Spring,VIEWFIELD AAC,2021,20780,52.4
17,Wheat - Hard Red Spring,VIEWFIELD AAC,2022,35687,73.1
17,Wheat - Hard Red Spring,VIEWFIELD AAC,2023,45367,63.8
17,Wheat - Hard Red Spring,VIEWFIELD AAC,2024,42062,73.5
17,Wheat - Hard Red Spring,VIEWFIELD AAC,2025,30822,63.3
17,Wheat - Hard Red Spring,WESTKING AAC,2021,,
17,Wheat - Hard Red Spring,WESTKING AAC,2022,,
17,Wheat - Hard Red Spring,WESTKING AAC,2023,,
17,Wheat - Hard Red Spring,WESTKING AAC,2024,,
17,Wheat - Hard Red Spring,WESTKING AAC,2025,433,68.4
17,Wheat - Hard Red Spring,WHEATLAND VB AAC,2021,1386,45.1
17,Wheat - Hard Red Spring,WHEATLAND VB AAC,2022,6955,71.3
17,Wheat - Hard Red Spring,WHEATLAND VB AAC,2023,36827,61.5
17,Wheat - Hard Red Spring,WHEATLAND VB AAC,2024,53298,69.5
17,Wheat - Hard Red Spring,WHEATLAND VB AAC,2025,61779,70.1
17,Canary Seed,BASTIA CDC,2021,,
17,Canary Seed,BASTIA CDC,2022,,
17,Canary Seed,BASTIA CDC,2023,,
17,Canary Seed,BASTIA CDC,2024,523,1572
17,Canary Seed,BASTIA CDC,2025,790,1559
17,Canary Seed,CANTATE,2021,9715,864
17,Canary Seed,CANTATE,2022,4496,1940
17,Canary Seed,CANTATE,2023,6216,1398
17,Canary Seed,CANTATE,2024,5523,1933
17,Canary Seed,CANTATE,2025,4102,1892
17,Canary Seed,CIBO CDC,2021,4253,710
17,Canary Seed,CIBO CDC,2022,3105,1609
17,Canary Seed,CIBO CDC,2023,900,1312
17,Canary Seed,CIBO CDC,2024,3536,1744
17,Canary Seed,CIBO CDC,2025,2335,1777
17,Canary Seed,COMMON,2021,1285,1481
17,Canary Seed,COMMON,2022,2371,1929
17,Canary Seed,COMMON,2023,1911,1501
17,Canary Seed,COMMON,2024,1936,1964
17,Canary Seed,COMMON,2025,1452,1444
17,Canary Seed,KEET,2021,7262,1285
17,Canary Seed,KEET,2022,3379,1964
17,Canary Seed,KEET,2023,3158,1407
17,Canary Seed,KEET,2024,2672,1839
17,Canary Seed,KEET,2025,2847,1836
17,Canary Seed,LUMIO CDC,2021,555,381
17,Canary Seed,LUMIO CDC,2022,,
17,Canary Seed,LUMIO CDC,2023,2206,1049
17,Canary Seed,LUMIO CDC,2024,3818,1585
17,Canary Seed,LUMIO CDC,2025,5488,1356
17,Canary Seed,TOGO CDC,2021,,
17,Canary Seed,TOGO CDC,2022,,
17,Canary Seed,TOGO CDC,2023,,
17,Canary Seed,TOGO CDC,2024,,
17,Canary Seed,TOGO CDC,2025,461,1254
17,Fababeans,FABELLE,2021,,
17,Fababeans,FABELLE,2022,,
17,Fababeans,FABELLE,2023,3059,2319
17,Fababeans,FABELLE,2024,992,3792
17,Fababeans,FABELLE,2025,2715,3003
17,Fababeans,NAVI,2021,,
17,Fababeans,NAVI,2022,428,2266
17,Fababeans,NAVI,2023,1367,2956
17,Fababeans,NAVI,2024,1822,2582
17,Fababeans,NAVI,2025,1712,2762
17,Fababeans,SNOWBIRD,2021,16928,983
17,Fababeans,SNOWBIRD,2022,4198,2557
17,Fababeans,SNOWBIRD,2023,7932,2394
17,Fababeans,SNOWBIRD,2024,4237,2575
17,Fababeans,SNOWBIRD,2025,2930,3437
17,Hemp Grain,RAK,2021,,
17,Hemp Grain,RAK,2022,,
17,Hemp Grain,RAK,2023,,
17,Hemp Grain,RAK,2024,690,1468
17,Hemp Grain,RAK,2025,893,1230
17,Lentils,- Other JIMINI CDC CL,2021,,
17,Lentils,- Other JIMINI CDC CL,2022,,
17,Lentils,- Other JIMINI CDC CL,2023,,
17,Lentils,- Other JIMINI CDC CL,2024,,
17,Lentils,- Other JIMINI CDC CL,2025,762,2974
17,Lentils - Red,MAXIM CDC,2021,1532,1384
17,Lentils - Red,MAXIM CDC,2022,,
17,Lentils - Red,MAXIM CDC,2023,905,1235
17,Lentils - Red,MAXIM CDC,2024,741,2480
17,Lentils - Red,MAXIM CDC,2025,818,2227
17,Lentils - Red,PROCLAIM CDC,2021,768,1069
17,Lentils - Red,PROCLAIM CDC,2022,,
17,Lentils - Red,PROCLAIM CDC,2023,802,3243
17,Lentils - Red,PROCLAIM CDC,2024,1428,2736
17,Lentils - Red,PROCLAIM CDC,2025,1535,3254
17,Lentils - Red,SIMMIE CDC,2021,,
17,Lentils - Red,SIMMIE CDC,2022,,
17,Lentils - Red,SIMMIE CDC,2023,1035,1468
17,Lentils - Red,SIMMIE CDC,2024,2795,1918
17,Lentils - Red,SIMMIE CDC,2025,2652,1709
18,Barley,ADVANTAGE AB,2021,561,20.1
18,Barley,ADVANTAGE AB,2022,1860,51.3
18,Barley,ADVANTAGE AB,2023,1334,45.5
18,Barley,ADVANTAGE AB,2024,1366,77.8
18,Barley,ADVANTAGE AB,2025,1648,77.3
18,Barley,AUSTENSON CDC,2021,11674,30.1
18,Barley,AUSTENSON CDC,2022,8071,54.1
18,Barley,AUSTENSON CDC,2023,7794,65.2
18,Barley,AUSTENSON CDC,2024,5878,60.5
18,Barley,AUSTENSON CDC,2025,2586,73.9
18,Barley,CHURCHILL CDC,2021,435,22.7
18,Barley,CHURCHILL CDC,2022,1118,39.8
18,Barley,CHURCHILL CDC,2023,881,42.2
18,Barley,CHURCHILL CDC,2024,2568,71.4
18,Barley,CHURCHILL CDC,2025,2910,82.6
18,Barley,CONNECT AAC,2021,3343,34.3
18,Barley,CONNECT AAC,2022,2923,73.8
18,Barley,CONNECT AAC,2023,8003,74.5
18,Barley,CONNECT AAC,2024,9319,75.7
18,Barley,CONNECT AAC,2025,6628,74.1
18,Barley,COPELAND CDC,2021,24591,17.0
18,Barley,COPELAND CDC,2022,16884,55.3
18,Barley,COPELAND CDC,2023,15058,60.3
18,Barley,COPELAND CDC,2024,7424,62.6
18,Barley,COPELAND CDC,2025,4159,92.9
18,Barley,DURANGO CDC,2021,,
18,Barley,DURANGO CDC,2022,,
18,Barley,DURANGO CDC,2023,,
18,Barley,DURANGO CDC,2024,,
18,Barley,DURANGO CDC,2025,1661,91.7
18,Barley,FRASER CDC,2021,,
18,Barley,FRASER CDC,2022,460,64.5
18,Barley,FRASER CDC,2023,2994,56.7
18,Barley,FRASER CDC,2024,4880,69.2
18,Barley,FRASER CDC,2025,2559,83.6
18,Barley,LEGACY,2021,,
18,Barley,LEGACY,2022,447,27.8
18,Barley,LEGACY,2023,1767,23.9
18,Barley,LEGACY,2024,480,52.1
18,Barley,LEGACY,2025,855,64.6
18,Barley,MAVERICK CDC,2021,1972,21.1
18,Barley,MAVERICK CDC,2022,5761,45.0
18,Barley,MAVERICK CDC,2023,2566,40.1
18,Barley,MAVERICK CDC,2024,2919,54.4
18,Barley,MAVERICK CDC,2025,1488,50.1
18,Barley,MCGWIRE CDC,2021,,
18,Barley,MCGWIRE CDC,2022,,
18,Barley,MCGWIRE CDC,2023,,
18,Barley,MCGWIRE CDC,2024,,
18,Barley,MCGWIRE CDC,2025,825,79.2
18,Barley,RENEGADE CDC,2021,,
18,Barley,RENEGADE CDC,2022,,
18,Barley,RENEGADE CDC,2023,440,58.3
18,Barley,RENEGADE CDC,2024,922,57.8
18,Barley,RENEGADE CDC,2025,1594,79.5
18,Barley,ROSSER AC,2021,1054,26.0
18,Barley,ROSSER AC,2022,2656,67.0
18,Barley,ROSSER AC,2023,1292,63.5
18,Barley,ROSSER AC,2024,1549,73.2
18,Barley,ROSSER AC,2025,1430,72.0
18,Barley,SYNERGY AAC,2021,7443,17.4
18,Barley,SYNERGY AAC,2022,3892,46.3
18,Barley,SYNERGY AAC,2023,7312,53.4
18,Barley,SYNERGY AAC,2024,6135,67.5
18,Barley,SYNERGY AAC,2025,6046,82.3
18,Canola/Rapeseed,BY 6216TF,2021,,
18,Canola/Rapeseed,BY 6216TF,2022,,
18,Canola/Rapeseed,BY 6216TF,2023,,
18,Canola/Rapeseed,BY 6216TF,2024,,
18,Canola/Rapeseed,BY 6216TF,2025,548,59.6
18,Canola/Rapeseed,BY 6217TF,2021,,
18,Canola/Rapeseed,BY 6217TF,2022,,
18,Canola/Rapeseed,BY 6217TF,2023,3832,27.9
18,Canola/Rapeseed,BY 6217TF,2024,2816,33.7
18,Canola/Rapeseed,BY 6217TF,2025,1105,33.5
18,Canola/Rapeseed,BY 7204LL,2021,,
18,Canola/Rapeseed,BY 7204LL,2022,,
18,Canola/Rapeseed,BY 7204LL,2023,,
18,Canola/Rapeseed,BY 7204LL,2024,1506,32.5
18,Canola/Rapeseed,BY 7204LL,2025,6048,43.6
18,Canola/Rapeseed,B3019,2021,,
18,Canola/Rapeseed,B3019,2022,,
18,Canola/Rapeseed,B3019,2023,,
18,Canola/Rapeseed,B3019,2024,,
18,Canola/Rapeseed,B3019,2025,801,22.5
18,Canola/Rapeseed,B3020,2021,,
18,Canola/Rapeseed,B3020,2022,,
18,Canola/Rapeseed,B3020,2023,,
18,Canola/Rapeseed,B3020,2024,,
18,Canola/Rapeseed,B3020,2025,1735,44.2
18,Canola/Rapeseed,CS2700 CL,2021,,
18,Canola/Rapeseed,CS2700 CL,2022,,
18,Canola/Rapeseed,CS2700 CL,2023,,
18,Canola/Rapeseed,CS2700 CL,2024,,
18,Canola/Rapeseed,CS2700 CL,2025,508,35.6
18,Canola/Rapeseed,CS3300 TF,2021,,
18,Canola/Rapeseed,CS3300 TF,2022,,
18,Canola/Rapeseed,CS3300 TF,2023,,
18,Canola/Rapeseed,CS3300 TF,2024,,
18,Canola/Rapeseed,CS3300 TF,2025,445,61.5
18,Canola/Rapeseed,CS4000 LL,2021,,
18,Canola/Rapeseed,CS4000 LL,2022,1180,28.5
18,Canola/Rapeseed,CS4000 LL,2023,3247,41.1
18,Canola/Rapeseed,CS4000 LL,2024,3423,35.2
18,Canola/Rapeseed,CS4000 LL,2025,4126,50.0
18,Canola/Rapeseed,DK 801 LL,2021,,
18,Canola/Rapeseed,DK 801 LL,2022,,
18,Canola/Rapeseed,DK 801 LL,2023,,
18,Canola/Rapeseed,DK 801 LL,2024,504,28.2
18,Canola/Rapeseed,DK 801 LL,2025,3052,45.5
18,Canola/Rapeseed,DK401TK,2021,,
18,Canola/Rapeseed,DK401TK,2022,,
18,Canola/Rapeseed,DK401TK,2023,,
18,Canola/Rapeseed,DK401TK,2024,,
18,Canola/Rapeseed,DK401TK,2025,2441,44.0
18,Canola/Rapeseed,DK401TL,2021,,
18,Canola/Rapeseed,DK401TL,2022,,
18,Canola/Rapeseed,DK401TL,2023,,
18,Canola/Rapeseed,DK401TL,2024,,
18,Canola/Rapeseed,DK401TL,2025,6024,42.5
18,Canola/Rapeseed,DK800LL,2021,,
18,Canola/Rapeseed,DK800LL,2022,,
18,Canola/Rapeseed,DK800LL,2023,,
18,Canola/Rapeseed,DK800LL,2024,1323,30.6
18,Canola/Rapeseed,DK800LL,2025,13234,38.0
18,Canola/Rapeseed,DK801LL,2021,,
18,Canola/Rapeseed,DK801LL,2022,,
18,Canola/Rapeseed,DK801LL,2023,,
18,Canola/Rapeseed,DK801LL,2024,,
18,Canola/Rapeseed,DK801LL,2025,2635,47.4
18,Canola/Rapeseed,DK900TF,2021,,
18,Canola/Rapeseed,DK900TF,2022,,
18,Canola/Rapeseed,DK900TF,2023,6100,40.8
18,Canola/Rapeseed,DK900TF,2024,5569,30.8
18,Canola/Rapeseed,DK900TF,2025,2708,46.6
18,Canola/Rapeseed,DK902TF,2021,,
18,Canola/Rapeseed,DK902TF,2022,,
18,Canola/Rapeseed,DK902TF,2023,483,44.5
18,Canola/Rapeseed,DK902TF,2024,1857,26.2
18,Canola/Rapeseed,DK902TF,2025,986,34.1
18,Canola/Rapeseed,LR354PC,2021,,
18,Canola/Rapeseed,LR354PC,2022,,
18,Canola/Rapeseed,LR354PC,2023,611,34.2
18,Canola/Rapeseed,LR354PC,2024,1927,32.8
18,Canola/Rapeseed,LR354PC,2025,2572,59.0
18,Canola/Rapeseed,L233P,2021,30137,18.3
18,Canola/Rapeseed,L233P,2022,19952,27.8
18,Canola/Rapeseed,L233P,2023,20328,32.1
18,Canola/Rapeseed,L233P,2024,9278,35.6
18,Canola/Rapeseed,L233P,2025,3919,47.0
18,Canola/Rapeseed,L330PC,2021,,
18,Canola/Rapeseed,L330PC,2022,,
18,Canola/Rapeseed,L330PC,2023,,
18,Canola/Rapeseed,L330PC,2024,,
18,Canola/Rapeseed,L330PC,2025,6233,57.6
18,Canola/Rapeseed,L333PC,2021,,
18,Canola/Rapeseed,L333PC,2022,,
18,Canola/Rapeseed,L333PC,2023,,
18,Canola/Rapeseed,L333PC,2024,,
18,Canola/Rapeseed,L333PC,2025,1219,48.8
18,Canola/Rapeseed,L340PC,2021,21761,20.0
18,Canola/Rapeseed,L340PC,2022,59222,38.5
18,Canola/Rapeseed,L340PC,2023,69020,43.1
18,Canola/Rapeseed,L340PC,2024,90297,38.5
18,Canola/Rapeseed,L340PC,2025,116133,50.7
18,Canola/Rapeseed,L341PC,2021,,
18,Canola/Rapeseed,L341PC,2022,,
18,Canola/Rapeseed,L341PC,2023,,
18,Canola/Rapeseed,L341PC,2024,,
18,Canola/Rapeseed,L341PC,2025,1494,49.6
18,Canola/Rapeseed,L343PC,2021,,
18,Canola/Rapeseed,L343PC,2022,6006,34.9
18,Canola/Rapeseed,L343PC,2023,7070,36.0
18,Canola/Rapeseed,L343PC,2024,6311,30.5
18,Canola/Rapeseed,L343PC,2025,3750,51.9
18,Canola/Rapeseed,L345PC,2021,16979,17.6
18,Canola/Rapeseed,L345PC,2022,7617,39.4
18,Canola/Rapeseed,L345PC,2023,2886,40.5
18,Canola/Rapeseed,L345PC,2024,7725,33.9
18,Canola/Rapeseed,L345PC,2025,1730,43.5
18,Canola/Rapeseed,L350PC,2021,,
18,Canola/Rapeseed,L350PC,2022,,
18,Canola/Rapeseed,L350PC,2023,10117,43.7
18,Canola/Rapeseed,L350PC,2024,9816,41.8
18,Canola/Rapeseed,L350PC,2025,4433,45.6
18,Canola/Rapeseed,L356PC,2021,,
18,Canola/Rapeseed,L356PC,2022,7874,32.5
18,Canola/Rapeseed,L356PC,2023,10995,34.8
18,Canola/Rapeseed,L356PC,2024,17292,39.7
18,Canola/Rapeseed,L356PC,2025,20076,45.8
18,Canola/Rapeseed,PV 661 LCM,2021,,
18,Canola/Rapeseed,PV 661 LCM,2022,,
18,Canola/Rapeseed,PV 661 LCM,2023,,
18,Canola/Rapeseed,PV 661 LCM,2024,1964,28.4
18,Canola/Rapeseed,PV 661 LCM,2025,1943,49.8
18,Canola/Rapeseed,PV 681 LC,2021,1876,19.7
18,Canola/Rapeseed,PV 681 LC,2022,505,25.3
18,Canola/Rapeseed,PV 681 LC,2023,523,20.6
18,Canola/Rapeseed,PV 681 LC,2024,1189,25.5
18,Canola/Rapeseed,PV 681 LC,2025,2632,44.6
18,Canola/Rapeseed,PV 781 TCM,2021,,
18,Canola/Rapeseed,PV 781 TCM,2022,,
18,Canola/Rapeseed,PV 781 TCM,2023,2212,35.3
18,Canola/Rapeseed,PV 781 TCM,2024,3912,30.4
18,Canola/Rapeseed,PV 781 TCM,2025,1175,52.0
18,Canola/Rapeseed,PV661 LCM,2021,,
18,Canola/Rapeseed,PV661 LCM,2022,,
18,Canola/Rapeseed,PV661 LCM,2023,551,25.2
18,Canola/Rapeseed,PV661 LCM,2024,469,25.2
18,Canola/Rapeseed,PV661 LCM,2025,624,42.8
18,Canola/Rapeseed,PV783,2021,,
18,Canola/Rapeseed,PV783,2022,,
18,Canola/Rapeseed,PV783,2023,,
18,Canola/Rapeseed,PV783,2024,,
18,Canola/Rapeseed,PV783,2025,3729,40.9
18,Canola/Rapeseed,P1540L,2021,,
18,Canola/Rapeseed,P1540L,2022,,
18,Canola/Rapeseed,P1540L,2023,,
18,Canola/Rapeseed,P1540L,2024,,
18,Canola/Rapeseed,P1540L,2025,444,47.5
18,Canola/Rapeseed,P501L,2021,7440,16.3
18,Canola/Rapeseed,P501L,2022,1359,31.1
18,Canola/Rapeseed,P501L,2023,450,39.9
18,Canola/Rapeseed,P501L,2024,1982,36.6
18,Canola/Rapeseed,P501L,2025,1270,40.0
18,Canola/Rapeseed,P505MSL,2021,2665,14.7
18,Canola/Rapeseed,P505MSL,2022,1563,24.8
18,Canola/Rapeseed,P505MSL,2023,2776,37.4
18,Canola/Rapeseed,P505MSL,2024,11803,32.9
18,Canola/Rapeseed,P505MSL,2025,4288,40.2
18,Canola/Rapeseed,P508CL,2021,,
18,Canola/Rapeseed,P508CL,2022,,
18,Canola/Rapeseed,P508CL,2023,,
18,Canola/Rapeseed,P508CL,2024,,
18,Canola/Rapeseed,P508CL,2025,1275,47.5
18,Canola/Rapeseed,P509L,2021,,
18,Canola/Rapeseed,P509L,2022,,
18,Canola/Rapeseed,P509L,2023,1556,27.9
18,Canola/Rapeseed,P509L,2024,1805,36.1
18,Canola/Rapeseed,P509L,2025,618,49.7
18,Canola/Rapeseed,P510G,2021,,
18,Canola/Rapeseed,P510G,2022,,
18,Canola/Rapeseed,P510G,2023,,
18,Canola/Rapeseed,P510G,2024,1334,28.3
18,Canola/Rapeseed,P510G,2025,624,40.1
18,Canola/Rapeseed,P514CL,2021,,
18,Canola/Rapeseed,P514CL,2022,,
18,Canola/Rapeseed,P514CL,2023,,
18,Canola/Rapeseed,P514CL,2024,,
18,Canola/Rapeseed,P514CL,2025,487,19.3
18,Canola/Rapeseed,P515G,2021,,
18,Canola/Rapeseed,P515G,2022,,
18,Canola/Rapeseed,P515G,2023,,
18,Canola/Rapeseed,P515G,2024,2056,30.7
18,Canola/Rapeseed,P515G,2025,3770,33.9
18,Canola/Rapeseed,P516L,2021,,
18,Canola/Rapeseed,P516L,2022,,
18,Canola/Rapeseed,P516L,2023,1263,38.8
18,Canola/Rapeseed,P516L,2024,5003,32.9
18,Canola/Rapeseed,P516L,2025,3043,43.4
18,Canola/Rapeseed,P520L,2021,,
18,Canola/Rapeseed,P520L,2022,,
18,Canola/Rapeseed,P520L,2023,,
18,Canola/Rapeseed,P520L,2024,,
18,Canola/Rapeseed,P520L,2025,6008,42.3
18,Fall Rye,HAZLET,2021,,
18,Fall Rye,HAZLET,2022,1471,28.4
18,Fall Rye,HAZLET,2023,724,16.5
18,Fall Rye,HAZLET,2024,759,53.6
18,Fall Rye,HAZLET,2025,1890,55.5
18,Fall Rye,TREBIANO KWS,2021,,
18,Fall Rye,TREBIANO KWS,2022,,
18,Fall Rye,TREBIANO KWS,2023,,
18,Fall Rye,TREBIANO KWS,2024,774,93.8
18,Fall Rye,TREBIANO KWS,2025,1448,72.3
18,Field Peas,ADMIRAL DS,2021,522,16.9
18,Field Peas,ADMIRAL DS,2022,,
18,Field Peas,ADMIRAL DS,2023,,
18,Field Peas,ADMIRAL DS,2024,,
18,Field Peas,ADMIRAL DS,2025,497,48.1
18,Field Peas,ARDILL AAC,2021,5993,18.3
18,Field Peas,ARDILL AAC,2022,4210,34.7
18,Field Peas,ARDILL AAC,2023,2271,46.4
18,Field Peas,ARDILL AAC,2024,1744,30.5
18,Field Peas,ARDILL AAC,2025,917,45.2
18,Field Peas,BLAZER CDC,2021,,
18,Field Peas,BLAZER CDC,2022,,
18,Field Peas,BLAZER CDC,2023,,
18,Field Peas,BLAZER CDC,2024,,
18,Field Peas,BLAZER CDC,2025,946,48.6
18,Field Peas,CHROME AAC,2021,5208,13.0
18,Field Peas,CHROME AAC,2022,2599,37.1
18,Field Peas,CHROME AAC,2023,2249,40.3
18,Field Peas,CHROME AAC,2024,3353,52.3
18,Field Peas,CHROME AAC,2025,2014,62.9
18,Field Peas,CITRINE CDC,2021,,
18,Field Peas,CITRINE CDC,2022,,
18,Field Peas,CITRINE CDC,2023,,
18,Field Peas,CITRINE CDC,2024,,
18,Field Peas,CITRINE CDC,2025,430,42.2
18,Field Peas,FAIRWAY,2021,,
18,Field Peas,FAIRWAY,2022,,
18,Field Peas,FAIRWAY,2023,,
18,Field Peas,FAIRWAY,2024,,
18,Field Peas,FAIRWAY,2025,825,50.0
18,Field Peas,FOREST CDC,2021,1941,16.9
18,Field Peas,FOREST CDC,2022,1752,17.6
18,Field Peas,FOREST CDC,2023,,
18,Field Peas,FOREST CDC,2024,,
18,Field Peas,FOREST CDC,2025,1055,50.0
18,Field Peas,HICKIE CDC,2021,,
18,Field Peas,HICKIE CDC,2022,,
18,Field Peas,HICKIE CDC,2023,,
18,Field Peas,HICKIE CDC,2024,2614,34.0
18,Field Peas,HICKIE CDC,2025,4805,54.1
18,Field Peas,INCA CDC,2021,8764,12.4
18,Field Peas,INCA CDC,2022,5473,39.1
18,Field Peas,INCA CDC,2023,6583,21.0
18,Field Peas,INCA CDC,2024,7095,41.3
18,Field Peas,INCA CDC,2025,4938,47.9
18,Field Peas,JULIUS AAC,2021,,
18,Field Peas,JULIUS AAC,2022,,
18,Field Peas,JULIUS AAC,2023,,
18,Field Peas,JULIUS AAC,2024,,
18,Field Peas,JULIUS AAC,2025,1390,49.3
18,Field Peas,LEWOCHKO CDC,2021,3432,11.5
18,Field Peas,LEWOCHKO CDC,2022,3516,39.4
18,Field Peas,LEWOCHKO CDC,2023,3406,30.3
18,Field Peas,LEWOCHKO CDC,2024,1752,35.8
18,Field Peas,LEWOCHKO CDC,2025,754,38.0
18,Field Peas,LIMERICK CDC,2021,907,27.4
18,Field Peas,LIMERICK CDC,2022,,
18,Field Peas,LIMERICK CDC,2023,,
18,Field Peas,LIMERICK CDC,2024,,
18,Field Peas,LIMERICK CDC,2025,1293,64.9
18,Field Peas,MOSAIC CDC,2021,,
18,Field Peas,MOSAIC CDC,2022,,
18,Field Peas,MOSAIC CDC,2023,,
18,Field Peas,MOSAIC CDC,2024,1384,35.6
18,Field Peas,MOSAIC CDC,2025,658,55.8
18,Field Peas,PROFIT AAC,2021,,
18,Field Peas,PROFIT AAC,2022,,
18,Field Peas,PROFIT AAC,2023,1906,39.4
18,Field Peas,PROFIT AAC,2024,1098,41.4
18,Field Peas,PROFIT AAC,2025,5355,47.6
18,Field Peas,SPECTRUM CDC,2021,9060,16.2
18,Field Peas,SPECTRUM CDC,2022,3475,39.7
18,Field Peas,SPECTRUM CDC,2023,7110,38.0
18,Field Peas,SPECTRUM CDC,2024,6981,42.0
18,Field Peas,SPECTRUM CDC,2025,3430,52.5
18,Field Peas,SPRUCE CDC,2021,1050,11.3
18,Field Peas,SPRUCE CDC,2022,,
18,Field Peas,SPRUCE CDC,2023,,
18,Field Peas,SPRUCE CDC,2024,525,47.5
18,Field Peas,SPRUCE CDC,2025,569,42.7
18,Field Peas,TOLLEFSON CDC,2021,,
18,Field Peas,TOLLEFSON CDC,2022,,
18,Field Peas,TOLLEFSON CDC,2023,,
18,Field Peas,TOLLEFSON CDC,2024,,
18,Field Peas,TOLLEFSON CDC,2025,1951,45.1
18,Flax,ACC BRIGHT,2021,,
18,Flax,ACC BRIGHT,2022,,
18,Flax,ACC BRIGHT,2023,,
18,Flax,ACC BRIGHT,2024,,
18,Flax,ACC BRIGHT,2025,1235,38.8
18,Flax,GLAS CDC,2021,7506,7.8
18,Flax,GLAS CDC,2022,5264,20.0
18,Flax,GLAS CDC,2023,2223,18.1
18,Flax,GLAS CDC,2024,2251,21.3
18,Flax,GLAS CDC,2025,866,31.3
18,Flax,ROWLAND CDC,2021,,
18,Flax,ROWLAND CDC,2022,743,20.0
18,Flax,ROWLAND CDC,2023,790,9.8
18,Flax,ROWLAND CDC,2024,1088,17.4
18,Flax,ROWLAND CDC,2025,1917,31.1
18,IP Canola/Rapeseed,B3018N,2021,,
18,IP Canola/Rapeseed,B3018N,2022,,
18,IP Canola/Rapeseed,B3018N,2023,,
18,IP Canola/Rapeseed,B3018N,2024,2810,40.5
18,IP Canola/Rapeseed,B3018N,2025,1664,40.0
18,IP Canola/Rapeseed,B3901N,2021,,
18,IP Canola/Rapeseed,B3901N,2022,,
18,IP Canola/Rapeseed,B3901N,2023,,
18,IP Canola/Rapeseed,B3901N,2024,,
18,IP Canola/Rapeseed,B3901N,2025,5205,48.5
18,IP Canola/Rapeseed,DK903TF,2021,,
18,IP Canola/Rapeseed,DK903TF,2022,,
18,IP Canola/Rapeseed,DK903TF,2023,,
18,IP Canola/Rapeseed,DK903TF,2024,1492,38.8
18,IP Canola/Rapeseed,DK903TF,2025,667,38.4
18,IP Canola/Rapeseed,EVOLVE,2021,3818,11.1
18,IP Canola/Rapeseed,EVOLVE,2022,2316,20.5
18,IP Canola/Rapeseed,EVOLVE,2023,1240,28.1
18,IP Canola/Rapeseed,EVOLVE,2024,1034,30.2
18,IP Canola/Rapeseed,EVOLVE,2025,1841,35.9
18,IP Canola/Rapeseed,L358HPC,2021,,
18,IP Canola/Rapeseed,L358HPC,2022,,
18,IP Canola/Rapeseed,L358HPC,2023,,
18,IP Canola/Rapeseed,L358HPC,2024,49872,37.5
18,IP Canola/Rapeseed,L358HPC,2025,48219,46.9
18,IP Canola/Rapeseed,V25-6T,2021,,
18,IP Canola/Rapeseed,V25-6T,2022,,
18,IP Canola/Rapeseed,V25-6T,2023,,
18,IP Canola/Rapeseed,V25-6T,2024,3813,34.9
18,IP Canola/Rapeseed,V25-6T,2025,1309,43.7
18,IP Canola/Rapeseed,1028 RR,2021,7086,15.2
18,IP Canola/Rapeseed,1028 RR,2022,8627,32.8
18,IP Canola/Rapeseed,1028 RR,2023,1746,41.5
18,IP Canola/Rapeseed,1028 RR,2024,650,32.8
18,IP Canola/Rapeseed,1028 RR,2025,1733,35.5
18,Oats,ANSON CDC,2021,,
18,Oats,ANSON CDC,2022,,
18,Oats,ANSON CDC,2023,,
18,Oats,ANSON CDC,2024,,
18,Oats,ANSON CDC,2025,997,127.9
18,Oats,ARBORG CDC,2021,3001,20.4
18,Oats,ARBORG CDC,2022,5097,80.0
18,Oats,ARBORG CDC,2023,3948,81.8
18,Oats,ARBORG CDC,2024,6758,70.6
18,Oats,ARBORG CDC,2025,6034,98.9
18,Oats,CAMDEN CS,2021,5817,32.6
18,Oats,CAMDEN CS,2022,11630,99.4
18,Oats,CAMDEN CS,2023,2098,65.6
18,Oats,CAMDEN CS,2024,3014,100.2
18,Oats,CAMDEN CS,2025,3606,93.6
18,Oats,ENDURE CDC,2021,444,42.9
18,Oats,ENDURE CDC,2022,1355,83.7
18,Oats,ENDURE CDC,2023,2889,43.4
18,Oats,ENDURE CDC,2024,1256,40.4
18,Oats,ENDURE CDC,2025,834,63.6
18,Oats,HAYMAKER CDC,2021,574,30.4
18,Oats,HAYMAKER CDC,2022,727,54.5
18,Oats,HAYMAKER CDC,2023,2224,61.3
18,Oats,HAYMAKER CDC,2024,1011,59.3
18,Oats,HAYMAKER CDC,2025,1400,68.8
18,Oats,MORGAN AC,2021,4475,34.5
18,Oats,MORGAN AC,2022,16745,61.7
18,Oats,MORGAN AC,2023,5071,98.3
18,Oats,MORGAN AC,2024,9551,72.7
18,Oats,MORGAN AC,2025,8852,78.8
18,Wheat - Durum,STRONGHOLD AAC,2021,,
18,Wheat - Durum,STRONGHOLD AAC,2022,,
18,Wheat - Durum,STRONGHOLD AAC,2023,,
18,Wheat - Durum,STRONGHOLD AAC,2024,,
18,Wheat - Durum,STRONGHOLD AAC,2025,2310,67.5
18,Wheat - Hard Red Spring,ALIDA VB AAC,2021,27909,21.4
18,Wheat - Hard Red Spring,ALIDA VB AAC,2022,31444,38.5
18,Wheat - Hard Red Spring,ALIDA VB AAC,2023,26829,35.5
18,Wheat - Hard Red Spring,ALIDA VB AAC,2024,13287,50.3
18,Wheat - Hard Red Spring,ALIDA VB AAC,2025,6716,52.7
18,Wheat - Hard Red Spring,BRANDON AAC,2021,62612,22.9
18,Wheat - Hard Red Spring,BRANDON AAC,2022,66331,47.6
18,Wheat - Hard Red Spring,BRANDON AAC,2023,69464,50.3
18,Wheat - Hard Red Spring,BRANDON AAC,2024,45885,55.8
18,Wheat - Hard Red Spring,BRANDON AAC,2025,29185,57.0
18,Wheat - Hard Red Spring,BROADACRES AAC,2021,,
18,Wheat - Hard Red Spring,BROADACRES AAC,2022,,
18,Wheat - Hard Red Spring,BROADACRES AAC,2023,585,44.4
18,Wheat - Hard Red Spring,BROADACRES AAC,2024,6598,59.8
18,Wheat - Hard Red Spring,BROADACRES AAC,2025,3639,57.4
18,Wheat - Hard Red Spring,CAMERON AAC,2021,4386,21.4
18,Wheat - Hard Red Spring,CAMERON AAC,2022,1658,39.6
18,Wheat - Hard Red Spring,CAMERON AAC,2023,1200,30.7
18,Wheat - Hard Red Spring,CAMERON AAC,2024,2289,43.9
18,Wheat - Hard Red Spring,CAMERON AAC,2025,2295,58.3
18,Wheat - Hard Red Spring,CARBERRY,2021,2122,12.6
18,Wheat - Hard Red Spring,CARBERRY,2022,1272,36.6
18,Wheat - Hard Red Spring,CARBERRY,2023,2566,24.8
18,Wheat - Hard Red Spring,CARBERRY,2024,2228,40.1
18,Wheat - Hard Red Spring,CARBERRY,2025,2326,47.7
18,Wheat - Hard Red Spring,HOCKLEY AAC,2021,,
18,Wheat - Hard Red Spring,HOCKLEY AAC,2022,,
18,Wheat - Hard Red Spring,HOCKLEY AAC,2023,1567,73.1
18,Wheat - Hard Red Spring,HOCKLEY AAC,2024,13849,57.0
18,Wheat - Hard Red Spring,HOCKLEY AAC,2025,11542,58.7
18,Wheat - Hard Red Spring,HODGE AAC VB,2021,,
18,Wheat - Hard Red Spring,HODGE AAC VB,2022,,
18,Wheat - Hard Red Spring,HODGE AAC VB,2023,2368,50.6
18,Wheat - Hard Red Spring,HODGE AAC VB,2024,13474,52.8
18,Wheat - Hard Red Spring,HODGE AAC VB,2025,13534,57.2
18,Wheat - Hard Red Spring,HUGHES CDC VB,2021,1629,23.1
18,Wheat - Hard Red Spring,HUGHES CDC VB,2022,928,16.9
18,Wheat - Hard Red Spring,HUGHES CDC VB,2023,3230,34.4
18,Wheat - Hard Red Spring,HUGHES CDC VB,2024,456,46.2
18,Wheat - Hard Red Spring,HUGHES CDC VB,2025,641,59.0
18,Wheat - Hard Red Spring,JATHARIA VB AAC,2021,6081,17.6
18,Wheat - Hard Red Spring,JATHARIA VB AAC,2022,3370,39.6
18,Wheat - Hard Red Spring,JATHARIA VB AAC,2023,4124,29.3
18,Wheat - Hard Red Spring,JATHARIA VB AAC,2024,1348,53.5
18,Wheat - Hard Red Spring,JATHARIA VB AAC,2025,959,43.3
18,Wheat - Hard Red Spring,LANDMARK CDC,2021,34827,22.5
18,Wheat - Hard Red Spring,LANDMARK CDC,2022,25818,41.6
18,Wheat - Hard Red Spring,LANDMARK CDC,2023,17588,40.1
18,Wheat - Hard Red Spring,LANDMARK CDC,2024,9447,52.4
18,Wheat - Hard Red Spring,LANDMARK CDC,2025,4606,61.2
18,Wheat - Hard Red Spring,LEROY AAC VB,2021,3394,31.5
18,Wheat - Hard Red Spring,LEROY AAC VB,2022,5224,40.2
18,Wheat - Hard Red Spring,LEROY AAC VB,2023,6099,49.8
18,Wheat - Hard Red Spring,LEROY AAC VB,2024,10569,45.6
18,Wheat - Hard Red Spring,LEROY AAC VB,2025,4006,51.0
18,Wheat - Hard Red Spring,OAKMAN AAC,2021,,
18,Wheat - Hard Red Spring,OAKMAN AAC,2022,,
18,Wheat - Hard Red Spring,OAKMAN AAC,2023,,
18,Wheat - Hard Red Spring,OAKMAN AAC,2024,,
18,Wheat - Hard Red Spring,OAKMAN AAC,2025,560,66.7
18,Wheat - Hard Red Spring,REDBERRY AAC,2021,4364,21.0
18,Wheat - Hard Red Spring,REDBERRY AAC,2022,514,40.5
18,Wheat - Hard Red Spring,REDBERRY AAC,2023,1165,37.3
18,Wheat - Hard Red Spring,REDBERRY AAC,2024,1233,42.3
18,Wheat - Hard Red Spring,REDBERRY AAC,2025,605,47.7
18,Wheat - Hard Red Spring,STARBUCK AAC VB,2021,6417,23.8
18,Wheat - Hard Red Spring,STARBUCK AAC VB,2022,29088,44.8
18,Wheat - Hard Red Spring,STARBUCK AAC VB,2023,47274,48.9
18,Wheat - Hard Red Spring,STARBUCK AAC VB,2024,57998,54.1
18,Wheat - Hard Red Spring,STARBUCK AAC VB,2025,41682,58.7
18,Wheat - Hard Red Spring,STOUGHTON AAC,2021,,
18,Wheat - Hard Red Spring,STOUGHTON AAC,2022,,
18,Wheat - Hard Red Spring,STOUGHTON AAC,2023,,
18,Wheat - Hard Red Spring,STOUGHTON AAC,2024,,
18,Wheat - Hard Red Spring,STOUGHTON AAC,2025,752,65.0
18,Wheat - Hard Red Spring,VIEWFIELD AAC,2021,27652,26.9
18,Wheat - Hard Red Spring,VIEWFIELD AAC,2022,28446,51.0
18,Wheat - Hard Red Spring,VIEWFIELD AAC,2023,23619,59.9
18,Wheat - Hard Red Spring,VIEWFIELD AAC,2024,14537,57.8
18,Wheat - Hard Red Spring,VIEWFIELD AAC,2025,20397,56.4
18,Wheat - Hard Red Spring,WHEATLAND VB AAC,2021,7169,24.6
18,Wheat - Hard Red Spring,WHEATLAND VB AAC,2022,26760,48.2
18,Wheat - Hard Red Spring,WHEATLAND VB AAC,2023,41614,46.5
18,Wheat - Hard Red Spring,WHEATLAND VB AAC,2024,70997,53.7
18,Wheat - Hard Red Spring,WHEATLAND VB AAC,2025,84487,63.9
18,Canary Seed,KEET,2021,,
18,Canary Seed,KEET,2022,,
18,Canary Seed,KEET,2023,,
18,Canary Seed,KEET,2024,,
18,Canary Seed,KEET,2025,425,1303
18,Chickpea,- Large Kabuli ORKNEY CDC,2021,,
18,Chickpea,- Large Kabuli ORKNEY CDC,2022,,
18,Chickpea,- Large Kabuli ORKNEY CDC,2023,,
18,Chickpea,- Large Kabuli ORKNEY CDC,2024,,
18,Chickpea,- Large Kabuli ORKNEY CDC,2025,2179,2681
18,Lentils - Large Green,LIMA CDC,2021,1568,752
18,Lentils - Large Green,LIMA CDC,2022,,
18,Lentils - Large Green,LIMA CDC,2023,523,476
18,Lentils - Large Green,LIMA CDC,2024,1006,1446
18,Lentils - Large Green,LIMA CDC,2025,1579,1693
18,Lentils,- Other IMVINCIBLE CDC CL,2021,484,553
18,Lentils,- Other IMVINCIBLE CDC CL,2022,,
18,Lentils,- Other IMVINCIBLE CDC CL,2023,2065,1559
18,Lentils,- Other IMVINCIBLE CDC CL,2024,,
18,Lentils,- Other IMVINCIBLE CDC CL,2025,3059,1938
18,Lentils,JIMINI CDC CL,2021,,
18,Lentils,JIMINI CDC CL,2022,,
18,Lentils,JIMINI CDC CL,2023,1325,1711
18,Lentils,JIMINI CDC CL,2024,3077,1689
18,Lentils,JIMINI CDC CL,2025,5871,2632
18,Lentils,PERIDOT CDC CL,2021,409,335
18,Lentils,PERIDOT CDC CL,2022,565,1056
18,Lentils,PERIDOT CDC CL,2023,2270,1889
18,Lentils,PERIDOT CDC CL,2024,2386,1698
18,Lentils,PERIDOT CDC CL,2025,1040,1845
18,Lentils - Red,IMPULSE,2021,6678,783
18,Lentils - Red,IMPULSE,2022,3318,1149
18,Lentils - Red,IMPULSE,2023,4085,1118
18,Lentils - Red,IMPULSE,2024,4542,1585
18,Lentils - Red,IMPULSE,2025,4188,2335
18,Lentils - Red,MAXIM CDC,2021,8820,670
18,Lentils - Red,MAXIM CDC,2022,4953,1462
18,Lentils - Red,MAXIM CDC,2023,2535,1493
18,Lentils - Red,MAXIM CDC,2024,2861,1578
18,Lentils - Red,MAXIM CDC,2025,2035,1872
18,Lentils - Red,NIMBLE,2021,545,681
18,Lentils - Red,NIMBLE,2022,,
18,Lentils - Red,NIMBLE,2023,1017,2526
18,Lentils - Red,NIMBLE,2024,1127,1477
18,Lentils - Red,NIMBLE,2025,2474,2575
18,Lentils - Red,PROCLAIM CDC,2021,11215,869
18,Lentils - Red,PROCLAIM CDC,2022,3624,1638
18,Lentils - Red,PROCLAIM CDC,2023,2899,1836
18,Lentils - Red,PROCLAIM CDC,2024,4482,2041
18,Lentils - Red,PROCLAIM CDC,2025,4093,2769
18,Lentils - Red,SIMMIE CDC,2021,3715,701
18,Lentils - Red,SIMMIE CDC,2022,5284,1325
18,Lentils - Red,SIMMIE CDC,2023,6933,1567
18,Lentils - Red,SIMMIE CDC,2024,9454,1788
18,Lentils - Red,SIMMIE CDC,2025,11397,2650
19,Barley,ADVANTAGE AB,2021,,
19,Barley,ADVANTAGE AB,2022,,
19,Barley,ADVANTAGE AB,2023,590,52.9
19,Barley,ADVANTAGE AB,2024,,
19,Barley,ADVANTAGE AB,2025,574,77.6
19,Barley,ALTORADO,2021,757,47.6
19,Barley,ALTORADO,2022,990,59.8
19,Barley,ALTORADO,2023,1227,51.2
19,Barley,ALTORADO,2024,1153,71.3
19,Barley,ALTORADO,2025,4170,114.1
19,Barley,CHURCHILL CDC,2021,,
19,Barley,CHURCHILL CDC,2022,,
19,Barley,CHURCHILL CDC,2023,1938,81.0
19,Barley,CHURCHILL CDC,2024,1494,61.8
19,Barley,CHURCHILL CDC,2025,1852,58.0
19,Barley,CLAYMORE,2021,1637,42.7
19,Barley,CLAYMORE,2022,5761,75.4
19,Barley,CLAYMORE,2023,6391,69.3
19,Barley,CLAYMORE,2024,2865,81.1
19,Barley,CLAYMORE,2025,3188,90.8
19,Barley,FRASER CDC,2021,,
19,Barley,FRASER CDC,2022,,
19,Barley,FRASER CDC,2023,773,85.6
19,Barley,FRASER CDC,2024,1612,68.8
19,Barley,FRASER CDC,2025,2609,88.6
19,Barley,GOLDSTAR,2021,,
19,Barley,GOLDSTAR,2022,,
19,Barley,GOLDSTAR,2023,1069,45.0
19,Barley,GOLDSTAR,2024,,
19,Barley,GOLDSTAR,2025,,
19,Barley,GOLDSTAR CDC,2021,,
19,Barley,GOLDSTAR CDC,2022,,
19,Barley,GOLDSTAR CDC,2023,,
19,Barley,GOLDSTAR CDC,2024,,
19,Barley,GOLDSTAR CDC,2025,1503,94.1
19,Barley,MAVERICK CDC,2021,449,16.3
19,Barley,MAVERICK CDC,2022,1748,66.2
19,Barley,MAVERICK CDC,2023,718,60.5
19,Barley,MAVERICK CDC,2024,1264,60.6
19,Barley,MAVERICK CDC,2025,721,87.8
19,Barley,RENEGADE CDC,2021,,
19,Barley,RENEGADE CDC,2022,,
19,Barley,RENEGADE CDC,2023,,
19,Barley,RENEGADE CDC,2024,,
19,Barley,RENEGADE CDC,2025,614,72.2
19,Barley,SYNERGY AAC,2021,845,47.6
19,Barley,SYNERGY AAC,2022,851,68.6
19,Barley,SYNERGY AAC,2023,442,85.5
19,Barley,SYNERGY AAC,2024,1553,75.4
19,Barley,SYNERGY AAC,2025,2073,91.5
19,Canola/Rapeseed,BY 6217TF,2021,,
19,Canola/Rapeseed,BY 6217TF,2022,,
19,Canola/Rapeseed,BY 6217TF,2023,570,34.6
19,Canola/Rapeseed,BY 6217TF,2024,1422,31.5
19,Canola/Rapeseed,BY 6217TF,2025,786,57.3
19,Canola/Rapeseed,CS3300 TF,2021,,
19,Canola/Rapeseed,CS3300 TF,2022,,
19,Canola/Rapeseed,CS3300 TF,2023,,
19,Canola/Rapeseed,CS3300 TF,2024,,
19,Canola/Rapeseed,CS3300 TF,2025,2544,47.4
19,Canola/Rapeseed,CS4000 LL,2021,615,20.9
19,Canola/Rapeseed,CS4000 LL,2022,1247,42.4
19,Canola/Rapeseed,CS4000 LL,2023,4752,35.3
19,Canola/Rapeseed,CS4000 LL,2024,1964,32.8
19,Canola/Rapeseed,CS4000 LL,2025,525,44.3
19,Canola/Rapeseed,CS4100 LL,2021,,
19,Canola/Rapeseed,CS4100 LL,2022,,
19,Canola/Rapeseed,CS4100 LL,2023,,
19,Canola/Rapeseed,CS4100 LL,2024,,
19,Canola/Rapeseed,CS4100 LL,2025,1965,45.4
19,Canola/Rapeseed,DK 801 LL,2021,,
19,Canola/Rapeseed,DK 801 LL,2022,,
19,Canola/Rapeseed,DK 801 LL,2023,,
19,Canola/Rapeseed,DK 801 LL,2024,,
19,Canola/Rapeseed,DK 801 LL,2025,1190,50.8
19,Canola/Rapeseed,DK401TK,2021,,
19,Canola/Rapeseed,DK401TK,2022,,
19,Canola/Rapeseed,DK401TK,2023,,
19,Canola/Rapeseed,DK401TK,2024,,
19,Canola/Rapeseed,DK401TK,2025,7773,53.7
19,Canola/Rapeseed,DK401TL,2021,,
19,Canola/Rapeseed,DK401TL,2022,,
19,Canola/Rapeseed,DK401TL,2023,,
19,Canola/Rapeseed,DK401TL,2024,,
19,Canola/Rapeseed,DK401TL,2025,1575,46.0
19,Canola/Rapeseed,DK800LL,2021,,
19,Canola/Rapeseed,DK800LL,2022,,
19,Canola/Rapeseed,DK800LL,2023,,
19,Canola/Rapeseed,DK800LL,2024,,
19,Canola/Rapeseed,DK800LL,2025,1452,46.4
19,Canola/Rapeseed,DK801LL,2021,,
19,Canola/Rapeseed,DK801LL,2022,,
19,Canola/Rapeseed,DK801LL,2023,,
19,Canola/Rapeseed,DK801LL,2024,,
19,Canola/Rapeseed,DK801LL,2025,1198,48.4
19,Canola/Rapeseed,DK900TF,2021,,
19,Canola/Rapeseed,DK900TF,2022,,
19,Canola/Rapeseed,DK900TF,2023,3359,40.7
19,Canola/Rapeseed,DK900TF,2024,4025,30.1
19,Canola/Rapeseed,DK900TF,2025,1359,46.9
19,Canola/Rapeseed,DK902TF,2021,,
19,Canola/Rapeseed,DK902TF,2022,,
19,Canola/Rapeseed,DK902TF,2023,2082,39.9
19,Canola/Rapeseed,DK902TF,2024,2261,38.6
19,Canola/Rapeseed,DK902TF,2025,1750,53.4
19,Canola/Rapeseed,LR354PC,2021,,
19,Canola/Rapeseed,LR354PC,2022,,
19,Canola/Rapeseed,LR354PC,2023,1009,27.7
19,Canola/Rapeseed,LR354PC,2024,,
19,Canola/Rapeseed,LR354PC,2025,695,49.4
19,Canola/Rapeseed,L233P,2021,15225,20.2
19,Canola/Rapeseed,L233P,2022,11773,28.8
19,Canola/Rapeseed,L233P,2023,6749,30.8
19,Canola/Rapeseed,L233P,2024,2867,34.6
19,Canola/Rapeseed,L233P,2025,473,49.4
19,Canola/Rapeseed,L330PC,2021,,
19,Canola/Rapeseed,L330PC,2022,,
19,Canola/Rapeseed,L330PC,2023,,
19,Canola/Rapeseed,L330PC,2024,,
19,Canola/Rapeseed,L330PC,2025,8805,53.7
19,Canola/Rapeseed,L333PC,2021,,
19,Canola/Rapeseed,L333PC,2022,,
19,Canola/Rapeseed,L333PC,2023,,
19,Canola/Rapeseed,L333PC,2024,,
19,Canola/Rapeseed,L333PC,2025,4268,53.7
19,Canola/Rapeseed,L340PC,2021,15054,24.9
19,Canola/Rapeseed,L340PC,2022,29254,37.3
19,Canola/Rapeseed,L340PC,2023,32370,40.0
19,Canola/Rapeseed,L340PC,2024,41125,36.4
19,Canola/Rapeseed,L340PC,2025,44159,51.9
19,Canola/Rapeseed,L343PC,2021,,
19,Canola/Rapeseed,L343PC,2022,4167,33.5
19,Canola/Rapeseed,L343PC,2023,2338,34.1
19,Canola/Rapeseed,L343PC,2024,1597,33.5
19,Canola/Rapeseed,L343PC,2025,1187,47.7
19,Canola/Rapeseed,L345PC,2021,23056,24.9
19,Canola/Rapeseed,L345PC,2022,20979,35.6
19,Canola/Rapeseed,L345PC,2023,18556,31.7
19,Canola/Rapeseed,L345PC,2024,21060,34.6
19,Canola/Rapeseed,L345PC,2025,6855,48.8
19,Canola/Rapeseed,L350PC,2021,,
19,Canola/Rapeseed,L350PC,2022,,
19,Canola/Rapeseed,L350PC,2023,7052,42.3
19,Canola/Rapeseed,L350PC,2024,4054,37.6
19,Canola/Rapeseed,L350PC,2025,3318,52.7
19,Canola/Rapeseed,L356PC,2021,,
19,Canola/Rapeseed,L356PC,2022,3244,42.2
19,Canola/Rapeseed,L356PC,2023,13125,39.4
19,Canola/Rapeseed,L356PC,2024,15874,36.2
19,Canola/Rapeseed,L356PC,2025,16642,51.1
19,Canola/Rapeseed,PV 660 LCM,2021,,
19,Canola/Rapeseed,PV 660 LCM,2022,4811,37.4
19,Canola/Rapeseed,PV 660 LCM,2023,4132,31.0
19,Canola/Rapeseed,PV 660 LCM,2024,475,36.2
19,Canola/Rapeseed,PV 660 LCM,2025,948,30.3
19,Canola/Rapeseed,PV 661 LCM,2021,,
19,Canola/Rapeseed,PV 661 LCM,2022,,
19,Canola/Rapeseed,PV 661 LCM,2023,,
19,Canola/Rapeseed,PV 661 LCM,2024,6921,29.9
19,Canola/Rapeseed,PV 661 LCM,2025,1575,47.7
19,Canola/Rapeseed,PV 681 LC,2021,10751,22.9
19,Canola/Rapeseed,PV 681 LC,2022,3492,41.7
19,Canola/Rapeseed,PV 681 LC,2023,4131,39.6
19,Canola/Rapeseed,PV 681 LC,2024,2651,34.8
19,Canola/Rapeseed,PV 681 LC,2025,1449,45.1
19,Canola/Rapeseed,PV 760 TM,2021,2983,24.1
19,Canola/Rapeseed,PV 760 TM,2022,1804,26.4
19,Canola/Rapeseed,PV 760 TM,2023,4781,31.5
19,Canola/Rapeseed,PV 760 TM,2024,2780,29.4
19,Canola/Rapeseed,PV 760 TM,2025,1228,49.0
19,Canola/Rapeseed,PV 781 TCM,2021,,
19,Canola/Rapeseed,PV 781 TCM,2022,,
19,Canola/Rapeseed,PV 781 TCM,2023,3432,37.7
19,Canola/Rapeseed,PV 781 TCM,2024,2479,28.6
19,Canola/Rapeseed,PV 781 TCM,2025,1445,41.0
19,Canola/Rapeseed,PV661 LCM,2021,,
19,Canola/Rapeseed,PV661 LCM,2022,,
19,Canola/Rapeseed,PV661 LCM,2023,1571,25.5
19,Canola/Rapeseed,PV661 LCM,2024,3423,33.6
19,Canola/Rapeseed,PV661 LCM,2025,2287,47.1
19,Canola/Rapeseed,PV783,2021,,
19,Canola/Rapeseed,PV783,2022,,
19,Canola/Rapeseed,PV783,2023,,
19,Canola/Rapeseed,PV783,2024,,
19,Canola/Rapeseed,PV783,2025,1030,49.4
19,Canola/Rapeseed,P1530G,2021,,
19,Canola/Rapeseed,P1530G,2022,,
19,Canola/Rapeseed,P1530G,2023,,
19,Canola/Rapeseed,P1530G,2024,,
19,Canola/Rapeseed,P1530G,2025,1211,50.5
19,Canola/Rapeseed,P1540L,2021,,
19,Canola/Rapeseed,P1540L,2022,,
19,Canola/Rapeseed,P1540L,2023,,
19,Canola/Rapeseed,P1540L,2024,,
19,Canola/Rapeseed,P1540L,2025,463,48.0
19,Canola/Rapeseed,P505MSL,2021,4394,24.6
19,Canola/Rapeseed,P505MSL,2022,3835,38.2
19,Canola/Rapeseed,P505MSL,2023,8383,38.1
19,Canola/Rapeseed,P505MSL,2024,9474,32.1
19,Canola/Rapeseed,P505MSL,2025,7411,51.7
19,Canola/Rapeseed,P515G,2021,,
19,Canola/Rapeseed,P515G,2022,,
19,Canola/Rapeseed,P515G,2023,1594,39.2
19,Canola/Rapeseed,P515G,2024,2417,35.2
19,Canola/Rapeseed,P515G,2025,4851,47.6
19,Canola/Rapeseed,P516L,2021,,
19,Canola/Rapeseed,P516L,2022,,
19,Canola/Rapeseed,P516L,2023,3665,34.3
19,Canola/Rapeseed,P516L,2024,12226,30.7
19,Canola/Rapeseed,P516L,2025,2634,42.2
19,Canola/Rapeseed,P519L,2021,,
19,Canola/Rapeseed,P519L,2022,,
19,Canola/Rapeseed,P519L,2023,,
19,Canola/Rapeseed,P519L,2024,1058,37.5
19,Canola/Rapeseed,P519L,2025,3197,48.3
19,Canola/Rapeseed,P520L,2021,,
19,Canola/Rapeseed,P520L,2022,,
19,Canola/Rapeseed,P520L,2023,,
19,Canola/Rapeseed,P520L,2024,,
19,Canola/Rapeseed,P520L,2025,9956,47.1
19,Canola/Rapeseed,P612L,2021,,
19,Canola/Rapeseed,P612L,2022,,
19,Canola/Rapeseed,P612L,2023,5198,36.3
19,Canola/Rapeseed,P612L,2024,3224,33.3
19,Canola/Rapeseed,P612L,2025,1310,39.7
19,Field Peas,ARDILL AAC,2021,4091,23.2
19,Field Peas,ARDILL AAC,2022,2767,31.1
19,Field Peas,ARDILL AAC,2023,3037,37.5
19,Field Peas,ARDILL AAC,2024,2713,34.0
19,Field Peas,ARDILL AAC,2025,1097,50.3
19,Field Peas,CARVER AAC,2021,3306,23.4
19,Field Peas,CARVER AAC,2022,3330,33.3
19,Field Peas,CARVER AAC,2023,2248,36.7
19,Field Peas,CARVER AAC,2024,2516,39.5
19,Field Peas,CARVER AAC,2025,1179,43.7
19,Field Peas,FOREST CDC,2021,1477,17.7
19,Field Peas,FOREST CDC,2022,1565,43.1
19,Field Peas,FOREST CDC,2023,2036,46.1
19,Field Peas,FOREST CDC,2024,2172,36.8
19,Field Peas,FOREST CDC,2025,1414,46.7
19,Field Peas,GREENWATER,2021,,
19,Field Peas,GREENWATER,2022,,
19,Field Peas,GREENWATER,2023,,
19,Field Peas,GREENWATER,2024,679,46.3
19,Field Peas,GREENWATER,2025,1608,53.5
19,Field Peas,JULIUS AAC,2021,,
19,Field Peas,JULIUS AAC,2022,,
19,Field Peas,JULIUS AAC,2023,,
19,Field Peas,JULIUS AAC,2024,,
19,Field Peas,JULIUS AAC,2025,1701,60.5
19,Field Peas,LEWOCHKO CDC,2021,1255,17.4
19,Field Peas,LEWOCHKO CDC,2022,,
19,Field Peas,LEWOCHKO CDC,2023,2066,34.4
19,Field Peas,LEWOCHKO CDC,2024,732,27.1
19,Field Peas,LEWOCHKO CDC,2025,1357,57.2
19,Field Peas,LIMERICK CDC,2021,1810,22.6
19,Field Peas,LIMERICK CDC,2022,965,35.0
19,Field Peas,LIMERICK CDC,2023,,
19,Field Peas,LIMERICK CDC,2024,542,21.9
19,Field Peas,LIMERICK CDC,2025,1251,50.3
19,Field Peas,MEADOW CDC,2021,3721,24.5
19,Field Peas,MEADOW CDC,2022,1625,42.0
19,Field Peas,MEADOW CDC,2023,3766,38.2
19,Field Peas,MEADOW CDC,2024,1571,33.5
19,Field Peas,MEADOW CDC,2025,1959,54.4
19,Field Peas,MOSAIC CDC,2021,,
19,Field Peas,MOSAIC CDC,2022,,
19,Field Peas,MOSAIC CDC,2023,,
19,Field Peas,MOSAIC CDC,2024,,
19,Field Peas,MOSAIC CDC,2025,1131,46.1
19,Field Peas,PROFIT AAC,2021,,
19,Field Peas,PROFIT AAC,2022,1098,36.9
19,Field Peas,PROFIT AAC,2023,853,44.8
19,Field Peas,PROFIT AAC,2024,890,32.5
19,Field Peas,PROFIT AAC,2025,1594,41.9
19,Field Peas,RIDER CDC,2021,,
19,Field Peas,RIDER CDC,2022,,
19,Field Peas,RIDER CDC,2023,,
19,Field Peas,RIDER CDC,2024,,
19,Field Peas,RIDER CDC,2025,890,60.4
19,Field Peas,SPECTRUM CDC,2021,6074,21.7
19,Field Peas,SPECTRUM CDC,2022,4627,31.8
19,Field Peas,SPECTRUM CDC,2023,8371,39.4
19,Field Peas,SPECTRUM CDC,2024,3618,37.7
19,Field Peas,SPECTRUM CDC,2025,1552,61.8
19,Flax,GLAS CDC,2021,3775,14.2
19,Flax,GLAS CDC,2022,2840,32.0
19,Flax,GLAS CDC,2023,946,23.6
19,Flax,GLAS CDC,2024,1486,20.9
19,Flax,GLAS CDC,2025,1378,33.4
19,Flax,ROWLAND CDC,2021,,
19,Flax,ROWLAND CDC,2022,,
19,Flax,ROWLAND CDC,2023,,
19,Flax,ROWLAND CDC,2024,,
19,Flax,ROWLAND CDC,2025,608,39.8
19,IP Canola/Rapeseed,B3018N,2021,,
19,IP Canola/Rapeseed,B3018N,2022,,
19,IP Canola/Rapeseed,B3018N,2023,,
19,IP Canola/Rapeseed,B3018N,2024,,
19,IP Canola/Rapeseed,B3018N,2025,931,39.4
19,IP Canola/Rapeseed,L358HPC,2021,,
19,IP Canola/Rapeseed,L358HPC,2022,,
19,IP Canola/Rapeseed,L358HPC,2023,,
19,IP Canola/Rapeseed,L358HPC,2024,3254,40.5
19,IP Canola/Rapeseed,L358HPC,2025,2827,49.2
19,IP Canola/Rapeseed,V25-3T,2021,,
19,IP Canola/Rapeseed,V25-3T,2022,674,29.3
19,IP Canola/Rapeseed,V25-3T,2023,1604,35.8
19,IP Canola/Rapeseed,V25-3T,2024,,
19,IP Canola/Rapeseed,V25-3T,2025,1118,31.2
19,IP Canola/Rapeseed,V25-6T,2021,,
19,IP Canola/Rapeseed,V25-6T,2022,,
19,IP Canola/Rapeseed,V25-6T,2023,,
19,IP Canola/Rapeseed,V25-6T,2024,889,32.5
19,IP Canola/Rapeseed,V25-6T,2025,1056,51.6
19,Oats,SO-1 CDC,2021,,
19,Oats,SO-1 CDC,2022,,
19,Oats,SO-1 CDC,2023,,
19,Oats,SO-1 CDC,2024,,
19,Oats,SO-1 CDC,2025,526,79.7
19,Wheat,- Canada Prairie ANDREW AC,2021,1660,38.4
19,Wheat,- Canada Prairie ANDREW AC,2022,1222,49.3
19,Wheat,- Canada Prairie ANDREW AC,2023,4598,56.2
19,Wheat,- Canada Prairie ANDREW AC,2024,,
19,Wheat,- Canada Prairie ANDREW AC,2025,888,69.9
19,Wheat,FORAY AAC,2021,,
19,Wheat,FORAY AAC,2022,,
19,Wheat,FORAY AAC,2023,2363,68.2
19,Wheat,FORAY AAC,2024,1034,44.7
19,Wheat,FORAY AAC,2025,1182,61.5
19,Wheat,RORKE SY,2021,,
19,Wheat,RORKE SY,2022,,
19,Wheat,RORKE SY,2023,,
19,Wheat,RORKE SY,2024,,
19,Wheat,RORKE SY,2025,4052,77.3
19,Wheat - Hard Red Spring,ALIDA VB AAC,2021,12819,31.7
19,Wheat - Hard Red Spring,ALIDA VB AAC,2022,13874,43.2
19,Wheat - Hard Red Spring,ALIDA VB AAC,2023,6841,44.9
19,Wheat - Hard Red Spring,ALIDA VB AAC,2024,8989,48.5
19,Wheat - Hard Red Spring,ALIDA VB AAC,2025,5428,53.1
19,Wheat - Hard Red Spring,BRANDON AAC,2021,27453,41.3
19,Wheat - Hard Red Spring,BRANDON AAC,2022,21160,41.3
19,Wheat - Hard Red Spring,BRANDON AAC,2023,26058,42.6
19,Wheat - Hard Red Spring,BRANDON AAC,2024,16440,51.3
19,Wheat - Hard Red Spring,BRANDON AAC,2025,13035,63.7
19,Wheat - Hard Red Spring,BROADACRES AAC,2021,,
19,Wheat - Hard Red Spring,BROADACRES AAC,2022,,
19,Wheat - Hard Red Spring,BROADACRES AAC,2023,2245,43.5
19,Wheat - Hard Red Spring,BROADACRES AAC,2024,13337,50.6
19,Wheat - Hard Red Spring,BROADACRES AAC,2025,19156,67.5
19,Wheat - Hard Red Spring,CARBERRY,2021,,
19,Wheat - Hard Red Spring,CARBERRY,2022,1040,34.6
19,Wheat - Hard Red Spring,CARBERRY,2023,,
19,Wheat - Hard Red Spring,CARBERRY,2024,562,43.0
19,Wheat - Hard Red Spring,CARBERRY,2025,1575,50.9
19,Wheat - Hard Red Spring,ELIE AAC,2021,6846,22.4
19,Wheat - Hard Red Spring,ELIE AAC,2022,3792,40.2
19,Wheat - Hard Red Spring,ELIE AAC,2023,1398,40.7
19,Wheat - Hard Red Spring,ELIE AAC,2024,4122,49.5
19,Wheat - Hard Red Spring,ELIE AAC,2025,645,60.2
19,Wheat - Hard Red Spring,HOCKLEY AAC,2021,,
19,Wheat - Hard Red Spring,HOCKLEY AAC,2022,,
19,Wheat - Hard Red Spring,HOCKLEY AAC,2023,781,53.9
19,Wheat - Hard Red Spring,HOCKLEY AAC,2024,4122,49.6
19,Wheat - Hard Red Spring,HOCKLEY AAC,2025,9473,60.2
19,Wheat - Hard Red Spring,HODGE AAC VB,2021,,
19,Wheat - Hard Red Spring,HODGE AAC VB,2022,,
19,Wheat - Hard Red Spring,HODGE AAC VB,2023,2272,56.9
19,Wheat - Hard Red Spring,HODGE AAC VB,2024,11637,47.2
19,Wheat - Hard Red Spring,HODGE AAC VB,2025,13315,69.3
19,Wheat - Hard Red Spring,HUGHES CDC VB,2021,7175,31.0
19,Wheat - Hard Red Spring,HUGHES CDC VB,2022,10479,44.0
19,Wheat - Hard Red Spring,HUGHES CDC VB,2023,7268,45.7
19,Wheat - Hard Red Spring,HUGHES CDC VB,2024,5325,49.4
19,Wheat - Hard Red Spring,HUGHES CDC VB,2025,1668,58.0
19,Wheat - Hard Red Spring,LANDMARK CDC,2021,22328,31.4
19,Wheat - Hard Red Spring,LANDMARK CDC,2022,5059,50.0
19,Wheat - Hard Red Spring,LANDMARK CDC,2023,5805,52.2
19,Wheat - Hard Red Spring,LANDMARK CDC,2024,7544,61.8
19,Wheat - Hard Red Spring,LANDMARK CDC,2025,1709,72.8
19,Wheat - Hard Red Spring,ORTONA CDC,2021,,
19,Wheat - Hard Red Spring,ORTONA CDC,2022,1380,30.3
19,Wheat - Hard Red Spring,ORTONA CDC,2023,6519,39.1
19,Wheat - Hard Red Spring,ORTONA CDC,2024,1860,45.7
19,Wheat - Hard Red Spring,ORTONA CDC,2025,7048,55.6
19,Wheat - Hard Red Spring,PLENTIFUL CDC,2021,2804,32.3
19,Wheat - Hard Red Spring,PLENTIFUL CDC,2022,2365,43.8
19,Wheat - Hard Red Spring,PLENTIFUL CDC,2023,1033,46.6
19,Wheat - Hard Red Spring,PLENTIFUL CDC,2024,1527,45.4
19,Wheat - Hard Red Spring,PLENTIFUL CDC,2025,1727,57.0
19,Wheat - Hard Red Spring,SILAS CDC,2021,,
19,Wheat - Hard Red Spring,SILAS CDC,2022,,
19,Wheat - Hard Red Spring,SILAS CDC,2023,3238,67.0
19,Wheat - Hard Red Spring,SILAS CDC,2024,7313,58.9
19,Wheat - Hard Red Spring,SILAS CDC,2025,5311,67.6
19,Wheat - Hard Red Spring,STANLEY CDC,2021,6700,30.5
19,Wheat - Hard Red Spring,STANLEY CDC,2022,5928,38.2
19,Wheat - Hard Red Spring,STANLEY CDC,2023,1092,47.1
19,Wheat - Hard Red Spring,STANLEY CDC,2024,6073,41.5
19,Wheat - Hard Red Spring,STANLEY CDC,2025,2482,51.6
19,Wheat - Hard Red Spring,STARBUCK AAC VB,2021,1219,38.4
19,Wheat - Hard Red Spring,STARBUCK AAC VB,2022,6257,46.3
19,Wheat - Hard Red Spring,STARBUCK AAC VB,2023,12005,45.5
19,Wheat - Hard Red Spring,STARBUCK AAC VB,2024,12879,51.9
19,Wheat - Hard Red Spring,STARBUCK AAC VB,2025,12419,61.2
19,Wheat - Hard Red Spring,UTMOST CDC,2021,5255,34.0
19,Wheat - Hard Red Spring,UTMOST CDC,2022,2795,46.7
19,Wheat - Hard Red Spring,UTMOST CDC,2023,4862,61.1
19,Wheat - Hard Red Spring,UTMOST CDC,2024,703,41.1
19,Wheat - Hard Red Spring,UTMOST CDC,2025,439,73.9
19,Wheat - Hard Red Spring,VIEWFIELD AAC,2021,23971,37.0
19,Wheat - Hard Red Spring,VIEWFIELD AAC,2022,27683,52.7
19,Wheat - Hard Red Spring,VIEWFIELD AAC,2023,27791,62.0
19,Wheat - Hard Red Spring,VIEWFIELD AAC,2024,24200,61.6
19,Wheat - Hard Red Spring,VIEWFIELD AAC,2025,28370,74.1
19,Wheat - Hard Red Spring,WESTKING AAC,2021,,
19,Wheat - Hard Red Spring,WESTKING AAC,2022,,
19,Wheat - Hard Red Spring,WESTKING AAC,2023,,
19,Wheat - Hard Red Spring,WESTKING AAC,2024,,
19,Wheat - Hard Red Spring,WESTKING AAC,2025,475,75.6
19,Wheat - Hard Red Spring,WHEATLAND VB AAC,2021,8132,35.2
19,Wheat - Hard Red Spring,WHEATLAND VB AAC,2022,26845,49.9
19,Wheat - Hard Red Spring,WHEATLAND VB AAC,2023,45990,58.0
19,Wheat - Hard Red Spring,WHEATLAND VB AAC,2024,33896,52.0
19,Wheat - Hard Red Spring,WHEATLAND VB AAC,2025,26958,63.9
19,Lentils - Large Green,LIMA CDC,2021,,
19,Lentils - Large Green,LIMA CDC,2022,544,604
19,Lentils - Large Green,LIMA CDC,2023,,
19,Lentils - Large Green,LIMA CDC,2024,1575,1473
19,Lentils - Large Green,LIMA CDC,2025,834,2319
19,Lentils,- Other JIMINI CDC CL,2021,,
19,Lentils,- Other JIMINI CDC CL,2022,,
19,Lentils,- Other JIMINI CDC CL,2023,,
19,Lentils,- Other JIMINI CDC CL,2024,,
19,Lentils,- Other JIMINI CDC CL,2025,545,2337
19,Lentils - Red,MAXIM CDC,2021,14044,1129
19,Lentils - Red,MAXIM CDC,2022,11281,1228
19,Lentils - Red,MAXIM CDC,2023,7640,1870
19,Lentils - Red,MAXIM CDC,2024,7542,1475
19,Lentils - Red,MAXIM CDC,2025,5014,2498
19,Lentils - Red,NIMBLE,2021,1112,1129
19,Lentils - Red,NIMBLE,2022,530,1671
19,Lentils - Red,NIMBLE,2023,525,1583
19,Lentils - Red,NIMBLE,2024,2977,1149
19,Lentils - Red,NIMBLE,2025,1732,2178
19,Lentils - Red,PROCLAIM CDC,2021,3294,1146
19,Lentils - Red,PROCLAIM CDC,2022,3393,1680
19,Lentils - Red,PROCLAIM CDC,2023,4013,1581
19,Lentils - Red,PROCLAIM CDC,2024,801,1603
19,Lentils - Red,PROCLAIM CDC,2025,1453,2842
19,Lentils - Red,SIMMIE CDC,2021,537,882
19,Lentils - Red,SIMMIE CDC,2022,3060,1360
19,Lentils - Red,SIMMIE CDC,2023,5315,1640
19,Lentils - Red,SIMMIE CDC,2024,,
19,Lentils - Red,SIMMIE CDC,2025,5798,2399
20,Barley,ADVANTAGE AB,2021,,
20,Barley,ADVANTAGE AB,2022,,
20,Barley,ADVANTAGE AB,2023,,
20,Barley,ADVANTAGE AB,2024,,
20,Barley,ADVANTAGE AB,2025,496,72.7
20,Barley,ALTORADO,2021,863,64.5
20,Barley,ALTORADO,2022,1560,55.3
20,Barley,ALTORADO,2023,941,63.3
20,Barley,ALTORADO,2024,714,60.0
20,Barley,ALTORADO,2025,1385,115.0
20,Barley,AUSTENSON CDC,2021,20664,50.3
20,Barley,AUSTENSON CDC,2022,12699,75.1
20,Barley,AUSTENSON CDC,2023,9013,77.7
20,Barley,AUSTENSON CDC,2024,7337,62.2
20,Barley,AUSTENSON CDC,2025,3809,81.9
20,Barley,CHURCHILL CDC,2021,439,43.2
20,Barley,CHURCHILL CDC,2022,984,77.6
20,Barley,CHURCHILL CDC,2023,3212,81.8
20,Barley,CHURCHILL CDC,2024,4844,67.0
20,Barley,CHURCHILL CDC,2025,6647,86.6
20,Barley,CLAYMORE,2021,8571,30.1
20,Barley,CLAYMORE,2022,6477,58.0
20,Barley,CLAYMORE,2023,7980,75.3
20,Barley,CLAYMORE,2024,6285,52.9
20,Barley,CLAYMORE,2025,5063,88.6
20,Barley,CONNECT AAC,2021,2179,52.4
20,Barley,CONNECT AAC,2022,2765,71.2
20,Barley,CONNECT AAC,2023,2516,73.2
20,Barley,CONNECT AAC,2024,3704,66.2
20,Barley,CONNECT AAC,2025,4379,102.1
20,Barley,COPELAND CDC,2021,15152,35.9
20,Barley,COPELAND CDC,2022,10082,70.1
20,Barley,COPELAND CDC,2023,5605,64.4
20,Barley,COPELAND CDC,2024,2779,57.5
20,Barley,COPELAND CDC,2025,460,81.0
20,Barley,COPPER CDC,2021,,
20,Barley,COPPER CDC,2022,2379,66.2
20,Barley,COPPER CDC,2023,650,86.3
20,Barley,COPPER CDC,2024,427,50.0
20,Barley,COPPER CDC,2025,901,79.2
20,Barley,COWBOY CDC,2021,,
20,Barley,COWBOY CDC,2022,594,71.8
20,Barley,COWBOY CDC,2023,1711,73.0
20,Barley,COWBOY CDC,2024,,
20,Barley,COWBOY CDC,2025,2118,48.0
20,Barley,DURANGO CDC,2021,,
20,Barley,DURANGO CDC,2022,,
20,Barley,DURANGO CDC,2023,,
20,Barley,DURANGO CDC,2024,,
20,Barley,DURANGO CDC,2025,1071,99.7
20,Barley,FRASER CDC,2021,,
20,Barley,FRASER CDC,2022,,
20,Barley,FRASER CDC,2023,1126,66.9
20,Barley,FRASER CDC,2024,,
20,Barley,FRASER CDC,2025,672,93.8
20,Barley,HAGUE AB,2021,,
20,Barley,HAGUE AB,2022,,
20,Barley,HAGUE AB,2023,1340,61.5
20,Barley,HAGUE AB,2024,1341,43.6
20,Barley,HAGUE AB,2025,725,65.4
20,Barley,MAVERICK CDC,2021,1683,30.6
20,Barley,MAVERICK CDC,2022,2857,45.7
20,Barley,MAVERICK CDC,2023,2697,58.8
20,Barley,MAVERICK CDC,2024,2441,59.4
20,Barley,MAVERICK CDC,2025,2801,72.8
20,Barley,METCALFE AC,2021,2094,49.6
20,Barley,METCALFE AC,2022,2260,55.8
20,Barley,METCALFE AC,2023,430,79.0
20,Barley,METCALFE AC,2024,1369,36.2
20,Barley,METCALFE AC,2025,934,65.5
20,Barley,OREANA,2021,4697,34.1
20,Barley,OREANA,2022,2718,57.9
20,Barley,OREANA,2023,739,68.7
20,Barley,OREANA,2024,906,56.2
20,Barley,OREANA,2025,505,83.8
20,Barley,RENEGADE CDC,2021,,
20,Barley,RENEGADE CDC,2022,,
20,Barley,RENEGADE CDC,2023,,
20,Barley,RENEGADE CDC,2024,907,49.0
20,Barley,RENEGADE CDC,2025,1242,73.2
20,Barley,SYNERGY AAC,2021,12314,38.8
20,Barley,SYNERGY AAC,2022,12217,61.0
20,Barley,SYNERGY AAC,2023,11916,68.8
20,Barley,SYNERGY AAC,2024,11614,70.2
20,Barley,SYNERGY AAC,2025,13344,102.4
20,Canola/Rapeseed,BY 6214TF,2021,,
20,Canola/Rapeseed,BY 6214TF,2022,,
20,Canola/Rapeseed,BY 6214TF,2023,,
20,Canola/Rapeseed,BY 6214TF,2024,2211,25.2
20,Canola/Rapeseed,BY 6214TF,2025,641,47.5
20,Canola/Rapeseed,BY 6217TF,2021,,
20,Canola/Rapeseed,BY 6217TF,2022,,
20,Canola/Rapeseed,BY 6217TF,2023,3759,43.7
20,Canola/Rapeseed,BY 6217TF,2024,,
20,Canola/Rapeseed,BY 6217TF,2025,525,45.3
20,Canola/Rapeseed,BY 7204LL,2021,,
20,Canola/Rapeseed,BY 7204LL,2022,,
20,Canola/Rapeseed,BY 7204LL,2023,,
20,Canola/Rapeseed,BY 7204LL,2024,4633,35.8
20,Canola/Rapeseed,BY 7204LL,2025,13432,46.2
20,Canola/Rapeseed,B3019,2021,,
20,Canola/Rapeseed,B3019,2022,,
20,Canola/Rapeseed,B3019,2023,,
20,Canola/Rapeseed,B3019,2024,,
20,Canola/Rapeseed,B3019,2025,701,32.1
20,Canola/Rapeseed,B3020,2021,,
20,Canola/Rapeseed,B3020,2022,,
20,Canola/Rapeseed,B3020,2023,,
20,Canola/Rapeseed,B3020,2024,,
20,Canola/Rapeseed,B3020,2025,2122,41.8
20,Canola/Rapeseed,CS3000 TF,2021,,
20,Canola/Rapeseed,CS3000 TF,2022,,
20,Canola/Rapeseed,CS3000 TF,2023,713,40.6
20,Canola/Rapeseed,CS3000 TF,2024,,
20,Canola/Rapeseed,CS3000 TF,2025,447,49.7
20,Canola/Rapeseed,CS3300 TF,2021,,
20,Canola/Rapeseed,CS3300 TF,2022,,
20,Canola/Rapeseed,CS3300 TF,2023,,
20,Canola/Rapeseed,CS3300 TF,2024,,
20,Canola/Rapeseed,CS3300 TF,2025,1752,50.6
20,Canola/Rapeseed,CS4000 LL,2021,,
20,Canola/Rapeseed,CS4000 LL,2022,2763,49.4
20,Canola/Rapeseed,CS4000 LL,2023,7308,42.1
20,Canola/Rapeseed,CS4000 LL,2024,10867,34.0
20,Canola/Rapeseed,CS4000 LL,2025,5916,45.1
20,Canola/Rapeseed,CS4100 LL,2021,,
20,Canola/Rapeseed,CS4100 LL,2022,,
20,Canola/Rapeseed,CS4100 LL,2023,,
20,Canola/Rapeseed,CS4100 LL,2024,,
20,Canola/Rapeseed,CS4100 LL,2025,4379,45.0
20,Canola/Rapeseed,DK 801 LL,2021,,
20,Canola/Rapeseed,DK 801 LL,2022,,
20,Canola/Rapeseed,DK 801 LL,2023,,
20,Canola/Rapeseed,DK 801 LL,2024,,
20,Canola/Rapeseed,DK 801 LL,2025,10658,52.6
20,Canola/Rapeseed,DK400TL,2021,,
20,Canola/Rapeseed,DK400TL,2022,,
20,Canola/Rapeseed,DK400TL,2023,,
20,Canola/Rapeseed,DK400TL,2024,3572,37.1
20,Canola/Rapeseed,DK400TL,2025,1380,56.6
20,Canola/Rapeseed,DK401TK,2021,,
20,Canola/Rapeseed,DK401TK,2022,,
20,Canola/Rapeseed,DK401TK,2023,,
20,Canola/Rapeseed,DK401TK,2024,,
20,Canola/Rapeseed,DK401TK,2025,7003,52.4
20,Canola/Rapeseed,DK401TL,2021,,
20,Canola/Rapeseed,DK401TL,2022,,
20,Canola/Rapeseed,DK401TL,2023,,
20,Canola/Rapeseed,DK401TL,2024,,
20,Canola/Rapeseed,DK401TL,2025,3625,48.5
20,Canola/Rapeseed,DK800LL,2021,,
20,Canola/Rapeseed,DK800LL,2022,,
20,Canola/Rapeseed,DK800LL,2023,,
20,Canola/Rapeseed,DK800LL,2024,1586,38.4
20,Canola/Rapeseed,DK800LL,2025,17809,56.1
20,Canola/Rapeseed,DK801LL,2021,,
20,Canola/Rapeseed,DK801LL,2022,,
20,Canola/Rapeseed,DK801LL,2023,,
20,Canola/Rapeseed,DK801LL,2024,,
20,Canola/Rapeseed,DK801LL,2025,1045,48.1
20,Canola/Rapeseed,DK900TF,2021,,
20,Canola/Rapeseed,DK900TF,2022,,
20,Canola/Rapeseed,DK900TF,2023,12239,44.8
20,Canola/Rapeseed,DK900TF,2024,10519,30.3
20,Canola/Rapeseed,DK900TF,2025,4389,41.7
20,Canola/Rapeseed,DK901TF,2021,,
20,Canola/Rapeseed,DK901TF,2022,,
20,Canola/Rapeseed,DK901TF,2023,1728,45.1
20,Canola/Rapeseed,DK901TF,2024,1385,29.9
20,Canola/Rapeseed,DK901TF,2025,3407,22.3
20,Canola/Rapeseed,DK902TF,2021,,
20,Canola/Rapeseed,DK902TF,2022,,
20,Canola/Rapeseed,DK902TF,2023,4153,45.6
20,Canola/Rapeseed,DK902TF,2024,13656,26.9
20,Canola/Rapeseed,DK902TF,2025,6302,41.8
20,Canola/Rapeseed,LR354PC,2021,,
20,Canola/Rapeseed,LR354PC,2022,,
20,Canola/Rapeseed,LR354PC,2023,,
20,Canola/Rapeseed,LR354PC,2024,,
20,Canola/Rapeseed,LR354PC,2025,1295,47.8
20,Canola/Rapeseed,L233P,2021,31955,23.1
20,Canola/Rapeseed,L233P,2022,28803,37.1
20,Canola/Rapeseed,L233P,2023,15727,36.2
20,Canola/Rapeseed,L233P,2024,7529,34.9
20,Canola/Rapeseed,L233P,2025,8452,53.8
20,Canola/Rapeseed,L330PC,2021,,
20,Canola/Rapeseed,L330PC,2022,,
20,Canola/Rapeseed,L330PC,2023,,
20,Canola/Rapeseed,L330PC,2024,,
20,Canola/Rapeseed,L330PC,2025,17506,54.1
20,Canola/Rapeseed,L333PC,2021,,
20,Canola/Rapeseed,L333PC,2022,,
20,Canola/Rapeseed,L333PC,2023,,
20,Canola/Rapeseed,L333PC,2024,,
20,Canola/Rapeseed,L333PC,2025,7174,49.3
20,Canola/Rapeseed,L340PC,2021,34980,30.2
20,Canola/Rapeseed,L340PC,2022,66422,43.8
20,Canola/Rapeseed,L340PC,2023,94045,44.1
20,Canola/Rapeseed,L340PC,2024,88334,36.1
20,Canola/Rapeseed,L340PC,2025,133902,50.6
20,Canola/Rapeseed,L341PC,2021,,
20,Canola/Rapeseed,L341PC,2022,,
20,Canola/Rapeseed,L341PC,2023,,
20,Canola/Rapeseed,L341PC,2024,,
20,Canola/Rapeseed,L341PC,2025,669,50.4
20,Canola/Rapeseed,L343PC,2021,,
20,Canola/Rapeseed,L343PC,2022,6668,45.5
20,Canola/Rapeseed,L343PC,2023,11526,43.9
20,Canola/Rapeseed,L343PC,2024,6103,34.8
20,Canola/Rapeseed,L343PC,2025,4955,50.2
20,Canola/Rapeseed,L345PC,2021,58740,26.3
20,Canola/Rapeseed,L345PC,2022,46779,41.6
20,Canola/Rapeseed,L345PC,2023,25410,44.8
20,Canola/Rapeseed,L345PC,2024,33323,33.3
20,Canola/Rapeseed,L345PC,2025,18002,44.0
20,Canola/Rapeseed,L350PC,2021,,
20,Canola/Rapeseed,L350PC,2022,,
20,Canola/Rapeseed,L350PC,2023,13273,40.0
20,Canola/Rapeseed,L350PC,2024,10002,36.2
20,Canola/Rapeseed,L350PC,2025,5319,52.2
20,Canola/Rapeseed,L356PC,2021,,
20,Canola/Rapeseed,L356PC,2022,14958,45.2
20,Canola/Rapeseed,L356PC,2023,40934,41.0
20,Canola/Rapeseed,L356PC,2024,66730,34.7
20,Canola/Rapeseed,L356PC,2025,64887,49.9
20,Canola/Rapeseed,PV 661 LCM,2021,,
20,Canola/Rapeseed,PV 661 LCM,2022,,
20,Canola/Rapeseed,PV 661 LCM,2023,,
20,Canola/Rapeseed,PV 661 LCM,2024,6030,30.9
20,Canola/Rapeseed,PV 661 LCM,2025,3199,47.6
20,Canola/Rapeseed,PV 681 LC,2021,18256,25.4
20,Canola/Rapeseed,PV 681 LC,2022,6997,41.7
20,Canola/Rapeseed,PV 681 LC,2023,11135,42.0
20,Canola/Rapeseed,PV 681 LC,2024,7179,30.2
20,Canola/Rapeseed,PV 681 LC,2025,2366,43.3
20,Canola/Rapeseed,PV 780 TC,2021,2334,22.7
20,Canola/Rapeseed,PV 780 TC,2022,,
20,Canola/Rapeseed,PV 780 TC,2023,1447,32.2
20,Canola/Rapeseed,PV 780 TC,2024,,
20,Canola/Rapeseed,PV 780 TC,2025,414,44.2
20,Canola/Rapeseed,PV 781 TCM,2021,,
20,Canola/Rapeseed,PV 781 TCM,2022,980,43.3
20,Canola/Rapeseed,PV 781 TCM,2023,4296,37.1
20,Canola/Rapeseed,PV 781 TCM,2024,4124,27.2
20,Canola/Rapeseed,PV 781 TCM,2025,623,27.2
20,Canola/Rapeseed,PV783,2021,,
20,Canola/Rapeseed,PV783,2022,,
20,Canola/Rapeseed,PV783,2023,,
20,Canola/Rapeseed,PV783,2024,,
20,Canola/Rapeseed,PV783,2025,1746,41.9
20,Canola/Rapeseed,P1530G,2021,,
20,Canola/Rapeseed,P1530G,2022,,
20,Canola/Rapeseed,P1530G,2023,,
20,Canola/Rapeseed,P1530G,2024,,
20,Canola/Rapeseed,P1530G,2025,1244,43.6
20,Canola/Rapeseed,P1540L,2021,,
20,Canola/Rapeseed,P1540L,2022,,
20,Canola/Rapeseed,P1540L,2023,,
20,Canola/Rapeseed,P1540L,2024,,
20,Canola/Rapeseed,P1540L,2025,1919,50.2
20,Canola/Rapeseed,P505MSL,2021,14260,27.2
20,Canola/Rapeseed,P505MSL,2022,12199,48.5
20,Canola/Rapeseed,P505MSL,2023,20138,46.0
20,Canola/Rapeseed,P505MSL,2024,19203,29.8
20,Canola/Rapeseed,P505MSL,2025,14608,41.7
20,Canola/Rapeseed,P510G,2021,,
20,Canola/Rapeseed,P510G,2022,,
20,Canola/Rapeseed,P510G,2023,1196,49.0
20,Canola/Rapeseed,P510G,2024,5064,29.4
20,Canola/Rapeseed,P510G,2025,2125,39.2
20,Canola/Rapeseed,P515G,2021,,
20,Canola/Rapeseed,P515G,2022,,
20,Canola/Rapeseed,P515G,2023,1531,45.4
20,Canola/Rapeseed,P515G,2024,9400,30.0
20,Canola/Rapeseed,P515G,2025,2792,45.9
20,Canola/Rapeseed,P516L,2021,,
20,Canola/Rapeseed,P516L,2022,,
20,Canola/Rapeseed,P516L,2023,2942,45.9
20,Canola/Rapeseed,P516L,2024,23233,34.3
20,Canola/Rapeseed,P516L,2025,3953,44.3
20,Canola/Rapeseed,P519L,2021,,
20,Canola/Rapeseed,P519L,2022,,
20,Canola/Rapeseed,P519L,2023,,
20,Canola/Rapeseed,P519L,2024,740,37.2
20,Canola/Rapeseed,P519L,2025,12339,46.0
20,Canola/Rapeseed,P520L,2021,,
20,Canola/Rapeseed,P520L,2022,,
20,Canola/Rapeseed,P520L,2023,,
20,Canola/Rapeseed,P520L,2024,1077,33.8
20,Canola/Rapeseed,P520L,2025,25116,49.1
20,Canola/Rapeseed,P612L,2021,,
20,Canola/Rapeseed,P612L,2022,640,44.1
20,Canola/Rapeseed,P612L,2023,10234,41.9
20,Canola/Rapeseed,P612L,2024,7863,28.0
20,Canola/Rapeseed,P612L,2025,8622,53.9
20,Canola/Rapeseed,P617SL,2021,,
20,Canola/Rapeseed,P617SL,2022,,
20,Canola/Rapeseed,P617SL,2023,,
20,Canola/Rapeseed,P617SL,2024,,
20,Canola/Rapeseed,P617SL,2025,2551,33.7
20,Canola/Rapeseed,401 HYOLA,2021,,
20,Canola/Rapeseed,401 HYOLA,2022,,
20,Canola/Rapeseed,401 HYOLA,2023,,
20,Canola/Rapeseed,401 HYOLA,2024,,
20,Canola/Rapeseed,401 HYOLA,2025,1429,51.5
20,Canola/Rapeseed,45H42,2021,9386,30.5
20,Canola/Rapeseed,45H42,2022,12634,41.7
20,Canola/Rapeseed,45H42,2023,12937,46.2
20,Canola/Rapeseed,45H42,2024,9920,33.9
20,Canola/Rapeseed,45H42,2025,2851,48.9
20,Field Peas,CANARY CDC,2021,1655,29.1
20,Field Peas,CANARY CDC,2022,3126,41.5
20,Field Peas,CANARY CDC,2023,4047,42.5
20,Field Peas,CANARY CDC,2024,10105,39.9
20,Field Peas,CANARY CDC,2025,12101,52.6
20,Field Peas,CARVER AAC,2021,5348,20.6
20,Field Peas,CARVER AAC,2022,6016,38.7
20,Field Peas,CARVER AAC,2023,3855,42.6
20,Field Peas,CARVER AAC,2024,3580,38.7
20,Field Peas,CARVER AAC,2025,3800,55.5
20,Field Peas,CHROME AAC,2021,,
20,Field Peas,CHROME AAC,2022,,
20,Field Peas,CHROME AAC,2023,1070,41.9
20,Field Peas,CHROME AAC,2024,1668,38.6
20,Field Peas,CHROME AAC,2025,2219,54.1
20,Field Peas,CITRINE CDC,2021,,
20,Field Peas,CITRINE CDC,2022,,
20,Field Peas,CITRINE CDC,2023,,
20,Field Peas,CITRINE CDC,2024,,
20,Field Peas,CITRINE CDC,2025,634,51.4
20,Field Peas,FOREST CDC,2021,5176,25.4
20,Field Peas,FOREST CDC,2022,3480,49.8
20,Field Peas,FOREST CDC,2023,2112,54.2
20,Field Peas,FOREST CDC,2024,2532,39.7
20,Field Peas,FOREST CDC,2025,2146,57.7
20,Field Peas,GREENWATER,2021,935,19.5
20,Field Peas,GREENWATER,2022,875,29.1
20,Field Peas,GREENWATER,2023,,
20,Field Peas,GREENWATER,2024,,
20,Field Peas,GREENWATER,2025,400,54.3
20,Field Peas,HICKIE CDC,2021,,
20,Field Peas,HICKIE CDC,2022,,
20,Field Peas,HICKIE CDC,2023,,
20,Field Peas,HICKIE CDC,2024,,
20,Field Peas,HICKIE CDC,2025,1169,53.2
20,Field Peas,INCA CDC,2021,18388,18.2
20,Field Peas,INCA CDC,2022,8301,33.5
20,Field Peas,INCA CDC,2023,8419,33.3
20,Field Peas,INCA CDC,2024,4322,45.7
20,Field Peas,INCA CDC,2025,4029,54.6
20,Field Peas,JULIUS AAC,2021,,
20,Field Peas,JULIUS AAC,2022,,
20,Field Peas,JULIUS AAC,2023,,
20,Field Peas,JULIUS AAC,2024,,
20,Field Peas,JULIUS AAC,2025,1284,60.7
20,Field Peas,LEWOCHKO CDC,2021,,
20,Field Peas,LEWOCHKO CDC,2022,,
20,Field Peas,LEWOCHKO CDC,2023,,
20,Field Peas,LEWOCHKO CDC,2024,,
20,Field Peas,LEWOCHKO CDC,2025,556,43.5
20,Field Peas,LIMERICK CDC,2021,6195,23.9
20,Field Peas,LIMERICK CDC,2022,4937,33.2
20,Field Peas,LIMERICK CDC,2023,1147,38.3
20,Field Peas,LIMERICK CDC,2024,3039,37.3
20,Field Peas,LIMERICK CDC,2025,5004,50.7
20,Field Peas,MAPLE,2021,,
20,Field Peas,MAPLE,2022,,
20,Field Peas,MAPLE,2023,,
20,Field Peas,MAPLE,2024,,
20,Field Peas,MAPLE,2025,1006,56.0
20,Field Peas,MEADOW CDC,2021,6349,27.0
20,Field Peas,MEADOW CDC,2022,4805,36.5
20,Field Peas,MEADOW CDC,2023,4571,49.6
20,Field Peas,MEADOW CDC,2024,3573,37.4
20,Field Peas,MEADOW CDC,2025,2202,47.7
20,Field Peas,PROFIT AAC,2021,,
20,Field Peas,PROFIT AAC,2022,1093,42.1
20,Field Peas,PROFIT AAC,2023,400,50.0
20,Field Peas,PROFIT AAC,2024,832,35.5
20,Field Peas,PROFIT AAC,2025,1915,49.1
20,Field Peas,SPECTRUM CDC,2021,11915,23.2
20,Field Peas,SPECTRUM CDC,2022,13765,35.1
20,Field Peas,SPECTRUM CDC,2023,9835,40.3
20,Field Peas,SPECTRUM CDC,2024,7417,40.5
20,Field Peas,SPECTRUM CDC,2025,17156,55.1
20,Field Peas,SPRUCE CDC,2021,5135,24.0
20,Field Peas,SPRUCE CDC,2022,2261,40.3
20,Field Peas,SPRUCE CDC,2023,,
20,Field Peas,SPRUCE CDC,2024,,
20,Field Peas,SPRUCE CDC,2025,3092,49.1
20,Field Peas,TOLLEFSON CDC,2021,,
20,Field Peas,TOLLEFSON CDC,2022,,
20,Field Peas,TOLLEFSON CDC,2023,,
20,Field Peas,TOLLEFSON CDC,2024,1035,37.1
20,Field Peas,TOLLEFSON CDC,2025,1220,47.9
20,Flax,GLAS CDC,2021,7411,15.2
20,Flax,GLAS CDC,2022,4732,30.5
20,Flax,GLAS CDC,2023,1498,24.3
20,Flax,GLAS CDC,2024,2816,24.2
20,Flax,GLAS CDC,2025,3026,30.4
20,IP Canola/Rapeseed,DK903TF,2021,,
20,IP Canola/Rapeseed,DK903TF,2022,,
20,IP Canola/Rapeseed,DK903TF,2023,,
20,IP Canola/Rapeseed,DK903TF,2024,1078,28.4
20,IP Canola/Rapeseed,DK903TF,2025,3366,49.6
20,IP Canola/Rapeseed,L358HPC,2021,,
20,IP Canola/Rapeseed,L358HPC,2022,,
20,IP Canola/Rapeseed,L358HPC,2023,,
20,IP Canola/Rapeseed,L358HPC,2024,14102,30.1
20,IP Canola/Rapeseed,L358HPC,2025,9072,44.6
20,IP Canola/Rapeseed,V25-6T,2021,,
20,IP Canola/Rapeseed,V25-6T,2022,,
20,IP Canola/Rapeseed,V25-6T,2023,,
20,IP Canola/Rapeseed,V25-6T,2024,1217,25.6
20,IP Canola/Rapeseed,V25-6T,2025,2866,46.7
20,Oats,ARBORG CDC,2021,427,60.7
20,Oats,ARBORG CDC,2022,1968,112.6
20,Oats,ARBORG CDC,2023,639,105.9
20,Oats,ARBORG CDC,2024,857,66.3
20,Oats,ARBORG CDC,2025,1872,86.4
20,Oats,BALER CDC,2021,,
20,Oats,BALER CDC,2022,,
20,Oats,BALER CDC,2023,468,64.0
20,Oats,BALER CDC,2024,848,78.8
20,Oats,BALER CDC,2025,565,80.5
20,Oats,DERBY,2021,,
20,Oats,DERBY,2022,510,47.8
20,Oats,DERBY,2023,,
20,Oats,DERBY,2024,,
20,Oats,DERBY,2025,475,44.6
20,Oats,MORGAN AC,2021,2882,59.2
20,Oats,MORGAN AC,2022,2937,97.0
20,Oats,MORGAN AC,2023,1110,84.0
20,Oats,MORGAN AC,2024,1614,81.0
20,Oats,MORGAN AC,2025,2955,84.9
20,Oats,NASSER CDC,2021,485,77.0
20,Oats,NASSER CDC,2022,1021,77.1
20,Oats,NASSER CDC,2023,1511,109.9
20,Oats,NASSER CDC,2024,1543,72.8
20,Oats,NASSER CDC,2025,1190,96.4
20,Oats,SO-1 CDC,2021,539,52.0
20,Oats,SO-1 CDC,2022,1026,76.4
20,Oats,SO-1 CDC,2023,918,75.6
20,Oats,SO-1 CDC,2024,631,69.7
20,Oats,SO-1 CDC,2025,522,74.8
20,Wheat,- Canada Prairie ACCELERATE CS,2021,965,64.8
20,Wheat,- Canada Prairie ACCELERATE CS,2022,3897,79.5
20,Wheat,- Canada Prairie ACCELERATE CS,2023,4705,75.1
20,Wheat,- Canada Prairie ACCELERATE CS,2024,3099,57.0
20,Wheat,- Canada Prairie ACCELERATE CS,2025,5065,51.0
20,Wheat,ANDREW AC,2021,8482,39.5
20,Wheat,ANDREW AC,2022,7993,64.8
20,Wheat,ANDREW AC,2023,11571,66.1
20,Wheat,ANDREW AC,2024,9797,42.8
20,Wheat,ANDREW AC,2025,4503,51.1
20,Wheat,AWESOME VB AAC,2021,5740,34.9
20,Wheat,AWESOME VB AAC,2022,7786,64.3
20,Wheat,AWESOME VB AAC,2023,8878,58.3
20,Wheat,AWESOME VB AAC,2024,13818,42.2
20,Wheat,AWESOME VB AAC,2025,7413,70.3
20,Wheat,PARAMOUNT AAC,2021,2517,37.7
20,Wheat,PARAMOUNT AAC,2022,600,74.8
20,Wheat,PARAMOUNT AAC,2023,3141,51.9
20,Wheat,PARAMOUNT AAC,2024,6245,59.1
20,Wheat,PARAMOUNT AAC,2025,948,48.4
20,Wheat,PENHOLD AAC,2021,25748,43.9
20,Wheat,PENHOLD AAC,2022,19623,62.5
20,Wheat,PENHOLD AAC,2023,21372,60.5
20,Wheat,PENHOLD AAC,2024,15421,44.0
20,Wheat,PENHOLD AAC,2025,12001,55.6
20,Wheat,RIMBEY AAC,2021,,
20,Wheat,RIMBEY AAC,2022,,
20,Wheat,RIMBEY AAC,2023,,
20,Wheat,RIMBEY AAC,2024,717,49.9
20,Wheat,RIMBEY AAC,2025,2995,57.8
20,Wheat,SADASH,2021,16308,33.7
20,Wheat,SADASH,2022,14278,59.8
20,Wheat,SADASH,2023,18286,54.9
20,Wheat,SADASH,2024,17393,50.9
20,Wheat,SADASH,2025,14104,76.4
20,Wheat,5700PR,2021,5279,41.8
20,Wheat,5700PR,2022,5927,70.6
20,Wheat,5700PR,2023,6026,62.6
20,Wheat,5700PR,2024,4375,37.1
20,Wheat,5700PR,2025,4823,50.3
20,Wheat - Durum,SCHRADER AAC,2021,,
20,Wheat - Durum,SCHRADER AAC,2022,,
20,Wheat - Durum,SCHRADER AAC,2023,,
20,Wheat - Durum,SCHRADER AAC,2024,905,43.6
20,Wheat - Durum,SCHRADER AAC,2025,741,70.2
20,Wheat - Hard Red Spring,BRANDON AAC,2021,49393,38.3
20,Wheat - Hard Red Spring,BRANDON AAC,2022,52636,54.9
20,Wheat - Hard Red Spring,BRANDON AAC,2023,45390,57.0
20,Wheat - Hard Red Spring,BRANDON AAC,2024,28647,43.8
20,Wheat - Hard Red Spring,BRANDON AAC,2025,27346,51.6
20,Wheat - Hard Red Spring,BROADACRES AAC,2021,,
20,Wheat - Hard Red Spring,BROADACRES AAC,2022,,
20,Wheat - Hard Red Spring,BROADACRES AAC,2023,2242,58.0
20,Wheat - Hard Red Spring,BROADACRES AAC,2024,13991,46.8
20,Wheat - Hard Red Spring,BROADACRES AAC,2025,20456,66.4
20,Wheat - Hard Red Spring,CONNERY AAC,2021,1814,33.1
20,Wheat - Hard Red Spring,CONNERY AAC,2022,,
20,Wheat - Hard Red Spring,CONNERY AAC,2023,1462,41.0
20,Wheat - Hard Red Spring,CONNERY AAC,2024,,
20,Wheat - Hard Red Spring,CONNERY AAC,2025,1737,51.8
20,Wheat - Hard Red Spring,ELIE AAC,2021,8717,34.3
20,Wheat - Hard Red Spring,ELIE AAC,2022,9008,53.8
20,Wheat - Hard Red Spring,ELIE AAC,2023,5682,57.6
20,Wheat - Hard Red Spring,ELIE AAC,2024,4811,43.0
20,Wheat - Hard Red Spring,ELIE AAC,2025,532,55.3
20,Wheat - Hard Red Spring,HOCKLEY AAC,2021,,
20,Wheat - Hard Red Spring,HOCKLEY AAC,2022,,
20,Wheat - Hard Red Spring,HOCKLEY AAC,2023,1435,66.2
20,Wheat - Hard Red Spring,HOCKLEY AAC,2024,16832,42.5
20,Wheat - Hard Red Spring,HOCKLEY AAC,2025,42054,62.5
20,Wheat - Hard Red Spring,HODGE AAC VB,2021,,
20,Wheat - Hard Red Spring,HODGE AAC VB,2022,,
20,Wheat - Hard Red Spring,HODGE AAC VB,2023,9874,58.0
20,Wheat - Hard Red Spring,HODGE AAC VB,2024,59579,46.8
20,Wheat - Hard Red Spring,HODGE AAC VB,2025,61431,61.6
20,Wheat - Hard Red Spring,HUGHES CDC VB,2021,13409,30.5
20,Wheat - Hard Red Spring,HUGHES CDC VB,2022,13578,51.6
20,Wheat - Hard Red Spring,HUGHES CDC VB,2023,10758,52.5
20,Wheat - Hard Red Spring,HUGHES CDC VB,2024,4306,44.4
20,Wheat - Hard Red Spring,HUGHES CDC VB,2025,5761,66.1
20,Wheat - Hard Red Spring,LANDMARK CDC,2021,53568,31.4
20,Wheat - Hard Red Spring,LANDMARK CDC,2022,21201,54.6
20,Wheat - Hard Red Spring,LANDMARK CDC,2023,19560,53.4
20,Wheat - Hard Red Spring,LANDMARK CDC,2024,12793,44.7
20,Wheat - Hard Red Spring,LANDMARK CDC,2025,12122,62.1
20,Wheat - Hard Red Spring,LEROY AAC VB,2021,7277,38.5
20,Wheat - Hard Red Spring,LEROY AAC VB,2022,14300,49.8
20,Wheat - Hard Red Spring,LEROY AAC VB,2023,10029,55.2
20,Wheat - Hard Red Spring,LEROY AAC VB,2024,2228,40.4
20,Wheat - Hard Red Spring,LEROY AAC VB,2025,6912,57.2
20,Wheat - Hard Red Spring,ORTONA CDC,2021,2364,24.9
20,Wheat - Hard Red Spring,ORTONA CDC,2022,7945,39.2
20,Wheat - Hard Red Spring,ORTONA CDC,2023,6679,39.9
20,Wheat - Hard Red Spring,ORTONA CDC,2024,3761,35.5
20,Wheat - Hard Red Spring,ORTONA CDC,2025,3023,57.9
20,Wheat - Hard Red Spring,PLENTIFUL CDC,2021,10912,27.9
20,Wheat - Hard Red Spring,PLENTIFUL CDC,2022,10799,34.5
20,Wheat - Hard Red Spring,PLENTIFUL CDC,2023,8064,37.2
20,Wheat - Hard Red Spring,PLENTIFUL CDC,2024,7262,45.3
20,Wheat - Hard Red Spring,PLENTIFUL CDC,2025,4483,60.0
20,Wheat - Hard Red Spring,PREVAIL VB AAC,2021,,
20,Wheat - Hard Red Spring,PREVAIL VB AAC,2022,433,33.3
20,Wheat - Hard Red Spring,PREVAIL VB AAC,2023,,
20,Wheat - Hard Red Spring,PREVAIL VB AAC,2024,428,45.1
20,Wheat - Hard Red Spring,PREVAIL VB AAC,2025,1442,45.6
20,Wheat - Hard Red Spring,REDBERRY AAC,2021,15872,30.5
20,Wheat - Hard Red Spring,REDBERRY AAC,2022,17254,42.3
20,Wheat - Hard Red Spring,REDBERRY AAC,2023,19157,44.1
20,Wheat - Hard Red Spring,REDBERRY AAC,2024,13937,44.6
20,Wheat - Hard Red Spring,REDBERRY AAC,2025,11256,58.1
20,Wheat - Hard Red Spring,RUSSELL AAC VB,2021,,
20,Wheat - Hard Red Spring,RUSSELL AAC VB,2022,983,60.9
20,Wheat - Hard Red Spring,RUSSELL AAC VB,2023,3275,56.0
20,Wheat - Hard Red Spring,RUSSELL AAC VB,2024,3033,52.9
20,Wheat - Hard Red Spring,RUSSELL AAC VB,2025,3083,50.6
20,Wheat - Hard Red Spring,SILAS CDC,2021,,
20,Wheat - Hard Red Spring,SILAS CDC,2022,1150,64.0
20,Wheat - Hard Red Spring,SILAS CDC,2023,3282,54.9
20,Wheat - Hard Red Spring,SILAS CDC,2024,15587,54.8
20,Wheat - Hard Red Spring,SILAS CDC,2025,6519,64.5
20,Wheat - Hard Red Spring,STANLEY CDC,2021,2096,29.1
20,Wheat - Hard Red Spring,STANLEY CDC,2022,2112,35.9
20,Wheat - Hard Red Spring,STANLEY CDC,2023,1002,49.0
20,Wheat - Hard Red Spring,STANLEY CDC,2024,1256,40.4
20,Wheat - Hard Red Spring,STANLEY CDC,2025,941,57.2
20,Wheat - Hard Red Spring,STARBUCK AAC VB,2021,1990,40.0
20,Wheat - Hard Red Spring,STARBUCK AAC VB,2022,9149,45.6
20,Wheat - Hard Red Spring,STARBUCK AAC VB,2023,9711,49.3
20,Wheat - Hard Red Spring,STARBUCK AAC VB,2024,5355,48.1
20,Wheat - Hard Red Spring,STARBUCK AAC VB,2025,9931,71.7
20,Wheat - Hard Red Spring,SUCCESSION CLPLUS !,2021,,
20,Wheat - Hard Red Spring,SUCCESSION CLPLUS !,2022,,
20,Wheat - Hard Red Spring,SUCCESSION CLPLUS !,2023,,
20,Wheat - Hard Red Spring,SUCCESSION CLPLUS !,2024,,
20,Wheat - Hard Red Spring,SUCCESSION CLPLUS !,2025,5511,64.4
20,Wheat - Hard Red Spring,UTMOST CDC,2021,20898,31.4
20,Wheat - Hard Red Spring,UTMOST CDC,2022,8956,47.2
20,Wheat - Hard Red Spring,UTMOST CDC,2023,6229,48.6
20,Wheat - Hard Red Spring,UTMOST CDC,2024,1941,43.6
20,Wheat - Hard Red Spring,UTMOST CDC,2025,718,56.4
20,Wheat - Hard Red Spring,VIEWFIELD AAC,2021,73675,40.1
20,Wheat - Hard Red Spring,VIEWFIELD AAC,2022,89792,57.6
20,Wheat - Hard Red Spring,VIEWFIELD AAC,2023,87518,60.4
20,Wheat - Hard Red Spring,VIEWFIELD AAC,2024,59501,53.2
20,Wheat - Hard Red Spring,VIEWFIELD AAC,2025,71738,68.2
20,Wheat - Hard Red Spring,WESTKING AAC,2021,,
20,Wheat - Hard Red Spring,WESTKING AAC,2022,,
20,Wheat - Hard Red Spring,WESTKING AAC,2023,,
20,Wheat - Hard Red Spring,WESTKING AAC,2024,,
20,Wheat - Hard Red Spring,WESTKING AAC,2025,1288,67.2
20,Wheat - Hard Red Spring,WHEATLAND VB AAC,2021,22276,37.5
20,Wheat - Hard Red Spring,WHEATLAND VB AAC,2022,72412,53.5
20,Wheat - Hard Red Spring,WHEATLAND VB AAC,2023,98502,56.6
20,Wheat - Hard Red Spring,WHEATLAND VB AAC,2024,95667,46.4
20,Wheat - Hard Red Spring,WHEATLAND VB AAC,2025,85660,64.1
20,Chickpea,- Large Kabuli LEADER CDC,2021,,
20,Chickpea,- Large Kabuli LEADER CDC,2022,,
20,Chickpea,- Large Kabuli LEADER CDC,2023,,
20,Chickpea,- Large Kabuli LEADER CDC,2024,,
20,Chickpea,- Large Kabuli LEADER CDC,2025,816,2077
20,Fababeans,FABELLE,2021,,
20,Fababeans,FABELLE,2022,,
20,Fababeans,FABELLE,2023,,
20,Fababeans,FABELLE,2024,,
20,Fababeans,FABELLE,2025,833,1420
20,Fababeans,SNOWBIRD,2021,4025,802
20,Fababeans,SNOWBIRD,2022,3029,2890
20,Fababeans,SNOWBIRD,2023,3515,2716
20,Fababeans,SNOWBIRD,2024,2272,1182
20,Fababeans,SNOWBIRD,2025,1154,1680
20,Lentils - Red,MAXIM CDC,2021,4929,1111
20,Lentils - Red,MAXIM CDC,2022,7172,1440
20,Lentils - Red,MAXIM CDC,2023,2562,1766
20,Lentils - Red,MAXIM CDC,2024,2300,1338
20,Lentils - Red,MAXIM CDC,2025,2291,2568
20,Lentils - Red,NIMBLE,2021,1758,780
20,Lentils - Red,NIMBLE,2022,2661,1620
20,Lentils - Red,NIMBLE,2023,3767,2006
20,Lentils - Red,NIMBLE,2024,7807,1795
20,Lentils - Red,NIMBLE,2025,8127,2297
20,Lentils - Red,PROCLAIM CDC,2021,1647,1023
20,Lentils - Red,PROCLAIM CDC,2022,1311,1382
20,Lentils - Red,PROCLAIM CDC,2023,7760,1986
20,Lentils - Red,PROCLAIM CDC,2024,1719,1466
20,Lentils - Red,PROCLAIM CDC,2025,674,2643
20,Lentils - Red,SIMMIE CDC,2021,466,626
20,Lentils - Red,SIMMIE CDC,2022,,
20,Lentils - Red,SIMMIE CDC,2023,1370,1497
20,Lentils - Red,SIMMIE CDC,2024,3070,1949
20,Lentils - Red,SIMMIE CDC,2025,2411,2802
21,Barley,ADVANTAGE AB,2021,550,47.6
21,Barley,ADVANTAGE AB,2022,,
21,Barley,ADVANTAGE AB,2023,665,81.5
21,Barley,ADVANTAGE AB,2024,1206,82.5
21,Barley,ADVANTAGE AB,2025,471,87.9
21,Barley,AUSTENSON CDC,2021,51043,50.8
21,Barley,AUSTENSON CDC,2022,31336,90.1
21,Barley,AUSTENSON CDC,2023,44808,80.1
21,Barley,AUSTENSON CDC,2024,17314,78.2
21,Barley,AUSTENSON CDC,2025,16315,90.8
21,Barley,CHURCHILL CDC,2021,440,50.6
21,Barley,CHURCHILL CDC,2022,,
21,Barley,CHURCHILL CDC,2023,1243,87.0
21,Barley,CHURCHILL CDC,2024,3189,92.1
21,Barley,CHURCHILL CDC,2025,7991,98.9
21,Barley,CLAYMORE,2021,6772,52.7
21,Barley,CLAYMORE,2022,774,70.2
21,Barley,CLAYMORE,2023,2043,84.4
21,Barley,CLAYMORE,2024,967,66.9
21,Barley,CLAYMORE,2025,1186,77.2
21,Barley,CONNECT AAC,2021,9247,54.2
21,Barley,CONNECT AAC,2022,5572,97.9
21,Barley,CONNECT AAC,2023,9765,82.5
21,Barley,CONNECT AAC,2024,3460,75.8
21,Barley,CONNECT AAC,2025,4963,96.0
21,Barley,COPELAND CDC,2021,28178,46.7
21,Barley,COPELAND CDC,2022,11534,87.6
21,Barley,COPELAND CDC,2023,6361,78.1
21,Barley,COPELAND CDC,2024,5133,82.8
21,Barley,COPELAND CDC,2025,1200,101.1
21,Barley,DURANGO CDC,2021,,
21,Barley,DURANGO CDC,2022,,
21,Barley,DURANGO CDC,2023,,
21,Barley,DURANGO CDC,2024,,
21,Barley,DURANGO CDC,2025,4453,78.8
21,Barley,ESMA,2021,,
21,Barley,ESMA,2022,,
21,Barley,ESMA,2023,485,78.9
21,Barley,ESMA,2024,,
21,Barley,ESMA,2025,869,98.4
21,Barley,FRASER CDC,2021,10333,51.8
21,Barley,FRASER CDC,2022,5168,86.9
21,Barley,FRASER CDC,2023,10926,85.0
21,Barley,FRASER CDC,2024,8041,79.7
21,Barley,FRASER CDC,2025,3477,96.4
21,Barley,LEGACY,2021,1552,46.9
21,Barley,LEGACY,2022,4654,88.3
21,Barley,LEGACY,2023,5005,81.5
21,Barley,LEGACY,2024,2272,77.8
21,Barley,LEGACY,2025,404,65.1
21,Barley,RENEGADE CDC,2021,,
21,Barley,RENEGADE CDC,2022,,
21,Barley,RENEGADE CDC,2023,,
21,Barley,RENEGADE CDC,2024,,
21,Barley,RENEGADE CDC,2025,559,65.6
21,Barley,SYNERGY AAC,2021,14323,53.6
21,Barley,SYNERGY AAC,2022,11441,93.9
21,Barley,SYNERGY AAC,2023,11851,83.4
21,Barley,SYNERGY AAC,2024,11606,89.3
21,Barley,SYNERGY AAC,2025,10824,97.3
21,Canola/Rapeseed,BY 5125CL,2021,2663,15.2
21,Canola/Rapeseed,BY 5125CL,2022,1023,44.2
21,Canola/Rapeseed,BY 5125CL,2023,1085,49.1
21,Canola/Rapeseed,BY 5125CL,2024,,
21,Canola/Rapeseed,BY 5125CL,2025,3675,34.7
21,Canola/Rapeseed,BY 6211TF,2021,,
21,Canola/Rapeseed,BY 6211TF,2022,,
21,Canola/Rapeseed,BY 6211TF,2023,5038,48.1
21,Canola/Rapeseed,BY 6211TF,2024,5055,33.2
21,Canola/Rapeseed,BY 6211TF,2025,3118,43.0
21,Canola/Rapeseed,BY 6214TF,2021,,
21,Canola/Rapeseed,BY 6214TF,2022,,
21,Canola/Rapeseed,BY 6214TF,2023,,
21,Canola/Rapeseed,BY 6214TF,2024,1673,32.9
21,Canola/Rapeseed,BY 6214TF,2025,547,38.7
21,Canola/Rapeseed,BY 6216TF,2021,,
21,Canola/Rapeseed,BY 6216TF,2022,,
21,Canola/Rapeseed,BY 6216TF,2023,,
21,Canola/Rapeseed,BY 6216TF,2024,922,38.0
21,Canola/Rapeseed,BY 6216TF,2025,1592,39.5
21,Canola/Rapeseed,BY 6217TF,2021,,
21,Canola/Rapeseed,BY 6217TF,2022,,
21,Canola/Rapeseed,BY 6217TF,2023,1324,40.7
21,Canola/Rapeseed,BY 6217TF,2024,1126,39.5
21,Canola/Rapeseed,BY 6217TF,2025,3193,29.8
21,Canola/Rapeseed,BY 7204LL,2021,,
21,Canola/Rapeseed,BY 7204LL,2022,,
21,Canola/Rapeseed,BY 7204LL,2023,,
21,Canola/Rapeseed,BY 7204LL,2024,1706,35.6
21,Canola/Rapeseed,BY 7204LL,2025,10348,44.3
21,Canola/Rapeseed,B3019,2021,,
21,Canola/Rapeseed,B3019,2022,,
21,Canola/Rapeseed,B3019,2023,,
21,Canola/Rapeseed,B3019,2024,,
21,Canola/Rapeseed,B3019,2025,1691,46.4
21,Canola/Rapeseed,B3020,2021,,
21,Canola/Rapeseed,B3020,2022,,
21,Canola/Rapeseed,B3020,2023,,
21,Canola/Rapeseed,B3020,2024,,
21,Canola/Rapeseed,B3020,2025,1449,47.6
21,Canola/Rapeseed,B4015,2021,,
21,Canola/Rapeseed,B4015,2022,,
21,Canola/Rapeseed,B4015,2023,,
21,Canola/Rapeseed,B4015,2024,1223,34.2
21,Canola/Rapeseed,B4015,2025,4464,39.1
21,Canola/Rapeseed,CS2700 CL,2021,,
21,Canola/Rapeseed,CS2700 CL,2022,,
21,Canola/Rapeseed,CS2700 CL,2023,,
21,Canola/Rapeseed,CS2700 CL,2024,610,44.7
21,Canola/Rapeseed,CS2700 CL,2025,491,32.2
21,Canola/Rapeseed,CS3000 TF,2021,,
21,Canola/Rapeseed,CS3000 TF,2022,,
21,Canola/Rapeseed,CS3000 TF,2023,6628,52.6
21,Canola/Rapeseed,CS3000 TF,2024,2551,27.1
21,Canola/Rapeseed,CS3000 TF,2025,529,44.3
21,Canola/Rapeseed,CS3200 TF,2021,,
21,Canola/Rapeseed,CS3200 TF,2022,,
21,Canola/Rapeseed,CS3200 TF,2023,,
21,Canola/Rapeseed,CS3200 TF,2024,1238,36.2
21,Canola/Rapeseed,CS3200 TF,2025,2541,45.0
21,Canola/Rapeseed,CS3300 TF,2021,,
21,Canola/Rapeseed,CS3300 TF,2022,,
21,Canola/Rapeseed,CS3300 TF,2023,,
21,Canola/Rapeseed,CS3300 TF,2024,,
21,Canola/Rapeseed,CS3300 TF,2025,2740,49.2
21,Canola/Rapeseed,CS4000 LL,2021,,
21,Canola/Rapeseed,CS4000 LL,2022,5623,45.4
21,Canola/Rapeseed,CS4000 LL,2023,16538,54.1
21,Canola/Rapeseed,CS4000 LL,2024,8156,36.6
21,Canola/Rapeseed,CS4000 LL,2025,8975,45.2
21,Canola/Rapeseed,CS4100 LL,2021,,
21,Canola/Rapeseed,CS4100 LL,2022,,
21,Canola/Rapeseed,CS4100 LL,2023,,
21,Canola/Rapeseed,CS4100 LL,2024,,
21,Canola/Rapeseed,CS4100 LL,2025,4140,38.7
21,Canola/Rapeseed,DK 801 LL,2021,,
21,Canola/Rapeseed,DK 801 LL,2022,,
21,Canola/Rapeseed,DK 801 LL,2023,,
21,Canola/Rapeseed,DK 801 LL,2024,2326,33.8
21,Canola/Rapeseed,DK 801 LL,2025,735,55.1
21,Canola/Rapeseed,DK401TK,2021,,
21,Canola/Rapeseed,DK401TK,2022,,
21,Canola/Rapeseed,DK401TK,2023,,
21,Canola/Rapeseed,DK401TK,2024,,
21,Canola/Rapeseed,DK401TK,2025,1322,47.5
21,Canola/Rapeseed,DK401TL,2021,,
21,Canola/Rapeseed,DK401TL,2022,,
21,Canola/Rapeseed,DK401TL,2023,,
21,Canola/Rapeseed,DK401TL,2024,,
21,Canola/Rapeseed,DK401TL,2025,1765,48.6
21,Canola/Rapeseed,DK800LL,2021,,
21,Canola/Rapeseed,DK800LL,2022,,
21,Canola/Rapeseed,DK800LL,2023,,
21,Canola/Rapeseed,DK800LL,2024,925,38.0
21,Canola/Rapeseed,DK800LL,2025,1516,42.3
21,Canola/Rapeseed,DK900TF,2021,,
21,Canola/Rapeseed,DK900TF,2022,,
21,Canola/Rapeseed,DK900TF,2023,5341,47.7
21,Canola/Rapeseed,DK900TF,2024,20019,38.3
21,Canola/Rapeseed,DK900TF,2025,20047,45.0
21,Canola/Rapeseed,DK902TF,2021,,
21,Canola/Rapeseed,DK902TF,2022,,
21,Canola/Rapeseed,DK902TF,2023,5217,55.1
21,Canola/Rapeseed,DK902TF,2024,15858,37.7
21,Canola/Rapeseed,DK902TF,2025,8670,44.4
21,Canola/Rapeseed,LR354PC,2021,,
21,Canola/Rapeseed,LR354PC,2022,,
21,Canola/Rapeseed,LR354PC,2023,,
21,Canola/Rapeseed,LR354PC,2024,803,38.9
21,Canola/Rapeseed,LR354PC,2025,2659,47.4
21,Canola/Rapeseed,L230,2021,13523,32.5
21,Canola/Rapeseed,L230,2022,660,43.4
21,Canola/Rapeseed,L230,2023,,
21,Canola/Rapeseed,L230,2024,,
21,Canola/Rapeseed,L230,2025,1585,47.3
21,Canola/Rapeseed,L233P,2021,51201,28.3
21,Canola/Rapeseed,L233P,2022,37302,48.2
21,Canola/Rapeseed,L233P,2023,21929,52.3
21,Canola/Rapeseed,L233P,2024,19390,38.4
21,Canola/Rapeseed,L233P,2025,6604,40.6
21,Canola/Rapeseed,L234PC,2021,12175,28.0
21,Canola/Rapeseed,L234PC,2022,9061,47.4
21,Canola/Rapeseed,L234PC,2023,620,47.4
21,Canola/Rapeseed,L234PC,2024,3292,40.7
21,Canola/Rapeseed,L234PC,2025,619,39.0
21,Canola/Rapeseed,L330PC,2021,,
21,Canola/Rapeseed,L330PC,2022,,
21,Canola/Rapeseed,L330PC,2023,,
21,Canola/Rapeseed,L330PC,2024,,
21,Canola/Rapeseed,L330PC,2025,19854,48.5
21,Canola/Rapeseed,L333PC,2021,,
21,Canola/Rapeseed,L333PC,2022,,
21,Canola/Rapeseed,L333PC,2023,,
21,Canola/Rapeseed,L333PC,2024,,
21,Canola/Rapeseed,L333PC,2025,7600,51.2
21,Canola/Rapeseed,L340PC,2021,22305,27.7
21,Canola/Rapeseed,L340PC,2022,55305,54.4
21,Canola/Rapeseed,L340PC,2023,90139,53.4
21,Canola/Rapeseed,L340PC,2024,118418,40.5
21,Canola/Rapeseed,L340PC,2025,117059,48.8
21,Canola/Rapeseed,L343PC,2021,,
21,Canola/Rapeseed,L343PC,2022,6948,51.2
21,Canola/Rapeseed,L343PC,2023,8956,58.6
21,Canola/Rapeseed,L343PC,2024,13884,40.1
21,Canola/Rapeseed,L343PC,2025,10607,52.0
21,Canola/Rapeseed,L345PC,2021,46772,28.3
21,Canola/Rapeseed,L345PC,2022,41404,50.4
21,Canola/Rapeseed,L345PC,2023,31003,53.0
21,Canola/Rapeseed,L345PC,2024,21696,39.5
21,Canola/Rapeseed,L345PC,2025,11600,50.0
21,Canola/Rapeseed,L350PC,2021,,
21,Canola/Rapeseed,L350PC,2022,,
21,Canola/Rapeseed,L350PC,2023,12193,48.8
21,Canola/Rapeseed,L350PC,2024,4262,40.7
21,Canola/Rapeseed,L350PC,2025,5733,57.1
21,Canola/Rapeseed,L356PC,2021,,
21,Canola/Rapeseed,L356PC,2022,7899,51.4
21,Canola/Rapeseed,L356PC,2023,23711,49.9
21,Canola/Rapeseed,L356PC,2024,34491,40.2
21,Canola/Rapeseed,L356PC,2025,25663,49.0
21,Canola/Rapeseed,NC527CRTF,2021,,
21,Canola/Rapeseed,NC527CRTF,2022,,
21,Canola/Rapeseed,NC527CRTF,2023,685,45.2
21,Canola/Rapeseed,NC527CRTF,2024,1295,30.7
21,Canola/Rapeseed,NC527CRTF,2025,765,29.0
21,Canola/Rapeseed,PV 661 LCM,2021,,
21,Canola/Rapeseed,PV 661 LCM,2022,,
21,Canola/Rapeseed,PV 661 LCM,2023,,
21,Canola/Rapeseed,PV 661 LCM,2024,2605,34.6
21,Canola/Rapeseed,PV 661 LCM,2025,4263,40.3
21,Canola/Rapeseed,PV 681 LC,2021,4088,28.9
21,Canola/Rapeseed,PV 681 LC,2022,3044,48.4
21,Canola/Rapeseed,PV 681 LC,2023,1210,51.8
21,Canola/Rapeseed,PV 681 LC,2024,1853,30.7
21,Canola/Rapeseed,PV 681 LC,2025,3186,40.0
21,Canola/Rapeseed,PV 761 TM,2021,4816,29.1
21,Canola/Rapeseed,PV 761 TM,2022,4822,47.4
21,Canola/Rapeseed,PV 761 TM,2023,3638,47.3
21,Canola/Rapeseed,PV 761 TM,2024,1988,37.4
21,Canola/Rapeseed,PV 761 TM,2025,792,36.7
21,Canola/Rapeseed,PV 781 TCM,2021,,
21,Canola/Rapeseed,PV 781 TCM,2022,,
21,Canola/Rapeseed,PV 781 TCM,2023,8057,50.5
21,Canola/Rapeseed,PV 781 TCM,2024,11029,32.1
21,Canola/Rapeseed,PV 781 TCM,2025,7495,41.2
21,Canola/Rapeseed,PV 782 TCN,2021,,
21,Canola/Rapeseed,PV 782 TCN,2022,,
21,Canola/Rapeseed,PV 782 TCN,2023,,
21,Canola/Rapeseed,PV 782 TCN,2024,,
21,Canola/Rapeseed,PV 782 TCN,2025,1109,49.6
21,Canola/Rapeseed,PV661 LCM,2021,,
21,Canola/Rapeseed,PV661 LCM,2022,,
21,Canola/Rapeseed,PV661 LCM,2023,994,47.8
21,Canola/Rapeseed,PV661 LCM,2024,2989,36.0
21,Canola/Rapeseed,PV661 LCM,2025,3237,31.5
21,Canola/Rapeseed,PV783,2021,,
21,Canola/Rapeseed,PV783,2022,,
21,Canola/Rapeseed,PV783,2023,,
21,Canola/Rapeseed,PV783,2024,,
21,Canola/Rapeseed,PV783,2025,3407,45.5
21,Canola/Rapeseed,P1530G,2021,,
21,Canola/Rapeseed,P1530G,2022,,
21,Canola/Rapeseed,P1530G,2023,,
21,Canola/Rapeseed,P1530G,2024,,
21,Canola/Rapeseed,P1530G,2025,1905,45.9
21,Canola/Rapeseed,P1540L,2021,,
21,Canola/Rapeseed,P1540L,2022,,
21,Canola/Rapeseed,P1540L,2023,,
21,Canola/Rapeseed,P1540L,2024,,
21,Canola/Rapeseed,P1540L,2025,2387,47.9
21,Canola/Rapeseed,P505MSL,2021,9983,28.3
21,Canola/Rapeseed,P505MSL,2022,6021,45.8
21,Canola/Rapeseed,P505MSL,2023,13465,52.6
21,Canola/Rapeseed,P505MSL,2024,21544,35.1
21,Canola/Rapeseed,P505MSL,2025,16010,44.7
21,Canola/Rapeseed,P508CL,2021,,
21,Canola/Rapeseed,P508CL,2022,,
21,Canola/Rapeseed,P508CL,2023,,
21,Canola/Rapeseed,P508CL,2024,,
21,Canola/Rapeseed,P508CL,2025,642,26.5
21,Canola/Rapeseed,P508MCL,2021,3585,25.4
21,Canola/Rapeseed,P508MCL,2022,6675,46.3
21,Canola/Rapeseed,P508MCL,2023,1900,49.7
21,Canola/Rapeseed,P508MCL,2024,1710,41.8
21,Canola/Rapeseed,P508MCL,2025,513,39.2
21,Canola/Rapeseed,P510G,2021,,
21,Canola/Rapeseed,P510G,2022,,
21,Canola/Rapeseed,P510G,2023,638,49.2
21,Canola/Rapeseed,P510G,2024,5288,40.5
21,Canola/Rapeseed,P510G,2025,6545,44.8
21,Canola/Rapeseed,P511G,2021,,
21,Canola/Rapeseed,P511G,2022,,
21,Canola/Rapeseed,P511G,2023,715,46.2
21,Canola/Rapeseed,P511G,2024,2134,29.0
21,Canola/Rapeseed,P511G,2025,940,47.8
21,Canola/Rapeseed,P514CL,2021,,
21,Canola/Rapeseed,P514CL,2022,,
21,Canola/Rapeseed,P514CL,2023,5320,44.8
21,Canola/Rapeseed,P514CL,2024,1167,26.5
21,Canola/Rapeseed,P514CL,2025,2206,43.8
21,Canola/Rapeseed,P515G,2021,,
21,Canola/Rapeseed,P515G,2022,,
21,Canola/Rapeseed,P515G,2023,2201,54.4
21,Canola/Rapeseed,P515G,2024,20223,35.9
21,Canola/Rapeseed,P515G,2025,18142,41.5
21,Canola/Rapeseed,P516L,2021,,
21,Canola/Rapeseed,P516L,2022,,
21,Canola/Rapeseed,P516L,2023,2551,48.6
21,Canola/Rapeseed,P516L,2024,10608,40.7
21,Canola/Rapeseed,P516L,2025,6558,45.8
21,Canola/Rapeseed,P519L,2021,,
21,Canola/Rapeseed,P519L,2022,,
21,Canola/Rapeseed,P519L,2023,,
21,Canola/Rapeseed,P519L,2024,,
21,Canola/Rapeseed,P519L,2025,633,44.0
21,Canola/Rapeseed,P520L,2021,,
21,Canola/Rapeseed,P520L,2022,,
21,Canola/Rapeseed,P520L,2023,,
21,Canola/Rapeseed,P520L,2024,502,42.0
21,Canola/Rapeseed,P520L,2025,20664,42.2
21,Canola/Rapeseed,P617SL,2021,,
21,Canola/Rapeseed,P617SL,2022,,
21,Canola/Rapeseed,P617SL,2023,,
21,Canola/Rapeseed,P617SL,2024,,
21,Canola/Rapeseed,P617SL,2025,1341,46.2
21,Canola/Rapeseed,45H37,2021,698,23.5
21,Canola/Rapeseed,45H37,2022,,
21,Canola/Rapeseed,45H37,2023,,
21,Canola/Rapeseed,45H37,2024,,
21,Canola/Rapeseed,45H37,2025,1657,49.4
21,Canola/Rapeseed,45M35,2021,3880,23.4
21,Canola/Rapeseed,45M35,2022,10231,48.9
21,Canola/Rapeseed,45M35,2023,7058,50.2
21,Canola/Rapeseed,45M35,2024,5534,39.3
21,Canola/Rapeseed,45M35,2025,1264,43.8
21,Field Peas,CANARY CDC,2021,539,30.6
21,Field Peas,CANARY CDC,2022,621,54.3
21,Field Peas,CANARY CDC,2023,705,57.3
21,Field Peas,CANARY CDC,2024,1253,31.2
21,Field Peas,CANARY CDC,2025,2147,51.0
21,Field Peas,CARVER AAC,2021,668,33.2
21,Field Peas,CARVER AAC,2022,1229,38.1
21,Field Peas,CARVER AAC,2023,707,33.7
21,Field Peas,CARVER AAC,2024,726,50.5
21,Field Peas,CARVER AAC,2025,1674,53.0
21,Field Peas,FAIRWAY,2021,,
21,Field Peas,FAIRWAY,2022,,
21,Field Peas,FAIRWAY,2023,,
21,Field Peas,FAIRWAY,2024,2276,41.3
21,Field Peas,FAIRWAY,2025,780,56.9
21,Field Peas,JULIUS AAC,2021,,
21,Field Peas,JULIUS AAC,2022,,
21,Field Peas,JULIUS AAC,2023,,
21,Field Peas,JULIUS AAC,2024,,
21,Field Peas,JULIUS AAC,2025,1111,60.4
21,Field Peas,LIMERICK CDC,2021,1249,34.7
21,Field Peas,LIMERICK CDC,2022,924,48.9
21,Field Peas,LIMERICK CDC,2023,,
21,Field Peas,LIMERICK CDC,2024,933,32.4
21,Field Peas,LIMERICK CDC,2025,545,38.3
21,Field Peas,MEADOW CDC,2021,1868,28.3
21,Field Peas,MEADOW CDC,2022,1880,50.6
21,Field Peas,MEADOW CDC,2023,624,57.7
21,Field Peas,MEADOW CDC,2024,995,27.2
21,Field Peas,MEADOW CDC,2025,1316,43.4
21,Field Peas,MOSAIC CDC,2021,,
21,Field Peas,MOSAIC CDC,2022,,
21,Field Peas,MOSAIC CDC,2023,,
21,Field Peas,MOSAIC CDC,2024,565,32.9
21,Field Peas,MOSAIC CDC,2025,837,48.3
21,Field Peas,PROFIT AAC,2021,,
21,Field Peas,PROFIT AAC,2022,,
21,Field Peas,PROFIT AAC,2023,587,44.9
21,Field Peas,PROFIT AAC,2024,2070,51.4
21,Field Peas,PROFIT AAC,2025,2532,57.2
21,Field Peas,RAEZER CDC,2021,5666,32.3
21,Field Peas,RAEZER CDC,2022,2454,52.8
21,Field Peas,RAEZER CDC,2023,2464,33.7
21,Field Peas,RAEZER CDC,2024,1930,51.7
21,Field Peas,RAEZER CDC,2025,2608,47.8
21,Field Peas,RIDER CDC,2021,,
21,Field Peas,RIDER CDC,2022,,
21,Field Peas,RIDER CDC,2023,,
21,Field Peas,RIDER CDC,2024,,
21,Field Peas,RIDER CDC,2025,675,57.7
21,Field Peas,SPECTRUM CDC,2021,5083,32.4
21,Field Peas,SPECTRUM CDC,2022,4375,52.1
21,Field Peas,SPECTRUM CDC,2023,4761,52.1
21,Field Peas,SPECTRUM CDC,2024,3316,49.2
21,Field Peas,SPECTRUM CDC,2025,3688,49.6
21,Field Peas,SPRUCE CDC,2021,6629,30.8
21,Field Peas,SPRUCE CDC,2022,3038,59.2
21,Field Peas,SPRUCE CDC,2023,3200,51.5
21,Field Peas,SPRUCE CDC,2024,4134,45.4
21,Field Peas,SPRUCE CDC,2025,5237,56.2
21,Field Peas,STRIKER CDC,2021,931,21.7
21,Field Peas,STRIKER CDC,2022,551,41.4
21,Field Peas,STRIKER CDC,2023,605,36.7
21,Field Peas,STRIKER CDC,2024,450,51.2
21,Field Peas,STRIKER CDC,2025,929,53.8
21,Field Peas,TOLLEFSON CDC,2021,,
21,Field Peas,TOLLEFSON CDC,2022,,
21,Field Peas,TOLLEFSON CDC,2023,,
21,Field Peas,TOLLEFSON CDC,2024,,
21,Field Peas,TOLLEFSON CDC,2025,543,41.0
21,Flax,GLAS CDC,2021,2143,13.5
21,Flax,GLAS CDC,2022,2619,33.3
21,Flax,GLAS CDC,2023,1093,17.1
21,Flax,GLAS CDC,2024,671,33.9
21,Flax,GLAS CDC,2025,909,28.3
21,Flax,ROWLAND CDC,2021,,
21,Flax,ROWLAND CDC,2022,782,7.8
21,Flax,ROWLAND CDC,2023,,
21,Flax,ROWLAND CDC,2024,,
21,Flax,ROWLAND CDC,2025,1128,18.3
21,IP Canola/Rapeseed,B3017N,2021,,
21,IP Canola/Rapeseed,B3017N,2022,,
21,IP Canola/Rapeseed,B3017N,2023,1595,49.4
21,IP Canola/Rapeseed,B3017N,2024,5603,40.9
21,IP Canola/Rapeseed,B3017N,2025,775,44.4
21,IP Canola/Rapeseed,B3018N,2021,,
21,IP Canola/Rapeseed,B3018N,2022,,
21,IP Canola/Rapeseed,B3018N,2023,,
21,IP Canola/Rapeseed,B3018N,2024,2883,43.4
21,IP Canola/Rapeseed,B3018N,2025,7977,43.5
21,IP Canola/Rapeseed,B3901N,2021,,
21,IP Canola/Rapeseed,B3901N,2022,,
21,IP Canola/Rapeseed,B3901N,2023,,
21,IP Canola/Rapeseed,B3901N,2024,,
21,IP Canola/Rapeseed,B3901N,2025,4490,39.1
21,IP Canola/Rapeseed,B4970N,2021,,
21,IP Canola/Rapeseed,B4970N,2022,,
21,IP Canola/Rapeseed,B4970N,2023,,
21,IP Canola/Rapeseed,B4970N,2024,,
21,IP Canola/Rapeseed,B4970N,2025,881,37.3
21,IP Canola/Rapeseed,EVOLVE,2021,3132,19.8
21,IP Canola/Rapeseed,EVOLVE,2022,1999,34.6
21,IP Canola/Rapeseed,EVOLVE,2023,4940,41.5
21,IP Canola/Rapeseed,EVOLVE,2024,3918,28.3
21,IP Canola/Rapeseed,EVOLVE,2025,3152,35.8
21,IP Canola/Rapeseed,L358HPC,2021,,
21,IP Canola/Rapeseed,L358HPC,2022,,
21,IP Canola/Rapeseed,L358HPC,2023,,
21,IP Canola/Rapeseed,L358HPC,2024,17493,43.8
21,IP Canola/Rapeseed,L358HPC,2025,22557,47.7
21,IP Canola/Rapeseed,V25-3T,2021,4298,29.2
21,IP Canola/Rapeseed,V25-3T,2022,2356,43.3
21,IP Canola/Rapeseed,V25-3T,2023,2398,45.1
21,IP Canola/Rapeseed,V25-3T,2024,2276,35.0
21,IP Canola/Rapeseed,V25-3T,2025,775,34.1
21,IP Canola/Rapeseed,V25-5T,2021,2163,30.5
21,IP Canola/Rapeseed,V25-5T,2022,6191,48.3
21,IP Canola/Rapeseed,V25-5T,2023,4654,43.6
21,IP Canola/Rapeseed,V25-5T,2024,,
21,IP Canola/Rapeseed,V25-5T,2025,1188,41.8
21,IP Canola/Rapeseed,1028 RR,2021,22950,25.0
21,IP Canola/Rapeseed,1028 RR,2022,7397,43.3
21,IP Canola/Rapeseed,1028 RR,2023,3997,51.5
21,IP Canola/Rapeseed,1028 RR,2024,3984,33.9
21,IP Canola/Rapeseed,1028 RR,2025,1401,42.3
21,Oats,ANSON CDC,2021,,
21,Oats,ANSON CDC,2022,,
21,Oats,ANSON CDC,2023,,
21,Oats,ANSON CDC,2024,,
21,Oats,ANSON CDC,2025,6273,122.2
21,Oats,ARBORG CDC,2021,11053,85.2
21,Oats,ARBORG CDC,2022,19716,139.1
21,Oats,ARBORG CDC,2023,11208,112.6
21,Oats,ARBORG CDC,2024,22347,128.3
21,Oats,ARBORG CDC,2025,30717,124.6
21,Oats,CAMDEN CS,2021,54712,72.9
21,Oats,CAMDEN CS,2022,52178,120.1
21,Oats,CAMDEN CS,2023,19383,97.0
21,Oats,CAMDEN CS,2024,25200,114.6
21,Oats,CAMDEN CS,2025,24976,125.0
21,Oats,ENDURE CDC,2021,,
21,Oats,ENDURE CDC,2022,4065,98.9
21,Oats,ENDURE CDC,2023,2556,100.9
21,Oats,ENDURE CDC,2024,6080,99.9
21,Oats,ENDURE CDC,2025,5552,90.0
21,Oats,MORGAN AC,2021,11846,62.0
21,Oats,MORGAN AC,2022,10696,125.9
21,Oats,MORGAN AC,2023,4734,116.8
21,Oats,MORGAN AC,2024,7706,114.8
21,Oats,MORGAN AC,2025,7706,109.6
21,Oats,SUMMIT,2021,5607,53.9
21,Oats,SUMMIT,2022,4788,128.3
21,Oats,SUMMIT,2023,829,104.4
21,Oats,SUMMIT,2024,1719,99.9
21,Oats,SUMMIT,2025,614,91.7
21,Oats,TRIACTOR,2021,6832,62.5
21,Oats,TRIACTOR,2022,3786,140.8
21,Oats,TRIACTOR,2023,1270,110.9
21,Oats,TRIACTOR,2024,1095,125.0
21,Oats,TRIACTOR,2025,4039,136.6
21,Wheat,- Canada Prairie PENHOLD AAC,2021,,
21,Wheat,- Canada Prairie PENHOLD AAC,2022,,
21,Wheat,- Canada Prairie PENHOLD AAC,2023,5392,48.2
21,Wheat,- Canada Prairie PENHOLD AAC,2024,1091,71.3
21,Wheat,- Canada Prairie PENHOLD AAC,2025,797,66.9
21,Wheat,SPARROW KWS,2021,1422,44.4
21,Wheat,SPARROW KWS,2022,,
21,Wheat,SPARROW KWS,2023,,
21,Wheat,SPARROW KWS,2024,513,84.5
21,Wheat,SPARROW KWS,2025,998,89.0
21,Wheat - Hard Red Spring,ALIDA VB AAC,2021,9291,42.8
21,Wheat - Hard Red Spring,ALIDA VB AAC,2022,9498,56.7
21,Wheat - Hard Red Spring,ALIDA VB AAC,2023,8476,57.0
21,Wheat - Hard Red Spring,ALIDA VB AAC,2024,7553,51.1
21,Wheat - Hard Red Spring,ALIDA VB AAC,2025,5351,68.6
21,Wheat - Hard Red Spring,BARRIE AC,2021,,
21,Wheat - Hard Red Spring,BARRIE AC,2022,1377,61.6
21,Wheat - Hard Red Spring,BARRIE AC,2023,,
21,Wheat - Hard Red Spring,BARRIE AC,2024,,
21,Wheat - Hard Red Spring,BARRIE AC,2025,552,57.6
21,Wheat - Hard Red Spring,BRANDON AAC,2021,25225,46.4
21,Wheat - Hard Red Spring,BRANDON AAC,2022,19447,66.7
21,Wheat - Hard Red Spring,BRANDON AAC,2023,9700,55.9
21,Wheat - Hard Red Spring,BRANDON AAC,2024,12352,55.8
21,Wheat - Hard Red Spring,BRANDON AAC,2025,3852,68.6
21,Wheat - Hard Red Spring,BROADACRES AAC,2021,,
21,Wheat - Hard Red Spring,BROADACRES AAC,2022,,
21,Wheat - Hard Red Spring,BROADACRES AAC,2023,956,55.0
21,Wheat - Hard Red Spring,BROADACRES AAC,2024,5113,52.3
21,Wheat - Hard Red Spring,BROADACRES AAC,2025,9874,68.0
21,Wheat - Hard Red Spring,CAMERON AAC,2021,8095,40.5
21,Wheat - Hard Red Spring,CAMERON AAC,2022,11376,64.3
21,Wheat - Hard Red Spring,CAMERON AAC,2023,3786,55.0
21,Wheat - Hard Red Spring,CAMERON AAC,2024,3378,45.6
21,Wheat - Hard Red Spring,CAMERON AAC,2025,1177,53.2
21,Wheat - Hard Red Spring,CARBERRY,2021,1397,25.9
21,Wheat - Hard Red Spring,CARBERRY,2022,1131,33.1
21,Wheat - Hard Red Spring,CARBERRY,2023,704,34.1
21,Wheat - Hard Red Spring,CARBERRY,2024,658,35.6
21,Wheat - Hard Red Spring,CARBERRY,2025,587,44.5
21,Wheat - Hard Red Spring,CARDALE,2021,9434,43.5
21,Wheat - Hard Red Spring,CARDALE,2022,8100,59.3
21,Wheat - Hard Red Spring,CARDALE,2023,7174,55.3
21,Wheat - Hard Red Spring,CARDALE,2024,2756,54.1
21,Wheat - Hard Red Spring,CARDALE,2025,1226,70.3
21,Wheat - Hard Red Spring,ELIE AAC,2021,3584,42.8
21,Wheat - Hard Red Spring,ELIE AAC,2022,2988,55.5
21,Wheat - Hard Red Spring,ELIE AAC,2023,1464,60.5
21,Wheat - Hard Red Spring,ELIE AAC,2024,1281,47.7
21,Wheat - Hard Red Spring,ELIE AAC,2025,1013,50.7
21,Wheat - Hard Red Spring,HOCKLEY AAC,2021,,
21,Wheat - Hard Red Spring,HOCKLEY AAC,2022,,
21,Wheat - Hard Red Spring,HOCKLEY AAC,2023,,
21,Wheat - Hard Red Spring,HOCKLEY AAC,2024,2575,68.6
21,Wheat - Hard Red Spring,HOCKLEY AAC,2025,8971,59.8
21,Wheat - Hard Red Spring,HODGE AAC VB,2021,,
21,Wheat - Hard Red Spring,HODGE AAC VB,2022,510,76.2
21,Wheat - Hard Red Spring,HODGE AAC VB,2023,7417,59.1
21,Wheat - Hard Red Spring,HODGE AAC VB,2024,17577,63.5
21,Wheat - Hard Red Spring,HODGE AAC VB,2025,27369,61.8
21,Wheat - Hard Red Spring,HUGHES CDC VB,2021,8197,34.5
21,Wheat - Hard Red Spring,HUGHES CDC VB,2022,4640,62.5
21,Wheat - Hard Red Spring,HUGHES CDC VB,2023,5303,45.7
21,Wheat - Hard Red Spring,HUGHES CDC VB,2024,1391,63.0
21,Wheat - Hard Red Spring,HUGHES CDC VB,2025,475,73.6
21,Wheat - Hard Red Spring,LANDMARK CDC,2021,42527,42.5
21,Wheat - Hard Red Spring,LANDMARK CDC,2022,38241,63.2
21,Wheat - Hard Red Spring,LANDMARK CDC,2023,27319,59.2
21,Wheat - Hard Red Spring,LANDMARK CDC,2024,21392,56.3
21,Wheat - Hard Red Spring,LANDMARK CDC,2025,19885,64.6
21,Wheat - Hard Red Spring,RUSSELL AAC VB,2021,,
21,Wheat - Hard Red Spring,RUSSELL AAC VB,2022,,
21,Wheat - Hard Red Spring,RUSSELL AAC VB,2023,,
21,Wheat - Hard Red Spring,RUSSELL AAC VB,2024,3808,63.7
21,Wheat - Hard Red Spring,RUSSELL AAC VB,2025,4322,58.0
21,Wheat - Hard Red Spring,STARBUCK AAC VB,2021,18103,40.4
21,Wheat - Hard Red Spring,STARBUCK AAC VB,2022,64856,68.9
21,Wheat - Hard Red Spring,STARBUCK AAC VB,2023,128931,58.9
21,Wheat - Hard Red Spring,STARBUCK AAC VB,2024,119140,60.4
21,Wheat - Hard Red Spring,STARBUCK AAC VB,2025,117593,64.7
21,Wheat - Hard Red Spring,SUCCESSION CLPLUS !,2021,,
21,Wheat - Hard Red Spring,SUCCESSION CLPLUS !,2022,,
21,Wheat - Hard Red Spring,SUCCESSION CLPLUS !,2023,,
21,Wheat - Hard Red Spring,SUCCESSION CLPLUS !,2024,2159,50.3
21,Wheat - Hard Red Spring,SUCCESSION CLPLUS !,2025,828,46.5
21,Wheat - Hard Red Spring,TISDALE AAC,2021,4074,32.7
21,Wheat - Hard Red Spring,TISDALE AAC,2022,3864,45.6
21,Wheat - Hard Red Spring,TISDALE AAC,2023,3357,50.5
21,Wheat - Hard Red Spring,TISDALE AAC,2024,2660,54.8
21,Wheat - Hard Red Spring,TISDALE AAC,2025,1631,54.0
21,Wheat - Hard Red Spring,VIEWFIELD AAC,2021,14489,47.5
21,Wheat - Hard Red Spring,VIEWFIELD AAC,2022,15662,68.8
21,Wheat - Hard Red Spring,VIEWFIELD AAC,2023,35487,73.7
21,Wheat - Hard Red Spring,VIEWFIELD AAC,2024,34970,66.3
21,Wheat - Hard Red Spring,VIEWFIELD AAC,2025,33183,62.6
21,Wheat - Hard Red Spring,WHEATLAND VB AAC,2021,1874,46.6
21,Wheat - Hard Red Spring,WHEATLAND VB AAC,2022,8977,74.1
21,Wheat - Hard Red Spring,WHEATLAND VB AAC,2023,35030,64.1
21,Wheat - Hard Red Spring,WHEATLAND VB AAC,2024,50403,61.6
21,Wheat - Hard Red Spring,WHEATLAND VB AAC,2025,44628,58.8
21,Canary Seed,LUMIO CDC,2021,,
21,Canary Seed,LUMIO CDC,2022,,
21,Canary Seed,LUMIO CDC,2023,,
21,Canary Seed,LUMIO CDC,2024,1038,1272
21,Canary Seed,LUMIO CDC,2025,1307,1272
21,Hemp Grain,FINOLA,2021,1177,196
21,Hemp Grain,FINOLA,2022,2463,635
21,Hemp Grain,FINOLA,2023,,
21,Hemp Grain,FINOLA,2024,573,315
21,Hemp Grain,FINOLA,2025,437,399
22,Barley,ADVANTAGE AB,2021,,
22,Barley,ADVANTAGE AB,2022,599,91.5
22,Barley,ADVANTAGE AB,2023,1200,73.8
22,Barley,ADVANTAGE AB,2024,733,56.9
22,Barley,ADVANTAGE AB,2025,667,75.4
22,Barley,AUSTENSON CDC,2021,26861,37.5
22,Barley,AUSTENSON CDC,2022,21719,76.1
22,Barley,AUSTENSON CDC,2023,17542,73.3
22,Barley,AUSTENSON CDC,2024,14921,69.8
22,Barley,AUSTENSON CDC,2025,8421,75.3
22,Barley,CHURCHILL CDC,2021,,
22,Barley,CHURCHILL CDC,2022,,
22,Barley,CHURCHILL CDC,2023,1605,78.7
22,Barley,CHURCHILL CDC,2024,1651,50.9
22,Barley,CHURCHILL CDC,2025,1132,49.8
22,Barley,CLAYMORE,2021,706,30.3
22,Barley,CLAYMORE,2022,1483,32.9
22,Barley,CLAYMORE,2023,1851,44.4
22,Barley,CLAYMORE,2024,623,56.8
22,Barley,CLAYMORE,2025,665,81.5
22,Barley,CONNECT AAC,2021,2290,52.9
22,Barley,CONNECT AAC,2022,2884,61.8
22,Barley,CONNECT AAC,2023,4346,62.4
22,Barley,CONNECT AAC,2024,3423,64.0
22,Barley,CONNECT AAC,2025,2584,79.7
22,Barley,COPELAND CDC,2021,11043,30.2
22,Barley,COPELAND CDC,2022,8764,52.1
22,Barley,COPELAND CDC,2023,5784,63.3
22,Barley,COPELAND CDC,2024,3729,56.0
22,Barley,COPELAND CDC,2025,774,77.4
22,Barley,DURANGO CDC,2021,,
22,Barley,DURANGO CDC,2022,,
22,Barley,DURANGO CDC,2023,,
22,Barley,DURANGO CDC,2024,,
22,Barley,DURANGO CDC,2025,1462,80.5
22,Barley,FRASER CDC,2021,,
22,Barley,FRASER CDC,2022,465,89.7
22,Barley,FRASER CDC,2023,1870,54.9
22,Barley,FRASER CDC,2024,3004,74.8
22,Barley,FRASER CDC,2025,3584,70.0
22,Barley,GOLDSTAR CDC,2021,,
22,Barley,GOLDSTAR CDC,2022,,
22,Barley,GOLDSTAR CDC,2023,,
22,Barley,GOLDSTAR CDC,2024,,
22,Barley,GOLDSTAR CDC,2025,853,114.2
22,Barley,SYNERGY AAC,2021,9664,31.1
22,Barley,SYNERGY AAC,2022,9163,74.2
22,Barley,SYNERGY AAC,2023,13692,76.3
22,Barley,SYNERGY AAC,2024,11881,77.2
22,Barley,SYNERGY AAC,2025,16725,87.9
22,Canola/Rapeseed,BY 6211TF,2021,,
22,Canola/Rapeseed,BY 6211TF,2022,1548,43.1
22,Canola/Rapeseed,BY 6211TF,2023,11280,32.6
22,Canola/Rapeseed,BY 6211TF,2024,2058,29.2
22,Canola/Rapeseed,BY 6211TF,2025,1937,38.5
22,Canola/Rapeseed,BY 6214TF,2021,,
22,Canola/Rapeseed,BY 6214TF,2022,,
22,Canola/Rapeseed,BY 6214TF,2023,1238,39.4
22,Canola/Rapeseed,BY 6214TF,2024,1317,28.7
22,Canola/Rapeseed,BY 6214TF,2025,2496,43.9
22,Canola/Rapeseed,BY 6216TF,2021,,
22,Canola/Rapeseed,BY 6216TF,2022,,
22,Canola/Rapeseed,BY 6216TF,2023,,
22,Canola/Rapeseed,BY 6216TF,2024,1023,29.1
22,Canola/Rapeseed,BY 6216TF,2025,3501,47.2
22,Canola/Rapeseed,BY 6217TF,2021,,
22,Canola/Rapeseed,BY 6217TF,2022,,
22,Canola/Rapeseed,BY 6217TF,2023,2056,42.0
22,Canola/Rapeseed,BY 6217TF,2024,2977,28.5
22,Canola/Rapeseed,BY 6217TF,2025,7193,51.4
22,Canola/Rapeseed,BY 7204LL,2021,,
22,Canola/Rapeseed,BY 7204LL,2022,,
22,Canola/Rapeseed,BY 7204LL,2023,,
22,Canola/Rapeseed,BY 7204LL,2024,4254,31.3
22,Canola/Rapeseed,BY 7204LL,2025,5290,48.8
22,Canola/Rapeseed,B3016,2021,,
22,Canola/Rapeseed,B3016,2022,,
22,Canola/Rapeseed,B3016,2023,,
22,Canola/Rapeseed,B3016,2024,,
22,Canola/Rapeseed,B3016,2025,532,52.5
22,Canola/Rapeseed,B3019,2021,,
22,Canola/Rapeseed,B3019,2022,,
22,Canola/Rapeseed,B3019,2023,,
22,Canola/Rapeseed,B3019,2024,,
22,Canola/Rapeseed,B3019,2025,1168,53.4
22,Canola/Rapeseed,B3020,2021,,
22,Canola/Rapeseed,B3020,2022,,
22,Canola/Rapeseed,B3020,2023,,
22,Canola/Rapeseed,B3020,2024,,
22,Canola/Rapeseed,B3020,2025,1841,40.6
22,Canola/Rapeseed,CP21L3C,2021,,
22,Canola/Rapeseed,CP21L3C,2022,,
22,Canola/Rapeseed,CP21L3C,2023,,
22,Canola/Rapeseed,CP21L3C,2024,,
22,Canola/Rapeseed,CP21L3C,2025,890,45.9
22,Canola/Rapeseed,CP22T1C,2021,,
22,Canola/Rapeseed,CP22T1C,2022,,
22,Canola/Rapeseed,CP22T1C,2023,,
22,Canola/Rapeseed,CP22T1C,2024,,
22,Canola/Rapeseed,CP22T1C,2025,760,45.9
22,Canola/Rapeseed,CS2600 CRT,2021,,
22,Canola/Rapeseed,CS2600 CRT,2022,,
22,Canola/Rapeseed,CS2600 CRT,2023,,
22,Canola/Rapeseed,CS2600 CRT,2024,,
22,Canola/Rapeseed,CS2600 CRT,2025,1621,47.3
22,Canola/Rapeseed,CS2700 CL,2021,,
22,Canola/Rapeseed,CS2700 CL,2022,,
22,Canola/Rapeseed,CS2700 CL,2023,,
22,Canola/Rapeseed,CS2700 CL,2024,,
22,Canola/Rapeseed,CS2700 CL,2025,810,30.6
22,Canola/Rapeseed,CS3000 TF,2021,,
22,Canola/Rapeseed,CS3000 TF,2022,,
22,Canola/Rapeseed,CS3000 TF,2023,1946,40.0
22,Canola/Rapeseed,CS3000 TF,2024,2949,28.0
22,Canola/Rapeseed,CS3000 TF,2025,2034,48.1
22,Canola/Rapeseed,CS3300 TF,2021,,
22,Canola/Rapeseed,CS3300 TF,2022,,
22,Canola/Rapeseed,CS3300 TF,2023,,
22,Canola/Rapeseed,CS3300 TF,2024,,
22,Canola/Rapeseed,CS3300 TF,2025,4727,46.6
22,Canola/Rapeseed,CS4000 LL,2021,417,15.5
22,Canola/Rapeseed,CS4000 LL,2022,3299,47.4
22,Canola/Rapeseed,CS4000 LL,2023,7620,40.3
22,Canola/Rapeseed,CS4000 LL,2024,6188,31.2
22,Canola/Rapeseed,CS4000 LL,2025,3313,47.6
22,Canola/Rapeseed,CS4100 LL,2021,,
22,Canola/Rapeseed,CS4100 LL,2022,,
22,Canola/Rapeseed,CS4100 LL,2023,,
22,Canola/Rapeseed,CS4100 LL,2024,,
22,Canola/Rapeseed,CS4100 LL,2025,3359,45.9
22,Canola/Rapeseed,DK400TL,2021,,
22,Canola/Rapeseed,DK400TL,2022,,
22,Canola/Rapeseed,DK400TL,2023,,
22,Canola/Rapeseed,DK400TL,2024,1369,36.2
22,Canola/Rapeseed,DK400TL,2025,686,48.9
22,Canola/Rapeseed,DK401TK,2021,,
22,Canola/Rapeseed,DK401TK,2022,,
22,Canola/Rapeseed,DK401TK,2023,,
22,Canola/Rapeseed,DK401TK,2024,,
22,Canola/Rapeseed,DK401TK,2025,8063,53.2
22,Canola/Rapeseed,DK401TL,2021,,
22,Canola/Rapeseed,DK401TL,2022,,
22,Canola/Rapeseed,DK401TL,2023,,
22,Canola/Rapeseed,DK401TL,2024,,
22,Canola/Rapeseed,DK401TL,2025,4294,52.2
22,Canola/Rapeseed,DK800LL,2021,,
22,Canola/Rapeseed,DK800LL,2022,,
22,Canola/Rapeseed,DK800LL,2023,,
22,Canola/Rapeseed,DK800LL,2024,,
22,Canola/Rapeseed,DK800LL,2025,7149,49.6
22,Canola/Rapeseed,DK801LL,2021,,
22,Canola/Rapeseed,DK801LL,2022,,
22,Canola/Rapeseed,DK801LL,2023,,
22,Canola/Rapeseed,DK801LL,2024,,
22,Canola/Rapeseed,DK801LL,2025,1022,58.6
22,Canola/Rapeseed,DK900TF,2021,,
22,Canola/Rapeseed,DK900TF,2022,,
22,Canola/Rapeseed,DK900TF,2023,1897,39.1
22,Canola/Rapeseed,DK900TF,2024,8692,30.9
22,Canola/Rapeseed,DK900TF,2025,6808,49.0
22,Canola/Rapeseed,DK901TF,2021,,
22,Canola/Rapeseed,DK901TF,2022,,
22,Canola/Rapeseed,DK901TF,2023,2351,38.3
22,Canola/Rapeseed,DK901TF,2024,2868,25.1
22,Canola/Rapeseed,DK901TF,2025,1185,46.1
22,Canola/Rapeseed,DK902TF,2021,,
22,Canola/Rapeseed,DK902TF,2022,,
22,Canola/Rapeseed,DK902TF,2023,8523,43.0
22,Canola/Rapeseed,DK902TF,2024,20790,31.0
22,Canola/Rapeseed,DK902TF,2025,8369,49.2
22,Canola/Rapeseed,L233P,2021,22279,15.8
22,Canola/Rapeseed,L233P,2022,17503,31.9
22,Canola/Rapeseed,L233P,2023,12864,32.3
22,Canola/Rapeseed,L233P,2024,5815,28.2
22,Canola/Rapeseed,L233P,2025,2624,43.2
22,Canola/Rapeseed,L330PC,2021,,
22,Canola/Rapeseed,L330PC,2022,,
22,Canola/Rapeseed,L330PC,2023,,
22,Canola/Rapeseed,L330PC,2024,,
22,Canola/Rapeseed,L330PC,2025,6669,50.9
22,Canola/Rapeseed,L333PC,2021,,
22,Canola/Rapeseed,L333PC,2022,,
22,Canola/Rapeseed,L333PC,2023,,
22,Canola/Rapeseed,L333PC,2024,,
22,Canola/Rapeseed,L333PC,2025,2917,55.2
22,Canola/Rapeseed,L340PC,2021,15357,19.8
22,Canola/Rapeseed,L340PC,2022,31065,34.4
22,Canola/Rapeseed,L340PC,2023,36856,38.6
22,Canola/Rapeseed,L340PC,2024,51699,38.5
22,Canola/Rapeseed,L340PC,2025,62043,51.2
22,Canola/Rapeseed,L341PC,2021,,
22,Canola/Rapeseed,L341PC,2022,,
22,Canola/Rapeseed,L341PC,2023,,
22,Canola/Rapeseed,L341PC,2024,,
22,Canola/Rapeseed,L341PC,2025,415,45.5
22,Canola/Rapeseed,L343PC,2021,,
22,Canola/Rapeseed,L343PC,2022,2684,35.0
22,Canola/Rapeseed,L343PC,2023,9455,34.7
22,Canola/Rapeseed,L343PC,2024,7668,29.6
22,Canola/Rapeseed,L343PC,2025,5466,54.6
22,Canola/Rapeseed,L345PC,2021,14585,20.1
22,Canola/Rapeseed,L345PC,2022,9988,43.5
22,Canola/Rapeseed,L345PC,2023,8163,44.3
22,Canola/Rapeseed,L345PC,2024,5665,32.4
22,Canola/Rapeseed,L345PC,2025,2710,50.4
22,Canola/Rapeseed,L350PC,2021,,
22,Canola/Rapeseed,L350PC,2022,,
22,Canola/Rapeseed,L350PC,2023,5074,36.3
22,Canola/Rapeseed,L350PC,2024,3570,37.9
22,Canola/Rapeseed,L350PC,2025,2566,49.9
22,Canola/Rapeseed,L356PC,2021,,
22,Canola/Rapeseed,L356PC,2022,7621,34.3
22,Canola/Rapeseed,L356PC,2023,11438,37.3
22,Canola/Rapeseed,L356PC,2024,29782,34.4
22,Canola/Rapeseed,L356PC,2025,8510,50.1
22,Canola/Rapeseed,PV 661 LCM,2021,,
22,Canola/Rapeseed,PV 661 LCM,2022,,
22,Canola/Rapeseed,PV 661 LCM,2023,,
22,Canola/Rapeseed,PV 661 LCM,2024,1007,40.8
22,Canola/Rapeseed,PV 661 LCM,2025,2202,46.6
22,Canola/Rapeseed,PV 681 LC,2021,2597,18.6
22,Canola/Rapeseed,PV 681 LC,2022,4093,37.9
22,Canola/Rapeseed,PV 681 LC,2023,4110,47.0
22,Canola/Rapeseed,PV 681 LC,2024,4414,30.0
22,Canola/Rapeseed,PV 681 LC,2025,2857,48.9
22,Canola/Rapeseed,PV 760 TM,2021,,
22,Canola/Rapeseed,PV 760 TM,2022,554,27.6
22,Canola/Rapeseed,PV 760 TM,2023,642,34.6
22,Canola/Rapeseed,PV 760 TM,2024,2090,31.3
22,Canola/Rapeseed,PV 760 TM,2025,852,34.8
22,Canola/Rapeseed,PV 781 TCM,2021,,
22,Canola/Rapeseed,PV 781 TCM,2022,,
22,Canola/Rapeseed,PV 781 TCM,2023,1614,35.1
22,Canola/Rapeseed,PV 781 TCM,2024,791,31.3
22,Canola/Rapeseed,PV 781 TCM,2025,755,49.9
22,Canola/Rapeseed,PV661 LCM,2021,,
22,Canola/Rapeseed,PV661 LCM,2022,,
22,Canola/Rapeseed,PV661 LCM,2023,555,25.1
22,Canola/Rapeseed,PV661 LCM,2024,913,31.7
22,Canola/Rapeseed,PV661 LCM,2025,624,38.9
22,Canola/Rapeseed,PV783,2021,,
22,Canola/Rapeseed,PV783,2022,,
22,Canola/Rapeseed,PV783,2023,,
22,Canola/Rapeseed,PV783,2024,,
22,Canola/Rapeseed,PV783,2025,1022,49.0
22,Canola/Rapeseed,P1530G,2021,,
22,Canola/Rapeseed,P1530G,2022,,
22,Canola/Rapeseed,P1530G,2023,,
22,Canola/Rapeseed,P1530G,2024,,
22,Canola/Rapeseed,P1530G,2025,1580,47.4
22,Canola/Rapeseed,P1540L,2021,,
22,Canola/Rapeseed,P1540L,2022,,
22,Canola/Rapeseed,P1540L,2023,,
22,Canola/Rapeseed,P1540L,2024,,
22,Canola/Rapeseed,P1540L,2025,1561,48.9
22,Canola/Rapeseed,P505MSL,2021,5819,17.3
22,Canola/Rapeseed,P505MSL,2022,3293,41.9
22,Canola/Rapeseed,P505MSL,2023,14654,36.5
22,Canola/Rapeseed,P505MSL,2024,17429,31.2
22,Canola/Rapeseed,P505MSL,2025,10273,46.6
22,Canola/Rapeseed,P509L,2021,,
22,Canola/Rapeseed,P509L,2022,9484,35.4
22,Canola/Rapeseed,P509L,2023,5647,31.7
22,Canola/Rapeseed,P509L,2024,3526,31.8
22,Canola/Rapeseed,P509L,2025,982,40.4
22,Canola/Rapeseed,P510G,2021,,
22,Canola/Rapeseed,P510G,2022,,
22,Canola/Rapeseed,P510G,2023,445,33.2
22,Canola/Rapeseed,P510G,2024,5953,31.3
22,Canola/Rapeseed,P510G,2025,3413,49.9
22,Canola/Rapeseed,P514CL,2021,,
22,Canola/Rapeseed,P514CL,2022,,
22,Canola/Rapeseed,P514CL,2023,3146,37.2
22,Canola/Rapeseed,P514CL,2024,1825,25.9
22,Canola/Rapeseed,P514CL,2025,1844,46.3
22,Canola/Rapeseed,P515G,2021,,
22,Canola/Rapeseed,P515G,2022,,
22,Canola/Rapeseed,P515G,2023,,
22,Canola/Rapeseed,P515G,2024,13846,25.1
22,Canola/Rapeseed,P515G,2025,8701,48.5
22,Canola/Rapeseed,P516L,2021,,
22,Canola/Rapeseed,P516L,2022,,
22,Canola/Rapeseed,P516L,2023,1575,29.0
22,Canola/Rapeseed,P516L,2024,12906,29.9
22,Canola/Rapeseed,P516L,2025,4638,52.2
22,Canola/Rapeseed,P519L,2021,,
22,Canola/Rapeseed,P519L,2022,,
22,Canola/Rapeseed,P519L,2023,,
22,Canola/Rapeseed,P519L,2024,,
22,Canola/Rapeseed,P519L,2025,4473,50.8
22,Canola/Rapeseed,P520L,2021,,
22,Canola/Rapeseed,P520L,2022,,
22,Canola/Rapeseed,P520L,2023,,
22,Canola/Rapeseed,P520L,2024,412,43.8
22,Canola/Rapeseed,P520L,2025,15934,49.4
22,Canola/Rapeseed,P612L,2021,,
22,Canola/Rapeseed,P612L,2022,,
22,Canola/Rapeseed,P612L,2023,2863,31.6
22,Canola/Rapeseed,P612L,2024,3796,21.1
22,Canola/Rapeseed,P612L,2025,1633,54.0
22,Canola/Rapeseed,44H44,2021,6938,24.0
22,Canola/Rapeseed,44H44,2022,8028,39.9
22,Canola/Rapeseed,44H44,2023,6704,42.6
22,Canola/Rapeseed,44H44,2024,10392,28.0
22,Canola/Rapeseed,44H44,2025,5788,47.1
22,Canola/Rapeseed,45H42,2021,2609,18.8
22,Canola/Rapeseed,45H42,2022,11184,31.1
22,Canola/Rapeseed,45H42,2023,11827,34.1
22,Canola/Rapeseed,45H42,2024,8700,29.7
22,Canola/Rapeseed,45H42,2025,2011,53.3
22,Canola/Rapeseed,510 VT,2021,,
22,Canola/Rapeseed,510 VT,2022,,
22,Canola/Rapeseed,510 VT,2023,,
22,Canola/Rapeseed,510 VT,2024,,
22,Canola/Rapeseed,510 VT,2025,1030,46.7
22,Field Peas,CARVER AAC,2021,901,19.0
22,Field Peas,CARVER AAC,2022,,
22,Field Peas,CARVER AAC,2023,,
22,Field Peas,CARVER AAC,2024,876,47.5
22,Field Peas,CARVER AAC,2025,1129,51.1
22,Field Peas,CITRINE CDC,2021,,
22,Field Peas,CITRINE CDC,2022,,
22,Field Peas,CITRINE CDC,2023,,
22,Field Peas,CITRINE CDC,2024,,
22,Field Peas,CITRINE CDC,2025,855,59.0
22,Field Peas,FOREST CDC,2021,2111,19.0
22,Field Peas,FOREST CDC,2022,848,34.2
22,Field Peas,FOREST CDC,2023,,
22,Field Peas,FOREST CDC,2024,1308,37.7
22,Field Peas,FOREST CDC,2025,1511,63.8
22,Field Peas,GREENWATER,2021,,
22,Field Peas,GREENWATER,2022,,
22,Field Peas,GREENWATER,2023,,
22,Field Peas,GREENWATER,2024,,
22,Field Peas,GREENWATER,2025,809,47.6
22,Field Peas,JULIUS AAC,2021,,
22,Field Peas,JULIUS AAC,2022,,
22,Field Peas,JULIUS AAC,2023,,
22,Field Peas,JULIUS AAC,2024,,
22,Field Peas,JULIUS AAC,2025,1697,67.6
22,Field Peas,LIMERICK CDC,2021,3038,21.9
22,Field Peas,LIMERICK CDC,2022,2703,39.1
22,Field Peas,LIMERICK CDC,2023,552,50.1
22,Field Peas,LIMERICK CDC,2024,1754,32.0
22,Field Peas,LIMERICK CDC,2025,1734,36.9
22,Field Peas,MAPLE,2021,,
22,Field Peas,MAPLE,2022,,
22,Field Peas,MAPLE,2023,,
22,Field Peas,MAPLE,2024,,
22,Field Peas,MAPLE,2025,707,40.0
22,Field Peas,MEADOW CDC,2021,3023,14.1
22,Field Peas,MEADOW CDC,2022,3517,41.4
22,Field Peas,MEADOW CDC,2023,2423,36.7
22,Field Peas,MEADOW CDC,2024,725,29.0
22,Field Peas,MEADOW CDC,2025,1531,39.3
22,Field Peas,MOSAIC CDC,2021,,
22,Field Peas,MOSAIC CDC,2022,,
22,Field Peas,MOSAIC CDC,2023,,
22,Field Peas,MOSAIC CDC,2024,,
22,Field Peas,MOSAIC CDC,2025,461,22.5
22,Field Peas,PROFIT AAC,2021,,
22,Field Peas,PROFIT AAC,2022,1723,47.1
22,Field Peas,PROFIT AAC,2023,1962,50.6
22,Field Peas,PROFIT AAC,2024,1403,42.3
22,Field Peas,PROFIT AAC,2025,621,39.8
22,Field Peas,SPECTRUM CDC,2021,15005,16.4
22,Field Peas,SPECTRUM CDC,2022,7022,36.2
22,Field Peas,SPECTRUM CDC,2023,7247,38.2
22,Field Peas,SPECTRUM CDC,2024,8064,40.1
22,Field Peas,SPECTRUM CDC,2025,7428,49.2
22,Field Peas,SPRUCE CDC,2021,578,20.2
22,Field Peas,SPRUCE CDC,2022,1260,26.5
22,Field Peas,SPRUCE CDC,2023,,
22,Field Peas,SPRUCE CDC,2024,,
22,Field Peas,SPRUCE CDC,2025,609,39.6
22,Field Peas,STRIKER CDC,2021,2002,21.0
22,Field Peas,STRIKER CDC,2022,779,24.0
22,Field Peas,STRIKER CDC,2023,847,43.1
22,Field Peas,STRIKER CDC,2024,2838,34.0
22,Field Peas,STRIKER CDC,2025,2418,31.8
22,Field Peas,4010,2021,,
22,Field Peas,4010,2022,,
22,Field Peas,4010,2023,,
22,Field Peas,4010,2024,,
22,Field Peas,4010,2025,729,29.6
22,Flax,GLAS CDC,2021,5673,8.4
22,Flax,GLAS CDC,2022,3344,16.6
22,Flax,GLAS CDC,2023,842,16.4
22,Flax,GLAS CDC,2024,541,23.7
22,Flax,GLAS CDC,2025,1170,27.7
22,Flax,ROWLAND CDC,2021,,
22,Flax,ROWLAND CDC,2022,611,23.7
22,Flax,ROWLAND CDC,2023,,
22,Flax,ROWLAND CDC,2024,,
22,Flax,ROWLAND CDC,2025,671,31.7
22,IP Canola/Rapeseed,L358HPC,2021,,
22,IP Canola/Rapeseed,L358HPC,2022,,
22,IP Canola/Rapeseed,L358HPC,2023,,
22,IP Canola/Rapeseed,L358HPC,2024,12881,36.2
22,IP Canola/Rapeseed,L358HPC,2025,8786,40.6
22,IP Canola/Rapeseed,V25-1T,2021,,
22,IP Canola/Rapeseed,V25-1T,2022,,
22,IP Canola/Rapeseed,V25-1T,2023,,
22,IP Canola/Rapeseed,V25-1T,2024,1076,22.0
22,IP Canola/Rapeseed,V25-1T,2025,1681,54.2
22,IP Canola/Rapeseed,V25-3T,2021,546,16.3
22,IP Canola/Rapeseed,V25-3T,2022,7432,25.3
22,IP Canola/Rapeseed,V25-3T,2023,2425,27.4
22,IP Canola/Rapeseed,V25-3T,2024,2113,38.0
22,IP Canola/Rapeseed,V25-3T,2025,4302,54.8
22,IP Canola/Rapeseed,V25-5T,2021,907,9.5
22,IP Canola/Rapeseed,V25-5T,2022,2591,20.1
22,IP Canola/Rapeseed,V25-5T,2023,3982,45.9
22,IP Canola/Rapeseed,V25-5T,2024,1777,40.1
22,IP Canola/Rapeseed,V25-5T,2025,584,41.4
22,IP Canola/Rapeseed,V25-6T,2021,,
22,IP Canola/Rapeseed,V25-6T,2022,,
22,IP Canola/Rapeseed,V25-6T,2023,,
22,IP Canola/Rapeseed,V25-6T,2024,1640,38.8
22,IP Canola/Rapeseed,V25-6T,2025,4358,44.5
22,Oats,ANSON CDC,2021,,
22,Oats,ANSON CDC,2022,,
22,Oats,ANSON CDC,2023,,
22,Oats,ANSON CDC,2024,,
22,Oats,ANSON CDC,2025,1914,106.0
22,Oats,ARBORG CDC,2021,942,34.8
22,Oats,ARBORG CDC,2022,3131,77.9
22,Oats,ARBORG CDC,2023,817,26.1
22,Oats,ARBORG CDC,2024,,
22,Oats,ARBORG CDC,2025,633,91.1
22,Oats,ENDURE CDC,2021,,
22,Oats,ENDURE CDC,2022,527,91.5
22,Oats,ENDURE CDC,2023,2282,99.8
22,Oats,ENDURE CDC,2024,4056,79.9
22,Oats,ENDURE CDC,2025,3063,101.5
22,Oats,MORGAN AC,2021,10008,71.3
22,Oats,MORGAN AC,2022,16120,119.9
22,Oats,MORGAN AC,2023,9155,121.7
22,Oats,MORGAN AC,2024,13090,124.8
22,Oats,MORGAN AC,2025,15321,104.6
22,Oats,SO-1 CDC,2021,751,47.6
22,Oats,SO-1 CDC,2022,1060,113.6
22,Oats,SO-1 CDC,2023,1240,94.3
22,Oats,SO-1 CDC,2024,1061,83.3
22,Oats,SO-1 CDC,2025,1522,110.3
22,Oats,SUMMIT,2021,1352,29.1
22,Oats,SUMMIT,2022,1302,67.3
22,Oats,SUMMIT,2023,1708,49.3
22,Oats,SUMMIT,2024,,
22,Oats,SUMMIT,2025,890,175.7
22,Wheat - Canada Prairie,ACCELERATE CS,2021,,
22,Wheat - Canada Prairie,ACCELERATE CS,2022,,
22,Wheat - Canada Prairie,ACCELERATE CS,2023,725,73.0
22,Wheat - Canada Prairie,ACCELERATE CS,2024,1016,68.2
22,Wheat - Canada Prairie,ACCELERATE CS,2025,678,51.3
22,Wheat - Canada Prairie,ANDREW AC,2021,3030,27.4
22,Wheat - Canada Prairie,ANDREW AC,2022,,
22,Wheat - Canada Prairie,ANDREW AC,2023,2617,43.0
22,Wheat - Canada Prairie,ANDREW AC,2024,2391,41.9
22,Wheat - Canada Prairie,ANDREW AC,2025,1169,55.6
22,Wheat - Canada Prairie,FORAY AAC,2021,9941,30.1
22,Wheat - Canada Prairie,FORAY AAC,2022,7224,57.5
22,Wheat - Canada Prairie,FORAY AAC,2023,7276,52.5
22,Wheat - Canada Prairie,FORAY AAC,2024,5805,50.7
22,Wheat - Canada Prairie,FORAY AAC,2025,6288,69.9
22,Wheat - Canada Prairie,PENHOLD AAC,2021,10032,40.1
22,Wheat - Canada Prairie,PENHOLD AAC,2022,10853,71.7
22,Wheat - Canada Prairie,PENHOLD AAC,2023,15436,72.4
22,Wheat - Canada Prairie,PENHOLD AAC,2024,12638,66.1
22,Wheat - Canada Prairie,PENHOLD AAC,2025,10389,67.1
22,Wheat - Canada Prairie,REIGN CDC,2021,,
22,Wheat - Canada Prairie,REIGN CDC,2022,,
22,Wheat - Canada Prairie,REIGN CDC,2023,632,78.6
22,Wheat - Canada Prairie,REIGN CDC,2024,2596,75.5
22,Wheat - Canada Prairie,REIGN CDC,2025,2740,73.8
22,Wheat - Canada Prairie,RIMBEY AAC,2021,,
22,Wheat - Canada Prairie,RIMBEY AAC,2022,,
22,Wheat - Canada Prairie,RIMBEY AAC,2023,,
22,Wheat - Canada Prairie,RIMBEY AAC,2024,,
22,Wheat - Canada Prairie,RIMBEY AAC,2025,1032,50.9
22,Wheat - Hard Red Spring,ALIDA VB AAC,2021,22089,20.7
22,Wheat - Hard Red Spring,ALIDA VB AAC,2022,19297,39.7
22,Wheat - Hard Red Spring,ALIDA VB AAC,2023,11901,45.6
22,Wheat - Hard Red Spring,ALIDA VB AAC,2024,6704,46.1
22,Wheat - Hard Red Spring,ALIDA VB AAC,2025,2894,60.2
22,Wheat - Hard Red Spring,BOLLES,2021,,
22,Wheat - Hard Red Spring,BOLLES,2022,,
22,Wheat - Hard Red Spring,BOLLES,2023,,
22,Wheat - Hard Red Spring,BOLLES,2024,1045,57.4
22,Wheat - Hard Red Spring,BOLLES,2025,785,55.5
22,Wheat - Hard Red Spring,BRANDON AAC,2021,20225,24.4
22,Wheat - Hard Red Spring,BRANDON AAC,2022,27519,42.0
22,Wheat - Hard Red Spring,BRANDON AAC,2023,26703,41.6
22,Wheat - Hard Red Spring,BRANDON AAC,2024,17783,41.1
22,Wheat - Hard Red Spring,BRANDON AAC,2025,15223,58.4
22,Wheat - Hard Red Spring,BROADACRES AAC,2021,,
22,Wheat - Hard Red Spring,BROADACRES AAC,2022,,
22,Wheat - Hard Red Spring,BROADACRES AAC,2023,1075,42.2
22,Wheat - Hard Red Spring,BROADACRES AAC,2024,3974,43.1
22,Wheat - Hard Red Spring,BROADACRES AAC,2025,7308,51.7
22,Wheat - Hard Red Spring,CARBERRY,2021,1643,13.3
22,Wheat - Hard Red Spring,CARBERRY,2022,2714,35.3
22,Wheat - Hard Red Spring,CARBERRY,2023,1354,25.8
22,Wheat - Hard Red Spring,CARBERRY,2024,995,38.7
22,Wheat - Hard Red Spring,CARBERRY,2025,808,53.6
22,Wheat - Hard Red Spring,GOODEVE AC,2021,1835,28.5
22,Wheat - Hard Red Spring,GOODEVE AC,2022,2003,43.7
22,Wheat - Hard Red Spring,GOODEVE AC,2023,2408,33.8
22,Wheat - Hard Red Spring,GOODEVE AC,2024,3180,41.8
22,Wheat - Hard Red Spring,GOODEVE AC,2025,2436,62.4
22,Wheat - Hard Red Spring,HOCKLEY AAC,2021,,
22,Wheat - Hard Red Spring,HOCKLEY AAC,2022,,
22,Wheat - Hard Red Spring,HOCKLEY AAC,2023,1963,56.0
22,Wheat - Hard Red Spring,HOCKLEY AAC,2024,7631,51.6
22,Wheat - Hard Red Spring,HOCKLEY AAC,2025,16266,60.5
22,Wheat - Hard Red Spring,HODGE AAC VB,2021,,
22,Wheat - Hard Red Spring,HODGE AAC VB,2022,693,43.4
22,Wheat - Hard Red Spring,HODGE AAC VB,2023,5387,58.5
22,Wheat - Hard Red Spring,HODGE AAC VB,2024,14410,51.0
22,Wheat - Hard Red Spring,HODGE AAC VB,2025,9674,64.0
22,Wheat - Hard Red Spring,HUGHES CDC VB,2021,910,21.1
22,Wheat - Hard Red Spring,HUGHES CDC VB,2022,853,41.5
22,Wheat - Hard Red Spring,HUGHES CDC VB,2023,1792,32.1
22,Wheat - Hard Red Spring,HUGHES CDC VB,2024,,
22,Wheat - Hard Red Spring,HUGHES CDC VB,2025,2219,53.6
22,Wheat - Hard Red Spring,INTREPID AC,2021,6855,17.7
22,Wheat - Hard Red Spring,INTREPID AC,2022,5883,38.7
22,Wheat - Hard Red Spring,INTREPID AC,2023,4264,41.9
22,Wheat - Hard Red Spring,INTREPID AC,2024,2619,34.2
22,Wheat - Hard Red Spring,INTREPID AC,2025,1774,45.9
22,Wheat - Hard Red Spring,LANDMARK CDC,2021,26462,24.2
22,Wheat - Hard Red Spring,LANDMARK CDC,2022,25052,42.6
22,Wheat - Hard Red Spring,LANDMARK CDC,2023,20592,41.9
22,Wheat - Hard Red Spring,LANDMARK CDC,2024,9957,46.6
22,Wheat - Hard Red Spring,LANDMARK CDC,2025,8376,56.5
22,Wheat - Hard Red Spring,PLENTIFUL CDC,2021,10721,25.7
22,Wheat - Hard Red Spring,PLENTIFUL CDC,2022,8991,51.1
22,Wheat - Hard Red Spring,PLENTIFUL CDC,2023,5104,45.6
22,Wheat - Hard Red Spring,PLENTIFUL CDC,2024,2611,42.0
22,Wheat - Hard Red Spring,PLENTIFUL CDC,2025,2508,47.1
22,Wheat - Hard Red Spring,REDBERRY AAC,2021,8525,23.6
22,Wheat - Hard Red Spring,REDBERRY AAC,2022,6934,41.9
22,Wheat - Hard Red Spring,REDBERRY AAC,2023,11189,48.1
22,Wheat - Hard Red Spring,REDBERRY AAC,2024,7054,41.2
22,Wheat - Hard Red Spring,REDBERRY AAC,2025,6665,53.8
22,Wheat - Hard Red Spring,RUSSELL AAC VB,2021,,
22,Wheat - Hard Red Spring,RUSSELL AAC VB,2022,,
22,Wheat - Hard Red Spring,RUSSELL AAC VB,2023,,
22,Wheat - Hard Red Spring,RUSSELL AAC VB,2024,4329,45.3
22,Wheat - Hard Red Spring,RUSSELL AAC VB,2025,5555,70.4
22,Wheat - Hard Red Spring,SILAS CDC,2021,,
22,Wheat - Hard Red Spring,SILAS CDC,2022,,
22,Wheat - Hard Red Spring,SILAS CDC,2023,5715,43.7
22,Wheat - Hard Red Spring,SILAS CDC,2024,7595,38.3
22,Wheat - Hard Red Spring,SILAS CDC,2025,807,45.0
22,Wheat - Hard Red Spring,STARBUCK AAC VB,2021,2676,24.6
22,Wheat - Hard Red Spring,STARBUCK AAC VB,2022,5595,34.9
22,Wheat - Hard Red Spring,STARBUCK AAC VB,2023,4190,40.5
22,Wheat - Hard Red Spring,STARBUCK AAC VB,2024,13143,48.8
22,Wheat - Hard Red Spring,STARBUCK AAC VB,2025,12052,56.4
22,Wheat - Hard Red Spring,UTMOST CDC,2021,3200,24.6
22,Wheat - Hard Red Spring,UTMOST CDC,2022,1575,45.0
22,Wheat - Hard Red Spring,UTMOST CDC,2023,1967,41.6
22,Wheat - Hard Red Spring,UTMOST CDC,2024,986,43.2
22,Wheat - Hard Red Spring,UTMOST CDC,2025,826,53.4
22,Wheat - Hard Red Spring,VIEWFIELD AAC,2021,21322,29.1
22,Wheat - Hard Red Spring,VIEWFIELD AAC,2022,37181,51.8
22,Wheat - Hard Red Spring,VIEWFIELD AAC,2023,52204,50.9
22,Wheat - Hard Red Spring,VIEWFIELD AAC,2024,39100,58.8
22,Wheat - Hard Red Spring,VIEWFIELD AAC,2025,53702,61.2
22,Wheat - Hard Red Spring,WESTKING AAC,2021,,
22,Wheat - Hard Red Spring,WESTKING AAC,2022,,
22,Wheat - Hard Red Spring,WESTKING AAC,2023,,
22,Wheat - Hard Red Spring,WESTKING AAC,2024,,
22,Wheat - Hard Red Spring,WESTKING AAC,2025,1859,69.5
22,Wheat - Hard Red Spring,WHEATLAND VB AAC,2021,10512,28.5
22,Wheat - Hard Red Spring,WHEATLAND VB AAC,2022,36642,48.8
22,Wheat - Hard Red Spring,WHEATLAND VB AAC,2023,45445,52.4
22,Wheat - Hard Red Spring,WHEATLAND VB AAC,2024,73488,51.8
22,Wheat - Hard Red Spring,WHEATLAND VB AAC,2025,52427,61.6
22,Lentils - Other,JIMINI CDC CL,2021,,
22,Lentils - Other,JIMINI CDC CL,2022,,
22,Lentils - Other,JIMINI CDC CL,2023,,
22,Lentils - Other,JIMINI CDC CL,2024,,
22,Lentils - Other,JIMINI CDC CL,2025,912,3095
22,Lentils - Red,IMPULSE,2021,1684,617
22,Lentils - Red,IMPULSE,2022,1553,1532
22,Lentils - Red,IMPULSE,2023,976,763
22,Lentils - Red,IMPULSE,2024,2145,1528
22,Lentils - Red,IMPULSE,2025,1483,2582
22,Lentils - Red,MAXIM CDC,2021,4677,606
22,Lentils - Red,MAXIM CDC,2022,2510,1038
22,Lentils - Red,MAXIM CDC,2023,2784,1799
22,Lentils - Red,MAXIM CDC,2024,731,1625
22,Lentils - Red,MAXIM CDC,2025,2067,2194
22,Lentils - Red,NIMBLE,2021,,
22,Lentils - Red,NIMBLE,2022,796,1874
22,Lentils - Red,NIMBLE,2023,2026,2119
22,Lentils - Red,NIMBLE,2024,9222,1495
22,Lentils - Red,NIMBLE,2025,9990,3137
23,Barley,AUSTENSON CDC,2021,32008,41.4
23,Barley,AUSTENSON CDC,2022,16478,78.0
23,Barley,AUSTENSON CDC,2023,21859,86.1
23,Barley,AUSTENSON CDC,2024,14669,66.7
23,Barley,AUSTENSON CDC,2025,9131,53.7
23,Barley,CHURCHILL CDC,2021,,
23,Barley,CHURCHILL CDC,2022,857,77.0
23,Barley,CHURCHILL CDC,2023,1003,104.4
23,Barley,CHURCHILL CDC,2024,1794,69.0
23,Barley,CHURCHILL CDC,2025,2085,61.1
23,Barley,CONNECT AAC,2021,1115,43.3
23,Barley,CONNECT AAC,2022,958,65.7
23,Barley,CONNECT AAC,2023,,
23,Barley,CONNECT AAC,2024,1110,62.5
23,Barley,CONNECT AAC,2025,1410,70.8
23,Barley,COPELAND CDC,2021,5638,33.9
23,Barley,COPELAND CDC,2022,2860,83.1
23,Barley,COPELAND CDC,2023,2146,86.1
23,Barley,COPELAND CDC,2024,1504,56.0
23,Barley,COPELAND CDC,2025,500,49.0
23,Barley,DURANGO CDC,2021,,
23,Barley,DURANGO CDC,2022,,
23,Barley,DURANGO CDC,2023,,
23,Barley,DURANGO CDC,2024,418,78.4
23,Barley,DURANGO CDC,2025,2686,66.8
23,Barley,FRASER CDC,2021,625,30.1
23,Barley,FRASER CDC,2022,960,75.3
23,Barley,FRASER CDC,2023,2899,98.3
23,Barley,FRASER CDC,2024,2365,72.8
23,Barley,FRASER CDC,2025,2909,65.5
23,Barley,METCALFE AC,2021,2054,35.5
23,Barley,METCALFE AC,2022,1456,78.2
23,Barley,METCALFE AC,2023,452,81.8
23,Barley,METCALFE AC,2024,,
23,Barley,METCALFE AC,2025,980,46.7
23,Barley,SYNERGY AAC,2021,3496,42.4
23,Barley,SYNERGY AAC,2022,1603,72.1
23,Barley,SYNERGY AAC,2023,3224,82.1
23,Barley,SYNERGY AAC,2024,2097,65.3
23,Barley,SYNERGY AAC,2025,2211,52.5
23,Canola/Rapeseed,BY 6214TF,2021,,
23,Canola/Rapeseed,BY 6214TF,2022,,
23,Canola/Rapeseed,BY 6214TF,2023,,
23,Canola/Rapeseed,BY 6214TF,2024,2939,29.2
23,Canola/Rapeseed,BY 6214TF,2025,3343,43.3
23,Canola/Rapeseed,BY 6216TF,2021,,
23,Canola/Rapeseed,BY 6216TF,2022,,
23,Canola/Rapeseed,BY 6216TF,2023,,
23,Canola/Rapeseed,BY 6216TF,2024,1947,30.1
23,Canola/Rapeseed,BY 6216TF,2025,1236,34.2
23,Canola/Rapeseed,BY 6217TF,2021,,
23,Canola/Rapeseed,BY 6217TF,2022,,
23,Canola/Rapeseed,BY 6217TF,2023,1689,46.8
23,Canola/Rapeseed,BY 6217TF,2024,970,31.1
23,Canola/Rapeseed,BY 6217TF,2025,5623,32.8
23,Canola/Rapeseed,BY 7204LL,2021,,
23,Canola/Rapeseed,BY 7204LL,2022,,
23,Canola/Rapeseed,BY 7204LL,2023,,
23,Canola/Rapeseed,BY 7204LL,2024,2322,28.2
23,Canola/Rapeseed,BY 7204LL,2025,8224,36.3
23,Canola/Rapeseed,B3010M,2021,11170,23.9
23,Canola/Rapeseed,B3010M,2022,9106,47.1
23,Canola/Rapeseed,B3010M,2023,2274,51.8
23,Canola/Rapeseed,B3010M,2024,1725,30.8
23,Canola/Rapeseed,B3010M,2025,532,26.1
23,Canola/Rapeseed,CP21L3C,2021,,
23,Canola/Rapeseed,CP21L3C,2022,,
23,Canola/Rapeseed,CP21L3C,2023,2248,55.5
23,Canola/Rapeseed,CP21L3C,2024,3321,31.3
23,Canola/Rapeseed,CP21L3C,2025,4786,41.5
23,Canola/Rapeseed,CP22T1C,2021,,
23,Canola/Rapeseed,CP22T1C,2022,,
23,Canola/Rapeseed,CP22T1C,2023,4789,52.1
23,Canola/Rapeseed,CP22T1C,2024,4163,29.6
23,Canola/Rapeseed,CP22T1C,2025,3728,33.6
23,Canola/Rapeseed,CP24L3C,2021,,
23,Canola/Rapeseed,CP24L3C,2022,,
23,Canola/Rapeseed,CP24L3C,2023,,
23,Canola/Rapeseed,CP24L3C,2024,,
23,Canola/Rapeseed,CP24L3C,2025,1569,46.1
23,Canola/Rapeseed,CS3000 TF,2021,,
23,Canola/Rapeseed,CS3000 TF,2022,,
23,Canola/Rapeseed,CS3000 TF,2023,1197,51.1
23,Canola/Rapeseed,CS3000 TF,2024,600,34.7
23,Canola/Rapeseed,CS3000 TF,2025,886,47.0
23,Canola/Rapeseed,CS3300 TF,2021,,
23,Canola/Rapeseed,CS3300 TF,2022,,
23,Canola/Rapeseed,CS3300 TF,2023,,
23,Canola/Rapeseed,CS3300 TF,2024,,
23,Canola/Rapeseed,CS3300 TF,2025,2490,43.1
23,Canola/Rapeseed,CS4000 LL,2021,,
23,Canola/Rapeseed,CS4000 LL,2022,1904,40.7
23,Canola/Rapeseed,CS4000 LL,2023,5832,48.9
23,Canola/Rapeseed,CS4000 LL,2024,3554,28.8
23,Canola/Rapeseed,CS4000 LL,2025,4592,40.8
23,Canola/Rapeseed,CS4100 LL,2021,,
23,Canola/Rapeseed,CS4100 LL,2022,,
23,Canola/Rapeseed,CS4100 LL,2023,,
23,Canola/Rapeseed,CS4100 LL,2024,,
23,Canola/Rapeseed,CS4100 LL,2025,854,30.7
23,Canola/Rapeseed,DK 801 LL,2021,,
23,Canola/Rapeseed,DK 801 LL,2022,,
23,Canola/Rapeseed,DK 801 LL,2023,,
23,Canola/Rapeseed,DK 801 LL,2024,,
23,Canola/Rapeseed,DK 801 LL,2025,1630,41.1
23,Canola/Rapeseed,DK401TK,2021,,
23,Canola/Rapeseed,DK401TK,2022,,
23,Canola/Rapeseed,DK401TK,2023,,
23,Canola/Rapeseed,DK401TK,2024,,
23,Canola/Rapeseed,DK401TK,2025,1902,38.0
23,Canola/Rapeseed,DK401TL,2021,,
23,Canola/Rapeseed,DK401TL,2022,,
23,Canola/Rapeseed,DK401TL,2023,,
23,Canola/Rapeseed,DK401TL,2024,,
23,Canola/Rapeseed,DK401TL,2025,1283,43.7
23,Canola/Rapeseed,DK800LL,2021,,
23,Canola/Rapeseed,DK800LL,2022,,
23,Canola/Rapeseed,DK800LL,2023,,
23,Canola/Rapeseed,DK800LL,2024,,
23,Canola/Rapeseed,DK800LL,2025,2249,42.9
23,Canola/Rapeseed,DK900TF,2021,,
23,Canola/Rapeseed,DK900TF,2022,,
23,Canola/Rapeseed,DK900TF,2023,4928,43.2
23,Canola/Rapeseed,DK900TF,2024,7450,30.1
23,Canola/Rapeseed,DK900TF,2025,5445,36.0
23,Canola/Rapeseed,DK901TF,2021,,
23,Canola/Rapeseed,DK901TF,2022,,
23,Canola/Rapeseed,DK901TF,2023,2314,45.9
23,Canola/Rapeseed,DK901TF,2024,1650,31.4
23,Canola/Rapeseed,DK901TF,2025,1372,37.2
23,Canola/Rapeseed,DK902TF,2021,,
23,Canola/Rapeseed,DK902TF,2022,,
23,Canola/Rapeseed,DK902TF,2023,10781,46.6
23,Canola/Rapeseed,DK902TF,2024,22708,33.6
23,Canola/Rapeseed,DK902TF,2025,16208,38.9
23,Canola/Rapeseed,L234PC,2021,14010,23.2
23,Canola/Rapeseed,L234PC,2022,6838,35.6
23,Canola/Rapeseed,L234PC,2023,3030,52.1
23,Canola/Rapeseed,L234PC,2024,415,35.3
23,Canola/Rapeseed,L234PC,2025,440,16.7
23,Canola/Rapeseed,L330PC,2021,,
23,Canola/Rapeseed,L330PC,2022,,
23,Canola/Rapeseed,L330PC,2023,,
23,Canola/Rapeseed,L330PC,2024,,
23,Canola/Rapeseed,L330PC,2025,6875,38.7
23,Canola/Rapeseed,L333PC,2021,,
23,Canola/Rapeseed,L333PC,2022,,
23,Canola/Rapeseed,L333PC,2023,,
23,Canola/Rapeseed,L333PC,2024,,
23,Canola/Rapeseed,L333PC,2025,8414,44.4
23,Canola/Rapeseed,L340PC,2021,20378,27.8
23,Canola/Rapeseed,L340PC,2022,36028,47.2
23,Canola/Rapeseed,L340PC,2023,48927,51.3
23,Canola/Rapeseed,L340PC,2024,58246,33.3
23,Canola/Rapeseed,L340PC,2025,60534,40.3
23,Canola/Rapeseed,L341PC,2021,,
23,Canola/Rapeseed,L341PC,2022,,
23,Canola/Rapeseed,L341PC,2023,,
23,Canola/Rapeseed,L341PC,2024,,
23,Canola/Rapeseed,L341PC,2025,576,32.8
23,Canola/Rapeseed,L343PC,2021,,
23,Canola/Rapeseed,L343PC,2022,4968,42.5
23,Canola/Rapeseed,L343PC,2023,29668,53.2
23,Canola/Rapeseed,L343PC,2024,28880,31.5
23,Canola/Rapeseed,L343PC,2025,31514,38.3
23,Canola/Rapeseed,L345PC,2021,32628,29.7
23,Canola/Rapeseed,L345PC,2022,49619,46.4
23,Canola/Rapeseed,L345PC,2023,34089,52.2
23,Canola/Rapeseed,L345PC,2024,32409,32.4
23,Canola/Rapeseed,L345PC,2025,9149,35.8
23,Canola/Rapeseed,L356PC,2021,,
23,Canola/Rapeseed,L356PC,2022,9371,47.0
23,Canola/Rapeseed,L356PC,2023,27106,52.2
23,Canola/Rapeseed,L356PC,2024,46308,32.6
23,Canola/Rapeseed,L356PC,2025,42709,37.8
23,Canola/Rapeseed,PV 661 LCM,2021,,
23,Canola/Rapeseed,PV 661 LCM,2022,,
23,Canola/Rapeseed,PV 661 LCM,2023,,
23,Canola/Rapeseed,PV 661 LCM,2024,5027,27.3
23,Canola/Rapeseed,PV 661 LCM,2025,1579,31.1
23,Canola/Rapeseed,PV 681 LC,2021,4873,22.9
23,Canola/Rapeseed,PV 681 LC,2022,2369,44.8
23,Canola/Rapeseed,PV 681 LC,2023,3959,49.9
23,Canola/Rapeseed,PV 681 LC,2024,3797,29.3
23,Canola/Rapeseed,PV 681 LC,2025,2289,40.3
23,Canola/Rapeseed,PV 781 TCM,2021,,
23,Canola/Rapeseed,PV 781 TCM,2022,,
23,Canola/Rapeseed,PV 781 TCM,2023,3015,45.0
23,Canola/Rapeseed,PV 781 TCM,2024,2891,27.2
23,Canola/Rapeseed,PV 781 TCM,2025,2201,20.8
23,Canola/Rapeseed,PV 782 TCN,2021,,
23,Canola/Rapeseed,PV 782 TCN,2022,,
23,Canola/Rapeseed,PV 782 TCN,2023,,
23,Canola/Rapeseed,PV 782 TCN,2024,,
23,Canola/Rapeseed,PV 782 TCN,2025,1236,26.0
23,Canola/Rapeseed,PV661 LCM,2021,,
23,Canola/Rapeseed,PV661 LCM,2022,,
23,Canola/Rapeseed,PV661 LCM,2023,,
23,Canola/Rapeseed,PV661 LCM,2024,,
23,Canola/Rapeseed,PV661 LCM,2025,899,37.4
23,Canola/Rapeseed,PV783,2021,,
23,Canola/Rapeseed,PV783,2022,,
23,Canola/Rapeseed,PV783,2023,,
23,Canola/Rapeseed,PV783,2024,,
23,Canola/Rapeseed,PV783,2025,4315,34.7
23,Canola/Rapeseed,P1530G,2021,,
23,Canola/Rapeseed,P1530G,2022,,
23,Canola/Rapeseed,P1530G,2023,,
23,Canola/Rapeseed,P1530G,2024,,
23,Canola/Rapeseed,P1530G,2025,1970,36.2
23,Canola/Rapeseed,P1540L,2021,,
23,Canola/Rapeseed,P1540L,2022,,
23,Canola/Rapeseed,P1540L,2023,,
23,Canola/Rapeseed,P1540L,2024,,
23,Canola/Rapeseed,P1540L,2025,1063,18.3
23,Canola/Rapeseed,P505MSL,2021,3096,20.6
23,Canola/Rapeseed,P505MSL,2022,1714,45.4
23,Canola/Rapeseed,P505MSL,2023,4321,48.7
23,Canola/Rapeseed,P505MSL,2024,10467,31.6
23,Canola/Rapeseed,P505MSL,2025,6427,29.8
23,Canola/Rapeseed,P509L,2021,,
23,Canola/Rapeseed,P509L,2022,2536,41.5
23,Canola/Rapeseed,P509L,2023,4018,50.2
23,Canola/Rapeseed,P509L,2024,3404,29.3
23,Canola/Rapeseed,P509L,2025,2057,27.8
23,Canola/Rapeseed,P510G,2021,,
23,Canola/Rapeseed,P510G,2022,,
23,Canola/Rapeseed,P510G,2023,,
23,Canola/Rapeseed,P510G,2024,3074,29.8
23,Canola/Rapeseed,P510G,2025,4006,38.2
23,Canola/Rapeseed,P515G,2021,,
23,Canola/Rapeseed,P515G,2022,,
23,Canola/Rapeseed,P515G,2023,1565,50.1
23,Canola/Rapeseed,P515G,2024,3131,30.1
23,Canola/Rapeseed,P515G,2025,7555,44.7
23,Canola/Rapeseed,P516L,2021,,
23,Canola/Rapeseed,P516L,2022,,
23,Canola/Rapeseed,P516L,2023,3105,50.8
23,Canola/Rapeseed,P516L,2024,9829,30.4
23,Canola/Rapeseed,P516L,2025,1059,37.0
23,Canola/Rapeseed,P519L,2021,,
23,Canola/Rapeseed,P519L,2022,,
23,Canola/Rapeseed,P519L,2023,,
23,Canola/Rapeseed,P519L,2024,,
23,Canola/Rapeseed,P519L,2025,6874,34.4
23,Canola/Rapeseed,P520L,2021,,
23,Canola/Rapeseed,P520L,2022,,
23,Canola/Rapeseed,P520L,2023,,
23,Canola/Rapeseed,P520L,2024,,
23,Canola/Rapeseed,P520L,2025,5024,37.9
23,Canola/Rapeseed,44H44,2021,7961,23.1
23,Canola/Rapeseed,44H44,2022,6376,41.6
23,Canola/Rapeseed,44H44,2023,3095,47.8
23,Canola/Rapeseed,44H44,2024,3820,31.3
23,Canola/Rapeseed,44H44,2025,2141,37.1
23,Canola/Rapeseed,45H42,2021,2871,26.4
23,Canola/Rapeseed,45H42,2022,4617,43.6
23,Canola/Rapeseed,45H42,2023,4823,46.3
23,Canola/Rapeseed,45H42,2024,2756,33.6
23,Canola/Rapeseed,45H42,2025,1148,27.9
23,Field Peas,CARVER AAC,2021,2998,25.1
23,Field Peas,CARVER AAC,2022,4798,47.8
23,Field Peas,CARVER AAC,2023,3243,49.5
23,Field Peas,CARVER AAC,2024,2786,34.0
23,Field Peas,CARVER AAC,2025,1036,32.0
23,Field Peas,FOREST CDC,2021,2068,19.7
23,Field Peas,FOREST CDC,2022,2486,45.3
23,Field Peas,FOREST CDC,2023,927,47.1
23,Field Peas,FOREST CDC,2024,684,27.8
23,Field Peas,FOREST CDC,2025,1285,26.8
23,Field Peas,GREENWATER,2021,503,14.8
23,Field Peas,GREENWATER,2022,,
23,Field Peas,GREENWATER,2023,464,45.7
23,Field Peas,GREENWATER,2024,575,32.2
23,Field Peas,GREENWATER,2025,672,38.2
23,Field Peas,JULIUS AAC,2021,,
23,Field Peas,JULIUS AAC,2022,,
23,Field Peas,JULIUS AAC,2023,,
23,Field Peas,JULIUS AAC,2024,,
23,Field Peas,JULIUS AAC,2025,738,40.6
23,Field Peas,LIMERICK CDC,2021,3059,20.3
23,Field Peas,LIMERICK CDC,2022,1618,33.5
23,Field Peas,LIMERICK CDC,2023,2293,43.0
23,Field Peas,LIMERICK CDC,2024,3175,36.0
23,Field Peas,LIMERICK CDC,2025,4502,30.7
23,Field Peas,MOSAIC CDC,2021,,
23,Field Peas,MOSAIC CDC,2022,,
23,Field Peas,MOSAIC CDC,2023,571,36.0
23,Field Peas,MOSAIC CDC,2024,555,34.8
23,Field Peas,MOSAIC CDC,2025,669,33.9
23,Field Peas,PROFIT AAC,2021,,
23,Field Peas,PROFIT AAC,2022,1323,28.0
23,Field Peas,PROFIT AAC,2023,1037,29.7
23,Field Peas,PROFIT AAC,2024,425,39.0
23,Field Peas,PROFIT AAC,2025,712,34.5
23,Field Peas,SPECTRUM CDC,2021,1842,21.2
23,Field Peas,SPECTRUM CDC,2022,1777,54.2
23,Field Peas,SPECTRUM CDC,2023,849,50.0
23,Field Peas,SPECTRUM CDC,2024,1077,34.7
23,Field Peas,SPECTRUM CDC,2025,862,42.0
23,Field Peas,TOLLEFSON CDC,2021,,
23,Field Peas,TOLLEFSON CDC,2022,,
23,Field Peas,TOLLEFSON CDC,2023,,
23,Field Peas,TOLLEFSON CDC,2024,,
23,Field Peas,TOLLEFSON CDC,2025,435,40.0
23,IP Canola/Rapeseed,DK903TF,2021,,
23,IP Canola/Rapeseed,DK903TF,2022,,
23,IP Canola/Rapeseed,DK903TF,2023,,
23,IP Canola/Rapeseed,DK903TF,2024,,
23,IP Canola/Rapeseed,DK903TF,2025,475,27.4
23,IP Canola/Rapeseed,V25-3T,2021,661,27.0
23,IP Canola/Rapeseed,V25-3T,2022,3643,43.9
23,IP Canola/Rapeseed,V25-3T,2023,3845,51.1
23,IP Canola/Rapeseed,V25-3T,2024,2757,30.5
23,IP Canola/Rapeseed,V25-3T,2025,2952,32.0
23,Oats,ANSON CDC,2021,,
23,Oats,ANSON CDC,2022,,
23,Oats,ANSON CDC,2023,,
23,Oats,ANSON CDC,2024,,
23,Oats,ANSON CDC,2025,589,96.1
23,Oats,ARBORG CDC,2021,1469,46.6
23,Oats,ARBORG CDC,2022,2234,115.3
23,Oats,ARBORG CDC,2023,1114,103.7
23,Oats,ARBORG CDC,2024,1396,101.3
23,Oats,ARBORG CDC,2025,4543,85.0
23,Oats,ENDURE CDC,2021,,
23,Oats,ENDURE CDC,2022,1216,148.6
23,Oats,ENDURE CDC,2023,607,138.4
23,Oats,ENDURE CDC,2024,1412,81.4
23,Oats,ENDURE CDC,2025,2086,90.0
23,Oats,MORGAN AC,2021,9639,45.8
23,Oats,MORGAN AC,2022,14315,110.1
23,Oats,MORGAN AC,2023,6316,119.2
23,Oats,MORGAN AC,2024,10899,89.4
23,Oats,MORGAN AC,2025,15047,78.8
23,Oats,NASSER CDC,2021,,
23,Oats,NASSER CDC,2022,,
23,Oats,NASSER CDC,2023,839,117.8
23,Oats,NASSER CDC,2024,,
23,Oats,NASSER CDC,2025,465,78.4
23,Oats,SO-1 CDC,2021,532,45.5
23,Oats,SO-1 CDC,2022,1225,90.5
23,Oats,SO-1 CDC,2023,918,94.9
23,Oats,SO-1 CDC,2024,668,52.9
23,Oats,SO-1 CDC,2025,588,71.8
23,Wheat - Canada Prairie,ANDREW AC,2021,4007,35.0
23,Wheat - Canada Prairie,ANDREW AC,2022,4462,77.5
23,Wheat - Canada Prairie,ANDREW AC,2023,2983,79.7
23,Wheat - Canada Prairie,ANDREW AC,2024,3369,44.4
23,Wheat - Canada Prairie,ANDREW AC,2025,3673,57.3
23,Wheat - Canada Prairie,AWESOME VB AAC,2021,,
23,Wheat - Canada Prairie,AWESOME VB AAC,2022,,
23,Wheat - Canada Prairie,AWESOME VB AAC,2023,,
23,Wheat - Canada Prairie,AWESOME VB AAC,2024,,
23,Wheat - Canada Prairie,AWESOME VB AAC,2025,1400,43.2
23,Wheat - Canada Prairie,FORAY AAC,2021,8247,43.8
23,Wheat - Canada Prairie,FORAY AAC,2022,13671,60.5
23,Wheat - Canada Prairie,FORAY AAC,2023,15356,75.2
23,Wheat - Canada Prairie,FORAY AAC,2024,13672,56.0
23,Wheat - Canada Prairie,FORAY AAC,2025,5242,41.8
23,Wheat - Canada Prairie,PENHOLD AAC,2021,20288,35.5
23,Wheat - Canada Prairie,PENHOLD AAC,2022,16195,63.1
23,Wheat - Canada Prairie,PENHOLD AAC,2023,24935,67.3
23,Wheat - Canada Prairie,PENHOLD AAC,2024,19264,53.5
23,Wheat - Canada Prairie,PENHOLD AAC,2025,14455,38.8
23,Wheat - Canada Prairie,REIGN CDC,2021,,
23,Wheat - Canada Prairie,REIGN CDC,2022,817,49.6
23,Wheat - Canada Prairie,REIGN CDC,2023,2333,68.3
23,Wheat - Canada Prairie,REIGN CDC,2024,2200,28.7
23,Wheat - Canada Prairie,REIGN CDC,2025,2028,26.1
23,Wheat - Canada Prairie,RIMBEY AAC,2021,,
23,Wheat - Canada Prairie,RIMBEY AAC,2022,,
23,Wheat - Canada Prairie,RIMBEY AAC,2023,,
23,Wheat - Canada Prairie,RIMBEY AAC,2024,1300,56.1
23,Wheat - Canada Prairie,RIMBEY AAC,2025,5361,51.0
23,Wheat - Canada Prairie,SADASH,2021,5371,42.7
23,Wheat - Canada Prairie,SADASH,2022,4235,76.7
23,Wheat - Canada Prairie,SADASH,2023,9129,83.2
23,Wheat - Canada Prairie,SADASH,2024,13147,48.6
23,Wheat - Canada Prairie,SADASH,2025,9394,45.0
23,Wheat - Hard Red Spring,BRANDON AAC,2021,12126,35.6
23,Wheat - Hard Red Spring,BRANDON AAC,2022,11300,51.4
23,Wheat - Hard Red Spring,BRANDON AAC,2023,7592,66.1
23,Wheat - Hard Red Spring,BRANDON AAC,2024,3437,45.3
23,Wheat - Hard Red Spring,BRANDON AAC,2025,5194,45.3
23,Wheat - Hard Red Spring,BROADACRES AAC,2021,,
23,Wheat - Hard Red Spring,BROADACRES AAC,2022,,
23,Wheat - Hard Red Spring,BROADACRES AAC,2023,927,62.9
23,Wheat - Hard Red Spring,BROADACRES AAC,2024,1271,37.5
23,Wheat - Hard Red Spring,BROADACRES AAC,2025,2279,34.1
23,Wheat - Hard Red Spring,GABBRO SY,2021,,
23,Wheat - Hard Red Spring,GABBRO SY,2022,674,67.9
23,Wheat - Hard Red Spring,GABBRO SY,2023,785,78.4
23,Wheat - Hard Red Spring,GABBRO SY,2024,674,52.4
23,Wheat - Hard Red Spring,GABBRO SY,2025,785,60.7
23,Wheat - Hard Red Spring,HOCKLEY AAC,2021,,
23,Wheat - Hard Red Spring,HOCKLEY AAC,2022,,
23,Wheat - Hard Red Spring,HOCKLEY AAC,2023,663,68.3
23,Wheat - Hard Red Spring,HOCKLEY AAC,2024,3186,52.4
23,Wheat - Hard Red Spring,HOCKLEY AAC,2025,9852,36.1
23,Wheat - Hard Red Spring,HODGE AAC VB,2021,,
23,Wheat - Hard Red Spring,HODGE AAC VB,2022,,
23,Wheat - Hard Red Spring,HODGE AAC VB,2023,3261,64.4
23,Wheat - Hard Red Spring,HODGE AAC VB,2024,9539,42.1
23,Wheat - Hard Red Spring,HODGE AAC VB,2025,9110,48.3
23,Wheat - Hard Red Spring,HUGHES CDC VB,2021,,
23,Wheat - Hard Red Spring,HUGHES CDC VB,2022,,
23,Wheat - Hard Red Spring,HUGHES CDC VB,2023,,
23,Wheat - Hard Red Spring,HUGHES CDC VB,2024,,
23,Wheat - Hard Red Spring,HUGHES CDC VB,2025,1318,39.9
23,Wheat - Hard Red Spring,LANDMARK CDC,2021,13348,36.0
23,Wheat - Hard Red Spring,LANDMARK CDC,2022,14412,62.5
23,Wheat - Hard Red Spring,LANDMARK CDC,2023,12951,68.7
23,Wheat - Hard Red Spring,LANDMARK CDC,2024,7880,43.2
23,Wheat - Hard Red Spring,LANDMARK CDC,2025,7025,35.8
23,Wheat - Hard Red Spring,PARATA,2021,853,29.5
23,Wheat - Hard Red Spring,PARATA,2022,4801,54.0
23,Wheat - Hard Red Spring,PARATA,2023,4155,59.4
23,Wheat - Hard Red Spring,PARATA,2024,3338,42.5
23,Wheat - Hard Red Spring,PARATA,2025,2165,38.5
23,Wheat - Hard Red Spring,PLENTIFUL CDC,2021,1321,32.4
23,Wheat - Hard Red Spring,PLENTIFUL CDC,2022,3104,58.0
23,Wheat - Hard Red Spring,PLENTIFUL CDC,2023,2356,62.5
23,Wheat - Hard Red Spring,PLENTIFUL CDC,2024,2037,45.6
23,Wheat - Hard Red Spring,PLENTIFUL CDC,2025,1118,36.5
23,Wheat - Hard Red Spring,REDBERRY AAC,2021,13183,34.5
23,Wheat - Hard Red Spring,REDBERRY AAC,2022,14793,52.9
23,Wheat - Hard Red Spring,REDBERRY AAC,2023,9885,56.0
23,Wheat - Hard Red Spring,REDBERRY AAC,2024,9890,39.6
23,Wheat - Hard Red Spring,REDBERRY AAC,2025,5969,40.3
23,Wheat - Hard Red Spring,SHAW,2021,,
23,Wheat - Hard Red Spring,SHAW,2022,2141,72.8
23,Wheat - Hard Red Spring,SHAW,2023,1371,80.4
23,Wheat - Hard Red Spring,SHAW,2024,,
23,Wheat - Hard Red Spring,SHAW,2025,1944,40.4
23,Wheat - Hard Red Spring,SILAS CDC,2021,,
23,Wheat - Hard Red Spring,SILAS CDC,2022,,
23,Wheat - Hard Red Spring,SILAS CDC,2023,1984,67.0
23,Wheat - Hard Red Spring,SILAS CDC,2024,4370,52.2
23,Wheat - Hard Red Spring,SILAS CDC,2025,2299,52.1
23,Wheat - Hard Red Spring,STARBUCK AAC VB,2021,2087,35.0
23,Wheat - Hard Red Spring,STARBUCK AAC VB,2022,4158,71.4
23,Wheat - Hard Red Spring,STARBUCK AAC VB,2023,6235,65.6
23,Wheat - Hard Red Spring,STARBUCK AAC VB,2024,8799,47.0
23,Wheat - Hard Red Spring,STARBUCK AAC VB,2025,2781,48.8
23,Wheat - Hard Red Spring,VIEWFIELD AAC,2021,44225,38.8
23,Wheat - Hard Red Spring,VIEWFIELD AAC,2022,50839,69.1
23,Wheat - Hard Red Spring,VIEWFIELD AAC,2023,61024,72.8
23,Wheat - Hard Red Spring,VIEWFIELD AAC,2024,66627,51.3
23,Wheat - Hard Red Spring,VIEWFIELD AAC,2025,86232,46.1
23,Wheat - Hard Red Spring,WESTKING AAC,2021,,
23,Wheat - Hard Red Spring,WESTKING AAC,2022,,
23,Wheat - Hard Red Spring,WESTKING AAC,2023,,
23,Wheat - Hard Red Spring,WESTKING AAC,2024,,
23,Wheat - Hard Red Spring,WESTKING AAC,2025,534,55.8
23,Wheat - Hard Red Spring,WHEATLAND VB AAC,2021,7239,38.3
23,Wheat - Hard Red Spring,WHEATLAND VB AAC,2022,21605,64.7
23,Wheat - Hard Red Spring,WHEATLAND VB AAC,2023,44192,65.6
23,Wheat - Hard Red Spring,WHEATLAND VB AAC,2024,51340,47.2
23,Wheat - Hard Red Spring,WHEATLAND VB AAC,2025,56921,44.7
23,Wheat - Winter,WILDFIRE AAC,2021,449,28.5
23,Wheat - Winter,WILDFIRE AAC,2022,,
23,Wheat - Winter,WILDFIRE AAC,2023,,
23,Wheat - Winter,WILDFIRE AAC,2024,,
23,Wheat - Winter,WILDFIRE AAC,2025,1194,49.7
23,Fababeans,SNOWBIRD,2021,2873,1221
23,Fababeans,SNOWBIRD,2022,1683,2917
23,Fababeans,SNOWBIRD,2023,1910,2890
23,Fababeans,SNOWBIRD,2024,1166,1530
23,Fababeans,SNOWBIRD,2025,1739,1096
23,Lentils - Red,NIMBLE,2021,,
23,Lentils - Red,NIMBLE,2022,1892,1459
23,Lentils - Red,NIMBLE,2023,,
23,Lentils - Red,NIMBLE,2024,,
23,Lentils - Red,NIMBLE,2025,714,1695
